gene_a	gene_b	weight	abs_weight	edge_type
RSAD2	IFIT1	0.810589	0.810589	positive
DUOX2	DUOXA2	0.940349	0.940349	positive
CCR4	CD28	0.837758	0.837758	positive
CCR4	CTLA4	0.830458	0.830458	positive
CCR4	GPR174	0.828075	0.828075	positive
CCR4	ICOS	0.88325	0.88325	positive
CCR4	IL7R	0.800961	0.800961	positive
CCR4	PTPRC	0.818474	0.818474	positive
CCR4	TIGIT	0.8059	0.8059	positive
MS4A6A	CD84	0.814924	0.814924	positive
MS4A6A	FGL2	0.862931	0.862931	positive
MS4A6A	PTPRC	0.802934	0.802934	positive
MS4A6A	C1ORF162	0.859507	0.859507	positive
MS4A6A	C3AR1	0.895735	0.895735	positive
MS4A6A	CYBB	0.873637	0.873637	positive
MS4A6A	FCGR2A	0.831393	0.831393	positive
MS4A6A	FCGR3A	0.842943	0.842943	positive
MS4A6A	FPR3	0.891311	0.891311	positive
MS4A6A	HAVCR2	0.908878	0.908878	positive
MS4A6A	LAIR1	0.90301	0.90301	positive
MS4A6A	MNDA	0.922823	0.922823	positive
MS4A6A	MS4A4A	0.93677	0.93677	positive
MS4A6A	CCR1	0.8198	0.8198	positive
MS4A6A	CCR2	0.801055	0.801055	positive
MS4A6A	CCR5	0.826063	0.826063	positive
MS4A6A	CD163	0.833857	0.833857	positive
MS4A6A	CD300LF	0.831908	0.831908	positive
MS4A6A	CMKLR1	0.829417	0.829417	positive
MS4A6A	F13A1	0.837426	0.837426	positive
MS4A6A	GIMAP6	0.832687	0.832687	positive
MS4A6A	GPR34	0.851991	0.851991	positive
MS4A6A	IGSF6	0.86361	0.86361	positive
MS4A6A	IL2RA	0.804131	0.804131	positive
MS4A6A	MILR1	0.819129	0.819129	positive
MS4A6A	MPEG1	0.846941	0.846941	positive
MS4A6A	MRC1	0.833207	0.833207	positive
MS4A6A	MS4A7	0.863509	0.863509	positive
MS4A6A	MSR1	0.890227	0.890227	positive
MS4A6A	P2RY13	0.829225	0.829225	positive
MS4A6A	PDCD1LG2	0.827552	0.827552	positive
MS4A6A	PLEK	0.842849	0.842849	positive
MS4A6A	SLCO2B1	0.899913	0.899913	positive
MS4A6A	STX11	0.80657	0.80657	positive
MS4A6A	TLR8	0.861055	0.861055	positive
MS4A6A	TMEM273	0.872975	0.872975	positive
MS4A6A	VSIG4	0.830266	0.830266	positive
ZDHHC11	ZDHHC11B	0.817366	0.817366	positive
RAD51	ANLN	0.856259	0.856259	positive
RAD51	AURKA	0.812579	0.812579	positive
RAD51	AURKB	0.828538	0.828538	positive
RAD51	BIRC5	0.848138	0.848138	positive
RAD51	BUB1	0.842798	0.842798	positive
RAD51	BUB1B	0.910825	0.910825	positive
RAD51	CCNA2	0.893127	0.893127	positive
RAD51	CCNB1	0.840574	0.840574	positive
RAD51	CCNB2	0.894242	0.894242	positive
RAD51	CDC45	0.887302	0.887302	positive
RAD51	CDC6	0.872523	0.872523	positive
RAD51	CDCA3	0.834491	0.834491	positive
RAD51	CDCA5	0.852057	0.852057	positive
RAD51	CDKN3	0.817383	0.817383	positive
RAD51	CENPA	0.845183	0.845183	positive
RAD51	CEP55	0.88885	0.88885	positive
RAD51	DLGAP5	0.831107	0.831107	positive
RAD51	ESPL1	0.815148	0.815148	positive
RAD51	FOXM1	0.852492	0.852492	positive
RAD51	GTSE1	0.841558	0.841558	positive
RAD51	HJURP	0.851202	0.851202	positive
RAD51	HMMR	0.805334	0.805334	positive
RAD51	KIF11	0.841384	0.841384	positive
RAD51	KIF15	0.801232	0.801232	positive
RAD51	KIF20A	0.80509	0.80509	positive
RAD51	KIF23	0.875176	0.875176	positive
RAD51	KIF2C	0.837301	0.837301	positive
RAD51	KIF4A	0.87096	0.87096	positive
RAD51	KIFC1	0.820367	0.820367	positive
RAD51	KPNA2	0.816344	0.816344	positive
RAD51	MAD2L1	0.868935	0.868935	positive
RAD51	MELK	0.855501	0.855501	positive
RAD51	MTFR2	0.890146	0.890146	positive
RAD51	NCAPG	0.851357	0.851357	positive
RAD51	NCAPH	0.86491	0.86491	positive
RAD51	NDC80	0.82932	0.82932	positive
RAD51	ORC1	0.876168	0.876168	positive
RAD51	PKMYT1	0.832603	0.832603	positive
RAD51	PLK1	0.892344	0.892344	positive
RAD51	PLK4	0.823626	0.823626	positive
RAD51	PRR11	0.865721	0.865721	positive
RAD51	CDCA8	0.818495	0.818495	positive
RAD51	CENPW	0.853479	0.853479	positive
RAD51	HROB	0.823978	0.823978	positive
RAD51	MYBL2	0.820063	0.820063	positive
RAD51	NEK2	0.811577	0.811577	positive
RAD51	PBK	0.803368	0.803368	positive
RAD51	PIMREG	0.821584	0.821584	positive
RAD51	RACGAP1	0.861128	0.861128	positive
RAD51	RAD51AP1	0.832603	0.832603	positive
RAD51	RRM2	0.898418	0.898418	positive
RAD51	SHCBP1	0.816066	0.816066	positive
RAD51	SKA1	0.853179	0.853179	positive
RAD51	SKA3	0.882296	0.882296	positive
RAD51	SPAG5	0.827657	0.827657	positive
RAD51	SPC24	0.81708	0.81708	positive
RAD51	SPC25	0.865035	0.865035	positive
RAD51	TOP2A	0.809949	0.809949	positive
RAD51	TPX2	0.854163	0.854163	positive
RAD51	TROAP	0.852891	0.852891	positive
RAD51	TTK	0.874924	0.874924	positive
ADAMTS8	ADH1B	0.852021	0.852021	positive
ADAMTS8	INMT	0.820823	0.820823	positive
ADAMTS8	VEGFD	0.842535	0.842535	positive
SPRR1B	SPRR2D	0.818579	0.818579	positive
FBN1	COL1A2	0.809864	0.809864	positive
FBN1	ITGA11	0.803292	0.803292	positive
FBN1	ITGBL1	0.816935	0.816935	positive
FBN1	ADAMTS12	0.81608	0.81608	positive
FBN1	COL5A2	0.854711	0.854711	positive
FBN1	COL6A3	0.879275	0.879275	positive
FBN1	INHBA	0.823717	0.823717	positive
FBN1	PRRX1	0.802614	0.802614	positive
FBN1	THBS2	0.812405	0.812405	positive
FBN1	VCAN	0.806062	0.806062	positive
FBN1	CDH11	0.875074	0.875074	positive
FBN1	ASPN	0.825094	0.825094	positive
FBN1	BICC1	0.832179	0.832179	positive
FBN1	CCDC80	0.887382	0.887382	positive
FBN1	DACT1	0.823653	0.823653	positive
FBN1	DDR2	0.873793	0.873793	positive
FBN1	FIBIN	0.830804	0.830804	positive
FBN1	GASK1B	0.814021	0.814021	positive
FBN1	HEG1	0.821527	0.821527	positive
FBN1	MSRB3	0.92137	0.92137	positive
FBN1	NEXN	0.816078	0.816078	positive
FBN1	PDGFRA	0.891256	0.891256	positive
FBN1	PLN	0.835892	0.835892	positive
FBN1	VGLL3	0.826548	0.826548	positive
E2F2	AURKB	0.806943	0.806943	positive
E2F2	BIRC5	0.803957	0.803957	positive
E2F2	CDC25A	0.804984	0.804984	positive
E2F2	CDCA5	0.845355	0.845355	positive
E2F2	CENPA	0.830269	0.830269	positive
E2F2	ESPL1	0.854507	0.854507	positive
E2F2	GTSE1	0.824787	0.824787	positive
E2F2	HJURP	0.811618	0.811618	positive
E2F2	KIF11	0.830777	0.830777	positive
E2F2	KIF15	0.824036	0.824036	positive
E2F2	KIF2C	0.803335	0.803335	positive
E2F2	KIF4A	0.801254	0.801254	positive
E2F2	KIFC1	0.837164	0.837164	positive
E2F2	NCAPH	0.826108	0.826108	positive
E2F2	ORC1	0.832761	0.832761	positive
E2F2	RRM2	0.805775	0.805775	positive
E2F2	SKA1	0.829123	0.829123	positive
E2F2	SPAG5	0.854835	0.854835	positive
E2F2	TOP2A	0.837034	0.837034	positive
E2F2	TPX2	0.80264	0.80264	positive
E2F2	CDCA8	0.8314	0.8314	positive
E2F2	E2F1	0.810835	0.810835	positive
E2F2	MYBL2	0.835647	0.835647	positive
E2F2	PIMREG	0.828429	0.828429	positive
E2F2	SAPCD2	0.801729	0.801729	positive
E2F2	TROAP	0.813538	0.813538	positive
E2F2	UBE2S	0.80126	0.80126	positive
E2F2	TIMELESS	0.807832	0.807832	positive
HLA-DOA	ITGAL	0.816727	0.816727	positive
HLA-DOA	HLA-DPB1	0.914431	0.914431	positive
HLA-DOA	HLA-DRA	0.862071	0.862071	positive
HLA-DOA	HLA-DPA1	0.86069	0.86069	positive
HLA-DOA	HLA-DQA1	0.842939	0.842939	positive
DRC1	AKAP14	0.875697	0.875697	positive
DRC1	C11ORF97	0.872208	0.872208	positive
DRC1	C1ORF189	0.874811	0.874811	positive
DRC1	C1ORF194	0.889232	0.889232	positive
DRC1	C20ORF85	0.820002	0.820002	positive
DRC1	C22ORF15	0.861288	0.861288	positive
DRC1	C6	0.839588	0.839588	positive
DRC1	C6ORF118	0.922031	0.922031	positive
DRC1	C9ORF24	0.869696	0.869696	positive
DRC1	CAPSL	0.860433	0.860433	positive
DRC1	CCDC17	0.806825	0.806825	positive
DRC1	CDHR4	0.907001	0.907001	positive
DRC1	CFAP43	0.842039	0.842039	positive
DRC1	CFAP52	0.892259	0.892259	positive
DRC1	CFAP73	0.920096	0.920096	positive
DRC1	CFAP77	0.875638	0.875638	positive
DRC1	CIBAR2	0.838885	0.838885	positive
DRC1	DNAAF1	0.821309	0.821309	positive
DRC1	DNAAF6	0.893115	0.893115	positive
DRC1	DNAI1	0.904001	0.904001	positive
DRC1	DNAI2	0.90591	0.90591	positive
DRC1	EFCAB1	0.860201	0.860201	positive
DRC1	ENKUR	0.882387	0.882387	positive
DRC1	ERICH3	0.854053	0.854053	positive
DRC1	FAM166B	0.862308	0.862308	positive
DRC1	GAS2L2	0.835346	0.835346	positive
DRC1	HOATZ	0.874618	0.874618	positive
DRC1	IL5RA	0.841691	0.841691	positive
DRC1	LRRC46	0.839944	0.839944	positive
DRC1	MORN5	0.924345	0.924345	positive
DRC1	NWD1	0.834383	0.834383	positive
DRC1	PACRG	0.864458	0.864458	positive
DRC1	ROPN1L	0.887026	0.887026	positive
DRC1	RSPH1	0.857975	0.857975	positive
DRC1	RSPH4A	0.910235	0.910235	positive
DRC1	RSPH9	0.816007	0.816007	positive
DRC1	SAXO2	0.839617	0.839617	positive
DRC1	SNTN	0.827382	0.827382	positive
DRC1	STOML3	0.854844	0.854844	positive
DRC1	TEKT1	0.93719	0.93719	positive
DRC1	TTC29	0.851634	0.851634	positive
DRC1	TUBA4B	0.877512	0.877512	positive
DRC1	VWA3A	0.817555	0.817555	positive
DRC1	VWA3B	0.907967	0.907967	positive
DRC1	WDR38	0.903226	0.903226	positive
DRC1	ZMYND10	0.914861	0.914861	positive
DRC1	CCDC173	0.81114	0.81114	positive
DRC1	AK7	0.830108	0.830108	positive
DRC1	CCDC114	0.889186	0.889186	positive
DRC1	C5ORF49	0.882311	0.882311	positive
DRC1	CCDC151	0.830597	0.830597	positive
DRC1	CFAP45	0.89153	0.89153	positive
DRC1	CFAP53	0.854927	0.854927	positive
DRC1	CFAP94	0.886001	0.886001	positive
DRC1	CNGA4	0.814105	0.814105	positive
DRC1	NHLRC4	0.801052	0.801052	positive
DRC1	SPAG8	0.8007	0.8007	positive
DRC1	SPEF1	0.872113	0.872113	positive
DRC1	STMND1	0.831102	0.831102	positive
DRC1	TEKT2	0.8907	0.8907	positive
DRC1	TTC25	0.853101	0.853101	positive
THEM5	C2CD4D	0.807267	0.807267	positive
CD1C	CD1A	0.870136	0.870136	positive
CD1C	CD1B	0.865529	0.865529	positive
CD1C	CD1E	0.939819	0.939819	positive
CD1C	CD207	0.870553	0.870553	positive
CD1C	FCER1A	0.905542	0.905542	positive
CD1C	S100B	0.827439	0.827439	positive
SPATA18	C6	0.84032	0.84032	positive
SPATA18	FAM216B	0.80715	0.80715	positive
SPATA18	NWD1	0.851287	0.851287	positive
SPATA18	VWA3A	0.806602	0.806602	positive
COL6A3	COL1A2	0.910041	0.910041	positive
COL6A3	ITGA11	0.835177	0.835177	positive
COL6A3	ADAM12	0.850594	0.850594	positive
COL6A3	ADAMTS12	0.905264	0.905264	positive
COL6A3	CCN4	0.825366	0.825366	positive
COL6A3	COL12A1	0.862824	0.862824	positive
COL6A3	COL3A1	0.928865	0.928865	positive
COL6A3	COL5A1	0.931991	0.931991	positive
COL6A3	COL5A2	0.930942	0.930942	positive
COL6A3	ADAMTS2	0.864993	0.864993	positive
COL6A3	ANGPTL2	0.852129	0.852129	positive
COL6A3	CCDC80	0.812399	0.812399	positive
COL6A3	CDH11	0.883417	0.883417	positive
COL6A3	FAP	0.842603	0.842603	positive
COL6A3	GREM1	0.811683	0.811683	positive
COL6A3	INHBA	0.889968	0.889968	positive
COL6A3	KIF26B	0.811718	0.811718	positive
COL6A3	LRRC15	0.817587	0.817587	positive
COL6A3	MMP2	0.818513	0.818513	positive
COL6A3	MXRA5	0.835327	0.835327	positive
COL6A3	NID2	0.830629	0.830629	positive
COL6A3	POSTN	0.83605	0.83605	positive
COL6A3	PRRX1	0.80698	0.80698	positive
COL6A3	SULF1	0.858138	0.858138	positive
COL6A3	THBS2	0.908347	0.908347	positive
COL6A3	VCAN	0.851175	0.851175	positive
PLEKHG7	WDR49	0.865977	0.865977	positive
VPREB3	CD19	0.879883	0.879883	positive
VPREB3	TNFRSF13C	0.800011	0.800011	positive
VPREB3	CD79B	0.878389	0.878389	positive
VPREB3	FCRLA	0.83088	0.83088	positive
FAM111B	ARHGAP11A	0.812429	0.812429	positive
FAM111B	BUB1B	0.835495	0.835495	positive
FAM111B	CHEK1	0.85202	0.85202	positive
FAM111B	DLGAP5	0.81286	0.81286	positive
FAM111B	DTL	0.823192	0.823192	positive
FAM111B	KIF15	0.83543	0.83543	positive
FAM111B	KIF23	0.814677	0.814677	positive
FAM111B	KIF4A	0.809084	0.809084	positive
FAM111B	MELK	0.802092	0.802092	positive
FAM111B	MKI67	0.821383	0.821383	positive
FAM111B	NCAPG	0.809962	0.809962	positive
FAM111B	NDC80	0.843916	0.843916	positive
FAM111B	PLK4	0.824136	0.824136	positive
FAM111B	SKA1	0.813118	0.813118	positive
FAM111B	STIL	0.868803	0.868803	positive
FAM111B	TOP2A	0.82965	0.82965	positive
FAM111B	TTK	0.831439	0.831439	positive
FAM111B	UHRF1	0.833834	0.833834	positive
FAM111B	CENPF	0.830104	0.830104	positive
FAM111B	EZH2	0.836362	0.836362	positive
FAM111B	NCAPG2	0.828028	0.828028	positive
SERPING1	MYL9	0.833352	0.833352	positive
SERPING1	BGN	0.816075	0.816075	positive
SERPING1	CD248	0.846858	0.846858	positive
SERPING1	PLVAP	0.801406	0.801406	positive
BUB1B	ANLN	0.878586	0.878586	positive
BUB1B	ARHGAP11A	0.922008	0.922008	positive
BUB1B	AURKA	0.8597	0.8597	positive
BUB1B	AURKB	0.814939	0.814939	positive
BUB1B	BIRC5	0.826273	0.826273	positive
BUB1B	BUB1	0.929387	0.929387	positive
BUB1B	ATAD2	0.815769	0.815769	positive
BUB1B	BLM	0.869315	0.869315	positive
BUB1B	CCNA2	0.917145	0.917145	positive
BUB1B	CCNB1	0.864606	0.864606	positive
BUB1B	CCNB2	0.899978	0.899978	positive
BUB1B	CCNF	0.823129	0.823129	positive
BUB1B	CDC25A	0.874991	0.874991	positive
BUB1B	CDC45	0.868605	0.868605	positive
BUB1B	CDC6	0.90785	0.90785	positive
BUB1B	CDCA3	0.8528	0.8528	positive
BUB1B	CDCA5	0.873273	0.873273	positive
BUB1B	CDCA8	0.832613	0.832613	positive
BUB1B	CDK1	0.842178	0.842178	positive
BUB1B	CDKN3	0.8343	0.8343	positive
BUB1B	CENPA	0.898973	0.898973	positive
BUB1B	CENPF	0.862738	0.862738	positive
BUB1B	CENPU	0.854201	0.854201	positive
BUB1B	CEP55	0.913121	0.913121	positive
BUB1B	CHAF1B	0.801288	0.801288	positive
BUB1B	CHEK1	0.889869	0.889869	positive
BUB1B	CIP2A	0.855514	0.855514	positive
BUB1B	DLGAP5	0.911592	0.911592	positive
BUB1B	DTL	0.889072	0.889072	positive
BUB1B	ECT2	0.800065	0.800065	positive
BUB1B	ESPL1	0.907595	0.907595	positive
BUB1B	EZH2	0.815468	0.815468	positive
BUB1B	FANCA	0.801294	0.801294	positive
BUB1B	FANCI	0.879809	0.879809	positive
BUB1B	FOXM1	0.88535	0.88535	positive
BUB1B	GTSE1	0.886413	0.886413	positive
BUB1B	HASPIN	0.858338	0.858338	positive
BUB1B	HJURP	0.920562	0.920562	positive
BUB1B	HMMR	0.853022	0.853022	positive
BUB1B	HROB	0.850793	0.850793	positive
BUB1B	IQGAP3	0.861513	0.861513	positive
BUB1B	KIF11	0.930615	0.930615	positive
BUB1B	KIF15	0.899131	0.899131	positive
BUB1B	KIF20A	0.856793	0.856793	positive
BUB1B	KIF23	0.94594	0.94594	positive
BUB1B	KIF2C	0.890278	0.890278	positive
BUB1B	KIF4A	0.936804	0.936804	positive
BUB1B	KIFC1	0.86222	0.86222	positive
BUB1B	KPNA2	0.840787	0.840787	positive
BUB1B	LMNB1	0.835451	0.835451	positive
BUB1B	MAD2L1	0.861793	0.861793	positive
BUB1B	MCM4	0.814954	0.814954	positive
BUB1B	MELK	0.897339	0.897339	positive
BUB1B	MKI67	0.908855	0.908855	positive
BUB1B	MTFR2	0.869329	0.869329	positive
BUB1B	MYBL2	0.81997	0.81997	positive
BUB1B	NCAPG	0.929388	0.929388	positive
BUB1B	NCAPG2	0.861021	0.861021	positive
BUB1B	NCAPH	0.915173	0.915173	positive
BUB1B	NDC80	0.918584	0.918584	positive
BUB1B	NEK2	0.872759	0.872759	positive
BUB1B	NUF2	0.857076	0.857076	positive
BUB1B	ORC1	0.927759	0.927759	positive
BUB1B	PBK	0.835187	0.835187	positive
BUB1B	PIMREG	0.828733	0.828733	positive
BUB1B	PKMYT1	0.812816	0.812816	positive
BUB1B	PLK1	0.877957	0.877957	positive
BUB1B	PLK4	0.909256	0.909256	positive
BUB1B	PRR11	0.921099	0.921099	positive
BUB1B	RACGAP1	0.892284	0.892284	positive
BUB1B	RAD51AP1	0.87175	0.87175	positive
BUB1B	RRM2	0.923345	0.923345	positive
BUB1B	SHCBP1	0.824717	0.824717	positive
BUB1B	SKA1	0.917262	0.917262	positive
BUB1B	SKA3	0.918328	0.918328	positive
BUB1B	SPAG5	0.919436	0.919436	positive
BUB1B	SPC25	0.876845	0.876845	positive
BUB1B	STIL	0.852617	0.852617	positive
BUB1B	TACC3	0.831056	0.831056	positive
BUB1B	TOP2A	0.912533	0.912533	positive
BUB1B	TPX2	0.908128	0.908128	positive
BUB1B	TRIP13	0.817023	0.817023	positive
BUB1B	TROAP	0.870116	0.870116	positive
BUB1B	TTK	0.922311	0.922311	positive
BUB1B	UHRF1	0.886384	0.886384	positive
BUB1B	ZWINT	0.827483	0.827483	positive
C1ORF189	AC007906.2	0.854867	0.854867	positive
C1ORF189	AKAP14	0.925447	0.925447	positive
C1ORF189	APOBEC4	0.863326	0.863326	positive
C1ORF189	C11ORF97	0.908043	0.908043	positive
C1ORF189	C1ORF194	0.910758	0.910758	positive
C1ORF189	C20ORF85	0.879771	0.879771	positive
C1ORF189	C22ORF15	0.902925	0.902925	positive
C1ORF189	C5ORF49	0.824364	0.824364	positive
C1ORF189	C6	0.833238	0.833238	positive
C1ORF189	C6ORF118	0.934133	0.934133	positive
C1ORF189	C9ORF24	0.890735	0.890735	positive
C1ORF189	CAPSL	0.916159	0.916159	positive
C1ORF189	CCDC114	0.816142	0.816142	positive
C1ORF189	CCDC17	0.849104	0.849104	positive
C1ORF189	CCDC173	0.828081	0.828081	positive
C1ORF189	CCDC78	0.802081	0.802081	positive
C1ORF189	CDHR3	0.808307	0.808307	positive
C1ORF189	CDHR4	0.914065	0.914065	positive
C1ORF189	CFAP43	0.881618	0.881618	positive
C1ORF189	CFAP45	0.800458	0.800458	positive
C1ORF189	CFAP52	0.908833	0.908833	positive
C1ORF189	CFAP53	0.854907	0.854907	positive
C1ORF189	CFAP73	0.896449	0.896449	positive
C1ORF189	CFAP77	0.864562	0.864562	positive
C1ORF189	CFAP94	0.875901	0.875901	positive
C1ORF189	CIBAR2	0.837562	0.837562	positive
C1ORF189	DNAAF1	0.865395	0.865395	positive
C1ORF189	DNAAF6	0.943504	0.943504	positive
C1ORF189	DNAI1	0.913489	0.913489	positive
C1ORF189	DNAI2	0.898818	0.898818	positive
C1ORF189	DTHD1	0.832295	0.832295	positive
C1ORF189	DYNLRB2	0.876147	0.876147	positive
C1ORF189	ECT2L	0.888229	0.888229	positive
C1ORF189	EFCAB1	0.881659	0.881659	positive
C1ORF189	EFHB	0.857457	0.857457	positive
C1ORF189	ENKUR	0.856854	0.856854	positive
C1ORF189	ERICH3	0.885281	0.885281	positive
C1ORF189	FAM166B	0.863128	0.863128	positive
C1ORF189	FAM183A	0.803958	0.803958	positive
C1ORF189	FAM216B	0.89449	0.89449	positive
C1ORF189	HOATZ	0.923092	0.923092	positive
C1ORF189	IL5RA	0.871277	0.871277	positive
C1ORF189	LRRC46	0.825001	0.825001	positive
C1ORF189	LRRC71	0.801194	0.801194	positive
C1ORF189	MDH1B	0.819814	0.819814	positive
C1ORF189	MORN5	0.890459	0.890459	positive
C1ORF189	MS4A8	0.811851	0.811851	positive
C1ORF189	NWD1	0.863914	0.863914	positive
C1ORF189	PACRG	0.88515	0.88515	positive
C1ORF189	ROPN1L	0.89846	0.89846	positive
C1ORF189	RSPH1	0.832011	0.832011	positive
C1ORF189	RSPH4A	0.919475	0.919475	positive
C1ORF189	RSPH9	0.852067	0.852067	positive
C1ORF189	SAXO2	0.890689	0.890689	positive
C1ORF189	SNTN	0.889245	0.889245	positive
C1ORF189	SPAG8	0.843282	0.843282	positive
C1ORF189	SPEF1	0.820862	0.820862	positive
C1ORF189	STOML3	0.920621	0.920621	positive
C1ORF189	TEKT1	0.93354	0.93354	positive
C1ORF189	TEKT2	0.837452	0.837452	positive
C1ORF189	TSPAN19	0.835325	0.835325	positive
C1ORF189	TTC29	0.917381	0.917381	positive
C1ORF189	TUBA4B	0.885131	0.885131	positive
C1ORF189	VWA3A	0.869513	0.869513	positive
C1ORF189	VWA3B	0.859442	0.859442	positive
C1ORF189	WDR38	0.896936	0.896936	positive
C1ORF189	ZMYND10	0.869596	0.869596	positive
KCNT2	ZEB2	0.834453	0.834453	positive
KCNT2	B3GALT2	0.847836	0.847836	positive
KCNT2	ANGPTL1	0.868113	0.868113	positive
KCNT2	ACKR4	0.805966	0.805966	positive
KCNT2	FGF2	0.855797	0.855797	positive
KCNT2	LIN7A	0.837414	0.837414	positive
KCNT2	LRRN3	0.846832	0.846832	positive
CYP3A5	SULT1B1	0.809549	0.809549	positive
C1ORF194	AC007906.2	0.861676	0.861676	positive
C1ORF194	AKAP14	0.905677	0.905677	positive
C1ORF194	APOBEC4	0.883482	0.883482	positive
C1ORF194	C11ORF97	0.919202	0.919202	positive
C1ORF194	C20ORF85	0.90433	0.90433	positive
C1ORF194	C22ORF15	0.91267	0.91267	positive
C1ORF194	C5ORF49	0.832054	0.832054	positive
C1ORF194	C6	0.854729	0.854729	positive
C1ORF194	C6ORF118	0.925688	0.925688	positive
C1ORF194	C9ORF24	0.930708	0.930708	positive
C1ORF194	CABCOCO1	0.80816	0.80816	positive
C1ORF194	CAPSL	0.907405	0.907405	positive
C1ORF194	CCDC114	0.839623	0.839623	positive
C1ORF194	CCDC17	0.889844	0.889844	positive
C1ORF194	CCDC170	0.802165	0.802165	positive
C1ORF194	CCDC173	0.842641	0.842641	positive
C1ORF194	CDHR3	0.828793	0.828793	positive
C1ORF194	CDHR4	0.935125	0.935125	positive
C1ORF194	CFAP43	0.867901	0.867901	positive
C1ORF194	CFAP52	0.939556	0.939556	positive
C1ORF194	CFAP53	0.818202	0.818202	positive
C1ORF194	CFAP73	0.906557	0.906557	positive
C1ORF194	CFAP77	0.91101	0.91101	positive
C1ORF194	CFAP94	0.852386	0.852386	positive
C1ORF194	CIBAR2	0.877715	0.877715	positive
C1ORF194	CNGA4	0.835046	0.835046	positive
C1ORF194	DNAAF1	0.865125	0.865125	positive
C1ORF194	DNAAF6	0.919478	0.919478	positive
C1ORF194	DNAI1	0.935341	0.935341	positive
C1ORF194	DNAI2	0.90479	0.90479	positive
C1ORF194	DTHD1	0.844402	0.844402	positive
C1ORF194	DYNLRB2	0.863639	0.863639	positive
C1ORF194	ECT2L	0.871533	0.871533	positive
C1ORF194	EFCAB1	0.927564	0.927564	positive
C1ORF194	EFHB	0.812355	0.812355	positive
C1ORF194	ENKUR	0.905927	0.905927	positive
C1ORF194	ERICH3	0.873562	0.873562	positive
C1ORF194	FAM166B	0.905014	0.905014	positive
C1ORF194	FAM216B	0.909474	0.909474	positive
C1ORF194	GAS2L2	0.84085	0.84085	positive
C1ORF194	HOATZ	0.934061	0.934061	positive
C1ORF194	IL5RA	0.863055	0.863055	positive
C1ORF194	LRRC46	0.892287	0.892287	positive
C1ORF194	LRRC71	0.848196	0.848196	positive
C1ORF194	MORN5	0.919154	0.919154	positive
C1ORF194	MS4A8	0.850457	0.850457	positive
C1ORF194	NWD1	0.849328	0.849328	positive
C1ORF194	PACRG	0.884994	0.884994	positive
C1ORF194	PPP1R32	0.805318	0.805318	positive
C1ORF194	ROPN1L	0.893567	0.893567	positive
C1ORF194	RSPH1	0.869275	0.869275	positive
C1ORF194	RSPH4A	0.932742	0.932742	positive
C1ORF194	RSPH9	0.889972	0.889972	positive
C1ORF194	SAXO2	0.916183	0.916183	positive
C1ORF194	SNTN	0.909004	0.909004	positive
C1ORF194	SPAG8	0.841044	0.841044	positive
C1ORF194	SPEF1	0.804562	0.804562	positive
C1ORF194	STOML3	0.900418	0.900418	positive
C1ORF194	TEKT1	0.943651	0.943651	positive
C1ORF194	TEKT2	0.835665	0.835665	positive
C1ORF194	TSPAN19	0.815704	0.815704	positive
C1ORF194	TTC25	0.821767	0.821767	positive
C1ORF194	TTC29	0.881913	0.881913	positive
C1ORF194	TUBA4B	0.937446	0.937446	positive
C1ORF194	VWA3A	0.875915	0.875915	positive
C1ORF194	VWA3B	0.891694	0.891694	positive
C1ORF194	WDR38	0.917703	0.917703	positive
C1ORF194	ZMYND10	0.880725	0.880725	positive
SIGLEC6	MS4A2	0.897986	0.897986	positive
SIGLEC6	SLC18A2	0.808426	0.808426	positive
MCM2	AURKB	0.814575	0.814575	positive
MCM2	BIRC5	0.820324	0.820324	positive
MCM2	CCNB1	0.81123	0.81123	positive
MCM2	CDC45	0.803496	0.803496	positive
MCM2	CDC6	0.816807	0.816807	positive
MCM2	CDCA5	0.872337	0.872337	positive
MCM2	ESPL1	0.81158	0.81158	positive
MCM2	GTSE1	0.830427	0.830427	positive
MCM2	KIF20A	0.804258	0.804258	positive
MCM2	KIF2C	0.819935	0.819935	positive
MCM2	KIF4A	0.824933	0.824933	positive
MCM2	KIFC1	0.858716	0.858716	positive
MCM2	KPNA2	0.806994	0.806994	positive
MCM2	MCM4	0.859569	0.859569	positive
MCM2	NCAPH	0.81555	0.81555	positive
MCM2	ORC1	0.837298	0.837298	positive
MCM2	PKMYT1	0.836108	0.836108	positive
MCM2	TACC3	0.831362	0.831362	positive
MCM2	TOP2A	0.818063	0.818063	positive
MCM2	TPX2	0.830043	0.830043	positive
MCM2	UHRF1	0.813536	0.813536	positive
MCM2	RACGAP1	0.804282	0.804282	positive
MCM2	ASF1B	0.82207	0.82207	positive
MCM2	CDC20	0.846867	0.846867	positive
MCM2	CDCA8	0.818804	0.818804	positive
MCM2	CDT1	0.85792	0.85792	positive
MCM2	E2F1	0.860982	0.860982	positive
MCM2	KIF3C	0.829113	0.829113	positive
MCM2	CHAF1B	0.835282	0.835282	positive
MCM2	HROB	0.802288	0.802288	positive
MCM2	MYBL2	0.839951	0.839951	positive
MCM2	PIMREG	0.849851	0.849851	positive
MCM2	TEDC2	0.844384	0.844384	positive
MCM2	TIMELESS	0.863338	0.863338	positive
MCM2	UBE2S	0.806625	0.806625	positive
MCM2	ZWINT	0.833553	0.833553	positive
POU2AF1	TNFRSF17	0.828996	0.828996	positive
POU2AF1	LAX1	0.851607	0.851607	positive
POU2AF1	FCRL5	0.840584	0.840584	positive
POU2AF1	PNOC	0.807952	0.807952	positive
LOXL1	MFAP2	0.824672	0.824672	positive
AOC3	A2M	0.828882	0.828882	positive
AOC3	LMOD1	0.877851	0.877851	positive
AOC3	SPARCL1	0.806367	0.806367	positive
NCAPG	ANLN	0.871192	0.871192	positive
NCAPG	ARHGAP11A	0.894036	0.894036	positive
NCAPG	AURKA	0.896049	0.896049	positive
NCAPG	AURKB	0.855445	0.855445	positive
NCAPG	BIRC5	0.845209	0.845209	positive
NCAPG	BUB1	0.95342	0.95342	positive
NCAPG	CCNA2	0.956859	0.956859	positive
NCAPG	CCNB1	0.877582	0.877582	positive
NCAPG	CCNB2	0.917608	0.917608	positive
NCAPG	CDC25A	0.891593	0.891593	positive
NCAPG	CDC45	0.866387	0.866387	positive
NCAPG	CDC6	0.894096	0.894096	positive
NCAPG	CDCA3	0.872096	0.872096	positive
NCAPG	CDCA5	0.868004	0.868004	positive
NCAPG	CDK1	0.867372	0.867372	positive
NCAPG	CDKN3	0.860689	0.860689	positive
NCAPG	CENPA	0.927044	0.927044	positive
NCAPG	CENPU	0.883301	0.883301	positive
NCAPG	CEP55	0.920844	0.920844	positive
NCAPG	CHEK1	0.881784	0.881784	positive
NCAPG	CIP2A	0.875477	0.875477	positive
NCAPG	DLGAP5	0.906384	0.906384	positive
NCAPG	DTL	0.880046	0.880046	positive
NCAPG	ESPL1	0.911761	0.911761	positive
NCAPG	FOXM1	0.873796	0.873796	positive
NCAPG	GTSE1	0.885136	0.885136	positive
NCAPG	HJURP	0.935304	0.935304	positive
NCAPG	HMMR	0.894224	0.894224	positive
NCAPG	IQGAP3	0.849405	0.849405	positive
NCAPG	KIF11	0.92233	0.92233	positive
NCAPG	KIF15	0.92421	0.92421	positive
NCAPG	KIF20A	0.871535	0.871535	positive
NCAPG	KIF23	0.931188	0.931188	positive
NCAPG	KIF2C	0.912402	0.912402	positive
NCAPG	KIF4A	0.932458	0.932458	positive
NCAPG	KIFC1	0.839221	0.839221	positive
NCAPG	KPNA2	0.86619	0.86619	positive
NCAPG	MAD2L1	0.898548	0.898548	positive
NCAPG	MCM4	0.843027	0.843027	positive
NCAPG	MELK	0.932161	0.932161	positive
NCAPG	MKI67	0.896224	0.896224	positive
NCAPG	MTFR2	0.872403	0.872403	positive
NCAPG	ATAD2	0.870931	0.870931	positive
NCAPG	BLM	0.829011	0.829011	positive
NCAPG	CCNF	0.858515	0.858515	positive
NCAPG	CDCA8	0.837574	0.837574	positive
NCAPG	CENPF	0.853759	0.853759	positive
NCAPG	CENPW	0.800247	0.800247	positive
NCAPG	DSCC1	0.844775	0.844775	positive
NCAPG	EZH2	0.820612	0.820612	positive
NCAPG	FANCA	0.814729	0.814729	positive
NCAPG	FANCI	0.864493	0.864493	positive
NCAPG	GINS1	0.822026	0.822026	positive
NCAPG	HASPIN	0.868684	0.868684	positive
NCAPG	LMNB1	0.847067	0.847067	positive
NCAPG	MYBL2	0.83641	0.83641	positive
NCAPG	NCAPG2	0.825141	0.825141	positive
NCAPG	NCAPH	0.930125	0.930125	positive
NCAPG	NDC80	0.935193	0.935193	positive
NCAPG	NEK2	0.884263	0.884263	positive
NCAPG	NUF2	0.876557	0.876557	positive
NCAPG	ORC1	0.916393	0.916393	positive
NCAPG	ORC6	0.84578	0.84578	positive
NCAPG	PBK	0.820032	0.820032	positive
NCAPG	PIMREG	0.853618	0.853618	positive
NCAPG	PKMYT1	0.810173	0.810173	positive
NCAPG	PLK1	0.881695	0.881695	positive
NCAPG	PLK4	0.923048	0.923048	positive
NCAPG	PRR11	0.918307	0.918307	positive
NCAPG	RACGAP1	0.90605	0.90605	positive
NCAPG	RAD51AP1	0.89603	0.89603	positive
NCAPG	RRM2	0.906724	0.906724	positive
NCAPG	SHCBP1	0.862232	0.862232	positive
NCAPG	SKA1	0.915304	0.915304	positive
NCAPG	SKA3	0.917241	0.917241	positive
NCAPG	SPAG5	0.905403	0.905403	positive
NCAPG	SPC24	0.802635	0.802635	positive
NCAPG	SPC25	0.897292	0.897292	positive
NCAPG	STIL	0.856719	0.856719	positive
NCAPG	TACC3	0.851761	0.851761	positive
NCAPG	TOP2A	0.915853	0.915853	positive
NCAPG	TPX2	0.918151	0.918151	positive
NCAPG	TRIP13	0.821096	0.821096	positive
NCAPG	TROAP	0.869458	0.869458	positive
NCAPG	TTK	0.923568	0.923568	positive
NCAPG	UHRF1	0.880617	0.880617	positive
NCAPG	ZWINT	0.8159	0.8159	positive
ALOX5	C3AR1	0.821187	0.821187	positive
ALOX5	HAVCR2	0.805682	0.805682	positive
ALOX5	ITGAM	0.85727	0.85727	positive
ALOX5	LAIR1	0.813419	0.813419	positive
ALOX5	MNDA	0.830367	0.830367	positive
ALOX5	SLCO2B1	0.838916	0.838916	positive
ALOX5	ALOX5AP	0.817306	0.817306	positive
ALOX5	CD300LF	0.803302	0.803302	positive
ALOX5	MRC1	0.817576	0.817576	positive
ALOX5	RASGRP4	0.811046	0.811046	positive
LRRC71	AC007906.2	0.80788	0.80788	positive
LRRC71	AKAP14	0.831459	0.831459	positive
LRRC71	APOBEC4	0.879716	0.879716	positive
LRRC71	C11ORF97	0.83933	0.83933	positive
LRRC71	C22ORF15	0.835624	0.835624	positive
LRRC71	C6	0.832527	0.832527	positive
LRRC71	C6ORF118	0.85282	0.85282	positive
LRRC71	CAPSL	0.837048	0.837048	positive
LRRC71	CDHR4	0.841368	0.841368	positive
LRRC71	CFAP43	0.875764	0.875764	positive
LRRC71	CFAP52	0.896626	0.896626	positive
LRRC71	CFAP73	0.845913	0.845913	positive
LRRC71	CFAP77	0.836269	0.836269	positive
LRRC71	DNAAF1	0.840563	0.840563	positive
LRRC71	DNAAF6	0.86684	0.86684	positive
LRRC71	DNAI1	0.881423	0.881423	positive
LRRC71	DNAI2	0.854221	0.854221	positive
LRRC71	DYNLRB2	0.814866	0.814866	positive
LRRC71	ECT2L	0.879352	0.879352	positive
LRRC71	EFCAB1	0.877964	0.877964	positive
LRRC71	EFHB	0.806602	0.806602	positive
LRRC71	ENKUR	0.868289	0.868289	positive
LRRC71	ERICH3	0.85048	0.85048	positive
LRRC71	FAM216B	0.893503	0.893503	positive
LRRC71	HOATZ	0.889948	0.889948	positive
LRRC71	IL5RA	0.864648	0.864648	positive
LRRC71	LRRC46	0.811694	0.811694	positive
LRRC71	C11ORF16	0.831811	0.831811	positive
LRRC71	CCDC114	0.805231	0.805231	positive
LRRC71	CCDC170	0.848898	0.848898	positive
LRRC71	CCDC173	0.839568	0.839568	positive
LRRC71	CCDC60	0.865691	0.865691	positive
LRRC71	CFAP94	0.80494	0.80494	positive
LRRC71	DTHD1	0.860501	0.860501	positive
LRRC71	LRRC18	0.840123	0.840123	positive
LRRC71	NWD1	0.869626	0.869626	positive
LRRC71	PACRG	0.840808	0.840808	positive
LRRC71	PPP1R32	0.821063	0.821063	positive
LRRC71	RSPH1	0.801654	0.801654	positive
LRRC71	RSPH4A	0.880408	0.880408	positive
LRRC71	SAXO2	0.853513	0.853513	positive
LRRC71	SNTN	0.831692	0.831692	positive
LRRC71	TEKT1	0.849555	0.849555	positive
LRRC71	TTC29	0.838384	0.838384	positive
LRRC71	TUBA4B	0.848908	0.848908	positive
LRRC71	VWA3A	0.887724	0.887724	positive
LRRC71	VWA3B	0.858679	0.858679	positive
ZNF683	CCL5	0.830415	0.830415	positive
ZNF683	PRF1	0.802952	0.802952	positive
ZNF683	TBX21	0.813975	0.813975	positive
AURKB	TK1	0.866387	0.866387	positive
AURKB	ANLN	0.824901	0.824901	positive
AURKB	AURKA	0.93242	0.93242	positive
AURKB	APOBEC3B	0.822767	0.822767	positive
AURKB	ASF1B	0.884241	0.884241	positive
AURKB	BIRC5	0.9423	0.9423	positive
AURKB	BUB1	0.86821	0.86821	positive
AURKB	CCNA2	0.876671	0.876671	positive
AURKB	CCNB1	0.91093	0.91093	positive
AURKB	CCNB2	0.87192	0.87192	positive
AURKB	CCNF	0.834701	0.834701	positive
AURKB	CDC20	0.936339	0.936339	positive
AURKB	CDC25A	0.872139	0.872139	positive
AURKB	CDC45	0.881569	0.881569	positive
AURKB	CDC6	0.850661	0.850661	positive
AURKB	CDCA3	0.854248	0.854248	positive
AURKB	CDCA5	0.92873	0.92873	positive
AURKB	CDCA8	0.904191	0.904191	positive
AURKB	CDK1	0.809225	0.809225	positive
AURKB	CDKN3	0.859845	0.859845	positive
AURKB	CDT1	0.878964	0.878964	positive
AURKB	CENPA	0.913105	0.913105	positive
AURKB	CENPM	0.822685	0.822685	positive
AURKB	CENPW	0.868623	0.868623	positive
AURKB	CEP55	0.865262	0.865262	positive
AURKB	DLGAP5	0.873298	0.873298	positive
AURKB	E2F1	0.854796	0.854796	positive
AURKB	ESPL1	0.884639	0.884639	positive
AURKB	FOXM1	0.876844	0.876844	positive
AURKB	GINS2	0.802639	0.802639	positive
AURKB	GTSE1	0.899628	0.899628	positive
AURKB	HJURP	0.899707	0.899707	positive
AURKB	HMMR	0.83203	0.83203	positive
AURKB	HROB	0.857569	0.857569	positive
AURKB	IQGAP3	0.80172	0.80172	positive
AURKB	KIF11	0.827302	0.827302	positive
AURKB	KIF15	0.847062	0.847062	positive
AURKB	KIF20A	0.91543	0.91543	positive
AURKB	KIF23	0.862271	0.862271	positive
AURKB	KIF2C	0.914646	0.914646	positive
AURKB	KIF4A	0.889172	0.889172	positive
AURKB	KIFC1	0.926279	0.926279	positive
AURKB	KPNA2	0.918059	0.918059	positive
AURKB	LMNB1	0.803798	0.803798	positive
AURKB	MAD2L1	0.865906	0.865906	positive
AURKB	MCM4	0.844404	0.844404	positive
AURKB	MELK	0.887884	0.887884	positive
AURKB	MTFR2	0.815789	0.815789	positive
AURKB	MYBL2	0.9455	0.9455	positive
AURKB	NCAPH	0.914241	0.914241	positive
AURKB	NDC80	0.864762	0.864762	positive
AURKB	NEK2	0.840525	0.840525	positive
AURKB	NUF2	0.833131	0.833131	positive
AURKB	ORC1	0.878308	0.878308	positive
AURKB	PBK	0.81398	0.81398	positive
AURKB	PIMREG	0.918969	0.918969	positive
AURKB	PKMYT1	0.925352	0.925352	positive
AURKB	PLK1	0.902343	0.902343	positive
AURKB	PRR11	0.889519	0.889519	positive
AURKB	PTTG1	0.872352	0.872352	positive
AURKB	RACGAP1	0.84695	0.84695	positive
AURKB	RECQL4	0.865435	0.865435	positive
AURKB	RRM2	0.853405	0.853405	positive
AURKB	SAPCD2	0.824581	0.824581	positive
AURKB	SKA1	0.861683	0.861683	positive
AURKB	SKA3	0.856936	0.856936	positive
AURKB	SPAG5	0.855472	0.855472	positive
AURKB	SPC24	0.861339	0.861339	positive
AURKB	SPC25	0.830646	0.830646	positive
AURKB	TACC3	0.882136	0.882136	positive
AURKB	TEDC2	0.860775	0.860775	positive
AURKB	TOP2A	0.835271	0.835271	positive
AURKB	TPX2	0.926437	0.926437	positive
AURKB	TROAP	0.906417	0.906417	positive
AURKB	TTK	0.85065	0.85065	positive
AURKB	UBE2C	0.837104	0.837104	positive
AURKB	UBE2S	0.815189	0.815189	positive
AURKB	UBE2T	0.830909	0.830909	positive
AURKB	UHRF1	0.825471	0.825471	positive
AURKB	ZWINT	0.861798	0.861798	positive
KIF23	ANLN	0.906892	0.906892	positive
KIF23	ARHGAP11A	0.896448	0.896448	positive
KIF23	AURKA	0.900803	0.900803	positive
KIF23	BIRC5	0.850617	0.850617	positive
KIF23	BUB1	0.944606	0.944606	positive
KIF23	CCNA2	0.921891	0.921891	positive
KIF23	CCNB1	0.8694	0.8694	positive
KIF23	CCNB2	0.925308	0.925308	positive
KIF23	CDC25A	0.884736	0.884736	positive
KIF23	CDC45	0.864555	0.864555	positive
KIF23	CDC6	0.890043	0.890043	positive
KIF23	CDCA3	0.908797	0.908797	positive
KIF23	CDCA5	0.880813	0.880813	positive
KIF23	CDK1	0.861327	0.861327	positive
KIF23	CDKN3	0.874339	0.874339	positive
KIF23	CENPA	0.930163	0.930163	positive
KIF23	CENPU	0.846345	0.846345	positive
KIF23	CEP55	0.939513	0.939513	positive
KIF23	CHEK1	0.896149	0.896149	positive
KIF23	CIP2A	0.841959	0.841959	positive
KIF23	DLGAP5	0.92955	0.92955	positive
KIF23	DTL	0.870334	0.870334	positive
KIF23	ESPL1	0.918855	0.918855	positive
KIF23	FOXM1	0.913032	0.913032	positive
KIF23	GTSE1	0.896878	0.896878	positive
KIF23	HJURP	0.920841	0.920841	positive
KIF23	HMMR	0.874515	0.874515	positive
KIF23	IQGAP3	0.852154	0.852154	positive
KIF23	KIF11	0.943832	0.943832	positive
KIF23	KIF15	0.915221	0.915221	positive
KIF23	KIF20A	0.888373	0.888373	positive
KIF23	ATAD2	0.817838	0.817838	positive
KIF23	BLM	0.854331	0.854331	positive
KIF23	CCNF	0.847074	0.847074	positive
KIF23	CDC20	0.812416	0.812416	positive
KIF23	CDCA8	0.863319	0.863319	positive
KIF23	CENPF	0.85384	0.85384	positive
KIF23	CENPW	0.824557	0.824557	positive
KIF23	CHAF1B	0.819505	0.819505	positive
KIF23	DSCC1	0.802918	0.802918	positive
KIF23	FAM83D	0.800295	0.800295	positive
KIF23	FANCI	0.893945	0.893945	positive
KIF23	GINS1	0.810834	0.810834	positive
KIF23	HASPIN	0.865444	0.865444	positive
KIF23	HROB	0.821122	0.821122	positive
KIF23	KIF2C	0.90383	0.90383	positive
KIF23	KIF4A	0.935569	0.935569	positive
KIF23	KIFC1	0.876241	0.876241	positive
KIF23	KPNA2	0.851951	0.851951	positive
KIF23	LMNB1	0.825829	0.825829	positive
KIF23	MAD2L1	0.860874	0.860874	positive
KIF23	MCM4	0.838985	0.838985	positive
KIF23	MELK	0.943061	0.943061	positive
KIF23	MKI67	0.914954	0.914954	positive
KIF23	MTFR2	0.883516	0.883516	positive
KIF23	MYBL2	0.837706	0.837706	positive
KIF23	NCAPG2	0.837497	0.837497	positive
KIF23	NCAPH	0.931274	0.931274	positive
KIF23	NDC80	0.925712	0.925712	positive
KIF23	NEK2	0.891122	0.891122	positive
KIF23	NUF2	0.86719	0.86719	positive
KIF23	ORC1	0.91574	0.91574	positive
KIF23	ORC6	0.811852	0.811852	positive
KIF23	PBK	0.832477	0.832477	positive
KIF23	PIMREG	0.857386	0.857386	positive
KIF23	PKMYT1	0.83758	0.83758	positive
KIF23	PLK1	0.893875	0.893875	positive
KIF23	PLK4	0.891466	0.891466	positive
KIF23	PRR11	0.926658	0.926658	positive
KIF23	RACGAP1	0.895752	0.895752	positive
KIF23	RAD51AP1	0.901913	0.901913	positive
KIF23	RRM2	0.910155	0.910155	positive
KIF23	SHCBP1	0.849283	0.849283	positive
KIF23	SKA1	0.920006	0.920006	positive
KIF23	SKA3	0.926665	0.926665	positive
KIF23	SPAG5	0.910146	0.910146	positive
KIF23	SPC24	0.825157	0.825157	positive
KIF23	SPC25	0.893162	0.893162	positive
KIF23	STIL	0.833697	0.833697	positive
KIF23	TACC3	0.829968	0.829968	positive
KIF23	TOP2A	0.907179	0.907179	positive
KIF23	TPX2	0.92452	0.92452	positive
KIF23	TRIP13	0.813225	0.813225	positive
KIF23	TROAP	0.879517	0.879517	positive
KIF23	TTK	0.940544	0.940544	positive
KIF23	UHRF1	0.891869	0.891869	positive
KIF23	ZWINT	0.851788	0.851788	positive
PREX2	PLEKHH2	0.801833	0.801833	positive
PREX2	ANGPTL1	0.801141	0.801141	positive
PREX2	GUCY1A2	0.875755	0.875755	positive
PREX2	HMCN1	0.848546	0.848546	positive
PREX2	LRRN3	0.809141	0.809141	positive
PREX2	ABCA8	0.815131	0.815131	positive
PREX2	ARHGAP6	0.805449	0.805449	positive
PREX2	C1QTNF7	0.812455	0.812455	positive
PREX2	GPR17	0.802548	0.802548	positive
PREX2	NECAB1	0.845067	0.845067	positive
PREX2	SCN7A	0.810114	0.810114	positive
PREX2	TGFBR3	0.801131	0.801131	positive
SLC23A1	DCDC2B	0.817431	0.817431	positive
TMEM158	TWIST1	0.821162	0.821162	positive
APOBEC3B	BIRC5	0.808433	0.808433	positive
APOBEC3B	KPNA2	0.808067	0.808067	positive
APOBEC3B	CENPM	0.816931	0.816931	positive
CYP4B1	ADH1B	0.806554	0.806554	positive
CD209	C3AR1	0.838856	0.838856	positive
CD209	FCGR3A	0.820339	0.820339	positive
CD209	FPR3	0.838525	0.838525	positive
CD209	HAVCR2	0.808267	0.808267	positive
CD209	MS4A4A	0.832775	0.832775	positive
CD209	SLCO2B1	0.823812	0.823812	positive
CD209	CCR1	0.864857	0.864857	positive
CD209	FCER1G	0.810071	0.810071	positive
CD209	SLAMF8	0.819205	0.819205	positive
CD209	CD163	0.829513	0.829513	positive
CD209	LILRB2	0.81991	0.81991	positive
VWA3A	WDR49	0.847915	0.847915	positive
VWA3A	AC007906.2	0.867635	0.867635	positive
VWA3A	AKAP14	0.875125	0.875125	positive
VWA3A	APOBEC4	0.92972	0.92972	positive
VWA3A	C11ORF97	0.848324	0.848324	positive
VWA3A	C22ORF15	0.873801	0.873801	positive
VWA3A	C6	0.8849	0.8849	positive
VWA3A	C6ORF118	0.930887	0.930887	positive
VWA3A	CAPSL	0.858319	0.858319	positive
VWA3A	CCDC17	0.85048	0.85048	positive
VWA3A	CDHR4	0.861457	0.861457	positive
VWA3A	CFAP43	0.945934	0.945934	positive
VWA3A	CFAP52	0.938118	0.938118	positive
VWA3A	CFAP73	0.853598	0.853598	positive
VWA3A	CFAP77	0.856565	0.856565	positive
VWA3A	DNAAF1	0.933479	0.933479	positive
VWA3A	DNAAF6	0.904089	0.904089	positive
VWA3A	DNAI1	0.939185	0.939185	positive
VWA3A	DNAI2	0.895091	0.895091	positive
VWA3A	DYNLRB2	0.847714	0.847714	positive
VWA3A	ECT2L	0.949203	0.949203	positive
VWA3A	EFCAB1	0.913363	0.913363	positive
VWA3A	EFHB	0.885816	0.885816	positive
VWA3A	ENKUR	0.886788	0.886788	positive
VWA3A	ERICH3	0.912879	0.912879	positive
VWA3A	FAM166B	0.812271	0.812271	positive
VWA3A	FAM216B	0.906436	0.906436	positive
VWA3A	GAS2L2	0.825131	0.825131	positive
VWA3A	HOATZ	0.94361	0.94361	positive
VWA3A	IL5RA	0.923778	0.923778	positive
VWA3A	LRRC46	0.827134	0.827134	positive
VWA3A	NWD1	0.92172	0.92172	positive
VWA3A	PACRG	0.889955	0.889955	positive
VWA3A	ROPN1L	0.812646	0.812646	positive
VWA3A	RSPH1	0.823666	0.823666	positive
VWA3A	RSPH4A	0.905481	0.905481	positive
VWA3A	RSPH9	0.826886	0.826886	positive
VWA3A	SAXO2	0.928534	0.928534	positive
VWA3A	SNTN	0.867754	0.867754	positive
VWA3A	STOML3	0.861213	0.861213	positive
VWA3A	TEKT1	0.860848	0.860848	positive
VWA3A	TTC29	0.879892	0.879892	positive
VWA3A	TUBA4B	0.853009	0.853009	positive
VWA3A	ARMC4	0.808119	0.808119	positive
VWA3A	C11ORF16	0.880693	0.880693	positive
VWA3A	CCDC114	0.844737	0.844737	positive
VWA3A	CCDC170	0.841234	0.841234	positive
VWA3A	CCDC173	0.899506	0.899506	positive
VWA3A	CCDC60	0.809651	0.809651	positive
VWA3A	CDHR3	0.808575	0.808575	positive
VWA3A	CFAP53	0.813274	0.813274	positive
VWA3A	CFAP57	0.807191	0.807191	positive
VWA3A	CFAP94	0.882584	0.882584	positive
VWA3A	CHST9	0.807616	0.807616	positive
VWA3A	DCDC2B	0.838659	0.838659	positive
VWA3A	DNAH3	0.805369	0.805369	positive
VWA3A	DTHD1	0.921341	0.921341	positive
VWA3A	LRRC18	0.843191	0.843191	positive
VWA3A	LRRIQ1	0.85846	0.85846	positive
VWA3A	MDH1B	0.824333	0.824333	positive
VWA3A	OSBPL6	0.849554	0.849554	positive
VWA3A	PPIL6	0.829431	0.829431	positive
VWA3A	SPAG8	0.902998	0.902998	positive
VWA3A	VWA3B	0.893124	0.893124	positive
ARMC4	AKAP14	0.801489	0.801489	positive
ARMC4	C6ORF118	0.834954	0.834954	positive
ARMC4	CDHR4	0.817494	0.817494	positive
ARMC4	CFAP43	0.830879	0.830879	positive
ARMC4	CFAP52	0.806694	0.806694	positive
ARMC4	DNAAF6	0.815671	0.815671	positive
ARMC4	DNAI1	0.834588	0.834588	positive
ARMC4	DNAI2	0.819373	0.819373	positive
ARMC4	EFCAB1	0.82631	0.82631	positive
ARMC4	ERICH3	0.834712	0.834712	positive
ARMC4	HOATZ	0.82818	0.82818	positive
ARMC4	IL5RA	0.817853	0.817853	positive
ARMC4	RSPH4A	0.807761	0.807761	positive
ARMC4	CFAP53	0.811694	0.811694	positive
FSCN1	MMP14	0.811791	0.811791	positive
FSCN1	MCAM	0.839814	0.839814	positive
FSCN1	SPHK1	0.83048	0.83048	positive
SFTPA2	SFTPA1	0.990458	0.990458	positive
DUSP1	FOS	0.852005	0.852005	positive
CD1E	CD1A	0.869277	0.869277	positive
CD1E	CD1B	0.859962	0.859962	positive
CD1E	CD207	0.873288	0.873288	positive
CD1E	FCER1A	0.896555	0.896555	positive
TPPP3	C9ORF24	0.805399	0.805399	positive
TPPP3	CIBAR2	0.816831	0.816831	positive
TPPP3	DNAI2	0.800641	0.800641	positive
TPPP3	MORN5	0.844904	0.844904	positive
TPPP3	ZMYND10	0.833855	0.833855	positive
TPPP3	SPEF1	0.804032	0.804032	positive
TPPP3	C5ORF49	0.814937	0.814937	positive
TPPP3	FAM183A	0.822384	0.822384	positive
RASGRP4	CD300C	0.811308	0.811308	positive
RASGRP4	C1ORF162	0.80288	0.80288	positive
RASGRP4	C3AR1	0.840076	0.840076	positive
RASGRP4	FCGR2A	0.815113	0.815113	positive
RASGRP4	HAVCR2	0.807207	0.807207	positive
RASGRP4	ITGAM	0.821814	0.821814	positive
RASGRP4	LAIR1	0.801268	0.801268	positive
RASGRP4	MNDA	0.834293	0.834293	positive
RASGRP4	MS4A4A	0.801979	0.801979	positive
RASGRP4	SLCO2B1	0.850569	0.850569	positive
RASGRP4	MRC1	0.848683	0.848683	positive
RASGRP4	FCN1	0.808115	0.808115	positive
IRF4	LAX1	0.902145	0.902145	positive
DUOXA1	DUOX1	0.937332	0.937332	positive
NOTCH4	DIPK2B	0.812319	0.812319	positive
NOTCH4	CD93	0.812546	0.812546	positive
NOTCH4	CDH5	0.816166	0.816166	positive
LAG3	CALHM6	0.823303	0.823303	positive
LAG3	IL2RB	0.826413	0.826413	positive
LAG3	CCL5	0.860819	0.860819	positive
LAG3	GZMH	0.804583	0.804583	positive
LAG3	NKG7	0.869084	0.869084	positive
LAG3	PRF1	0.855126	0.855126	positive
CD244	CXCR6	0.815196	0.815196	positive
LRRC15	COL1A2	0.852687	0.852687	positive
LRRC15	ITGA11	0.876395	0.876395	positive
LRRC15	ADAM12	0.813643	0.813643	positive
LRRC15	ADAMTS12	0.800874	0.800874	positive
LRRC15	COL12A1	0.813489	0.813489	positive
LRRC15	COL3A1	0.839348	0.839348	positive
LRRC15	COL5A1	0.844293	0.844293	positive
LRRC15	COL5A2	0.848521	0.848521	positive
LRRC15	CTHRC1	0.81973	0.81973	positive
LRRC15	FAP	0.819896	0.819896	positive
LRRC15	GREM1	0.841147	0.841147	positive
LRRC15	INHBA	0.809799	0.809799	positive
LRRC15	ADAMTS2	0.82486	0.82486	positive
LRRC15	ANGPTL2	0.81975	0.81975	positive
LRRC15	CILP	0.810401	0.810401	positive
LRRC15	COL1A1	0.840878	0.840878	positive
LRRC15	COL8A2	0.806893	0.806893	positive
LRRC15	CTSK	0.837584	0.837584	positive
LRRC15	MFAP5	0.852008	0.852008	positive
LRRC15	OLFML2B	0.805269	0.805269	positive
LRRC15	SFRP2	0.813212	0.813212	positive
LRRC15	SPOCK1	0.809391	0.809391	positive
LRRC15	SULF1	0.810966	0.810966	positive
LRRC15	SYNDIG1	0.81177	0.81177	positive
LRRC15	THBS2	0.863511	0.863511	positive
LRRC15	THY1	0.843546	0.843546	positive
CPA3	MS4A2	0.833853	0.833853	positive
SPHK1	MMP14	0.84927	0.84927	positive
SPHK1	MCAM	0.800994	0.800994	positive
COL3A1	COL1A2	0.978579	0.978579	positive
COL3A1	ITGA11	0.819257	0.819257	positive
COL3A1	ADAM12	0.872841	0.872841	positive
COL3A1	ADAMTS12	0.910455	0.910455	positive
COL3A1	CCN4	0.809651	0.809651	positive
COL3A1	COL12A1	0.865996	0.865996	positive
COL3A1	ADAMTS2	0.91084	0.91084	positive
COL3A1	ANGPTL2	0.890958	0.890958	positive
COL3A1	CCDC80	0.806238	0.806238	positive
COL3A1	COL15A1	0.86262	0.86262	positive
COL3A1	COL1A1	0.90493	0.90493	positive
COL3A1	COL5A1	0.967502	0.967502	positive
COL3A1	COL5A2	0.965932	0.965932	positive
COL3A1	COL5A3	0.874567	0.874567	positive
COL3A1	COL6A1	0.813628	0.813628	positive
COL3A1	COL6A2	0.805201	0.805201	positive
COL3A1	CTHRC1	0.839974	0.839974	positive
COL3A1	FAP	0.832854	0.832854	positive
COL3A1	FN1	0.815381	0.815381	positive
COL3A1	GAS1	0.817885	0.817885	positive
COL3A1	GFPT2	0.819329	0.819329	positive
COL3A1	GREM1	0.845383	0.845383	positive
COL3A1	INHBA	0.867715	0.867715	positive
COL3A1	LOX	0.831215	0.831215	positive
COL3A1	LOXL2	0.801954	0.801954	positive
COL3A1	MMP2	0.859778	0.859778	positive
COL3A1	MXRA5	0.826009	0.826009	positive
COL3A1	NID2	0.875695	0.875695	positive
COL3A1	OLFML2B	0.868232	0.868232	positive
COL3A1	POSTN	0.922292	0.922292	positive
COL3A1	SFRP2	0.814035	0.814035	positive
COL3A1	SULF1	0.883149	0.883149	positive
COL3A1	THBS2	0.926285	0.926285	positive
COL3A1	THY1	0.811066	0.811066	positive
COL3A1	TNFAIP6	0.843201	0.843201	positive
COL3A1	VCAN	0.853029	0.853029	positive
NDUFV2	DEFB131B	0.841137	0.841137	positive
NDUFV2	ANKRD36C	0.918038	0.918038	positive
NDUFV2	B3GALT2	0.836505	0.836505	positive
NDUFV2	CCDC85B	-0.809881	0.809881	negative
NDUFV2	GPR18	0.857209	0.857209	positive
NDUFV2	GPR82	0.848605	0.848605	positive
NDUFV2	RNF148	0.829807	0.829807	positive
DNAAF1	AC007906.2	0.804712	0.804712	positive
DNAAF1	AKAP14	0.850705	0.850705	positive
DNAAF1	APOBEC4	0.90124	0.90124	positive
DNAAF1	C11ORF97	0.856939	0.856939	positive
DNAAF1	C22ORF15	0.863564	0.863564	positive
DNAAF1	C6	0.819239	0.819239	positive
DNAAF1	C6ORF118	0.909255	0.909255	positive
DNAAF1	CAPSL	0.833467	0.833467	positive
DNAAF1	CCDC17	0.837365	0.837365	positive
DNAAF1	CDHR4	0.862373	0.862373	positive
DNAAF1	CFAP43	0.930181	0.930181	positive
DNAAF1	CFAP52	0.908718	0.908718	positive
DNAAF1	CFAP73	0.830349	0.830349	positive
DNAAF1	CFAP77	0.836392	0.836392	positive
DNAAF1	CIBAR2	0.804605	0.804605	positive
DNAAF1	C11ORF16	0.841046	0.841046	positive
DNAAF1	CCDC114	0.83839	0.83839	positive
DNAAF1	CCDC173	0.86694	0.86694	positive
DNAAF1	CDHR3	0.85498	0.85498	positive
DNAAF1	CFAP53	0.840158	0.840158	positive
DNAAF1	CFAP94	0.880439	0.880439	positive
DNAAF1	CHST9	0.809055	0.809055	positive
DNAAF1	DNAAF6	0.891503	0.891503	positive
DNAAF1	DNAI1	0.927648	0.927648	positive
DNAAF1	DNAI2	0.8886	0.8886	positive
DNAAF1	DTHD1	0.896135	0.896135	positive
DNAAF1	DYNLRB2	0.859767	0.859767	positive
DNAAF1	ECT2L	0.905419	0.905419	positive
DNAAF1	EFCAB1	0.895924	0.895924	positive
DNAAF1	EFHB	0.878364	0.878364	positive
DNAAF1	ENKUR	0.855314	0.855314	positive
DNAAF1	ERICH3	0.899072	0.899072	positive
DNAAF1	FAM166B	0.815868	0.815868	positive
DNAAF1	FAM216B	0.866525	0.866525	positive
DNAAF1	GAS2L2	0.800958	0.800958	positive
DNAAF1	HOATZ	0.910683	0.910683	positive
DNAAF1	IL5RA	0.914138	0.914138	positive
DNAAF1	LRRC46	0.826888	0.826888	positive
DNAAF1	LRRIQ1	0.838706	0.838706	positive
DNAAF1	MDH1B	0.819959	0.819959	positive
DNAAF1	NWD1	0.843621	0.843621	positive
DNAAF1	PACRG	0.847002	0.847002	positive
DNAAF1	PPIL6	0.820625	0.820625	positive
DNAAF1	ROPN1L	0.829498	0.829498	positive
DNAAF1	RSPH1	0.803606	0.803606	positive
DNAAF1	RSPH4A	0.867062	0.867062	positive
DNAAF1	SAXO2	0.895711	0.895711	positive
DNAAF1	SNTN	0.869328	0.869328	positive
DNAAF1	SPAG8	0.851193	0.851193	positive
DNAAF1	STOML3	0.8858	0.8858	positive
DNAAF1	TEKT1	0.855602	0.855602	positive
DNAAF1	TTC29	0.858575	0.858575	positive
DNAAF1	TUBA4B	0.842382	0.842382	positive
DNAAF1	VWA3B	0.887444	0.887444	positive
DNAAF6	AC007906.2	0.878273	0.878273	positive
DNAAF6	AKAP14	0.971788	0.971788	positive
DNAAF6	APOBEC4	0.876191	0.876191	positive
DNAAF6	C11ORF97	0.943504	0.943504	positive
DNAAF6	C20ORF85	0.878528	0.878528	positive
DNAAF6	C22ORF15	0.952571	0.952571	positive
DNAAF6	C6	0.876138	0.876138	positive
DNAAF6	C6ORF118	0.956301	0.956301	positive
DNAAF6	C9ORF24	0.923577	0.923577	positive
DNAAF6	CAPSL	0.935254	0.935254	positive
DNAAF6	CCDC17	0.874045	0.874045	positive
DNAAF6	CDHR4	0.93676	0.93676	positive
DNAAF6	CFAP43	0.891811	0.891811	positive
DNAAF6	CFAP52	0.955453	0.955453	positive
DNAAF6	CFAP73	0.920399	0.920399	positive
DNAAF6	CFAP77	0.906702	0.906702	positive
DNAAF6	CIBAR2	0.891679	0.891679	positive
DNAAF6	C11ORF16	0.831339	0.831339	positive
DNAAF6	C5ORF49	0.827914	0.827914	positive
DNAAF6	CABCOCO1	0.817781	0.817781	positive
DNAAF6	CACNG6	0.842819	0.842819	positive
DNAAF6	CCDC114	0.876091	0.876091	positive
DNAAF6	CCDC170	0.804528	0.804528	positive
DNAAF6	CCDC173	0.835358	0.835358	positive
DNAAF6	CCDC78	0.876501	0.876501	positive
DNAAF6	CDHR3	0.800334	0.800334	positive
DNAAF6	CFAP45	0.8134	0.8134	positive
DNAAF6	CFAP53	0.876691	0.876691	positive
DNAAF6	CFAP94	0.879045	0.879045	positive
DNAAF6	CNGA4	0.827643	0.827643	positive
DNAAF6	DNAI1	0.94279	0.94279	positive
DNAAF6	DNAI2	0.950538	0.950538	positive
DNAAF6	DTHD1	0.847937	0.847937	positive
DNAAF6	DYDC2	0.81866	0.81866	positive
DNAAF6	DYNLRB2	0.888095	0.888095	positive
DNAAF6	ECT2L	0.892336	0.892336	positive
DNAAF6	EFCAB1	0.940646	0.940646	positive
DNAAF6	EFHB	0.876825	0.876825	positive
DNAAF6	ENKUR	0.890009	0.890009	positive
DNAAF6	ERICH3	0.907676	0.907676	positive
DNAAF6	FAM166B	0.918878	0.918878	positive
DNAAF6	FAM183A	0.802104	0.802104	positive
DNAAF6	FAM216B	0.910319	0.910319	positive
DNAAF6	GAS2L2	0.867467	0.867467	positive
DNAAF6	HOATZ	0.964822	0.964822	positive
DNAAF6	IL5RA	0.925842	0.925842	positive
DNAAF6	LRRC46	0.885278	0.885278	positive
DNAAF6	MDH1B	0.823095	0.823095	positive
DNAAF6	MORN5	0.905737	0.905737	positive
DNAAF6	MS4A8	0.821153	0.821153	positive
DNAAF6	NWD1	0.894161	0.894161	positive
DNAAF6	PACRG	0.926123	0.926123	positive
DNAAF6	PPIL6	0.81547	0.81547	positive
DNAAF6	ROPN1L	0.923447	0.923447	positive
DNAAF6	RSPH1	0.832743	0.832743	positive
DNAAF6	RSPH4A	0.923151	0.923151	positive
DNAAF6	RSPH9	0.879273	0.879273	positive
DNAAF6	SAXO2	0.903888	0.903888	positive
DNAAF6	SNTN	0.916585	0.916585	positive
DNAAF6	SPAG8	0.864514	0.864514	positive
DNAAF6	SPEF1	0.881748	0.881748	positive
DNAAF6	STMND1	0.825109	0.825109	positive
DNAAF6	STOML3	0.939597	0.939597	positive
DNAAF6	TEKT1	0.952218	0.952218	positive
DNAAF6	TEKT2	0.859665	0.859665	positive
DNAAF6	TSPAN19	0.827481	0.827481	positive
DNAAF6	TTC25	0.830931	0.830931	positive
DNAAF6	TTC29	0.939561	0.939561	positive
DNAAF6	TUBA4B	0.943932	0.943932	positive
DNAAF6	VWA3B	0.901852	0.901852	positive
DNAAF6	WDR38	0.91323	0.91323	positive
DNAAF6	ZMYND10	0.896828	0.896828	positive
TREM2	C1QA	0.883699	0.883699	positive
TREM2	C1QB	0.879152	0.879152	positive
TREM2	C1QC	0.87921	0.87921	positive
TREM2	CD14	0.834886	0.834886	positive
TREM2	DOK2	0.859305	0.859305	positive
TREM2	ITGB2	0.820139	0.820139	positive
TREM2	LAPTM5	0.816039	0.816039	positive
TREM2	LRRC25	0.822305	0.822305	positive
TREM2	SPI1	0.888448	0.888448	positive
TREM2	ACP5	0.83917	0.83917	positive
TREM2	APOC1	0.86643	0.86643	positive
TREM2	APOE	0.834759	0.834759	positive
TREM2	CD52	0.842931	0.842931	positive
TREM2	EMP3	0.807954	0.807954	positive
TREM2	FOLR2	0.844085	0.844085	positive
TREM2	HLA-DRA	0.805243	0.805243	positive
TREM2	LY86	0.870096	0.870096	positive
TREM2	OSCAR	0.800511	0.800511	positive
TREM2	PILRA	0.817961	0.817961	positive
TREM2	TYROBP	0.940554	0.940554	positive
TREM2	VSIG4	0.801924	0.801924	positive
IHH	MUCL3	0.849758	0.849758	positive
GPR174	GPR18	0.824793	0.824793	positive
GPR174	CD28	0.836852	0.836852	positive
GPR174	CXCR6	0.854887	0.854887	positive
GPR174	CD40LG	0.809853	0.809853	positive
GPR174	FCRL3	0.824045	0.824045	positive
GPR174	ICOS	0.850532	0.850532	positive
GPR174	IKZF3	0.837074	0.837074	positive
GPR174	PARP15	0.804234	0.804234	positive
GPR174	PTPRC	0.853412	0.853412	positive
GPR174	TIGIT	0.832768	0.832768	positive
GPR174	TLR10	0.804403	0.804403	positive
ECT2	ARHGAP11A	0.828354	0.828354	positive
ECT2	CIP2A	0.802427	0.802427	positive
ECT2	DTL	0.80111	0.80111	positive
ECT2	FANCI	0.838676	0.838676	positive
MFAP2	PCOLCE	0.810961	0.810961	positive
PCLAF	CCNB2	0.820884	0.820884	positive
PCLAF	CDC45	0.809591	0.809591	positive
PCLAF	RRM2	0.801508	0.801508	positive
PCLAF	SPC25	0.828174	0.828174	positive
TMEM176B	TMEM176A	0.96741	0.96741	positive
ECT2L	WDR49	0.871563	0.871563	positive
ECT2L	AC007906.2	0.81508	0.81508	positive
ECT2L	AKAP14	0.859938	0.859938	positive
ECT2L	APOBEC4	0.978827	0.978827	positive
ECT2L	C11ORF97	0.829829	0.829829	positive
ECT2L	C22ORF15	0.87373	0.87373	positive
ECT2L	C6	0.8468	0.8468	positive
ECT2L	C6ORF118	0.890816	0.890816	positive
ECT2L	CAPSL	0.835282	0.835282	positive
ECT2L	CCDC17	0.848595	0.848595	positive
ECT2L	CDHR4	0.838666	0.838666	positive
ECT2L	CFAP43	0.954879	0.954879	positive
ECT2L	CFAP52	0.917663	0.917663	positive
ECT2L	CFAP73	0.823041	0.823041	positive
ECT2L	CFAP77	0.839082	0.839082	positive
ECT2L	DNAI1	0.931756	0.931756	positive
ECT2L	DNAI2	0.84736	0.84736	positive
ECT2L	DYNLRB2	0.825691	0.825691	positive
ECT2L	C11ORF16	0.835173	0.835173	positive
ECT2L	CCDC170	0.831105	0.831105	positive
ECT2L	CCDC173	0.917193	0.917193	positive
ECT2L	CCDC60	0.864311	0.864311	positive
ECT2L	CDHR3	0.815319	0.815319	positive
ECT2L	CFAP94	0.874845	0.874845	positive
ECT2L	DCDC2B	0.909067	0.909067	positive
ECT2L	DNAH3	0.833059	0.833059	positive
ECT2L	DTHD1	0.930846	0.930846	positive
ECT2L	EFCAB1	0.88128	0.88128	positive
ECT2L	EFHB	0.876633	0.876633	positive
ECT2L	ENKUR	0.893486	0.893486	positive
ECT2L	ERICH3	0.910881	0.910881	positive
ECT2L	FAM216B	0.928071	0.928071	positive
ECT2L	HOATZ	0.920004	0.920004	positive
ECT2L	IL5RA	0.896215	0.896215	positive
ECT2L	LRRC18	0.905751	0.905751	positive
ECT2L	LRRC46	0.807349	0.807349	positive
ECT2L	LRRIQ1	0.8805	0.8805	positive
ECT2L	MDH1B	0.810488	0.810488	positive
ECT2L	NWD1	0.905356	0.905356	positive
ECT2L	OSBPL6	0.826094	0.826094	positive
ECT2L	PACRG	0.855814	0.855814	positive
ECT2L	PPIL6	0.800755	0.800755	positive
ECT2L	RSPH1	0.800701	0.800701	positive
ECT2L	RSPH4A	0.904613	0.904613	positive
ECT2L	RSPH9	0.822113	0.822113	positive
ECT2L	SAXO2	0.928895	0.928895	positive
ECT2L	SNTN	0.849295	0.849295	positive
ECT2L	SPAG8	0.865986	0.865986	positive
ECT2L	STOML3	0.858814	0.858814	positive
ECT2L	TEKT1	0.832805	0.832805	positive
ECT2L	TTC29	0.897757	0.897757	positive
ECT2L	TUBA4B	0.812987	0.812987	positive
ECT2L	VWA3B	0.868952	0.868952	positive
MS4A4A	LAPTM5	0.866028	0.866028	positive
MS4A4A	LRRC25	0.814085	0.814085	positive
MS4A4A	CD300C	0.81135	0.81135	positive
MS4A4A	SIGLEC7	0.857941	0.857941	positive
MS4A4A	C1ORF162	0.866678	0.866678	positive
MS4A4A	C3AR1	0.905733	0.905733	positive
MS4A4A	CYBB	0.851191	0.851191	positive
MS4A4A	FCGR2A	0.847751	0.847751	positive
MS4A4A	FCGR3A	0.888074	0.888074	positive
MS4A4A	FPR3	0.902684	0.902684	positive
MS4A4A	HAVCR2	0.926728	0.926728	positive
MS4A4A	ITGAM	0.806879	0.806879	positive
MS4A4A	LAIR1	0.922307	0.922307	positive
MS4A4A	MNDA	0.882254	0.882254	positive
MS4A4A	C5AR1	0.84801	0.84801	positive
MS4A4A	CCR1	0.909408	0.909408	positive
MS4A4A	CD163	0.905883	0.905883	positive
MS4A4A	CD300LF	0.814159	0.814159	positive
MS4A4A	CMKLR1	0.822053	0.822053	positive
MS4A4A	F13A1	0.802492	0.802492	positive
MS4A4A	FCER1G	0.867222	0.867222	positive
MS4A4A	FGR	0.803692	0.803692	positive
MS4A4A	FPR1	0.810521	0.810521	positive
MS4A4A	LILRA6	0.822738	0.822738	positive
MS4A4A	LILRB2	0.817888	0.817888	positive
MS4A4A	LILRB5	0.82401	0.82401	positive
MS4A4A	MPEG1	0.850079	0.850079	positive
MS4A4A	MRC1	0.846247	0.846247	positive
MS4A4A	MS4A7	0.841247	0.841247	positive
MS4A4A	MSR1	0.936547	0.936547	positive
MS4A4A	PLEK	0.829156	0.829156	positive
MS4A4A	SIGLEC1	0.841959	0.841959	positive
MS4A4A	SLAMF8	0.800326	0.800326	positive
MS4A4A	SLCO2B1	0.926416	0.926416	positive
MS4A4A	SRGN	0.826217	0.826217	positive
MS4A4A	STX11	0.819283	0.819283	positive
MS4A4A	TLR8	0.833867	0.833867	positive
MS4A4A	TMIGD3	0.828209	0.828209	positive
MS4A4A	VSIG4	0.905927	0.905927	positive
KIF20A	TK1	0.811916	0.811916	positive
KIF20A	ANLN	0.859684	0.859684	positive
KIF20A	AURKA	0.905637	0.905637	positive
KIF20A	BIRC5	0.911619	0.911619	positive
KIF20A	BUB1	0.888831	0.888831	positive
KIF20A	CCNA2	0.869945	0.869945	positive
KIF20A	CCNB1	0.92576	0.92576	positive
KIF20A	CCNB2	0.856397	0.856397	positive
KIF20A	CDC25A	0.84931	0.84931	positive
KIF20A	CDC45	0.877362	0.877362	positive
KIF20A	CDC6	0.875778	0.875778	positive
KIF20A	CDCA3	0.875113	0.875113	positive
KIF20A	CDCA5	0.912125	0.912125	positive
KIF20A	CDK1	0.801447	0.801447	positive
KIF20A	CDKN3	0.88765	0.88765	positive
KIF20A	CENPA	0.917827	0.917827	positive
KIF20A	CEP55	0.865574	0.865574	positive
KIF20A	CHEK1	0.808873	0.808873	positive
KIF20A	DLGAP5	0.911389	0.911389	positive
KIF20A	ESPL1	0.885017	0.885017	positive
KIF20A	FOXM1	0.889348	0.889348	positive
KIF20A	GTSE1	0.905234	0.905234	positive
KIF20A	HJURP	0.907192	0.907192	positive
KIF20A	HMMR	0.868804	0.868804	positive
KIF20A	IQGAP3	0.847846	0.847846	positive
KIF20A	KIF11	0.848394	0.848394	positive
KIF20A	KIF15	0.827021	0.827021	positive
KIF20A	ASF1B	0.853953	0.853953	positive
KIF20A	CCNF	0.873528	0.873528	positive
KIF20A	CDC20	0.904507	0.904507	positive
KIF20A	CDCA8	0.864243	0.864243	positive
KIF20A	CDT1	0.872485	0.872485	positive
KIF20A	CENPW	0.857958	0.857958	positive
KIF20A	CHAF1B	0.811745	0.811745	positive
KIF20A	E2F1	0.844607	0.844607	positive
KIF20A	FAM83D	0.806656	0.806656	positive
KIF20A	HROB	0.837504	0.837504	positive
KIF20A	KIF2C	0.918786	0.918786	positive
KIF20A	KIF4A	0.915648	0.915648	positive
KIF20A	KIFC1	0.924582	0.924582	positive
KIF20A	KPNA2	0.908463	0.908463	positive
KIF20A	LMNB1	0.834414	0.834414	positive
KIF20A	MAD2L1	0.838668	0.838668	positive
KIF20A	MCM4	0.834431	0.834431	positive
KIF20A	MELK	0.872839	0.872839	positive
KIF20A	MKI67	0.828951	0.828951	positive
KIF20A	MTFR2	0.817529	0.817529	positive
KIF20A	MYBL2	0.908003	0.908003	positive
KIF20A	NCAPH	0.911771	0.911771	positive
KIF20A	NDC80	0.863346	0.863346	positive
KIF20A	NEK2	0.840451	0.840451	positive
KIF20A	NUF2	0.822345	0.822345	positive
KIF20A	ORC1	0.874818	0.874818	positive
KIF20A	PIMREG	0.876943	0.876943	positive
KIF20A	PKMYT1	0.881077	0.881077	positive
KIF20A	PLK1	0.888606	0.888606	positive
KIF20A	PRR11	0.899785	0.899785	positive
KIF20A	PTTG1	0.842163	0.842163	positive
KIF20A	RACGAP1	0.841308	0.841308	positive
KIF20A	RECQL4	0.805362	0.805362	positive
KIF20A	RRM2	0.873491	0.873491	positive
KIF20A	SHCBP1	0.811982	0.811982	positive
KIF20A	SKA1	0.852133	0.852133	positive
KIF20A	SKA3	0.888783	0.888783	positive
KIF20A	SPAG5	0.876356	0.876356	positive
KIF20A	SPC24	0.855601	0.855601	positive
KIF20A	SPC25	0.842651	0.842651	positive
KIF20A	TACC3	0.922717	0.922717	positive
KIF20A	TEDC2	0.834916	0.834916	positive
KIF20A	TOP2A	0.862398	0.862398	positive
KIF20A	TPX2	0.942021	0.942021	positive
KIF20A	TRIP13	0.815074	0.815074	positive
KIF20A	TROAP	0.890433	0.890433	positive
KIF20A	TTK	0.857776	0.857776	positive
KIF20A	UBE2C	0.820545	0.820545	positive
KIF20A	UBE2T	0.825946	0.825946	positive
KIF20A	UHRF1	0.871055	0.871055	positive
KIF20A	ZWINT	0.879268	0.879268	positive
AQP9	HAVCR2	0.801163	0.801163	positive
AQP9	CCR1	0.807332	0.807332	positive
AQP9	FGR	0.816196	0.816196	positive
AQP9	CD163	0.83835	0.83835	positive
AQP9	IL2RA	0.823222	0.823222	positive
AQP9	LILRB2	0.841477	0.841477	positive
AQP9	BCL2A1	0.853763	0.853763	positive
AQP9	C5AR1	0.805399	0.805399	positive
AQP9	CD300E	0.84464	0.84464	positive
AQP9	FCAR	0.811088	0.811088	positive
AQP9	FPR1	0.833987	0.833987	positive
AQP9	FPR2	0.878223	0.878223	positive
AQP9	ITGAX	0.817526	0.817526	positive
AQP9	LILRA6	0.830618	0.830618	positive
AQP9	SLC11A1	0.858451	0.858451	positive
EFCAB1	AC007906.2	0.900398	0.900398	positive
EFCAB1	AKAP14	0.928117	0.928117	positive
EFCAB1	APOBEC4	0.890179	0.890179	positive
EFCAB1	C11ORF97	0.939992	0.939992	positive
EFCAB1	C20ORF85	0.880931	0.880931	positive
EFCAB1	C22ORF15	0.927581	0.927581	positive
EFCAB1	C6	0.873276	0.873276	positive
EFCAB1	C6ORF118	0.947968	0.947968	positive
EFCAB1	C9ORF24	0.889973	0.889973	positive
EFCAB1	CAPSL	0.924148	0.924148	positive
EFCAB1	CCDC17	0.901808	0.901808	positive
EFCAB1	CDHR4	0.942683	0.942683	positive
EFCAB1	CFAP43	0.892531	0.892531	positive
EFCAB1	CFAP52	0.959312	0.959312	positive
EFCAB1	CFAP73	0.894027	0.894027	positive
EFCAB1	CFAP77	0.920331	0.920331	positive
EFCAB1	CIBAR2	0.872995	0.872995	positive
EFCAB1	DNAI1	0.942191	0.942191	positive
EFCAB1	DNAI2	0.949195	0.949195	positive
EFCAB1	DYNLRB2	0.887888	0.887888	positive
EFCAB1	C11ORF16	0.827511	0.827511	positive
EFCAB1	CABCOCO1	0.813738	0.813738	positive
EFCAB1	CACNG6	0.84534	0.84534	positive
EFCAB1	CCDC114	0.88026	0.88026	positive
EFCAB1	CCDC170	0.817541	0.817541	positive
EFCAB1	CCDC173	0.841412	0.841412	positive
EFCAB1	CCDC60	0.812855	0.812855	positive
EFCAB1	CCDC78	0.850857	0.850857	positive
EFCAB1	CDHR3	0.805014	0.805014	positive
EFCAB1	CFAP45	0.801723	0.801723	positive
EFCAB1	CFAP53	0.868696	0.868696	positive
EFCAB1	CFAP57	0.80038	0.80038	positive
EFCAB1	CFAP94	0.851376	0.851376	positive
EFCAB1	CHST9	0.873256	0.873256	positive
EFCAB1	CNGA4	0.84844	0.84844	positive
EFCAB1	DTHD1	0.86523	0.86523	positive
EFCAB1	DYDC2	0.820884	0.820884	positive
EFCAB1	ECRG4	0.816291	0.816291	positive
EFCAB1	EFHB	0.846375	0.846375	positive
EFCAB1	ENKUR	0.893361	0.893361	positive
EFCAB1	ERICH3	0.927928	0.927928	positive
EFCAB1	FAM166B	0.913045	0.913045	positive
EFCAB1	FAM216B	0.902476	0.902476	positive
EFCAB1	GAS2L2	0.866074	0.866074	positive
EFCAB1	GSTA3	0.801632	0.801632	positive
EFCAB1	HOATZ	0.963532	0.963532	positive
EFCAB1	IL5RA	0.888167	0.888167	positive
EFCAB1	LRRC18	0.801612	0.801612	positive
EFCAB1	LRRC46	0.928683	0.928683	positive
EFCAB1	MDH1B	0.822038	0.822038	positive
EFCAB1	MORN5	0.871249	0.871249	positive
EFCAB1	MS4A8	0.816602	0.816602	positive
EFCAB1	NWD1	0.872279	0.872279	positive
EFCAB1	PACRG	0.927887	0.927887	positive
EFCAB1	PPP1R32	0.837136	0.837136	positive
EFCAB1	PTPRT	0.809242	0.809242	positive
EFCAB1	ROPN1L	0.902163	0.902163	positive
EFCAB1	RSPH1	0.861509	0.861509	positive
EFCAB1	RSPH4A	0.916219	0.916219	positive
EFCAB1	RSPH9	0.898144	0.898144	positive
EFCAB1	SAXO2	0.92281	0.92281	positive
EFCAB1	SNTN	0.920809	0.920809	positive
EFCAB1	SPAG8	0.87371	0.87371	positive
EFCAB1	SPEF1	0.84709	0.84709	positive
EFCAB1	STMND1	0.834148	0.834148	positive
EFCAB1	STOML3	0.911375	0.911375	positive
EFCAB1	TEKT1	0.932873	0.932873	positive
EFCAB1	TEKT2	0.846085	0.846085	positive
EFCAB1	TSPAN19	0.828889	0.828889	positive
EFCAB1	TTC25	0.829971	0.829971	positive
EFCAB1	TTC29	0.906061	0.906061	positive
EFCAB1	TUBA4B	0.937404	0.937404	positive
EFCAB1	VWA3B	0.91749	0.91749	positive
EFCAB1	WDR38	0.900647	0.900647	positive
EFCAB1	ZMYND10	0.879512	0.879512	positive
TNFSF4	ADAM12	0.822848	0.822848	positive
TNFSF4	ADAMTS12	0.828168	0.828168	positive
TNFSF4	COL5A2	0.800025	0.800025	positive
TNFSF4	FAP	0.879066	0.879066	positive
TNFSF4	INHBA	0.822436	0.822436	positive
TNFSF4	LOX	0.813175	0.813175	positive
TNFSF4	PRRX1	0.807454	0.807454	positive
TNFSF4	SULF1	0.835842	0.835842	positive
TNFSF4	BICC1	0.803183	0.803183	positive
TNFSF4	NOX4	0.842043	0.842043	positive
TNFSF4	VCAN	0.847891	0.847891	positive
ITGAL	NCF1	0.852871	0.852871	positive
ITGAL	CD2	0.860676	0.860676	positive
ITGAL	CD3E	0.882657	0.882657	positive
ITGAL	CCR5	0.896595	0.896595	positive
ITGAL	LTA	0.810894	0.810894	positive
ITGAL	PLEK	0.848343	0.848343	positive
ITGAL	SIRPG	0.837256	0.837256	positive
ITGAL	SIT1	0.828809	0.828809	positive
MS4A2	HDC	0.816404	0.816404	positive
MS4A2	SLC18A2	0.812586	0.812586	positive
SIGLEC10	LAPTM5	0.81809	0.81809	positive
SIGLEC10	LRRC25	0.804648	0.804648	positive
SIGLEC10	NCF1	0.828291	0.828291	positive
SIGLEC10	C3AR1	0.838471	0.838471	positive
SIGLEC10	FCGR3A	0.804421	0.804421	positive
SIGLEC10	HAVCR2	0.829776	0.829776	positive
SIGLEC10	LAIR1	0.834073	0.834073	positive
SIGLEC10	FCER1G	0.803179	0.803179	positive
SIGLEC10	FGR	0.818958	0.818958	positive
SIGLEC10	PLEK	0.832674	0.832674	positive
SIGLEC10	SLAMF8	0.874534	0.874534	positive
SIGLEC10	CCR5	0.811236	0.811236	positive
SIGLEC10	CD163	0.812396	0.812396	positive
SIGLEC10	CMKLR1	0.80858	0.80858	positive
SIGLEC10	IL2RA	0.826983	0.826983	positive
SIGLEC10	LILRB2	0.881795	0.881795	positive
SIGLEC10	LILRB4	0.860266	0.860266	positive
SIGLEC10	NFAM1	0.820991	0.820991	positive
SIGLEC10	GPR84	0.811156	0.811156	positive
SIGLEC10	HSD11B1	0.808679	0.808679	positive
AGER	ITLN2	0.813095	0.813095	positive
AGER	LGI3	0.817007	0.817007	positive
AGER	SFTPC	0.862511	0.862511	positive
C1QB	C1QA	0.984495	0.984495	positive
C1QB	ACP5	0.904833	0.904833	positive
C1QB	APOC1	0.822106	0.822106	positive
C1QB	APOE	0.853998	0.853998	positive
C1QB	C1QC	0.990649	0.990649	positive
C1QB	CD14	0.890551	0.890551	positive
C1QB	CD300C	0.842701	0.842701	positive
C1QB	CD300LF	0.809105	0.809105	positive
C1QB	DOK2	0.91781	0.91781	positive
C1QB	EMP3	0.82893	0.82893	positive
C1QB	FCER1G	0.894325	0.894325	positive
C1QB	FCGR3A	0.834091	0.834091	positive
C1QB	FERMT3	0.846784	0.846784	positive
C1QB	FOLR2	0.822682	0.822682	positive
C1QB	HAVCR2	0.804807	0.804807	positive
C1QB	HK3	0.827171	0.827171	positive
C1QB	IL4I1	0.82282	0.82282	positive
C1QB	ITGB2	0.847698	0.847698	positive
C1QB	LAIR1	0.831612	0.831612	positive
C1QB	LAPTM5	0.889692	0.889692	positive
C1QB	LILRB4	0.824353	0.824353	positive
C1QB	LRRC25	0.905542	0.905542	positive
C1QB	MARCO	0.802082	0.802082	positive
C1QB	OSCAR	0.846665	0.846665	positive
C1QB	PILRA	0.929292	0.929292	positive
C1QB	SIGLEC1	0.813288	0.813288	positive
C1QB	SIGLEC7	0.866355	0.866355	positive
C1QB	SLAMF8	0.852989	0.852989	positive
C1QB	SPI1	0.92905	0.92905	positive
C1QB	TMEM150B	0.835114	0.835114	positive
C1QB	TYROBP	0.932627	0.932627	positive
C1QB	VSIG4	0.870523	0.870523	positive
C5ORF49	AKAP14	0.817801	0.817801	positive
C5ORF49	C11ORF97	0.808646	0.808646	positive
C5ORF49	C6ORF118	0.841391	0.841391	positive
C5ORF49	C9ORF24	0.848028	0.848028	positive
C5ORF49	CAPSL	0.832772	0.832772	positive
C5ORF49	CDHR4	0.821963	0.821963	positive
C5ORF49	CFAP52	0.81889	0.81889	positive
C5ORF49	CFAP73	0.832979	0.832979	positive
C5ORF49	DNAI1	0.836997	0.836997	positive
C5ORF49	DNAI2	0.843331	0.843331	positive
C5ORF49	DYNLRB2	0.857529	0.857529	positive
C5ORF49	HOATZ	0.811443	0.811443	positive
C5ORF49	MORN5	0.88883	0.88883	positive
C5ORF49	PACRG	0.814734	0.814734	positive
C5ORF49	ROPN1L	0.817941	0.817941	positive
C5ORF49	RSPH1	0.82577	0.82577	positive
C5ORF49	RSPH4A	0.832201	0.832201	positive
C5ORF49	SAXO2	0.810731	0.810731	positive
C5ORF49	SNTN	0.849712	0.849712	positive
C5ORF49	STOML3	0.862252	0.862252	positive
C5ORF49	TEKT1	0.854549	0.854549	positive
C5ORF49	TUBA4B	0.828201	0.828201	positive
C5ORF49	WDR38	0.80731	0.80731	positive
C5ORF49	ZMYND10	0.888697	0.888697	positive
C5ORF49	CCDC114	0.861122	0.861122	positive
C5ORF49	CFAP53	0.815016	0.815016	positive
C5ORF49	SPEF1	0.857894	0.857894	positive
C5ORF49	CFAP45	0.802905	0.802905	positive
C5ORF49	CFAP57	0.827362	0.827362	positive
C5ORF49	CFAP94	0.866609	0.866609	positive
C5ORF49	FAM183A	0.829746	0.829746	positive
C5ORF49	FAM81B	0.813714	0.813714	positive
C5ORF49	PIFO	0.804115	0.804115	positive
C5ORF49	PPIL6	0.812636	0.812636	positive
C5ORF49	STMND1	0.830751	0.830751	positive
C5ORF49	TEKT2	0.83912	0.83912	positive
C5ORF49	TTC25	0.833992	0.833992	positive
ADAM12	COL1A2	0.8165	0.8165	positive
ADAM12	ADAMTS12	0.903742	0.903742	positive
ADAM12	CCN4	0.843386	0.843386	positive
ADAM12	COL12A1	0.881158	0.881158	positive
ADAM12	COL5A1	0.840582	0.840582	positive
ADAM12	COL5A2	0.900944	0.900944	positive
ADAM12	CTHRC1	0.877806	0.877806	positive
ADAM12	FAP	0.870878	0.870878	positive
ADAM12	GFPT2	0.822967	0.822967	positive
ADAM12	GREM1	0.848389	0.848389	positive
ADAM12	INHBA	0.871589	0.871589	positive
ADAM12	LOX	0.835406	0.835406	positive
ADAM12	POSTN	0.855496	0.855496	positive
ADAM12	PRRX1	0.837735	0.837735	positive
ADAM12	SULF1	0.89326	0.89326	positive
ADAM12	THBS2	0.844405	0.844405	positive
ADAM12	TNFAIP6	0.820768	0.820768	positive
ADAM12	VCAN	0.892826	0.892826	positive
NOX4	ITGA11	0.841546	0.841546	positive
NOX4	ADAMTS12	0.822507	0.822507	positive
NOX4	CCN4	0.813488	0.813488	positive
NOX4	COL12A1	0.802378	0.802378	positive
NOX4	COL5A2	0.808476	0.808476	positive
NOX4	FAP	0.879245	0.879245	positive
NOX4	INHBA	0.870332	0.870332	positive
NOX4	LOX	0.82294	0.82294	positive
NOX4	PRRX1	0.840074	0.840074	positive
NOX4	SULF1	0.811774	0.811774	positive
NOX4	CDH11	0.800126	0.800126	positive
NOX4	ASPN	0.850665	0.850665	positive
NOX4	COL10A1	0.849703	0.849703	positive
NOX4	PLN	0.836667	0.836667	positive
NOX4	SUGCT	0.805329	0.805329	positive
SLA	CD84	0.894987	0.894987	positive
SLA	FGL2	0.821949	0.821949	positive
SLA	PTPRC	0.887118	0.887118	positive
SLA	CYBB	0.901335	0.901335	positive
SLA	FPR3	0.801702	0.801702	positive
SLA	HAVCR2	0.810888	0.810888	positive
SLA	MRC1	0.812152	0.812152	positive
SLA	CD163	0.839711	0.839711	positive
SLA	IL2RA	0.873599	0.873599	positive
SLA	MS4A7	0.831006	0.831006	positive
SLA	SAMSN1	0.893736	0.893736	positive
SLA	CYTIP	0.83801	0.83801	positive
SLA	GPR183	0.803736	0.803736	positive
SLA	IL7R	0.833416	0.833416	positive
SLA	ITGAX	0.830558	0.830558	positive
SLA	NLRC4	0.802671	0.802671	positive
SLA	NLRP3	0.840229	0.840229	positive
SLA	TLR8	0.833717	0.833717	positive
DNAH3	APOBEC4	0.808701	0.808701	positive
DNAH3	CFAP43	0.812927	0.812927	positive
DNAH3	CFAP52	0.804829	0.804829	positive
DNAH3	DNAI1	0.802791	0.802791	positive
DNAH3	EFHB	0.856156	0.856156	positive
DNAH3	TTC29	0.830118	0.830118	positive
LY86	LAPTM5	0.80163	0.80163	positive
LY86	SPI1	0.808502	0.808502	positive
LY86	TYROBP	0.827345	0.827345	positive
LY86	CD52	0.813236	0.813236	positive
LY86	LAIR1	0.806606	0.806606	positive
LY86	CD300LF	0.805112	0.805112	positive
LY86	FOLR2	0.841606	0.841606	positive
LY86	HLA-DPB1	0.857168	0.857168	positive
LY86	HLA-DRA	0.866226	0.866226	positive
LY86	LST1	0.851293	0.851293	positive
LY86	HLA-DPA1	0.81052	0.81052	positive
LY86	VSIG4	0.801992	0.801992	positive
PLK1	TK1	0.806662	0.806662	positive
PLK1	ANLN	0.845865	0.845865	positive
PLK1	AURKA	0.90189	0.90189	positive
PLK1	BIRC5	0.905716	0.905716	positive
PLK1	BUB1	0.870846	0.870846	positive
PLK1	CCNA2	0.892286	0.892286	positive
PLK1	CCNB1	0.885883	0.885883	positive
PLK1	CCNB2	0.90461	0.90461	positive
PLK1	CDC25A	0.858713	0.858713	positive
PLK1	CDC45	0.87223	0.87223	positive
PLK1	CDC6	0.880891	0.880891	positive
PLK1	CDCA3	0.875756	0.875756	positive
PLK1	CDCA5	0.92246	0.92246	positive
PLK1	CDK1	0.804552	0.804552	positive
PLK1	CDKN3	0.85365	0.85365	positive
PLK1	CENPA	0.909971	0.909971	positive
PLK1	CENPU	0.802082	0.802082	positive
PLK1	CEP55	0.909721	0.909721	positive
PLK1	DLGAP5	0.879689	0.879689	positive
PLK1	DTL	0.813905	0.813905	positive
PLK1	ESPL1	0.898272	0.898272	positive
PLK1	FOXM1	0.919081	0.919081	positive
PLK1	GTSE1	0.906991	0.906991	positive
PLK1	HJURP	0.908824	0.908824	positive
PLK1	HMMR	0.825978	0.825978	positive
PLK1	IQGAP3	0.832656	0.832656	positive
PLK1	KIF11	0.87811	0.87811	positive
PLK1	KIF15	0.823815	0.823815	positive
PLK1	KIF2C	0.91836	0.91836	positive
PLK1	KIF4A	0.918915	0.918915	positive
PLK1	KIFC1	0.929796	0.929796	positive
PLK1	KPNA2	0.864477	0.864477	positive
PLK1	MAD2L1	0.867189	0.867189	positive
PLK1	MCM4	0.828168	0.828168	positive
PLK1	MELK	0.89376	0.89376	positive
PLK1	MKI67	0.854078	0.854078	positive
PLK1	MTFR2	0.85702	0.85702	positive
PLK1	NCAPH	0.907481	0.907481	positive
PLK1	NDC80	0.87876	0.87876	positive
PLK1	ORC1	0.891033	0.891033	positive
PLK1	PKMYT1	0.921041	0.921041	positive
PLK1	ASF1B	0.867372	0.867372	positive
PLK1	CCNF	0.840428	0.840428	positive
PLK1	CDC20	0.899243	0.899243	positive
PLK1	CDCA8	0.929339	0.929339	positive
PLK1	CDT1	0.876816	0.876816	positive
PLK1	CENPW	0.846445	0.846445	positive
PLK1	E2F1	0.840229	0.840229	positive
PLK1	GINS2	0.818573	0.818573	positive
PLK1	HROB	0.804443	0.804443	positive
PLK1	MYBL2	0.903621	0.903621	positive
PLK1	NEK2	0.883419	0.883419	positive
PLK1	NUF2	0.824693	0.824693	positive
PLK1	PBK	0.846542	0.846542	positive
PLK1	PIMREG	0.905969	0.905969	positive
PLK1	PRR11	0.888855	0.888855	positive
PLK1	PTTG1	0.800837	0.800837	positive
PLK1	RACGAP1	0.876696	0.876696	positive
PLK1	RAD51AP1	0.800737	0.800737	positive
PLK1	RRM2	0.886355	0.886355	positive
PLK1	SAPCD2	0.824574	0.824574	positive
PLK1	SHCBP1	0.821103	0.821103	positive
PLK1	SKA1	0.867946	0.867946	positive
PLK1	SKA3	0.884588	0.884588	positive
PLK1	SPAG5	0.876825	0.876825	positive
PLK1	SPC24	0.829155	0.829155	positive
PLK1	SPC25	0.878521	0.878521	positive
PLK1	TACC3	0.853333	0.853333	positive
PLK1	TEDC2	0.839317	0.839317	positive
PLK1	TOP2A	0.848678	0.848678	positive
PLK1	TPX2	0.932405	0.932405	positive
PLK1	TRIP13	0.807141	0.807141	positive
PLK1	TROAP	0.898627	0.898627	positive
PLK1	TTK	0.855394	0.855394	positive
PLK1	UBE2T	0.830151	0.830151	positive
PLK1	UHRF1	0.864201	0.864201	positive
PLK1	ZWINT	0.888369	0.888369	positive
CDHR4	AC007906.2	0.869735	0.869735	positive
CDHR4	AKAP14	0.941013	0.941013	positive
CDHR4	APOBEC4	0.840383	0.840383	positive
CDHR4	C11ORF97	0.954788	0.954788	positive
CDHR4	C20ORF85	0.931209	0.931209	positive
CDHR4	C22ORF15	0.92631	0.92631	positive
CDHR4	C6	0.86553	0.86553	positive
CDHR4	C6ORF118	0.945409	0.945409	positive
CDHR4	C9ORF24	0.91635	0.91635	positive
CDHR4	CAPSL	0.931039	0.931039	positive
CDHR4	CCDC17	0.919439	0.919439	positive
CDHR4	ALOX15	0.833933	0.833933	positive
CDHR4	CACNG6	0.874022	0.874022	positive
CDHR4	CCDC114	0.874534	0.874534	positive
CDHR4	CCDC173	0.81687	0.81687	positive
CDHR4	CCDC78	0.867945	0.867945	positive
CDHR4	CDHR3	0.805257	0.805257	positive
CDHR4	CFAP43	0.860009	0.860009	positive
CDHR4	CFAP45	0.800554	0.800554	positive
CDHR4	CFAP52	0.929755	0.929755	positive
CDHR4	CFAP53	0.883887	0.883887	positive
CDHR4	CFAP73	0.912997	0.912997	positive
CDHR4	CFAP77	0.934739	0.934739	positive
CDHR4	CFAP94	0.822341	0.822341	positive
CDHR4	CHST9	0.825525	0.825525	positive
CDHR4	CIBAR2	0.934884	0.934884	positive
CDHR4	CNGA4	0.903523	0.903523	positive
CDHR4	DNAI1	0.928754	0.928754	positive
CDHR4	DNAI2	0.957263	0.957263	positive
CDHR4	DTHD1	0.835329	0.835329	positive
CDHR4	DYDC2	0.837218	0.837218	positive
CDHR4	DYNLRB2	0.852249	0.852249	positive
CDHR4	EFHB	0.830479	0.830479	positive
CDHR4	ENKUR	0.889183	0.889183	positive
CDHR4	ERICH3	0.920545	0.920545	positive
CDHR4	FAM166B	0.929789	0.929789	positive
CDHR4	FAM216B	0.885742	0.885742	positive
CDHR4	GAS2L2	0.873807	0.873807	positive
CDHR4	HOATZ	0.932932	0.932932	positive
CDHR4	IL5RA	0.856577	0.856577	positive
CDHR4	LRRC46	0.904622	0.904622	positive
CDHR4	MORN5	0.934867	0.934867	positive
CDHR4	MS4A8	0.850428	0.850428	positive
CDHR4	NHLRC4	0.808986	0.808986	positive
CDHR4	NWD1	0.849798	0.849798	positive
CDHR4	PACRG	0.902896	0.902896	positive
CDHR4	ROPN1L	0.924814	0.924814	positive
CDHR4	RSPH1	0.881461	0.881461	positive
CDHR4	RSPH4A	0.920098	0.920098	positive
CDHR4	RSPH9	0.870422	0.870422	positive
CDHR4	SAXO2	0.905436	0.905436	positive
CDHR4	SCGB1A1	0.815617	0.815617	positive
CDHR4	SNTN	0.926094	0.926094	positive
CDHR4	SPAG8	0.805602	0.805602	positive
CDHR4	SPEF1	0.863997	0.863997	positive
CDHR4	STMND1	0.806878	0.806878	positive
CDHR4	STOML3	0.926143	0.926143	positive
CDHR4	TEKT1	0.972095	0.972095	positive
CDHR4	TEKT2	0.849411	0.849411	positive
CDHR4	TSPAN19	0.887771	0.887771	positive
CDHR4	TTC25	0.810824	0.810824	positive
CDHR4	TTC29	0.89607	0.89607	positive
CDHR4	TUBA4B	0.952028	0.952028	positive
CDHR4	VWA3B	0.9044	0.9044	positive
CDHR4	WDR38	0.961697	0.961697	positive
CDHR4	ZMYND10	0.926083	0.926083	positive
FAM167B	RAMP2	0.806732	0.806732	positive
ABCA1	CD84	0.826135	0.826135	positive
ABCA1	ZEB2	0.874888	0.874888	positive
RFX2	STMND1	0.802154	0.802154	positive
RFX2	TTC25	0.802805	0.802805	positive
ICOS	CD28	0.816017	0.816017	positive
ICOS	CXCR6	0.849357	0.849357	positive
ICOS	FGL2	0.801142	0.801142	positive
ICOS	PTPRC	0.833529	0.833529	positive
ICOS	CD2	0.801373	0.801373	positive
ICOS	TIGIT	0.85078	0.85078	positive
ICOS	CCR8	0.833539	0.833539	positive
ICOS	CTLA4	0.891874	0.891874	positive
ICOS	P2RY13	0.818583	0.818583	positive
LTB	SIT1	0.810895	0.810895	positive
CERCAM	COL1A1	0.804429	0.804429	positive
CERCAM	FBLN2	0.821123	0.821123	positive
CERCAM	ISLR	0.807659	0.807659	positive
CERCAM	PCOLCE	0.84794	0.84794	positive
CERCAM	THY1	0.827443	0.827443	positive
CERCAM	COL6A2	0.820797	0.820797	positive
CERCAM	CLEC11A	0.845175	0.845175	positive
OLR1	C1ORF162	0.878474	0.878474	positive
OLR1	CYBB	0.801602	0.801602	positive
OLR1	FCGR2A	0.803901	0.803901	positive
OLR1	HAVCR2	0.821166	0.821166	positive
OLR1	LAIR1	0.816741	0.816741	positive
OLR1	MSR1	0.835784	0.835784	positive
OLR1	MRC1	0.833915	0.833915	positive
OLR1	IGSF6	0.809271	0.809271	positive
OLR1	NLRC4	0.81965	0.81965	positive
CPXM2	AEBP1	0.820766	0.820766	positive
CPXM2	ITGBL1	0.840369	0.840369	positive
CPXM2	SFRP4	0.834841	0.834841	positive
CPXM2	COL8A2	0.818878	0.818878	positive
CPXM2	DPT	0.815187	0.815187	positive
CPXM2	LMOD1	0.810126	0.810126	positive
CPXM2	PODN	0.829238	0.829238	positive
CPXM2	PRELP	0.808074	0.808074	positive
CPXM2	SMOC2	0.838019	0.838019	positive
INMT	ADH1B	0.836523	0.836523	positive
INMT	VEGFD	0.813924	0.813924	positive
TDRD10	SHE	0.831041	0.831041	positive
GOLGA8B	GOLGA8A	0.831708	0.831708	positive
USP9Y	DDX3Y	0.958284	0.958284	positive
USP9Y	EIF1AY	0.911047	0.911047	positive
USP9Y	KDM5D	0.965274	0.965274	positive
USP9Y	NLGN4Y	0.877649	0.877649	positive
USP9Y	PRKY	0.930555	0.930555	positive
USP9Y	RPS4Y1	0.875775	0.875775	positive
USP9Y	TMSB4Y	0.858337	0.858337	positive
USP9Y	UTY	0.981274	0.981274	positive
USP9Y	ZFY	0.937476	0.937476	positive
MS4A1	FCRL1	0.910694	0.910694	positive
MS4A1	BLK	0.915592	0.915592	positive
MS4A1	CD19	0.812618	0.812618	positive
MS4A1	CD22	0.824345	0.824345	positive
MS4A1	CLEC17A	0.843309	0.843309	positive
MS4A1	CNR2	0.91902	0.91902	positive
MS4A1	FCRL3	0.846992	0.846992	positive
MS4A1	NIBAN3	0.873939	0.873939	positive
MS4A1	SPIB	0.853545	0.853545	positive
MS4A1	STAP1	0.858194	0.858194	positive
MS4A1	TLR10	0.875063	0.875063	positive
MS4A1	TNFRSF13B	0.814469	0.814469	positive
MS4A1	TNFRSF13C	0.865087	0.865087	positive
CCDC80	COL1A2	0.804053	0.804053	positive
CCDC80	COL5A2	0.818132	0.818132	positive
CCDC80	VCAN	0.802728	0.802728	positive
CCDC80	COL15A1	0.813178	0.813178	positive
CCDC80	DDR2	0.843283	0.843283	positive
CCDC80	PDGFRA	0.824851	0.824851	positive
CCDC80	CLMP	0.805109	0.805109	positive
CCDC80	CXCL12	0.850522	0.850522	positive
CCDC80	FGF7	0.808172	0.808172	positive
CCDC80	FIBIN	0.845978	0.845978	positive
CCDC80	GAS1	0.853464	0.853464	positive
CCDC80	MSRB3	0.809142	0.809142	positive
MELK	ANLN	0.887449	0.887449	positive
MELK	ARHGAP11A	0.826021	0.826021	positive
MELK	AURKA	0.901006	0.901006	positive
MELK	BIRC5	0.882523	0.882523	positive
MELK	BUB1	0.947902	0.947902	positive
MELK	CCNA2	0.926749	0.926749	positive
MELK	CCNB1	0.85015	0.85015	positive
MELK	CCNB2	0.899927	0.899927	positive
MELK	CDC25A	0.884324	0.884324	positive
MELK	CDC45	0.864153	0.864153	positive
MELK	CDC6	0.906586	0.906586	positive
MELK	CDCA3	0.890636	0.890636	positive
MELK	CDCA5	0.909046	0.909046	positive
MELK	CDK1	0.862349	0.862349	positive
MELK	CDKN3	0.88442	0.88442	positive
MELK	CENPA	0.954167	0.954167	positive
MELK	CENPU	0.855044	0.855044	positive
MELK	CEP55	0.948992	0.948992	positive
MELK	CHEK1	0.888355	0.888355	positive
MELK	CIP2A	0.835369	0.835369	positive
MELK	DLGAP5	0.93326	0.93326	positive
MELK	DTL	0.849799	0.849799	positive
MELK	ESPL1	0.905752	0.905752	positive
MELK	FOXM1	0.898671	0.898671	positive
MELK	GTSE1	0.914465	0.914465	positive
MELK	HJURP	0.933049	0.933049	positive
MELK	HMMR	0.877968	0.877968	positive
MELK	IQGAP3	0.845455	0.845455	positive
MELK	KIF11	0.913949	0.913949	positive
MELK	KIF15	0.916722	0.916722	positive
MELK	KIF2C	0.931105	0.931105	positive
MELK	KIF4A	0.943	0.943	positive
MELK	KIFC1	0.879939	0.879939	positive
MELK	KPNA2	0.888903	0.888903	positive
MELK	MAD2L1	0.885441	0.885441	positive
MELK	MCM4	0.85116	0.85116	positive
MELK	ASF1B	0.824077	0.824077	positive
MELK	ATAD2	0.847772	0.847772	positive
MELK	BLM	0.804744	0.804744	positive
MELK	CCNF	0.857573	0.857573	positive
MELK	CDC20	0.84663	0.84663	positive
MELK	CDCA8	0.90593	0.90593	positive
MELK	CDT1	0.812129	0.812129	positive
MELK	CENPF	0.82377	0.82377	positive
MELK	CENPW	0.819364	0.819364	positive
MELK	DSCC1	0.851224	0.851224	positive
MELK	EZH2	0.813251	0.813251	positive
MELK	FAM83D	0.80854	0.80854	positive
MELK	FANCA	0.80509	0.80509	positive
MELK	FANCI	0.830937	0.830937	positive
MELK	GINS1	0.853659	0.853659	positive
MELK	GINS2	0.803743	0.803743	positive
MELK	HASPIN	0.853052	0.853052	positive
MELK	HROB	0.810263	0.810263	positive
MELK	KIF3C	0.816065	0.816065	positive
MELK	LMNB1	0.805234	0.805234	positive
MELK	MKI67	0.884142	0.884142	positive
MELK	MTFR2	0.861486	0.861486	positive
MELK	MTHFD2	0.813534	0.813534	positive
MELK	MYBL2	0.893844	0.893844	positive
MELK	NCAPG2	0.825544	0.825544	positive
MELK	NCAPH	0.933244	0.933244	positive
MELK	NDC80	0.926374	0.926374	positive
MELK	NEK2	0.893735	0.893735	positive
MELK	NUF2	0.890667	0.890667	positive
MELK	ORC1	0.913729	0.913729	positive
MELK	ORC6	0.847584	0.847584	positive
MELK	PBK	0.833612	0.833612	positive
MELK	PIMREG	0.871683	0.871683	positive
MELK	PKMYT1	0.874291	0.874291	positive
MELK	PLK4	0.858878	0.858878	positive
MELK	PRR11	0.928067	0.928067	positive
MELK	RACGAP1	0.894285	0.894285	positive
MELK	RAD51AP1	0.907055	0.907055	positive
MELK	RRM2	0.916112	0.916112	positive
MELK	SHCBP1	0.87422	0.87422	positive
MELK	SKA1	0.936726	0.936726	positive
MELK	SKA3	0.920214	0.920214	positive
MELK	SPAG5	0.885788	0.885788	positive
MELK	SPC24	0.857623	0.857623	positive
MELK	SPC25	0.887904	0.887904	positive
MELK	STIL	0.829866	0.829866	positive
MELK	TACC3	0.817524	0.817524	positive
MELK	TOP2A	0.923644	0.923644	positive
MELK	TPX2	0.944525	0.944525	positive
MELK	TRIP13	0.860151	0.860151	positive
MELK	TROAP	0.884858	0.884858	positive
MELK	TTK	0.926594	0.926594	positive
MELK	UBE2C	0.803389	0.803389	positive
MELK	UHRF1	0.892123	0.892123	positive
MELK	ZWINT	0.859828	0.859828	positive
COL1A1	AEBP1	0.812754	0.812754	positive
COL1A1	COL1A2	0.924447	0.924447	positive
COL1A1	COL5A1	0.916889	0.916889	positive
COL1A1	COL5A2	0.846263	0.846263	positive
COL1A1	CTHRC1	0.845684	0.845684	positive
COL1A1	POSTN	0.827075	0.827075	positive
COL1A1	THBS2	0.862282	0.862282	positive
COL1A1	ADAMTS2	0.868347	0.868347	positive
COL1A1	ANGPTL2	0.838601	0.838601	positive
COL1A1	BGN	0.871111	0.871111	positive
COL1A1	CILP2	0.817927	0.817927	positive
COL1A1	COL5A3	0.86719	0.86719	positive
COL1A1	COL6A1	0.832364	0.832364	positive
COL1A1	COL6A2	0.852965	0.852965	positive
COL1A1	HTRA3	0.810458	0.810458	positive
COL1A1	ISLR	0.810091	0.810091	positive
COL1A1	LOXL2	0.826992	0.826992	positive
COL1A1	MMP2	0.848693	0.848693	positive
COL1A1	OLFML2B	0.865389	0.865389	positive
COL1A1	PCOLCE	0.835466	0.835466	positive
COL1A1	SFRP2	0.839198	0.839198	positive
COL1A1	THY1	0.872886	0.872886	positive
HS3ST2	KCNJ5	0.831174	0.831174	positive
LAPTM5	C1QA	0.869112	0.869112	positive
LAPTM5	C1QC	0.905302	0.905302	positive
LAPTM5	CD14	0.885058	0.885058	positive
LAPTM5	DOK2	0.830298	0.830298	positive
LAPTM5	FERMT3	0.843061	0.843061	positive
LAPTM5	ITGB2	0.859147	0.859147	positive
LAPTM5	BCL2A1	0.815586	0.815586	positive
LAPTM5	C3AR1	0.88741	0.88741	positive
LAPTM5	C5AR1	0.85442	0.85442	positive
LAPTM5	CCR1	0.850629	0.850629	positive
LAPTM5	CD163	0.819665	0.819665	positive
LAPTM5	CD300C	0.877625	0.877625	positive
LAPTM5	FCER1G	0.926501	0.926501	positive
LAPTM5	FCGR3A	0.876443	0.876443	positive
LAPTM5	FGR	0.865999	0.865999	positive
LAPTM5	FPR1	0.803585	0.803585	positive
LAPTM5	FPR3	0.826397	0.826397	positive
LAPTM5	GPNMB	0.851657	0.851657	positive
LAPTM5	HAVCR2	0.905138	0.905138	positive
LAPTM5	HK3	0.86153	0.86153	positive
LAPTM5	HSD11B1	0.839112	0.839112	positive
LAPTM5	ITGAM	0.818446	0.818446	positive
LAPTM5	LAIR1	0.910971	0.910971	positive
LAPTM5	LILRA6	0.810316	0.810316	positive
LAPTM5	LILRB2	0.835882	0.835882	positive
LAPTM5	LILRB4	0.866027	0.866027	positive
LAPTM5	LRRC25	0.923636	0.923636	positive
LAPTM5	MSR1	0.837383	0.837383	positive
LAPTM5	NFAM1	0.881507	0.881507	positive
LAPTM5	OSCAR	0.880026	0.880026	positive
LAPTM5	PILRA	0.904452	0.904452	positive
LAPTM5	PLEK	0.816747	0.816747	positive
LAPTM5	SIGLEC1	0.826833	0.826833	positive
LAPTM5	SIGLEC7	0.895267	0.895267	positive
LAPTM5	SLAMF8	0.893738	0.893738	positive
LAPTM5	SLCO2B1	0.832643	0.832643	positive
LAPTM5	SPI1	0.903491	0.903491	positive
LAPTM5	TYROBP	0.862714	0.862714	positive
LAPTM5	VSIG4	0.89439	0.89439	positive
TCTEX1D1	APOBEC4	0.810763	0.810763	positive
TCTEX1D1	DCDC2B	0.803321	0.803321	positive
TCTEX1D1	LRRC18	0.851475	0.851475	positive
STARD13	ZEB2	0.809021	0.809021	positive
STARD13	DDR2	0.812591	0.812591	positive
STARD13	ARHGAP6	0.802364	0.802364	positive
CD3E	CD2	0.92209	0.92209	positive
CD3E	CCL5	0.813102	0.813102	positive
CD3E	CD27	0.805275	0.805275	positive
CD3E	CD3D	0.86539	0.86539	positive
CD3E	CD8A	0.813658	0.813658	positive
CD3E	GZMA	0.818292	0.818292	positive
CD3E	GZMK	0.823236	0.823236	positive
CD3E	IL2RB	0.838892	0.838892	positive
CD3E	LTA	0.831554	0.831554	positive
CD3E	PLA2G2D	0.803603	0.803603	positive
CD3E	SIRPG	0.889893	0.889893	positive
CD3E	SIT1	0.872117	0.872117	positive
CDC20	TK1	0.894434	0.894434	positive
CDC20	AURKA	0.896984	0.896984	positive
CDC20	BIRC5	0.950057	0.950057	positive
CDC20	BUB1	0.819514	0.819514	positive
CDC20	CCNA2	0.803873	0.803873	positive
CDC20	CCNB1	0.907473	0.907473	positive
CDC20	CCNB2	0.82387	0.82387	positive
CDC20	CDC25A	0.806071	0.806071	positive
CDC20	CDC45	0.860657	0.860657	positive
CDC20	CDC6	0.851579	0.851579	positive
CDC20	CDCA3	0.849856	0.849856	positive
CDC20	CDCA5	0.931939	0.931939	positive
CDC20	CDKN3	0.848595	0.848595	positive
CDC20	CENPA	0.894489	0.894489	positive
CDC20	CEP55	0.841937	0.841937	positive
CDC20	DLGAP5	0.845126	0.845126	positive
CDC20	ESPL1	0.856642	0.856642	positive
CDC20	FOXM1	0.874562	0.874562	positive
CDC20	GTSE1	0.89402	0.89402	positive
CDC20	HJURP	0.87478	0.87478	positive
CDC20	HMMR	0.814805	0.814805	positive
CDC20	KIF2C	0.920445	0.920445	positive
CDC20	KIF4A	0.875535	0.875535	positive
CDC20	KIFC1	0.947599	0.947599	positive
CDC20	KPNA2	0.887892	0.887892	positive
CDC20	MAD2L1	0.831156	0.831156	positive
CDC20	MCM4	0.828808	0.828808	positive
CDC20	NCAPH	0.869278	0.869278	positive
CDC20	NDC80	0.819163	0.819163	positive
CDC20	ORC1	0.878857	0.878857	positive
CDC20	PKMYT1	0.925765	0.925765	positive
CDC20	PRR11	0.852856	0.852856	positive
CDC20	RRM2	0.839968	0.839968	positive
CDC20	SKA1	0.822396	0.822396	positive
CDC20	SKA3	0.819326	0.819326	positive
CDC20	SPAG5	0.813338	0.813338	positive
CDC20	SPC24	0.841847	0.841847	positive
CDC20	TACC3	0.881049	0.881049	positive
CDC20	TOP2A	0.818596	0.818596	positive
CDC20	TPX2	0.906885	0.906885	positive
CDC20	TRIP13	0.806274	0.806274	positive
CDC20	UHRF1	0.809672	0.809672	positive
CDC20	CENPM	0.865681	0.865681	positive
CDC20	NEK2	0.848709	0.848709	positive
CDC20	RACGAP1	0.813626	0.813626	positive
CDC20	ASF1B	0.908058	0.908058	positive
CDC20	CDCA8	0.928269	0.928269	positive
CDC20	CDT1	0.920032	0.920032	positive
CDC20	CENPW	0.855045	0.855045	positive
CDC20	E2F1	0.891288	0.891288	positive
CDC20	GINS2	0.809277	0.809277	positive
CDC20	HROB	0.834932	0.834932	positive
CDC20	MYBL2	0.939506	0.939506	positive
CDC20	NUF2	0.809216	0.809216	positive
CDC20	PBK	0.828967	0.828967	positive
CDC20	PIMREG	0.900126	0.900126	positive
CDC20	PTTG1	0.875146	0.875146	positive
CDC20	RECQL4	0.87257	0.87257	positive
CDC20	SAPCD2	0.833664	0.833664	positive
CDC20	TEDC2	0.887019	0.887019	positive
CDC20	TIMELESS	0.802171	0.802171	positive
CDC20	TROAP	0.89088	0.89088	positive
CDC20	UBE2C	0.865118	0.865118	positive
CDC20	UBE2S	0.860293	0.860293	positive
CDC20	UBE2T	0.870105	0.870105	positive
CDC20	ZWINT	0.905138	0.905138	positive
MRGPRF	CNN1	0.831519	0.831519	positive
MRGPRF	MYL9	0.834807	0.834807	positive
MRGPRF	TAGLN	0.847251	0.847251	positive
MRGPRF	MMP2	0.828578	0.828578	positive
MRGPRF	ADGRA2	0.83804	0.83804	positive
MRGPRF	EMILIN1	0.820386	0.820386	positive
MRGPRF	COL6A2	0.808839	0.808839	positive
MRGPRF	DPT	0.813868	0.813868	positive
MRGPRF	PCOLCE	0.802387	0.802387	positive
MRGPRF	SCARF2	0.828037	0.828037	positive
MRGPRF	SERPINF1	0.803564	0.803564	positive
FPR2	CD300E	0.834589	0.834589	positive
FPR2	FCAR	0.868646	0.868646	positive
FPR2	FPR1	0.81611	0.81611	positive
FPR2	NLRP3	0.805387	0.805387	positive
ADAMTS2	COL1A2	0.918364	0.918364	positive
ADAMTS2	ITGA11	0.811833	0.811833	positive
ADAMTS2	ADAMTS12	0.866008	0.866008	positive
ADAMTS2	COL5A1	0.923264	0.923264	positive
ADAMTS2	COL5A2	0.922498	0.922498	positive
ADAMTS2	INHBA	0.846202	0.846202	positive
ADAMTS2	POSTN	0.84234	0.84234	positive
ADAMTS2	SULF1	0.830577	0.830577	positive
ADAMTS2	THBS2	0.884052	0.884052	positive
ADAMTS2	TNFAIP6	0.845807	0.845807	positive
ADAMTS2	ANGPTL2	0.846033	0.846033	positive
ADAMTS2	COL15A1	0.820936	0.820936	positive
ADAMTS2	COL5A3	0.892797	0.892797	positive
ADAMTS2	COL6A1	0.802126	0.802126	positive
ADAMTS2	MMP2	0.801715	0.801715	positive
ADAMTS2	NID2	0.865777	0.865777	positive
ADAMTS2	OLFML2B	0.842114	0.842114	positive
MFAP4	SPARCL1	0.822931	0.822931	positive
MFAP4	F10	0.810675	0.810675	positive
PVALB	CD52	0.801306	0.801306	positive
CDCA8	AURKA	0.893874	0.893874	positive
CDCA8	BIRC5	0.9204	0.9204	positive
CDCA8	BUB1	0.856409	0.856409	positive
CDCA8	CCNA2	0.836935	0.836935	positive
CDCA8	CCNB1	0.854601	0.854601	positive
CDCA8	CCNB2	0.870383	0.870383	positive
CDCA8	CDC25A	0.870415	0.870415	positive
CDCA8	CDC45	0.865693	0.865693	positive
CDCA8	CDC6	0.869498	0.869498	positive
CDCA8	CDCA3	0.868861	0.868861	positive
CDCA8	CDCA5	0.939827	0.939827	positive
CDCA8	CDKN3	0.837953	0.837953	positive
CDCA8	CENPA	0.923787	0.923787	positive
CDCA8	CEP55	0.87519	0.87519	positive
CDCA8	DLGAP5	0.870779	0.870779	positive
CDCA8	ESPL1	0.897117	0.897117	positive
CDCA8	FOXM1	0.885348	0.885348	positive
CDCA8	GTSE1	0.904797	0.904797	positive
CDCA8	HJURP	0.908119	0.908119	positive
CDCA8	HMMR	0.821468	0.821468	positive
CDCA8	KIF11	0.842098	0.842098	positive
CDCA8	KIF15	0.853084	0.853084	positive
CDCA8	KIF2C	0.945503	0.945503	positive
CDCA8	KIF4A	0.903733	0.903733	positive
CDCA8	KIFC1	0.938473	0.938473	positive
CDCA8	KPNA2	0.869507	0.869507	positive
CDCA8	MAD2L1	0.84545	0.84545	positive
CDCA8	MCM4	0.823637	0.823637	positive
CDCA8	MKI67	0.800824	0.800824	positive
CDCA8	MTFR2	0.802556	0.802556	positive
CDCA8	NCAPH	0.888901	0.888901	positive
CDCA8	NDC80	0.888599	0.888599	positive
CDCA8	ORC1	0.896126	0.896126	positive
CDCA8	PKMYT1	0.91145	0.91145	positive
CDCA8	PRR11	0.872331	0.872331	positive
CDCA8	RRM2	0.873659	0.873659	positive
CDCA8	SKA1	0.883704	0.883704	positive
CDCA8	SKA3	0.852198	0.852198	positive
CDCA8	SPAG5	0.863288	0.863288	positive
CDCA8	SPC24	0.840045	0.840045	positive
CDCA8	SPC25	0.86307	0.86307	positive
CDCA8	TACC3	0.846922	0.846922	positive
CDCA8	TOP2A	0.866854	0.866854	positive
CDCA8	TPX2	0.916535	0.916535	positive
CDCA8	TRIP13	0.830243	0.830243	positive
CDCA8	TTK	0.847294	0.847294	positive
CDCA8	UHRF1	0.839761	0.839761	positive
CDCA8	NEK2	0.868214	0.868214	positive
CDCA8	RACGAP1	0.831483	0.831483	positive
CDCA8	ASF1B	0.88008	0.88008	positive
CDCA8	CCNF	0.838311	0.838311	positive
CDCA8	CDT1	0.862254	0.862254	positive
CDCA8	CENPW	0.821911	0.821911	positive
CDCA8	CHAF1B	0.81526	0.81526	positive
CDCA8	E2F1	0.86333	0.86333	positive
CDCA8	GINS2	0.835483	0.835483	positive
CDCA8	HROB	0.802273	0.802273	positive
CDCA8	KIF3C	0.801458	0.801458	positive
CDCA8	MYBL2	0.92166	0.92166	positive
CDCA8	NUF2	0.846686	0.846686	positive
CDCA8	PBK	0.850598	0.850598	positive
CDCA8	PIMREG	0.911915	0.911915	positive
CDCA8	PTTG1	0.825811	0.825811	positive
CDCA8	RECQL4	0.830058	0.830058	positive
CDCA8	SAPCD2	0.829014	0.829014	positive
CDCA8	TEDC2	0.866247	0.866247	positive
CDCA8	TROAP	0.891842	0.891842	positive
CDCA8	UBE2C	0.827138	0.827138	positive
CDCA8	UBE2S	0.832711	0.832711	positive
CDCA8	UBE2T	0.84109	0.84109	positive
CDCA8	ZWINT	0.898222	0.898222	positive
CCL4	SLAMF8	0.807833	0.807833	positive
CCL4	LILRB4	0.81134	0.81134	positive
CCL4	GBP1	0.815473	0.815473	positive
CCL4	CALHM6	0.813115	0.813115	positive
CCL4	CCL3	0.837202	0.837202	positive
CCL4	CCL4L2	0.830882	0.830882	positive
CCL4	CCL5	0.834567	0.834567	positive
CCL4	CXCL10	0.830042	0.830042	positive
CCL4	CXCL9	0.812335	0.812335	positive
CCL4	GZMA	0.804828	0.804828	positive
CCL4	GZMB	0.814291	0.814291	positive
CCL4	IL2RB	0.814544	0.814544	positive
CCL4	NKG7	0.811792	0.811792	positive
CTSV	KIF4A	0.814474	0.814474	positive
CTSV	KPNA2	0.804466	0.804466	positive
CTSV	RRM2	0.804915	0.804915	positive
CTSV	CENPW	0.817437	0.817437	positive
NCF1	FERMT3	0.845953	0.845953	positive
NCF1	IL4I1	0.855733	0.855733	positive
NCF1	ITGB2	0.805139	0.805139	positive
NCF1	CALHM6	0.800264	0.800264	positive
NCF1	CD27	0.823079	0.823079	positive
NCF1	CD79A	0.81318	0.81318	positive
NCF1	LILRB4	0.842225	0.842225	positive
NCF1	SIT1	0.805837	0.805837	positive
NCF1	SLAMF8	0.835213	0.835213	positive
AGTR2	PLA2G4E	0.81685	0.81685	positive
MYL9	ACTA2	0.836083	0.836083	positive
MYL9	CNN1	0.848296	0.848296	positive
MYL9	BGN	0.860271	0.860271	positive
MYL9	CD248	0.811143	0.811143	positive
MYL9	CLEC11A	0.824771	0.824771	positive
MYL9	COX7A1	0.81727	0.81727	positive
MYL9	FBLN2	0.802503	0.802503	positive
MYL9	HTRA3	0.803588	0.803588	positive
MYL9	ISLR	0.853663	0.853663	positive
MYL9	MXRA8	0.840642	0.840642	positive
MYL9	PCOLCE	0.853082	0.853082	positive
MYL9	RARRES2	0.826916	0.826916	positive
MYL9	SCARF2	0.879138	0.879138	positive
MYL9	TAGLN	0.936722	0.936722	positive
MYL9	THY1	0.832355	0.832355	positive
MYL9	TPM2	0.839016	0.839016	positive
PLA2G7	LILRB4	0.86959	0.86959	positive
HBA1	HBA2	0.804532	0.804532	positive
HBA1	HBB	0.851642	0.851642	positive
DSC2	DSG2	0.85422	0.85422	positive
SFTPC	LGI3	0.859599	0.859599	positive
SFTPC	PEBP4	0.815799	0.815799	positive
SFTPC	SFTPD	0.845062	0.845062	positive
C1QC	C1QA	0.981867	0.981867	positive
C1QC	ACP5	0.899784	0.899784	positive
C1QC	APOC1	0.812825	0.812825	positive
C1QC	APOE	0.855514	0.855514	positive
C1QC	C3AR1	0.803824	0.803824	positive
C1QC	CD14	0.919021	0.919021	positive
C1QC	CD300C	0.863157	0.863157	positive
C1QC	DOK2	0.919064	0.919064	positive
C1QC	EMP3	0.857942	0.857942	positive
C1QC	FCER1G	0.904133	0.904133	positive
C1QC	FCGR3A	0.8467	0.8467	positive
C1QC	FERMT3	0.863398	0.863398	positive
C1QC	FOLR2	0.818664	0.818664	positive
C1QC	HAVCR2	0.811844	0.811844	positive
C1QC	HK3	0.838724	0.838724	positive
C1QC	IL4I1	0.833575	0.833575	positive
C1QC	ITGB2	0.850156	0.850156	positive
C1QC	LAIR1	0.837003	0.837003	positive
C1QC	LILRB4	0.83369	0.83369	positive
C1QC	LRRC25	0.93094	0.93094	positive
C1QC	MARCO	0.804567	0.804567	positive
C1QC	OSCAR	0.857943	0.857943	positive
C1QC	PILRA	0.944692	0.944692	positive
C1QC	SIGLEC1	0.82394	0.82394	positive
C1QC	SIGLEC7	0.881356	0.881356	positive
C1QC	SLAMF8	0.866656	0.866656	positive
C1QC	SPI1	0.939001	0.939001	positive
C1QC	TMEM150B	0.840835	0.840835	positive
C1QC	TYROBP	0.941631	0.941631	positive
C1QC	VSIG4	0.872611	0.872611	positive
CENPM	TK1	0.872882	0.872882	positive
CENPM	BIRC5	0.870415	0.870415	positive
CENPM	CDC45	0.865319	0.865319	positive
CENPM	CDCA5	0.808348	0.808348	positive
CENPM	GTSE1	0.829629	0.829629	positive
CENPM	KIFC1	0.803595	0.803595	positive
CENPM	PKMYT1	0.851616	0.851616	positive
CENPM	SPC24	0.816498	0.816498	positive
CENPM	ASF1B	0.890875	0.890875	positive
CENPM	CDT1	0.846705	0.846705	positive
CENPM	CENPW	0.828267	0.828267	positive
CENPM	E2F1	0.805648	0.805648	positive
CENPM	MYBL2	0.830719	0.830719	positive
CENPM	PTTG1	0.815618	0.815618	positive
CENPM	TEDC2	0.847927	0.847927	positive
CD93	DIPK2B	0.810219	0.810219	positive
CD93	AFAP1L1	0.89462	0.89462	positive
CD93	HEG1	0.812907	0.812907	positive
HJURP	ANLN	0.876543	0.876543	positive
HJURP	ARHGAP11A	0.866964	0.866964	positive
HJURP	AURKA	0.930988	0.930988	positive
HJURP	BIRC5	0.902202	0.902202	positive
HJURP	BUB1	0.953624	0.953624	positive
HJURP	CCNA2	0.930373	0.930373	positive
HJURP	CCNB1	0.906188	0.906188	positive
HJURP	CCNB2	0.911737	0.911737	positive
HJURP	CDC25A	0.898405	0.898405	positive
HJURP	CDC45	0.86338	0.86338	positive
HJURP	CDC6	0.898962	0.898962	positive
HJURP	CDCA3	0.901409	0.901409	positive
HJURP	CDCA5	0.912779	0.912779	positive
HJURP	CDK1	0.87896	0.87896	positive
HJURP	CDKN3	0.903049	0.903049	positive
HJURP	CENPA	0.960166	0.960166	positive
HJURP	CENPU	0.863074	0.863074	positive
HJURP	CEP55	0.936298	0.936298	positive
HJURP	CHEK1	0.871871	0.871871	positive
HJURP	CIP2A	0.82104	0.82104	positive
HJURP	DLGAP5	0.929596	0.929596	positive
HJURP	DTL	0.863843	0.863843	positive
HJURP	ESPL1	0.938981	0.938981	positive
HJURP	FOXM1	0.905461	0.905461	positive
HJURP	GTSE1	0.921558	0.921558	positive
HJURP	ASF1B	0.817759	0.817759	positive
HJURP	ATAD2	0.83277	0.83277	positive
HJURP	CCNF	0.877773	0.877773	positive
HJURP	CDT1	0.822614	0.822614	positive
HJURP	CENPF	0.856375	0.856375	positive
HJURP	CENPW	0.812467	0.812467	positive
HJURP	DSCC1	0.823182	0.823182	positive
HJURP	E2F1	0.811756	0.811756	positive
HJURP	FANCI	0.821588	0.821588	positive
HJURP	GINS2	0.80314	0.80314	positive
HJURP	HASPIN	0.845534	0.845534	positive
HJURP	HMMR	0.913955	0.913955	positive
HJURP	HROB	0.84284	0.84284	positive
HJURP	IQGAP3	0.890523	0.890523	positive
HJURP	KIF11	0.925289	0.925289	positive
HJURP	KIF15	0.912809	0.912809	positive
HJURP	KIF2C	0.948519	0.948519	positive
HJURP	KIF4A	0.953127	0.953127	positive
HJURP	KIFC1	0.904501	0.904501	positive
HJURP	KPNA2	0.911597	0.911597	positive
HJURP	LMNB1	0.845326	0.845326	positive
HJURP	MAD2L1	0.891953	0.891953	positive
HJURP	MCM4	0.846098	0.846098	positive
HJURP	MKI67	0.895069	0.895069	positive
HJURP	MTFR2	0.847432	0.847432	positive
HJURP	MYBL2	0.904227	0.904227	positive
HJURP	NCAPG2	0.823958	0.823958	positive
HJURP	NCAPH	0.936368	0.936368	positive
HJURP	NDC80	0.942672	0.942672	positive
HJURP	NEK2	0.911577	0.911577	positive
HJURP	NUF2	0.902101	0.902101	positive
HJURP	ORC1	0.937635	0.937635	positive
HJURP	ORC6	0.814125	0.814125	positive
HJURP	PBK	0.868405	0.868405	positive
HJURP	PIMREG	0.888548	0.888548	positive
HJURP	PKMYT1	0.872162	0.872162	positive
HJURP	PLK4	0.883675	0.883675	positive
HJURP	PRR11	0.929167	0.929167	positive
HJURP	PTTG1	0.808079	0.808079	positive
HJURP	RACGAP1	0.905354	0.905354	positive
HJURP	RAD51AP1	0.861337	0.861337	positive
HJURP	RECQL4	0.80169	0.80169	positive
HJURP	RRM2	0.921647	0.921647	positive
HJURP	SAPCD2	0.824443	0.824443	positive
HJURP	SHCBP1	0.837113	0.837113	positive
HJURP	SKA1	0.906332	0.906332	positive
HJURP	SKA3	0.941024	0.941024	positive
HJURP	SPAG5	0.913632	0.913632	positive
HJURP	SPC24	0.846766	0.846766	positive
HJURP	SPC25	0.909099	0.909099	positive
HJURP	STIL	0.819929	0.819929	positive
HJURP	TACC3	0.881783	0.881783	positive
HJURP	TOP2A	0.924862	0.924862	positive
HJURP	TPX2	0.958178	0.958178	positive
HJURP	TRIP13	0.850342	0.850342	positive
HJURP	TROAP	0.916626	0.916626	positive
HJURP	TTK	0.907136	0.907136	positive
HJURP	UBE2T	0.839451	0.839451	positive
HJURP	UHRF1	0.883179	0.883179	positive
HJURP	ZWINT	0.870424	0.870424	positive
HSPB7	LMOD1	0.80087	0.80087	positive
TROAP	AURKA	0.905204	0.905204	positive
TROAP	BIRC5	0.895646	0.895646	positive
TROAP	BUB1	0.884874	0.884874	positive
TROAP	CCNA2	0.862201	0.862201	positive
TROAP	CCNB1	0.877944	0.877944	positive
TROAP	CCNB2	0.875536	0.875536	positive
TROAP	CDC25A	0.861002	0.861002	positive
TROAP	CDC45	0.884261	0.884261	positive
TROAP	CDC6	0.845088	0.845088	positive
TROAP	CDCA3	0.901567	0.901567	positive
TROAP	CDCA5	0.895768	0.895768	positive
TROAP	CDK1	0.826092	0.826092	positive
TROAP	CDKN3	0.840931	0.840931	positive
TROAP	CENPA	0.922479	0.922479	positive
TROAP	CEP55	0.890565	0.890565	positive
TROAP	DLGAP5	0.856978	0.856978	positive
TROAP	DTL	0.800713	0.800713	positive
TROAP	ESPL1	0.932622	0.932622	positive
TROAP	FOXM1	0.914487	0.914487	positive
TROAP	GTSE1	0.896372	0.896372	positive
TROAP	HMMR	0.849428	0.849428	positive
TROAP	IQGAP3	0.842935	0.842935	positive
TROAP	KIF11	0.877615	0.877615	positive
TROAP	KIF15	0.867634	0.867634	positive
TROAP	KIF2C	0.915075	0.915075	positive
TROAP	KIF4A	0.899091	0.899091	positive
TROAP	KIFC1	0.904158	0.904158	positive
TROAP	KPNA2	0.861719	0.861719	positive
TROAP	MAD2L1	0.836647	0.836647	positive
TROAP	MCM4	0.836423	0.836423	positive
TROAP	MKI67	0.826332	0.826332	positive
TROAP	MTFR2	0.810875	0.810875	positive
TROAP	NCAPH	0.924105	0.924105	positive
TROAP	NDC80	0.854445	0.854445	positive
TROAP	ORC1	0.906825	0.906825	positive
TROAP	PKMYT1	0.878817	0.878817	positive
TROAP	PLK4	0.807019	0.807019	positive
TROAP	PRR11	0.887519	0.887519	positive
TROAP	RAD51AP1	0.839595	0.839595	positive
TROAP	RRM2	0.849291	0.849291	positive
TROAP	SKA1	0.871018	0.871018	positive
TROAP	SKA3	0.863158	0.863158	positive
TROAP	SPAG5	0.89527	0.89527	positive
TROAP	SPC24	0.85315	0.85315	positive
TROAP	SPC25	0.850756	0.850756	positive
TROAP	TACC3	0.857109	0.857109	positive
TROAP	TOP2A	0.866718	0.866718	positive
TROAP	TPX2	0.932728	0.932728	positive
TROAP	TRIP13	0.802742	0.802742	positive
TROAP	TTK	0.866266	0.866266	positive
TROAP	UHRF1	0.8195	0.8195	positive
TROAP	LMNB1	0.807866	0.807866	positive
TROAP	NEK2	0.902066	0.902066	positive
TROAP	RACGAP1	0.910337	0.910337	positive
TROAP	ASF1B	0.82935	0.82935	positive
TROAP	CDT1	0.865048	0.865048	positive
TROAP	CENPW	0.82175	0.82175	positive
TROAP	E2F1	0.87893	0.87893	positive
TROAP	GINS2	0.82571	0.82571	positive
TROAP	MYBL2	0.906358	0.906358	positive
TROAP	PIMREG	0.895614	0.895614	positive
TROAP	PTTG1	0.817264	0.817264	positive
TROAP	RECQL4	0.844208	0.844208	positive
TROAP	TEDC2	0.849431	0.849431	positive
TROAP	CCNF	0.851535	0.851535	positive
TROAP	HROB	0.843244	0.843244	positive
TROAP	NUF2	0.903476	0.903476	positive
TROAP	ORC6	0.835729	0.835729	positive
TROAP	PBK	0.839364	0.839364	positive
TROAP	TIMELESS	0.82084	0.82084	positive
TROAP	UBE2S	0.829003	0.829003	positive
TROAP	UBE2T	0.866015	0.866015	positive
TROAP	ZWINT	0.877553	0.877553	positive
TNFRSF9	CLEC6A	0.806331	0.806331	positive
WDR49	ABCA13	0.838471	0.838471	positive
WDR49	APOBEC4	0.869872	0.869872	positive
WDR49	CFAP43	0.851517	0.851517	positive
WDR49	DCDC2B	0.829827	0.829827	positive
WDR49	DNAI1	0.800972	0.800972	positive
WDR49	DTHD1	0.845811	0.845811	positive
WDR49	FAM216B	0.814199	0.814199	positive
WDR49	IL5RA	0.806962	0.806962	positive
WDR49	LRRC18	0.842481	0.842481	positive
WDR49	LRRIQ1	0.812897	0.812897	positive
DDR2	ZEB2	0.870811	0.870811	positive
DDR2	CDH11	0.822382	0.822382	positive
DDR2	AKT3	0.809501	0.809501	positive
DDR2	BICC1	0.833297	0.833297	positive
DDR2	FGF7	0.817942	0.817942	positive
DDR2	GXYLT2	0.828362	0.828362	positive
DDR2	MSRB3	0.829797	0.829797	positive
DDR2	PDGFRA	0.886788	0.886788	positive
DDR2	VGLL3	0.839427	0.839427	positive
RSPH9	AC007906.2	0.804831	0.804831	positive
RSPH9	AKAP14	0.874127	0.874127	positive
RSPH9	APOBEC4	0.824255	0.824255	positive
RSPH9	C11ORF97	0.886156	0.886156	positive
RSPH9	C20ORF85	0.827634	0.827634	positive
RSPH9	C22ORF15	0.908896	0.908896	positive
RSPH9	C6ORF118	0.870672	0.870672	positive
RSPH9	C9ORF24	0.860309	0.860309	positive
RSPH9	CAPSL	0.856888	0.856888	positive
RSPH9	CCDC17	0.849885	0.849885	positive
RSPH9	CFAP52	0.893553	0.893553	positive
RSPH9	CFAP73	0.85242	0.85242	positive
RSPH9	CFAP77	0.877315	0.877315	positive
RSPH9	CIBAR2	0.827576	0.827576	positive
RSPH9	DNAI1	0.875586	0.875586	positive
RSPH9	DNAI2	0.89006	0.89006	positive
RSPH9	ENKUR	0.842032	0.842032	positive
RSPH9	ERICH3	0.815454	0.815454	positive
RSPH9	FAM166B	0.872613	0.872613	positive
RSPH9	FAM216B	0.817782	0.817782	positive
RSPH9	GAS2L2	0.802253	0.802253	positive
RSPH9	HOATZ	0.885106	0.885106	positive
RSPH9	LRRC46	0.878398	0.878398	positive
RSPH9	MORN5	0.843136	0.843136	positive
RSPH9	NWD1	0.808715	0.808715	positive
RSPH9	PACRG	0.85453	0.85453	positive
RSPH9	ROPN1L	0.855908	0.855908	positive
RSPH9	RSPH4A	0.857021	0.857021	positive
RSPH9	CCDC173	0.805829	0.805829	positive
RSPH9	CCDC78	0.821312	0.821312	positive
RSPH9	CNGA4	0.812584	0.812584	positive
RSPH9	PPP1R32	0.804194	0.804194	positive
RSPH9	SAXO2	0.824255	0.824255	positive
RSPH9	SNTN	0.824921	0.824921	positive
RSPH9	SPAG8	0.818265	0.818265	positive
RSPH9	STOML3	0.837519	0.837519	positive
RSPH9	TEKT1	0.875916	0.875916	positive
RSPH9	TTC29	0.86064	0.86064	positive
RSPH9	TUBA4B	0.878145	0.878145	positive
RSPH9	VWA3B	0.840437	0.840437	positive
RSPH9	WDR38	0.880037	0.880037	positive
RSPH9	ZMYND10	0.83053	0.83053	positive
APOBEC4	AC007906.2	0.808225	0.808225	positive
APOBEC4	AKAP14	0.83104	0.83104	positive
APOBEC4	C11ORF16	0.818443	0.818443	positive
APOBEC4	C11ORF97	0.827928	0.827928	positive
APOBEC4	C22ORF15	0.871025	0.871025	positive
APOBEC4	C6	0.831134	0.831134	positive
APOBEC4	C6ORF118	0.88524	0.88524	positive
APOBEC4	CAPSL	0.833538	0.833538	positive
APOBEC4	CCDC17	0.85867	0.85867	positive
APOBEC4	CCDC170	0.852101	0.852101	positive
APOBEC4	CCDC173	0.909415	0.909415	positive
APOBEC4	CCDC60	0.893651	0.893651	positive
APOBEC4	CDHR3	0.820052	0.820052	positive
APOBEC4	CFAP43	0.947381	0.947381	positive
APOBEC4	CFAP52	0.913536	0.913536	positive
APOBEC4	CFAP73	0.807734	0.807734	positive
APOBEC4	CFAP77	0.845101	0.845101	positive
APOBEC4	CFAP94	0.854819	0.854819	positive
APOBEC4	DCDC2B	0.915686	0.915686	positive
APOBEC4	DNAI1	0.92975	0.92975	positive
APOBEC4	DNAI2	0.832036	0.832036	positive
APOBEC4	DTHD1	0.941116	0.941116	positive
APOBEC4	DYNLRB2	0.814567	0.814567	positive
APOBEC4	EFHB	0.852523	0.852523	positive
APOBEC4	ENKUR	0.906634	0.906634	positive
APOBEC4	ERICH3	0.903079	0.903079	positive
APOBEC4	FAM216B	0.942333	0.942333	positive
APOBEC4	HOATZ	0.915187	0.915187	positive
APOBEC4	IL5RA	0.883882	0.883882	positive
APOBEC4	LRRC18	0.932984	0.932984	positive
APOBEC4	LRRC46	0.810551	0.810551	positive
APOBEC4	LRRIQ1	0.864489	0.864489	positive
APOBEC4	NWD1	0.875181	0.875181	positive
APOBEC4	OSBPL6	0.801117	0.801117	positive
APOBEC4	PACRG	0.841116	0.841116	positive
APOBEC4	ROPN1L	0.804476	0.804476	positive
APOBEC4	RSPH4A	0.894765	0.894765	positive
APOBEC4	SAXO2	0.91198	0.91198	positive
APOBEC4	SNTN	0.842766	0.842766	positive
APOBEC4	SPAG8	0.832767	0.832767	positive
APOBEC4	STOML3	0.838516	0.838516	positive
APOBEC4	TEKT1	0.830893	0.830893	positive
APOBEC4	TTC29	0.883664	0.883664	positive
APOBEC4	TUBA4B	0.811812	0.811812	positive
APOBEC4	VWA3B	0.879982	0.879982	positive
MARCO	C1QA	0.813319	0.813319	positive
MARCO	DOK2	0.858606	0.858606	positive
MARCO	LRRC25	0.807445	0.807445	positive
MARCO	SPI1	0.85925	0.85925	positive
MARCO	TYROBP	0.822069	0.822069	positive
MARCO	ACP5	0.802958	0.802958	positive
MARCO	CD300C	0.844272	0.844272	positive
MARCO	FCER1G	0.804909	0.804909	positive
MARCO	HK3	0.871421	0.871421	positive
MARCO	OSCAR	0.814881	0.814881	positive
MARCO	VSIG4	0.856834	0.856834	positive
CYBB	CD84	0.90497	0.90497	positive
CYBB	FGL2	0.875076	0.875076	positive
CYBB	PTPRC	0.90571	0.90571	positive
CYBB	C3AR1	0.893152	0.893152	positive
CYBB	CCR1	0.809652	0.809652	positive
CYBB	CCR2	0.804812	0.804812	positive
CYBB	CCR5	0.892055	0.892055	positive
CYBB	CD163	0.89649	0.89649	positive
CYBB	CMKLR1	0.831464	0.831464	positive
CYBB	FCGR2A	0.818143	0.818143	positive
CYBB	FCGR3A	0.829184	0.829184	positive
CYBB	FGR	0.812096	0.812096	positive
CYBB	FPR3	0.9216	0.9216	positive
CYBB	GBP5	0.802276	0.802276	positive
CYBB	GPR183	0.816625	0.816625	positive
CYBB	HAVCR2	0.901926	0.901926	positive
CYBB	IGSF6	0.855895	0.855895	positive
CYBB	IL2RA	0.889261	0.889261	positive
CYBB	ITGAM	0.887494	0.887494	positive
CYBB	ITGAX	0.841735	0.841735	positive
CYBB	JAML	0.801267	0.801267	positive
CYBB	LAIR1	0.885856	0.885856	positive
CYBB	LILRB2	0.837936	0.837936	positive
CYBB	MNDA	0.881071	0.881071	positive
CYBB	MPEG1	0.86969	0.86969	positive
CYBB	MRC1	0.893251	0.893251	positive
CYBB	MS4A7	0.832726	0.832726	positive
CYBB	MSR1	0.842286	0.842286	positive
CYBB	NLRC4	0.828238	0.828238	positive
CYBB	P2RY13	0.812064	0.812064	positive
CYBB	PDCD1LG2	0.839396	0.839396	positive
CYBB	PLEK	0.903119	0.903119	positive
CYBB	SAMSN1	0.872727	0.872727	positive
CYBB	SLCO2B1	0.890688	0.890688	positive
CYBB	STX11	0.830364	0.830364	positive
CYBB	TLR8	0.935253	0.935253	positive
APOBR	FERMT3	0.800127	0.800127	positive
APOBR	ITGB2	0.85947	0.85947	positive
APOBR	SPI1	0.850975	0.850975	positive
DCDC2B	CFAP43	0.833844	0.833844	positive
DCDC2B	FAM216B	0.82862	0.82862	positive
DCDC2B	CCDC173	0.83332	0.83332	positive
DCDC2B	CCDC60	0.847384	0.847384	positive
DCDC2B	DTHD1	0.852122	0.852122	positive
DCDC2B	LRRC18	0.922503	0.922503	positive
DCDC2B	OMG	0.851365	0.851365	positive
DCDC2B	TCTEX1D4	0.838205	0.838205	positive
GCOM1	MYZAP	0.860363	0.860363	positive
NCAPG2	BUB1	0.816557	0.816557	positive
NCAPG2	CDC25A	0.812351	0.812351	positive
NCAPG2	CDC6	0.818762	0.818762	positive
NCAPG2	CEP55	0.80169	0.80169	positive
NCAPG2	CHEK1	0.833098	0.833098	positive
NCAPG2	CIP2A	0.848486	0.848486	positive
NCAPG2	ESPL1	0.825462	0.825462	positive
NCAPG2	KIF11	0.840577	0.840577	positive
NCAPG2	KIF15	0.866082	0.866082	positive
NCAPG2	KIF4A	0.84372	0.84372	positive
NCAPG2	MKI67	0.82232	0.82232	positive
NCAPG2	NDC80	0.809882	0.809882	positive
NCAPG2	ORC1	0.838224	0.838224	positive
NCAPG2	PLK4	0.842484	0.842484	positive
NCAPG2	PRR11	0.809984	0.809984	positive
NCAPG2	SKA1	0.820229	0.820229	positive
NCAPG2	SPAG5	0.858997	0.858997	positive
NCAPG2	STIL	0.828337	0.828337	positive
NCAPG2	TOP2A	0.873072	0.873072	positive
NCAPG2	TTK	0.865528	0.865528	positive
NCAPG2	UHRF1	0.80084	0.80084	positive
NCAPG2	BLM	0.839661	0.839661	positive
NCAPG2	CENPF	0.816163	0.816163	positive
NCAPG2	FANCI	0.808748	0.808748	positive
NCAPG2	EZH2	0.879659	0.879659	positive
NCAPG2	FANCA	0.81206	0.81206	positive
CCR7	C16ORF54	0.829669	0.829669	positive
CCR7	CCL19	0.811771	0.811771	positive
CCR7	PPP1R16B	0.822087	0.822087	positive
EZH2	BUB1	0.805948	0.805948	positive
EZH2	CHEK1	0.81007	0.81007	positive
EZH2	CIP2A	0.837838	0.837838	positive
EZH2	ESPL1	0.809342	0.809342	positive
EZH2	IQGAP3	0.810638	0.810638	positive
EZH2	KIF11	0.807405	0.807405	positive
EZH2	KIF15	0.87602	0.87602	positive
EZH2	NDC80	0.813244	0.813244	positive
EZH2	PLK4	0.858352	0.858352	positive
EZH2	SKA1	0.807352	0.807352	positive
EZH2	SPAG5	0.808326	0.808326	positive
EZH2	STIL	0.835798	0.835798	positive
EZH2	TOP2A	0.82104	0.82104	positive
EZH2	TTK	0.83849	0.83849	positive
EZH2	ATAD2	0.827431	0.827431	positive
EZH2	CENPK	0.806791	0.806791	positive
EZH2	FANCA	0.865645	0.865645	positive
EZH2	KNTC1	0.830086	0.830086	positive
DYNLRB2	AC007906.2	0.856376	0.856376	positive
DYNLRB2	AKAP14	0.864681	0.864681	positive
DYNLRB2	C11ORF97	0.869272	0.869272	positive
DYNLRB2	C20ORF85	0.848848	0.848848	positive
DYNLRB2	C22ORF15	0.85197	0.85197	positive
DYNLRB2	C6ORF118	0.870341	0.870341	positive
DYNLRB2	C9ORF24	0.854891	0.854891	positive
DYNLRB2	CAPSL	0.887378	0.887378	positive
DYNLRB2	CFAP43	0.846027	0.846027	positive
DYNLRB2	CFAP52	0.900521	0.900521	positive
DYNLRB2	CFAP73	0.834986	0.834986	positive
DYNLRB2	CFAP77	0.82719	0.82719	positive
DYNLRB2	DNAI1	0.865574	0.865574	positive
DYNLRB2	DNAI2	0.872545	0.872545	positive
DYNLRB2	C11ORF16	0.816947	0.816947	positive
DYNLRB2	CABCOCO1	0.800885	0.800885	positive
DYNLRB2	CCDC114	0.839721	0.839721	positive
DYNLRB2	CDHR3	0.805694	0.805694	positive
DYNLRB2	CFAP53	0.832332	0.832332	positive
DYNLRB2	CFAP57	0.816317	0.816317	positive
DYNLRB2	CFAP94	0.846076	0.846076	positive
DYNLRB2	EFHB	0.86256	0.86256	positive
DYNLRB2	ENKUR	0.801241	0.801241	positive
DYNLRB2	ERICH3	0.807285	0.807285	positive
DYNLRB2	FAM166B	0.843534	0.843534	positive
DYNLRB2	FAM183A	0.838971	0.838971	positive
DYNLRB2	FAM216B	0.848042	0.848042	positive
DYNLRB2	FAM81B	0.811508	0.811508	positive
DYNLRB2	GAS2L2	0.801198	0.801198	positive
DYNLRB2	HOATZ	0.888164	0.888164	positive
DYNLRB2	IL5RA	0.810382	0.810382	positive
DYNLRB2	LRRC46	0.838881	0.838881	positive
DYNLRB2	MDH1B	0.813125	0.813125	positive
DYNLRB2	MORN5	0.834183	0.834183	positive
DYNLRB2	NWD1	0.831617	0.831617	positive
DYNLRB2	PACRG	0.877127	0.877127	positive
DYNLRB2	PPIL6	0.812675	0.812675	positive
DYNLRB2	ROPN1L	0.848423	0.848423	positive
DYNLRB2	RSPH1	0.82563	0.82563	positive
DYNLRB2	RSPH4A	0.826872	0.826872	positive
DYNLRB2	SAXO2	0.853658	0.853658	positive
DYNLRB2	SNTN	0.910524	0.910524	positive
DYNLRB2	SPAG8	0.835582	0.835582	positive
DYNLRB2	SPEF1	0.825932	0.825932	positive
DYNLRB2	STOML3	0.919647	0.919647	positive
DYNLRB2	TEKT1	0.86676	0.86676	positive
DYNLRB2	TTC29	0.837679	0.837679	positive
DYNLRB2	TUBA4B	0.877798	0.877798	positive
DYNLRB2	VWA3B	0.844237	0.844237	positive
DYNLRB2	WDR38	0.819913	0.819913	positive
DYNLRB2	ZMYND10	0.821327	0.821327	positive
MS4A7	CD84	0.889618	0.889618	positive
MS4A7	ZEB2	0.805839	0.805839	positive
MS4A7	FGL2	0.884909	0.884909	positive
MS4A7	PTPRC	0.84558	0.84558	positive
MS4A7	C1ORF162	0.801143	0.801143	positive
MS4A7	MSR1	0.854149	0.854149	positive
MS4A7	SLCO2B1	0.832875	0.832875	positive
MS4A7	MRC1	0.85723	0.85723	positive
MS4A7	MPEG1	0.841102	0.841102	positive
MS4A7	DPEP2	0.811378	0.811378	positive
MS4A7	GPR183	0.813614	0.813614	positive
MS4A7	GPR34	0.89869	0.89869	positive
MS4A7	IGSF6	0.839088	0.839088	positive
MS4A7	IL7R	0.806364	0.806364	positive
MS4A7	NLRC4	0.807091	0.807091	positive
MS4A7	SAMSN1	0.81642	0.81642	positive
MS4A7	STX11	0.816597	0.816597	positive
MS4A7	TLR8	0.839901	0.839901	positive
RENBP	ACP5	0.80353	0.80353	positive
IGSF10	ASPA	0.825905	0.825905	positive
LILRB2	LRRC25	0.818254	0.818254	positive
LILRB2	CD300C	0.80648	0.80648	positive
LILRB2	PILRA	0.809379	0.809379	positive
LILRB2	SIGLEC7	0.837678	0.837678	positive
LILRB2	C3AR1	0.889233	0.889233	positive
LILRB2	FCGR2A	0.815216	0.815216	positive
LILRB2	FCGR3A	0.890942	0.890942	positive
LILRB2	FPR3	0.889227	0.889227	positive
LILRB2	HAVCR2	0.894255	0.894255	positive
LILRB2	LAIR1	0.875267	0.875267	positive
LILRB2	SIGLEC1	0.83385	0.83385	positive
LILRB2	SLCO2B1	0.811843	0.811843	positive
LILRB2	STAB1	0.802258	0.802258	positive
LILRB2	CCR1	0.876197	0.876197	positive
LILRB2	FCER1G	0.855375	0.855375	positive
LILRB2	FGR	0.86162	0.86162	positive
LILRB2	HK3	0.854688	0.854688	positive
LILRB2	PLEK	0.864077	0.864077	positive
LILRB2	SLAMF8	0.891576	0.891576	positive
LILRB2	CCR5	0.820302	0.820302	positive
LILRB2	CD163	0.897891	0.897891	positive
LILRB2	CMKLR1	0.845311	0.845311	positive
LILRB2	IL2RA	0.884808	0.884808	positive
LILRB2	BCL2A1	0.842126	0.842126	positive
LILRB2	C5AR1	0.831095	0.831095	positive
LILRB2	CD300E	0.806636	0.806636	positive
LILRB2	FPR1	0.831575	0.831575	positive
LILRB2	GBP1	0.800306	0.800306	positive
LILRB2	GPR84	0.862261	0.862261	positive
LILRB2	HSD11B1	0.81194	0.81194	positive
LILRB2	ITGAX	0.86155	0.86155	positive
LILRB2	LILRA5	0.817793	0.817793	positive
LILRB2	LILRA6	0.90124	0.90124	positive
LILRB2	LILRB4	0.907765	0.907765	positive
LILRB2	LILRB5	0.843331	0.843331	positive
LILRB2	NFAM1	0.809418	0.809418	positive
LILRB2	PDCD1LG2	0.828068	0.828068	positive
LILRB2	SAMSN1	0.800864	0.800864	positive
LILRB2	TLR8	0.810923	0.810923	positive
FGF2	ANGPTL1	0.811995	0.811995	positive
CFAP73	AC007906.2	0.83381	0.83381	positive
CFAP73	AKAP14	0.8959	0.8959	positive
CFAP73	C11ORF97	0.909756	0.909756	positive
CFAP73	C20ORF85	0.852912	0.852912	positive
CFAP73	C22ORF15	0.890436	0.890436	positive
CFAP73	C6	0.882181	0.882181	positive
CFAP73	C6ORF118	0.924177	0.924177	positive
CFAP73	C9ORF24	0.878802	0.878802	positive
CFAP73	CAPSL	0.862391	0.862391	positive
CFAP73	CCDC17	0.822892	0.822892	positive
CFAP73	CFAP43	0.844853	0.844853	positive
CFAP73	CFAP52	0.912847	0.912847	positive
CFAP73	AK7	0.824593	0.824593	positive
CFAP73	CCDC114	0.885131	0.885131	positive
CFAP73	CCDC173	0.829453	0.829453	positive
CFAP73	CCDC78	0.812798	0.812798	positive
CFAP73	CFAP45	0.853287	0.853287	positive
CFAP73	CFAP53	0.850597	0.850597	positive
CFAP73	CFAP77	0.891461	0.891461	positive
CFAP73	CFAP94	0.856868	0.856868	positive
CFAP73	CIBAR2	0.842672	0.842672	positive
CFAP73	DNAI1	0.894222	0.894222	positive
CFAP73	DNAI2	0.921049	0.921049	positive
CFAP73	DTHD1	0.807647	0.807647	positive
CFAP73	EFHB	0.805623	0.805623	positive
CFAP73	ENKUR	0.890876	0.890876	positive
CFAP73	ERICH3	0.848595	0.848595	positive
CFAP73	FAM166B	0.874127	0.874127	positive
CFAP73	FAM216B	0.838936	0.838936	positive
CFAP73	GAS2L2	0.844447	0.844447	positive
CFAP73	HOATZ	0.89856	0.89856	positive
CFAP73	IL5RA	0.865226	0.865226	positive
CFAP73	LRRC46	0.859459	0.859459	positive
CFAP73	MORN5	0.911947	0.911947	positive
CFAP73	NWD1	0.880665	0.880665	positive
CFAP73	PACRG	0.909107	0.909107	positive
CFAP73	ROPN1L	0.885859	0.885859	positive
CFAP73	RSPH1	0.871441	0.871441	positive
CFAP73	RSPH4A	0.912016	0.912016	positive
CFAP73	SAXO2	0.843021	0.843021	positive
CFAP73	SNTN	0.855187	0.855187	positive
CFAP73	SPAG8	0.82538	0.82538	positive
CFAP73	SPEF1	0.876538	0.876538	positive
CFAP73	STOML3	0.862215	0.862215	positive
CFAP73	TEKT1	0.957547	0.957547	positive
CFAP73	TEKT2	0.854543	0.854543	positive
CFAP73	TTC25	0.84494	0.84494	positive
CFAP73	TTC29	0.88049	0.88049	positive
CFAP73	TUBA4B	0.912625	0.912625	positive
CFAP73	VWA3B	0.91811	0.91811	positive
CFAP73	WDR38	0.915218	0.915218	positive
CFAP73	ZMYND10	0.900863	0.900863	positive
SELENBP1	C16ORF89	0.822127	0.822127	positive
SELENBP1	RHOBTB2	0.800876	0.800876	positive
SELENBP1	TMEM125	0.869083	0.869083	positive
IKZF3	TIGIT	0.803851	0.803851	positive
KLK13	KLK12	0.844347	0.844347	positive
KLK13	KLK14	0.862334	0.862334	positive
ITGA11	ACTA2	0.816184	0.816184	positive
ITGA11	AEBP1	0.824941	0.824941	positive
ITGA11	COL1A2	0.828251	0.828251	positive
ITGA11	ADAMTS12	0.873256	0.873256	positive
ITGA11	ANGPTL2	0.837629	0.837629	positive
ITGA11	ASPN	0.838133	0.838133	positive
ITGA11	COL10A1	0.896586	0.896586	positive
ITGA11	COL12A1	0.891132	0.891132	positive
ITGA11	COL5A1	0.871883	0.871883	positive
ITGA11	COL5A2	0.877352	0.877352	positive
ITGA11	COL8A2	0.823666	0.823666	positive
ITGA11	CTHRC1	0.801147	0.801147	positive
ITGA11	DACT1	0.810843	0.810843	positive
ITGA11	FAP	0.849899	0.849899	positive
ITGA11	GREM1	0.818915	0.818915	positive
ITGA11	INHBA	0.85999	0.85999	positive
ITGA11	MFAP5	0.812692	0.812692	positive
ITGA11	NTM	0.822581	0.822581	positive
ITGA11	SFRP4	0.826202	0.826202	positive
ITGA11	SULF1	0.854762	0.854762	positive
ITGA11	SYNDIG1	0.819226	0.819226	positive
ITGA11	THBS2	0.90732	0.90732	positive
BLK	FCRL1	0.854771	0.854771	positive
BLK	CD19	0.8079	0.8079	positive
BLK	CD22	0.803824	0.803824	positive
BLK	CLEC17A	0.808101	0.808101	positive
BLK	CNR2	0.930501	0.930501	positive
BLK	FCRL3	0.822559	0.822559	positive
BLK	NIBAN3	0.882537	0.882537	positive
BLK	SPIB	0.80786	0.80786	positive
BLK	STAP1	0.834445	0.834445	positive
BLK	TNFRSF13B	0.861237	0.861237	positive
BLK	TNFRSF13C	0.902369	0.902369	positive
CLEC11A	TAGLN	0.835038	0.835038	positive
CLEC11A	EMILIN1	0.898586	0.898586	positive
CLEC11A	BGN	0.843443	0.843443	positive
CLEC11A	CILP2	0.819142	0.819142	positive
CLEC11A	FBLN2	0.858661	0.858661	positive
CLEC11A	HTRA3	0.822026	0.822026	positive
CLEC11A	ISLR	0.885296	0.885296	positive
CLEC11A	PCOLCE	0.919434	0.919434	positive
CLEC11A	SCARF2	0.894672	0.894672	positive
CLEC11A	THY1	0.840881	0.840881	positive
CLEC11A	COL6A2	0.8507	0.8507	positive
CLEC11A	CD248	0.821436	0.821436	positive
CLEC11A	EMP3	0.823678	0.823678	positive
CLEC11A	MSC	0.806027	0.806027	positive
CLEC11A	MXRA8	0.830479	0.830479	positive
CLEC11A	RARRES2	0.873263	0.873263	positive
PTPRC	CD84	0.925996	0.925996	positive
PTPRC	CD28	0.906732	0.906732	positive
PTPRC	CXCR6	0.847047	0.847047	positive
PTPRC	FGL2	0.936356	0.936356	positive
PTPRC	CCR2	0.854526	0.854526	positive
PTPRC	CCR5	0.864207	0.864207	positive
PTPRC	CIITA	0.837384	0.837384	positive
PTPRC	CYTIP	0.897193	0.897193	positive
PTPRC	FPR3	0.818761	0.818761	positive
PTPRC	GBP5	0.814203	0.814203	positive
PTPRC	GPR183	0.814742	0.814742	positive
PTPRC	GPR34	0.812207	0.812207	positive
PTPRC	IGSF6	0.818622	0.818622	positive
PTPRC	IL2RA	0.821507	0.821507	positive
PTPRC	IL7R	0.859876	0.859876	positive
PTPRC	JAML	0.810668	0.810668	positive
PTPRC	MPEG1	0.846981	0.846981	positive
PTPRC	P2RY13	0.850153	0.850153	positive
PTPRC	PLEK	0.835415	0.835415	positive
PTPRC	SAMSN1	0.86502	0.86502	positive
PTPRC	TIGIT	0.803291	0.803291	positive
PTPRC	TLR8	0.879542	0.879542	positive
UTY	DDX3Y	0.94573	0.94573	positive
UTY	EIF1AY	0.867665	0.867665	positive
UTY	KDM5D	0.943039	0.943039	positive
UTY	NLGN4Y	0.860811	0.860811	positive
UTY	PRKY	0.956523	0.956523	positive
UTY	RPS4Y1	0.845053	0.845053	positive
UTY	TMSB4Y	0.821351	0.821351	positive
UTY	ZFY	0.933567	0.933567	positive
STOML3	AC007906.2	0.855344	0.855344	positive
STOML3	AKAP14	0.941069	0.941069	positive
STOML3	C11ORF97	0.927194	0.927194	positive
STOML3	C20ORF85	0.895824	0.895824	positive
STOML3	C22ORF15	0.902961	0.902961	positive
STOML3	C6	0.845145	0.845145	positive
STOML3	C6ORF118	0.922859	0.922859	positive
STOML3	C9ORF24	0.913674	0.913674	positive
STOML3	CAPSL	0.925715	0.925715	positive
STOML3	CCDC17	0.86116	0.86116	positive
STOML3	CFAP43	0.877875	0.877875	positive
STOML3	CFAP52	0.929828	0.929828	positive
STOML3	CFAP77	0.882006	0.882006	positive
STOML3	CIBAR2	0.866195	0.866195	positive
STOML3	DNAI1	0.910855	0.910855	positive
STOML3	DNAI2	0.925638	0.925638	positive
STOML3	EFHB	0.903795	0.903795	positive
STOML3	ENKUR	0.843146	0.843146	positive
STOML3	ERICH3	0.886411	0.886411	positive
STOML3	FAM166B	0.904959	0.904959	positive
STOML3	FAM216B	0.874033	0.874033	positive
STOML3	GAS2L2	0.830101	0.830101	positive
STOML3	HOATZ	0.926392	0.926392	positive
STOML3	IL5RA	0.857139	0.857139	positive
STOML3	LRRC46	0.867371	0.867371	positive
STOML3	MORN5	0.886149	0.886149	positive
STOML3	NWD1	0.846563	0.846563	positive
STOML3	PACRG	0.882858	0.882858	positive
STOML3	ROPN1L	0.88555	0.88555	positive
STOML3	RSPH1	0.844218	0.844218	positive
STOML3	RSPH4A	0.876427	0.876427	positive
STOML3	SAXO2	0.912344	0.912344	positive
STOML3	SNTN	0.94982	0.94982	positive
STOML3	CACNG6	0.848489	0.848489	positive
STOML3	CCDC114	0.866223	0.866223	positive
STOML3	CCDC78	0.817653	0.817653	positive
STOML3	CDHR3	0.830232	0.830232	positive
STOML3	CFAP53	0.853284	0.853284	positive
STOML3	CFAP57	0.807354	0.807354	positive
STOML3	CFAP94	0.862369	0.862369	positive
STOML3	CHST9	0.80852	0.80852	positive
STOML3	CNGA4	0.855899	0.855899	positive
STOML3	FAM183A	0.8428	0.8428	positive
STOML3	MDH1B	0.80526	0.80526	positive
STOML3	MS4A8	0.815795	0.815795	positive
STOML3	PPIL6	0.806187	0.806187	positive
STOML3	SPAG8	0.839315	0.839315	positive
STOML3	SPEF1	0.869226	0.869226	positive
STOML3	STMND1	0.829345	0.829345	positive
STOML3	TEKT1	0.91981	0.91981	positive
STOML3	TEKT2	0.826564	0.826564	positive
STOML3	TSPAN19	0.83923	0.83923	positive
STOML3	TTC25	0.834105	0.834105	positive
STOML3	TTC29	0.895546	0.895546	positive
STOML3	TUBA4B	0.920438	0.920438	positive
STOML3	VWA3B	0.861538	0.861538	positive
STOML3	WDR38	0.89687	0.89687	positive
STOML3	ZMYND10	0.880063	0.880063	positive
C1QA	ACP5	0.908324	0.908324	positive
C1QA	APOC1	0.80749	0.80749	positive
C1QA	APOE	0.881876	0.881876	positive
C1QA	CD14	0.905338	0.905338	positive
C1QA	CD300C	0.839554	0.839554	positive
C1QA	CD52	0.817336	0.817336	positive
C1QA	DOK2	0.929914	0.929914	positive
C1QA	EMP3	0.870819	0.870819	positive
C1QA	FCER1G	0.869364	0.869364	positive
C1QA	FERMT3	0.863438	0.863438	positive
C1QA	FOLR2	0.811018	0.811018	positive
C1QA	HK3	0.818645	0.818645	positive
C1QA	IL4I1	0.842128	0.842128	positive
C1QA	ITGB2	0.859475	0.859475	positive
C1QA	LILRB4	0.800584	0.800584	positive
C1QA	LRRC25	0.901066	0.901066	positive
C1QA	OSCAR	0.837878	0.837878	positive
C1QA	PILRA	0.924466	0.924466	positive
C1QA	SIGLEC7	0.829028	0.829028	positive
C1QA	SLAMF8	0.828277	0.828277	positive
C1QA	SPI1	0.939554	0.939554	positive
C1QA	TMEM150B	0.815191	0.815191	positive
C1QA	TYROBP	0.945423	0.945423	positive
C1QA	VSIG4	0.837354	0.837354	positive
STX11	LAIR1	0.806759	0.806759	positive
STX11	SLCO2B1	0.825636	0.825636	positive
STX11	FGR	0.804854	0.804854	positive
STX11	PLEK	0.848303	0.848303	positive
STX11	CCR5	0.804547	0.804547	positive
STX11	CD163	0.822413	0.822413	positive
STX11	CMKLR1	0.804418	0.804418	positive
STX11	MPEG1	0.842441	0.842441	positive
STX11	TLR8	0.852795	0.852795	positive
C11ORF16	C22ORF15	0.822961	0.822961	positive
C11ORF16	C6ORF118	0.81801	0.81801	positive
C11ORF16	CFAP43	0.81987	0.81987	positive
C11ORF16	CFAP52	0.830872	0.830872	positive
C11ORF16	DNAI1	0.835894	0.835894	positive
C11ORF16	DNAI2	0.817833	0.817833	positive
C11ORF16	EFHB	0.821739	0.821739	positive
C11ORF16	FAM216B	0.812624	0.812624	positive
C11ORF16	HOATZ	0.856831	0.856831	positive
C11ORF16	IL5RA	0.846457	0.846457	positive
C11ORF16	NWD1	0.823665	0.823665	positive
C11ORF16	SNTN	0.801237	0.801237	positive
C11ORF16	TTC29	0.814609	0.814609	positive
C11ORF16	CFAP94	0.803411	0.803411	positive
C11ORF16	SPAG8	0.844879	0.844879	positive
C11ORF16	CCDC170	0.812442	0.812442	positive
C11ORF16	CFAP57	0.805743	0.805743	positive
FOSB	NR4A1	0.830551	0.830551	positive
CCDC114	AKAP14	0.863764	0.863764	positive
CCDC114	C11ORF97	0.869483	0.869483	positive
CCDC114	C22ORF15	0.839441	0.839441	positive
CCDC114	C6ORF118	0.905397	0.905397	positive
CCDC114	C9ORF24	0.829746	0.829746	positive
CCDC114	CAPSL	0.837666	0.837666	positive
CCDC114	CFAP43	0.821564	0.821564	positive
CCDC114	CFAP52	0.90302	0.90302	positive
CCDC114	CFAP77	0.870864	0.870864	positive
CCDC114	CIBAR2	0.81288	0.81288	positive
CCDC114	DNAI1	0.873875	0.873875	positive
CCDC114	DNAI2	0.906834	0.906834	positive
CCDC114	EFHB	0.821457	0.821457	positive
CCDC114	ENKUR	0.800587	0.800587	positive
CCDC114	ERICH3	0.851964	0.851964	positive
CCDC114	FAM166B	0.833056	0.833056	positive
CCDC114	GAS2L2	0.829019	0.829019	positive
CCDC114	HOATZ	0.868202	0.868202	positive
CCDC114	IL5RA	0.833904	0.833904	positive
CCDC114	LRRC46	0.87594	0.87594	positive
CCDC114	MORN5	0.864763	0.864763	positive
CCDC114	NWD1	0.819785	0.819785	positive
CCDC114	PACRG	0.886436	0.886436	positive
CCDC114	ROPN1L	0.830759	0.830759	positive
CCDC114	RSPH1	0.841853	0.841853	positive
CCDC114	RSPH4A	0.838256	0.838256	positive
CCDC114	SAXO2	0.824471	0.824471	positive
CCDC114	SNTN	0.846746	0.846746	positive
CCDC114	TEKT1	0.892971	0.892971	positive
CCDC114	TTC29	0.831703	0.831703	positive
CCDC114	TUBA4B	0.863293	0.863293	positive
CCDC114	VWA3B	0.874941	0.874941	positive
CCDC114	WDR38	0.840797	0.840797	positive
CCDC114	ZMYND10	0.884993	0.884993	positive
CCDC114	AK7	0.815249	0.815249	positive
CCDC114	CABCOCO1	0.807335	0.807335	positive
CCDC114	CACNG6	0.823927	0.823927	positive
CCDC114	CCDC151	0.837273	0.837273	positive
CCDC114	CCDC78	0.801827	0.801827	positive
CCDC114	CFAP45	0.85398	0.85398	positive
CCDC114	CFAP53	0.876069	0.876069	positive
CCDC114	CFAP57	0.829095	0.829095	positive
CCDC114	CFAP94	0.868031	0.868031	positive
CCDC114	CNGA4	0.840613	0.840613	positive
CCDC114	DYDC2	0.809642	0.809642	positive
CCDC114	PPIL6	0.816237	0.816237	positive
CCDC114	SPAG8	0.842399	0.842399	positive
CCDC114	SPEF1	0.906388	0.906388	positive
CCDC114	STMND1	0.852293	0.852293	positive
CCDC114	TEKT2	0.856046	0.856046	positive
CCDC114	TTC25	0.888572	0.888572	positive
IFNG	GBP5	0.835364	0.835364	positive
P2RY12	HPGDS	0.802915	0.802915	positive
NTM	COL5A1	0.812881	0.812881	positive
OMG	LRRC18	0.835884	0.835884	positive
MPEG1	CD84	0.870105	0.870105	positive
MPEG1	FGL2	0.844778	0.844778	positive
MPEG1	C3AR1	0.83803	0.83803	positive
MPEG1	FPR3	0.903197	0.903197	positive
MPEG1	HAVCR2	0.800958	0.800958	positive
MPEG1	LAIR1	0.843609	0.843609	positive
MPEG1	MNDA	0.807612	0.807612	positive
MPEG1	MSR1	0.817272	0.817272	positive
MPEG1	SLCO2B1	0.903277	0.903277	positive
MPEG1	PLEK	0.841195	0.841195	positive
MPEG1	MRC1	0.802626	0.802626	positive
MPEG1	CCR5	0.84511	0.84511	positive
MPEG1	CD163	0.857473	0.857473	positive
MPEG1	CMKLR1	0.893737	0.893737	positive
MPEG1	GIMAP6	0.816834	0.816834	positive
MPEG1	TLR8	0.860652	0.860652	positive
ALOX15	C11ORF97	0.840188	0.840188	positive
ALOX15	CCDC17	0.807955	0.807955	positive
ALOX15	CFAP77	0.811797	0.811797	positive
ALOX15	CIBAR2	0.848067	0.848067	positive
ALOX15	DNAI2	0.812238	0.812238	positive
ALOX15	LRRC46	0.820984	0.820984	positive
ALOX15	MORN5	0.832088	0.832088	positive
ALOX15	CNGA4	0.840937	0.840937	positive
HLA-DPA1	FOLR2	0.802752	0.802752	positive
HLA-DPA1	HLA-DPB1	0.915069	0.915069	positive
HLA-DPA1	HLA-DRA	0.938588	0.938588	positive
HLA-DPA1	LST1	0.804456	0.804456	positive
HLA-DPA1	HLA-DQA1	0.839614	0.839614	positive
HLA-DPA1	HLA-DRB1	0.881523	0.881523	positive
OLFML2B	COL1A2	0.894481	0.894481	positive
OLFML2B	COL5A1	0.833828	0.833828	positive
OLFML2B	COL5A2	0.828299	0.828299	positive
OLFML2B	POSTN	0.811737	0.811737	positive
OLFML2B	THBS2	0.814174	0.814174	positive
OLFML2B	NID2	0.856126	0.856126	positive
OLFML2B	COL5A3	0.869818	0.869818	positive
OLFML2B	COL6A1	0.871099	0.871099	positive
OLFML2B	MMP2	0.827285	0.827285	positive
OLFML2B	COL6A2	0.860762	0.860762	positive
OLFML2B	PCOLCE	0.820823	0.820823	positive
OLFML2B	THY1	0.873983	0.873983	positive
UBE2C	AURKA	0.825406	0.825406	positive
UBE2C	BIRC5	0.885263	0.885263	positive
UBE2C	CCNB1	0.842144	0.842144	positive
UBE2C	CDCA5	0.809975	0.809975	positive
UBE2C	CDKN3	0.839686	0.839686	positive
UBE2C	CENPA	0.836008	0.836008	positive
UBE2C	CEP55	0.813035	0.813035	positive
UBE2C	DLGAP5	0.828583	0.828583	positive
UBE2C	GTSE1	0.819961	0.819961	positive
UBE2C	KIF2C	0.836643	0.836643	positive
UBE2C	KIF4A	0.826823	0.826823	positive
UBE2C	KIFC1	0.853751	0.853751	positive
UBE2C	KPNA2	0.836025	0.836025	positive
UBE2C	PKMYT1	0.824626	0.824626	positive
UBE2C	PRR11	0.832202	0.832202	positive
UBE2C	SPC24	0.825058	0.825058	positive
UBE2C	TPX2	0.840447	0.840447	positive
UBE2C	ASF1B	0.854504	0.854504	positive
UBE2C	MYBL2	0.845114	0.845114	positive
UBE2C	PTTG1	0.823533	0.823533	positive
UBE2C	RECQL4	0.823657	0.823657	positive
UBE2C	UBE2T	0.805787	0.805787	positive
CCDC173	C11ORF97	0.815123	0.815123	positive
CCDC173	C22ORF15	0.828133	0.828133	positive
CCDC173	C6	0.823248	0.823248	positive
CCDC173	C6ORF118	0.863442	0.863442	positive
CCDC173	CCDC17	0.847007	0.847007	positive
CCDC173	CFAP43	0.919102	0.919102	positive
CCDC173	CFAP52	0.894046	0.894046	positive
CCDC173	CFAP77	0.849325	0.849325	positive
CCDC173	DNAI1	0.907898	0.907898	positive
CCDC173	DNAI2	0.825296	0.825296	positive
CCDC173	EFHB	0.807652	0.807652	positive
CCDC173	ENKUR	0.867896	0.867896	positive
CCDC173	ERICH3	0.885679	0.885679	positive
CCDC173	FAM216B	0.835155	0.835155	positive
CCDC173	HOATZ	0.861896	0.861896	positive
CCDC173	IL5RA	0.837106	0.837106	positive
CCDC173	LRRC46	0.820902	0.820902	positive
CCDC173	NWD1	0.826542	0.826542	positive
CCDC173	PACRG	0.853563	0.853563	positive
CCDC173	RSPH1	0.81714	0.81714	positive
CCDC173	RSPH4A	0.899186	0.899186	positive
CCDC173	SAXO2	0.888329	0.888329	positive
CCDC173	TEKT1	0.81951	0.81951	positive
CCDC173	TTC29	0.860294	0.860294	positive
CCDC173	VWA3B	0.877714	0.877714	positive
CCDC173	LRRIQ1	0.880681	0.880681	positive
CCDC173	CDHR3	0.806479	0.806479	positive
CCDC173	CFAP53	0.801426	0.801426	positive
CCDC173	CFAP94	0.880604	0.880604	positive
CCDC173	DTHD1	0.896632	0.896632	positive
CCDC173	LRRC18	0.844448	0.844448	positive
CCDC173	OSBPL6	0.80102	0.80102	positive
CCDC173	SPAG8	0.865687	0.865687	positive
FGG	FGA	0.906648	0.906648	positive
HIGD1B	CLEC3B	0.805338	0.805338	positive
BICC1	VCAN	0.841725	0.841725	positive
BICC1	CDH11	0.816609	0.816609	positive
BICC1	PDGFRA	0.838329	0.838329	positive
BICC1	GXYLT2	0.872621	0.872621	positive
CABCOCO1	AKAP14	0.831376	0.831376	positive
CABCOCO1	CAPSL	0.806195	0.806195	positive
CABCOCO1	CFAP52	0.83317	0.83317	positive
CABCOCO1	DNAI1	0.828948	0.828948	positive
CABCOCO1	DNAI2	0.807373	0.807373	positive
CABCOCO1	HOATZ	0.848669	0.848669	positive
CABCOCO1	NWD1	0.804129	0.804129	positive
CABCOCO1	RSPH4A	0.815769	0.815769	positive
CABCOCO1	SAXO2	0.815357	0.815357	positive
CABCOCO1	SNTN	0.819008	0.819008	positive
CABCOCO1	TTC29	0.808199	0.808199	positive
CABCOCO1	CFAP57	0.816284	0.816284	positive
CABCOCO1	CFAP94	0.835102	0.835102	positive
CABCOCO1	PPIL6	0.836055	0.836055	positive
ZMYND10	AC007906.2	0.804534	0.804534	positive
ZMYND10	AKAP14	0.907851	0.907851	positive
ZMYND10	C11ORF97	0.900761	0.900761	positive
ZMYND10	C20ORF85	0.886675	0.886675	positive
ZMYND10	C22ORF15	0.875753	0.875753	positive
ZMYND10	C6ORF118	0.90176	0.90176	positive
ZMYND10	C9ORF24	0.902253	0.902253	positive
ZMYND10	CAPSL	0.884442	0.884442	positive
ZMYND10	CCDC17	0.837566	0.837566	positive
ZMYND10	CFAP52	0.863478	0.863478	positive
ZMYND10	CFAP77	0.880069	0.880069	positive
ZMYND10	CIBAR2	0.896053	0.896053	positive
ZMYND10	DNAI1	0.876222	0.876222	positive
ZMYND10	DNAI2	0.921982	0.921982	positive
ZMYND10	ENKUR	0.822615	0.822615	positive
ZMYND10	ERICH3	0.843558	0.843558	positive
ZMYND10	FAM166B	0.895609	0.895609	positive
ZMYND10	GAS2L2	0.847774	0.847774	positive
ZMYND10	HOATZ	0.872825	0.872825	positive
ZMYND10	IL5RA	0.817017	0.817017	positive
ZMYND10	LRRC46	0.864918	0.864918	positive
ZMYND10	MORN5	0.954071	0.954071	positive
ZMYND10	PACRG	0.884495	0.884495	positive
ZMYND10	ROPN1L	0.891595	0.891595	positive
ZMYND10	RSPH1	0.839572	0.839572	positive
ZMYND10	RSPH4A	0.890599	0.890599	positive
ZMYND10	SAXO2	0.836302	0.836302	positive
ZMYND10	SNTN	0.871369	0.871369	positive
ZMYND10	TEKT1	0.942856	0.942856	positive
ZMYND10	TTC29	0.83674	0.83674	positive
ZMYND10	TUBA4B	0.914144	0.914144	positive
ZMYND10	VWA3B	0.852935	0.852935	positive
ZMYND10	WDR38	0.935652	0.935652	positive
ZMYND10	CCDC78	0.830014	0.830014	positive
ZMYND10	CFAP45	0.848959	0.848959	positive
ZMYND10	CFAP53	0.87047	0.87047	positive
ZMYND10	CFAP94	0.834496	0.834496	positive
ZMYND10	CNGA4	0.82965	0.82965	positive
ZMYND10	DYDC2	0.817625	0.817625	positive
ZMYND10	FAM183A	0.810403	0.810403	positive
ZMYND10	LRRC10B	0.813581	0.813581	positive
ZMYND10	MS4A8	0.809395	0.809395	positive
ZMYND10	NHLRC4	0.848509	0.848509	positive
ZMYND10	SPEF1	0.917163	0.917163	positive
ZMYND10	STMND1	0.841173	0.841173	positive
ZMYND10	TEKT2	0.903214	0.903214	positive
ZMYND10	TTC25	0.852902	0.852902	positive
CCL19	SIT1	0.804067	0.804067	positive
WDFY4	CD84	0.800722	0.800722	positive
PACRG	AC007906.2	0.87771	0.87771	positive
PACRG	AKAP14	0.899519	0.899519	positive
PACRG	C11ORF97	0.907846	0.907846	positive
PACRG	C20ORF85	0.852154	0.852154	positive
PACRG	C22ORF15	0.877835	0.877835	positive
PACRG	C6	0.863907	0.863907	positive
PACRG	C6ORF118	0.943548	0.943548	positive
PACRG	C9ORF24	0.842924	0.842924	positive
PACRG	CAPSL	0.886305	0.886305	positive
PACRG	CCDC17	0.856843	0.856843	positive
PACRG	CFAP43	0.863854	0.863854	positive
PACRG	CFAP52	0.930317	0.930317	positive
PACRG	CFAP77	0.909628	0.909628	positive
PACRG	CIBAR2	0.826215	0.826215	positive
PACRG	DNAI1	0.911631	0.911631	positive
PACRG	DNAI2	0.923747	0.923747	positive
PACRG	EFHB	0.842751	0.842751	positive
PACRG	ENKUR	0.863626	0.863626	positive
PACRG	ERICH3	0.915015	0.915015	positive
PACRG	FAM166B	0.857952	0.857952	positive
PACRG	FAM216B	0.844135	0.844135	positive
PACRG	GAS2L2	0.841625	0.841625	positive
PACRG	HOATZ	0.913835	0.913835	positive
PACRG	IL5RA	0.862202	0.862202	positive
PACRG	LRRC46	0.888642	0.888642	positive
PACRG	MORN5	0.869109	0.869109	positive
PACRG	NWD1	0.888213	0.888213	positive
PACRG	CACNG6	0.842563	0.842563	positive
PACRG	CFAP45	0.836905	0.836905	positive
PACRG	CFAP53	0.862328	0.862328	positive
PACRG	CFAP94	0.877806	0.877806	positive
PACRG	CHST9	0.838088	0.838088	positive
PACRG	CNGA4	0.817119	0.817119	positive
PACRG	DTHD1	0.814887	0.814887	positive
PACRG	ECRG4	0.816255	0.816255	positive
PACRG	MDH1B	0.817101	0.817101	positive
PACRG	PPIL6	0.809017	0.809017	positive
PACRG	PPP1R32	0.800266	0.800266	positive
PACRG	PTPRT	0.816499	0.816499	positive
PACRG	ROPN1L	0.884729	0.884729	positive
PACRG	RSPH1	0.856202	0.856202	positive
PACRG	RSPH4A	0.903666	0.903666	positive
PACRG	SAXO2	0.886285	0.886285	positive
PACRG	SNTN	0.869264	0.869264	positive
PACRG	SPAG8	0.866302	0.866302	positive
PACRG	SPEF1	0.868785	0.868785	positive
PACRG	STMND1	0.850271	0.850271	positive
PACRG	TEKT1	0.926593	0.926593	positive
PACRG	TEKT2	0.858961	0.858961	positive
PACRG	TTC25	0.843311	0.843311	positive
PACRG	TTC29	0.88774	0.88774	positive
PACRG	TUBA4B	0.906716	0.906716	positive
PACRG	VWA3B	0.892407	0.892407	positive
PACRG	WDR38	0.874601	0.874601	positive
HELLS	STIL	0.810863	0.810863	positive
HELLS	CENPK	0.828358	0.828358	positive
HELLS	DNA2	0.850535	0.850535	positive
HELLS	KNTC1	0.920207	0.920207	positive
HELLS	POLE2	0.824043	0.824043	positive
TTC25	AKAP14	0.80832	0.80832	positive
TTC25	C11ORF97	0.839228	0.839228	positive
TTC25	C22ORF15	0.807741	0.807741	positive
TTC25	C6ORF118	0.856821	0.856821	positive
TTC25	CAPSL	0.811522	0.811522	positive
TTC25	CFAP52	0.854183	0.854183	positive
TTC25	CFAP77	0.81306	0.81306	positive
TTC25	DNAI1	0.857773	0.857773	positive
TTC25	DNAI2	0.865285	0.865285	positive
TTC25	EFHB	0.815419	0.815419	positive
TTC25	ERICH3	0.821159	0.821159	positive
TTC25	HOATZ	0.809182	0.809182	positive
TTC25	IL5RA	0.803541	0.803541	positive
TTC25	LRRC46	0.844461	0.844461	positive
TTC25	MORN5	0.828521	0.828521	positive
TTC25	RSPH1	0.819399	0.819399	positive
TTC25	RSPH4A	0.824914	0.824914	positive
TTC25	TEKT1	0.83125	0.83125	positive
TTC25	TTC29	0.846433	0.846433	positive
TTC25	TUBA4B	0.818042	0.818042	positive
TTC25	VWA3B	0.814266	0.814266	positive
TTC25	CFAP53	0.867953	0.867953	positive
TTC25	SPEF1	0.856367	0.856367	positive
TTC25	CFAP94	0.863448	0.863448	positive
TTC25	SPAG8	0.852163	0.852163	positive
TTC25	STMND1	0.905758	0.905758	positive
TTC25	TEKT2	0.860264	0.860264	positive
TTC25	CCDC151	0.829039	0.829039	positive
TTC25	CFAP45	0.902281	0.902281	positive
TTC25	CFAP57	0.820846	0.820846	positive
TTC25	LRRC43	0.830276	0.830276	positive
TTC25	MDH1B	0.845217	0.845217	positive
LAMA4	CLMP	0.805283	0.805283	positive
TMIGD3	SIGLEC7	0.818886	0.818886	positive
TMIGD3	CCR1	0.802481	0.802481	positive
TMIGD3	FCER1G	0.828906	0.828906	positive
TMIGD3	VSIG4	0.81104	0.81104	positive
ACKR1	SELP	0.827325	0.827325	positive
NLRC4	CD84	0.803012	0.803012	positive
NLRC4	C1ORF162	0.809192	0.809192	positive
NLRC4	HAVCR2	0.800593	0.800593	positive
NLRC4	MRC1	0.887549	0.887549	positive
NLRC4	IGSF6	0.803183	0.803183	positive
NLRC4	NLRP3	0.842841	0.842841	positive
EBI3	CCL5	0.801276	0.801276	positive
DNAI1	AC007906.2	0.841151	0.841151	positive
DNAI1	AKAP14	0.909483	0.909483	positive
DNAI1	C11ORF97	0.912569	0.912569	positive
DNAI1	C20ORF85	0.834574	0.834574	positive
DNAI1	C22ORF15	0.935103	0.935103	positive
DNAI1	C6	0.871752	0.871752	positive
DNAI1	C6ORF118	0.954441	0.954441	positive
DNAI1	C9ORF24	0.869875	0.869875	positive
DNAI1	CAPSL	0.911063	0.911063	positive
DNAI1	CCDC17	0.906173	0.906173	positive
DNAI1	CFAP43	0.948034	0.948034	positive
DNAI1	CFAP52	0.957114	0.957114	positive
DNAI1	CFAP77	0.917671	0.917671	positive
DNAI1	CIBAR2	0.845827	0.845827	positive
DNAI1	AK7	0.817559	0.817559	positive
DNAI1	CACNG6	0.819992	0.819992	positive
DNAI1	CCDC170	0.837059	0.837059	positive
DNAI1	CCDC78	0.812982	0.812982	positive
DNAI1	CDHR3	0.830648	0.830648	positive
DNAI1	CFAP45	0.843054	0.843054	positive
DNAI1	CFAP53	0.870003	0.870003	positive
DNAI1	CFAP57	0.842015	0.842015	positive
DNAI1	CFAP94	0.92225	0.92225	positive
DNAI1	CHST9	0.851772	0.851772	positive
DNAI1	CNGA4	0.844811	0.844811	positive
DNAI1	DNAI2	0.937675	0.937675	positive
DNAI1	DTHD1	0.91763	0.91763	positive
DNAI1	EFHB	0.888083	0.888083	positive
DNAI1	ENKUR	0.925904	0.925904	positive
DNAI1	ERICH3	0.934791	0.934791	positive
DNAI1	FAM166B	0.866879	0.866879	positive
DNAI1	FAM216B	0.908366	0.908366	positive
DNAI1	GAS2L2	0.838152	0.838152	positive
DNAI1	HOATZ	0.956248	0.956248	positive
DNAI1	IL5RA	0.925623	0.925623	positive
DNAI1	LRRC18	0.848085	0.848085	positive
DNAI1	LRRC46	0.886912	0.886912	positive
DNAI1	LRRIQ1	0.855636	0.855636	positive
DNAI1	MDH1B	0.840579	0.840579	positive
DNAI1	MORN5	0.877639	0.877639	positive
DNAI1	MS4A8	0.829172	0.829172	positive
DNAI1	NWD1	0.886332	0.886332	positive
DNAI1	OSBPL6	0.803297	0.803297	positive
DNAI1	PPIL6	0.822606	0.822606	positive
DNAI1	PPP1R32	0.803923	0.803923	positive
DNAI1	ROPN1L	0.887038	0.887038	positive
DNAI1	RSPH1	0.882328	0.882328	positive
DNAI1	RSPH4A	0.956869	0.956869	positive
DNAI1	SAXO2	0.934713	0.934713	positive
DNAI1	SNTN	0.895839	0.895839	positive
DNAI1	SPAG8	0.888394	0.888394	positive
DNAI1	SPEF1	0.812327	0.812327	positive
DNAI1	STMND1	0.830205	0.830205	positive
DNAI1	TEKT1	0.924781	0.924781	positive
DNAI1	TEKT2	0.851777	0.851777	positive
DNAI1	TSPAN19	0.832792	0.832792	positive
DNAI1	TTC29	0.917498	0.917498	positive
DNAI1	TUBA4B	0.908306	0.908306	positive
DNAI1	VWA3B	0.927686	0.927686	positive
DNAI1	WDR38	0.879705	0.879705	positive
ANGPTL2	AEBP1	0.824956	0.824956	positive
ANGPTL2	COL1A2	0.893861	0.893861	positive
ANGPTL2	ADAMTS12	0.826363	0.826363	positive
ANGPTL2	COL12A1	0.839597	0.839597	positive
ANGPTL2	COL5A1	0.893773	0.893773	positive
ANGPTL2	COL5A2	0.86587	0.86587	positive
ANGPTL2	GREM1	0.820549	0.820549	positive
ANGPTL2	POSTN	0.84641	0.84641	positive
ANGPTL2	SULF1	0.827733	0.827733	positive
ANGPTL2	THBS2	0.872716	0.872716	positive
ANGPTL2	MMP2	0.836555	0.836555	positive
ANGPTL2	MXRA5	0.808908	0.808908	positive
ANGPTL2	NID2	0.844041	0.844041	positive
ANGPTL2	THY1	0.818458	0.818458	positive
CCDC60	CFAP43	0.821405	0.821405	positive
CCDC60	CFAP52	0.809153	0.809153	positive
CCDC60	ENKUR	0.803181	0.803181	positive
CCDC60	FAM216B	0.853161	0.853161	positive
CCDC60	DTHD1	0.83629	0.83629	positive
CCDC60	CCDC170	0.810725	0.810725	positive
CCDC60	LRRC18	0.906077	0.906077	positive
ISG15	IFI6	0.818207	0.818207	positive
ASPN	COL12A1	0.817551	0.817551	positive
ASPN	COL10A1	0.844207	0.844207	positive
ASPN	MSRB3	0.811238	0.811238	positive
ASPN	OMD	0.809945	0.809945	positive
ASPN	PLN	0.810392	0.810392	positive
PLK4	ANLN	0.857079	0.857079	positive
PLK4	ARHGAP11A	0.892068	0.892068	positive
PLK4	AURKA	0.830464	0.830464	positive
PLK4	BUB1	0.90576	0.90576	positive
PLK4	CCNA2	0.921147	0.921147	positive
PLK4	CCNB2	0.871551	0.871551	positive
PLK4	CDC25A	0.857344	0.857344	positive
PLK4	CDC6	0.82827	0.82827	positive
PLK4	CDCA3	0.809782	0.809782	positive
PLK4	CDK1	0.836243	0.836243	positive
PLK4	CENPA	0.842315	0.842315	positive
PLK4	CENPU	0.867326	0.867326	positive
PLK4	CEP55	0.861135	0.861135	positive
PLK4	CHEK1	0.887716	0.887716	positive
PLK4	CIP2A	0.899467	0.899467	positive
PLK4	DLGAP5	0.843959	0.843959	positive
PLK4	DTL	0.863049	0.863049	positive
PLK4	ESPL1	0.8586	0.8586	positive
PLK4	FOXM1	0.806903	0.806903	positive
PLK4	HMMR	0.833847	0.833847	positive
PLK4	IQGAP3	0.850523	0.850523	positive
PLK4	KIF11	0.889904	0.889904	positive
PLK4	KIF15	0.9115	0.9115	positive
PLK4	KIF2C	0.82989	0.82989	positive
PLK4	KIF4A	0.871135	0.871135	positive
PLK4	KPNA2	0.808896	0.808896	positive
PLK4	MAD2L1	0.858809	0.858809	positive
PLK4	MKI67	0.869098	0.869098	positive
PLK4	MTFR2	0.810849	0.810849	positive
PLK4	NCAPH	0.854069	0.854069	positive
PLK4	NDC80	0.887487	0.887487	positive
PLK4	ORC1	0.855072	0.855072	positive
PLK4	ATAD2	0.895163	0.895163	positive
PLK4	BLM	0.846281	0.846281	positive
PLK4	CCNF	0.807793	0.807793	positive
PLK4	CENPF	0.848539	0.848539	positive
PLK4	CENPK	0.829664	0.829664	positive
PLK4	DSCC1	0.826828	0.826828	positive
PLK4	FANCA	0.810339	0.810339	positive
PLK4	FANCI	0.854515	0.854515	positive
PLK4	HASPIN	0.866351	0.866351	positive
PLK4	LMNB1	0.806783	0.806783	positive
PLK4	NUF2	0.828353	0.828353	positive
PLK4	ORC6	0.848394	0.848394	positive
PLK4	PRR11	0.874811	0.874811	positive
PLK4	RACGAP1	0.857897	0.857897	positive
PLK4	RAD51AP1	0.850255	0.850255	positive
PLK4	RRM2	0.838915	0.838915	positive
PLK4	SHCBP1	0.850388	0.850388	positive
PLK4	SKA1	0.852849	0.852849	positive
PLK4	SKA3	0.886016	0.886016	positive
PLK4	SPAG5	0.870376	0.870376	positive
PLK4	SPC25	0.837038	0.837038	positive
PLK4	STIL	0.896752	0.896752	positive
PLK4	TOP2A	0.85978	0.85978	positive
PLK4	TPX2	0.8394	0.8394	positive
PLK4	TTK	0.90107	0.90107	positive
PLK4	UHRF1	0.820203	0.820203	positive
ADGRA2	NID2	0.813954	0.813954	positive
ADGRA2	EMILIN1	0.861606	0.861606	positive
CD84	CCR5	0.833036	0.833036	positive
CD84	CD163	0.834623	0.834623	positive
CD84	CD28	0.850146	0.850146	positive
CD84	CIITA	0.811124	0.811124	positive
CD84	FGL2	0.903803	0.903803	positive
CD84	FPR3	0.842359	0.842359	positive
CD84	GPR34	0.82882	0.82882	positive
CD84	IGSF6	0.822953	0.822953	positive
CD84	IL2RA	0.831128	0.831128	positive
CD84	IL7R	0.809584	0.809584	positive
CD84	ITGAX	0.829321	0.829321	positive
CD84	MRC1	0.816997	0.816997	positive
CD84	SAMSN1	0.849236	0.849236	positive
CD84	SLCO2B1	0.840933	0.840933	positive
CD84	TLR8	0.887777	0.887777	positive
CD84	ZEB2	0.85292	0.85292	positive
COL4A3	COL4A4	0.883224	0.883224	positive
FBLN2	AEBP1	0.811878	0.811878	positive
FBLN2	EMILIN1	0.850843	0.850843	positive
FBLN2	COL6A2	0.834021	0.834021	positive
FBLN2	HTRA3	0.855396	0.855396	positive
FBLN2	ISLR	0.819859	0.819859	positive
FBLN2	PCOLCE	0.853201	0.853201	positive
FBLN2	SCARF2	0.847748	0.847748	positive
C11ORF97	AC007906.2	0.851159	0.851159	positive
C11ORF97	AKAP14	0.942745	0.942745	positive
C11ORF97	AK7	0.800653	0.800653	positive
C11ORF97	C20ORF85	0.890505	0.890505	positive
C11ORF97	C22ORF15	0.938293	0.938293	positive
C11ORF97	C6	0.861696	0.861696	positive
C11ORF97	C6ORF118	0.918166	0.918166	positive
C11ORF97	C9ORF24	0.91273	0.91273	positive
C11ORF97	CACNG6	0.878613	0.878613	positive
C11ORF97	CAPSL	0.914384	0.914384	positive
C11ORF97	CCDC17	0.897351	0.897351	positive
C11ORF97	CCDC78	0.854666	0.854666	positive
C11ORF97	CFAP43	0.842033	0.842033	positive
C11ORF97	CFAP52	0.937708	0.937708	positive
C11ORF97	CFAP53	0.879246	0.879246	positive
C11ORF97	CFAP77	0.932903	0.932903	positive
C11ORF97	CFAP94	0.814074	0.814074	positive
C11ORF97	CHST9	0.807624	0.807624	positive
C11ORF97	CIBAR2	0.909767	0.909767	positive
C11ORF97	CNGA4	0.889357	0.889357	positive
C11ORF97	DNAI2	0.955317	0.955317	positive
C11ORF97	DYDC2	0.838528	0.838528	positive
C11ORF97	EFHB	0.822383	0.822383	positive
C11ORF97	ENKUR	0.850518	0.850518	positive
C11ORF97	ERICH3	0.899938	0.899938	positive
C11ORF97	FAM166B	0.922857	0.922857	positive
C11ORF97	FAM216B	0.861483	0.861483	positive
C11ORF97	GAS2L2	0.872769	0.872769	positive
C11ORF97	HOATZ	0.923929	0.923929	positive
C11ORF97	IL5RA	0.859559	0.859559	positive
C11ORF97	LRRC46	0.915271	0.915271	positive
C11ORF97	MORN5	0.919219	0.919219	positive
C11ORF97	MS4A8	0.823626	0.823626	positive
C11ORF97	NHLRC4	0.816909	0.816909	positive
C11ORF97	NWD1	0.836461	0.836461	positive
C11ORF97	PPP1R32	0.837809	0.837809	positive
C11ORF97	ROPN1L	0.897028	0.897028	positive
C11ORF97	RSPH1	0.872355	0.872355	positive
C11ORF97	RSPH4A	0.893548	0.893548	positive
C11ORF97	SAXO2	0.869067	0.869067	positive
C11ORF97	SNTN	0.908482	0.908482	positive
C11ORF97	SPAG8	0.837875	0.837875	positive
C11ORF97	SPEF1	0.877361	0.877361	positive
C11ORF97	STMND1	0.82975	0.82975	positive
C11ORF97	TEKT1	0.941975	0.941975	positive
C11ORF97	TEKT2	0.836778	0.836778	positive
C11ORF97	TSPAN19	0.845895	0.845895	positive
C11ORF97	TTC29	0.910428	0.910428	positive
C11ORF97	TUBA4B	0.941764	0.941764	positive
C11ORF97	VWA3B	0.898365	0.898365	positive
C11ORF97	WDR38	0.93186	0.93186	positive
TMSB4Y	DDX3Y	0.841255	0.841255	positive
TMSB4Y	EIF1AY	0.841322	0.841322	positive
TMSB4Y	KDM5D	0.829143	0.829143	positive
TMSB4Y	RPS4Y1	0.849409	0.849409	positive
TMSB4Y	ZFY	0.875521	0.875521	positive
FERMT3	CD14	0.887162	0.887162	positive
FERMT3	DOK2	0.898714	0.898714	positive
FERMT3	ACP5	0.832302	0.832302	positive
FERMT3	CD300C	0.822098	0.822098	positive
FERMT3	HK3	0.829598	0.829598	positive
FERMT3	IL4I1	0.837219	0.837219	positive
FERMT3	ITGB2	0.884323	0.884323	positive
FERMT3	LILRB4	0.833853	0.833853	positive
FERMT3	LRRC25	0.897941	0.897941	positive
FERMT3	NFAM1	0.81656	0.81656	positive
FERMT3	PILRA	0.85025	0.85025	positive
FERMT3	SIGLEC7	0.830843	0.830843	positive
FERMT3	SLAMF8	0.852649	0.852649	positive
FERMT3	SPI1	0.899782	0.899782	positive
FERMT3	TYROBP	0.830686	0.830686	positive
CYP27A1	ACP5	0.807717	0.807717	positive
CYTIP	CD28	0.814088	0.814088	positive
CYTIP	FGL2	0.814515	0.814515	positive
CTLA4	CXCR6	0.809328	0.809328	positive
CTLA4	TIGIT	0.869052	0.869052	positive
C6	AC007906.2	0.849445	0.849445	positive
C6	AKAP14	0.873539	0.873539	positive
C6	C20ORF85	0.827361	0.827361	positive
C6	C22ORF15	0.850246	0.850246	positive
C6	C6ORF118	0.884251	0.884251	positive
C6	C9ORF24	0.836105	0.836105	positive
C6	CAPSL	0.84339	0.84339	positive
C6	CCDC170	0.81642	0.81642	positive
C6	CDHR3	0.805241	0.805241	positive
C6	CFAP43	0.859543	0.859543	positive
C6	CFAP52	0.904929	0.904929	positive
C6	CFAP77	0.861619	0.861619	positive
C6	CIBAR2	0.802411	0.802411	positive
C6	DNAI2	0.891632	0.891632	positive
C6	DTHD1	0.832833	0.832833	positive
C6	ENKUR	0.842993	0.842993	positive
C6	ERICH3	0.861157	0.861157	positive
C6	FAM166B	0.83084	0.83084	positive
C6	FAM216B	0.884434	0.884434	positive
C6	GAS2L2	0.855748	0.855748	positive
C6	HOATZ	0.901024	0.901024	positive
C6	IL5RA	0.843488	0.843488	positive
C6	NWD1	0.918713	0.918713	positive
C6	PPIL6	0.802018	0.802018	positive
C6	ROPN1L	0.809155	0.809155	positive
C6	RSPH1	0.840637	0.840637	positive
C6	RSPH4A	0.873437	0.873437	positive
C6	SAXO2	0.884309	0.884309	positive
C6	SNTN	0.852961	0.852961	positive
C6	SPAG8	0.814122	0.814122	positive
C6	TEKT1	0.876835	0.876835	positive
C6	TTC29	0.843782	0.843782	positive
C6	TUBA4B	0.863323	0.863323	positive
C6	VWA3B	0.896022	0.896022	positive
C6	WDR38	0.818149	0.818149	positive
ZEB2	AKT3	0.807845	0.807845	positive
ZEB2	ANGPTL1	0.83276	0.83276	positive
ZEB2	ARHGAP31	0.820584	0.820584	positive
ZEB2	FGL2	0.818607	0.818607	positive
ZEB2	GPR34	0.820697	0.820697	positive
ZEB2	GPR82	0.81471	0.81471	positive
ZEB2	VGLL3	0.852232	0.852232	positive
KDM5D	DDX3Y	0.970098	0.970098	positive
KDM5D	EIF1AY	0.966674	0.966674	positive
KDM5D	NLGN4Y	0.88856	0.88856	positive
KDM5D	PRKY	0.896579	0.896579	positive
KDM5D	RPS4Y1	0.899628	0.899628	positive
KDM5D	ZFY	0.91374	0.91374	positive
CD300C	CD14	0.871276	0.871276	positive
CD300C	DOK2	0.892357	0.892357	positive
CD300C	ITGB2	0.802854	0.802854	positive
CD300C	LRRC25	0.920609	0.920609	positive
CD300C	SPI1	0.902588	0.902588	positive
CD300C	TYROBP	0.848434	0.848434	positive
CD300C	ACP5	0.803254	0.803254	positive
CD300C	ALOX5AP	0.805138	0.805138	positive
CD300C	C3AR1	0.826071	0.826071	positive
CD300C	C5AR1	0.803559	0.803559	positive
CD300C	CCR1	0.832995	0.832995	positive
CD300C	CD300LF	0.818729	0.818729	positive
CD300C	FCER1G	0.888567	0.888567	positive
CD300C	FCGR3A	0.815683	0.815683	positive
CD300C	FGR	0.858694	0.858694	positive
CD300C	FPR1	0.837153	0.837153	positive
CD300C	HAVCR2	0.86239	0.86239	positive
CD300C	HK3	0.911696	0.911696	positive
CD300C	ITGAM	0.819829	0.819829	positive
CD300C	LAIR1	0.855701	0.855701	positive
CD300C	LILRA6	0.835798	0.835798	positive
CD300C	MNDA	0.806985	0.806985	positive
CD300C	NCF2	0.804064	0.804064	positive
CD300C	OSCAR	0.904863	0.904863	positive
CD300C	PILRA	0.893535	0.893535	positive
CD300C	SIGLEC1	0.800415	0.800415	positive
CD300C	SIGLEC7	0.898268	0.898268	positive
CD300C	SLAMF8	0.8359	0.8359	positive
CD300C	VSIG4	0.895696	0.895696	positive
NDC80	ANLN	0.857707	0.857707	positive
NDC80	ARHGAP11A	0.873167	0.873167	positive
NDC80	AURKA	0.902719	0.902719	positive
NDC80	BIRC5	0.850287	0.850287	positive
NDC80	BUB1	0.94955	0.94955	positive
NDC80	CCNA2	0.923233	0.923233	positive
NDC80	CCNB1	0.862402	0.862402	positive
NDC80	CCNB2	0.910401	0.910401	positive
NDC80	CDC25A	0.90261	0.90261	positive
NDC80	CDC45	0.859444	0.859444	positive
NDC80	CDC6	0.869424	0.869424	positive
NDC80	CDCA3	0.888247	0.888247	positive
NDC80	CDCA5	0.873424	0.873424	positive
NDC80	CDK1	0.873124	0.873124	positive
NDC80	CDKN3	0.864106	0.864106	positive
NDC80	CENPA	0.929923	0.929923	positive
NDC80	CENPU	0.879042	0.879042	positive
NDC80	CEP55	0.9143	0.9143	positive
NDC80	CHEK1	0.877734	0.877734	positive
NDC80	CIP2A	0.834454	0.834454	positive
NDC80	DLGAP5	0.922018	0.922018	positive
NDC80	DTL	0.869128	0.869128	positive
NDC80	ESPL1	0.91133	0.91133	positive
NDC80	FOXM1	0.877064	0.877064	positive
NDC80	GTSE1	0.91382	0.91382	positive
NDC80	HMMR	0.892409	0.892409	positive
NDC80	IQGAP3	0.842782	0.842782	positive
NDC80	KIF11	0.913334	0.913334	positive
NDC80	KIF15	0.933205	0.933205	positive
NDC80	KIF2C	0.923929	0.923929	positive
NDC80	KIF4A	0.91655	0.91655	positive
NDC80	KIFC1	0.879731	0.879731	positive
NDC80	KPNA2	0.841091	0.841091	positive
NDC80	MAD2L1	0.863178	0.863178	positive
NDC80	MCM4	0.83097	0.83097	positive
NDC80	MKI67	0.901632	0.901632	positive
NDC80	MTFR2	0.829388	0.829388	positive
NDC80	NCAPH	0.920712	0.920712	positive
NDC80	ATAD2	0.838705	0.838705	positive
NDC80	BLM	0.827058	0.827058	positive
NDC80	CCNF	0.887738	0.887738	positive
NDC80	CENPF	0.871241	0.871241	positive
NDC80	DSCC1	0.849572	0.849572	positive
NDC80	FANCA	0.801387	0.801387	positive
NDC80	FANCI	0.858542	0.858542	positive
NDC80	GINS1	0.824938	0.824938	positive
NDC80	HASPIN	0.833989	0.833989	positive
NDC80	LMNB1	0.82931	0.82931	positive
NDC80	MYBL2	0.850749	0.850749	positive
NDC80	NEK2	0.900861	0.900861	positive
NDC80	NUF2	0.886054	0.886054	positive
NDC80	ORC1	0.893998	0.893998	positive
NDC80	ORC6	0.816603	0.816603	positive
NDC80	PBK	0.818216	0.818216	positive
NDC80	PIMREG	0.857915	0.857915	positive
NDC80	PKMYT1	0.824301	0.824301	positive
NDC80	PRR11	0.904823	0.904823	positive
NDC80	RACGAP1	0.861685	0.861685	positive
NDC80	RAD51AP1	0.900668	0.900668	positive
NDC80	RRM2	0.889867	0.889867	positive
NDC80	SHCBP1	0.805384	0.805384	positive
NDC80	SKA1	0.922909	0.922909	positive
NDC80	SKA3	0.911899	0.911899	positive
NDC80	SPAG5	0.893189	0.893189	positive
NDC80	SPC24	0.825608	0.825608	positive
NDC80	SPC25	0.892575	0.892575	positive
NDC80	STIL	0.856288	0.856288	positive
NDC80	TACC3	0.822246	0.822246	positive
NDC80	TOP2A	0.907977	0.907977	positive
NDC80	TPX2	0.924088	0.924088	positive
NDC80	TRIP13	0.81115	0.81115	positive
NDC80	TTK	0.920647	0.920647	positive
NDC80	UBE2T	0.809846	0.809846	positive
NDC80	UHRF1	0.873833	0.873833	positive
NDC80	ZWINT	0.827218	0.827218	positive
PLTP	CD14	0.811727	0.811727	positive
PLTP	EMP3	0.816885	0.816885	positive
COL6A6	ABI3BP	0.802624	0.802624	positive
SPC25	ANLN	0.814953	0.814953	positive
SPC25	ARHGAP11A	0.822599	0.822599	positive
SPC25	AURKA	0.877013	0.877013	positive
SPC25	BIRC5	0.861235	0.861235	positive
SPC25	BUB1	0.892024	0.892024	positive
SPC25	CCNA2	0.899501	0.899501	positive
SPC25	CCNB1	0.842497	0.842497	positive
SPC25	CCNB2	0.910756	0.910756	positive
SPC25	CDC25A	0.826893	0.826893	positive
SPC25	CDC45	0.874411	0.874411	positive
SPC25	CDC6	0.848607	0.848607	positive
SPC25	CDCA3	0.859741	0.859741	positive
SPC25	CDCA5	0.841247	0.841247	positive
SPC25	CDK1	0.823711	0.823711	positive
SPC25	CDKN3	0.87542	0.87542	positive
SPC25	CENPA	0.912708	0.912708	positive
SPC25	CENPU	0.855406	0.855406	positive
SPC25	CEP55	0.878144	0.878144	positive
SPC25	CHEK1	0.82036	0.82036	positive
SPC25	DLGAP5	0.891483	0.891483	positive
SPC25	DTL	0.828075	0.828075	positive
SPC25	ESPL1	0.876669	0.876669	positive
SPC25	FOXM1	0.830256	0.830256	positive
SPC25	GTSE1	0.863358	0.863358	positive
SPC25	HMMR	0.867127	0.867127	positive
SPC25	IQGAP3	0.819368	0.819368	positive
SPC25	KIF11	0.895897	0.895897	positive
SPC25	KIF15	0.849911	0.849911	positive
SPC25	KIF2C	0.876769	0.876769	positive
SPC25	KIF4A	0.874977	0.874977	positive
SPC25	KIFC1	0.847342	0.847342	positive
SPC25	KPNA2	0.840672	0.840672	positive
SPC25	MAD2L1	0.844712	0.844712	positive
SPC25	MKI67	0.815736	0.815736	positive
SPC25	MTFR2	0.857063	0.857063	positive
SPC25	NCAPH	0.90097	0.90097	positive
SPC25	ORC1	0.867648	0.867648	positive
SPC25	PKMYT1	0.8029	0.8029	positive
SPC25	PRR11	0.856509	0.856509	positive
SPC25	RAD51AP1	0.836647	0.836647	positive
SPC25	RRM2	0.890596	0.890596	positive
SPC25	SKA1	0.88965	0.88965	positive
SPC25	SKA3	0.920737	0.920737	positive
SPC25	SPAG5	0.859183	0.859183	positive
SPC25	SPC24	0.835836	0.835836	positive
SPC25	CENPW	0.803985	0.803985	positive
SPC25	FANCI	0.800373	0.800373	positive
SPC25	MTHFD2	0.807979	0.807979	positive
SPC25	MYBL2	0.82984	0.82984	positive
SPC25	NEK2	0.84086	0.84086	positive
SPC25	NUF2	0.857611	0.857611	positive
SPC25	PBK	0.851797	0.851797	positive
SPC25	PIMREG	0.847703	0.847703	positive
SPC25	RACGAP1	0.860637	0.860637	positive
SPC25	TOP2A	0.857908	0.857908	positive
SPC25	TPX2	0.875271	0.875271	positive
SPC25	TTK	0.890363	0.890363	positive
SPC25	UBE2T	0.810432	0.810432	positive
SPC25	ZWINT	0.821338	0.821338	positive
BCL2A1	C3AR1	0.807193	0.807193	positive
BCL2A1	HAVCR2	0.862211	0.862211	positive
BCL2A1	LAIR1	0.808711	0.808711	positive
BCL2A1	CCR1	0.812575	0.812575	positive
BCL2A1	FCER1G	0.825597	0.825597	positive
BCL2A1	FGR	0.844086	0.844086	positive
BCL2A1	HK3	0.829423	0.829423	positive
BCL2A1	PLEK	0.846231	0.846231	positive
BCL2A1	SLAMF8	0.800374	0.800374	positive
BCL2A1	VSIG4	0.811277	0.811277	positive
BCL2A1	IL2RA	0.840643	0.840643	positive
BCL2A1	GPR84	0.817998	0.817998	positive
BCL2A1	HSD11B1	0.814664	0.814664	positive
PTPRB	TAL1	0.815685	0.815685	positive
FOS	ZFP36	0.82768	0.82768	positive
FANCA	BUB1	0.812981	0.812981	positive
FANCA	CHEK1	0.831626	0.831626	positive
FANCA	CIP2A	0.820158	0.820158	positive
FANCA	DTL	0.814935	0.814935	positive
FANCA	ESPL1	0.827279	0.827279	positive
FANCA	KIF11	0.808045	0.808045	positive
FANCA	KIF15	0.84033	0.84033	positive
FANCA	KIF4A	0.802998	0.802998	positive
FANCA	MKI67	0.807047	0.807047	positive
FANCA	RAD51AP1	0.811533	0.811533	positive
FANCA	SPAG5	0.814061	0.814061	positive
FANCA	STIL	0.840901	0.840901	positive
FANCA	TOP2A	0.84025	0.84025	positive
FANCA	TTK	0.811831	0.811831	positive
FANCA	ATAD2	0.840065	0.840065	positive
FANCA	CENPF	0.871411	0.871411	positive
FANCA	NEK2	0.801535	0.801535	positive
FANCA	CCNF	0.827085	0.827085	positive
FANCA	KNTC1	0.806108	0.806108	positive
FANCA	NUF2	0.825846	0.825846	positive
FANCA	ORC6	0.816828	0.816828	positive
TMEM125	C16ORF89	0.810927	0.810927	positive
CAPSL	AC007906.2	0.870942	0.870942	positive
CAPSL	AKAP14	0.932751	0.932751	positive
CAPSL	C20ORF85	0.916657	0.916657	positive
CAPSL	C22ORF15	0.905964	0.905964	positive
CAPSL	C6ORF118	0.922162	0.922162	positive
CAPSL	C9ORF24	0.906288	0.906288	positive
CAPSL	CACNG6	0.830514	0.830514	positive
CAPSL	CCDC17	0.869051	0.869051	positive
CAPSL	CCDC78	0.818113	0.818113	positive
CAPSL	CDHR3	0.813568	0.813568	positive
CAPSL	CFAP43	0.852129	0.852129	positive
CAPSL	CFAP52	0.927731	0.927731	positive
CAPSL	CFAP53	0.837344	0.837344	positive
CAPSL	CFAP77	0.886623	0.886623	positive
CAPSL	CFAP94	0.835757	0.835757	positive
CAPSL	CHST9	0.822305	0.822305	positive
CAPSL	CIBAR2	0.876618	0.876618	positive
CAPSL	CNGA4	0.822622	0.822622	positive
CAPSL	DNAI2	0.923974	0.923974	positive
CAPSL	DTHD1	0.804437	0.804437	positive
CAPSL	DYDC2	0.810988	0.810988	positive
CAPSL	EFHB	0.858635	0.858635	positive
CAPSL	ENKUR	0.846524	0.846524	positive
CAPSL	ERICH3	0.885455	0.885455	positive
CAPSL	FAM166B	0.888426	0.888426	positive
CAPSL	FAM183A	0.813501	0.813501	positive
CAPSL	FAM216B	0.891545	0.891545	positive
CAPSL	GAS2L2	0.829843	0.829843	positive
CAPSL	HOATZ	0.938617	0.938617	positive
CAPSL	IL5RA	0.863753	0.863753	positive
CAPSL	LRRC46	0.862339	0.862339	positive
CAPSL	MORN5	0.895249	0.895249	positive
CAPSL	MS4A8	0.867329	0.867329	positive
CAPSL	NWD1	0.860786	0.860786	positive
CAPSL	ROPN1L	0.900963	0.900963	positive
CAPSL	RSPH1	0.842559	0.842559	positive
CAPSL	RSPH4A	0.908241	0.908241	positive
CAPSL	SAXO2	0.897837	0.897837	positive
CAPSL	SNTN	0.91607	0.91607	positive
CAPSL	SPAG8	0.830714	0.830714	positive
CAPSL	SPEF1	0.85272	0.85272	positive
CAPSL	TEKT1	0.930313	0.930313	positive
CAPSL	TEKT2	0.845157	0.845157	positive
CAPSL	TSPAN19	0.833827	0.833827	positive
CAPSL	TTC29	0.883255	0.883255	positive
CAPSL	TUBA4B	0.93345	0.93345	positive
CAPSL	VWA3B	0.854812	0.854812	positive
CAPSL	WDR38	0.908584	0.908584	positive
ANXA8	ANXA8L1	0.829667	0.829667	positive
FAM81B	ENKUR	0.813304	0.813304	positive
FAM81B	CFAP94	0.849305	0.849305	positive
FAM81B	CFAP57	0.812003	0.812003	positive
MFAP5	COL5A2	0.8017	0.8017	positive
MFAP5	FAP	0.804628	0.804628	positive
MFAP5	SPOCK1	0.812353	0.812353	positive
MFAP5	CTSK	0.806699	0.806699	positive
CLEC6A	CLEC4D	0.827938	0.827938	positive
MAD2L1	ANLN	0.820015	0.820015	positive
MAD2L1	AURKA	0.885654	0.885654	positive
MAD2L1	BIRC5	0.883954	0.883954	positive
MAD2L1	BUB1	0.88328	0.88328	positive
MAD2L1	CCNA2	0.932589	0.932589	positive
MAD2L1	CCNB1	0.89428	0.89428	positive
MAD2L1	CCNB2	0.887339	0.887339	positive
MAD2L1	CDC25A	0.854005	0.854005	positive
MAD2L1	CDC45	0.847902	0.847902	positive
MAD2L1	CDC6	0.884614	0.884614	positive
MAD2L1	CDCA3	0.838432	0.838432	positive
MAD2L1	CDCA5	0.861782	0.861782	positive
MAD2L1	CDK1	0.869807	0.869807	positive
MAD2L1	CDKN3	0.87777	0.87777	positive
MAD2L1	CENPA	0.89924	0.89924	positive
MAD2L1	CENPU	0.842654	0.842654	positive
MAD2L1	CEP55	0.877224	0.877224	positive
MAD2L1	DLGAP5	0.847403	0.847403	positive
MAD2L1	ESPL1	0.827134	0.827134	positive
MAD2L1	FOXM1	0.822263	0.822263	positive
MAD2L1	GTSE1	0.837136	0.837136	positive
MAD2L1	HMMR	0.885129	0.885129	positive
MAD2L1	KIF11	0.822972	0.822972	positive
MAD2L1	KIF15	0.84051	0.84051	positive
MAD2L1	KIF2C	0.885412	0.885412	positive
MAD2L1	KIF4A	0.877478	0.877478	positive
MAD2L1	KIFC1	0.803583	0.803583	positive
MAD2L1	KPNA2	0.874048	0.874048	positive
MAD2L1	ASF1B	0.804516	0.804516	positive
MAD2L1	CENPW	0.847548	0.847548	positive
MAD2L1	CKS2	0.804898	0.804898	positive
MAD2L1	DSCC1	0.819874	0.819874	positive
MAD2L1	GINS1	0.815017	0.815017	positive
MAD2L1	GINS2	0.801543	0.801543	positive
MAD2L1	MCM4	0.807206	0.807206	positive
MAD2L1	MTFR2	0.871705	0.871705	positive
MAD2L1	MYBL2	0.849078	0.849078	positive
MAD2L1	NCAPH	0.850648	0.850648	positive
MAD2L1	NEK2	0.840658	0.840658	positive
MAD2L1	NUF2	0.835997	0.835997	positive
MAD2L1	ORC1	0.894949	0.894949	positive
MAD2L1	ORC6	0.815148	0.815148	positive
MAD2L1	PBK	0.84668	0.84668	positive
MAD2L1	PIMREG	0.836478	0.836478	positive
MAD2L1	PKMYT1	0.824684	0.824684	positive
MAD2L1	PRR11	0.857314	0.857314	positive
MAD2L1	RACGAP1	0.875441	0.875441	positive
MAD2L1	RAD51AP1	0.837547	0.837547	positive
MAD2L1	RRM2	0.90466	0.90466	positive
MAD2L1	SHCBP1	0.813074	0.813074	positive
MAD2L1	SKA1	0.871674	0.871674	positive
MAD2L1	SKA3	0.904239	0.904239	positive
MAD2L1	SPAG5	0.804487	0.804487	positive
MAD2L1	SPC24	0.82164	0.82164	positive
MAD2L1	TOP2A	0.828957	0.828957	positive
MAD2L1	TPX2	0.860657	0.860657	positive
MAD2L1	TRIP13	0.839179	0.839179	positive
MAD2L1	TTK	0.863228	0.863228	positive
MAD2L1	UBE2T	0.830146	0.830146	positive
MAD2L1	ZWINT	0.811958	0.811958	positive
NLRP3	FGR	0.80062	0.80062	positive
NLRP3	IL2RA	0.821308	0.821308	positive
NLRP3	ITGAX	0.800271	0.800271	positive
KRT8	RHOD	0.805746	0.805746	positive
KRT8	KRT19	0.825784	0.825784	positive
KRT8	SERINC2	0.822311	0.822311	positive
NEXN	MSRB3	0.814726	0.814726	positive
HOXD9	HOXD8	0.815359	0.815359	positive
CDK1	ANLN	0.80287	0.80287	positive
CDK1	AURKA	0.837165	0.837165	positive
CDK1	BIRC5	0.818454	0.818454	positive
CDK1	BUB1	0.88674	0.88674	positive
CDK1	CCNA2	0.879428	0.879428	positive
CDK1	CCNB1	0.820216	0.820216	positive
CDK1	CCNB2	0.86257	0.86257	positive
CDK1	CDC25A	0.823941	0.823941	positive
CDK1	CDC6	0.801206	0.801206	positive
CDK1	CDCA3	0.840116	0.840116	positive
CDK1	CDKN3	0.874553	0.874553	positive
CDK1	CENPA	0.870679	0.870679	positive
CDK1	CEP55	0.864858	0.864858	positive
CDK1	DLGAP5	0.867028	0.867028	positive
CDK1	DTL	0.805844	0.805844	positive
CDK1	ESPL1	0.82904	0.82904	positive
CDK1	FOXM1	0.829651	0.829651	positive
CDK1	GTSE1	0.821723	0.821723	positive
CDK1	HASPIN	0.810469	0.810469	positive
CDK1	HMMR	0.895159	0.895159	positive
CDK1	KIF11	0.852768	0.852768	positive
CDK1	KIF15	0.852352	0.852352	positive
CDK1	KIF2C	0.834958	0.834958	positive
CDK1	KIF4A	0.845278	0.845278	positive
CDK1	MKI67	0.81096	0.81096	positive
CDK1	NCAPH	0.848224	0.848224	positive
CDK1	NEK2	0.838354	0.838354	positive
CDK1	NUF2	0.823142	0.823142	positive
CDK1	ORC1	0.844903	0.844903	positive
CDK1	PBK	0.833948	0.833948	positive
CDK1	PRR11	0.845196	0.845196	positive
CDK1	RACGAP1	0.852691	0.852691	positive
CDK1	RAD51AP1	0.862453	0.862453	positive
CDK1	RRM2	0.8494	0.8494	positive
CDK1	SKA1	0.843319	0.843319	positive
CDK1	SKA3	0.849175	0.849175	positive
CDK1	TOP2A	0.828634	0.828634	positive
CDK1	TPX2	0.851016	0.851016	positive
CDK1	TTK	0.83396	0.83396	positive
IL2RA	C3AR1	0.881143	0.881143	positive
IL2RA	FCGR2A	0.836383	0.836383	positive
IL2RA	FCGR3A	0.82392	0.82392	positive
IL2RA	FPR3	0.869378	0.869378	positive
IL2RA	HAVCR2	0.87455	0.87455	positive
IL2RA	LAIR1	0.808982	0.808982	positive
IL2RA	SLCO2B1	0.822496	0.822496	positive
IL2RA	CCR1	0.803582	0.803582	positive
IL2RA	FGR	0.800178	0.800178	positive
IL2RA	PLEK	0.859673	0.859673	positive
IL2RA	SLAMF8	0.818348	0.818348	positive
IL2RA	MRC1	0.820049	0.820049	positive
IL2RA	CD163	0.866136	0.866136	positive
IL2RA	GBP5	0.810896	0.810896	positive
IL2RA	FPR1	0.815738	0.815738	positive
IL2RA	GPR84	0.807077	0.807077	positive
IL2RA	ITGAX	0.823347	0.823347	positive
IL2RA	PDCD1LG2	0.854719	0.854719	positive
IL2RA	SAMSN1	0.880637	0.880637	positive
IL2RA	TLR8	0.846944	0.846944	positive
HK3	CD14	0.830927	0.830927	positive
HK3	DOK2	0.876411	0.876411	positive
HK3	ITGB2	0.82959	0.82959	positive
HK3	LRRC25	0.897932	0.897932	positive
HK3	SPI1	0.891677	0.891677	positive
HK3	OSCAR	0.872963	0.872963	positive
HK3	PILRA	0.862349	0.862349	positive
HK3	SIGLEC7	0.872269	0.872269	positive
HK3	C3AR1	0.842018	0.842018	positive
HK3	FCGR3A	0.830151	0.830151	positive
HK3	HAVCR2	0.886857	0.886857	positive
HK3	ITGAM	0.856381	0.856381	positive
HK3	LAIR1	0.874266	0.874266	positive
HK3	MNDA	0.800971	0.800971	positive
HK3	SIGLEC1	0.80245	0.80245	positive
HK3	CCR1	0.811187	0.811187	positive
HK3	CD300LF	0.826873	0.826873	positive
HK3	FCER1G	0.889863	0.889863	positive
HK3	FGR	0.906186	0.906186	positive
HK3	CD163	0.813388	0.813388	positive
HK3	GPR84	0.828992	0.828992	positive
HK3	LILRA6	0.864277	0.864277	positive
HK3	LILRB4	0.850195	0.850195	positive
HK3	NCF2	0.810524	0.810524	positive
HK3	NFAM1	0.824623	0.824623	positive
HK3	PLEK	0.838593	0.838593	positive
HK3	SLAMF8	0.880444	0.880444	positive
HK3	VSIG4	0.89953	0.89953	positive
AKR1C2	AKR1C1	0.899405	0.899405	positive
AKR1C2	AKR1C3	0.867406	0.867406	positive
AKR1C2	GPX2	0.858994	0.858994	positive
ERICH3	AC007906.2	0.829395	0.829395	positive
ERICH3	AKAP14	0.890876	0.890876	positive
ERICH3	C20ORF85	0.80963	0.80963	positive
ERICH3	C22ORF15	0.87896	0.87896	positive
ERICH3	C6ORF118	0.944758	0.944758	positive
ERICH3	C9ORF24	0.818823	0.818823	positive
ERICH3	CCDC17	0.909884	0.909884	positive
ERICH3	CFAP43	0.913396	0.913396	positive
ERICH3	CFAP52	0.930764	0.930764	positive
ERICH3	CFAP77	0.89085	0.89085	positive
ERICH3	CIBAR2	0.832723	0.832723	positive
ERICH3	DNAI2	0.920994	0.920994	positive
ERICH3	EFHB	0.865411	0.865411	positive
ERICH3	ENKUR	0.861295	0.861295	positive
ERICH3	CACNG6	0.813957	0.813957	positive
ERICH3	CDHR3	0.820855	0.820855	positive
ERICH3	CFAP45	0.814968	0.814968	positive
ERICH3	CFAP53	0.863856	0.863856	positive
ERICH3	CFAP94	0.854746	0.854746	positive
ERICH3	CHST9	0.877116	0.877116	positive
ERICH3	CNGA4	0.833554	0.833554	positive
ERICH3	DTHD1	0.892752	0.892752	positive
ERICH3	ECRG4	0.804867	0.804867	positive
ERICH3	FAM166B	0.827761	0.827761	positive
ERICH3	FAM216B	0.882065	0.882065	positive
ERICH3	GAS2L2	0.826873	0.826873	positive
ERICH3	HOATZ	0.925805	0.925805	positive
ERICH3	IL5RA	0.889328	0.889328	positive
ERICH3	LRRC46	0.879542	0.879542	positive
ERICH3	LRRIQ1	0.851016	0.851016	positive
ERICH3	MDH1B	0.805151	0.805151	positive
ERICH3	MORN5	0.823252	0.823252	positive
ERICH3	MS4A8	0.814181	0.814181	positive
ERICH3	NWD1	0.877492	0.877492	positive
ERICH3	ROPN1L	0.843239	0.843239	positive
ERICH3	RSPH1	0.859179	0.859179	positive
ERICH3	RSPH4A	0.913775	0.913775	positive
ERICH3	SAXO2	0.939203	0.939203	positive
ERICH3	SNTN	0.871017	0.871017	positive
ERICH3	SPAG8	0.84687	0.84687	positive
ERICH3	SPEF1	0.809675	0.809675	positive
ERICH3	STMND1	0.833808	0.833808	positive
ERICH3	TEKT1	0.894032	0.894032	positive
ERICH3	TEKT2	0.839962	0.839962	positive
ERICH3	TSPAN19	0.849273	0.849273	positive
ERICH3	TTC29	0.898559	0.898559	positive
ERICH3	TUBA4B	0.874477	0.874477	positive
ERICH3	VWA3B	0.896013	0.896013	positive
ERICH3	WDR38	0.844162	0.844162	positive
LTA	CD2	0.80438	0.80438	positive
LTA	SIRPG	0.804746	0.804746	positive
LTA	SIT1	0.860362	0.860362	positive
LTA	IL2RB	0.816848	0.816848	positive
ADAMTS12	COL1A2	0.871705	0.871705	positive
ADAMTS12	CCN4	0.837512	0.837512	positive
ADAMTS12	CDH11	0.84827	0.84827	positive
ADAMTS12	COL12A1	0.923694	0.923694	positive
ADAMTS12	COL5A1	0.910213	0.910213	positive
ADAMTS12	COL5A2	0.964142	0.964142	positive
ADAMTS12	CTHRC1	0.827897	0.827897	positive
ADAMTS12	FAP	0.919024	0.919024	positive
ADAMTS12	GREM1	0.863988	0.863988	positive
ADAMTS12	INHBA	0.935569	0.935569	positive
ADAMTS12	LOX	0.871279	0.871279	positive
ADAMTS12	MXRA5	0.839056	0.839056	positive
ADAMTS12	NID2	0.835819	0.835819	positive
ADAMTS12	POSTN	0.871299	0.871299	positive
ADAMTS12	PRRX1	0.839044	0.839044	positive
ADAMTS12	SULF1	0.921721	0.921721	positive
ADAMTS12	THBS2	0.902524	0.902524	positive
ADAMTS12	TNFAIP6	0.83685	0.83685	positive
ADAMTS12	VCAN	0.891681	0.891681	positive
PRR11	ANLN	0.925281	0.925281	positive
PRR11	ARHGAP11A	0.847355	0.847355	positive
PRR11	AURKA	0.883161	0.883161	positive
PRR11	BIRC5	0.877276	0.877276	positive
PRR11	BUB1	0.924582	0.924582	positive
PRR11	CCNA2	0.911259	0.911259	positive
PRR11	CCNB1	0.879591	0.879591	positive
PRR11	CCNB2	0.890302	0.890302	positive
PRR11	CDC25A	0.870295	0.870295	positive
PRR11	CDC45	0.882983	0.882983	positive
PRR11	CDC6	0.929038	0.929038	positive
PRR11	CDCA3	0.894398	0.894398	positive
PRR11	CDCA5	0.892292	0.892292	positive
PRR11	CDKN3	0.870374	0.870374	positive
PRR11	CENPA	0.929157	0.929157	positive
PRR11	CENPU	0.861818	0.861818	positive
PRR11	CEP55	0.925432	0.925432	positive
PRR11	CHEK1	0.892812	0.892812	positive
PRR11	CIP2A	0.827039	0.827039	positive
PRR11	DLGAP5	0.917608	0.917608	positive
PRR11	DTL	0.864418	0.864418	positive
PRR11	ESPL1	0.900034	0.900034	positive
PRR11	FOXM1	0.918127	0.918127	positive
PRR11	GTSE1	0.909835	0.909835	positive
PRR11	HMMR	0.882564	0.882564	positive
PRR11	IQGAP3	0.870509	0.870509	positive
PRR11	KIF11	0.893122	0.893122	positive
PRR11	KIF15	0.891242	0.891242	positive
PRR11	KIF2C	0.929078	0.929078	positive
PRR11	KIF4A	0.952987	0.952987	positive
PRR11	KIFC1	0.886958	0.886958	positive
PRR11	KPNA2	0.900138	0.900138	positive
PRR11	MCM4	0.857091	0.857091	positive
PRR11	MKI67	0.903644	0.903644	positive
PRR11	MTFR2	0.850351	0.850351	positive
PRR11	NCAPH	0.927204	0.927204	positive
PRR11	ORC1	0.911763	0.911763	positive
PRR11	PKMYT1	0.87491	0.87491	positive
PRR11	ASF1B	0.830999	0.830999	positive
PRR11	ATAD2	0.825649	0.825649	positive
PRR11	CCNF	0.869186	0.869186	positive
PRR11	CENPF	0.832311	0.832311	positive
PRR11	CENPW	0.817606	0.817606	positive
PRR11	CHAF1B	0.827059	0.827059	positive
PRR11	DSCC1	0.814511	0.814511	positive
PRR11	FANCI	0.806513	0.806513	positive
PRR11	HASPIN	0.813407	0.813407	positive
PRR11	HROB	0.864689	0.864689	positive
PRR11	LMNB1	0.841338	0.841338	positive
PRR11	MYBL2	0.884385	0.884385	positive
PRR11	NEK2	0.876771	0.876771	positive
PRR11	NUF2	0.864959	0.864959	positive
PRR11	ORC6	0.812753	0.812753	positive
PRR11	PIMREG	0.842407	0.842407	positive
PRR11	RACGAP1	0.860541	0.860541	positive
PRR11	RAD51AP1	0.875646	0.875646	positive
PRR11	RRM2	0.89907	0.89907	positive
PRR11	SHCBP1	0.878921	0.878921	positive
PRR11	SKA1	0.885617	0.885617	positive
PRR11	SKA3	0.917093	0.917093	positive
PRR11	SPAG5	0.90692	0.90692	positive
PRR11	SPC24	0.860696	0.860696	positive
PRR11	STIL	0.817075	0.817075	positive
PRR11	TACC3	0.880392	0.880392	positive
PRR11	TOP2A	0.919012	0.919012	positive
PRR11	TPX2	0.944823	0.944823	positive
PRR11	TRIP13	0.863006	0.863006	positive
PRR11	TTK	0.904514	0.904514	positive
PRR11	UHRF1	0.901818	0.901818	positive
PRR11	ZWINT	0.843926	0.843926	positive
GXYLT2	CDH11	0.825193	0.825193	positive
GXYLT2	PDGFRA	0.826942	0.826942	positive
GXYLT2	VGLL3	0.825633	0.825633	positive
GXYLT2	PDLIM3	0.812194	0.812194	positive
FAM83D	CCNA2	0.800525	0.800525	positive
FAM83D	CDCA5	0.803744	0.803744	positive
FAM83D	CDKN3	0.814184	0.814184	positive
FAM83D	CENPA	0.815292	0.815292	positive
FAM83D	CEP55	0.825834	0.825834	positive
FAM83D	KIF2C	0.812296	0.812296	positive
FAM83D	KIF4A	0.811306	0.811306	positive
FAM83D	TPX2	0.821202	0.821202	positive
FAM83D	TTK	0.822178	0.822178	positive
FAM83D	MYBL2	0.801509	0.801509	positive
CLDN5	COX4I2	0.817436	0.817436	positive
ITGBL1	ACTA2	0.830912	0.830912	positive
ITGBL1	LMOD1	0.816755	0.816755	positive
ITGBL1	PODN	0.809199	0.809199	positive
ITGBL1	PRELP	0.801841	0.801841	positive
ITGBL1	SFRP4	0.870874	0.870874	positive
RSPH1	AC007906.2	0.815648	0.815648	positive
RSPH1	AKAP14	0.822317	0.822317	positive
RSPH1	C20ORF85	0.819902	0.819902	positive
RSPH1	C22ORF15	0.807756	0.807756	positive
RSPH1	C6ORF118	0.872441	0.872441	positive
RSPH1	C9ORF24	0.82538	0.82538	positive
RSPH1	CCDC17	0.827927	0.827927	positive
RSPH1	CFAP43	0.844625	0.844625	positive
RSPH1	CFAP52	0.874956	0.874956	positive
RSPH1	CFAP77	0.872864	0.872864	positive
RSPH1	DNAI2	0.888139	0.888139	positive
RSPH1	EFHB	0.80346	0.80346	positive
RSPH1	ENKUR	0.840842	0.840842	positive
RSPH1	FAM166B	0.80479	0.80479	positive
RSPH1	FAM216B	0.806349	0.806349	positive
RSPH1	GAS2L2	0.818943	0.818943	positive
RSPH1	HOATZ	0.847096	0.847096	positive
RSPH1	LRRC46	0.888774	0.888774	positive
RSPH1	MORN5	0.837001	0.837001	positive
RSPH1	NWD1	0.836415	0.836415	positive
RSPH1	ROPN1L	0.836199	0.836199	positive
RSPH1	AK7	0.817069	0.817069	positive
RSPH1	CFAP45	0.801337	0.801337	positive
RSPH1	CFAP53	0.823542	0.823542	positive
RSPH1	CFAP94	0.813118	0.813118	positive
RSPH1	CNGA4	0.855338	0.855338	positive
RSPH1	MS4A8	0.807532	0.807532	positive
RSPH1	RSPH4A	0.869635	0.869635	positive
RSPH1	SAXO2	0.862095	0.862095	positive
RSPH1	SNTN	0.849683	0.849683	positive
RSPH1	SPEF1	0.803525	0.803525	positive
RSPH1	TEKT1	0.876361	0.876361	positive
RSPH1	TEKT2	0.809891	0.809891	positive
RSPH1	TTC29	0.807892	0.807892	positive
RSPH1	TUBA4B	0.858794	0.858794	positive
RSPH1	VWA3B	0.883264	0.883264	positive
RSPH1	WDR38	0.832324	0.832324	positive
GINS2	AURKA	0.80265	0.80265	positive
GINS2	BIRC5	0.853325	0.853325	positive
GINS2	CCNB1	0.803095	0.803095	positive
GINS2	CCNB2	0.825745	0.825745	positive
GINS2	CDC45	0.806732	0.806732	positive
GINS2	CDC6	0.817067	0.817067	positive
GINS2	CDCA5	0.853676	0.853676	positive
GINS2	CENPA	0.817046	0.817046	positive
GINS2	KIF2C	0.840545	0.840545	positive
GINS2	KIF4A	0.81442	0.81442	positive
GINS2	ORC1	0.819585	0.819585	positive
GINS2	SPC24	0.805235	0.805235	positive
GINS2	ASF1B	0.872255	0.872255	positive
GINS2	CDT1	0.858279	0.858279	positive
GINS2	MYBL2	0.828255	0.828255	positive
GINS2	PIMREG	0.829965	0.829965	positive
GINS2	PTTG1	0.813293	0.813293	positive
GINS2	TEDC2	0.800246	0.800246	positive
AEBP1	ACTA2	0.813159	0.813159	positive
AEBP1	BGN	0.897737	0.897737	positive
AEBP1	CILP2	0.816624	0.816624	positive
AEBP1	COL1A2	0.823134	0.823134	positive
AEBP1	COL5A1	0.811928	0.811928	positive
AEBP1	COL8A2	0.892984	0.892984	positive
AEBP1	EMILIN1	0.81519	0.81519	positive
AEBP1	HTRA3	0.812176	0.812176	positive
AEBP1	ISLR	0.848863	0.848863	positive
AEBP1	MMP2	0.84468	0.84468	positive
AEBP1	PCOLCE	0.835136	0.835136	positive
AEBP1	SCARF2	0.86382	0.86382	positive
AEBP1	SFRP4	0.803283	0.803283	positive
AEBP1	SSC5D	0.827497	0.827497	positive
AEBP1	TAGLN	0.843206	0.843206	positive
AEBP1	THBS2	0.842507	0.842507	positive
AEBP1	THY1	0.847972	0.847972	positive
HSPA12B	ARHGEF15	0.852417	0.852417	positive
HSPA12B	ROBO4	0.846232	0.846232	positive
HSPA12B	SH2D3C	0.82415	0.82415	positive
HSPA12B	TIE1	0.857851	0.857851	positive
DSCC1	BUB1	0.84201	0.84201	positive
DSCC1	CCNA2	0.842931	0.842931	positive
DSCC1	CCNB2	0.820595	0.820595	positive
DSCC1	CDC25A	0.835294	0.835294	positive
DSCC1	CDC6	0.813247	0.813247	positive
DSCC1	CDKN3	0.811035	0.811035	positive
DSCC1	CENPA	0.850477	0.850477	positive
DSCC1	CENPU	0.814787	0.814787	positive
DSCC1	CHEK1	0.844078	0.844078	positive
DSCC1	DLGAP5	0.825059	0.825059	positive
DSCC1	DTL	0.806169	0.806169	positive
DSCC1	HMMR	0.817272	0.817272	positive
DSCC1	KIF11	0.817379	0.817379	positive
DSCC1	KIF15	0.870228	0.870228	positive
DSCC1	KIF2C	0.823669	0.823669	positive
DSCC1	KIF4A	0.815039	0.815039	positive
DSCC1	MCM4	0.861329	0.861329	positive
DSCC1	NCAPH	0.829288	0.829288	positive
DSCC1	ORC1	0.819644	0.819644	positive
DSCC1	RAD51AP1	0.836022	0.836022	positive
DSCC1	SKA1	0.849764	0.849764	positive
DSCC1	SKA3	0.812438	0.812438	positive
DSCC1	SPC24	0.803831	0.803831	positive
DSCC1	TOP2A	0.827847	0.827847	positive
DSCC1	TPX2	0.817307	0.817307	positive
DSCC1	TTK	0.855149	0.855149	positive
DSCC1	ATAD2	0.895224	0.895224	positive
DSCC1	NEK2	0.815541	0.815541	positive
DSCC1	RACGAP1	0.810522	0.810522	positive
DSCC1	GINS1	0.884894	0.884894	positive
DSCC1	NUF2	0.877548	0.877548	positive
DSCC1	ORC6	0.871641	0.871641	positive
LAIR1	CD14	0.808234	0.808234	positive
LAIR1	DOK2	0.803608	0.803608	positive
LAIR1	ITGB2	0.846935	0.846935	positive
LAIR1	LRRC25	0.904207	0.904207	positive
LAIR1	SPI1	0.862554	0.862554	positive
LAIR1	OSCAR	0.839023	0.839023	positive
LAIR1	PILRA	0.841351	0.841351	positive
LAIR1	SIGLEC7	0.884015	0.884015	positive
LAIR1	C1ORF162	0.881296	0.881296	positive
LAIR1	C3AR1	0.932645	0.932645	positive
LAIR1	FCGR2A	0.835488	0.835488	positive
LAIR1	FCGR3A	0.90526	0.90526	positive
LAIR1	FPR3	0.901212	0.901212	positive
LAIR1	HAVCR2	0.953963	0.953963	positive
LAIR1	ITGAM	0.893345	0.893345	positive
LAIR1	C5AR1	0.837108	0.837108	positive
LAIR1	CCR1	0.883495	0.883495	positive
LAIR1	CCR5	0.863815	0.863815	positive
LAIR1	CD163	0.888113	0.888113	positive
LAIR1	CD300LF	0.869591	0.869591	positive
LAIR1	CMKLR1	0.864154	0.864154	positive
LAIR1	FCER1G	0.895489	0.895489	positive
LAIR1	FGR	0.876291	0.876291	positive
LAIR1	GPNMB	0.836205	0.836205	positive
LAIR1	ITGAX	0.848123	0.848123	positive
LAIR1	LILRA6	0.828632	0.828632	positive
LAIR1	LILRB4	0.862294	0.862294	positive
LAIR1	MNDA	0.898771	0.898771	positive
LAIR1	MRC1	0.80173	0.80173	positive
LAIR1	MSR1	0.904483	0.904483	positive
LAIR1	NCF2	0.817944	0.817944	positive
LAIR1	NFAM1	0.868751	0.868751	positive
LAIR1	PLEK	0.885609	0.885609	positive
LAIR1	PRAM1	0.804613	0.804613	positive
LAIR1	SIGLEC1	0.885453	0.885453	positive
LAIR1	SLAMF8	0.86522	0.86522	positive
LAIR1	SLCO2B1	0.918268	0.918268	positive
LAIR1	STAB1	0.836609	0.836609	positive
LAIR1	TLR8	0.855418	0.855418	positive
LAIR1	VSIG4	0.905403	0.905403	positive
LILRB4	CD14	0.801645	0.801645	positive
LILRB4	IL4I1	0.855308	0.855308	positive
LILRB4	ITGB2	0.806417	0.806417	positive
LILRB4	LRRC25	0.862801	0.862801	positive
LILRB4	SPI1	0.821617	0.821617	positive
LILRB4	PILRA	0.880889	0.880889	positive
LILRB4	SIGLEC7	0.859196	0.859196	positive
LILRB4	C3AR1	0.839363	0.839363	positive
LILRB4	FCGR3A	0.831428	0.831428	positive
LILRB4	FPR3	0.848366	0.848366	positive
LILRB4	HAVCR2	0.843989	0.843989	positive
LILRB4	SIGLEC1	0.845039	0.845039	positive
LILRB4	CCR1	0.831071	0.831071	positive
LILRB4	FCER1G	0.867809	0.867809	positive
LILRB4	FGR	0.845645	0.845645	positive
LILRB4	PLEK	0.866219	0.866219	positive
LILRB4	SLAMF8	0.936412	0.936412	positive
LILRB4	CCR5	0.811482	0.811482	positive
LILRB4	CD163	0.837384	0.837384	positive
LILRB4	CMKLR1	0.855632	0.855632	positive
LILRB4	C5AR1	0.834389	0.834389	positive
LILRB4	HSD11B1	0.834223	0.834223	positive
LILRB4	ITGAX	0.834205	0.834205	positive
LILRB4	LILRA6	0.835096	0.835096	positive
LILRB4	LILRB5	0.827168	0.827168	positive
LILRB4	NFAM1	0.876481	0.876481	positive
EIF1AY	DDX3Y	0.946946	0.946946	positive
EIF1AY	NLGN4Y	0.840056	0.840056	positive
EIF1AY	RPS4Y1	0.930257	0.930257	positive
EIF1AY	ZFY	0.889154	0.889154	positive
DDX3Y	NLGN4Y	0.897721	0.897721	positive
DDX3Y	PRKY	0.905045	0.905045	positive
DDX3Y	RPS4Y1	0.958837	0.958837	positive
DDX3Y	ZFY	0.96007	0.96007	positive
PDPN	GAS1	0.815605	0.815605	positive
PDPN	VCAM1	0.815201	0.815201	positive
LILRA6	LRRC25	0.8121	0.8121	positive
LILRA6	OSCAR	0.827141	0.827141	positive
LILRA6	PILRA	0.825682	0.825682	positive
LILRA6	SIGLEC7	0.868489	0.868489	positive
LILRA6	C3AR1	0.859216	0.859216	positive
LILRA6	FCGR2A	0.804089	0.804089	positive
LILRA6	FCGR3A	0.839558	0.839558	positive
LILRA6	FPR3	0.823549	0.823549	positive
LILRA6	HAVCR2	0.862753	0.862753	positive
LILRA6	SIGLEC1	0.837767	0.837767	positive
LILRA6	SLCO2B1	0.806722	0.806722	positive
LILRA6	CCR1	0.844071	0.844071	positive
LILRA6	FCER1G	0.842429	0.842429	positive
LILRA6	FGR	0.859439	0.859439	positive
LILRA6	SLAMF8	0.822289	0.822289	positive
LILRA6	VSIG4	0.823828	0.823828	positive
LILRA6	CD163	0.864566	0.864566	positive
LILRA6	C5AR1	0.833617	0.833617	positive
LILRA6	FPR1	0.824841	0.824841	positive
LILRA6	ITGAX	0.814328	0.814328	positive
LILRA6	LILRB5	0.866785	0.866785	positive
SCN7A	ABCA8	0.861303	0.861303	positive
SCN7A	ITGA8	0.898981	0.898981	positive
SCN7A	ANGPT1	0.800667	0.800667	positive
SCN7A	ARHGAP6	0.806868	0.806868	positive
SCN7A	C1QTNF7	0.883366	0.883366	positive
SCN7A	JAM2	0.80073	0.80073	positive
STAP1	FCRL1	0.814063	0.814063	positive
STAP1	CNR2	0.815595	0.815595	positive
STAP1	TLR10	0.805599	0.805599	positive
DTL	ANLN	0.815275	0.815275	positive
DTL	ARHGAP11A	0.889962	0.889962	positive
DTL	AURKA	0.807834	0.807834	positive
DTL	BUB1	0.889357	0.889357	positive
DTL	CCNA2	0.850292	0.850292	positive
DTL	CCNB2	0.833883	0.833883	positive
DTL	CDC6	0.857134	0.857134	positive
DTL	CDCA3	0.821222	0.821222	positive
DTL	CDKN3	0.820159	0.820159	positive
DTL	CENPA	0.842458	0.842458	positive
DTL	CENPU	0.849968	0.849968	positive
DTL	CEP55	0.874836	0.874836	positive
DTL	CHEK1	0.928374	0.928374	positive
DTL	CIP2A	0.809776	0.809776	positive
DTL	DLGAP5	0.871474	0.871474	positive
DTL	ATAD2	0.84275	0.84275	positive
DTL	BLM	0.811434	0.811434	positive
DTL	CCNF	0.809114	0.809114	positive
DTL	CENPF	0.909979	0.909979	positive
DTL	ESPL1	0.854284	0.854284	positive
DTL	FANCI	0.878468	0.878468	positive
DTL	FOXM1	0.838726	0.838726	positive
DTL	HASPIN	0.825809	0.825809	positive
DTL	HMMR	0.834413	0.834413	positive
DTL	IQGAP3	0.827954	0.827954	positive
DTL	KIF11	0.904472	0.904472	positive
DTL	KIF15	0.826095	0.826095	positive
DTL	KIF2C	0.826729	0.826729	positive
DTL	KIF4A	0.871343	0.871343	positive
DTL	LMNB1	0.824112	0.824112	positive
DTL	MCM4	0.811416	0.811416	positive
DTL	MKI67	0.861915	0.861915	positive
DTL	NCAPH	0.857583	0.857583	positive
DTL	NEK2	0.901176	0.901176	positive
DTL	NUF2	0.867858	0.867858	positive
DTL	ORC1	0.863939	0.863939	positive
DTL	RACGAP1	0.882022	0.882022	positive
DTL	RAD51AP1	0.875523	0.875523	positive
DTL	RRM2	0.828362	0.828362	positive
DTL	SHCBP1	0.813924	0.813924	positive
DTL	SKA1	0.861033	0.861033	positive
DTL	SKA3	0.872424	0.872424	positive
DTL	SPAG5	0.839176	0.839176	positive
DTL	STIL	0.848224	0.848224	positive
DTL	TOP2A	0.888799	0.888799	positive
DTL	TPX2	0.856486	0.856486	positive
DTL	TTK	0.859344	0.859344	positive
DTL	UHRF1	0.825091	0.825091	positive
DTL	ZWINT	0.813683	0.813683	positive
FAM166B	AC007906.2	0.84605	0.84605	positive
FAM166B	AKAP14	0.930333	0.930333	positive
FAM166B	C20ORF85	0.915515	0.915515	positive
FAM166B	C22ORF15	0.913468	0.913468	positive
FAM166B	C6ORF118	0.895797	0.895797	positive
FAM166B	C9ORF24	0.939767	0.939767	positive
FAM166B	CCDC17	0.891729	0.891729	positive
FAM166B	CFAP52	0.899257	0.899257	positive
FAM166B	CFAP77	0.896842	0.896842	positive
FAM166B	CIBAR2	0.912932	0.912932	positive
FAM166B	DNAI2	0.920977	0.920977	positive
FAM166B	ENKUR	0.834025	0.834025	positive
FAM166B	CACNG6	0.815338	0.815338	positive
FAM166B	CCDC78	0.867393	0.867393	positive
FAM166B	CFAP53	0.825404	0.825404	positive
FAM166B	CNGA4	0.846457	0.846457	positive
FAM166B	DYDC2	0.811025	0.811025	positive
FAM166B	FAM216B	0.841242	0.841242	positive
FAM166B	GAS2L2	0.851577	0.851577	positive
FAM166B	HOATZ	0.899007	0.899007	positive
FAM166B	IL5RA	0.809466	0.809466	positive
FAM166B	LRRC46	0.887523	0.887523	positive
FAM166B	MORN5	0.918546	0.918546	positive
FAM166B	NHLRC4	0.825109	0.825109	positive
FAM166B	ROPN1L	0.903797	0.903797	positive
FAM166B	RSPH4A	0.843852	0.843852	positive
FAM166B	SAXO2	0.856051	0.856051	positive
FAM166B	SNTN	0.892679	0.892679	positive
FAM166B	SPAG8	0.810641	0.810641	positive
FAM166B	SPEF1	0.861765	0.861765	positive
FAM166B	TEKT1	0.924838	0.924838	positive
FAM166B	TEKT2	0.848411	0.848411	positive
FAM166B	TSPAN19	0.803559	0.803559	positive
FAM166B	TTC29	0.841067	0.841067	positive
FAM166B	TUBA4B	0.937535	0.937535	positive
FAM166B	VWA3B	0.87509	0.87509	positive
FAM166B	WDR38	0.939842	0.939842	positive
DNAI2	AC007906.2	0.86735	0.86735	positive
DNAI2	AKAP14	0.951286	0.951286	positive
DNAI2	C20ORF85	0.891135	0.891135	positive
DNAI2	C22ORF15	0.932903	0.932903	positive
DNAI2	C6ORF118	0.958706	0.958706	positive
DNAI2	C9ORF24	0.912134	0.912134	positive
DNAI2	CCDC17	0.887305	0.887305	positive
DNAI2	CFAP43	0.869558	0.869558	positive
DNAI2	CFAP52	0.95287	0.95287	positive
DNAI2	CFAP77	0.933406	0.933406	positive
DNAI2	CIBAR2	0.924017	0.924017	positive
DNAI2	AK7	0.823287	0.823287	positive
DNAI2	CACNG6	0.872056	0.872056	positive
DNAI2	CCDC151	0.820458	0.820458	positive
DNAI2	CCDC78	0.877108	0.877108	positive
DNAI2	CDHR3	0.804136	0.804136	positive
DNAI2	CFAP45	0.838682	0.838682	positive
DNAI2	CFAP53	0.903335	0.903335	positive
DNAI2	CFAP57	0.825405	0.825405	positive
DNAI2	CFAP94	0.843329	0.843329	positive
DNAI2	CHST9	0.826351	0.826351	positive
DNAI2	CNGA4	0.89681	0.89681	positive
DNAI2	DTHD1	0.821504	0.821504	positive
DNAI2	DYDC2	0.828602	0.828602	positive
DNAI2	ECRG4	0.805838	0.805838	positive
DNAI2	EFHB	0.865222	0.865222	positive
DNAI2	ENKUR	0.864252	0.864252	positive
DNAI2	FAM183A	0.822549	0.822549	positive
DNAI2	FAM216B	0.86298	0.86298	positive
DNAI2	GAS2L2	0.910174	0.910174	positive
DNAI2	HOATZ	0.937131	0.937131	positive
DNAI2	IL5RA	0.895663	0.895663	positive
DNAI2	LRRC46	0.913194	0.913194	positive
DNAI2	MORN5	0.917651	0.917651	positive
DNAI2	MS4A8	0.842476	0.842476	positive
DNAI2	NHLRC4	0.840595	0.840595	positive
DNAI2	NWD1	0.881166	0.881166	positive
DNAI2	PPIL6	0.803633	0.803633	positive
DNAI2	PPP1R32	0.839089	0.839089	positive
DNAI2	ROPN1L	0.897964	0.897964	positive
DNAI2	RSPH4A	0.90495	0.90495	positive
DNAI2	SAXO2	0.89504	0.89504	positive
DNAI2	SNTN	0.910139	0.910139	positive
DNAI2	SPAG8	0.856871	0.856871	positive
DNAI2	SPEF1	0.902579	0.902579	positive
DNAI2	STMND1	0.855212	0.855212	positive
DNAI2	TEKT1	0.953658	0.953658	positive
DNAI2	TEKT2	0.882182	0.882182	positive
DNAI2	TSPAN19	0.80403	0.80403	positive
DNAI2	TTC29	0.903489	0.903489	positive
DNAI2	TUBA4B	0.952593	0.952593	positive
DNAI2	VWA3B	0.913759	0.913759	positive
DNAI2	WDR38	0.922905	0.922905	positive
PEAR1	DIPK2B	0.809725	0.809725	positive
PEAR1	S1PR1	0.81378	0.81378	positive
RARRES2	TAGLN	0.848103	0.848103	positive
RARRES2	EMILIN1	0.822294	0.822294	positive
RARRES2	ISLR	0.824254	0.824254	positive
RARRES2	PCOLCE	0.844176	0.844176	positive
RARRES2	COL6A2	0.801267	0.801267	positive
RARRES2	MSC	0.806693	0.806693	positive
FOLR2	DOK2	0.837509	0.837509	positive
FOLR2	TYROBP	0.822342	0.822342	positive
FOLR2	HLA-DPB1	0.809007	0.809007	positive
FOLR2	HLA-DRA	0.838412	0.838412	positive
FOLR2	VSIG4	0.821529	0.821529	positive
TOP2A	ANLN	0.851672	0.851672	positive
TOP2A	ARHGAP11A	0.836733	0.836733	positive
TOP2A	AURKA	0.893028	0.893028	positive
TOP2A	BIRC5	0.862076	0.862076	positive
TOP2A	BUB1	0.926628	0.926628	positive
TOP2A	CCNA2	0.876207	0.876207	positive
TOP2A	CCNB1	0.833861	0.833861	positive
TOP2A	CCNB2	0.856278	0.856278	positive
TOP2A	CDC25A	0.85629	0.85629	positive
TOP2A	CDC45	0.839663	0.839663	positive
TOP2A	CDC6	0.938783	0.938783	positive
TOP2A	CDCA3	0.833592	0.833592	positive
TOP2A	CDCA5	0.885284	0.885284	positive
TOP2A	CDKN3	0.84742	0.84742	positive
TOP2A	CENPA	0.931096	0.931096	positive
TOP2A	CENPU	0.840526	0.840526	positive
TOP2A	CEP55	0.908415	0.908415	positive
TOP2A	CHEK1	0.887456	0.887456	positive
TOP2A	CIP2A	0.832164	0.832164	positive
TOP2A	DLGAP5	0.905683	0.905683	positive
TOP2A	ESPL1	0.918698	0.918698	positive
TOP2A	FOXM1	0.872474	0.872474	positive
TOP2A	GTSE1	0.900688	0.900688	positive
TOP2A	HMMR	0.888081	0.888081	positive
TOP2A	IQGAP3	0.859138	0.859138	positive
TOP2A	KIF11	0.91628	0.91628	positive
TOP2A	KIF15	0.904142	0.904142	positive
TOP2A	KIF2C	0.92029	0.92029	positive
TOP2A	KIF4A	0.943924	0.943924	positive
TOP2A	KIFC1	0.872934	0.872934	positive
TOP2A	KPNA2	0.871911	0.871911	positive
TOP2A	MCM4	0.867221	0.867221	positive
TOP2A	MKI67	0.884825	0.884825	positive
TOP2A	NCAPH	0.909404	0.909404	positive
TOP2A	ORC1	0.932691	0.932691	positive
TOP2A	PKMYT1	0.814242	0.814242	positive
TOP2A	RAD51AP1	0.857013	0.857013	positive
TOP2A	RRM2	0.898426	0.898426	positive
TOP2A	SHCBP1	0.815269	0.815269	positive
TOP2A	SKA1	0.900257	0.900257	positive
TOP2A	SKA3	0.892519	0.892519	positive
TOP2A	SPAG5	0.937702	0.937702	positive
TOP2A	SPC24	0.800052	0.800052	positive
TOP2A	STIL	0.846906	0.846906	positive
TOP2A	TACC3	0.822127	0.822127	positive
TOP2A	ASF1B	0.801012	0.801012	positive
TOP2A	ATAD2	0.865869	0.865869	positive
TOP2A	BLM	0.832306	0.832306	positive
TOP2A	CCNF	0.870818	0.870818	positive
TOP2A	CENPF	0.879831	0.879831	positive
TOP2A	CHAF1B	0.826586	0.826586	positive
TOP2A	FANCI	0.84323	0.84323	positive
TOP2A	GINS1	0.83244	0.83244	positive
TOP2A	HASPIN	0.827159	0.827159	positive
TOP2A	HROB	0.840578	0.840578	positive
TOP2A	LMNB1	0.843292	0.843292	positive
TOP2A	MYBL2	0.845589	0.845589	positive
TOP2A	NEK2	0.872849	0.872849	positive
TOP2A	NUF2	0.900405	0.900405	positive
TOP2A	PBK	0.821555	0.821555	positive
TOP2A	PIMREG	0.857893	0.857893	positive
TOP2A	RACGAP1	0.886991	0.886991	positive
TOP2A	TIMELESS	0.804564	0.804564	positive
TOP2A	TPX2	0.924842	0.924842	positive
TOP2A	TRIP13	0.863209	0.863209	positive
TOP2A	TTK	0.917344	0.917344	positive
TOP2A	UBE2T	0.801822	0.801822	positive
TOP2A	UHRF1	0.871474	0.871474	positive
TOP2A	ZWINT	0.854135	0.854135	positive
ZWINT	AURKA	0.89601	0.89601	positive
ZWINT	BIRC5	0.882782	0.882782	positive
ZWINT	BUB1	0.840393	0.840393	positive
ZWINT	CCNB1	0.875248	0.875248	positive
ZWINT	CCNB2	0.829898	0.829898	positive
ZWINT	CDC25A	0.823685	0.823685	positive
ZWINT	CDC45	0.833163	0.833163	positive
ZWINT	CDC6	0.870821	0.870821	positive
ZWINT	CDCA3	0.833046	0.833046	positive
ZWINT	CDCA5	0.9119	0.9119	positive
ZWINT	CDKN3	0.825377	0.825377	positive
ZWINT	CENPA	0.884943	0.884943	positive
ZWINT	CEP55	0.859326	0.859326	positive
ZWINT	DLGAP5	0.854712	0.854712	positive
ZWINT	ESPL1	0.872924	0.872924	positive
ZWINT	FOXM1	0.860094	0.860094	positive
ZWINT	GTSE1	0.855588	0.855588	positive
ZWINT	HMMR	0.840707	0.840707	positive
ZWINT	KIF11	0.85826	0.85826	positive
ZWINT	KIF15	0.800226	0.800226	positive
ZWINT	KIF2C	0.905293	0.905293	positive
ZWINT	KIF4A	0.889578	0.889578	positive
ZWINT	KIFC1	0.931656	0.931656	positive
ZWINT	KPNA2	0.864657	0.864657	positive
ZWINT	MCM4	0.845051	0.845051	positive
ZWINT	NCAPH	0.895226	0.895226	positive
ZWINT	ORC1	0.894527	0.894527	positive
ZWINT	PKMYT1	0.871396	0.871396	positive
ZWINT	RRM2	0.844222	0.844222	positive
ZWINT	SKA1	0.868584	0.868584	positive
ZWINT	SKA3	0.862296	0.862296	positive
ZWINT	SPAG5	0.850666	0.850666	positive
ZWINT	SPC24	0.833495	0.833495	positive
ZWINT	TACC3	0.847852	0.847852	positive
ZWINT	TPX2	0.906087	0.906087	positive
ZWINT	TTK	0.828862	0.828862	positive
ZWINT	UHRF1	0.823761	0.823761	positive
ZWINT	NEK2	0.89865	0.89865	positive
ZWINT	RACGAP1	0.866628	0.866628	positive
ZWINT	ASF1B	0.848624	0.848624	positive
ZWINT	CDT1	0.891636	0.891636	positive
ZWINT	CENPW	0.832222	0.832222	positive
ZWINT	E2F1	0.895357	0.895357	positive
ZWINT	MYBL2	0.876268	0.876268	positive
ZWINT	PIMREG	0.869497	0.869497	positive
ZWINT	PTTG1	0.817523	0.817523	positive
ZWINT	TEDC2	0.868109	0.868109	positive
ZWINT	UBE2T	0.915857	0.915857	positive
ZWINT	CCNF	0.811707	0.811707	positive
ZWINT	CHAF1B	0.822064	0.822064	positive
ZWINT	HROB	0.806182	0.806182	positive
ZWINT	NUF2	0.854788	0.854788	positive
ZWINT	PBK	0.861086	0.861086	positive
ZWINT	TIMELESS	0.826137	0.826137	positive
SFTA2	NAPSA	0.876899	0.876899	positive
SFTA2	SLC22A31	0.842466	0.842466	positive
IL7R	CD28	0.818498	0.818498	positive
ITGA8	SLIT3	0.83042	0.83042	positive
ITGA8	SPARCL1	0.827505	0.827505	positive
ITGA8	ABCA8	0.809738	0.809738	positive
ITGA8	ANGPT1	0.802076	0.802076	positive
ITGA8	C1QTNF7	0.830871	0.830871	positive
ITGA8	JAM2	0.858608	0.858608	positive
ZFY	NLGN4Y	0.892079	0.892079	positive
ZFY	PRKY	0.914102	0.914102	positive
ZFY	RPS4Y1	0.941347	0.941347	positive
TEDC2	TK1	0.826388	0.826388	positive
TEDC2	AURKA	0.812188	0.812188	positive
TEDC2	BIRC5	0.871435	0.871435	positive
TEDC2	CCNB1	0.831422	0.831422	positive
TEDC2	CDC45	0.841808	0.841808	positive
TEDC2	CDCA5	0.872018	0.872018	positive
TEDC2	CENPA	0.816691	0.816691	positive
TEDC2	GTSE1	0.828786	0.828786	positive
TEDC2	KIF2C	0.843782	0.843782	positive
TEDC2	KIF4A	0.822806	0.822806	positive
TEDC2	KIFC1	0.894571	0.894571	positive
TEDC2	KPNA2	0.824497	0.824497	positive
TEDC2	NCAPH	0.814181	0.814181	positive
TEDC2	ORC1	0.813205	0.813205	positive
TEDC2	PKMYT1	0.921281	0.921281	positive
TEDC2	SPAG5	0.801509	0.801509	positive
TEDC2	SPC24	0.841586	0.841586	positive
TEDC2	TACC3	0.846394	0.846394	positive
TEDC2	TPX2	0.833403	0.833403	positive
TEDC2	ASF1B	0.883369	0.883369	positive
TEDC2	CDT1	0.88876	0.88876	positive
TEDC2	CENPW	0.828026	0.828026	positive
TEDC2	E2F1	0.909209	0.909209	positive
TEDC2	MYBL2	0.891937	0.891937	positive
TEDC2	PIMREG	0.847501	0.847501	positive
TEDC2	PTTG1	0.860087	0.860087	positive
TEDC2	RECQL4	0.843618	0.843618	positive
TEDC2	CCNF	0.813985	0.813985	positive
TEDC2	CHAF1B	0.807759	0.807759	positive
TEDC2	HROB	0.830734	0.830734	positive
TEDC2	UBE2S	0.868424	0.868424	positive
TEDC2	UBE2T	0.851782	0.851782	positive
SKA3	ANLN	0.878409	0.878409	positive
SKA3	ARHGAP11A	0.856053	0.856053	positive
SKA3	AURKA	0.892682	0.892682	positive
SKA3	BIRC5	0.867356	0.867356	positive
SKA3	BUB1	0.928762	0.928762	positive
SKA3	CCNA2	0.930854	0.930854	positive
SKA3	CCNB1	0.881375	0.881375	positive
SKA3	CCNB2	0.889261	0.889261	positive
SKA3	CDC25A	0.840933	0.840933	positive
SKA3	CDC45	0.865298	0.865298	positive
SKA3	CDC6	0.90336	0.90336	positive
SKA3	CDCA3	0.883899	0.883899	positive
SKA3	CDCA5	0.856504	0.856504	positive
SKA3	CDKN3	0.888282	0.888282	positive
SKA3	CENPA	0.932228	0.932228	positive
SKA3	CENPU	0.893614	0.893614	positive
SKA3	CEP55	0.922475	0.922475	positive
SKA3	CHEK1	0.879591	0.879591	positive
SKA3	CIP2A	0.814195	0.814195	positive
SKA3	DLGAP5	0.915747	0.915747	positive
SKA3	ESPL1	0.896914	0.896914	positive
SKA3	FOXM1	0.865079	0.865079	positive
SKA3	GTSE1	0.882474	0.882474	positive
SKA3	HMMR	0.909425	0.909425	positive
SKA3	IQGAP3	0.874831	0.874831	positive
SKA3	KIF11	0.915469	0.915469	positive
SKA3	KIF15	0.883655	0.883655	positive
SKA3	KIF2C	0.916309	0.916309	positive
SKA3	KIF4A	0.927783	0.927783	positive
SKA3	KIFC1	0.860906	0.860906	positive
SKA3	KPNA2	0.868837	0.868837	positive
SKA3	MKI67	0.854816	0.854816	positive
SKA3	MTFR2	0.881965	0.881965	positive
SKA3	NCAPH	0.922118	0.922118	positive
SKA3	ORC1	0.907607	0.907607	positive
SKA3	PKMYT1	0.824076	0.824076	positive
SKA3	RAD51AP1	0.868961	0.868961	positive
SKA3	RRM2	0.91107	0.91107	positive
SKA3	SHCBP1	0.836687	0.836687	positive
SKA3	SKA1	0.898091	0.898091	positive
SKA3	CCNF	0.821187	0.821187	positive
SKA3	CENPF	0.818871	0.818871	positive
SKA3	CENPW	0.827837	0.827837	positive
SKA3	FANCI	0.831155	0.831155	positive
SKA3	HASPIN	0.822265	0.822265	positive
SKA3	HROB	0.808377	0.808377	positive
SKA3	MYBL2	0.854303	0.854303	positive
SKA3	NEK2	0.894374	0.894374	positive
SKA3	NUF2	0.892875	0.892875	positive
SKA3	ORC6	0.81445	0.81445	positive
SKA3	PBK	0.828082	0.828082	positive
SKA3	PIMREG	0.816471	0.816471	positive
SKA3	RACGAP1	0.88856	0.88856	positive
SKA3	SPAG5	0.889378	0.889378	positive
SKA3	SPC24	0.854599	0.854599	positive
SKA3	STIL	0.849075	0.849075	positive
SKA3	TACC3	0.817432	0.817432	positive
SKA3	TPX2	0.925935	0.925935	positive
SKA3	TRIP13	0.844572	0.844572	positive
SKA3	TTK	0.927038	0.927038	positive
SKA3	UBE2T	0.823199	0.823199	positive
SKA3	UHRF1	0.8437	0.8437	positive
CALHM6	IL4I1	0.802597	0.802597	positive
CALHM6	SIRPG	0.81334	0.81334	positive
CALHM6	CXCL10	0.811885	0.811885	positive
CALHM6	CXCL9	0.811337	0.811337	positive
CALHM6	IL2RB	0.805159	0.805159	positive
CALHM6	NKG7	0.807468	0.807468	positive
CALHM6	PDCD1	0.805126	0.805126	positive
HLA-DQB1	HLA-DPB1	0.814216	0.814216	positive
HLA-DQB1	HLA-DQA1	0.817735	0.817735	positive
HLA-DQB1	HLA-DRB1	0.845691	0.845691	positive
HLA-DQB1	HLA-DRB5	0.844573	0.844573	positive
CENPA	ANLN	0.854947	0.854947	positive
CENPA	ARHGAP11A	0.824079	0.824079	positive
CENPA	AURKA	0.931931	0.931931	positive
CENPA	BIRC5	0.937636	0.937636	positive
CENPA	BUB1	0.946314	0.946314	positive
CENPA	CCNA2	0.925174	0.925174	positive
CENPA	CCNB1	0.907727	0.907727	positive
CENPA	CCNB2	0.911257	0.911257	positive
CENPA	CDC25A	0.88851	0.88851	positive
CENPA	CDC45	0.884954	0.884954	positive
CENPA	CDC6	0.911695	0.911695	positive
CENPA	CDCA3	0.912319	0.912319	positive
CENPA	CDCA5	0.919859	0.919859	positive
CENPA	CDKN3	0.927794	0.927794	positive
CENPA	ASF1B	0.848983	0.848983	positive
CENPA	ATAD2	0.814634	0.814634	positive
CENPA	CCNF	0.868034	0.868034	positive
CENPA	CDT1	0.836697	0.836697	positive
CENPA	CENPF	0.825227	0.825227	positive
CENPA	CENPU	0.846386	0.846386	positive
CENPA	CENPW	0.839695	0.839695	positive
CENPA	CEP55	0.946996	0.946996	positive
CENPA	CHAF1B	0.805002	0.805002	positive
CENPA	CHEK1	0.867261	0.867261	positive
CENPA	DLGAP5	0.937629	0.937629	positive
CENPA	E2F1	0.844795	0.844795	positive
CENPA	ESPL1	0.932034	0.932034	positive
CENPA	FANCI	0.805506	0.805506	positive
CENPA	FOXM1	0.908823	0.908823	positive
CENPA	GINS1	0.83474	0.83474	positive
CENPA	GTSE1	0.92964	0.92964	positive
CENPA	HASPIN	0.813278	0.813278	positive
CENPA	HMMR	0.908561	0.908561	positive
CENPA	HROB	0.839015	0.839015	positive
CENPA	IQGAP3	0.836038	0.836038	positive
CENPA	KIF11	0.919998	0.919998	positive
CENPA	KIF15	0.908358	0.908358	positive
CENPA	KIF2C	0.951307	0.951307	positive
CENPA	KIF3C	0.802749	0.802749	positive
CENPA	KIF4A	0.953327	0.953327	positive
CENPA	KIFC1	0.91154	0.91154	positive
CENPA	KPNA2	0.908289	0.908289	positive
CENPA	LMNB1	0.817957	0.817957	positive
CENPA	MCM4	0.845151	0.845151	positive
CENPA	MKI67	0.868603	0.868603	positive
CENPA	MTFR2	0.847068	0.847068	positive
CENPA	MTHFD2	0.802796	0.802796	positive
CENPA	MYBL2	0.915109	0.915109	positive
CENPA	NCAPH	0.93865	0.93865	positive
CENPA	NEK2	0.912713	0.912713	positive
CENPA	NUF2	0.916828	0.916828	positive
CENPA	ORC1	0.933682	0.933682	positive
CENPA	ORC6	0.808079	0.808079	positive
CENPA	PBK	0.87645	0.87645	positive
CENPA	PIMREG	0.920832	0.920832	positive
CENPA	PKMYT1	0.887073	0.887073	positive
CENPA	PTTG1	0.822283	0.822283	positive
CENPA	RACGAP1	0.900851	0.900851	positive
CENPA	RAD51AP1	0.870031	0.870031	positive
CENPA	RECQL4	0.807737	0.807737	positive
CENPA	RRM2	0.927958	0.927958	positive
CENPA	SAPCD2	0.811097	0.811097	positive
CENPA	SHCBP1	0.813828	0.813828	positive
CENPA	SKA1	0.927071	0.927071	positive
CENPA	SPAG5	0.908621	0.908621	positive
CENPA	SPC24	0.860703	0.860703	positive
CENPA	TACC3	0.854582	0.854582	positive
CENPA	TPX2	0.956935	0.956935	positive
CENPA	TRIP13	0.862396	0.862396	positive
CENPA	TTK	0.915901	0.915901	positive
CENPA	UBE2S	0.801506	0.801506	positive
CENPA	UBE2T	0.862979	0.862979	positive
CENPA	UHRF1	0.870827	0.870827	positive
HBB	HBA2	0.904743	0.904743	positive
MCAM	GPR4	0.829502	0.829502	positive
ART4	FHL5	0.809551	0.809551	positive
B3GALT2	ANGPTL1	0.82072	0.82072	positive
B3GALT2	GPR18	0.812855	0.812855	positive
B3GALT2	GUCY1A2	0.802614	0.802614	positive
B3GALT2	LRRN3	0.889984	0.889984	positive
B3GALT2	PYCR1	-0.800305	0.800305	negative
CNN1	ACTA2	0.874944	0.874944	positive
CNN1	ACTG2	0.881327	0.881327	positive
CNN1	LMOD1	0.854195	0.854195	positive
CNN1	TAGLN	0.883536	0.883536	positive
KIFC1	TK1	0.832402	0.832402	positive
KIFC1	ANLN	0.815461	0.815461	positive
KIFC1	AURKA	0.912745	0.912745	positive
KIFC1	BIRC5	0.926465	0.926465	positive
KIFC1	BUB1	0.872871	0.872871	positive
KIFC1	CCNA2	0.835677	0.835677	positive
KIFC1	CCNB1	0.899936	0.899936	positive
KIFC1	CCNB2	0.864595	0.864595	positive
KIFC1	CDC25A	0.858483	0.858483	positive
KIFC1	CDC45	0.879893	0.879893	positive
KIFC1	CDC6	0.87495	0.87495	positive
KIFC1	CDCA3	0.852988	0.852988	positive
KIFC1	CDCA5	0.947404	0.947404	positive
KIFC1	CDKN3	0.840878	0.840878	positive
KIFC1	CEP55	0.872106	0.872106	positive
KIFC1	DLGAP5	0.902002	0.902002	positive
KIFC1	ESPL1	0.906368	0.906368	positive
KIFC1	FOXM1	0.908558	0.908558	positive
KIFC1	GTSE1	0.920039	0.920039	positive
KIFC1	HMMR	0.832282	0.832282	positive
KIFC1	IQGAP3	0.815673	0.815673	positive
KIFC1	KIF11	0.86366	0.86366	positive
KIFC1	KIF15	0.831911	0.831911	positive
KIFC1	KIF2C	0.935449	0.935449	positive
KIFC1	KIF4A	0.915046	0.915046	positive
KIFC1	ASF1B	0.883941	0.883941	positive
KIFC1	CCNF	0.846007	0.846007	positive
KIFC1	CDT1	0.904788	0.904788	positive
KIFC1	CENPW	0.843405	0.843405	positive
KIFC1	CHAF1B	0.820196	0.820196	positive
KIFC1	E2F1	0.908711	0.908711	positive
KIFC1	HROB	0.859581	0.859581	positive
KIFC1	KPNA2	0.877544	0.877544	positive
KIFC1	LMNB1	0.823941	0.823941	positive
KIFC1	MCM4	0.845694	0.845694	positive
KIFC1	MKI67	0.841817	0.841817	positive
KIFC1	MYBL2	0.933772	0.933772	positive
KIFC1	NCAPH	0.926819	0.926819	positive
KIFC1	NEK2	0.884964	0.884964	positive
KIFC1	NUF2	0.836946	0.836946	positive
KIFC1	ORC1	0.896101	0.896101	positive
KIFC1	PBK	0.838307	0.838307	positive
KIFC1	PIMREG	0.904878	0.904878	positive
KIFC1	PKMYT1	0.920862	0.920862	positive
KIFC1	PTTG1	0.85583	0.85583	positive
KIFC1	RACGAP1	0.841016	0.841016	positive
KIFC1	RECQL4	0.839493	0.839493	positive
KIFC1	RRM2	0.86444	0.86444	positive
KIFC1	SAPCD2	0.821839	0.821839	positive
KIFC1	SKA1	0.870819	0.870819	positive
KIFC1	SPAG5	0.885166	0.885166	positive
KIFC1	SPC24	0.843504	0.843504	positive
KIFC1	TACC3	0.899064	0.899064	positive
KIFC1	TIMELESS	0.851579	0.851579	positive
KIFC1	TPX2	0.945035	0.945035	positive
KIFC1	TRIP13	0.801443	0.801443	positive
KIFC1	TTK	0.839482	0.839482	positive
KIFC1	UBE2S	0.844359	0.844359	positive
KIFC1	UBE2T	0.864704	0.864704	positive
KIFC1	UHRF1	0.866655	0.866655	positive
HOXC4	HOXC6	0.866008	0.866008	positive
BTNL9	VEGFD	0.807275	0.807275	positive
GFPT2	CCN4	0.844656	0.844656	positive
GFPT2	COL5A2	0.815547	0.815547	positive
GFPT2	GREM1	0.804855	0.804855	positive
GFPT2	ITGA5	0.836667	0.836667	positive
GFPT2	POSTN	0.840327	0.840327	positive
GFPT2	SULF1	0.833542	0.833542	positive
GFPT2	TNFAIP6	0.855792	0.855792	positive
TMEM273	FGL2	0.802922	0.802922	positive
TMEM273	MNDA	0.845338	0.845338	positive
TMEM273	CCR2	0.821006	0.821006	positive
TMEM273	P2RY13	0.815529	0.815529	positive
TMEM273	GPR34	0.834703	0.834703	positive
TMEM273	IGSF6	0.833955	0.833955	positive
TMEM273	JAML	0.807616	0.807616	positive
CD2	CXCR6	0.854873	0.854873	positive
CD2	CCR5	0.817149	0.817149	positive
CD2	CD3D	0.873474	0.873474	positive
CD2	GZMA	0.823737	0.823737	positive
CD2	GZMK	0.803191	0.803191	positive
CD2	HLA-DQA1	0.803846	0.803846	positive
CD2	SIRPG	0.84684	0.84684	positive
CD2	SIT1	0.855517	0.855517	positive
CD2	TIGIT	0.81061	0.81061	positive
SPIB	CD19	0.819342	0.819342	positive
SPIB	CD22	0.852557	0.852557	positive
SPIB	CLEC17A	0.836589	0.836589	positive
SPIB	CNR2	0.826587	0.826587	positive
SPIB	NIBAN3	0.817856	0.817856	positive
SPIB	TNFRSF13B	0.809633	0.809633	positive
CRLF1	TMEM59L	0.923484	0.923484	positive
CIP2A	ANLN	0.803092	0.803092	positive
CIP2A	ARHGAP11A	0.870053	0.870053	positive
CIP2A	BUB1	0.841546	0.841546	positive
CIP2A	CCNA2	0.861245	0.861245	positive
CIP2A	CENPU	0.810049	0.810049	positive
CIP2A	CEP55	0.833381	0.833381	positive
CIP2A	CHEK1	0.853151	0.853151	positive
CIP2A	ATAD2	0.851907	0.851907	positive
CIP2A	BLM	0.853672	0.853672	positive
CIP2A	C16ORF89	-0.808057	0.808057	negative
CIP2A	CENPK	0.858678	0.858678	positive
CIP2A	FANCI	0.846965	0.846965	positive
CIP2A	HASPIN	0.839046	0.839046	positive
CIP2A	KIF11	0.840956	0.840956	positive
CIP2A	KIF15	0.845313	0.845313	positive
CIP2A	KIF4A	0.80215	0.80215	positive
CIP2A	KNTC1	0.827088	0.827088	positive
CIP2A	MKI67	0.812287	0.812287	positive
CIP2A	ORC6	0.8143	0.8143	positive
CIP2A	RACGAP1	0.809296	0.809296	positive
CIP2A	RAD51AP1	0.860397	0.860397	positive
CIP2A	SHCBP1	0.803537	0.803537	positive
CIP2A	SKA1	0.81421	0.81421	positive
CIP2A	STIL	0.910316	0.910316	positive
CIP2A	TTK	0.864616	0.864616	positive
NCF2	C3AR1	0.80473	0.80473	positive
NCF2	HAVCR2	0.853292	0.853292	positive
NCF2	MNDA	0.818058	0.818058	positive
NCF2	ALOX5AP	0.819569	0.819569	positive
NCF2	CCR1	0.80624	0.80624	positive
NCF2	FCER1G	0.804174	0.804174	positive
SUSD2	GGTLC1	0.838979	0.838979	positive
COL10A1	SFRP4	0.828292	0.828292	positive
COL10A1	FAP	0.836034	0.836034	positive
COL10A1	INHBA	0.82845	0.82845	positive
COL10A1	THBS2	0.802799	0.802799	positive
COL10A1	COL8A2	0.841721	0.841721	positive
COL10A1	SUGCT	0.83224	0.83224	positive
ITGAM	ITGB2	0.815008	0.815008	positive
ITGAM	LRRC25	0.824741	0.824741	positive
ITGAM	C3AR1	0.891312	0.891312	positive
ITGAM	FCGR2A	0.817363	0.817363	positive
ITGAM	FCGR3A	0.810802	0.810802	positive
ITGAM	FPR3	0.856538	0.856538	positive
ITGAM	HAVCR2	0.888909	0.888909	positive
ITGAM	ALOX5AP	0.824437	0.824437	positive
ITGAM	CD163	0.842394	0.842394	positive
ITGAM	FGR	0.843103	0.843103	positive
ITGAM	ITGAX	0.826963	0.826963	positive
ITGAM	MNDA	0.870004	0.870004	positive
ITGAM	MRC1	0.860677	0.860677	positive
ITGAM	MSR1	0.817295	0.817295	positive
ITGAM	PLEK	0.814059	0.814059	positive
ITGAM	SLCO2B1	0.88465	0.88465	positive
ITGAM	STAB1	0.814839	0.814839	positive
ITGAM	TLR8	0.800425	0.800425	positive
ITGAM	VSIG4	0.853956	0.853956	positive
AKT3	PDGFRA	0.824816	0.824816	positive
AKT3	VGLL3	0.803603	0.803603	positive
CDC6	ANLN	0.874757	0.874757	positive
CDC6	AURKA	0.869976	0.869976	positive
CDC6	BIRC5	0.88954	0.88954	positive
CDC6	BUB1	0.877943	0.877943	positive
CDC6	CCNA2	0.876447	0.876447	positive
CDC6	CCNB1	0.870383	0.870383	positive
CDC6	CCNB2	0.85823	0.85823	positive
CDC6	CDC25A	0.85578	0.85578	positive
CDC6	CDC45	0.888799	0.888799	positive
CDC6	ASF1B	0.856406	0.856406	positive
CDC6	CCNF	0.819949	0.819949	positive
CDC6	CDCA3	0.844365	0.844365	positive
CDC6	CDCA5	0.910985	0.910985	positive
CDC6	CDKN3	0.849208	0.849208	positive
CDC6	CDT1	0.820729	0.820729	positive
CDC6	CENPU	0.856096	0.856096	positive
CDC6	CENPW	0.831317	0.831317	positive
CDC6	CEP55	0.894905	0.894905	positive
CDC6	CHAF1B	0.847149	0.847149	positive
CDC6	CHEK1	0.861294	0.861294	positive
CDC6	DLGAP5	0.882413	0.882413	positive
CDC6	E2F1	0.817841	0.817841	positive
CDC6	ESPL1	0.863336	0.863336	positive
CDC6	FOXM1	0.875035	0.875035	positive
CDC6	GINS1	0.82288	0.82288	positive
CDC6	GTSE1	0.903495	0.903495	positive
CDC6	HMMR	0.870173	0.870173	positive
CDC6	HROB	0.864252	0.864252	positive
CDC6	IQGAP3	0.822309	0.822309	positive
CDC6	KIF11	0.872992	0.872992	positive
CDC6	KIF15	0.842185	0.842185	positive
CDC6	KIF2C	0.909785	0.909785	positive
CDC6	KIF4A	0.931117	0.931117	positive
CDC6	KPNA2	0.889511	0.889511	positive
CDC6	LMNB1	0.803499	0.803499	positive
CDC6	MCM4	0.877809	0.877809	positive
CDC6	MKI67	0.837107	0.837107	positive
CDC6	MTFR2	0.844551	0.844551	positive
CDC6	MYBL2	0.872433	0.872433	positive
CDC6	NCAPH	0.894285	0.894285	positive
CDC6	NEK2	0.843287	0.843287	positive
CDC6	NUF2	0.849456	0.849456	positive
CDC6	ORC1	0.926965	0.926965	positive
CDC6	PBK	0.824833	0.824833	positive
CDC6	PIMREG	0.842868	0.842868	positive
CDC6	PKMYT1	0.856669	0.856669	positive
CDC6	RACGAP1	0.862939	0.862939	positive
CDC6	RAD51AP1	0.840495	0.840495	positive
CDC6	RRM2	0.927601	0.927601	positive
CDC6	SAPCD2	0.804487	0.804487	positive
CDC6	SHCBP1	0.827132	0.827132	positive
CDC6	SKA1	0.897108	0.897108	positive
CDC6	SPAG5	0.907846	0.907846	positive
CDC6	SPC24	0.824424	0.824424	positive
CDC6	TACC3	0.841581	0.841581	positive
CDC6	TPX2	0.91159	0.91159	positive
CDC6	TRIP13	0.890506	0.890506	positive
CDC6	TTK	0.893064	0.893064	positive
CDC6	UBE2T	0.82149	0.82149	positive
CDC6	UHRF1	0.884955	0.884955	positive
NEK2	ARHGAP11A	0.824504	0.824504	positive
NEK2	AURKA	0.890122	0.890122	positive
NEK2	BIRC5	0.850934	0.850934	positive
NEK2	BUB1	0.906715	0.906715	positive
NEK2	CCNA2	0.883723	0.883723	positive
NEK2	CCNB1	0.851838	0.851838	positive
NEK2	CCNB2	0.863883	0.863883	positive
NEK2	CDC25A	0.825203	0.825203	positive
NEK2	CDC45	0.817833	0.817833	positive
NEK2	CDCA3	0.907304	0.907304	positive
NEK2	CDCA5	0.85403	0.85403	positive
NEK2	CDKN3	0.867082	0.867082	positive
NEK2	CENPU	0.838832	0.838832	positive
NEK2	CEP55	0.921615	0.921615	positive
NEK2	CHEK1	0.851622	0.851622	positive
NEK2	DLGAP5	0.889484	0.889484	positive
NEK2	ESPL1	0.9062	0.9062	positive
NEK2	FOXM1	0.90149	0.90149	positive
NEK2	GTSE1	0.860768	0.860768	positive
NEK2	HMMR	0.887084	0.887084	positive
NEK2	IQGAP3	0.804801	0.804801	positive
NEK2	KIF11	0.905568	0.905568	positive
NEK2	KIF15	0.85333	0.85333	positive
NEK2	KIF2C	0.919021	0.919021	positive
NEK2	KIF4A	0.896885	0.896885	positive
NEK2	KPNA2	0.816236	0.816236	positive
NEK2	MCM4	0.846077	0.846077	positive
NEK2	MKI67	0.84365	0.84365	positive
NEK2	NCAPH	0.910737	0.910737	positive
NEK2	ORC1	0.907605	0.907605	positive
NEK2	PKMYT1	0.813877	0.813877	positive
NEK2	RAD51AP1	0.898893	0.898893	positive
NEK2	RRM2	0.838765	0.838765	positive
NEK2	SHCBP1	0.805108	0.805108	positive
NEK2	SKA1	0.892284	0.892284	positive
NEK2	SPAG5	0.850189	0.850189	positive
NEK2	SPC24	0.829959	0.829959	positive
NEK2	TPX2	0.919945	0.919945	positive
NEK2	TRIP13	0.822018	0.822018	positive
NEK2	TTK	0.870978	0.870978	positive
NEK2	UHRF1	0.812266	0.812266	positive
NEK2	ATAD2	0.800317	0.800317	positive
NEK2	CENPF	0.878719	0.878719	positive
NEK2	FANCI	0.836157	0.836157	positive
NEK2	CCNF	0.836022	0.836022	positive
NEK2	CDT1	0.804278	0.804278	positive
NEK2	E2F1	0.807445	0.807445	positive
NEK2	GINS1	0.812976	0.812976	positive
NEK2	MYBL2	0.841766	0.841766	positive
NEK2	NUF2	0.929465	0.929465	positive
NEK2	PBK	0.858069	0.858069	positive
NEK2	PIMREG	0.861944	0.861944	positive
NEK2	RACGAP1	0.901677	0.901677	positive
NEK2	UBE2T	0.886653	0.886653	positive
TPX2	ANLN	0.886327	0.886327	positive
TPX2	ARHGAP11A	0.841449	0.841449	positive
TPX2	AURKA	0.933034	0.933034	positive
TPX2	BIRC5	0.916651	0.916651	positive
TPX2	BUB1	0.939055	0.939055	positive
TPX2	CCNA2	0.908905	0.908905	positive
TPX2	CCNB1	0.908363	0.908363	positive
TPX2	CCNB2	0.885066	0.885066	positive
TPX2	CDC25A	0.886227	0.886227	positive
TPX2	CDC45	0.881277	0.881277	positive
TPX2	CDCA3	0.905715	0.905715	positive
TPX2	CDCA5	0.932823	0.932823	positive
TPX2	CDKN3	0.900802	0.900802	positive
TPX2	CENPU	0.833668	0.833668	positive
TPX2	CEP55	0.942325	0.942325	positive
TPX2	CHEK1	0.86744	0.86744	positive
TPX2	DLGAP5	0.949071	0.949071	positive
TPX2	ESPL1	0.950716	0.950716	positive
TPX2	FOXM1	0.9367	0.9367	positive
TPX2	GTSE1	0.937917	0.937917	positive
TPX2	HMMR	0.879178	0.879178	positive
TPX2	IQGAP3	0.885906	0.885906	positive
TPX2	KIF11	0.922283	0.922283	positive
TPX2	KIF15	0.884089	0.884089	positive
TPX2	KIF2C	0.951021	0.951021	positive
TPX2	KIF4A	0.960491	0.960491	positive
TPX2	KPNA2	0.922602	0.922602	positive
TPX2	MCM4	0.883622	0.883622	positive
TPX2	MKI67	0.909008	0.909008	positive
TPX2	MTFR2	0.825628	0.825628	positive
TPX2	NCAPH	0.958783	0.958783	positive
TPX2	ORC1	0.919395	0.919395	positive
TPX2	PKMYT1	0.906165	0.906165	positive
TPX2	RAD51AP1	0.849164	0.849164	positive
TPX2	RRM2	0.900822	0.900822	positive
TPX2	SHCBP1	0.851563	0.851563	positive
TPX2	SKA1	0.90697	0.90697	positive
TPX2	SPAG5	0.916948	0.916948	positive
TPX2	SPC24	0.875523	0.875523	positive
TPX2	TACC3	0.89064	0.89064	positive
TPX2	ASF1B	0.857104	0.857104	positive
TPX2	ATAD2	0.825807	0.825807	positive
TPX2	CCNF	0.901335	0.901335	positive
TPX2	CDT1	0.863792	0.863792	positive
TPX2	CENPF	0.848807	0.848807	positive
TPX2	CENPW	0.829849	0.829849	positive
TPX2	CHAF1B	0.81445	0.81445	positive
TPX2	E2F1	0.851811	0.851811	positive
TPX2	HASPIN	0.827364	0.827364	positive
TPX2	HROB	0.859863	0.859863	positive
TPX2	KIF3C	0.816374	0.816374	positive
TPX2	LMNB1	0.866445	0.866445	positive
TPX2	MYBL2	0.933587	0.933587	positive
TPX2	NUF2	0.890386	0.890386	positive
TPX2	PBK	0.834943	0.834943	positive
TPX2	PIMREG	0.894186	0.894186	positive
TPX2	PTTG1	0.820002	0.820002	positive
TPX2	RACGAP1	0.903323	0.903323	positive
TPX2	RECQL4	0.824552	0.824552	positive
TPX2	SAPCD2	0.812129	0.812129	positive
TPX2	TIMELESS	0.817051	0.817051	positive
TPX2	TRIP13	0.853495	0.853495	positive
TPX2	TTK	0.900056	0.900056	positive
TPX2	UBE2T	0.846867	0.846867	positive
TPX2	UHRF1	0.911103	0.911103	positive
MT1F	MT2A	0.820277	0.820277	positive
CD3D	SIRPG	0.818745	0.818745	positive
CD3D	SIT1	0.899228	0.899228	positive
CCDC151	MORN5	0.803884	0.803884	positive
CCDC151	SPEF1	0.829583	0.829583	positive
CCDC151	TEKT2	0.81645	0.81645	positive
UHRF1	ANLN	0.86471	0.86471	positive
UHRF1	ARHGAP11A	0.825371	0.825371	positive
UHRF1	AURKA	0.818708	0.818708	positive
UHRF1	BIRC5	0.82005	0.82005	positive
UHRF1	BUB1	0.875456	0.875456	positive
UHRF1	CCNA2	0.846005	0.846005	positive
UHRF1	CCNB1	0.840348	0.840348	positive
UHRF1	CCNB2	0.837434	0.837434	positive
UHRF1	CDC25A	0.875075	0.875075	positive
UHRF1	CDC45	0.835166	0.835166	positive
UHRF1	CDCA3	0.828557	0.828557	positive
UHRF1	CDCA5	0.885147	0.885147	positive
UHRF1	CEP55	0.864627	0.864627	positive
UHRF1	CHEK1	0.868367	0.868367	positive
UHRF1	DLGAP5	0.893614	0.893614	positive
UHRF1	ESPL1	0.859361	0.859361	positive
UHRF1	FOXM1	0.882238	0.882238	positive
UHRF1	GTSE1	0.895435	0.895435	positive
UHRF1	IQGAP3	0.843622	0.843622	positive
UHRF1	KIF11	0.867336	0.867336	positive
UHRF1	KIF15	0.86402	0.86402	positive
UHRF1	KIF2C	0.866039	0.866039	positive
UHRF1	KIF4A	0.912536	0.912536	positive
UHRF1	KPNA2	0.838506	0.838506	positive
UHRF1	MCM4	0.839075	0.839075	positive
UHRF1	MKI67	0.906069	0.906069	positive
UHRF1	NCAPH	0.879494	0.879494	positive
UHRF1	ORC1	0.852739	0.852739	positive
UHRF1	PKMYT1	0.857097	0.857097	positive
UHRF1	RAD51AP1	0.805657	0.805657	positive
UHRF1	RRM2	0.85448	0.85448	positive
UHRF1	SHCBP1	0.810871	0.810871	positive
UHRF1	SKA1	0.858939	0.858939	positive
UHRF1	SPAG5	0.852957	0.852957	positive
UHRF1	TACC3	0.877271	0.877271	positive
UHRF1	TTK	0.830416	0.830416	positive
UHRF1	ASF1B	0.815418	0.815418	positive
UHRF1	CCNF	0.835451	0.835451	positive
UHRF1	CDT1	0.82023	0.82023	positive
UHRF1	CENPF	0.830294	0.830294	positive
UHRF1	KIF3C	0.803517	0.803517	positive
UHRF1	LMNB1	0.882225	0.882225	positive
UHRF1	MYBL2	0.833513	0.833513	positive
UHRF1	PIMREG	0.807927	0.807927	positive
UHRF1	RACGAP1	0.830068	0.830068	positive
NFAM1	ITGB2	0.84343	0.84343	positive
NFAM1	LRRC25	0.846677	0.846677	positive
NFAM1	SPI1	0.818239	0.818239	positive
NFAM1	PILRA	0.81821	0.81821	positive
NFAM1	SIGLEC7	0.822345	0.822345	positive
NFAM1	C3AR1	0.81027	0.81027	positive
NFAM1	HAVCR2	0.829295	0.829295	positive
NFAM1	SIGLEC1	0.823414	0.823414	positive
NFAM1	FCER1G	0.825302	0.825302	positive
NFAM1	FGR	0.878919	0.878919	positive
NFAM1	PLEK	0.838333	0.838333	positive
NFAM1	SLAMF8	0.851629	0.851629	positive
NFAM1	C5AR1	0.805059	0.805059	positive
NFAM1	ITGAX	0.848565	0.848565	positive
NFAM1	GPNMB	0.828615	0.828615	positive
C20ORF85	AC007906.2	0.912292	0.912292	positive
C20ORF85	AKAP14	0.904529	0.904529	positive
C20ORF85	C22ORF15	0.849005	0.849005	positive
C20ORF85	C6ORF118	0.882275	0.882275	positive
C20ORF85	C9ORF24	0.926606	0.926606	positive
C20ORF85	CCDC17	0.837942	0.837942	positive
C20ORF85	CFAP52	0.870191	0.870191	positive
C20ORF85	CFAP77	0.860628	0.860628	positive
C20ORF85	CIBAR2	0.89668	0.89668	positive
C20ORF85	CNGA4	0.808938	0.808938	positive
C20ORF85	ENKUR	0.807873	0.807873	positive
C20ORF85	FAM183A	0.821024	0.821024	positive
C20ORF85	FAM216B	0.864268	0.864268	positive
C20ORF85	GAS2L2	0.836899	0.836899	positive
C20ORF85	HOATZ	0.891037	0.891037	positive
C20ORF85	LRRC46	0.839321	0.839321	positive
C20ORF85	MORN5	0.903366	0.903366	positive
C20ORF85	MS4A8	0.840088	0.840088	positive
C20ORF85	NWD1	0.812548	0.812548	positive
C20ORF85	ROPN1L	0.881419	0.881419	positive
C20ORF85	RSPH4A	0.860542	0.860542	positive
C20ORF85	SAXO2	0.85224	0.85224	positive
C20ORF85	SCGB1A1	0.891255	0.891255	positive
C20ORF85	SNTN	0.918715	0.918715	positive
C20ORF85	SPEF1	0.804764	0.804764	positive
C20ORF85	TEKT1	0.932423	0.932423	positive
C20ORF85	TTC29	0.803635	0.803635	positive
C20ORF85	TUBA4B	0.937281	0.937281	positive
C20ORF85	VWA3B	0.808013	0.808013	positive
C20ORF85	WDR38	0.938138	0.938138	positive
C4A	C4B	0.804951	0.804951	positive
CD163	SIGLEC7	0.828511	0.828511	positive
CD163	C3AR1	0.893691	0.893691	positive
CD163	FCGR2A	0.819282	0.819282	positive
CD163	FCGR3A	0.869799	0.869799	positive
CD163	FPR3	0.920571	0.920571	positive
CD163	HAVCR2	0.902769	0.902769	positive
CD163	MSR1	0.859846	0.859846	positive
CD163	SIGLEC1	0.83087	0.83087	positive
CD163	SLCO2B1	0.915044	0.915044	positive
CD163	STAB1	0.863032	0.863032	positive
CD163	CCR1	0.872747	0.872747	positive
CD163	FGR	0.827964	0.827964	positive
CD163	PLEK	0.848808	0.848808	positive
CD163	SLAMF8	0.82956	0.82956	positive
CD163	VSIG4	0.854173	0.854173	positive
CD163	MRC1	0.844909	0.844909	positive
CD163	CCR5	0.808348	0.808348	positive
CD163	C5AR1	0.866289	0.866289	positive
CD163	CMKLR1	0.864468	0.864468	positive
CD163	FPR1	0.84497	0.84497	positive
CD163	ITGAX	0.821992	0.821992	positive
CD163	LILRB5	0.848724	0.848724	positive
CD163	PDCD1LG2	0.820186	0.820186	positive
CD163	SAMSN1	0.831624	0.831624	positive
CD163	SRGN	0.818955	0.818955	positive
CD163	STARD8	0.806594	0.806594	positive
CD163	TLR8	0.845555	0.845555	positive
COL12A1	COL1A2	0.835768	0.835768	positive
COL12A1	COL5A1	0.879172	0.879172	positive
COL12A1	COL5A2	0.908152	0.908152	positive
COL12A1	FAP	0.835482	0.835482	positive
COL12A1	GREM1	0.829293	0.829293	positive
COL12A1	INHBA	0.859928	0.859928	positive
COL12A1	LOX	0.828134	0.828134	positive
COL12A1	MXRA5	0.869152	0.869152	positive
COL12A1	POSTN	0.819944	0.819944	positive
COL12A1	SPOCK1	0.823693	0.823693	positive
COL12A1	SULF1	0.877727	0.877727	positive
COL12A1	THBS2	0.892399	0.892399	positive
COL12A1	VCAN	0.849143	0.849143	positive
MORN5	AC007906.2	0.806511	0.806511	positive
MORN5	AKAP14	0.91136	0.91136	positive
MORN5	C22ORF15	0.884236	0.884236	positive
MORN5	C6ORF118	0.895408	0.895408	positive
MORN5	C9ORF24	0.943577	0.943577	positive
MORN5	CCDC17	0.83103	0.83103	positive
MORN5	CFAP52	0.879487	0.879487	positive
MORN5	CFAP77	0.8875	0.8875	positive
MORN5	CIBAR2	0.907206	0.907206	positive
MORN5	ENKUR	0.831811	0.831811	positive
MORN5	GAS2L2	0.85213	0.85213	positive
MORN5	HOATZ	0.874947	0.874947	positive
MORN5	IL5RA	0.806668	0.806668	positive
MORN5	LRRC46	0.858002	0.858002	positive
MORN5	CACNG6	0.818287	0.818287	positive
MORN5	CCDC78	0.809884	0.809884	positive
MORN5	CFAP53	0.857606	0.857606	positive
MORN5	CFAP94	0.821891	0.821891	positive
MORN5	CNGA4	0.860898	0.860898	positive
MORN5	DYDC2	0.803373	0.803373	positive
MORN5	FAM183A	0.821747	0.821747	positive
MORN5	LRRC10B	0.814608	0.814608	positive
MORN5	MS4A8	0.857288	0.857288	positive
MORN5	NHLRC4	0.842448	0.842448	positive
MORN5	ROPN1L	0.899714	0.899714	positive
MORN5	RSPH4A	0.880837	0.880837	positive
MORN5	SAXO2	0.833213	0.833213	positive
MORN5	SNTN	0.887886	0.887886	positive
MORN5	SPEF1	0.886611	0.886611	positive
MORN5	STMND1	0.805694	0.805694	positive
MORN5	TEKT1	0.954258	0.954258	positive
MORN5	TEKT2	0.869747	0.869747	positive
MORN5	TTC29	0.846648	0.846648	positive
MORN5	TUBA4B	0.92646	0.92646	positive
MORN5	VWA3B	0.848974	0.848974	positive
MORN5	WDR38	0.948355	0.948355	positive
KIF15	ANLN	0.823961	0.823961	positive
KIF15	ARHGAP11A	0.83903	0.83903	positive
KIF15	AURKA	0.868944	0.868944	positive
KIF15	BIRC5	0.801903	0.801903	positive
KIF15	BUB1	0.915926	0.915926	positive
KIF15	CCNA2	0.895621	0.895621	positive
KIF15	CCNB1	0.816251	0.816251	positive
KIF15	CCNB2	0.881549	0.881549	positive
KIF15	CDC25A	0.932951	0.932951	positive
KIF15	CDC45	0.841362	0.841362	positive
KIF15	CDCA3	0.84403	0.84403	positive
KIF15	CDCA5	0.84901	0.84901	positive
KIF15	CDKN3	0.802979	0.802979	positive
KIF15	CENPU	0.848171	0.848171	positive
KIF15	CEP55	0.871904	0.871904	positive
KIF15	CHEK1	0.872936	0.872936	positive
KIF15	DLGAP5	0.878245	0.878245	positive
KIF15	ESPL1	0.906689	0.906689	positive
KIF15	FOXM1	0.836682	0.836682	positive
KIF15	GTSE1	0.866606	0.866606	positive
KIF15	HMMR	0.863262	0.863262	positive
KIF15	IQGAP3	0.839015	0.839015	positive
KIF15	KIF11	0.907558	0.907558	positive
KIF15	ATAD2	0.88059	0.88059	positive
KIF15	BLM	0.850641	0.850641	positive
KIF15	CCNF	0.859333	0.859333	positive
KIF15	CENPF	0.866112	0.866112	positive
KIF15	FANCI	0.866978	0.866978	positive
KIF15	GINS1	0.832412	0.832412	positive
KIF15	HASPIN	0.851726	0.851726	positive
KIF15	KIF2C	0.897071	0.897071	positive
KIF15	KIF4A	0.89989	0.89989	positive
KIF15	KPNA2	0.822426	0.822426	positive
KIF15	LMNB1	0.828397	0.828397	positive
KIF15	MCM4	0.820787	0.820787	positive
KIF15	MKI67	0.875716	0.875716	positive
KIF15	MTFR2	0.812871	0.812871	positive
KIF15	MYBL2	0.816328	0.816328	positive
KIF15	NCAPH	0.906393	0.906393	positive
KIF15	NUF2	0.890522	0.890522	positive
KIF15	ORC1	0.889271	0.889271	positive
KIF15	ORC6	0.853443	0.853443	positive
KIF15	PIMREG	0.835653	0.835653	positive
KIF15	RACGAP1	0.867303	0.867303	positive
KIF15	RAD51AP1	0.882007	0.882007	positive
KIF15	RRM2	0.849254	0.849254	positive
KIF15	SHCBP1	0.801461	0.801461	positive
KIF15	SKA1	0.905546	0.905546	positive
KIF15	SPAG5	0.904099	0.904099	positive
KIF15	SPC24	0.810202	0.810202	positive
KIF15	STIL	0.846619	0.846619	positive
KIF15	TACC3	0.817995	0.817995	positive
KIF15	TTK	0.933246	0.933246	positive
CPED1	GPR34	0.835983	0.835983	positive
ANGPT1	ASPA	0.81229	0.81229	positive
ANGPT1	FHL1	0.831973	0.831973	positive
PYCR1	LRRN3	-0.828727	0.828727	negative
HMCN1	GUCY1A2	0.828686	0.828686	positive
SLC5A9	GYPE	0.804331	0.804331	positive
SLC5A9	GPR17	0.80003	0.80003	positive
SLC5A9	NECAB1	0.84992	0.84992	positive
F13A1	C3AR1	0.802374	0.802374	positive
F13A1	MNDA	0.839326	0.839326	positive
F13A1	SLCO2B1	0.842147	0.842147	positive
F13A1	MRC1	0.869779	0.869779	positive
F13A1	GPR34	0.874147	0.874147	positive
CNGA4	AKAP14	0.839408	0.839408	positive
CNGA4	C22ORF15	0.840985	0.840985	positive
CNGA4	C6ORF118	0.831495	0.831495	positive
CNGA4	C9ORF24	0.8276	0.8276	positive
CNGA4	CCDC17	0.85909	0.85909	positive
CNGA4	CFAP52	0.856036	0.856036	positive
CNGA4	CFAP77	0.884263	0.884263	positive
CNGA4	CIBAR2	0.852921	0.852921	positive
CNGA4	EFHB	0.801604	0.801604	positive
CNGA4	GAS2L2	0.811561	0.811561	positive
CNGA4	HOATZ	0.800803	0.800803	positive
CNGA4	LRRC46	0.872405	0.872405	positive
CNGA4	SAXO2	0.805423	0.805423	positive
CNGA4	SNTN	0.835317	0.835317	positive
CNGA4	TEKT1	0.850241	0.850241	positive
CNGA4	TTC29	0.804969	0.804969	positive
CNGA4	TUBA4B	0.857549	0.857549	positive
CNGA4	VWA3B	0.826674	0.826674	positive
CNGA4	WDR38	0.854778	0.854778	positive
CNGA4	CFAP53	0.82387	0.82387	positive
CNGA4	SPEF1	0.802796	0.802796	positive
CNGA4	CACNG6	0.842969	0.842969	positive
CNGA4	CCDC78	0.808391	0.808391	positive
CNGA4	PPP1R32	0.828225	0.828225	positive
CNGA4	TSPAN19	0.833027	0.833027	positive
MDH1B	C6ORF118	0.828468	0.828468	positive
MDH1B	CFAP43	0.824053	0.824053	positive
MDH1B	CFAP52	0.818961	0.818961	positive
MDH1B	EFHB	0.834407	0.834407	positive
MDH1B	HOATZ	0.811459	0.811459	positive
MDH1B	IL5RA	0.81996	0.81996	positive
MDH1B	RSPH4A	0.828339	0.828339	positive
MDH1B	SAXO2	0.824313	0.824313	positive
MDH1B	TTC29	0.816098	0.816098	positive
MDH1B	LRRIQ1	0.833854	0.833854	positive
MDH1B	CFAP53	0.829035	0.829035	positive
MDH1B	CFAP94	0.852829	0.852829	positive
MDH1B	SPAG8	0.897748	0.897748	positive
MDH1B	TEKT2	0.81121	0.81121	positive
MDH1B	CFAP45	0.812667	0.812667	positive
MDH1B	CHST9	0.837212	0.837212	positive
MDH1B	GSTA3	0.803785	0.803785	positive
SMOC2	COL8A2	0.839114	0.839114	positive
TLR10	FCRL1	0.889112	0.889112	positive
TLR10	CNR2	0.851613	0.851613	positive
TLR10	FCRL3	0.839253	0.839253	positive
TLR10	NIBAN3	0.804391	0.804391	positive
SYNDIG1	COL1A2	0.805216	0.805216	positive
CCDC17	AC007906.2	0.805356	0.805356	positive
CCDC17	AKAP14	0.873055	0.873055	positive
CCDC17	C22ORF15	0.918395	0.918395	positive
CCDC17	C6ORF118	0.886719	0.886719	positive
CCDC17	C9ORF24	0.829181	0.829181	positive
CCDC17	CCDC78	0.84269	0.84269	positive
CCDC17	CFAP43	0.834339	0.834339	positive
CCDC17	CFAP52	0.892415	0.892415	positive
CCDC17	CFAP77	0.888905	0.888905	positive
CCDC17	CHST9	0.834407	0.834407	positive
CCDC17	CIBAR2	0.858789	0.858789	positive
CCDC17	DTHD1	0.832578	0.832578	positive
CCDC17	EFHB	0.801487	0.801487	positive
CCDC17	ENKUR	0.831513	0.831513	positive
CCDC17	FAM216B	0.857129	0.857129	positive
CCDC17	HOATZ	0.881286	0.881286	positive
CCDC17	IL5RA	0.809318	0.809318	positive
CCDC17	LRRC46	0.882225	0.882225	positive
CCDC17	NWD1	0.802261	0.802261	positive
CCDC17	PPP1R32	0.805839	0.805839	positive
CCDC17	ROPN1L	0.844227	0.844227	positive
CCDC17	RSPH4A	0.876183	0.876183	positive
CCDC17	SAXO2	0.892166	0.892166	positive
CCDC17	SNTN	0.838811	0.838811	positive
CCDC17	SPAG8	0.81379	0.81379	positive
CCDC17	TEKT1	0.872984	0.872984	positive
CCDC17	TEKT2	0.827782	0.827782	positive
CCDC17	TSPAN19	0.87808	0.87808	positive
CCDC17	TTC29	0.84321	0.84321	positive
CCDC17	TUBA4B	0.874577	0.874577	positive
CCDC17	VWA3B	0.873887	0.873887	positive
CCDC17	WDR38	0.883177	0.883177	positive
ACVRL1	LRRC32	0.860716	0.860716	positive
ACP5	CD14	0.820742	0.820742	positive
ACP5	DOK2	0.889242	0.889242	positive
ACP5	LRRC25	0.832383	0.832383	positive
ACP5	SPI1	0.883425	0.883425	positive
ACP5	TYROBP	0.91221	0.91221	positive
ACP5	APOC1	0.828242	0.828242	positive
ACP5	APOE	0.886476	0.886476	positive
ACP5	CD52	0.830831	0.830831	positive
ACP5	OSCAR	0.806348	0.806348	positive
ACP5	PILRA	0.878258	0.878258	positive
ACP5	SIGLEC7	0.818357	0.818357	positive
ACP5	TMEM150B	0.805339	0.805339	positive
RSPH4A	AC007906.2	0.86036	0.86036	positive
RSPH4A	AKAP14	0.902799	0.902799	positive
RSPH4A	C22ORF15	0.901811	0.901811	positive
RSPH4A	C6ORF118	0.937394	0.937394	positive
RSPH4A	C9ORF24	0.873125	0.873125	positive
RSPH4A	CFAP43	0.918682	0.918682	positive
RSPH4A	CFAP52	0.936947	0.936947	positive
RSPH4A	CFAP77	0.884808	0.884808	positive
RSPH4A	CIBAR2	0.831922	0.831922	positive
RSPH4A	EFHB	0.844727	0.844727	positive
RSPH4A	ENKUR	0.923908	0.923908	positive
RSPH4A	FAM216B	0.912975	0.912975	positive
RSPH4A	GAS2L2	0.828217	0.828217	positive
RSPH4A	HOATZ	0.944941	0.944941	positive
RSPH4A	IL5RA	0.896305	0.896305	positive
RSPH4A	LRRC46	0.863365	0.863365	positive
RSPH4A	NWD1	0.893078	0.893078	positive
RSPH4A	ROPN1L	0.87686	0.87686	positive
RSPH4A	AK7	0.817243	0.817243	positive
RSPH4A	CCDC170	0.83015	0.83015	positive
RSPH4A	CFAP45	0.841464	0.841464	positive
RSPH4A	CFAP53	0.835903	0.835903	positive
RSPH4A	CFAP57	0.807422	0.807422	positive
RSPH4A	CFAP94	0.902663	0.902663	positive
RSPH4A	CHST9	0.839188	0.839188	positive
RSPH4A	DTHD1	0.889734	0.889734	positive
RSPH4A	LRRC18	0.821215	0.821215	positive
RSPH4A	LRRIQ1	0.817773	0.817773	positive
RSPH4A	MS4A8	0.804487	0.804487	positive
RSPH4A	PPIL6	0.805233	0.805233	positive
RSPH4A	SAXO2	0.929632	0.929632	positive
RSPH4A	SNTN	0.878511	0.878511	positive
RSPH4A	SPAG8	0.855356	0.855356	positive
RSPH4A	SPEF1	0.813425	0.813425	positive
RSPH4A	STMND1	0.814014	0.814014	positive
RSPH4A	TEKT1	0.933052	0.933052	positive
RSPH4A	TEKT2	0.870686	0.870686	positive
RSPH4A	TSPAN19	0.803361	0.803361	positive
RSPH4A	TTC29	0.893197	0.893197	positive
RSPH4A	TUBA4B	0.89924	0.89924	positive
RSPH4A	VWA3B	0.898739	0.898739	positive
RSPH4A	WDR38	0.887593	0.887593	positive
CD27	MZB1	0.839766	0.839766	positive
CD27	TNFRSF17	0.81571	0.81571	positive
CD27	SIT1	0.863845	0.863845	positive
CD27	PLA2G2D	0.849157	0.849157	positive
CD27	CD19	0.812238	0.812238	positive
CD27	CD79A	0.866938	0.866938	positive
CD27	CD79B	0.815857	0.815857	positive
CD27	DERL3	0.806028	0.806028	positive
CD27	FCRLA	0.809307	0.809307	positive
DEFB131B	ANKRD36C	0.803503	0.803503	positive
CASS4	ARHGAP31	0.831453	0.831453	positive
MMP19	C5AR1	0.866236	0.866236	positive
GJA4	TIE1	0.815852	0.815852	positive
MS4A8	AKAP14	0.843588	0.843588	positive
MS4A8	C6ORF118	0.823545	0.823545	positive
MS4A8	C9ORF24	0.869206	0.869206	positive
MS4A8	CFAP52	0.815254	0.815254	positive
MS4A8	CIBAR2	0.833194	0.833194	positive
MS4A8	HOATZ	0.836473	0.836473	positive
MS4A8	SAXO2	0.825208	0.825208	positive
MS4A8	SNTN	0.8222	0.8222	positive
MS4A8	TEKT1	0.830783	0.830783	positive
MS4A8	TUBA4B	0.832828	0.832828	positive
MS4A8	WDR38	0.80845	0.80845	positive
ANLN	ARHGAP11A	0.818298	0.818298	positive
ANLN	AURKA	0.833122	0.833122	positive
ANLN	BIRC5	0.819175	0.819175	positive
ANLN	BUB1	0.878565	0.878565	positive
ANLN	CCNA2	0.895053	0.895053	positive
ANLN	CCNB1	0.812057	0.812057	positive
ANLN	CCNB2	0.883548	0.883548	positive
ANLN	CDC25A	0.812387	0.812387	positive
ANLN	CDC45	0.838265	0.838265	positive
ANLN	CDCA3	0.851071	0.851071	positive
ANLN	CDCA5	0.824541	0.824541	positive
ANLN	CDKN3	0.855039	0.855039	positive
ANLN	CENPU	0.827645	0.827645	positive
ANLN	CEP55	0.90033	0.90033	positive
ANLN	CHEK1	0.845306	0.845306	positive
ANLN	DLGAP5	0.881851	0.881851	positive
ANLN	ESPL1	0.801578	0.801578	positive
ANLN	FOXM1	0.87846	0.87846	positive
ANLN	GTSE1	0.862812	0.862812	positive
ANLN	HMMR	0.844041	0.844041	positive
ANLN	IQGAP3	0.835152	0.835152	positive
ANLN	KIF11	0.825776	0.825776	positive
ANLN	KIF2C	0.854861	0.854861	positive
ANLN	KIF4A	0.907759	0.907759	positive
ANLN	KPNA2	0.855892	0.855892	positive
ANLN	MCM4	0.806	0.806	positive
ANLN	MKI67	0.861905	0.861905	positive
ANLN	MTFR2	0.84027	0.84027	positive
ANLN	NCAPH	0.855155	0.855155	positive
ANLN	ORC1	0.834432	0.834432	positive
ANLN	PKMYT1	0.806419	0.806419	positive
ANLN	RAD51AP1	0.844601	0.844601	positive
ANLN	RRM2	0.865067	0.865067	positive
ANLN	SHCBP1	0.887891	0.887891	positive
ANLN	SKA1	0.822309	0.822309	positive
ANLN	SPAG5	0.82989	0.82989	positive
ANLN	SPC24	0.81566	0.81566	positive
ANLN	STIL	0.802759	0.802759	positive
ANLN	TACC3	0.809187	0.809187	positive
ANLN	TRIP13	0.828247	0.828247	positive
ANLN	TTK	0.876713	0.876713	positive
TLR8	FGL2	0.898772	0.898772	positive
TLR8	C3AR1	0.881391	0.881391	positive
TLR8	FCGR3A	0.832353	0.832353	positive
TLR8	FPR3	0.889352	0.889352	positive
TLR8	HAVCR2	0.850118	0.850118	positive
TLR8	MNDA	0.840167	0.840167	positive
TLR8	MSR1	0.855052	0.855052	positive
TLR8	SLCO2B1	0.865668	0.865668	positive
TLR8	PLEK	0.88309	0.88309	positive
TLR8	MRC1	0.844341	0.844341	positive
TLR8	CCR5	0.878237	0.878237	positive
TLR8	CMKLR1	0.849521	0.849521	positive
TLR8	GBP5	0.817908	0.817908	positive
TLR8	GIMAP6	0.800342	0.800342	positive
TLR8	PDCD1LG2	0.855014	0.855014	positive
TLR8	SAMSN1	0.829669	0.829669	positive
TLR8	IGSF6	0.845324	0.845324	positive
TLR8	P2RY13	0.820535	0.820535	positive
KIF4A	ARHGAP11A	0.853847	0.853847	positive
KIF4A	AURKA	0.916665	0.916665	positive
KIF4A	BIRC5	0.907882	0.907882	positive
KIF4A	BUB1	0.944819	0.944819	positive
KIF4A	CCNA2	0.91772	0.91772	positive
KIF4A	CCNB1	0.889365	0.889365	positive
KIF4A	CCNB2	0.901359	0.901359	positive
KIF4A	CDC25A	0.880141	0.880141	positive
KIF4A	CDC45	0.888325	0.888325	positive
KIF4A	CDCA3	0.886936	0.886936	positive
KIF4A	CDCA5	0.923861	0.923861	positive
KIF4A	CDKN3	0.885384	0.885384	positive
KIF4A	CENPU	0.865137	0.865137	positive
KIF4A	CEP55	0.942525	0.942525	positive
KIF4A	CHEK1	0.883174	0.883174	positive
KIF4A	DLGAP5	0.931592	0.931592	positive
KIF4A	ESPL1	0.925314	0.925314	positive
KIF4A	FOXM1	0.922572	0.922572	positive
KIF4A	GTSE1	0.933021	0.933021	positive
KIF4A	HMMR	0.87905	0.87905	positive
KIF4A	IQGAP3	0.882304	0.882304	positive
KIF4A	KIF11	0.917206	0.917206	positive
KIF4A	KIF2C	0.955432	0.955432	positive
KIF4A	ASF1B	0.852337	0.852337	positive
KIF4A	ATAD2	0.818843	0.818843	positive
KIF4A	CCNF	0.882716	0.882716	positive
KIF4A	CDT1	0.840568	0.840568	positive
KIF4A	CENPF	0.854977	0.854977	positive
KIF4A	CENPW	0.842225	0.842225	positive
KIF4A	CHAF1B	0.848528	0.848528	positive
KIF4A	E2F1	0.833847	0.833847	positive
KIF4A	FANCI	0.810195	0.810195	positive
KIF4A	HASPIN	0.834742	0.834742	positive
KIF4A	HROB	0.861752	0.861752	positive
KIF4A	KIF3C	0.824937	0.824937	positive
KIF4A	KPNA2	0.920454	0.920454	positive
KIF4A	LMNB1	0.854777	0.854777	positive
KIF4A	MCM4	0.869132	0.869132	positive
KIF4A	MKI67	0.902017	0.902017	positive
KIF4A	MTFR2	0.868334	0.868334	positive
KIF4A	MYBL2	0.90586	0.90586	positive
KIF4A	NCAPH	0.94362	0.94362	positive
KIF4A	NUF2	0.873072	0.873072	positive
KIF4A	ORC1	0.947053	0.947053	positive
KIF4A	PBK	0.831705	0.831705	positive
KIF4A	PIMREG	0.889481	0.889481	positive
KIF4A	PKMYT1	0.892202	0.892202	positive
KIF4A	RACGAP1	0.894778	0.894778	positive
KIF4A	RAD51AP1	0.866065	0.866065	positive
KIF4A	RRM2	0.931093	0.931093	positive
KIF4A	SHCBP1	0.865639	0.865639	positive
KIF4A	SKA1	0.907931	0.907931	positive
KIF4A	SPAG5	0.933386	0.933386	positive
KIF4A	SPC24	0.851636	0.851636	positive
KIF4A	STIL	0.818096	0.818096	positive
KIF4A	TACC3	0.897479	0.897479	positive
KIF4A	TIMELESS	0.802595	0.802595	positive
KIF4A	TRIP13	0.877784	0.877784	positive
KIF4A	TTK	0.919514	0.919514	positive
KIF4A	UBE2T	0.823606	0.823606	positive
KIF4A	WDR62	0.804066	0.804066	positive
FCRL3	FCRL1	0.883406	0.883406	positive
FCRL3	CLEC17A	0.805705	0.805705	positive
FCRL3	CNR2	0.87907	0.87907	positive
FCRL3	NIBAN3	0.870315	0.870315	positive
COL5A3	COL1A2	0.890239	0.890239	positive
COL5A3	COL5A1	0.859742	0.859742	positive
COL5A3	COL5A2	0.851801	0.851801	positive
COL5A3	POSTN	0.810721	0.810721	positive
COL5A3	TNFAIP6	0.824379	0.824379	positive
COL5A3	NID2	0.878286	0.878286	positive
COL5A3	COL15A1	0.844329	0.844329	positive
COL5A3	ADAMTS4	0.82471	0.82471	positive
COL5A3	COL6A1	0.83166	0.83166	positive
COL5A3	COL6A2	0.821697	0.821697	positive
COL5A3	GPR4	0.811288	0.811288	positive
COL8A2	SFRP4	0.845787	0.845787	positive
COL8A2	CILP2	0.865186	0.865186	positive
COL8A2	ISLR	0.866411	0.866411	positive
COL8A2	SUGCT	0.810292	0.810292	positive
COL8A2	THY1	0.809801	0.809801	positive
COL8A2	VCAM1	0.812852	0.812852	positive
GBP1	GBP4	0.855755	0.855755	positive
GBP1	GBP5	0.852515	0.852515	positive
GBP1	PDCD1LG2	0.833104	0.833104	positive
GBP1	CD274	0.808547	0.808547	positive
GBP1	CXCL10	0.8902	0.8902	positive
GBP1	CXCL11	0.815205	0.815205	positive
CHEK1	ARHGAP11A	0.878486	0.878486	positive
CHEK1	BUB1	0.896208	0.896208	positive
CHEK1	CCNA2	0.858147	0.858147	positive
CHEK1	CCNB2	0.823771	0.823771	positive
CHEK1	CDC25A	0.816254	0.816254	positive
CHEK1	CDCA3	0.833366	0.833366	positive
CHEK1	CDCA5	0.815925	0.815925	positive
CHEK1	CDKN3	0.832152	0.832152	positive
CHEK1	CENPU	0.835974	0.835974	positive
CHEK1	CEP55	0.875096	0.875096	positive
CHEK1	ATAD2	0.869817	0.869817	positive
CHEK1	BLM	0.842012	0.842012	positive
CHEK1	CCNF	0.828725	0.828725	positive
CHEK1	CENPF	0.881375	0.881375	positive
CHEK1	CENPK	0.823939	0.823939	positive
CHEK1	DLGAP5	0.888865	0.888865	positive
CHEK1	ESPL1	0.84792	0.84792	positive
CHEK1	FANCI	0.864647	0.864647	positive
CHEK1	FOXM1	0.811843	0.811843	positive
CHEK1	GINS1	0.807985	0.807985	positive
CHEK1	HASPIN	0.83757	0.83757	positive
CHEK1	HMMR	0.815657	0.815657	positive
CHEK1	IQGAP3	0.80306	0.80306	positive
CHEK1	KIF11	0.902422	0.902422	positive
CHEK1	KIF2C	0.836673	0.836673	positive
CHEK1	LMNB1	0.841469	0.841469	positive
CHEK1	MCM4	0.814842	0.814842	positive
CHEK1	MKI67	0.862964	0.862964	positive
CHEK1	NCAPH	0.852566	0.852566	positive
CHEK1	NUF2	0.850942	0.850942	positive
CHEK1	ORC1	0.862366	0.862366	positive
CHEK1	ORC6	0.814855	0.814855	positive
CHEK1	RACGAP1	0.853176	0.853176	positive
CHEK1	RAD51AP1	0.872679	0.872679	positive
CHEK1	RRM2	0.820273	0.820273	positive
CHEK1	SHCBP1	0.84415	0.84415	positive
CHEK1	SKA1	0.863707	0.863707	positive
CHEK1	SPAG5	0.833734	0.833734	positive
CHEK1	STIL	0.880656	0.880656	positive
CHEK1	TTK	0.888009	0.888009	positive
CCNB2	ARHGAP11A	0.829322	0.829322	positive
CCNB2	AURKA	0.888308	0.888308	positive
CCNB2	BIRC5	0.880829	0.880829	positive
CCNB2	BUB1	0.909845	0.909845	positive
CCNB2	CCNA2	0.928818	0.928818	positive
CCNB2	CCNB1	0.874162	0.874162	positive
CCNB2	CDC25A	0.873429	0.873429	positive
CCNB2	CDC45	0.869442	0.869442	positive
CCNB2	CDCA3	0.89494	0.89494	positive
CCNB2	CDCA5	0.882629	0.882629	positive
CCNB2	CDKN3	0.871613	0.871613	positive
CCNB2	CENPU	0.856027	0.856027	positive
CCNB2	CENPW	0.826706	0.826706	positive
CCNB2	CEP55	0.90889	0.90889	positive
CCNB2	DLGAP5	0.884392	0.884392	positive
CCNB2	ESPL1	0.850285	0.850285	positive
CCNB2	FANCI	0.836892	0.836892	positive
CCNB2	FOXM1	0.897985	0.897985	positive
CCNB2	GINS1	0.805637	0.805637	positive
CCNB2	GTSE1	0.867755	0.867755	positive
CCNB2	HASPIN	0.813238	0.813238	positive
CCNB2	HMMR	0.886687	0.886687	positive
CCNB2	IQGAP3	0.820188	0.820188	positive
CCNB2	KIF11	0.879308	0.879308	positive
CCNB2	KIF2C	0.895417	0.895417	positive
CCNB2	KPNA2	0.846391	0.846391	positive
CCNB2	MCM4	0.809583	0.809583	positive
CCNB2	MKI67	0.854157	0.854157	positive
CCNB2	MTFR2	0.857029	0.857029	positive
CCNB2	MYBL2	0.83413	0.83413	positive
CCNB2	NCAPH	0.899378	0.899378	positive
CCNB2	NUF2	0.857408	0.857408	positive
CCNB2	ORC1	0.891693	0.891693	positive
CCNB2	ORC6	0.834133	0.834133	positive
CCNB2	PBK	0.860524	0.860524	positive
CCNB2	PIMREG	0.873307	0.873307	positive
CCNB2	PKMYT1	0.84016	0.84016	positive
CCNB2	RACGAP1	0.855763	0.855763	positive
CCNB2	RAD51AP1	0.879386	0.879386	positive
CCNB2	RRM2	0.903973	0.903973	positive
CCNB2	SHCBP1	0.813748	0.813748	positive
CCNB2	SKA1	0.895309	0.895309	positive
CCNB2	SPAG5	0.85334	0.85334	positive
CCNB2	SPC24	0.836976	0.836976	positive
CCNB2	TACC3	0.819228	0.819228	positive
CCNB2	TTK	0.891287	0.891287	positive
CCNB2	UBE2T	0.824145	0.824145	positive
DOK2	CD14	0.879411	0.879411	positive
DOK2	CD300LF	0.859551	0.859551	positive
DOK2	CD52	0.85887	0.85887	positive
DOK2	EMP3	0.825605	0.825605	positive
DOK2	FCER1G	0.845096	0.845096	positive
DOK2	HLA-DRA	0.812042	0.812042	positive
DOK2	ITGB2	0.859493	0.859493	positive
DOK2	LRRC25	0.906776	0.906776	positive
DOK2	LST1	0.818914	0.818914	positive
DOK2	OSCAR	0.832632	0.832632	positive
DOK2	PILRA	0.871802	0.871802	positive
DOK2	SIGLEC7	0.84138	0.84138	positive
DOK2	SLAMF8	0.809546	0.809546	positive
DOK2	SPI1	0.944913	0.944913	positive
DOK2	TMEM150B	0.824197	0.824197	positive
DOK2	TYROBP	0.908535	0.908535	positive
DOK2	VSIG4	0.852622	0.852622	positive
GUCY1A2	ANGPTL1	0.818711	0.818711	positive
GUCY1A2	GPR82	0.803487	0.803487	positive
GUCY1A2	GYPE	0.800475	0.800475	positive
GUCY1A2	LRRN3	0.804936	0.804936	positive
GUCY1A2	NECAB1	0.85577	0.85577	positive
GIMAP7	GIMAP6	0.874085	0.874085	positive
MCEMP1	CCL23	0.80868	0.80868	positive
MCEMP1	RETN	0.909316	0.909316	positive
CCL3	CCL3L3	0.818023	0.818023	positive
CCL3	CCL4L2	0.802095	0.802095	positive
SLC22A31	NAPSA	0.837254	0.837254	positive
RPS4Y1	NLGN4Y	0.841613	0.841613	positive
RPS4Y1	PRKY	0.802414	0.802414	positive
KIF2C	AURKA	0.926663	0.926663	positive
KIF2C	BIRC5	0.920413	0.920413	positive
KIF2C	BUB1	0.915817	0.915817	positive
KIF2C	CCNA2	0.904144	0.904144	positive
KIF2C	CCNB1	0.889397	0.889397	positive
KIF2C	CDC25A	0.892237	0.892237	positive
KIF2C	CDC45	0.87582	0.87582	positive
KIF2C	CDCA3	0.909361	0.909361	positive
KIF2C	CDCA5	0.928893	0.928893	positive
KIF2C	CDKN3	0.872611	0.872611	positive
KIF2C	CENPU	0.86685	0.86685	positive
KIF2C	CEP55	0.914451	0.914451	positive
KIF2C	DLGAP5	0.904653	0.904653	positive
KIF2C	ESPL1	0.917238	0.917238	positive
KIF2C	FOXM1	0.913183	0.913183	positive
KIF2C	GTSE1	0.917229	0.917229	positive
KIF2C	HMMR	0.911314	0.911314	positive
KIF2C	IQGAP3	0.851462	0.851462	positive
KIF2C	KIF11	0.883431	0.883431	positive
KIF2C	ASF1B	0.848737	0.848737	positive
KIF2C	CCNF	0.883943	0.883943	positive
KIF2C	CDT1	0.854901	0.854901	positive
KIF2C	CENPF	0.830081	0.830081	positive
KIF2C	CENPW	0.859435	0.859435	positive
KIF2C	CHAF1B	0.833431	0.833431	positive
KIF2C	E2F1	0.853596	0.853596	positive
KIF2C	GINS1	0.824677	0.824677	positive
KIF2C	HROB	0.843868	0.843868	positive
KIF2C	KPNA2	0.900108	0.900108	positive
KIF2C	LMNB1	0.809058	0.809058	positive
KIF2C	MCM4	0.855783	0.855783	positive
KIF2C	MKI67	0.847706	0.847706	positive
KIF2C	MTFR2	0.863963	0.863963	positive
KIF2C	MYBL2	0.931754	0.931754	positive
KIF2C	NCAPH	0.933807	0.933807	positive
KIF2C	NUF2	0.900428	0.900428	positive
KIF2C	ORC1	0.942881	0.942881	positive
KIF2C	ORC6	0.821076	0.821076	positive
KIF2C	PBK	0.83278	0.83278	positive
KIF2C	PIMREG	0.908349	0.908349	positive
KIF2C	PKMYT1	0.886473	0.886473	positive
KIF2C	PTTG1	0.839095	0.839095	positive
KIF2C	RACGAP1	0.864957	0.864957	positive
KIF2C	RAD51AP1	0.861884	0.861884	positive
KIF2C	RECQL4	0.828423	0.828423	positive
KIF2C	RRM2	0.89619	0.89619	positive
KIF2C	SHCBP1	0.828748	0.828748	positive
KIF2C	SKA1	0.90333	0.90333	positive
KIF2C	SPAG5	0.905509	0.905509	positive
KIF2C	SPC24	0.862452	0.862452	positive
KIF2C	TACC3	0.898809	0.898809	positive
KIF2C	TRIP13	0.889315	0.889315	positive
KIF2C	TTK	0.915814	0.915814	positive
KIF2C	UBE2T	0.853526	0.853526	positive
CLEC7A	SUCNR1	0.856566	0.856566	positive
SIT1	SIRPG	0.812683	0.812683	positive
SIT1	CD79B	0.804657	0.804657	positive
SIT1	GZMK	0.816281	0.816281	positive
SIT1	GZMM	0.858668	0.858668	positive
SIT1	PLA2G2D	0.805809	0.805809	positive
HLA-DRB5	HLA-DPB1	0.821476	0.821476	positive
HLA-DRB5	HLA-DRA	0.821774	0.821774	positive
HLA-DRB5	HLA-DRB1	0.867167	0.867167	positive
CD248	BGN	0.826769	0.826769	positive
CD248	ISLR	0.814824	0.814824	positive
CD248	PCOLCE	0.865788	0.865788	positive
CD248	SCARF2	0.847284	0.847284	positive
CD248	COL6A2	0.816246	0.816246	positive
CD248	GPR4	0.816086	0.816086	positive
CD248	PLVAP	0.863284	0.863284	positive
CD22	CLEC17A	0.835548	0.835548	positive
CD22	NIBAN3	0.807378	0.807378	positive
OSBPL6	CFAP43	0.814204	0.814204	positive
OSBPL6	DTHD1	0.845677	0.845677	positive
LAMC2	LAMB3	0.803734	0.803734	positive
MSC	TAGLN	0.808067	0.808067	positive
MSC	EMILIN1	0.863714	0.863714	positive
MSC	ISLR	0.819084	0.819084	positive
MSC	PCOLCE	0.805612	0.805612	positive
MSC	SCARF2	0.805091	0.805091	positive
MSC	COL6A2	0.834646	0.834646	positive
MSC	VCAM1	0.81975	0.81975	positive
UBE2T	AURKA	0.871482	0.871482	positive
UBE2T	BIRC5	0.880435	0.880435	positive
UBE2T	BUB1	0.804081	0.804081	positive
UBE2T	CCNB1	0.880692	0.880692	positive
UBE2T	CDC45	0.81571	0.81571	positive
UBE2T	CDCA3	0.805698	0.805698	positive
UBE2T	CDCA5	0.84562	0.84562	positive
UBE2T	CDKN3	0.854247	0.854247	positive
UBE2T	CEP55	0.822089	0.822089	positive
UBE2T	DLGAP5	0.818226	0.818226	positive
UBE2T	ESPL1	0.826291	0.826291	positive
UBE2T	GTSE1	0.801685	0.801685	positive
UBE2T	HMMR	0.844696	0.844696	positive
UBE2T	KIF11	0.81278	0.81278	positive
UBE2T	KPNA2	0.84292	0.84292	positive
UBE2T	MCM4	0.821472	0.821472	positive
UBE2T	NCAPH	0.843622	0.843622	positive
UBE2T	ORC1	0.860375	0.860375	positive
UBE2T	PKMYT1	0.81564	0.81564	positive
UBE2T	RRM2	0.805102	0.805102	positive
UBE2T	SKA1	0.848215	0.848215	positive
UBE2T	SPC24	0.844192	0.844192	positive
UBE2T	RACGAP1	0.845731	0.845731	positive
UBE2T	ASF1B	0.809767	0.809767	positive
UBE2T	CDT1	0.852592	0.852592	positive
UBE2T	CENPW	0.822675	0.822675	positive
UBE2T	E2F1	0.860374	0.860374	positive
UBE2T	MYBL2	0.851972	0.851972	positive
UBE2T	PIMREG	0.847391	0.847391	positive
UBE2T	PTTG1	0.864005	0.864005	positive
UBE2T	GINS1	0.822579	0.822579	positive
UBE2T	NUF2	0.872432	0.872432	positive
UBE2T	PBK	0.849324	0.849324	positive
TIE1	ARHGEF15	0.873988	0.873988	positive
TIE1	CDH5	0.883031	0.883031	positive
TIE1	CLEC14A	0.816821	0.816821	positive
TIE1	MMRN2	0.8543	0.8543	positive
TIE1	ROBO4	0.891204	0.891204	positive
TIE1	BCL6B	0.817814	0.817814	positive
FCGR2A	C1ORF162	0.868307	0.868307	positive
FCGR2A	C3AR1	0.897041	0.897041	positive
FCGR2A	CCR1	0.846352	0.846352	positive
FCGR2A	CLEC5A	0.800205	0.800205	positive
FCGR2A	FCER1G	0.812585	0.812585	positive
FCGR2A	FCGR3A	0.859616	0.859616	positive
FCGR2A	FPR3	0.852441	0.852441	positive
FCGR2A	HAVCR2	0.881922	0.881922	positive
FCGR2A	MNDA	0.802198	0.802198	positive
FCGR2A	MRC1	0.830166	0.830166	positive
FCGR2A	MSR1	0.864442	0.864442	positive
FCGR2A	SLCO2B1	0.829556	0.829556	positive
TIMELESS	AURKA	0.803337	0.803337	positive
TIMELESS	CDCA5	0.830498	0.830498	positive
TIMELESS	ESPL1	0.862287	0.862287	positive
TIMELESS	NCAPH	0.822967	0.822967	positive
TIMELESS	ORC1	0.825258	0.825258	positive
TIMELESS	SPAG5	0.839353	0.839353	positive
TIMELESS	TACC3	0.826957	0.826957	positive
TIMELESS	RACGAP1	0.818707	0.818707	positive
TIMELESS	E2F1	0.848497	0.848497	positive
TIMELESS	PIMREG	0.805102	0.805102	positive
SIGLEC7	CD14	0.87519	0.87519	positive
SIGLEC7	LRRC25	0.926222	0.926222	positive
SIGLEC7	SPI1	0.855559	0.855559	positive
SIGLEC7	TYROBP	0.817666	0.817666	positive
SIGLEC7	OSCAR	0.849839	0.849839	positive
SIGLEC7	PILRA	0.900732	0.900732	positive
SIGLEC7	C3AR1	0.853743	0.853743	positive
SIGLEC7	C5AR1	0.807066	0.807066	positive
SIGLEC7	CCR1	0.848434	0.848434	positive
SIGLEC7	CD300LF	0.819131	0.819131	positive
SIGLEC7	FCER1G	0.870972	0.870972	positive
SIGLEC7	FCGR3A	0.853888	0.853888	positive
SIGLEC7	FGR	0.842585	0.842585	positive
SIGLEC7	FPR1	0.803446	0.803446	positive
SIGLEC7	FPR3	0.817507	0.817507	positive
SIGLEC7	HAVCR2	0.871277	0.871277	positive
SIGLEC7	LILRB5	0.833374	0.833374	positive
SIGLEC7	MSR1	0.814323	0.814323	positive
SIGLEC7	SIGLEC1	0.824246	0.824246	positive
SIGLEC7	SLAMF8	0.893687	0.893687	positive
SIGLEC7	SLCO2B1	0.84894	0.84894	positive
SIGLEC7	VSIG4	0.894993	0.894993	positive
APOE	SPI1	0.811521	0.811521	positive
APOE	TYROBP	0.876524	0.876524	positive
APOE	APOC1	0.842629	0.842629	positive
NLGN4Y	PRKY	0.895388	0.895388	positive
MXRA8	TAGLN	0.809018	0.809018	positive
MXRA8	BGN	0.839365	0.839365	positive
MXRA8	CILP2	0.818194	0.818194	positive
MXRA8	ISLR	0.861354	0.861354	positive
MXRA8	PCOLCE	0.847327	0.847327	positive
MXRA8	SCARF2	0.871906	0.871906	positive
MXRA8	TPM2	0.800549	0.800549	positive
PLA2G2D	SIRPG	0.808315	0.808315	positive
PLA2G2D	ADAMDEC1	0.815743	0.815743	positive
NECAB1	GYPE	0.821532	0.821532	positive
NECAB1	LRRN3	0.819362	0.819362	positive
PRELP	SSC5D	0.810008	0.810008	positive
CD28	FGL2	0.847264	0.847264	positive
CD28	GPR34	0.823907	0.823907	positive
DERL3	IGLL5	0.887919	0.887919	positive
DERL3	MZB1	0.896086	0.896086	positive
CTHRC1	COL5A1	0.811516	0.811516	positive
CTHRC1	COL5A2	0.837063	0.837063	positive
CTHRC1	FAP	0.852332	0.852332	positive
CTHRC1	GREM1	0.849549	0.849549	positive
CTHRC1	INHBA	0.809481	0.809481	positive
CTHRC1	LOXL2	0.807625	0.807625	positive
CTHRC1	POSTN	0.842941	0.842941	positive
CTHRC1	SULF1	0.842977	0.842977	positive
CTHRC1	THBS2	0.847983	0.847983	positive
CTHRC1	TNFAIP6	0.850226	0.850226	positive
RACGAP1	ARHGAP11A	0.827693	0.827693	positive
RACGAP1	AURKA	0.892889	0.892889	positive
RACGAP1	BIRC5	0.841518	0.841518	positive
RACGAP1	BUB1	0.915634	0.915634	positive
RACGAP1	CCNA2	0.889521	0.889521	positive
RACGAP1	CCNB1	0.873069	0.873069	positive
RACGAP1	CDC25A	0.836529	0.836529	positive
RACGAP1	CDC45	0.84876	0.84876	positive
RACGAP1	CDCA3	0.835209	0.835209	positive
RACGAP1	CDCA5	0.871845	0.871845	positive
RACGAP1	CDKN3	0.852433	0.852433	positive
RACGAP1	CENPU	0.821061	0.821061	positive
RACGAP1	CEP55	0.902662	0.902662	positive
RACGAP1	DLGAP5	0.872945	0.872945	positive
RACGAP1	ESPL1	0.921905	0.921905	positive
RACGAP1	FOXM1	0.847784	0.847784	positive
RACGAP1	GTSE1	0.858589	0.858589	positive
RACGAP1	HMMR	0.851255	0.851255	positive
RACGAP1	IQGAP3	0.807548	0.807548	positive
RACGAP1	KIF11	0.914058	0.914058	positive
RACGAP1	KPNA2	0.858039	0.858039	positive
RACGAP1	MCM4	0.838998	0.838998	positive
RACGAP1	MKI67	0.834201	0.834201	positive
RACGAP1	MTFR2	0.832388	0.832388	positive
RACGAP1	NCAPH	0.915789	0.915789	positive
RACGAP1	ORC1	0.917269	0.917269	positive
RACGAP1	PKMYT1	0.825939	0.825939	positive
RACGAP1	RAD51AP1	0.862033	0.862033	positive
RACGAP1	RRM2	0.859969	0.859969	positive
RACGAP1	SHCBP1	0.822394	0.822394	positive
RACGAP1	SKA1	0.899838	0.899838	positive
RACGAP1	SPAG5	0.879809	0.879809	positive
RACGAP1	SPC24	0.818075	0.818075	positive
RACGAP1	TRIP13	0.803161	0.803161	positive
RACGAP1	TTK	0.894768	0.894768	positive
RACGAP1	ATAD2	0.840198	0.840198	positive
RACGAP1	BLM	0.804119	0.804119	positive
RACGAP1	CENPF	0.82099	0.82099	positive
RACGAP1	FANCI	0.829327	0.829327	positive
RACGAP1	HASPIN	0.851429	0.851429	positive
RACGAP1	LMNB1	0.817881	0.817881	positive
RACGAP1	CCNF	0.833767	0.833767	positive
RACGAP1	CENPW	0.807652	0.807652	positive
RACGAP1	E2F1	0.808718	0.808718	positive
RACGAP1	GINS1	0.81995	0.81995	positive
RACGAP1	HROB	0.805756	0.805756	positive
RACGAP1	MYBL2	0.834975	0.834975	positive
RACGAP1	NUF2	0.873725	0.873725	positive
RACGAP1	ORC6	0.80228	0.80228	positive
RACGAP1	PBK	0.8432	0.8432	positive
RACGAP1	PIMREG	0.862686	0.862686	positive
PDCD1	SIRPG	0.834974	0.834974	positive
PDCD1	IL2RB	0.862639	0.862639	positive
PDCD1	CCL5	0.818022	0.818022	positive
ENG	PLVAP	0.815581	0.815581	positive
PTPRT	C6ORF118	0.804151	0.804151	positive
PTPRT	CHST9	0.889732	0.889732	positive
PTPRT	GSTA3	0.854037	0.854037	positive
VSIG4	CD14	0.84396	0.84396	positive
VSIG4	LRRC25	0.883702	0.883702	positive
VSIG4	SPI1	0.864649	0.864649	positive
VSIG4	TYROBP	0.829937	0.829937	positive
VSIG4	OSCAR	0.868197	0.868197	positive
VSIG4	PILRA	0.853599	0.853599	positive
VSIG4	C1ORF162	0.83187	0.83187	positive
VSIG4	C3AR1	0.884193	0.884193	positive
VSIG4	FCGR3A	0.880511	0.880511	positive
VSIG4	FPR3	0.819083	0.819083	positive
VSIG4	HAVCR2	0.908796	0.908796	positive
VSIG4	MNDA	0.854622	0.854622	positive
VSIG4	MSR1	0.868277	0.868277	positive
VSIG4	SIGLEC1	0.802799	0.802799	positive
VSIG4	SLCO2B1	0.869516	0.869516	positive
VSIG4	ALOX5AP	0.832818	0.832818	positive
VSIG4	CCR1	0.851912	0.851912	positive
VSIG4	CD300LF	0.847918	0.847918	positive
VSIG4	FCER1G	0.892975	0.892975	positive
VSIG4	FGR	0.844798	0.844798	positive
VSIG4	SLAMF8	0.824311	0.824311	positive
VSIG4	C5AR1	0.814792	0.814792	positive
VSIG4	FPR1	0.818577	0.818577	positive
VSIG4	MRC1	0.809582	0.809582	positive
SCGB1A1	SNTN	0.803924	0.803924	positive
SCGB1A1	TUBA4B	0.806742	0.806742	positive
SCGB1A1	WDR38	0.822745	0.822745	positive
SAA1	SAA2	0.83359	0.83359	positive
MRC1	C3AR1	0.857139	0.857139	positive
MRC1	FPR3	0.846929	0.846929	positive
MRC1	HAVCR2	0.83811	0.83811	positive
MRC1	MNDA	0.880065	0.880065	positive
MRC1	MSR1	0.837005	0.837005	positive
MRC1	SLCO2B1	0.894395	0.894395	positive
MRC1	PLEK	0.804374	0.804374	positive
MRC1	FCN1	0.804757	0.804757	positive
MRC1	GPR34	0.815995	0.815995	positive
MRC1	IGSF6	0.852445	0.852445	positive
MRC1	JAML	0.827924	0.827924	positive
FCRLA	CD19	0.913843	0.913843	positive
FCRLA	TNFRSF13B	0.864732	0.864732	positive
FCRLA	CD79A	0.811697	0.811697	positive
FCRLA	CD79B	0.848808	0.848808	positive
FCRLA	PAX5	0.821461	0.821461	positive
H2BC8	H2AC8	0.920308	0.920308	positive
GSTA3	CHST9	0.809012	0.809012	positive
LILRB5	FPR3	0.827484	0.827484	positive
LILRB5	SIGLEC1	0.823615	0.823615	positive
LILRB5	SLCO2B1	0.811976	0.811976	positive
LILRB5	CCR1	0.811983	0.811983	positive
LILRB5	SLAMF8	0.802358	0.802358	positive
LILRB5	CMKLR1	0.807576	0.807576	positive
MMRN2	ARHGEF15	0.81186	0.81186	positive
MMRN2	CDH5	0.801002	0.801002	positive
MMRN2	ROBO4	0.81062	0.81062	positive
MMRN2	VWF	0.83544	0.83544	positive
HLA-DPB1	CD52	0.807934	0.807934	positive
HLA-DPB1	CD300LF	0.801207	0.801207	positive
HLA-DPB1	CLEC10A	0.821638	0.821638	positive
HLA-DPB1	HLA-DQA1	0.84535	0.84535	positive
HLA-DPB1	HLA-DRA	0.963111	0.963111	positive
HLA-DPB1	HLA-DRB1	0.900264	0.900264	positive
HLA-DPB1	LST1	0.837576	0.837576	positive
CLMP	SNAI2	0.813591	0.813591	positive
BIRC5	TK1	0.885945	0.885945	positive
BIRC5	AURKA	0.914515	0.914515	positive
BIRC5	ASF1B	0.933944	0.933944	positive
BIRC5	BUB1	0.858244	0.858244	positive
BIRC5	CCNA2	0.866567	0.866567	positive
BIRC5	CCNB1	0.925823	0.925823	positive
BIRC5	CCNF	0.808479	0.808479	positive
BIRC5	CDC25A	0.823758	0.823758	positive
BIRC5	CDC45	0.905079	0.905079	positive
BIRC5	CDCA3	0.856323	0.856323	positive
BIRC5	CDCA5	0.924277	0.924277	positive
BIRC5	CDKN3	0.892591	0.892591	positive
BIRC5	CDT1	0.897001	0.897001	positive
BIRC5	CENPW	0.887509	0.887509	positive
BIRC5	CEP55	0.880699	0.880699	positive
BIRC5	CKS2	0.810867	0.810867	positive
BIRC5	DLGAP5	0.879186	0.879186	positive
BIRC5	E2F1	0.880057	0.880057	positive
BIRC5	ESPL1	0.860246	0.860246	positive
BIRC5	FOXM1	0.871303	0.871303	positive
BIRC5	GINS1	0.80336	0.80336	positive
BIRC5	GTSE1	0.910348	0.910348	positive
BIRC5	HMMR	0.857534	0.857534	positive
BIRC5	HROB	0.836653	0.836653	positive
BIRC5	KIF11	0.814621	0.814621	positive
BIRC5	KIF3C	0.806125	0.806125	positive
BIRC5	KPNA2	0.919983	0.919983	positive
BIRC5	MCM4	0.834893	0.834893	positive
BIRC5	MTFR2	0.818824	0.818824	positive
BIRC5	MYBL2	0.941078	0.941078	positive
BIRC5	NCAPH	0.883369	0.883369	positive
BIRC5	NUF2	0.843137	0.843137	positive
BIRC5	ORC1	0.892294	0.892294	positive
BIRC5	PBK	0.859702	0.859702	positive
BIRC5	PIMREG	0.925933	0.925933	positive
BIRC5	PKMYT1	0.916495	0.916495	positive
BIRC5	PTTG1	0.884145	0.884145	positive
BIRC5	RECQL4	0.858643	0.858643	positive
BIRC5	RRM2	0.894034	0.894034	positive
BIRC5	SAPCD2	0.843852	0.843852	positive
BIRC5	SKA1	0.867068	0.867068	positive
BIRC5	SPAG5	0.831188	0.831188	positive
BIRC5	SPC24	0.870787	0.870787	positive
BIRC5	TACC3	0.856044	0.856044	positive
BIRC5	TRIP13	0.832215	0.832215	positive
BIRC5	TTK	0.837986	0.837986	positive
BIRC5	UBE2S	0.843594	0.843594	positive
GIMAP8	CMKLR1	0.82861	0.82861	positive
GIMAP8	GIMAP6	0.869287	0.869287	positive
GIMAP8	GIMAP1	0.896706	0.896706	positive
CENPK	RAD51AP1	0.806344	0.806344	positive
CENPK	STIL	0.86448	0.86448	positive
CENPK	FANCI	0.80405	0.80405	positive
CENPK	KNTC1	0.841182	0.841182	positive
CENPK	POLE2	0.828459	0.828459	positive
CMKLR1	C3AR1	0.869637	0.869637	positive
CMKLR1	FCGR3A	0.8321	0.8321	positive
CMKLR1	FPR3	0.906045	0.906045	positive
CMKLR1	HAVCR2	0.821778	0.821778	positive
CMKLR1	SIGLEC1	0.855873	0.855873	positive
CMKLR1	SLCO2B1	0.882528	0.882528	positive
CMKLR1	STAB1	0.817531	0.817531	positive
CMKLR1	PLEK	0.849661	0.849661	positive
CMKLR1	SLAMF8	0.852179	0.852179	positive
CMKLR1	CCR5	0.883114	0.883114	positive
CMKLR1	GIMAP6	0.860548	0.860548	positive
FCRL1	CLEC17A	0.822442	0.822442	positive
FCRL1	CNR2	0.924466	0.924466	positive
FCRL1	NIBAN3	0.910241	0.910241	positive
ARHGAP11A	ATAD2	0.816351	0.816351	positive
ARHGAP11A	BLM	0.88556	0.88556	positive
ARHGAP11A	BUB1	0.891116	0.891116	positive
ARHGAP11A	C16ORF89	-0.81797	0.81797	negative
ARHGAP11A	CCNA2	0.865884	0.865884	positive
ARHGAP11A	CDC25A	0.807712	0.807712	positive
ARHGAP11A	CDCA3	0.823358	0.823358	positive
ARHGAP11A	CENPF	0.899486	0.899486	positive
ARHGAP11A	CEP55	0.858964	0.858964	positive
ARHGAP11A	DLGAP5	0.856043	0.856043	positive
ARHGAP11A	ESPL1	0.874647	0.874647	positive
ARHGAP11A	FANCI	0.899361	0.899361	positive
ARHGAP11A	FOXM1	0.834832	0.834832	positive
ARHGAP11A	HASPIN	0.881308	0.881308	positive
ARHGAP11A	IQGAP3	0.816476	0.816476	positive
ARHGAP11A	KIF11	0.916769	0.916769	positive
ARHGAP11A	LMNB1	0.827919	0.827919	positive
ARHGAP11A	MKI67	0.916598	0.916598	positive
ARHGAP11A	NCAPH	0.852487	0.852487	positive
ARHGAP11A	ORC1	0.81965	0.81965	positive
ARHGAP11A	RAD51AP1	0.825728	0.825728	positive
ARHGAP11A	RRM2	0.8269	0.8269	positive
ARHGAP11A	SKA1	0.826036	0.826036	positive
ARHGAP11A	SPAG5	0.84905	0.84905	positive
ARHGAP11A	STIL	0.869193	0.869193	positive
ARHGAP11A	TTK	0.836233	0.836233	positive
KPNA2	TK1	0.840316	0.840316	positive
KPNA2	AURKA	0.914833	0.914833	positive
KPNA2	BUB1	0.883586	0.883586	positive
KPNA2	CCNA2	0.86413	0.86413	positive
KPNA2	CCNB1	0.905559	0.905559	positive
KPNA2	CDC25A	0.828434	0.828434	positive
KPNA2	CDC45	0.862866	0.862866	positive
KPNA2	CDCA3	0.803638	0.803638	positive
KPNA2	CDCA5	0.907603	0.907603	positive
KPNA2	CDKN3	0.88714	0.88714	positive
KPNA2	CENPU	0.819973	0.819973	positive
KPNA2	CEP55	0.871271	0.871271	positive
KPNA2	DLGAP5	0.893332	0.893332	positive
KPNA2	ESPL1	0.863984	0.863984	positive
KPNA2	FOXM1	0.831383	0.831383	positive
KPNA2	GTSE1	0.868468	0.868468	positive
KPNA2	HMMR	0.844171	0.844171	positive
KPNA2	IQGAP3	0.833905	0.833905	positive
KPNA2	KIF11	0.824641	0.824641	positive
KPNA2	ASF1B	0.864135	0.864135	positive
KPNA2	CCNF	0.852235	0.852235	positive
KPNA2	CDT1	0.856919	0.856919	positive
KPNA2	CENPW	0.846423	0.846423	positive
KPNA2	E2F1	0.82309	0.82309	positive
KPNA2	HROB	0.852459	0.852459	positive
KPNA2	KIF3C	0.814786	0.814786	positive
KPNA2	LMNB1	0.801308	0.801308	positive
KPNA2	MCM4	0.860764	0.860764	positive
KPNA2	MTFR2	0.823532	0.823532	positive
KPNA2	MYBL2	0.914986	0.914986	positive
KPNA2	NCAPH	0.889883	0.889883	positive
KPNA2	NUF2	0.812801	0.812801	positive
KPNA2	ORC1	0.891993	0.891993	positive
KPNA2	PIMREG	0.872916	0.872916	positive
KPNA2	PKMYT1	0.898092	0.898092	positive
KPNA2	PTTG1	0.838405	0.838405	positive
KPNA2	RECQL4	0.847139	0.847139	positive
KPNA2	RRM2	0.891496	0.891496	positive
KPNA2	SAPCD2	0.814271	0.814271	positive
KPNA2	SHCBP1	0.800564	0.800564	positive
KPNA2	SKA1	0.858493	0.858493	positive
KPNA2	SPAG5	0.863095	0.863095	positive
KPNA2	SPC24	0.867779	0.867779	positive
KPNA2	TACC3	0.88989	0.88989	positive
KPNA2	TRIP13	0.841508	0.841508	positive
KPNA2	TTK	0.849552	0.849552	positive
RNF182	NCAM1	0.820996	0.820996	positive
CDH11	COL5A1	0.802532	0.802532	positive
CDH11	COL5A2	0.843637	0.843637	positive
CDH11	FAP	0.839945	0.839945	positive
CDH11	INHBA	0.837847	0.837847	positive
CDH11	PRRX1	0.860958	0.860958	positive
CDH11	VCAN	0.806826	0.806826	positive
CDH11	MSRB3	0.828379	0.828379	positive
CDH11	PDGFRA	0.819813	0.819813	positive
SAMSN1	FGL2	0.819155	0.819155	positive
SAMSN1	FPR3	0.814648	0.814648	positive
SAMSN1	HAVCR2	0.809495	0.809495	positive
SAMSN1	PLEK	0.836609	0.836609	positive
SAMSN1	PDCD1LG2	0.81316	0.81316	positive
SAMSN1	ITGAX	0.8144	0.8144	positive
HASPIN	BUB1	0.886276	0.886276	positive
HASPIN	CCNA2	0.840988	0.840988	positive
HASPIN	CEP55	0.823376	0.823376	positive
HASPIN	DLGAP5	0.835239	0.835239	positive
HASPIN	ESPL1	0.859268	0.859268	positive
HASPIN	KIF11	0.872053	0.872053	positive
HASPIN	MKI67	0.855098	0.855098	positive
HASPIN	NCAPH	0.852008	0.852008	positive
HASPIN	ORC1	0.82931	0.82931	positive
HASPIN	RAD51AP1	0.827086	0.827086	positive
HASPIN	SKA1	0.818399	0.818399	positive
HASPIN	SPAG5	0.820756	0.820756	positive
HASPIN	STIL	0.837502	0.837502	positive
HASPIN	TTK	0.858022	0.858022	positive
HASPIN	ATAD2	0.835076	0.835076	positive
HASPIN	BLM	0.86519	0.86519	positive
HASPIN	CENPF	0.836164	0.836164	positive
HASPIN	FANCI	0.868841	0.868841	positive
HASPIN	NUF2	0.803824	0.803824	positive
CXCL11	CXCL10	0.882336	0.882336	positive
ALOX5AP	C3AR1	0.80748	0.80748	positive
ALOX5AP	HAVCR2	0.835244	0.835244	positive
ALOX5AP	MNDA	0.801024	0.801024	positive
SPC24	AURKA	0.841353	0.841353	positive
SPC24	BUB1	0.824852	0.824852	positive
SPC24	CCNA2	0.819222	0.819222	positive
SPC24	CCNB1	0.861712	0.861712	positive
SPC24	CDC45	0.885482	0.885482	positive
SPC24	CDCA3	0.846693	0.846693	positive
SPC24	CDCA5	0.849748	0.849748	positive
SPC24	CDKN3	0.856741	0.856741	positive
SPC24	CENPU	0.837486	0.837486	positive
SPC24	CEP55	0.830265	0.830265	positive
SPC24	DLGAP5	0.865408	0.865408	positive
SPC24	ESPL1	0.815571	0.815571	positive
SPC24	FOXM1	0.80264	0.80264	positive
SPC24	GTSE1	0.857142	0.857142	positive
SPC24	HMMR	0.838452	0.838452	positive
SPC24	IQGAP3	0.816465	0.816465	positive
SPC24	MCM4	0.838383	0.838383	positive
SPC24	NCAPH	0.865421	0.865421	positive
SPC24	ORC1	0.819037	0.819037	positive
SPC24	PKMYT1	0.870955	0.870955	positive
SPC24	RRM2	0.81264	0.81264	positive
SPC24	SKA1	0.853672	0.853672	positive
SPC24	ASF1B	0.865032	0.865032	positive
SPC24	CCNF	0.832192	0.832192	positive
SPC24	CDT1	0.830728	0.830728	positive
SPC24	CENPW	0.826922	0.826922	positive
SPC24	E2F1	0.805919	0.805919	positive
SPC24	GINS1	0.812165	0.812165	positive
SPC24	MYBL2	0.865623	0.865623	positive
SPC24	NUF2	0.848776	0.848776	positive
SPC24	PTTG1	0.849584	0.849584	positive
SPC24	RECQL4	0.814173	0.814173	positive
SPC24	TACC3	0.82214	0.82214	positive
SPC24	TRIP13	0.812629	0.812629	positive
SPC24	TTK	0.833953	0.833953	positive
GBP4	GBP5	0.861323	0.861323	positive
HCK	LILRA2	0.830054	0.830054	positive
CD14	EMILIN1	0.80795	0.80795	positive
CD14	EMP3	0.874974	0.874974	positive
CD14	FCER1G	0.855664	0.855664	positive
CD14	IL4I1	0.849164	0.849164	positive
CD14	ITGB2	0.864021	0.864021	positive
CD14	LRRC25	0.941805	0.941805	positive
CD14	OSCAR	0.834456	0.834456	positive
CD14	PILRA	0.901797	0.901797	positive
CD14	SLAMF8	0.856323	0.856323	positive
CD14	SPI1	0.91566	0.91566	positive
CD14	TYROBP	0.892575	0.892575	positive
DTHD1	AKAP14	0.811437	0.811437	positive
DTHD1	C22ORF15	0.83185	0.83185	positive
DTHD1	C6ORF118	0.879455	0.879455	positive
DTHD1	CFAP43	0.933114	0.933114	positive
DTHD1	CFAP52	0.882005	0.882005	positive
DTHD1	CFAP77	0.821407	0.821407	positive
DTHD1	EFHB	0.808969	0.808969	positive
DTHD1	ENKUR	0.894931	0.894931	positive
DTHD1	FAM216B	0.906176	0.906176	positive
DTHD1	HOATZ	0.900967	0.900967	positive
DTHD1	IL5RA	0.903241	0.903241	positive
DTHD1	NWD1	0.838911	0.838911	positive
DTHD1	SAXO2	0.8811	0.8811	positive
DTHD1	TEKT1	0.834459	0.834459	positive
DTHD1	TTC29	0.853952	0.853952	positive
DTHD1	VWA3B	0.868807	0.868807	positive
DTHD1	LRRIQ1	0.854278	0.854278	positive
DTHD1	CCDC170	0.822676	0.822676	positive
DTHD1	CFAP94	0.845023	0.845023	positive
DTHD1	LRRC18	0.888456	0.888456	positive
DTHD1	SPAG8	0.827539	0.827539	positive
TNFRSF17	AC136428.1	0.844529	0.844529	positive
TNFRSF17	IGLL5	0.875676	0.875676	positive
TNFRSF17	MZB1	0.875449	0.875449	positive
TNFRSF17	CD79A	0.804992	0.804992	positive
TNFRSF17	JCHAIN	0.878954	0.878954	positive
TNFRSF17	LAX1	0.834531	0.834531	positive
PCOLCE	TAGLN	0.835679	0.835679	positive
PCOLCE	COL6A1	0.805768	0.805768	positive
PCOLCE	EMILIN1	0.840067	0.840067	positive
PCOLCE	BGN	0.873168	0.873168	positive
PCOLCE	CILP2	0.817102	0.817102	positive
PCOLCE	HTRA3	0.847983	0.847983	positive
PCOLCE	ISLR	0.907835	0.907835	positive
PCOLCE	COL6A2	0.874568	0.874568	positive
PCOLCE	EMP3	0.83697	0.83697	positive
PCOLCE	SCARF2	0.898822	0.898822	positive
PCOLCE	THY1	0.871923	0.871923	positive
THY1	COL1A2	0.847566	0.847566	positive
THY1	TAGLN	0.87992	0.87992	positive
THY1	COL6A1	0.801428	0.801428	positive
THY1	BGN	0.879081	0.879081	positive
THY1	CILP2	0.829796	0.829796	positive
THY1	ISLR	0.878605	0.878605	positive
THY1	SCARF2	0.812114	0.812114	positive
THY1	COL6A2	0.821155	0.821155	positive
THY1	CTSK	0.818322	0.818322	positive
THY1	PODNL1	0.804145	0.804145	positive
THY1	SFRP2	0.809972	0.809972	positive
FCRL5	LAX1	0.873596	0.873596	positive
KLK12	ASCL1	0.850129	0.850129	positive
KLK12	CALCA	0.890013	0.890013	positive
KLK12	KLK14	0.871567	0.871567	positive
KLK12	RET	0.815875	0.815875	positive
SCN4B	ADH1B	0.807387	0.807387	positive
TAL1	ARHGAP6	0.804524	0.804524	positive
TAL1	LDB2	0.853246	0.853246	positive
TAL1	S1PR1	0.802503	0.802503	positive
TAL1	TEK	0.804196	0.804196	positive
C9ORF135	SNTN	0.806421	0.806421	positive
RET	ASCL1	0.86316	0.86316	positive
GAS6	SCARF2	0.810053	0.810053	positive
GAS6	COX7A1	0.801515	0.801515	positive
LOX	CCN4	0.827287	0.827287	positive
LOX	COL5A2	0.857894	0.857894	positive
LOX	FAP	0.825964	0.825964	positive
LOX	INHBA	0.832971	0.832971	positive
LOX	GAS1	0.819381	0.819381	positive
LOX	PDLIM3	0.801657	0.801657	positive
LOX	POSTN	0.854905	0.854905	positive
LOX	SNAI2	0.83452	0.83452	positive
LOX	SULF1	0.830689	0.830689	positive
LOX	VCAN	0.880282	0.880282	positive
A2M	SLIT3	0.841154	0.841154	positive
A2M	SPARCL1	0.919181	0.919181	positive
FANCI	BUB1	0.880901	0.880901	positive
FANCI	CCNA2	0.818185	0.818185	positive
FANCI	CDC25A	0.804806	0.804806	positive
FANCI	CEP55	0.833356	0.833356	positive
FANCI	DLGAP5	0.823564	0.823564	positive
FANCI	ESPL1	0.833336	0.833336	positive
FANCI	KIF11	0.895466	0.895466	positive
FANCI	MKI67	0.858068	0.858068	positive
FANCI	NCAPH	0.837835	0.837835	positive
FANCI	ORC1	0.830195	0.830195	positive
FANCI	RAD51AP1	0.864708	0.864708	positive
FANCI	SKA1	0.834129	0.834129	positive
FANCI	SPAG5	0.831559	0.831559	positive
FANCI	STIL	0.835445	0.835445	positive
FANCI	TTK	0.851808	0.851808	positive
FANCI	ATAD2	0.814806	0.814806	positive
FANCI	BLM	0.927818	0.927818	positive
FANCI	CENPF	0.877335	0.877335	positive
FANCI	DNA2	0.835471	0.835471	positive
FANCI	KNTC1	0.804249	0.804249	positive
FANCI	NUF2	0.835197	0.835197	positive
WDR62	NCAPH	0.801871	0.801871	positive
WDR62	CCNF	0.821458	0.821458	positive
ARHGEF15	CDH5	0.886766	0.886766	positive
ARHGEF15	CLEC14A	0.8067	0.8067	positive
ARHGEF15	ROBO4	0.929976	0.929976	positive
ARHGEF15	SH2D3C	0.804942	0.804942	positive
ARHGEF15	VWF	0.809885	0.809885	positive
CFAP45	C6ORF118	0.863127	0.863127	positive
CFAP45	CFAP43	0.815467	0.815467	positive
CFAP45	CFAP52	0.818104	0.818104	positive
CFAP45	ENKUR	0.801843	0.801843	positive
CFAP45	LRRC46	0.802942	0.802942	positive
CFAP45	TEKT1	0.841034	0.841034	positive
CFAP45	TTC29	0.824768	0.824768	positive
CFAP45	VWA3B	0.82387	0.82387	positive
CFAP45	CFAP53	0.828181	0.828181	positive
CFAP45	SPEF1	0.844851	0.844851	positive
CFAP45	CFAP94	0.888432	0.888432	positive
CFAP45	SPAG8	0.80682	0.80682	positive
CFAP45	STMND1	0.843215	0.843215	positive
CFAP45	TEKT2	0.872143	0.872143	positive
GINS1	AURKA	0.810288	0.810288	positive
GINS1	BUB1	0.829643	0.829643	positive
GINS1	CCNA2	0.813595	0.813595	positive
GINS1	CDC45	0.8076	0.8076	positive
GINS1	CDCA5	0.815284	0.815284	positive
GINS1	CDKN3	0.81532	0.81532	positive
GINS1	CENPU	0.816873	0.816873	positive
GINS1	DLGAP5	0.819191	0.819191	positive
GINS1	HMMR	0.814712	0.814712	positive
GINS1	MCM4	0.831755	0.831755	positive
GINS1	NCAPH	0.828988	0.828988	positive
GINS1	ORC1	0.832824	0.832824	positive
GINS1	RAD51AP1	0.837285	0.837285	positive
GINS1	SKA1	0.850421	0.850421	positive
GINS1	TTK	0.848579	0.848579	positive
GINS1	ATAD2	0.80294	0.80294	positive
GINS1	NUF2	0.83838	0.83838	positive
GINS1	ORC6	0.802671	0.802671	positive
DKK3	LMOD1	0.829747	0.829747	positive
DKK3	NXPH3	0.821919	0.821919	positive
ROBO4	DIPK2B	0.802134	0.802134	positive
ROBO4	CDH5	0.917079	0.917079	positive
ROBO4	CLEC14A	0.818045	0.818045	positive
ASF1B	TK1	0.875242	0.875242	positive
ASF1B	AURKA	0.835831	0.835831	positive
ASF1B	CCNB1	0.88315	0.88315	positive
ASF1B	CDC45	0.884413	0.884413	positive
ASF1B	CDCA5	0.903812	0.903812	positive
ASF1B	CDKN3	0.810578	0.810578	positive
ASF1B	DLGAP5	0.816807	0.816807	positive
ASF1B	FOXM1	0.815127	0.815127	positive
ASF1B	GTSE1	0.877733	0.877733	positive
ASF1B	MCM4	0.805784	0.805784	positive
ASF1B	NCAPH	0.825779	0.825779	positive
ASF1B	ORC1	0.819952	0.819952	positive
ASF1B	PKMYT1	0.917889	0.917889	positive
ASF1B	RRM2	0.830979	0.830979	positive
ASF1B	SKA1	0.820629	0.820629	positive
ASF1B	TACC3	0.83882	0.83882	positive
ASF1B	CDT1	0.90883	0.90883	positive
ASF1B	CENPW	0.850877	0.850877	positive
ASF1B	E2F1	0.862628	0.862628	positive
ASF1B	KIF3C	0.816194	0.816194	positive
ASF1B	MYBL2	0.906192	0.906192	positive
ASF1B	PIMREG	0.849766	0.849766	positive
ASF1B	PTTG1	0.844277	0.844277	positive
ASF1B	RECQL4	0.830273	0.830273	positive
ASF1B	SAPCD2	0.817644	0.817644	positive
ASF1B	UBE2S	0.847849	0.847849	positive
JAML	FGL2	0.803354	0.803354	positive
JAML	CIITA	0.820693	0.820693	positive
JAML	CCR2	0.837028	0.837028	positive
JAML	P2RY13	0.855098	0.855098	positive
JAML	IGSF6	0.849057	0.849057	positive
NKG7	IL2RB	0.809243	0.809243	positive
NKG7	CCL5	0.919123	0.919123	positive
NKG7	CD8A	0.832307	0.832307	positive
NKG7	GZMA	0.858034	0.858034	positive
NKG7	GZMB	0.863235	0.863235	positive
NKG7	GZMH	0.93658	0.93658	positive
NKG7	GZMM	0.80059	0.80059	positive
NKG7	PRF1	0.920077	0.920077	positive
COL15A1	COL1A2	0.883534	0.883534	positive
COL15A1	COL5A1	0.837402	0.837402	positive
COL15A1	COL5A2	0.85094	0.85094	positive
COL15A1	POSTN	0.836671	0.836671	positive
COL15A1	NID2	0.904422	0.904422	positive
COL15A1	MMP2	0.806901	0.806901	positive
COL15A1	SNAI2	0.802036	0.802036	positive
ATAD2	BUB1	0.876212	0.876212	positive
ATAD2	CCNA2	0.843586	0.843586	positive
ATAD2	CDC25A	0.80199	0.80199	positive
ATAD2	CEP55	0.824578	0.824578	positive
ATAD2	DLGAP5	0.808283	0.808283	positive
ATAD2	ESPL1	0.836653	0.836653	positive
ATAD2	KIF11	0.865757	0.865757	positive
ATAD2	MCM4	0.843263	0.843263	positive
ATAD2	MKI67	0.826091	0.826091	positive
ATAD2	NCAPH	0.821514	0.821514	positive
ATAD2	ORC1	0.808817	0.808817	positive
ATAD2	RAD51AP1	0.820434	0.820434	positive
ATAD2	SHCBP1	0.811085	0.811085	positive
ATAD2	SKA1	0.818426	0.818426	positive
ATAD2	SPAG5	0.818737	0.818737	positive
ATAD2	STIL	0.843935	0.843935	positive
ATAD2	TTK	0.839661	0.839661	positive
ATAD2	BLM	0.808142	0.808142	positive
ATAD2	CENPF	0.851931	0.851931	positive
ATAD2	NUF2	0.860309	0.860309	positive
ATAD2	ORC6	0.835086	0.835086	positive
DNA2	BLM	0.849222	0.849222	positive
DNA2	KNTC1	0.851473	0.851473	positive
DNA2	POLE2	0.858105	0.858105	positive
CFAP94	AKAP14	0.833965	0.833965	positive
CFAP94	C22ORF15	0.83718	0.83718	positive
CFAP94	C6ORF118	0.901037	0.901037	positive
CFAP94	CFAP43	0.916852	0.916852	positive
CFAP94	CFAP52	0.886613	0.886613	positive
CFAP94	CFAP77	0.810326	0.810326	positive
CFAP94	EFHB	0.864774	0.864774	positive
CFAP94	ENKUR	0.877734	0.877734	positive
CFAP94	FAM216B	0.813453	0.813453	positive
CFAP94	HOATZ	0.88295	0.88295	positive
CFAP94	IL5RA	0.862838	0.862838	positive
CFAP94	NWD1	0.834876	0.834876	positive
CFAP94	ROPN1L	0.836601	0.836601	positive
CFAP94	SAXO2	0.877427	0.877427	positive
CFAP94	SNTN	0.836953	0.836953	positive
CFAP94	TEKT1	0.865365	0.865365	positive
CFAP94	TTC29	0.868909	0.868909	positive
CFAP94	TUBA4B	0.80967	0.80967	positive
CFAP94	VWA3B	0.861166	0.861166	positive
CFAP94	LRRIQ1	0.874327	0.874327	positive
CFAP94	CFAP53	0.829984	0.829984	positive
CFAP94	SPEF1	0.819783	0.819783	positive
CFAP94	CFAP57	0.877283	0.877283	positive
CFAP94	PIFO	0.803071	0.803071	positive
CFAP94	PPIL6	0.882016	0.882016	positive
CFAP94	SPAG8	0.880924	0.880924	positive
CFAP94	STMND1	0.822042	0.822042	positive
CFAP94	TEKT2	0.827054	0.827054	positive
SPAG8	AKAP14	0.851395	0.851395	positive
SPAG8	C22ORF15	0.856825	0.856825	positive
SPAG8	C6ORF118	0.877436	0.877436	positive
SPAG8	CFAP43	0.875462	0.875462	positive
SPAG8	CFAP52	0.888679	0.888679	positive
SPAG8	CFAP77	0.809217	0.809217	positive
SPAG8	EFHB	0.836031	0.836031	positive
SPAG8	ENKUR	0.802623	0.802623	positive
SPAG8	HOATZ	0.879694	0.879694	positive
SPAG8	IL5RA	0.869094	0.869094	positive
SPAG8	LRRC46	0.809137	0.809137	positive
SPAG8	NWD1	0.837608	0.837608	positive
SPAG8	SAXO2	0.886427	0.886427	positive
SPAG8	SNTN	0.808179	0.808179	positive
SPAG8	TEKT1	0.819376	0.819376	positive
SPAG8	TTC29	0.861757	0.861757	positive
SPAG8	VWA3B	0.823975	0.823975	positive
SPAG8	LRRIQ1	0.815904	0.815904	positive
SPAG8	CFAP53	0.816685	0.816685	positive
SPAG8	SPEF1	0.805023	0.805023	positive
SPAG8	CFAP57	0.814142	0.814142	positive
SPAG8	CHST9	0.809839	0.809839	positive
SPAG8	PPIL6	0.803204	0.803204	positive
SPAG8	STMND1	0.808298	0.808298	positive
SPAG8	TEKT2	0.827868	0.827868	positive
PPP1R32	C22ORF15	0.83626	0.83626	positive
PPP1R32	CFAP52	0.825495	0.825495	positive
PPP1R32	CFAP77	0.806469	0.806469	positive
PPP1R32	GAS2L2	0.801701	0.801701	positive
PPP1R32	LRRC46	0.850272	0.850272	positive
PPP1R32	TUBA4B	0.813111	0.813111	positive
PPP1R32	CCDC78	0.813598	0.813598	positive
TK1	CCNB1	0.828599	0.828599	positive
TK1	CDCA5	0.82847	0.82847	positive
TK1	CDT1	0.858318	0.858318	positive
TK1	CENPW	0.836801	0.836801	positive
TK1	E2F1	0.809722	0.809722	positive
TK1	MYBL2	0.867	0.867	positive
TK1	PKMYT1	0.864421	0.864421	positive
TK1	PTTG1	0.838744	0.838744	positive
TK1	TACC3	0.812848	0.812848	positive
PIMREG	AURKA	0.893711	0.893711	positive
PIMREG	BUB1	0.858032	0.858032	positive
PIMREG	CCNA2	0.85262	0.85262	positive
PIMREG	CCNB1	0.885221	0.885221	positive
PIMREG	CDC25A	0.862214	0.862214	positive
PIMREG	CDC45	0.850608	0.850608	positive
PIMREG	CDCA3	0.848368	0.848368	positive
PIMREG	CDCA5	0.925103	0.925103	positive
PIMREG	CDKN3	0.851202	0.851202	positive
PIMREG	CEP55	0.859086	0.859086	positive
PIMREG	DLGAP5	0.858352	0.858352	positive
PIMREG	ESPL1	0.884684	0.884684	positive
PIMREG	FOXM1	0.864829	0.864829	positive
PIMREG	GTSE1	0.875662	0.875662	positive
PIMREG	HMMR	0.824755	0.824755	positive
PIMREG	KIF11	0.844783	0.844783	positive
PIMREG	MCM4	0.829747	0.829747	positive
PIMREG	MTFR2	0.801237	0.801237	positive
PIMREG	NCAPH	0.882777	0.882777	positive
PIMREG	ORC1	0.897013	0.897013	positive
PIMREG	PKMYT1	0.878479	0.878479	positive
PIMREG	RRM2	0.85585	0.85585	positive
PIMREG	SKA1	0.847228	0.847228	positive
PIMREG	SPAG5	0.852769	0.852769	positive
PIMREG	TACC3	0.842539	0.842539	positive
PIMREG	TTK	0.84416	0.84416	positive
PIMREG	CDT1	0.890553	0.890553	positive
PIMREG	CENPW	0.836134	0.836134	positive
PIMREG	E2F1	0.857781	0.857781	positive
PIMREG	KIF3C	0.824399	0.824399	positive
PIMREG	MYBL2	0.891227	0.891227	positive
PIMREG	CCNF	0.818514	0.818514	positive
PIMREG	HROB	0.824485	0.824485	positive
PIMREG	NUF2	0.835307	0.835307	positive
PIMREG	PBK	0.858686	0.858686	positive
PIMREG	PTTG1	0.836108	0.836108	positive
PIMREG	RECQL4	0.803807	0.803807	positive
PIMREG	UBE2S	0.841651	0.841651	positive
FPR1	C3AR1	0.826589	0.826589	positive
FPR1	HAVCR2	0.838439	0.838439	positive
FPR1	SLCO2B1	0.800463	0.800463	positive
FPR1	CCR1	0.807993	0.807993	positive
FPR1	FGR	0.837596	0.837596	positive
FPR1	C5AR1	0.82878	0.82878	positive
FPR1	LILRA5	0.81783	0.81783	positive
FPR1	SRGN	0.815656	0.815656	positive
SULF2	MXRA5	0.838025	0.838025	positive
LRRN3	GPR18	0.812054	0.812054	positive
CILP2	BGN	0.817661	0.817661	positive
CILP2	ISLR	0.873282	0.873282	positive
CILP2	PODNL1	0.800378	0.800378	positive
CILP2	SCARF2	0.85153	0.85153	positive
PPIL6	C6ORF118	0.811139	0.811139	positive
PPIL6	CFAP43	0.848017	0.848017	positive
PPIL6	CFAP52	0.814796	0.814796	positive
PPIL6	EFHB	0.803945	0.803945	positive
PPIL6	GAS2L2	0.802934	0.802934	positive
PPIL6	HOATZ	0.822008	0.822008	positive
PPIL6	NWD1	0.835472	0.835472	positive
PPIL6	SAXO2	0.825765	0.825765	positive
PPIL6	SNTN	0.831928	0.831928	positive
PPIL6	CFAP53	0.817646	0.817646	positive
PPIL6	CFAP57	0.845662	0.845662	positive
COL5A2	COL1A2	0.947458	0.947458	positive
COL5A2	CCN4	0.843023	0.843023	positive
COL5A2	COL5A1	0.957745	0.957745	positive
COL5A2	FAP	0.887516	0.887516	positive
COL5A2	FN1	0.831257	0.831257	positive
COL5A2	GAS1	0.821452	0.821452	positive
COL5A2	GREM1	0.873184	0.873184	positive
COL5A2	INHBA	0.930556	0.930556	positive
COL5A2	MMP2	0.802702	0.802702	positive
COL5A2	MXRA5	0.847643	0.847643	positive
COL5A2	NID2	0.88422	0.88422	positive
COL5A2	POSTN	0.913965	0.913965	positive
COL5A2	PRRX1	0.838388	0.838388	positive
COL5A2	SULF1	0.924398	0.924398	positive
COL5A2	THBS2	0.929134	0.929134	positive
COL5A2	TNFAIP6	0.846123	0.846123	positive
COL5A2	VCAN	0.88602	0.88602	positive
MCM4	AURKA	0.85864	0.85864	positive
MCM4	BUB1	0.840702	0.840702	positive
MCM4	CCNA2	0.823266	0.823266	positive
MCM4	CCNB1	0.835209	0.835209	positive
MCM4	CDC25A	0.837855	0.837855	positive
MCM4	CDC45	0.855643	0.855643	positive
MCM4	CDCA3	0.823377	0.823377	positive
MCM4	CDCA5	0.852829	0.852829	positive
MCM4	CDKN3	0.810982	0.810982	positive
MCM4	CEP55	0.838205	0.838205	positive
MCM4	DLGAP5	0.838334	0.838334	positive
MCM4	ESPL1	0.846861	0.846861	positive
MCM4	FOXM1	0.82158	0.82158	positive
MCM4	GTSE1	0.842172	0.842172	positive
MCM4	HMMR	0.801931	0.801931	positive
MCM4	KIF11	0.836496	0.836496	positive
MCM4	CCNF	0.822938	0.822938	positive
MCM4	CDT1	0.830377	0.830377	positive
MCM4	CHAF1B	0.805422	0.805422	positive
MCM4	KIF3C	0.804274	0.804274	positive
MCM4	LMNB1	0.811802	0.811802	positive
MCM4	MYBL2	0.829692	0.829692	positive
MCM4	NCAPH	0.874841	0.874841	positive
MCM4	NUF2	0.850918	0.850918	positive
MCM4	ORC1	0.863899	0.863899	positive
MCM4	PKMYT1	0.828709	0.828709	positive
MCM4	RAD51AP1	0.801579	0.801579	positive
MCM4	RECQL4	0.846762	0.846762	positive
MCM4	RRM2	0.810781	0.810781	positive
MCM4	SKA1	0.84494	0.84494	positive
MCM4	SPAG5	0.826672	0.826672	positive
MCM4	TACC3	0.807197	0.807197	positive
MCM4	TTK	0.83735	0.83735	positive
FIBIN	CXCL12	0.810198	0.810198	positive
FIBIN	FAM180A	0.817157	0.817157	positive
FIBIN	GAS1	0.862664	0.862664	positive
FIBIN	MSRB3	0.821865	0.821865	positive
CD207	CD1A	0.93433	0.93433	positive
CD207	FCER1A	0.898528	0.898528	positive
C1ORF162	C3AR1	0.838539	0.838539	positive
C1ORF162	CCR1	0.823376	0.823376	positive
C1ORF162	FCER1G	0.833102	0.833102	positive
C1ORF162	FCGR3A	0.849771	0.849771	positive
C1ORF162	FGR	0.807442	0.807442	positive
C1ORF162	HAVCR2	0.88587	0.88587	positive
C1ORF162	MNDA	0.830411	0.830411	positive
C1ORF162	MSR1	0.885865	0.885865	positive
ERV3-1	ZNF117	0.847665	0.847665	positive
VWF	CDH5	0.805483	0.805483	positive
CCDC170	C22ORF15	0.836199	0.836199	positive
CCDC170	CFAP43	0.800362	0.800362	positive
CCDC170	CFAP52	0.831751	0.831751	positive
CCDC170	ENKUR	0.841917	0.841917	positive
CCDC170	FAM216B	0.864146	0.864146	positive
CCDC170	HOATZ	0.84757	0.84757	positive
CCDC170	IL5RA	0.808319	0.808319	positive
CCDC170	NWD1	0.835	0.835	positive
CCDC170	TTC29	0.801988	0.801988	positive
CCDC170	VWA3B	0.809338	0.809338	positive
CCDC170	LRRC18	0.850596	0.850596	positive
TPSAB1	TPSB2	0.885846	0.885846	positive
KIF11	AURKA	0.879992	0.879992	positive
KIF11	BUB1	0.926298	0.926298	positive
KIF11	CCNA2	0.902317	0.902317	positive
KIF11	CCNB1	0.834069	0.834069	positive
KIF11	CDC25A	0.876097	0.876097	positive
KIF11	CDC45	0.8121	0.8121	positive
KIF11	CDCA3	0.881699	0.881699	positive
KIF11	CDCA5	0.859192	0.859192	positive
KIF11	CDKN3	0.855392	0.855392	positive
KIF11	CENPU	0.820634	0.820634	positive
KIF11	CEP55	0.930934	0.930934	positive
KIF11	DLGAP5	0.910811	0.910811	positive
KIF11	ESPL1	0.943622	0.943622	positive
KIF11	FOXM1	0.881798	0.881798	positive
KIF11	GTSE1	0.868088	0.868088	positive
KIF11	HMMR	0.849844	0.849844	positive
KIF11	IQGAP3	0.857097	0.857097	positive
KIF11	BLM	0.895685	0.895685	positive
KIF11	CCNF	0.830794	0.830794	positive
KIF11	CENPF	0.912069	0.912069	positive
KIF11	LMNB1	0.861934	0.861934	positive
KIF11	MKI67	0.934306	0.934306	positive
KIF11	MTHFD2	0.823947	0.823947	positive
KIF11	MYBL2	0.825195	0.825195	positive
KIF11	NCAPH	0.927772	0.927772	positive
KIF11	NUF2	0.888901	0.888901	positive
KIF11	ORC1	0.906415	0.906415	positive
KIF11	PBK	0.845157	0.845157	positive
KIF11	PKMYT1	0.808194	0.808194	positive
KIF11	RAD51AP1	0.858258	0.858258	positive
KIF11	RRM2	0.887258	0.887258	positive
KIF11	SKA1	0.913928	0.913928	positive
KIF11	SPAG5	0.911734	0.911734	positive
KIF11	STIL	0.829797	0.829797	positive
KIF11	TTK	0.90491	0.90491	positive
LRRC25	IL4I1	0.831259	0.831259	positive
LRRC25	ITGB2	0.882765	0.882765	positive
LRRC25	C3AR1	0.864454	0.864454	positive
LRRC25	CCR1	0.822985	0.822985	positive
LRRC25	CD300LF	0.829123	0.829123	positive
LRRC25	EMP3	0.808337	0.808337	positive
LRRC25	FCER1G	0.893588	0.893588	positive
LRRC25	FCGR3A	0.840994	0.840994	positive
LRRC25	FGR	0.830143	0.830143	positive
LRRC25	FPR3	0.806457	0.806457	positive
LRRC25	HAVCR2	0.863263	0.863263	positive
LRRC25	OSCAR	0.867037	0.867037	positive
LRRC25	PILRA	0.924322	0.924322	positive
LRRC25	SIGLEC1	0.842648	0.842648	positive
LRRC25	SLAMF8	0.897361	0.897361	positive
LRRC25	SLCO2B1	0.819289	0.819289	positive
LRRC25	SPI1	0.937828	0.937828	positive
LRRC25	TYROBP	0.874962	0.874962	positive
CDCA3	AURKA	0.857488	0.857488	positive
CDCA3	BUB1	0.872555	0.872555	positive
CDCA3	CCNA2	0.888461	0.888461	positive
CDCA3	CCNB1	0.842945	0.842945	positive
CDCA3	CDC25A	0.844672	0.844672	positive
CDCA3	CDC45	0.851725	0.851725	positive
CDCA3	CCNF	0.818149	0.818149	positive
CDCA3	CDCA5	0.859727	0.859727	positive
CDCA3	CDKN3	0.870019	0.870019	positive
CDCA3	CENPF	0.814919	0.814919	positive
CDCA3	CENPU	0.821136	0.821136	positive
CDCA3	CENPW	0.820814	0.820814	positive
CDCA3	CEP55	0.901278	0.901278	positive
CDCA3	DLGAP5	0.863551	0.863551	positive
CDCA3	ESPL1	0.883976	0.883976	positive
CDCA3	FOXM1	0.930408	0.930408	positive
CDCA3	GTSE1	0.891342	0.891342	positive
CDCA3	HMMR	0.868261	0.868261	positive
CDCA3	IQGAP3	0.819218	0.819218	positive
CDCA3	MKI67	0.848362	0.848362	positive
CDCA3	MTFR2	0.816953	0.816953	positive
CDCA3	MYBL2	0.847262	0.847262	positive
CDCA3	NCAPH	0.895057	0.895057	positive
CDCA3	NUF2	0.862519	0.862519	positive
CDCA3	ORC1	0.861424	0.861424	positive
CDCA3	ORC6	0.828371	0.828371	positive
CDCA3	PBK	0.815532	0.815532	positive
CDCA3	PKMYT1	0.831366	0.831366	positive
CDCA3	RAD51AP1	0.892211	0.892211	positive
CDCA3	RRM2	0.865537	0.865537	positive
CDCA3	SHCBP1	0.815636	0.815636	positive
CDCA3	SKA1	0.864294	0.864294	positive
CDCA3	SPAG5	0.839324	0.839324	positive
CDCA3	TACC3	0.803818	0.803818	positive
CDCA3	TTK	0.859617	0.859617	positive
GIMAP1	CCR5	0.809244	0.809244	positive
GIMAP1	GIMAP6	0.821701	0.821701	positive
C5AR1	OSCAR	0.816503	0.816503	positive
C5AR1	PILRA	0.822031	0.822031	positive
C5AR1	C3AR1	0.811532	0.811532	positive
C5AR1	FCGR3A	0.806793	0.806793	positive
C5AR1	HAVCR2	0.830771	0.830771	positive
C5AR1	MSR1	0.812688	0.812688	positive
C5AR1	SIGLEC1	0.801535	0.801535	positive
C5AR1	SLCO2B1	0.803493	0.803493	positive
C5AR1	CCR1	0.847749	0.847749	positive
C5AR1	FCER1G	0.838785	0.838785	positive
C5AR1	FGR	0.840503	0.840503	positive
FGL2	CXCR6	0.84024	0.84024	positive
FGL2	CCR2	0.852877	0.852877	positive
FGL2	CCR5	0.844948	0.844948	positive
FGL2	CIITA	0.815264	0.815264	positive
FGL2	FPR3	0.820668	0.820668	positive
FGL2	GIMAP6	0.814955	0.814955	positive
FGL2	GPR34	0.877165	0.877165	positive
FGL2	IGSF6	0.849306	0.849306	positive
FGL2	MNDA	0.801533	0.801533	positive
FGL2	P2RY13	0.878624	0.878624	positive
FGL2	PDCD1LG2	0.814617	0.814617	positive
ECRG4	SAXO2	0.80347	0.80347	positive
ECRG4	SNTN	0.805296	0.805296	positive
CLEC3B	RAMP3	0.80066	0.80066	positive
FCGR3A	SPI1	0.802989	0.802989	positive
FCGR3A	OSCAR	0.820547	0.820547	positive
FCGR3A	PILRA	0.837963	0.837963	positive
FCGR3A	C3AR1	0.923529	0.923529	positive
FCGR3A	CCR1	0.874733	0.874733	positive
FCGR3A	FCER1G	0.900339	0.900339	positive
FCGR3A	FPR3	0.902165	0.902165	positive
FCGR3A	HAVCR2	0.921221	0.921221	positive
FCGR3A	MNDA	0.827257	0.827257	positive
FCGR3A	MSR1	0.887488	0.887488	positive
FCGR3A	PDCD1LG2	0.812923	0.812923	positive
FCGR3A	PLEK	0.809028	0.809028	positive
FCGR3A	SIGLEC1	0.84306	0.84306	positive
FCGR3A	SLAMF8	0.856796	0.856796	positive
FCGR3A	SLCO2B1	0.866934	0.866934	positive
C7	ADH1B	0.902729	0.902729	positive
CDC45	AURKA	0.864161	0.864161	positive
CDC45	BUB1	0.849328	0.849328	positive
CDC45	CCNA2	0.86223	0.86223	positive
CDC45	CCNB1	0.876119	0.876119	positive
CDC45	CDC25A	0.836401	0.836401	positive
CDC45	CCNF	0.806119	0.806119	positive
CDC45	CDCA5	0.876097	0.876097	positive
CDC45	CDKN3	0.817242	0.817242	positive
CDC45	CDT1	0.817377	0.817377	positive
CDC45	CENPU	0.855158	0.855158	positive
CDC45	CENPW	0.881689	0.881689	positive
CDC45	CEP55	0.848047	0.848047	positive
CDC45	CHAF1B	0.865342	0.865342	positive
CDC45	DLGAP5	0.848335	0.848335	positive
CDC45	E2F1	0.852693	0.852693	positive
CDC45	ESPL1	0.850983	0.850983	positive
CDC45	FOXM1	0.847697	0.847697	positive
CDC45	GTSE1	0.931753	0.931753	positive
CDC45	HMMR	0.821717	0.821717	positive
CDC45	HROB	0.810866	0.810866	positive
CDC45	IQGAP3	0.823524	0.823524	positive
CDC45	KIF3C	0.809214	0.809214	positive
CDC45	MTFR2	0.87259	0.87259	positive
CDC45	MYBL2	0.88333	0.88333	positive
CDC45	NCAPH	0.90117	0.90117	positive
CDC45	NUF2	0.830977	0.830977	positive
CDC45	ORC1	0.867371	0.867371	positive
CDC45	PKMYT1	0.876344	0.876344	positive
CDC45	RAD51AP1	0.834325	0.834325	positive
CDC45	RECQL4	0.811354	0.811354	positive
CDC45	RRM2	0.879649	0.879649	positive
CDC45	SKA1	0.880651	0.880651	positive
CDC45	SPAG5	0.86012	0.86012	positive
CDC45	TACC3	0.848241	0.848241	positive
CDC45	TTK	0.883883	0.883883	positive
IRX3	IRX5	0.848601	0.848601	positive
TYROBP	ITGB2	0.826196	0.826196	positive
TYROBP	SPI1	0.946632	0.946632	positive
TYROBP	APOC1	0.877313	0.877313	positive
TYROBP	CD52	0.873029	0.873029	positive
TYROBP	EMP3	0.897963	0.897963	positive
TYROBP	FCER1G	0.88982	0.88982	positive
TYROBP	HLA-DRA	0.8069	0.8069	positive
TYROBP	LST1	0.817941	0.817941	positive
TYROBP	OSCAR	0.878946	0.878946	positive
TYROBP	PILRA	0.907724	0.907724	positive
MMP9	IL4I1	0.836499	0.836499	positive
FOLR1	C16ORF89	0.811099	0.811099	positive
S100B	CD1A	0.858693	0.858693	positive
S100B	FCER1A	0.806743	0.806743	positive
LMNB1	BUB1	0.83859	0.83859	positive
LMNB1	CCNB1	0.818922	0.818922	positive
LMNB1	CDC25A	0.8245	0.8245	positive
LMNB1	CDCA5	0.83773	0.83773	positive
LMNB1	DLGAP5	0.868861	0.868861	positive
LMNB1	ESPL1	0.863093	0.863093	positive
LMNB1	FOXM1	0.806178	0.806178	positive
LMNB1	GTSE1	0.833961	0.833961	positive
LMNB1	IQGAP3	0.821395	0.821395	positive
LMNB1	MKI67	0.872109	0.872109	positive
LMNB1	NCAPH	0.882956	0.882956	positive
LMNB1	ORC1	0.805314	0.805314	positive
LMNB1	SKA1	0.830785	0.830785	positive
LMNB1	SPAG5	0.841516	0.841516	positive
LMNB1	TACC3	0.850243	0.850243	positive
LMNB1	TTK	0.800753	0.800753	positive
LMNB1	CENPF	0.848269	0.848269	positive
LMNB1	CCNF	0.836763	0.836763	positive
BUB1	AURKA	0.913679	0.913679	positive
BUB1	BLM	0.852018	0.852018	positive
BUB1	CCNA2	0.942473	0.942473	positive
BUB1	CCNB1	0.875593	0.875593	positive
BUB1	CCNF	0.865068	0.865068	positive
BUB1	CDC25A	0.867987	0.867987	positive
BUB1	CDCA5	0.877097	0.877097	positive
BUB1	CDKN3	0.889967	0.889967	positive
BUB1	CENPF	0.869383	0.869383	positive
BUB1	CENPU	0.859689	0.859689	positive
BUB1	CEP55	0.937761	0.937761	positive
BUB1	DLGAP5	0.946314	0.946314	positive
BUB1	ESPL1	0.924023	0.924023	positive
BUB1	FOXM1	0.889068	0.889068	positive
BUB1	GTSE1	0.894774	0.894774	positive
BUB1	HMMR	0.910698	0.910698	positive
BUB1	HROB	0.827547	0.827547	positive
BUB1	IQGAP3	0.847239	0.847239	positive
BUB1	MKI67	0.911736	0.911736	positive
BUB1	MTFR2	0.84604	0.84604	positive
BUB1	MTHFD2	0.800201	0.800201	positive
BUB1	MYBL2	0.856229	0.856229	positive
BUB1	NCAPH	0.949444	0.949444	positive
BUB1	NUF2	0.895574	0.895574	positive
BUB1	ORC1	0.927552	0.927552	positive
BUB1	ORC6	0.817732	0.817732	positive
BUB1	PBK	0.828417	0.828417	positive
BUB1	PKMYT1	0.825749	0.825749	positive
BUB1	RAD51AP1	0.904607	0.904607	positive
BUB1	RRM2	0.905285	0.905285	positive
BUB1	SHCBP1	0.857186	0.857186	positive
BUB1	SKA1	0.905952	0.905952	positive
BUB1	SPAG5	0.909796	0.909796	positive
BUB1	STIL	0.846507	0.846507	positive
BUB1	TACC3	0.838704	0.838704	positive
BUB1	TRIP13	0.822618	0.822618	positive
BUB1	TTK	0.916676	0.916676	positive
AKR1C1	AKR1C3	0.832565	0.832565	positive
AKR1C1	GPX2	0.81179	0.81179	positive
HMOX1	CTSL	0.859156	0.859156	positive
MUC5AC	TFF1	0.80941	0.80941	positive
PDLIM3	PDGFRA	0.800517	0.800517	positive
ITGA5	COL6A1	0.814905	0.814905	positive
ITGA5	PLOD2	0.800867	0.800867	positive
SNTN	AC007906.2	0.887231	0.887231	positive
SNTN	AKAP14	0.926452	0.926452	positive
SNTN	C22ORF15	0.879984	0.879984	positive
SNTN	C6ORF118	0.910314	0.910314	positive
SNTN	C9ORF24	0.915364	0.915364	positive
SNTN	CFAP43	0.857998	0.857998	positive
SNTN	CFAP52	0.913503	0.913503	positive
SNTN	CFAP77	0.889216	0.889216	positive
SNTN	CIBAR2	0.863913	0.863913	positive
SNTN	EFHB	0.863724	0.863724	positive
SNTN	ENKUR	0.85972	0.85972	positive
SNTN	FAM216B	0.893152	0.893152	positive
SNTN	GAS2L2	0.873663	0.873663	positive
SNTN	HOATZ	0.934509	0.934509	positive
SNTN	IL5RA	0.833014	0.833014	positive
SNTN	LRRC46	0.859692	0.859692	positive
SNTN	NWD1	0.853085	0.853085	positive
SNTN	ROPN1L	0.871798	0.871798	positive
SNTN	SAXO2	0.919335	0.919335	positive
SNTN	CACNG6	0.825308	0.825308	positive
SNTN	CDHR3	0.813968	0.813968	positive
SNTN	CFAP53	0.841118	0.841118	positive
SNTN	CFAP57	0.809831	0.809831	positive
SNTN	FAM183A	0.810933	0.810933	positive
SNTN	SPEF1	0.833595	0.833595	positive
SNTN	TEKT1	0.915254	0.915254	positive
SNTN	TSPAN19	0.846336	0.846336	positive
SNTN	TTC29	0.880287	0.880287	positive
SNTN	TUBA4B	0.918185	0.918185	positive
SNTN	VWA3B	0.857151	0.857151	positive
SNTN	WDR38	0.883064	0.883064	positive
MZB1	AC136428.1	0.852192	0.852192	positive
MZB1	IGLL5	0.934119	0.934119	positive
MZB1	CD79A	0.874677	0.874677	positive
ACADL	FO681492.1	0.823287	0.823287	positive
ADH1B	ABCA8	0.830418	0.830418	positive
ADH1B	VEGFD	0.847696	0.847696	positive
SNAI1	ADAMTS4	0.835098	0.835098	positive
BGN	COL1A2	0.801881	0.801881	positive
BGN	TAGLN	0.853989	0.853989	positive
BGN	COL6A2	0.802799	0.802799	positive
BGN	HTRA3	0.807313	0.807313	positive
BGN	ISLR	0.883614	0.883614	positive
BGN	SCARF2	0.878012	0.878012	positive
BGN	SSC5D	0.848653	0.848653	positive
NAPSA	C16ORF89	0.843942	0.843942	positive
VCAM1	CTSK	0.822434	0.822434	positive
VGLL3	PDGFRA	0.874701	0.874701	positive
VGLL3	FGF7	0.833383	0.833383	positive
VGLL3	MSRB3	0.827648	0.827648	positive
VGLL3	PLN	0.844549	0.844549	positive
MXRA5	COL1A2	0.825607	0.825607	positive
MXRA5	COL5A1	0.851357	0.851357	positive
MXRA5	SULF1	0.821664	0.821664	positive
MXRA5	THBS2	0.843928	0.843928	positive
MXRA5	VCAN	0.828569	0.828569	positive
MXRA5	NID2	0.817827	0.817827	positive
LOXL2	COL5A1	0.809746	0.809746	positive
TPPP	ZDHHC11B	0.807617	0.807617	positive
CCL3L3	CCL4L2	0.880542	0.880542	positive
TEK	MYCT1	0.809229	0.809229	positive
TEK	CYYR1	0.808173	0.808173	positive
TEK	S1PR1	0.866572	0.866572	positive
MSR1	C3AR1	0.894465	0.894465	positive
MSR1	FPR3	0.873983	0.873983	positive
MSR1	HAVCR2	0.901857	0.901857	positive
MSR1	MNDA	0.847112	0.847112	positive
MSR1	CCR1	0.873859	0.873859	positive
MSR1	FCER1G	0.819937	0.819937	positive
MSR1	GPR34	0.803847	0.803847	positive
MSR1	SLCO2B1	0.891267	0.891267	positive
SPI1	IL4I1	0.835908	0.835908	positive
SPI1	ITGB2	0.918033	0.918033	positive
SPI1	APOC1	0.807713	0.807713	positive
SPI1	C3AR1	0.813477	0.813477	positive
SPI1	CD300LF	0.86373	0.86373	positive
SPI1	CD52	0.822097	0.822097	positive
SPI1	EMP3	0.86814	0.86814	positive
SPI1	FCER1G	0.920716	0.920716	positive
SPI1	FGR	0.836301	0.836301	positive
SPI1	HAVCR2	0.831973	0.831973	positive
SPI1	HLA-DRA	0.812834	0.812834	positive
SPI1	LST1	0.831713	0.831713	positive
SPI1	OSCAR	0.921321	0.921321	positive
SPI1	PILRA	0.933	0.933	positive
SPI1	SIGLEC1	0.812646	0.812646	positive
SPI1	SLAMF8	0.849891	0.849891	positive
SPI1	TMEM150B	0.816833	0.816833	positive
S100A9	S100A8	0.81065	0.81065	positive
SESN1	ASPA	0.812043	0.812043	positive
ARHGAP6	ANGPTL1	0.805785	0.805785	positive
ARHGAP6	ASPA	0.806177	0.806177	positive
ARHGAP6	JAM2	0.811825	0.811825	positive
ARHGAP6	LDB2	0.847658	0.847658	positive
ARHGAP6	SYNPO2	0.83239	0.83239	positive
SKA1	AURKA	0.887793	0.887793	positive
SKA1	CCNA2	0.896901	0.896901	positive
SKA1	CCNB1	0.870296	0.870296	positive
SKA1	CDC25A	0.885833	0.885833	positive
SKA1	CDCA5	0.903946	0.903946	positive
SKA1	CDKN3	0.861972	0.861972	positive
SKA1	CENPU	0.859525	0.859525	positive
SKA1	CEP55	0.904904	0.904904	positive
SKA1	DLGAP5	0.912321	0.912321	positive
SKA1	ESPL1	0.894534	0.894534	positive
SKA1	FOXM1	0.862755	0.862755	positive
SKA1	GTSE1	0.899812	0.899812	positive
SKA1	HMMR	0.847085	0.847085	positive
SKA1	IQGAP3	0.824879	0.824879	positive
SKA1	MKI67	0.86037	0.86037	positive
SKA1	MTFR2	0.845326	0.845326	positive
SKA1	NCAPH	0.924016	0.924016	positive
SKA1	ORC1	0.913355	0.913355	positive
SKA1	PKMYT1	0.84546	0.84546	positive
SKA1	RAD51AP1	0.884221	0.884221	positive
SKA1	RRM2	0.917005	0.917005	positive
SKA1	BLM	0.822135	0.822135	positive
SKA1	CCNF	0.832646	0.832646	positive
SKA1	CENPF	0.82795	0.82795	positive
SKA1	CENPW	0.820629	0.820629	positive
SKA1	CHAF1B	0.810087	0.810087	positive
SKA1	E2F1	0.818808	0.818808	positive
SKA1	MTHFD2	0.802899	0.802899	positive
SKA1	MYBL2	0.862466	0.862466	positive
SKA1	NUF2	0.899999	0.899999	positive
SKA1	ORC6	0.830963	0.830963	positive
SKA1	PBK	0.87013	0.87013	positive
SKA1	SPAG5	0.875699	0.875699	positive
SKA1	TACC3	0.805951	0.805951	positive
SKA1	TRIP13	0.807018	0.807018	positive
SKA1	TTK	0.92139	0.92139	positive
EMILIN1	TAGLN	0.813825	0.813825	positive
EMILIN1	COL6A2	0.890252	0.890252	positive
EMILIN1	HTRA3	0.801589	0.801589	positive
EMILIN1	ISLR	0.808938	0.808938	positive
EMILIN1	SCARF2	0.867138	0.867138	positive
LRRC10B	SPEF1	0.811345	0.811345	positive
SLAMF8	IL4I1	0.862676	0.862676	positive
SLAMF8	ITGB2	0.806287	0.806287	positive
SLAMF8	OSCAR	0.812826	0.812826	positive
SLAMF8	PILRA	0.903345	0.903345	positive
SLAMF8	C3AR1	0.87992	0.87992	positive
SLAMF8	FPR3	0.864715	0.864715	positive
SLAMF8	HAVCR2	0.872046	0.872046	positive
SLAMF8	SIGLEC1	0.806882	0.806882	positive
SLAMF8	SLCO2B1	0.820556	0.820556	positive
SLAMF8	CCR1	0.833556	0.833556	positive
SLAMF8	FCER1G	0.871605	0.871605	positive
SLAMF8	FGR	0.84464	0.84464	positive
SLAMF8	PLEK	0.88504	0.88504	positive
SLAMF8	CCR5	0.805165	0.805165	positive
SLAMF8	GPR84	0.844172	0.844172	positive
SLAMF8	HSD11B1	0.88363	0.88363	positive
CHAF1B	CDCA5	0.835838	0.835838	positive
CHAF1B	ESPL1	0.819251	0.819251	positive
CHAF1B	GTSE1	0.845235	0.845235	positive
CHAF1B	NCAPH	0.848338	0.848338	positive
CHAF1B	ORC1	0.846725	0.846725	positive
CHAF1B	SPAG5	0.865919	0.865919	positive
CHAF1B	TACC3	0.825958	0.825958	positive
CHAF1B	TTK	0.835951	0.835951	positive
CHAF1B	CENPW	0.813353	0.813353	positive
CHAF1B	E2F1	0.812548	0.812548	positive
CHAF1B	MYBL2	0.80572	0.80572	positive
CHAF1B	CCNF	0.807988	0.807988	positive
CHAF1B	HROB	0.809723	0.809723	positive
MSLN	MSLNL	0.80746	0.80746	positive
ABCA8	ASPA	0.871067	0.871067	positive
ABCA8	CD302	0.830349	0.830349	positive
ABCA8	TCF21	0.838277	0.838277	positive
CDHR3	C6ORF118	0.8078	0.8078	positive
CDHR3	CFAP43	0.831435	0.831435	positive
CDHR3	CFAP52	0.841887	0.841887	positive
CDHR3	FAM216B	0.829049	0.829049	positive
CDHR3	HOATZ	0.817762	0.817762	positive
CDHR3	SAXO2	0.860643	0.860643	positive
CDHR3	TEKT1	0.805678	0.805678	positive
FCAR	CD300E	0.827168	0.827168	positive
SCARF2	TAGLN	0.868915	0.868915	positive
SCARF2	HTRA3	0.853857	0.853857	positive
SCARF2	ISLR	0.871042	0.871042	positive
SCARF2	COL6A2	0.828631	0.828631	positive
SCARF2	COX7A1	0.803642	0.803642	positive
SCARF2	SSC5D	0.801205	0.801205	positive
SCARF2	TPM2	0.842239	0.842239	positive
RNF148	ANKRD36C	0.817858	0.817858	positive
TSPAN19	AKAP14	0.828178	0.828178	positive
TSPAN19	C22ORF15	0.818971	0.818971	positive
TSPAN19	C6ORF118	0.811573	0.811573	positive
TSPAN19	CFAP52	0.801636	0.801636	positive
TSPAN19	CFAP77	0.813175	0.813175	positive
TSPAN19	CIBAR2	0.818915	0.818915	positive
TSPAN19	FAM216B	0.804522	0.804522	positive
TSPAN19	HOATZ	0.811503	0.811503	positive
TSPAN19	ROPN1L	0.80794	0.80794	positive
TSPAN19	SAXO2	0.841958	0.841958	positive
TSPAN19	TEKT1	0.811986	0.811986	positive
TSPAN19	TTC29	0.829603	0.829603	positive
TSPAN19	WDR38	0.824286	0.824286	positive
TSPAN19	TEX26	0.87048	0.87048	positive
RAD51AP1	AURKA	0.815143	0.815143	positive
RAD51AP1	CCNA2	0.901232	0.901232	positive
RAD51AP1	CDC25A	0.820697	0.820697	positive
RAD51AP1	CDKN3	0.827832	0.827832	positive
RAD51AP1	CENPU	0.8691	0.8691	positive
RAD51AP1	CEP55	0.892497	0.892497	positive
RAD51AP1	DLGAP5	0.850012	0.850012	positive
RAD51AP1	ESPL1	0.820763	0.820763	positive
RAD51AP1	FOXM1	0.864565	0.864565	positive
RAD51AP1	GTSE1	0.850499	0.850499	positive
RAD51AP1	HMMR	0.882658	0.882658	positive
RAD51AP1	MKI67	0.819117	0.819117	positive
RAD51AP1	MTFR2	0.834881	0.834881	positive
RAD51AP1	NCAPH	0.881795	0.881795	positive
RAD51AP1	ORC1	0.861966	0.861966	positive
RAD51AP1	BLM	0.800516	0.800516	positive
RAD51AP1	CENPF	0.821664	0.821664	positive
RAD51AP1	NUF2	0.880294	0.880294	positive
RAD51AP1	ORC6	0.87069	0.87069	positive
RAD51AP1	RRM2	0.844185	0.844185	positive
RAD51AP1	SHCBP1	0.854526	0.854526	positive
RAD51AP1	SPAG5	0.814619	0.814619	positive
RAD51AP1	STIL	0.835796	0.835796	positive
RAD51AP1	TRIP13	0.800431	0.800431	positive
RAD51AP1	TTK	0.907079	0.907079	positive
SLCO2B1	C3AR1	0.931968	0.931968	positive
SLCO2B1	FPR3	0.916385	0.916385	positive
SLCO2B1	HAVCR2	0.89526	0.89526	positive
SLCO2B1	MNDA	0.895888	0.895888	positive
SLCO2B1	SIGLEC1	0.82918	0.82918	positive
SLCO2B1	CCR1	0.845669	0.845669	positive
SLCO2B1	CCR5	0.828171	0.828171	positive
SLCO2B1	CD300LF	0.819131	0.819131	positive
SLCO2B1	FGR	0.815118	0.815118	positive
SLCO2B1	GIMAP6	0.820457	0.820457	positive
SLCO2B1	GPR34	0.800754	0.800754	positive
SLCO2B1	PLEK	0.854862	0.854862	positive
SLCO2B1	STAB1	0.870138	0.870138	positive
SLCO2B1	STARD8	0.811732	0.811732	positive
DYDC2	AKAP14	0.811996	0.811996	positive
DYDC2	C9ORF24	0.817618	0.817618	positive
DYDC2	CFAP77	0.801296	0.801296	positive
DYDC2	HOATZ	0.810053	0.810053	positive
DYDC2	TEKT1	0.801806	0.801806	positive
DYDC2	TUBA4B	0.828159	0.828159	positive
DYDC2	CFAP53	0.849845	0.849845	positive
C9ORF24	AC007906.2	0.860322	0.860322	positive
C9ORF24	AKAP14	0.934743	0.934743	positive
C9ORF24	C22ORF15	0.896556	0.896556	positive
C9ORF24	C6ORF118	0.888972	0.888972	positive
C9ORF24	CACNG6	0.812663	0.812663	positive
C9ORF24	CCDC78	0.819105	0.819105	positive
C9ORF24	CFAP52	0.902148	0.902148	positive
C9ORF24	CFAP53	0.81115	0.81115	positive
C9ORF24	CFAP77	0.869422	0.869422	positive
C9ORF24	CIBAR2	0.905077	0.905077	positive
C9ORF24	ENKUR	0.823505	0.823505	positive
C9ORF24	FAM183A	0.831254	0.831254	positive
C9ORF24	FAM216B	0.85768	0.85768	positive
C9ORF24	GAS2L2	0.856211	0.856211	positive
C9ORF24	HOATZ	0.904721	0.904721	positive
C9ORF24	IL5RA	0.803932	0.803932	positive
C9ORF24	LRRC46	0.867117	0.867117	positive
C9ORF24	NWD1	0.810775	0.810775	positive
C9ORF24	ROPN1L	0.882281	0.882281	positive
C9ORF24	SAXO2	0.874829	0.874829	positive
C9ORF24	SPEF1	0.860734	0.860734	positive
C9ORF24	TEKT1	0.925532	0.925532	positive
C9ORF24	TEKT2	0.854022	0.854022	positive
C9ORF24	TTC29	0.840946	0.840946	positive
C9ORF24	TUBA4B	0.939299	0.939299	positive
C9ORF24	VWA3B	0.824984	0.824984	positive
C9ORF24	WDR38	0.918907	0.918907	positive
WDR38	AC007906.2	0.841308	0.841308	positive
WDR38	AKAP14	0.924835	0.924835	positive
WDR38	C22ORF15	0.912014	0.912014	positive
WDR38	C6ORF118	0.90794	0.90794	positive
WDR38	CFAP52	0.892147	0.892147	positive
WDR38	CFAP77	0.906331	0.906331	positive
WDR38	CIBAR2	0.913915	0.913915	positive
WDR38	ENKUR	0.87164	0.87164	positive
WDR38	FAM216B	0.84977	0.84977	positive
WDR38	GAS2L2	0.830141	0.830141	positive
WDR38	HOATZ	0.892359	0.892359	positive
WDR38	IL5RA	0.805881	0.805881	positive
WDR38	LRRC46	0.881987	0.881987	positive
WDR38	ROPN1L	0.93587	0.93587	positive
WDR38	SAXO2	0.832922	0.832922	positive
WDR38	TEKT1	0.969552	0.969552	positive
WDR38	TTC29	0.862567	0.862567	positive
WDR38	TUBA4B	0.946337	0.946337	positive
WDR38	VWA3B	0.87364	0.87364	positive
WDR38	CACNG6	0.833404	0.833404	positive
WDR38	CCDC78	0.858847	0.858847	positive
WDR38	CFAP53	0.817418	0.817418	positive
WDR38	NHLRC4	0.832846	0.832846	positive
WDR38	SPEF1	0.864096	0.864096	positive
WDR38	TEKT2	0.844189	0.844189	positive
CAV1	CAV2	0.81047	0.81047	positive
AC007906.2	AKAP14	0.877424	0.877424	positive
AC007906.2	C22ORF15	0.829528	0.829528	positive
AC007906.2	C6ORF118	0.877415	0.877415	positive
AC007906.2	CFAP43	0.800896	0.800896	positive
AC007906.2	CFAP52	0.880604	0.880604	positive
AC007906.2	CFAP77	0.823537	0.823537	positive
AC007906.2	CIBAR2	0.808692	0.808692	positive
AC007906.2	EFHB	0.805823	0.805823	positive
AC007906.2	ENKUR	0.832548	0.832548	positive
AC007906.2	FAM216B	0.89118	0.89118	positive
AC007906.2	GAS2L2	0.81578	0.81578	positive
AC007906.2	HOATZ	0.903264	0.903264	positive
AC007906.2	IL5RA	0.814334	0.814334	positive
AC007906.2	LRRC46	0.818431	0.818431	positive
AC007906.2	NWD1	0.874297	0.874297	positive
AC007906.2	ROPN1L	0.849403	0.849403	positive
AC007906.2	SAXO2	0.869606	0.869606	positive
AC007906.2	TEKT1	0.873955	0.873955	positive
AC007906.2	TTC29	0.802832	0.802832	positive
AC007906.2	TUBA4B	0.897622	0.897622	positive
AC007906.2	VWA3B	0.807119	0.807119	positive
CLEC10A	HLA-DRA	0.828938	0.828938	positive
GZMM	CXCR3	0.815462	0.815462	positive
EFHB	AKAP14	0.836731	0.836731	positive
EFHB	C22ORF15	0.831861	0.831861	positive
EFHB	C6ORF118	0.883308	0.883308	positive
EFHB	CFAP43	0.894279	0.894279	positive
EFHB	CFAP52	0.890269	0.890269	positive
EFHB	CFAP53	0.802896	0.802896	positive
EFHB	CFAP57	0.810905	0.810905	positive
EFHB	ENKUR	0.814071	0.814071	positive
EFHB	FAM216B	0.835299	0.835299	positive
EFHB	HOATZ	0.880624	0.880624	positive
EFHB	IL5RA	0.861189	0.861189	positive
EFHB	LRRIQ1	0.800412	0.800412	positive
EFHB	NWD1	0.857624	0.857624	positive
EFHB	SAXO2	0.879984	0.879984	positive
EFHB	TEKT1	0.824912	0.824912	positive
EFHB	TTC29	0.843225	0.843225	positive
EFHB	TUBA4B	0.823852	0.823852	positive
EFHB	VWA3B	0.816825	0.816825	positive
TCF21	ASPA	0.843327	0.843327	positive
HMMR	AURKA	0.892672	0.892672	positive
HMMR	CCNA2	0.898744	0.898744	positive
HMMR	CCNB1	0.865817	0.865817	positive
HMMR	CDC25A	0.829154	0.829154	positive
HMMR	CDCA5	0.82484	0.82484	positive
HMMR	CDKN3	0.88789	0.88789	positive
HMMR	CENPU	0.846903	0.846903	positive
HMMR	CEP55	0.890734	0.890734	positive
HMMR	DLGAP5	0.873229	0.873229	positive
HMMR	ESPL1	0.839131	0.839131	positive
HMMR	FOXM1	0.839253	0.839253	positive
HMMR	GTSE1	0.846545	0.846545	positive
HMMR	CCNF	0.80865	0.80865	positive
HMMR	CENPW	0.806634	0.806634	positive
HMMR	HROB	0.803392	0.803392	positive
HMMR	MTFR2	0.829471	0.829471	positive
HMMR	MYBL2	0.830801	0.830801	positive
HMMR	NCAPH	0.881949	0.881949	positive
HMMR	NUF2	0.89465	0.89465	positive
HMMR	ORC1	0.886935	0.886935	positive
HMMR	ORC6	0.810735	0.810735	positive
HMMR	PBK	0.815218	0.815218	positive
HMMR	PTTG1	0.801406	0.801406	positive
HMMR	RRM2	0.862	0.862	positive
HMMR	SHCBP1	0.818641	0.818641	positive
HMMR	SPAG5	0.849318	0.849318	positive
HMMR	TRIP13	0.868154	0.868154	positive
HMMR	TTK	0.885564	0.885564	positive
CD19	CD79A	0.825686	0.825686	positive
CD19	CD79B	0.889498	0.889498	positive
CD19	PAX5	0.839872	0.839872	positive
CD19	TNFRSF13B	0.881428	0.881428	positive
CD19	TNFRSF13C	0.860522	0.860522	positive
NWD1	AKAP14	0.878225	0.878225	positive
NWD1	C22ORF15	0.859037	0.859037	positive
NWD1	C6ORF118	0.901904	0.901904	positive
NWD1	CFAP43	0.882147	0.882147	positive
NWD1	CFAP52	0.913168	0.913168	positive
NWD1	CFAP77	0.841072	0.841072	positive
NWD1	ENKUR	0.861768	0.861768	positive
NWD1	FAM216B	0.888973	0.888973	positive
NWD1	GAS2L2	0.832696	0.832696	positive
NWD1	HOATZ	0.916309	0.916309	positive
NWD1	IL5RA	0.875344	0.875344	positive
NWD1	LRRC46	0.800965	0.800965	positive
NWD1	ROPN1L	0.801383	0.801383	positive
NWD1	SAXO2	0.901309	0.901309	positive
NWD1	TEKT1	0.870927	0.870927	positive
NWD1	TTC29	0.85742	0.85742	positive
NWD1	TUBA4B	0.856543	0.856543	positive
NWD1	VWA3B	0.892968	0.892968	positive
PLN	PDGFRA	0.844722	0.844722	positive
PLN	MSRB3	0.839771	0.839771	positive
CXCR6	GBP5	0.818856	0.818856	positive
CXCR6	TIGIT	0.824547	0.824547	positive
CD79A	IGLL5	0.822286	0.822286	positive
CHST9	C6ORF118	0.847368	0.847368	positive
CHST9	CFAP43	0.818305	0.818305	positive
CHST9	CFAP52	0.832532	0.832532	positive
CHST9	HOATZ	0.833218	0.833218	positive
CHST9	LRRC46	0.816269	0.816269	positive
CHST9	SAXO2	0.845082	0.845082	positive
CHST9	TEKT1	0.802467	0.802467	positive
CHST9	VWA3B	0.806311	0.806311	positive
CHST9	CFAP53	0.803232	0.803232	positive
CHST9	STMND1	0.80732	0.80732	positive
AKR1C3	GPX2	0.82308	0.82308	positive
LMOD1	NXPH3	0.845281	0.845281	positive
LMOD1	PODN	0.800849	0.800849	positive
FCGR2B	C3AR1	0.806976	0.806976	positive
FCGR2B	ITGAX	0.801343	0.801343	positive
TCTEX1D4	LRRC18	0.805672	0.805672	positive
ORC1	AURKA	0.904595	0.904595	positive
ORC1	CCNA2	0.898508	0.898508	positive
ORC1	CCNB1	0.897331	0.897331	positive
ORC1	CDC25A	0.857309	0.857309	positive
ORC1	CDCA5	0.917058	0.917058	positive
ORC1	CDKN3	0.867367	0.867367	positive
ORC1	CENPU	0.849853	0.849853	positive
ORC1	CEP55	0.914815	0.914815	positive
ORC1	DLGAP5	0.896319	0.896319	positive
ORC1	ESPL1	0.915772	0.915772	positive
ORC1	FOXM1	0.884403	0.884403	positive
ORC1	GTSE1	0.881722	0.881722	positive
ORC1	IQGAP3	0.821281	0.821281	positive
ORC1	MKI67	0.842872	0.842872	positive
ORC1	MTFR2	0.862623	0.862623	positive
ORC1	NCAPH	0.928626	0.928626	positive
ORC1	CCNF	0.820464	0.820464	positive
ORC1	CDT1	0.832661	0.832661	positive
ORC1	CENPF	0.823174	0.823174	positive
ORC1	CENPW	0.828326	0.828326	positive
ORC1	E2F1	0.849488	0.849488	positive
ORC1	HROB	0.900945	0.900945	positive
ORC1	MYBL2	0.882726	0.882726	positive
ORC1	NUF2	0.897343	0.897343	positive
ORC1	PBK	0.866722	0.866722	positive
ORC1	PKMYT1	0.854659	0.854659	positive
ORC1	RRM2	0.918849	0.918849	positive
ORC1	SAPCD2	0.800666	0.800666	positive
ORC1	SHCBP1	0.816745	0.816745	positive
ORC1	SPAG5	0.921663	0.921663	positive
ORC1	TACC3	0.856783	0.856783	positive
ORC1	TRIP13	0.863171	0.863171	positive
ORC1	TTK	0.913539	0.913539	positive
IQGAP3	AURKA	0.837256	0.837256	positive
IQGAP3	CCNA2	0.826925	0.826925	positive
IQGAP3	CENPU	0.847755	0.847755	positive
IQGAP3	CEP55	0.848223	0.848223	positive
IQGAP3	DLGAP5	0.828729	0.828729	positive
IQGAP3	ESPL1	0.880333	0.880333	positive
IQGAP3	FOXM1	0.838739	0.838739	positive
IQGAP3	GTSE1	0.867425	0.867425	positive
IQGAP3	CCNF	0.842412	0.842412	positive
IQGAP3	CENPF	0.820843	0.820843	positive
IQGAP3	MKI67	0.867751	0.867751	positive
IQGAP3	MYBL2	0.814769	0.814769	positive
IQGAP3	NCAPH	0.854239	0.854239	positive
IQGAP3	NUF2	0.825148	0.825148	positive
IQGAP3	PKMYT1	0.807946	0.807946	positive
IQGAP3	RRM2	0.829011	0.829011	positive
IQGAP3	SHCBP1	0.807393	0.807393	positive
IQGAP3	SPAG5	0.882446	0.882446	positive
IQGAP3	STIL	0.815785	0.815785	positive
IQGAP3	TACC3	0.819982	0.819982	positive
IQGAP3	TTK	0.859153	0.859153	positive
LRRIQ1	C6ORF118	0.812091	0.812091	positive
LRRIQ1	CFAP43	0.899896	0.899896	positive
LRRIQ1	HOATZ	0.802588	0.802588	positive
LRRIQ1	IL5RA	0.813515	0.813515	positive
LRRIQ1	SAXO2	0.830494	0.830494	positive
LRRIQ1	LRRC18	0.811963	0.811963	positive
BLM	DLGAP5	0.808855	0.808855	positive
BLM	ESPL1	0.833899	0.833899	positive
BLM	MKI67	0.873211	0.873211	positive
BLM	NCAPH	0.836895	0.836895	positive
BLM	SPAG5	0.834759	0.834759	positive
BLM	STIL	0.823472	0.823472	positive
BLM	TTK	0.834153	0.834153	positive
BLM	CENPF	0.869397	0.869397	positive
BLM	KNTC1	0.818842	0.818842	positive
NID2	COL1A2	0.893958	0.893958	positive
NID2	COL5A1	0.870171	0.870171	positive
NID2	POSTN	0.817542	0.817542	positive
NID2	SULF1	0.804237	0.804237	positive
NID2	THBS2	0.845232	0.845232	positive
NID2	VCAN	0.808018	0.808018	positive
NID2	MMP2	0.801612	0.801612	positive
POSTN	COL1A2	0.89055	0.89055	positive
POSTN	CCN4	0.846251	0.846251	positive
POSTN	COL5A1	0.873449	0.873449	positive
POSTN	FAP	0.846305	0.846305	positive
POSTN	GREM1	0.881289	0.881289	positive
POSTN	INHBA	0.854094	0.854094	positive
POSTN	GAS1	0.816267	0.816267	positive
POSTN	PRRX1	0.809154	0.809154	positive
POSTN	SFRP2	0.811449	0.811449	positive
POSTN	SULF1	0.876223	0.876223	positive
POSTN	THBS2	0.847372	0.847372	positive
POSTN	TNFAIP6	0.864025	0.864025	positive
POSTN	VCAN	0.820331	0.820331	positive
MTHFD2	CCNA2	0.802302	0.802302	positive
MTHFD2	CEP55	0.818483	0.818483	positive
MTHFD2	RRM2	0.826574	0.826574	positive
NIBAN3	CLEC17A	0.852787	0.852787	positive
NIBAN3	CNR2	0.952594	0.952594	positive
ANGPTL1	GPR18	0.807837	0.807837	positive
ANGPTL1	GPR82	0.831449	0.831449	positive
CD52	APOC1	0.830043	0.830043	positive
CD52	HLA-DRA	0.850753	0.850753	positive
CD52	HLA-DRB1	0.827529	0.827529	positive
CD52	LST1	0.827439	0.827439	positive
MKI67	AURKA	0.83557	0.83557	positive
MKI67	CCNA2	0.865312	0.865312	positive
MKI67	CDC25A	0.858755	0.858755	positive
MKI67	CDCA5	0.827172	0.827172	positive
MKI67	CEP55	0.901629	0.901629	positive
MKI67	DLGAP5	0.891783	0.891783	positive
MKI67	ESPL1	0.899453	0.899453	positive
MKI67	FOXM1	0.90273	0.90273	positive
MKI67	GTSE1	0.873956	0.873956	positive
MKI67	CCNF	0.844313	0.844313	positive
MKI67	CENPF	0.92155	0.92155	positive
MKI67	NCAPH	0.900419	0.900419	positive
MKI67	RRM2	0.854526	0.854526	positive
MKI67	SHCBP1	0.818195	0.818195	positive
MKI67	SPAG5	0.8945	0.8945	positive
MKI67	STIL	0.825724	0.825724	positive
MKI67	TACC3	0.807223	0.807223	positive
MKI67	TTK	0.850501	0.850501	positive
UBE2S	CCNB1	0.815364	0.815364	positive
UBE2S	CDCA5	0.859562	0.859562	positive
UBE2S	PKMYT1	0.874967	0.874967	positive
UBE2S	TACC3	0.801746	0.801746	positive
UBE2S	CDT1	0.871694	0.871694	positive
UBE2S	E2F1	0.874055	0.874055	positive
UBE2S	MYBL2	0.842009	0.842009	positive
UBE2S	PTTG1	0.805116	0.805116	positive
UBE2S	RECQL4	0.821396	0.821396	positive
UBE2S	SAPCD2	0.850678	0.850678	positive
CD8A	SIRPG	0.817886	0.817886	positive
CD8A	CXCL9	0.80685	0.80685	positive
CD8A	IL2RB	0.805665	0.805665	positive
CD8A	CCL5	0.868282	0.868282	positive
CD8A	GZMA	0.863407	0.863407	positive
CD8A	GZMH	0.807585	0.807585	positive
CD8A	PRF1	0.835145	0.835145	positive
CD8A	TBX21	0.830394	0.830394	positive
HLA-DQA1	HLA-DRA	0.839396	0.839396	positive
HLA-DQA1	HLA-DRB1	0.8245	0.8245	positive
OSCAR	ITGB2	0.820119	0.820119	positive
OSCAR	C3AR1	0.820144	0.820144	positive
OSCAR	CCR1	0.810826	0.810826	positive
OSCAR	CD300LF	0.821886	0.821886	positive
OSCAR	FCER1G	0.903793	0.903793	positive
OSCAR	FGR	0.86774	0.86774	positive
OSCAR	HAVCR2	0.847126	0.847126	positive
OSCAR	PILRA	0.912404	0.912404	positive
COL6A2	COL1A2	0.85363	0.85363	positive
COL6A2	TAGLN	0.800199	0.800199	positive
COL6A2	MMP14	0.802296	0.802296	positive
COL6A2	COL6A1	0.950585	0.950585	positive
COL6A2	MMP2	0.815311	0.815311	positive
COL6A2	HTRA3	0.840096	0.840096	positive
COL6A2	ISLR	0.804593	0.804593	positive
COL6A2	EMP3	0.829406	0.829406	positive
CNR2	CLEC17A	0.813239	0.813239	positive
CNR2	TNFRSF13C	0.82934	0.82934	positive
SFRP4	ACTA2	0.810083	0.810083	positive
THBS2	COL1A2	0.916983	0.916983	positive
THBS2	COL5A1	0.935646	0.935646	positive
THBS2	FAP	0.84064	0.84064	positive
THBS2	GREM1	0.850126	0.850126	positive
THBS2	INHBA	0.868693	0.868693	positive
THBS2	SULF1	0.905491	0.905491	positive
THBS2	FN1	0.811223	0.811223	positive
THBS2	MMP2	0.831604	0.831604	positive
THBS2	VCAN	0.82757	0.82757	positive
GREM1	COL1A2	0.80276	0.80276	positive
GREM1	CCN4	0.840805	0.840805	positive
GREM1	COL5A1	0.815871	0.815871	positive
GREM1	FAP	0.869588	0.869588	positive
GREM1	INHBA	0.870757	0.870757	positive
GREM1	SULF1	0.887305	0.887305	positive
GREM1	TNFAIP6	0.801894	0.801894	positive
ITGAX	C3AR1	0.807166	0.807166	positive
ITGAX	FPR3	0.808187	0.808187	positive
ITGAX	HAVCR2	0.849739	0.849739	positive
ITGAX	CCR1	0.805114	0.805114	positive
ITGAX	FGR	0.890583	0.890583	positive
ITGAX	PLEK	0.85367	0.85367	positive
EMP3	PILRA	0.848101	0.848101	positive
EMP3	COL6A1	0.802602	0.802602	positive
EMP3	FCER1G	0.818296	0.818296	positive
ZFP36	NR4A1	0.827338	0.827338	positive
C3AR1	ITGB2	0.800336	0.800336	positive
C3AR1	PILRA	0.83344	0.83344	positive
C3AR1	CCR1	0.868721	0.868721	positive
C3AR1	CCR5	0.841819	0.841819	positive
C3AR1	CD300LF	0.830612	0.830612	positive
C3AR1	FCER1G	0.880718	0.880718	positive
C3AR1	FGR	0.840435	0.840435	positive
C3AR1	FPR3	0.931551	0.931551	positive
C3AR1	GPR84	0.822918	0.822918	positive
C3AR1	HAVCR2	0.94231	0.94231	positive
C3AR1	HSD11B1	0.822935	0.822935	positive
C3AR1	IGSF6	0.804353	0.804353	positive
C3AR1	MNDA	0.890929	0.890929	positive
C3AR1	PDCD1LG2	0.830282	0.830282	positive
C3AR1	PLEK	0.886395	0.886395	positive
C3AR1	SIGLEC1	0.855385	0.855385	positive
C3AR1	STAB1	0.830282	0.830282	positive
CXCR3	CCL5	0.837233	0.837233	positive
TMEM47	MEOX2	0.811143	0.811143	positive
SFTPB	PEBP4	0.816098	0.816098	positive
VWA3B	AKAP14	0.866653	0.866653	positive
VWA3B	C22ORF15	0.89176	0.89176	positive
VWA3B	C6ORF118	0.926291	0.926291	positive
VWA3B	CFAP43	0.901422	0.901422	positive
VWA3B	CFAP52	0.92788	0.92788	positive
VWA3B	CFAP77	0.921476	0.921476	positive
VWA3B	CIBAR2	0.813938	0.813938	positive
VWA3B	ENKUR	0.908176	0.908176	positive
VWA3B	FAM216B	0.861302	0.861302	positive
VWA3B	GAS2L2	0.845139	0.845139	positive
VWA3B	HOATZ	0.913724	0.913724	positive
VWA3B	IL5RA	0.874123	0.874123	positive
VWA3B	LRRC46	0.878522	0.878522	positive
VWA3B	ROPN1L	0.886005	0.886005	positive
VWA3B	SAXO2	0.878295	0.878295	positive
VWA3B	TEKT1	0.911323	0.911323	positive
VWA3B	TTC29	0.875342	0.875342	positive
VWA3B	TUBA4B	0.884726	0.884726	positive
VWA3B	AK7	0.821005	0.821005	positive
VWA3B	CFAP53	0.857876	0.857876	positive
VWA3B	SPEF1	0.821725	0.821725	positive
VWA3B	STMND1	0.8072	0.8072	positive
VWA3B	TEKT2	0.807685	0.807685	positive
LRRC32	BCL6B	0.81387	0.81387	positive
LRRC32	GPR4	0.804928	0.804928	positive
FOXM1	AURKA	0.885315	0.885315	positive
FOXM1	CCNA2	0.889217	0.889217	positive
FOXM1	CCNB1	0.842674	0.842674	positive
FOXM1	CDC25A	0.869871	0.869871	positive
FOXM1	CDCA5	0.899549	0.899549	positive
FOXM1	CDKN3	0.847631	0.847631	positive
FOXM1	CEP55	0.921695	0.921695	positive
FOXM1	DLGAP5	0.890792	0.890792	positive
FOXM1	ESPL1	0.895919	0.895919	positive
FOXM1	CCNF	0.818381	0.818381	positive
FOXM1	CDT1	0.826072	0.826072	positive
FOXM1	CENPF	0.827182	0.827182	positive
FOXM1	CENPW	0.801852	0.801852	positive
FOXM1	E2F1	0.800872	0.800872	positive
FOXM1	GTSE1	0.917096	0.917096	positive
FOXM1	HROB	0.822293	0.822293	positive
FOXM1	MTFR2	0.802159	0.802159	positive
FOXM1	MYBL2	0.871835	0.871835	positive
FOXM1	NCAPH	0.913681	0.913681	positive
FOXM1	NUF2	0.836473	0.836473	positive
FOXM1	PBK	0.843161	0.843161	positive
FOXM1	PKMYT1	0.866112	0.866112	positive
FOXM1	RRM2	0.885714	0.885714	positive
FOXM1	SHCBP1	0.839677	0.839677	positive
FOXM1	SPAG5	0.880308	0.880308	positive
FOXM1	TACC3	0.846648	0.846648	positive
FOXM1	TTK	0.850922	0.850922	positive
MMP11	ISLR	0.829512	0.829512	positive
PEBP4	SFTPD	0.842426	0.842426	positive
TEKT2	AKAP14	0.853386	0.853386	positive
TEKT2	C22ORF15	0.840666	0.840666	positive
TEKT2	C6ORF118	0.893143	0.893143	positive
TEKT2	CFAP52	0.850603	0.850603	positive
TEKT2	CFAP77	0.813369	0.813369	positive
TEKT2	CIBAR2	0.822892	0.822892	positive
TEKT2	HOATZ	0.830459	0.830459	positive
TEKT2	LRRC46	0.842991	0.842991	positive
TEKT2	ROPN1L	0.816033	0.816033	positive
TEKT2	SAXO2	0.831928	0.831928	positive
TEKT2	TEKT1	0.872257	0.872257	positive
TEKT2	TUBA4B	0.851252	0.851252	positive
TEKT2	CFAP53	0.815312	0.815312	positive
TEKT2	SPEF1	0.892782	0.892782	positive
TEKT2	FAM183A	0.815718	0.815718	positive
TEKT2	STMND1	0.882499	0.882499	positive
SAXO2	AKAP14	0.900364	0.900364	positive
SAXO2	C22ORF15	0.882126	0.882126	positive
SAXO2	C6ORF118	0.926069	0.926069	positive
SAXO2	CFAP43	0.924566	0.924566	positive
SAXO2	CFAP52	0.933035	0.933035	positive
SAXO2	CFAP77	0.866728	0.866728	positive
SAXO2	CIBAR2	0.820406	0.820406	positive
SAXO2	ENKUR	0.887415	0.887415	positive
SAXO2	FAM216B	0.917015	0.917015	positive
SAXO2	GAS2L2	0.826491	0.826491	positive
SAXO2	HOATZ	0.940185	0.940185	positive
SAXO2	IL5RA	0.865391	0.865391	positive
SAXO2	LRRC46	0.845999	0.845999	positive
SAXO2	ROPN1L	0.838813	0.838813	positive
SAXO2	CFAP53	0.807658	0.807658	positive
SAXO2	LRRC18	0.801394	0.801394	positive
SAXO2	STMND1	0.818545	0.818545	positive
SAXO2	TEKT1	0.886945	0.886945	positive
SAXO2	TTC29	0.875968	0.875968	positive
SAXO2	TUBA4B	0.872871	0.872871	positive
KLK14	CALCA	0.807883	0.807883	positive
C16ORF89	GGTLC1	0.807216	0.807216	positive
KIF3C	CDCA5	0.816455	0.816455	positive
KIF3C	GTSE1	0.811498	0.811498	positive
KIF3C	NCAPH	0.827183	0.827183	positive
KIF3C	PKMYT1	0.810957	0.810957	positive
KIF3C	CDT1	0.805853	0.805853	positive
KIF3C	MYBL2	0.842343	0.842343	positive
PBK	AURKA	0.849261	0.849261	positive
PBK	CCNA2	0.836447	0.836447	positive
PBK	CCNB1	0.834595	0.834595	positive
PBK	CDC25A	0.812262	0.812262	positive
PBK	CDCA5	0.859281	0.859281	positive
PBK	CDKN3	0.845602	0.845602	positive
PBK	CEP55	0.839209	0.839209	positive
PBK	DLGAP5	0.839153	0.839153	positive
PBK	ESPL1	0.831311	0.831311	positive
PBK	GTSE1	0.815485	0.815485	positive
PBK	NCAPH	0.83638	0.83638	positive
PBK	RRM2	0.883487	0.883487	positive
PBK	NUF2	0.843319	0.843319	positive
IL4I1	GPR84	0.822299	0.822299	positive
IL4I1	HAPLN3	0.808885	0.808885	positive
IL4I1	ITGB2	0.851132	0.851132	positive
IL4I1	PILRA	0.815379	0.815379	positive
MYBL2	AURKA	0.905515	0.905515	positive
MYBL2	CCNA2	0.848144	0.848144	positive
MYBL2	CCNB1	0.892519	0.892519	positive
MYBL2	CDC25A	0.833946	0.833946	positive
MYBL2	CDCA5	0.936142	0.936142	positive
MYBL2	CDKN3	0.841994	0.841994	positive
MYBL2	CEP55	0.872287	0.872287	positive
MYBL2	DLGAP5	0.859824	0.859824	positive
MYBL2	ESPL1	0.879964	0.879964	positive
MYBL2	GTSE1	0.910846	0.910846	positive
MYBL2	MTFR2	0.828464	0.828464	positive
MYBL2	NCAPH	0.910997	0.910997	positive
MYBL2	PKMYT1	0.932686	0.932686	positive
MYBL2	RRM2	0.861857	0.861857	positive
MYBL2	SPAG5	0.854583	0.854583	positive
MYBL2	TACC3	0.884041	0.884041	positive
MYBL2	TRIP13	0.849901	0.849901	positive
MYBL2	TTK	0.828238	0.828238	positive
MYBL2	CDT1	0.905176	0.905176	positive
MYBL2	CENPW	0.891423	0.891423	positive
MYBL2	E2F1	0.889187	0.889187	positive
MYBL2	CCNF	0.85814	0.85814	positive
MYBL2	HROB	0.859202	0.859202	positive
MYBL2	NUF2	0.822127	0.822127	positive
MYBL2	PTTG1	0.872272	0.872272	positive
MYBL2	RECQL4	0.857384	0.857384	positive
MYBL2	SAPCD2	0.831266	0.831266	positive
RECQL4	AURKA	0.816767	0.816767	positive
RECQL4	CCNB1	0.818996	0.818996	positive
RECQL4	CDC25A	0.805575	0.805575	positive
RECQL4	CDCA5	0.832479	0.832479	positive
RECQL4	PKMYT1	0.878355	0.878355	positive
RECQL4	TACC3	0.825474	0.825474	positive
RECQL4	CDT1	0.86055	0.86055	positive
RECQL4	E2F1	0.856805	0.856805	positive
RECQL4	PTTG1	0.801159	0.801159	positive
RECQL4	SAPCD2	0.818053	0.818053	positive
S1PR1	MYCT1	0.822249	0.822249	positive
S1PR1	CYYR1	0.811175	0.811175	positive
IGSF6	FPR3	0.802137	0.802137	positive
IGSF6	HAVCR2	0.810535	0.810535	positive
IGSF6	MNDA	0.872769	0.872769	positive
IGSF6	CD300LF	0.817919	0.817919	positive
IGSF6	PLEK	0.817471	0.817471	positive
IGSF6	CCR2	0.815761	0.815761	positive
IGSF6	P2RY13	0.910761	0.910761	positive
IGSF6	GPR34	0.8012	0.8012	positive
COX7A1	TAGLN	0.810058	0.810058	positive
GAS2L2	AKAP14	0.859334	0.859334	positive
GAS2L2	C22ORF15	0.846373	0.846373	positive
GAS2L2	C6ORF118	0.872135	0.872135	positive
GAS2L2	CFAP52	0.860787	0.860787	positive
GAS2L2	CFAP77	0.851771	0.851771	positive
GAS2L2	CIBAR2	0.849418	0.849418	positive
GAS2L2	CFAP53	0.855246	0.855246	positive
GAS2L2	HOATZ	0.866479	0.866479	positive
GAS2L2	IL5RA	0.813487	0.813487	positive
GAS2L2	LRRC46	0.839768	0.839768	positive
GAS2L2	ROPN1L	0.832115	0.832115	positive
GAS2L2	SPEF1	0.831723	0.831723	positive
GAS2L2	TEKT1	0.870349	0.870349	positive
GAS2L2	TTC29	0.804261	0.804261	positive
GAS2L2	TUBA4B	0.883481	0.883481	positive
HROB	AURKA	0.818584	0.818584	positive
HROB	CCNB1	0.840534	0.840534	positive
HROB	CDCA5	0.863372	0.863372	positive
HROB	CEP55	0.81562	0.81562	positive
HROB	DLGAP5	0.825455	0.825455	positive
HROB	ESPL1	0.825485	0.825485	positive
HROB	GTSE1	0.826346	0.826346	positive
HROB	NCAPH	0.868839	0.868839	positive
HROB	PKMYT1	0.843275	0.843275	positive
HROB	RRM2	0.842291	0.842291	positive
HROB	SPAG5	0.87465	0.87465	positive
HROB	TACC3	0.827289	0.827289	positive
HROB	TRIP13	0.81069	0.81069	positive
HROB	TTK	0.810888	0.810888	positive
HROB	E2F1	0.833148	0.833148	positive
FAM216B	AKAP14	0.889964	0.889964	positive
FAM216B	C22ORF15	0.889152	0.889152	positive
FAM216B	C6ORF118	0.893723	0.893723	positive
FAM216B	CFAP43	0.904098	0.904098	positive
FAM216B	CFAP52	0.923442	0.923442	positive
FAM216B	CFAP77	0.845661	0.845661	positive
FAM216B	CIBAR2	0.807131	0.807131	positive
FAM216B	ENKUR	0.89657	0.89657	positive
FAM216B	HOATZ	0.941456	0.941456	positive
FAM216B	IL5RA	0.869811	0.869811	positive
FAM216B	LRRC18	0.877127	0.877127	positive
FAM216B	LRRC46	0.809934	0.809934	positive
FAM216B	ROPN1L	0.843368	0.843368	positive
FAM216B	TEKT1	0.886417	0.886417	positive
FAM216B	TTC29	0.87126	0.87126	positive
FAM216B	TUBA4B	0.880243	0.880243	positive
ASCL1	CALCA	0.885822	0.885822	positive
CIITA	P2RY13	0.819805	0.819805	positive
ORM1	ORM2	0.881039	0.881039	positive
PLEK	FPR3	0.894462	0.894462	positive
PLEK	HAVCR2	0.895317	0.895317	positive
PLEK	MNDA	0.86421	0.86421	positive
PLEK	CCR1	0.831995	0.831995	positive
PLEK	CD300LF	0.851667	0.851667	positive
PLEK	FCER1G	0.821452	0.821452	positive
PLEK	FGR	0.871337	0.871337	positive
PLEK	CCR5	0.894465	0.894465	positive
PLEK	GBP5	0.810561	0.810561	positive
PLEK	GPR84	0.805535	0.805535	positive
PLEK	P2RY13	0.814064	0.814064	positive
P2RY13	MNDA	0.827448	0.827448	positive
P2RY13	CCR5	0.816984	0.816984	positive
P2RY13	CCR2	0.87556	0.87556	positive
ERG	MYCT1	0.814854	0.814854	positive
ERG	LDB2	0.814493	0.814493	positive
STAB1	FPR3	0.83739	0.83739	positive
STAB1	HAVCR2	0.805632	0.805632	positive
NUF2	AURKA	0.877287	0.877287	positive
NUF2	CCNA2	0.867658	0.867658	positive
NUF2	CCNB1	0.828321	0.828321	positive
NUF2	CDC25A	0.838852	0.838852	positive
NUF2	CDCA5	0.827387	0.827387	positive
NUF2	CDKN3	0.857638	0.857638	positive
NUF2	CENPU	0.8323	0.8323	positive
NUF2	CEP55	0.884537	0.884537	positive
NUF2	DLGAP5	0.866426	0.866426	positive
NUF2	ESPL1	0.892163	0.892163	positive
NUF2	GTSE1	0.850273	0.850273	positive
NUF2	NCAPH	0.893962	0.893962	positive
NUF2	RRM2	0.831676	0.831676	positive
NUF2	SPAG5	0.86577	0.86577	positive
NUF2	TTK	0.892898	0.892898	positive
NUF2	CENPF	0.841975	0.841975	positive
NUF2	E2F1	0.801667	0.801667	positive
NUF2	CCNF	0.811309	0.811309	positive
NUF2	ORC6	0.876947	0.876947	positive
CEP55	AURKA	0.904329	0.904329	positive
CEP55	CCNA2	0.932531	0.932531	positive
CEP55	CCNB1	0.862772	0.862772	positive
CEP55	CDC25A	0.852818	0.852818	positive
CEP55	CDCA5	0.874151	0.874151	positive
CEP55	CDKN3	0.892175	0.892175	positive
CEP55	CENPU	0.84251	0.84251	positive
CEP55	CCNF	0.831959	0.831959	positive
CEP55	CENPF	0.835051	0.835051	positive
CEP55	CENPW	0.800482	0.800482	positive
CEP55	DLGAP5	0.903077	0.903077	positive
CEP55	ESPL1	0.897308	0.897308	positive
CEP55	GTSE1	0.89723	0.89723	positive
CEP55	MTFR2	0.84317	0.84317	positive
CEP55	NCAPH	0.907836	0.907836	positive
CEP55	PKMYT1	0.866843	0.866843	positive
CEP55	RRM2	0.91148	0.91148	positive
CEP55	SHCBP1	0.877639	0.877639	positive
CEP55	SPAG5	0.884736	0.884736	positive
CEP55	STIL	0.807043	0.807043	positive
CEP55	TRIP13	0.868929	0.868929	positive
CEP55	TTK	0.90934	0.90934	positive
HS3ST6	AK7	0.806577	0.806577	positive
CDCA5	AURKA	0.903464	0.903464	positive
CDCA5	CCNA2	0.856654	0.856654	positive
CDCA5	CCNB1	0.910616	0.910616	positive
CDCA5	CDC25A	0.887024	0.887024	positive
CDCA5	CCNF	0.849685	0.849685	positive
CDCA5	CDKN3	0.855465	0.855465	positive
CDCA5	CDT1	0.911255	0.911255	positive
CDCA5	CENPW	0.868476	0.868476	positive
CDCA5	DLGAP5	0.893707	0.893707	positive
CDCA5	E2F1	0.885841	0.885841	positive
CDCA5	ESPL1	0.898923	0.898923	positive
CDCA5	GTSE1	0.910237	0.910237	positive
CDCA5	MTFR2	0.821193	0.821193	positive
CDCA5	NCAPH	0.911427	0.911427	positive
CDCA5	PKMYT1	0.932855	0.932855	positive
CDCA5	PTTG1	0.841432	0.841432	positive
CDCA5	RRM2	0.904125	0.904125	positive
CDCA5	SAPCD2	0.855169	0.855169	positive
CDCA5	SPAG5	0.882811	0.882811	positive
CDCA5	TACC3	0.905152	0.905152	positive
CDCA5	TRIP13	0.8328	0.8328	positive
CDCA5	TTK	0.848994	0.848994	positive
NCAPH	AURKA	0.913866	0.913866	positive
NCAPH	CCNA2	0.914172	0.914172	positive
NCAPH	CCNB1	0.888551	0.888551	positive
NCAPH	CDC25A	0.880431	0.880431	positive
NCAPH	CDKN3	0.865994	0.865994	positive
NCAPH	CENPU	0.847188	0.847188	positive
NCAPH	DLGAP5	0.9376	0.9376	positive
NCAPH	ESPL1	0.940599	0.940599	positive
NCAPH	GTSE1	0.928096	0.928096	positive
NCAPH	MTFR2	0.863269	0.863269	positive
NCAPH	CCNF	0.863604	0.863604	positive
NCAPH	CDT1	0.8345	0.8345	positive
NCAPH	CENPF	0.846623	0.846623	positive
NCAPH	CENPW	0.85067	0.85067	positive
NCAPH	E2F1	0.839399	0.839399	positive
NCAPH	ORC6	0.817193	0.817193	positive
NCAPH	PKMYT1	0.865998	0.865998	positive
NCAPH	RRM2	0.898213	0.898213	positive
NCAPH	SHCBP1	0.839367	0.839367	positive
NCAPH	SPAG5	0.929147	0.929147	positive
NCAPH	TACC3	0.881845	0.881845	positive
NCAPH	TRIP13	0.805946	0.805946	positive
NCAPH	TTK	0.916534	0.916534	positive
C1QTNF7	ROBO2	0.824871	0.824871	positive
CCNA2	AURKA	0.896588	0.896588	positive
CCNA2	CCNB1	0.867989	0.867989	positive
CCNA2	CCNF	0.800893	0.800893	positive
CCNA2	CDC25A	0.872117	0.872117	positive
CCNA2	CDKN3	0.90226	0.90226	positive
CCNA2	CENPU	0.862371	0.862371	positive
CCNA2	CENPW	0.832108	0.832108	positive
CCNA2	DLGAP5	0.911855	0.911855	positive
CCNA2	ESPL1	0.878848	0.878848	positive
CCNA2	GTSE1	0.879177	0.879177	positive
CCNA2	MTFR2	0.880256	0.880256	positive
CCNA2	ORC6	0.834659	0.834659	positive
CCNA2	PKMYT1	0.817063	0.817063	positive
CCNA2	RRM2	0.913629	0.913629	positive
CCNA2	SHCBP1	0.87474	0.87474	positive
CCNA2	SPAG5	0.859498	0.859498	positive
CCNA2	STIL	0.83116	0.83116	positive
CCNA2	TRIP13	0.829048	0.829048	positive
CCNA2	TTK	0.919461	0.919461	positive
ORC6	CDC25A	0.813428	0.813428	positive
ORC6	CENPU	0.809744	0.809744	positive
ORC6	MTFR2	0.801438	0.801438	positive
ORC6	SHCBP1	0.84625	0.84625	positive
ORC6	TTK	0.856931	0.856931	positive
CENPW	AURKA	0.843486	0.843486	positive
CENPW	CCNB1	0.875783	0.875783	positive
CENPW	CDKN3	0.817296	0.817296	positive
CENPW	GTSE1	0.840553	0.840553	positive
CENPW	MTFR2	0.912921	0.912921	positive
CENPW	PKMYT1	0.842421	0.842421	positive
CENPW	RRM2	0.840956	0.840956	positive
CENPW	TACC3	0.821466	0.821466	positive
CENPW	TTK	0.839058	0.839058	positive
CENPW	CDT1	0.820627	0.820627	positive
CENPW	E2F1	0.802812	0.802812	positive
CENPW	PTTG1	0.833514	0.833514	positive
SPARCL1	SLIT3	0.875361	0.875361	positive
MMP2	COL1A2	0.887856	0.887856	positive
MMP2	COL5A1	0.86484	0.86484	positive
MMP2	HTRA3	0.818763	0.818763	positive
SULF1	COL1A2	0.849979	0.849979	positive
SULF1	CCN4	0.840915	0.840915	positive
SULF1	COL5A1	0.87661	0.87661	positive
SULF1	FAP	0.891682	0.891682	positive
SULF1	INHBA	0.910327	0.910327	positive
SULF1	PRRX1	0.806741	0.806741	positive
SULF1	TNFAIP6	0.813788	0.813788	positive
SULF1	VCAN	0.858111	0.858111	positive
PODN	TMEM119	0.801717	0.801717	positive
CCDC78	AKAP14	0.880843	0.880843	positive
CCDC78	C22ORF15	0.887697	0.887697	positive
CCDC78	C6ORF118	0.834048	0.834048	positive
CCDC78	CFAP52	0.828304	0.828304	positive
CCDC78	CFAP77	0.842731	0.842731	positive
CCDC78	CIBAR2	0.864225	0.864225	positive
CCDC78	HOATZ	0.833596	0.833596	positive
CCDC78	IL5RA	0.80278	0.80278	positive
CCDC78	LRRC46	0.825344	0.825344	positive
CCDC78	ROPN1L	0.805635	0.805635	positive
CCDC78	TEKT1	0.850925	0.850925	positive
CCDC78	TTC29	0.845123	0.845123	positive
CCDC78	TUBA4B	0.846276	0.846276	positive
CCDC78	SPEF1	0.806222	0.806222	positive
OMD	MSRB3	0.804623	0.804623	positive
OMD	LRRC17	0.83886	0.83886	positive
GZMA	SIRPG	0.824294	0.824294	positive
GZMA	CXCL9	0.800406	0.800406	positive
GZMA	IL2RB	0.830109	0.830109	positive
GZMA	CCL5	0.847739	0.847739	positive
GZMA	PRF1	0.835336	0.835336	positive
GAS1	PDGFRA	0.800771	0.800771	positive
GAS1	SNAI2	0.815724	0.815724	positive
TNFAIP6	COL1A2	0.804456	0.804456	positive
TNFAIP6	FAP	0.810768	0.810768	positive
STIL	CENPU	0.8466	0.8466	positive
STIL	ESPL1	0.801746	0.801746	positive
STIL	SPAG5	0.820282	0.820282	positive
STIL	CENPF	0.843803	0.843803	positive
STIL	KNTC1	0.824198	0.824198	positive
STIL	TTK	0.86739	0.86739	positive
VCAN	COL5A1	0.817195	0.817195	positive
VCAN	FAP	0.817585	0.817585	positive
VCAN	INHBA	0.845473	0.845473	positive
AURKA	CCNB1	0.907595	0.907595	positive
AURKA	CCNF	0.877828	0.877828	positive
AURKA	CDC25A	0.876537	0.876537	positive
AURKA	CDKN3	0.891524	0.891524	positive
AURKA	CDT1	0.835773	0.835773	positive
AURKA	CENPU	0.823179	0.823179	positive
AURKA	DLGAP5	0.895917	0.895917	positive
AURKA	E2F1	0.852384	0.852384	positive
AURKA	ESPL1	0.925916	0.925916	positive
AURKA	GTSE1	0.89431	0.89431	positive
AURKA	MTFR2	0.830005	0.830005	positive
AURKA	PKMYT1	0.870261	0.870261	positive
AURKA	PTTG1	0.832538	0.832538	positive
AURKA	RRM2	0.865258	0.865258	positive
AURKA	SPAG5	0.892792	0.892792	positive
AURKA	TACC3	0.855533	0.855533	positive
AURKA	TRIP13	0.820601	0.820601	positive
AURKA	TTK	0.896028	0.896028	positive
TIGIT	GBP5	0.810063	0.810063	positive
BCL6B	CDH5	0.812338	0.812338	positive
BCL6B	GPR4	0.820099	0.820099	positive
BCL6B	PCDH12	0.835846	0.835846	positive
CD274	PDCD1LG2	0.804661	0.804661	positive
HOATZ	AKAP14	0.95031	0.95031	positive
HOATZ	C22ORF15	0.937867	0.937867	positive
HOATZ	C6ORF118	0.959486	0.959486	positive
HOATZ	CFAP43	0.922287	0.922287	positive
HOATZ	CFAP52	0.965527	0.965527	positive
HOATZ	CFAP77	0.89946	0.89946	positive
HOATZ	CIBAR2	0.872105	0.872105	positive
HOATZ	ENKUR	0.908641	0.908641	positive
HOATZ	CACNG6	0.813768	0.813768	positive
HOATZ	CFAP53	0.85442	0.85442	positive
HOATZ	CFAP57	0.805699	0.805699	positive
HOATZ	IL5RA	0.930769	0.930769	positive
HOATZ	LRRC18	0.821516	0.821516	positive
HOATZ	LRRC46	0.885221	0.885221	positive
HOATZ	ROPN1L	0.901624	0.901624	positive
HOATZ	SPEF1	0.823456	0.823456	positive
HOATZ	TEKT1	0.938501	0.938501	positive
HOATZ	TTC29	0.921928	0.921928	positive
HOATZ	TUBA4B	0.933468	0.933468	positive
CCR1	PILRA	0.818718	0.818718	positive
CCR1	FPR3	0.897609	0.897609	positive
CCR1	HAVCR2	0.908589	0.908589	positive
CCR1	MNDA	0.8193	0.8193	positive
CCR1	SIGLEC1	0.814665	0.814665	positive
CCR1	FCER1G	0.893467	0.893467	positive
CCR1	FGR	0.813169	0.813169	positive
CCR1	PDCD1LG2	0.807534	0.807534	positive
IGLL5	AC136428.1	0.889279	0.889279	positive
GPR84	FPR3	0.802277	0.802277	positive
GPR84	HAVCR2	0.821119	0.821119	positive
GPR84	FCER1G	0.806229	0.806229	positive
GPR84	HAPLN3	0.812369	0.812369	positive
PAX5	TNFRSF13B	0.840952	0.840952	positive
PAX5	TNFRSF13C	0.812907	0.812907	positive
TRIP13	CCNB1	0.800981	0.800981	positive
TRIP13	CDKN3	0.823813	0.823813	positive
TRIP13	CENPU	0.817125	0.817125	positive
TRIP13	DLGAP5	0.804917	0.804917	positive
TRIP13	GTSE1	0.820499	0.820499	positive
TRIP13	MTFR2	0.816976	0.816976	positive
TRIP13	PKMYT1	0.807621	0.807621	positive
TRIP13	RRM2	0.829295	0.829295	positive
TRIP13	SHCBP1	0.819428	0.819428	positive
TRIP13	SPAG5	0.825981	0.825981	positive
TRIP13	CCNF	0.81812	0.81812	positive
TRIP13	TTK	0.84627	0.84627	positive
TMEM119	SERPINF1	0.822992	0.822992	positive
DIPK2B	CDH5	0.843234	0.843234	positive
DIPK2B	CYYR1	0.829015	0.829015	positive
DIPK2B	MYCT1	0.858722	0.858722	positive
PTTG1	CCNB1	0.881702	0.881702	positive
PTTG1	CDKN3	0.820194	0.820194	positive
PTTG1	GTSE1	0.802176	0.802176	positive
PTTG1	PKMYT1	0.832644	0.832644	positive
PTTG1	TACC3	0.820657	0.820657	positive
PTTG1	CDT1	0.8567	0.8567	positive
PTTG1	E2F1	0.812953	0.812953	positive
PTTG1	CCNF	0.805798	0.805798	positive
GIMAP6	CCR5	0.82032	0.82032	positive
TGFBR3	ASPA	0.823943	0.823943	positive
TPM2	TAGLN	0.85877	0.85877	positive
FGR	ITGB2	0.803446	0.803446	positive
FGR	PILRA	0.812076	0.812076	positive
FGR	HAVCR2	0.879647	0.879647	positive
FGR	CD300LF	0.830334	0.830334	positive
FGR	FCER1G	0.855202	0.855202	positive
FGR	PRAM1	0.817057	0.817057	positive
SFRP2	COL1A2	0.815826	0.815826	positive
CDC25A	CCNB1	0.841608	0.841608	positive
CDC25A	CCNF	0.835784	0.835784	positive
CDC25A	CENPF	0.812682	0.812682	positive
CDC25A	DLGAP5	0.857753	0.857753	positive
CDC25A	E2F1	0.80249	0.80249	positive
CDC25A	ESPL1	0.886187	0.886187	positive
CDC25A	GTSE1	0.87098	0.87098	positive
CDC25A	PKMYT1	0.826636	0.826636	positive
CDC25A	RRM2	0.845501	0.845501	positive
CDC25A	SPAG5	0.876499	0.876499	positive
CDC25A	TACC3	0.854554	0.854554	positive
CDC25A	TTK	0.877314	0.877314	positive
FAM183A	AKAP14	0.803858	0.803858	positive
FAM183A	C6ORF118	0.802929	0.802929	positive
FAM183A	TEKT1	0.824099	0.824099	positive
FAM183A	TUBA4B	0.82807	0.82807	positive
FAM183A	SPEF1	0.809345	0.809345	positive
SPAG5	CCNB1	0.839506	0.839506	positive
SPAG5	CENPU	0.829383	0.829383	positive
SPAG5	DLGAP5	0.872649	0.872649	positive
SPAG5	ESPL1	0.941657	0.941657	positive
SPAG5	GTSE1	0.902688	0.902688	positive
SPAG5	MTFR2	0.824407	0.824407	positive
SPAG5	PKMYT1	0.840902	0.840902	positive
SPAG5	RRM2	0.876607	0.876607	positive
SPAG5	SHCBP1	0.802284	0.802284	positive
SPAG5	CCNF	0.880127	0.880127	positive
SPAG5	CENPF	0.863093	0.863093	positive
SPAG5	E2F1	0.840302	0.840302	positive
SPAG5	TACC3	0.873142	0.873142	positive
SPAG5	TTK	0.905419	0.905419	positive
ISLR	TAGLN	0.827107	0.827107	positive
ISLR	HTRA3	0.850397	0.850397	positive
MYCT1	CYYR1	0.848052	0.848052	positive
FN1	COL1A2	0.8196	0.8196	positive
C6ORF118	AKAP14	0.932393	0.932393	positive
C6ORF118	C22ORF15	0.915403	0.915403	positive
C6ORF118	AK7	0.808517	0.808517	positive
C6ORF118	CACNG6	0.824311	0.824311	positive
C6ORF118	CFAP43	0.914918	0.914918	positive
C6ORF118	CFAP52	0.957008	0.957008	positive
C6ORF118	CFAP53	0.8878	0.8878	positive
C6ORF118	CFAP77	0.918674	0.918674	positive
C6ORF118	CIBAR2	0.878497	0.878497	positive
C6ORF118	ENKUR	0.905162	0.905162	positive
C6ORF118	IL5RA	0.917587	0.917587	positive
C6ORF118	LRRC46	0.8895	0.8895	positive
C6ORF118	ROPN1L	0.910402	0.910402	positive
C6ORF118	SPEF1	0.871941	0.871941	positive
C6ORF118	STMND1	0.843404	0.843404	positive
C6ORF118	TEKT1	0.96102	0.96102	positive
C6ORF118	TTC29	0.927033	0.927033	positive
C6ORF118	TUBA4B	0.930711	0.930711	positive
GPR18	ANKRD36C	0.819483	0.819483	positive
GPR18	GPR82	0.896848	0.896848	positive
CCL5	SIRPG	0.805032	0.805032	positive
CCL5	IL2RB	0.835605	0.835605	positive
CCL5	GZMB	0.821406	0.821406	positive
CCL5	GZMH	0.898952	0.898952	positive
CCL5	PRF1	0.907298	0.907298	positive
SIRPG	FOXP3	0.81538	0.81538	positive
SIRPG	IL2RB	0.88301	0.88301	positive
CCR2	MNDA	0.809351	0.809351	positive
CCR2	CCR5	0.815534	0.815534	positive
CCDC85B	C4ORF48	0.851437	0.851437	positive
CYYR1	LDB2	0.855557	0.855557	positive
SPEF1	AKAP14	0.875173	0.875173	positive
SPEF1	C22ORF15	0.842636	0.842636	positive
SPEF1	CFAP52	0.852196	0.852196	positive
SPEF1	CFAP77	0.835324	0.835324	positive
SPEF1	CIBAR2	0.839434	0.839434	positive
SPEF1	LRRC46	0.854331	0.854331	positive
SPEF1	ROPN1L	0.856484	0.856484	positive
SPEF1	TEKT1	0.891894	0.891894	positive
SPEF1	TTC29	0.809993	0.809993	positive
SPEF1	TUBA4B	0.878552	0.878552	positive
SPEF1	CFAP53	0.874689	0.874689	positive
SPEF1	CACNG6	0.816446	0.816446	positive
SPEF1	CAPS	0.800769	0.800769	positive
SPEF1	NHLRC4	0.859934	0.859934	positive
SPEF1	STMND1	0.845987	0.845987	positive
FCER1A	CD1A	0.872045	0.872045	positive
AK7	CFAP52	0.843423	0.843423	positive
LRRC18	CFAP43	0.865206	0.865206	positive
LRRC18	CFAP52	0.808848	0.808848	positive
LRRC18	ENKUR	0.828894	0.828894	positive
CXCL10	GBP5	0.844069	0.844069	positive
CXCL10	PDCD1LG2	0.810945	0.810945	positive
CXCL10	CXCL9	0.887991	0.887991	positive
PRRX1	FAP	0.863196	0.863196	positive
PRRX1	INHBA	0.829473	0.829473	positive
PRRX1	SNAI2	0.800025	0.800025	positive
CFAP57	CFAP43	0.809089	0.809089	positive
CFAP57	CFAP52	0.822955	0.822955	positive
CFAP57	STMND1	0.805619	0.805619	positive
AQP4	CLIC5	0.831702	0.831702	positive
TUBA4B	AKAP14	0.931751	0.931751	positive
TUBA4B	C22ORF15	0.916904	0.916904	positive
TUBA4B	CFAP43	0.828396	0.828396	positive
TUBA4B	CFAP52	0.935146	0.935146	positive
TUBA4B	CFAP77	0.920131	0.920131	positive
TUBA4B	CIBAR2	0.915075	0.915075	positive
TUBA4B	ENKUR	0.873256	0.873256	positive
TUBA4B	IL5RA	0.861904	0.861904	positive
TUBA4B	LRRC46	0.907741	0.907741	positive
TUBA4B	ROPN1L	0.912779	0.912779	positive
TUBA4B	TEKT1	0.958024	0.958024	positive
TUBA4B	TTC29	0.864669	0.864669	positive
TUBA4B	CACNG6	0.848778	0.848778	positive
TUBA4B	CFAP53	0.852001	0.852001	positive
TUBA4B	NHLRC4	0.80918	0.80918	positive
GTSE1	CCNB1	0.882272	0.882272	positive
GTSE1	CDKN3	0.847686	0.847686	positive
GTSE1	CENPU	0.8275	0.8275	positive
GTSE1	DLGAP5	0.900807	0.900807	positive
GTSE1	ESPL1	0.902933	0.902933	positive
GTSE1	CCNF	0.860753	0.860753	positive
GTSE1	CDT1	0.843991	0.843991	positive
GTSE1	E2F1	0.844038	0.844038	positive
GTSE1	MTFR2	0.838652	0.838652	positive
GTSE1	PKMYT1	0.892815	0.892815	positive
GTSE1	RRM2	0.911862	0.911862	positive
GTSE1	SHCBP1	0.805134	0.805134	positive
GTSE1	TACC3	0.873001	0.873001	positive
GTSE1	TTK	0.879588	0.879588	positive
COL6A1	COL1A2	0.847343	0.847343	positive
GBP5	CCR5	0.843598	0.843598	positive
GBP5	CXCL9	0.86855	0.86855	positive
GBP5	PDCD1LG2	0.851167	0.851167	positive
GZMH	PRF1	0.881933	0.881933	positive
FAP	CCN4	0.867771	0.867771	positive
FAP	COL5A1	0.80742	0.80742	positive
FAP	ALDH1L2	0.800441	0.800441	positive
FAP	INHBA	0.901578	0.901578	positive
PDCD1LG2	FPR3	0.887304	0.887304	positive
PDCD1LG2	HAVCR2	0.824139	0.824139	positive
PDCD1LG2	CCR5	0.808054	0.808054	positive
FAM180A	MSRB3	0.809865	0.809865	positive
CFAP43	AKAP14	0.845226	0.845226	positive
CFAP43	C22ORF15	0.86515	0.86515	positive
CFAP43	CFAP52	0.924432	0.924432	positive
CFAP43	CFAP53	0.838681	0.838681	positive
CFAP43	CFAP77	0.846941	0.846941	positive
CFAP43	ENKUR	0.914415	0.914415	positive
CFAP43	IL5RA	0.904009	0.904009	positive
CFAP43	LRRC46	0.813702	0.813702	positive
CFAP43	ROPN1L	0.83339	0.83339	positive
CFAP43	TEKT1	0.861031	0.861031	positive
CFAP43	TTC29	0.881072	0.881072	positive
CDKN3	CCNB1	0.892267	0.892267	positive
CDKN3	DLGAP5	0.932482	0.932482	positive
CDKN3	ESPL1	0.839058	0.839058	positive
CDKN3	MTFR2	0.809086	0.809086	positive
CDKN3	PKMYT1	0.817651	0.817651	positive
CDKN3	RRM2	0.887848	0.887848	positive
CDKN3	TTK	0.849589	0.849589	positive
LST1	MNDA	0.845635	0.845635	positive
LST1	CD300LF	0.863597	0.863597	positive
LST1	FCER1G	0.817194	0.817194	positive
LST1	HLA-DRA	0.875048	0.875048	positive
POLE2	KNTC1	0.834835	0.834835	positive
DLGAP5	CCNB1	0.888019	0.888019	positive
DLGAP5	CENPU	0.812109	0.812109	positive
DLGAP5	CCNF	0.848178	0.848178	positive
DLGAP5	CDT1	0.809208	0.809208	positive
DLGAP5	CENPF	0.846113	0.846113	positive
DLGAP5	ESPL1	0.904487	0.904487	positive
DLGAP5	MTFR2	0.809154	0.809154	positive
DLGAP5	PKMYT1	0.84517	0.84517	positive
DLGAP5	RRM2	0.90213	0.90213	positive
DLGAP5	TACC3	0.845715	0.845715	positive
DLGAP5	TTK	0.887986	0.887986	positive
CCNF	CCNB1	0.831632	0.831632	positive
CCNF	CENPU	0.825591	0.825591	positive
CCNF	ESPL1	0.895204	0.895204	positive
CCNF	PKMYT1	0.828772	0.828772	positive
CCNF	SHCBP1	0.802156	0.802156	positive
CCNF	TACC3	0.862717	0.862717	positive
CCNF	TTK	0.850646	0.850646	positive
CCNF	CENPF	0.8372	0.8372	positive
HLA-DRA	CD300LF	0.820485	0.820485	positive
HLA-DRA	HLA-DRB1	0.921187	0.921187	positive
CD300LF	ITGB2	0.805702	0.805702	positive
CD300LF	HAVCR2	0.846146	0.846146	positive
CD300LF	MNDA	0.888146	0.888146	positive
CD300LF	FCER1G	0.828827	0.828827	positive
CD300LF	PRAM1	0.808716	0.808716	positive
MSRB3	PDGFRA	0.850417	0.850417	positive
FKBP10	P3H4	0.875755	0.875755	positive
KIR2DL4	GZMB	0.826916	0.826916	positive
CKS2	CCNB1	0.816029	0.816029	positive
TEKT1	AKAP14	0.941324	0.941324	positive
TEKT1	C22ORF15	0.917464	0.917464	positive
TEKT1	CFAP52	0.938592	0.938592	positive
TEKT1	CFAP77	0.930877	0.930877	positive
TEKT1	CIBAR2	0.916427	0.916427	positive
TEKT1	ENKUR	0.906276	0.906276	positive
TEKT1	IL5RA	0.878891	0.878891	positive
TEKT1	LRRC46	0.891615	0.891615	positive
TEKT1	ROPN1L	0.93575	0.93575	positive
TEKT1	CACNG6	0.84106	0.84106	positive
TEKT1	CFAP53	0.879609	0.879609	positive
TEKT1	NHLRC4	0.830221	0.830221	positive
TEKT1	STMND1	0.816866	0.816866	positive
TEKT1	TTC29	0.906942	0.906942	positive
TACC3	CCNB1	0.904907	0.904907	positive
TACC3	ESPL1	0.853653	0.853653	positive
TACC3	PKMYT1	0.87987	0.87987	positive
TACC3	RRM2	0.828002	0.828002	positive
TACC3	CDT1	0.869006	0.869006	positive
TACC3	E2F1	0.85493	0.85493	positive
FMO2	JAM2	0.856067	0.856067	positive
CCN4	INHBA	0.872241	0.872241	positive
LDB2	JAM2	0.865984	0.865984	positive
ROPN1L	AKAP14	0.901926	0.901926	positive
ROPN1L	C22ORF15	0.897695	0.897695	positive
ROPN1L	CFAP52	0.88061	0.88061	positive
ROPN1L	CFAP77	0.885609	0.885609	positive
ROPN1L	CIBAR2	0.862162	0.862162	positive
ROPN1L	ENKUR	0.887431	0.887431	positive
ROPN1L	IL5RA	0.832724	0.832724	positive
ROPN1L	LRRC46	0.870335	0.870335	positive
ROPN1L	CACNG6	0.813694	0.813694	positive
ROPN1L	CFAP53	0.836525	0.836525	positive
ROPN1L	TTC29	0.845377	0.845377	positive
ANKRD36C	GPR82	0.854426	0.854426	positive
CFAP53	AKAP14	0.848523	0.848523	positive
CFAP53	C22ORF15	0.825651	0.825651	positive
CFAP53	CFAP52	0.857856	0.857856	positive
CFAP53	CFAP77	0.865446	0.865446	positive
CFAP53	CIBAR2	0.811696	0.811696	positive
CFAP53	IL5RA	0.829224	0.829224	positive
CFAP53	LRRC46	0.859238	0.859238	positive
CFAP53	TTC29	0.867587	0.867587	positive
CFAP53	STMND1	0.838898	0.838898	positive
CCR5	FPR3	0.870625	0.870625	positive
CCR5	HAVCR2	0.829574	0.829574	positive
CCR5	MNDA	0.814004	0.814004	positive
ESPL1	CCNB1	0.868145	0.868145	positive
ESPL1	CENPU	0.801436	0.801436	positive
ESPL1	CDT1	0.807818	0.807818	positive
ESPL1	CENPF	0.881925	0.881925	positive
ESPL1	E2F1	0.835864	0.835864	positive
ESPL1	PKMYT1	0.850832	0.850832	positive
ESPL1	RRM2	0.86243	0.86243	positive
ESPL1	TTK	0.895782	0.895782	positive
COL5A1	COL1A2	0.972081	0.972081	positive
COL5A1	INHBA	0.872963	0.872963	positive
SHCBP1	MTFR2	0.837594	0.837594	positive
SHCBP1	RRM2	0.800904	0.800904	positive
SHCBP1	TTK	0.845875	0.845875	positive
ROBO2	NKD1	0.85415	0.85415	positive
KNTC1	C5ORF34	0.829964	0.829964	positive
MTFR2	CCNB1	0.836492	0.836492	positive
MTFR2	CENPU	0.846431	0.846431	positive
MTFR2	RRM2	0.867337	0.867337	positive
MTFR2	TTK	0.901724	0.901724	positive
LRRC46	AKAP14	0.882403	0.882403	positive
LRRC46	C22ORF15	0.875021	0.875021	positive
LRRC46	CFAP52	0.922078	0.922078	positive
LRRC46	CFAP77	0.905889	0.905889	positive
LRRC46	CIBAR2	0.866815	0.866815	positive
LRRC46	ENKUR	0.827102	0.827102	positive
LRRC46	IL5RA	0.824424	0.824424	positive
LRRC46	CACNG6	0.867934	0.867934	positive
LRRC46	STMND1	0.803868	0.803868	positive
LRRC46	TTC29	0.864963	0.864963	positive
MNDA	FPR3	0.876892	0.876892	positive
MNDA	HAVCR2	0.900454	0.900454	positive
MNDA	FCER1G	0.809462	0.809462	positive
CFAP77	AKAP14	0.899122	0.899122	positive
CFAP77	C22ORF15	0.892817	0.892817	positive
CFAP77	CFAP52	0.921385	0.921385	positive
CFAP77	CACNG6	0.847246	0.847246	positive
CFAP77	CIBAR2	0.871317	0.871317	positive
CFAP77	ENKUR	0.883759	0.883759	positive
CFAP77	IL5RA	0.846139	0.846139	positive
CFAP77	TTC29	0.894757	0.894757	positive
CDH5	CLEC14A	0.812623	0.812623	positive
IL5RA	AKAP14	0.884711	0.884711	positive
IL5RA	C22ORF15	0.871851	0.871851	positive
IL5RA	CFAP52	0.912991	0.912991	positive
IL5RA	CIBAR2	0.837353	0.837353	positive
IL5RA	ENKUR	0.869774	0.869774	positive
IL5RA	TTC29	0.883228	0.883228	positive
IRX2	C5ORF38	0.887755	0.887755	positive
TMEM150B	PILRA	0.835699	0.835699	positive
TMEM150B	FCER1G	0.815761	0.815761	positive
INHBA	COL1A2	0.823922	0.823922	positive
JAM2	SLIT3	0.816425	0.816425	positive
CENPF	TTK	0.83305	0.83305	positive
CENPU	RRM2	0.839846	0.839846	positive
CENPU	TTK	0.901326	0.901326	positive
SIGLEC1	PILRA	0.83843	0.83843	positive
SIGLEC1	FPR3	0.843969	0.843969	positive
SIGLEC1	HAVCR2	0.848986	0.848986	positive
SIGLEC1	FCER1G	0.844942	0.844942	positive
STMND1	AKAP14	0.81813	0.81813	positive
STMND1	CFAP52	0.837343	0.837343	positive
FCER1G	ITGB2	0.820072	0.820072	positive
FCER1G	PILRA	0.910626	0.910626	positive
FCER1G	FPR3	0.830534	0.830534	positive
FCER1G	HAVCR2	0.91462	0.91462	positive
MEOX2	SLIT2	0.808927	0.808927	positive
PRF1	GZMB	0.857162	0.857162	positive
GPR4	PLVAP	0.839505	0.839505	positive
E2F1	CCNB1	0.863162	0.863162	positive
E2F1	PKMYT1	0.889395	0.889395	positive
E2F1	CDT1	0.882476	0.882476	positive
CIBAR2	AKAP14	0.913075	0.913075	positive
CIBAR2	C22ORF15	0.87853	0.87853	positive
CIBAR2	CFAP52	0.86559	0.86559	positive
CIBAR2	CACNG6	0.831706	0.831706	positive
CIBAR2	NHLRC4	0.840561	0.840561	positive
CIBAR2	TTC29	0.825125	0.825125	positive
C22ORF15	AKAP14	0.94246	0.94246	positive
C22ORF15	CACNG6	0.820911	0.820911	positive
C22ORF15	CFAP52	0.937905	0.937905	positive
C22ORF15	ENKUR	0.880688	0.880688	positive
C22ORF15	TTC29	0.89877	0.89877	positive
ACTA2	COL1A2	0.835319	0.835319	positive
ACTA2	TAGLN	0.921082	0.921082	positive
TNFRSF13C	TNFRSF13B	0.86042	0.86042	positive
CCNB1	CDT1	0.87605	0.87605	positive
CCNB1	PKMYT1	0.875545	0.875545	positive
CCNB1	RRM2	0.885902	0.885902	positive
CCNB1	SAPCD2	0.811402	0.811402	positive
CCNB1	TTK	0.828367	0.828367	positive
SAPCD2	PKMYT1	0.867318	0.867318	positive
SAPCD2	RRM2	0.811341	0.811341	positive
SAPCD2	CDT1	0.830904	0.830904	positive
ENKUR	AKAP14	0.859909	0.859909	positive
ENKUR	CFAP52	0.9123	0.9123	positive
ENKUR	TTC29	0.853688	0.853688	positive
RRM2	PKMYT1	0.855691	0.855691	positive
RRM2	CDT1	0.800202	0.800202	positive
RRM2	TTK	0.885428	0.885428	positive
FPR3	HAVCR2	0.930914	0.930914	positive
CACNG6	AKAP14	0.861266	0.861266	positive
CACNG6	CFAP52	0.862849	0.862849	positive
CACNG6	TTC29	0.822369	0.822369	positive
CFAP52	AKAP14	0.940231	0.940231	positive
CFAP52	TTC29	0.919547	0.919547	positive
SPON1	FGF7	0.804749	0.804749	positive
CDT1	PKMYT1	0.91338	0.91338	positive
AKAP14	NHLRC4	0.804324	0.804324	positive
AKAP14	TTC29	0.924294	0.924294	positive
HSD11B1	PILRA	0.832348	0.832348	positive
HSD11B1	HAVCR2	0.81413	0.81413	positive
HAVCR2	ITGB2	0.80138	0.80138	positive
HAVCR2	PILRA	0.827668	0.827668	positive
ITGB2	PILRA	0.834911	0.834911	positive
