gene_a	gene_b	weight	abs_weight	edge_type
COL1A1	COL3A1	0.913083	0.913083	positive
COL1A1	SFRP2	0.777373	0.777373	positive
NAPSA	C16ORF89	0.810988	0.810988	positive
NAPSA	SFTPB	0.760378	0.760378	positive
COL10A1	MMP11	0.734919	0.734919	positive
SFTPB	C16ORF89	0.75927	0.75927	positive
SFRP2	COL3A1	0.81628	0.81628	positive
S100A9	S100A8	0.767084	0.767084	positive
