2026-04-07 03:41:09,892 [INFO] ======================================================================
2026-04-07 03:41:09,892 [INFO] LUAD ML PIPELINE — FULL RUN
2026-04-07 03:41:09,892 [INFO] ======================================================================
2026-04-07 03:41:09,892 [INFO] >>> Step 0  — Config
2026-04-07 03:41:09,892 [INFO] <<< Step 0  — Config DONE (0.0s)
2026-04-07 03:41:09,892 [INFO] >>> Step 1  — Data loading
2026-04-07 03:41:10,246 [INFO] ============================================================
2026-04-07 03:41:10,246 [INFO] STEP 1 — DATA LOADING
2026-04-07 03:41:10,246 [INFO] ============================================================
2026-04-07 03:41:10,246 [INFO] Loading tumor expression from: F:\LunaGraph\trial\data\raw\cBioPortal (RNA Seq Data)\data_mrna_seq_v2_rsem.txt
2026-04-07 03:41:11,978 [INFO]   Raw shape: (20531, 512)
2026-04-07 03:41:12,128 [WARNING]   19 duplicate gene symbols found — keeping highest-mean row.
2026-04-07 03:41:12,250 [INFO]   Final shape: (20512, 510)
2026-04-07 03:41:12,250 [INFO] Loading tumor metadata from: F:\LunaGraph\trial\data\raw\cBioPortal (RNA Seq Data)\data_clinical_patient.txt
2026-04-07 03:41:12,256 [INFO]   Raw shape: (566, 38)
2026-04-07 03:41:12,263 [INFO]   Final shape: (566, 35)
2026-04-07 03:41:12,263 [INFO] Loading normal expression from: F:\LunaGraph\trial\data\raw\Gtex (normal samples)\gene_tpm_v11_lung.gct.gz
2026-04-07 03:41:12,264 [INFO]   GCT version line : #1.2
2026-04-07 03:41:12,264 [INFO]   GCT dimension line: 74628	604
2026-04-07 03:41:18,466 [INFO]   Raw shape (after preamble skip): (74628, 606)
2026-04-07 03:41:18,782 [WARNING]   1307 duplicate gene symbols — keeping highest-mean row.
2026-04-07 03:41:19,286 [INFO]   Final shape: (73321, 604)
2026-04-07 03:41:19,286 [INFO] Loading normal metadata from: F:\LunaGraph\trial\data\raw\Gtex (normal samples)\GTEx_Analysis_v11_Annotations_SampleAttributesDS - LUAD.txt
2026-04-07 03:41:19,327 [INFO]   Raw shape: (1892, 119)  (all assay types)
2026-04-07 03:41:19,338 [INFO]   Retaining 11 QC columns: ['SAMPID', 'SMTS', 'SMTSD', 'SMRIN', 'SMATSSCR', 'SMRDTTL', 'SMMAPRT', 'SMRRNART', 'SMRDLGTH', 'SMNABTCHT', 'SMGEBTCHT']
2026-04-07 03:41:19,339 [INFO]   SMRIN  (RNA integrity) : mean=7.17  min=3.5  max=9.7
2026-04-07 03:41:19,340 [INFO]   SMATSSCR (autolysis)   : {0.0: 43, 1.0: 410, 2.0: 128, 3.0: 10}
2026-04-07 03:41:19,340 [INFO]   SMMAPRT  (map rate)    : mean=0.9836  min=0.8003
2026-04-07 03:41:19,340 [INFO]   Final shape: (604, 10)  (604 RNA-seq samples × 10 QC columns)
2026-04-07 03:41:19,340 [INFO] Loading labeled LUAD gene list from: F:\LunaGraph\trial\data\raw\LCGene (Labeled LUAD Data)\LCGene_human_LUAD_filtered.tsv
2026-04-07 03:41:19,345 [INFO]   Raw shape: (517, 10)
2026-04-07 03:41:19,345 [INFO]   Unique labeled LUAD genes loaded: 517
2026-04-07 03:41:19,350 [INFO]   Full LCGene table saved to: F:\LunaGraph\trial\data\processed\lcgene_luad_full.csv
2026-04-07 03:41:19,350 [INFO] 
Saving raw-loaded files to processed directory …
2026-04-07 03:41:40,605 [INFO] 
============================================================
2026-04-07 03:41:40,605 [INFO] STEP 1 SUMMARY
2026-04-07 03:41:40,606 [INFO] ============================================================
2026-04-07 03:41:40,606 [INFO]   Tumor expression   :  20512 genes  x  510 samples
2026-04-07 03:41:40,606 [INFO]   Normal expression  :  73321 genes  x  604 samples
2026-04-07 03:41:40,606 [INFO]   Normal metadata    :    604 RNA-seq samples  x  10 QC columns
2026-04-07 03:41:40,607 [INFO]   Labeled LUAD genes :    517 unique gene symbols (LCGene)
2026-04-07 03:41:40,607 [INFO] STEP 1 COMPLETE
2026-04-07 03:41:40,626 [INFO] <<< Step 1  — Data loading DONE (30.7s)
2026-04-07 03:41:40,626 [INFO] >>> Step 2  — Preprocessing
2026-04-07 03:41:41,321 [INFO] ============================================================
2026-04-07 03:41:41,321 [INFO] STEP 2 — DATA PREPROCESSING & QUALITY CONTROL
2026-04-07 03:41:41,321 [INFO] ============================================================
2026-04-07 03:41:44,977 [INFO] 
--- Tumor preprocessing ---
2026-04-07 03:41:45,074 [INFO]   [tumor] Replaced 1463479 zeros and 0 negatives with NaN.
2026-04-07 03:41:45,285 [INFO]   [tumor] log2(x+1) applied. Range: [0.004, 20.450]
2026-04-07 03:41:47,131 [WARNING]   [tumor] No common samples — trying TCGA ID truncation.
2026-04-07 03:41:47,169 [INFO]   [tumor] Retained 510 common samples.
2026-04-07 03:41:47,175 [INFO]   [tumor] Sample count OK: 510 >= 50.
2026-04-07 03:41:47,175 [INFO] 
--- Normal preprocessing ---
2026-04-07 03:41:47,558 [INFO]   [normal] Replaced 21868568 zeros and 0 negatives with NaN.
2026-04-07 03:41:48,497 [INFO]   [normal] log2(x+1) applied. Range: [0.000, 16.393]
2026-04-07 03:41:51,051 [INFO]   [normal] Retained 604 common samples.
2026-04-07 03:41:51,056 [INFO]   [normal] Sample count OK: 604 >= 50.
2026-04-07 03:41:51,056 [INFO] 
Generating QC plots …
2026-04-07 03:42:10,552 [INFO] 
============================================================
2026-04-07 03:42:10,552 [INFO] STEP 2 SUMMARY
2026-04-07 03:42:10,552 [INFO] ============================================================
2026-04-07 03:42:10,552 [INFO]   Tumor  expr :  16570 genes x  510 samples
2026-04-07 03:42:10,552 [INFO]   Normal expr :  21159 genes x  604 samples
2026-04-07 03:42:10,552 [INFO] STEP 2 COMPLETE
2026-04-07 03:42:10,578 [INFO] <<< Step 2  — Preprocessing DONE (30.0s)
2026-04-07 03:42:10,578 [INFO] >>> Step 3  — Harmonization
2026-04-07 03:42:10,591 [INFO] ============================================================
2026-04-07 03:42:10,594 [INFO] STEP 3 — GENE ID HARMONIZATION
2026-04-07 03:42:10,594 [INFO] ============================================================
2026-04-07 03:42:13,657 [WARNING]   [tumor] Dropping 1 invalid symbols.
2026-04-07 03:42:13,719 [INFO]   Common genes: 10986
2026-04-07 03:42:13,724 [INFO]   LCGene retained: 438 / 517 (84.7%)
2026-04-07 03:42:13,724 [WARNING]   LCGene genes lost: ABCB4, AKR1B10, ASCL1, BCL2L14, BPIFA1, BRINP1, BRSK2, C20ORF85, CA9, CASC1, CCKBR, CDX2, CHGA, CHRNA1, CHRNA5, CHRNA9, CLCA2, CLDN2, CSMD1, CYP2C19, CYP2C9, DLK1, DLX5, DPYSL5, DRD2, DSC3, ECE2, ELAVL2, EPHA7, FAM83A, FUT6, FZD9, GABRA3, GATA4, GPR87, HMGA2, HNF4A, HOXB9, IGF2BP3, INSM1, KCNH1, KCNJ3, KIF14, KIF5A, KLK6, KRT81, LEP, LGSN, MAGEA1, MAGEA6, MAGEC1, MMP13, MYO18B, NOV, NR0B1, NR1I2, NRXN1, OPCML, PAEP, PAX5, PITX2, PRAME, PTPRH, RGS17, SCGN, SERPINB4, SERPINB5, T, TERT, TF, TFAP2A, TFAP2B, TRIM31, TRPM8, UGT1A6, VIL1, VTCN1, WISP1, XDH
2026-04-07 03:42:26,048 [INFO]   Common genes: 10986
2026-04-07 03:42:26,048 [INFO] STEP 3 COMPLETE
2026-04-07 03:42:26,053 [INFO] <<< Step 3  — Harmonization DONE (15.5s)
2026-04-07 03:42:26,053 [INFO] >>> Step 4  — Differential expr
2026-04-07 03:42:26,138 [INFO] ============================================================
2026-04-07 03:42:26,138 [INFO] STEP 4 — DIFFERENTIAL EXPRESSION
2026-04-07 03:42:26,138 [INFO] ============================================================
2026-04-07 03:42:28,056 [INFO]   Tumor: (10986, 510)  Normal: (10986, 604)
2026-04-07 03:42:28,176 [INFO]   Running Welch t-test for 10986 genes …
2026-04-07 03:42:35,150 [INFO]   Significant at FDR<=0.05: 10924
2026-04-07 03:42:35,797 [INFO]   Up: 10425  Down: 47  NS: 514
2026-04-07 03:42:35,797 [INFO] STEP 4 COMPLETE
2026-04-07 03:42:35,814 [INFO] <<< Step 4  — Differential expr DONE (9.8s)
2026-04-07 03:42:35,814 [INFO] >>> Step 5  — Expr features
2026-04-07 03:42:35,817 [INFO] ============================================================
2026-04-07 03:42:35,817 [INFO] STEP 5 — EXPRESSION FEATURE CONSTRUCTION
2026-04-07 03:42:35,817 [INFO] ============================================================
2026-04-07 03:42:37,432 [INFO]   Computing stats for [tumor] ((10986, 510)) …
2026-04-07 03:42:44,140 [INFO]   Computing stats for [normal] ((10986, 604)) …
2026-04-07 03:42:50,743 [INFO]   [expression_features] Validated. Shape: (10986, 29)
2026-04-07 03:42:51,380 [INFO]   Expression features: (10986, 29)
2026-04-07 03:42:51,380 [INFO] STEP 5 COMPLETE
2026-04-07 03:42:51,380 [INFO] <<< Step 5  — Expr features DONE (15.6s)
2026-04-07 03:42:51,380 [INFO] >>> Step 6  — Co-expr network
2026-04-07 03:42:51,648 [INFO] ============================================================
2026-04-07 03:42:51,648 [INFO] STEP 6 — CO-EXPRESSION NETWORK CONSTRUCTION
2026-04-07 03:42:51,648 [INFO] ============================================================
2026-04-07 03:42:52,377 [INFO]   Matrix: 10986 genes x 510 samples | cutoff |r|>=0.7
2026-04-07 03:42:52,994 [INFO]   Chunk 10/22 edges so far: 29,784 (0.6s)
2026-04-07 03:42:53,592 [INFO]   Chunk 20/22 edges so far: 36,772 (1.2s)
2026-04-07 03:42:53,735 [INFO]   Chunk 22/22 edges so far: 36,943 (1.3s)
2026-04-07 03:42:53,778 [INFO]   Total edges: 36,943
2026-04-07 03:42:54,824 [INFO]   Graph: 2,510 nodes, 36,943 edges
2026-04-07 03:42:55,991 [INFO]   Runtime: 1.5s
2026-04-07 03:42:55,991 [INFO] STEP 6 COMPLETE
2026-04-07 03:42:56,007 [INFO] <<< Step 6  — Co-expr network DONE (4.6s)
2026-04-07 03:42:56,007 [INFO] >>> Step 7  — Network features
2026-04-07 03:42:56,007 [INFO] ============================================================
2026-04-07 03:42:56,007 [INFO] STEP 7 — NETWORK FEATURE EXTRACTION
2026-04-07 03:42:56,007 [INFO] ============================================================
2026-04-07 03:42:56,586 [INFO]   Graph: 10,986 nodes, 36,943 edges
2026-04-07 03:42:56,586 [INFO]   Extracting degree features …
2026-04-07 03:42:56,607 [INFO]   Extracting average neighbour degree …
2026-04-07 03:42:56,624 [INFO]   Betweenness centrality (n=10,986) …
2026-04-07 03:43:00,660 [INFO]   Closeness centrality …
2026-04-07 03:43:06,840 [INFO]   Eigenvector centrality …
2026-04-07 03:43:07,898 [INFO]   Clustering coefficient …
2026-04-07 03:43:11,461 [INFO]   Edge weight statistics …
2026-04-07 03:43:11,578 [INFO]   Component features …
2026-04-07 03:43:11,600 [INFO]   All features extracted in 15.0s
2026-04-07 03:43:12,582 [INFO]   Network features: (10986, 13)
2026-04-07 03:43:12,582 [INFO] STEP 7 COMPLETE
2026-04-07 03:43:12,582 [INFO] <<< Step 7  — Network features DONE (16.6s)
2026-04-07 03:43:12,582 [INFO] >>> Step 8  — Feature integration
2026-04-07 03:43:12,900 [INFO] ============================================================
2026-04-07 03:43:12,900 [INFO] STEP 8 — FEATURE INTEGRATION
2026-04-07 03:43:12,915 [INFO] ============================================================
2026-04-07 03:43:12,974 [INFO]   Expression: (10986, 29)  Network: (10986, 13)
2026-04-07 03:43:12,975 [INFO]   Concatenated: (10986, 42)
2026-04-07 03:43:13,030 [INFO]   Highly correlated pairs (|r|>=0.95): 19
2026-04-07 03:43:14,058 [INFO]   Integrated features: (10986, 42)
2026-04-07 03:43:14,058 [INFO] STEP 8 COMPLETE
2026-04-07 03:43:14,058 [INFO] <<< Step 8  — Feature integration DONE (1.5s)
2026-04-07 03:43:14,058 [INFO] >>> Step 9  — Label construction
2026-04-07 03:43:14,058 [INFO] ============================================================
2026-04-07 03:43:14,058 [INFO] STEP 9 — LABEL CONSTRUCTION
2026-04-07 03:43:14,058 [INFO] ============================================================
2026-04-07 03:43:14,124 [INFO]   LCGene symbols: 517
2026-04-07 03:43:14,140 [INFO]   Total: 10986  Positive (known LCGene): 438 (3.99%)  Unlabeled: 10548
2026-04-07 03:43:14,140 [INFO]   [PU framing] Negatives are UNLABELED — not confirmed non-cancer genes.
2026-04-07 03:43:14,298 [INFO]   LCGene genes unmatched: 79
2026-04-07 03:43:14,313 [INFO] STEP 9 COMPLETE
2026-04-07 03:43:14,313 [INFO] <<< Step 9  — Label construction DONE (0.3s)
2026-04-07 03:43:14,313 [INFO] >>> Step 10 — Train/val split
2026-04-07 03:43:14,313 [INFO] ============================================================
2026-04-07 03:43:14,313 [INFO] STEP 10 — TRAIN/VALIDATION SPLIT
2026-04-07 03:43:14,313 [INFO] ============================================================
2026-04-07 03:43:14,382 [INFO]   Features: (10986, 42)  Labels: 10986
2026-04-07 03:43:14,385 [INFO]   Train: 8788 (pos=350)  Val: 2198 (pos=88)
2026-04-07 03:43:15,298 [INFO] STEP 10 COMPLETE
2026-04-07 03:43:15,298 [INFO] <<< Step 10 — Train/val split DONE (1.0s)
2026-04-07 03:43:15,298 [INFO] >>> Step 11 — Model training
2026-04-07 03:43:15,360 [INFO] ============================================================
2026-04-07 03:43:15,360 [INFO] STEP 11 — MODEL TRAINING
2026-04-07 03:43:15,360 [INFO] ============================================================
2026-04-07 03:43:15,461 [INFO]   X_train: (8788, 42)  pos=350
2026-04-07 03:43:15,608 [INFO]   Random undersampling enabled (imbalanced-learn found).
2026-04-07 03:43:15,608 [INFO] 
  [random_forest] CV ...
2026-04-07 03:43:16,253 [INFO]     Fold 1 AUROC=0.9187 AUPRC=0.2859 F1=0.2648 MCC=0.3344
2026-04-07 03:43:16,889 [INFO]     Fold 2 AUROC=0.9017 AUPRC=0.2926 F1=0.2500 MCC=0.2978
2026-04-07 03:43:17,526 [INFO]     Fold 3 AUROC=0.9226 AUPRC=0.3292 F1=0.2714 MCC=0.3354
2026-04-07 03:43:18,162 [INFO]     Fold 4 AUROC=0.9220 AUPRC=0.3499 F1=0.2658 MCC=0.3189
2026-04-07 03:43:18,792 [INFO]     Fold 5 AUROC=0.9028 AUPRC=0.2612 F1=0.2598 MCC=0.3183
2026-04-07 03:43:18,792 [INFO]   [random_forest] AUROC=0.9136±0.0094  AUPRC=0.3037±0.0317  F1=0.2624±0.0072  MCC=0.3210±0.0137
2026-04-07 03:43:20,498 [INFO] 
  [gradient_boosting] CV ...
2026-04-07 03:43:20,895 [INFO]     Fold 1 AUROC=0.9175 AUPRC=0.3171 F1=0.2633 MCC=0.3191
2026-04-07 03:43:21,307 [INFO]     Fold 2 AUROC=0.9007 AUPRC=0.2831 F1=0.2727 MCC=0.3231
2026-04-07 03:43:21,702 [INFO]     Fold 3 AUROC=0.9240 AUPRC=0.3507 F1=0.2771 MCC=0.3382
2026-04-07 03:43:22,123 [INFO]     Fold 4 AUROC=0.9266 AUPRC=0.4459 F1=0.2766 MCC=0.3295
2026-04-07 03:43:22,519 [INFO]     Fold 5 AUROC=0.9037 AUPRC=0.2565 F1=0.2603 MCC=0.3189
2026-04-07 03:43:22,519 [INFO]   [gradient_boosting] AUROC=0.9145±0.0105  AUPRC=0.3307±0.0658  F1=0.2700±0.0069  MCC=0.3258±0.0073
2026-04-07 03:43:26,433 [INFO] 
  [logistic_regression] CV ...
2026-04-07 03:43:27,598 [INFO]     Fold 1 AUROC=0.9252 AUPRC=0.3266 F1=0.2809 MCC=0.3475
2026-04-07 03:43:28,252 [INFO]     Fold 2 AUROC=0.8965 AUPRC=0.2830 F1=0.2565 MCC=0.3044
2026-04-07 03:43:28,834 [INFO]     Fold 3 AUROC=0.9194 AUPRC=0.3527 F1=0.2627 MCC=0.3052
2026-04-07 03:43:29,408 [INFO]     Fold 4 AUROC=0.9394 AUPRC=0.4570 F1=0.3002 MCC=0.3549
2026-04-07 03:43:29,975 [INFO]     Fold 5 AUROC=0.9118 AUPRC=0.2917 F1=0.2970 MCC=0.3463
2026-04-07 03:43:29,975 [INFO]   [logistic_regression] AUROC=0.9185±0.0142  AUPRC=0.3422±0.0626  F1=0.2795±0.0176  MCC=0.3316±0.0221
2026-04-07 03:43:31,447 [INFO] 
  [extra_trees] CV ...
2026-04-07 03:43:31,895 [INFO]     Fold 1 AUROC=0.9128 AUPRC=0.3111 F1=0.2462 MCC=0.3072
2026-04-07 03:43:32,353 [INFO]     Fold 2 AUROC=0.8991 AUPRC=0.2688 F1=0.2548 MCC=0.3053
2026-04-07 03:43:32,812 [INFO]     Fold 3 AUROC=0.9175 AUPRC=0.2728 F1=0.2578 MCC=0.3137
2026-04-07 03:43:33,258 [INFO]     Fold 4 AUROC=0.9164 AUPRC=0.3680 F1=0.2635 MCC=0.3166
2026-04-07 03:43:33,706 [INFO]     Fold 5 AUROC=0.8889 AUPRC=0.2525 F1=0.2372 MCC=0.2821
2026-04-07 03:43:33,711 [INFO]   [extra_trees] AUROC=0.9069±0.0111  AUPRC=0.2946±0.0414  F1=0.2519±0.0092  MCC=0.3050±0.0122
2026-04-07 03:43:34,348 [INFO] 
All models trained in 18.9s
2026-04-07 03:43:34,349 [INFO]   Best: logistic_regression (AUPRC=0.3422)
2026-04-07 03:43:34,502 [INFO] STEP 11 COMPLETE
2026-04-07 03:43:34,512 [INFO] <<< Step 11 — Model training DONE (19.2s)
2026-04-07 03:43:34,512 [INFO] >>> Step 12 — Model evaluation
2026-04-07 03:43:34,519 [INFO] ============================================================
2026-04-07 03:43:34,520 [INFO] STEP 12 — MODEL EVALUATION
2026-04-07 03:43:34,520 [INFO] ============================================================
2026-04-07 03:43:34,557 [INFO]   Val: 2198 genes  pos=88
2026-04-07 03:43:34,964 [INFO]   [random_forest         ] AUROC=0.9091 AUPRC=0.3301 Acc=0.9249 MCC=0.3895 F1=0.3956 R@100=0.3636 P@100=0.3200
2026-04-07 03:43:34,994 [INFO]   [gradient_boosting     ] AUROC=0.9130 AUPRC=0.3579 Acc=0.9063 MCC=0.3932 F1=0.3795 R@100=0.3750 P@100=0.3300
2026-04-07 03:43:35,014 [INFO]   [logistic_regression   ] AUROC=0.9206 AUPRC=0.4035 Acc=0.9318 MCC=0.4042 F1=0.4141 R@100=0.4318 P@100=0.3800
2026-04-07 03:43:35,109 [INFO]   [extra_trees           ] AUROC=0.9077 AUPRC=0.3513 Acc=0.9327 MCC=0.3834 F1=0.3984 R@100=0.3750 P@100=0.3300
2026-04-07 03:43:35,113 [INFO]   Classification reports saved to: F:\LunaGraph\trial\outputs\results\classification_reports
2026-04-07 03:43:35,545 [INFO]   Confusion matrix grid saved: eval_confusion_matrices.png
2026-04-07 03:43:35,914 [INFO] STEP 12 COMPLETE
2026-04-07 03:43:35,929 [INFO] <<< Step 12 — Model evaluation DONE (1.4s)
2026-04-07 03:43:35,929 [INFO] >>> Step 13 — Feature importance
2026-04-07 03:43:35,952 [INFO] ============================================================
2026-04-07 03:43:35,953 [INFO] STEP 13 — FEATURE IMPORTANCE
2026-04-07 03:43:35,953 [INFO] ============================================================
2026-04-07 03:43:36,492 [INFO]   [logistic_regression] Permutation importance (n_repeats=10) …
2026-04-07 03:43:38,177 [INFO]   Top 5: {'normal_std': 0.9999999999923431, 'tumor_std': 0.7296951802800992, 'tumor_iqr_rank': 0.7009575099738499, 'neg_log10_padj': 0.3541549830078783, 'tumor_cv': 0.20492033120946304}
2026-04-07 03:43:38,303 [INFO]   Feature importance shape: (42, 9)
2026-04-07 03:43:38,303 [INFO]   Top feature: tumor_std (0.8055)
2026-04-07 03:43:38,303 [INFO] STEP 13 COMPLETE
2026-04-07 03:43:38,323 [INFO] <<< Step 13 — Feature importance DONE (2.4s)
2026-04-07 03:43:38,324 [INFO] >>> Step 14 — Gene ranking
2026-04-07 03:43:38,326 [INFO] ============================================================
2026-04-07 03:43:38,327 [INFO] STEP 14 — GENE PREDICTION & RANKING
2026-04-07 03:43:38,327 [INFO] ============================================================
2026-04-07 03:43:38,491 [INFO]   Scoring 10,986 genes …
2026-04-07 03:43:38,510 [INFO]   Total: 10,986  Novel candidates: 1,853
2026-04-07 03:43:38,510 [INFO]   Median positive (known) rank: 666
2026-04-07 03:43:38,510 [INFO]   Positive (known) in top-50:  31  top-100: 58  top-200: 101  top-500: 189
2026-04-07 03:43:38,510 [INFO]   Recall@50=0.0708  Recall@100=0.1324  Recall@200=0.2306  Recall@500=0.4315
2026-04-07 03:43:38,510 [INFO]   Precision@50=0.6200  Precision@100=0.5800
2026-04-07 03:43:38,895 [INFO] STEP 14 COMPLETE
2026-04-07 03:43:38,895 [INFO] <<< Step 14 — Gene ranking DONE (0.6s)
2026-04-07 03:43:38,895 [INFO] >>> Step 15 — Network annotation
2026-04-07 03:43:38,895 [INFO] ============================================================
2026-04-07 03:43:38,895 [INFO] STEP 15 — NETWORK ANNOTATION
2026-04-07 03:43:38,895 [INFO] ============================================================
2026-04-07 03:43:39,529 [INFO]   Graph: 10,986 nodes, 36,943 edges
2026-04-07 03:43:40,416 [INFO]   Positive edges: 36,908  Negative: 35
2026-04-07 03:43:43,090 [INFO]   LCGene nodes: 438  Novel: 1853
2026-04-07 03:43:43,091 [INFO] STEP 15 COMPLETE
2026-04-07 03:43:43,097 [INFO] <<< Step 15 — Network annotation DONE (4.2s)
2026-04-07 03:43:43,097 [INFO] >>> Step 16 — Network export
2026-04-07 03:43:43,111 [INFO] ============================================================
2026-04-07 03:43:43,111 [INFO] STEP 16 — NETWORK EXPORT
2026-04-07 03:43:43,111 [INFO] ============================================================
2026-04-07 03:43:44,451 [INFO]   Graph: 10,986 nodes, 36,943 edges
2026-04-07 03:43:47,132 [INFO]   GraphML saved: F:\LunaGraph\trial\outputs\results\network\exports/network_full.graphml
2026-04-07 03:43:49,180 [INFO]   Full network exports complete.
2026-04-07 03:43:49,217 [INFO]   [top100] 100 nodes, 9 edges
2026-04-07 03:43:49,344 [INFO]   [lcgene] 438 nodes, 620 edges
2026-04-07 03:43:49,787 [INFO]   [novel] 1853 nodes, 4684 edges
2026-04-07 03:43:49,927 [INFO]   [candidates] 875 nodes, 2367 edges
2026-04-07 03:43:50,921 [INFO] 
  Sub-networks:
2026-04-07 03:43:50,921 [INFO]     top100               nodes=  100  edges=      9
2026-04-07 03:43:50,921 [INFO]     lcgene               nodes=  438  edges=    620
2026-04-07 03:43:50,921 [INFO]     novel                nodes=1,853  edges=  4,684
2026-04-07 03:43:50,921 [INFO]     candidates           nodes=  875  edges=  2,367
2026-04-07 03:43:50,921 [INFO] STEP 16 COMPLETE
2026-04-07 03:43:50,921 [INFO] <<< Step 16 — Network export DONE (7.8s)
2026-04-07 03:43:50,937 [INFO] >>> Step 17 — Visualization
2026-04-07 03:43:51,066 [INFO] ============================================================
2026-04-07 03:43:51,066 [INFO] STEP 17 — INTERACTIVE VISUALIZATION
2026-04-07 03:43:51,066 [INFO] ============================================================
2026-04-07 03:43:51,165 [INFO] [1] Volcano …
2026-04-07 03:43:51,493 [INFO]   Volcano saved: F:\LunaGraph\trial\outputs\figures\interactive_volcano.html
2026-04-07 03:43:51,493 [INFO] [2] Ranking …
2026-04-07 03:43:51,706 [INFO]   Ranking plot saved: F:\LunaGraph\trial\outputs\figures\interactive_ranking.html
2026-04-07 03:43:51,706 [INFO] [3] Network …
2026-04-07 03:43:51,802 [INFO]   Network plot saved: F:\LunaGraph\trial\outputs\figures\interactive_network.html
2026-04-07 03:43:51,802 [INFO] [4] Feature importance …
2026-04-07 03:43:51,844 [INFO]   Feature importance saved: F:\LunaGraph\trial\outputs\figures\interactive_feature_importance.html
2026-04-07 03:43:51,844 [INFO] [5] Dashboard …
2026-04-07 03:43:51,912 [INFO]   Combined dashboard saved: F:\LunaGraph\trial\outputs\figures\interactive_dashboard.html
2026-04-07 03:43:51,912 [INFO] STEP 17 COMPLETE
2026-04-07 03:43:51,912 [INFO] <<< Step 17 — Visualization DONE (1.0s)
2026-04-07 03:43:51,912 [INFO] >>> Step 18 — Final report
2026-04-07 03:43:51,932 [INFO] ============================================================
2026-04-07 03:43:51,932 [INFO] STEP 18 — FINAL OUTPUTS & REPORTING
2026-04-07 03:43:51,933 [INFO] ============================================================
2026-04-07 03:43:51,933 [INFO] [1] Building summary table …
2026-04-07 03:43:52,104 [INFO]   Summary table: (10986, 27)
2026-04-07 03:43:52,104 [INFO] [2] Building text report …
2026-04-07 03:43:52,149 [INFO]   Report: 173 lines
2026-04-07 03:43:52,149 [INFO] [3] Building summary figure …
2026-04-07 03:43:52,819 [INFO]   Summary figure (PNG) saved: F:\LunaGraph\trial\outputs\results\reports\pipeline_summary_figure.png
2026-04-07 03:43:53,404 [INFO]   Summary figure (PDF) saved: F:\LunaGraph\trial\outputs\results\reports\pipeline_summary_figure.pdf
2026-04-07 03:43:53,420 [INFO] [4] Writing master runner …
2026-04-07 03:43:53,420 [INFO]   Master runner saved: F:\LunaGraph\trial\LUAD_ML_Pipeline\run_pipeline.py
2026-04-07 03:43:53,420 [INFO] ============================================================
2026-04-07 03:43:53,420 [INFO] STEP 18 SUMMARY
2026-04-07 03:43:53,420 [INFO] ============================================================
2026-04-07 03:43:53,420 [INFO]   Summary table: F:\LunaGraph\trial\outputs\results\reports/pipeline_summary_table.csv
2026-04-07 03:43:53,420 [INFO]   Text report  : F:\LunaGraph\trial\outputs\results\reports/pipeline_report.txt
2026-04-07 03:43:53,420 [INFO]   Summary fig  : F:\LunaGraph\trial\outputs\results\reports/pipeline_summary_figure.png
2026-04-07 03:43:53,420 [INFO]   Master runner: F:\LunaGraph\trial\LUAD_ML_Pipeline\run_pipeline.py
2026-04-07 03:43:53,420 [INFO] 
2026-04-07 03:43:53,420 [INFO]   Key deliverables:
2026-04-07 03:43:53,420 [INFO]     Gene rankings    : F:\LunaGraph\trial\outputs\results\gene_rankings.csv
2026-04-07 03:43:53,420 [INFO]     Novel candidates : F:\LunaGraph\trial\outputs\results/novel_candidates.csv
2026-04-07 03:43:53,420 [INFO]     Dashboard        : F:\LunaGraph\trial\outputs\figures/interactive_dashboard.html
2026-04-07 03:43:53,420 [INFO] STEP 18 COMPLETE
2026-04-07 03:43:53,420 [INFO] <<< Step 18 — Final report DONE (1.5s)
2026-04-07 03:43:53,420 [INFO] ======================================================================
2026-04-07 03:43:53,420 [INFO] EXECUTION SUMMARY
2026-04-07 03:43:53,420 [INFO] ======================================================================
2026-04-07 03:43:53,420 [INFO]   [OK] Step 0  — Config                                  0.0s
2026-04-07 03:43:53,420 [INFO]   [OK] Step 1  — Data loading                           30.7s
2026-04-07 03:43:53,420 [INFO]   [OK] Step 2  — Preprocessing                          30.0s
2026-04-07 03:43:53,420 [INFO]   [OK] Step 3  — Harmonization                          15.5s
2026-04-07 03:43:53,420 [INFO]   [OK] Step 4  — Differential expr                       9.8s
2026-04-07 03:43:53,420 [INFO]   [OK] Step 5  — Expr features                          15.6s
2026-04-07 03:43:53,420 [INFO]   [OK] Step 6  — Co-expr network                         4.6s
2026-04-07 03:43:53,420 [INFO]   [OK] Step 7  — Network features                       16.6s
2026-04-07 03:43:53,420 [INFO]   [OK] Step 8  — Feature integration                     1.5s
2026-04-07 03:43:53,420 [INFO]   [OK] Step 9  — Label construction                      0.3s
2026-04-07 03:43:53,420 [INFO]   [OK] Step 10 — Train/val split                         1.0s
2026-04-07 03:43:53,420 [INFO]   [OK] Step 11 — Model training                         19.2s
2026-04-07 03:43:53,420 [INFO]   [OK] Step 12 — Model evaluation                        1.4s
2026-04-07 03:43:53,420 [INFO]   [OK] Step 13 — Feature importance                      2.4s
2026-04-07 03:43:53,420 [INFO]   [OK] Step 14 — Gene ranking                            0.6s
2026-04-07 03:43:53,420 [INFO]   [OK] Step 15 — Network annotation                      4.2s
2026-04-07 03:43:53,420 [INFO]   [OK] Step 16 — Network export                          7.8s
2026-04-07 03:43:53,420 [INFO]   [OK] Step 17 — Visualization                           1.0s
2026-04-07 03:43:53,420 [INFO]   [OK] Step 18 — Final report                            1.5s
2026-04-07 03:43:53,420 [INFO]   Total: 163.5s (2.7 min)
2026-04-07 03:43:53,420 [INFO]   Pipeline COMPLETE.
2026-04-07 03:43:53,420 [INFO] ======================================================================
2026-04-07 03:46:16,961 [INFO] ======================================================================
2026-04-07 03:46:16,961 [INFO] LUAD ML PIPELINE — FULL RUN
2026-04-07 03:46:16,961 [INFO] ======================================================================
2026-04-07 03:46:16,961 [INFO] >>> Step 0  — Config
2026-04-07 03:46:16,973 [INFO] <<< Step 0  — Config DONE (0.0s)
2026-04-07 03:46:16,973 [INFO] >>> Step 1  — Data loading
2026-04-07 03:46:17,309 [INFO] ============================================================
2026-04-07 03:46:17,309 [INFO] STEP 1 — DATA LOADING
2026-04-07 03:46:17,309 [INFO] ============================================================
2026-04-07 03:46:17,309 [INFO] Loading tumor expression from: F:\LunaGraph\trial\data\raw\cBioPortal (RNA Seq Data)\data_mrna_seq_v2_rsem.txt
2026-04-07 03:46:18,901 [INFO]   Raw shape: (20531, 512)
2026-04-07 03:46:19,001 [WARNING]   19 duplicate gene symbols found — keeping highest-mean row.
2026-04-07 03:46:19,104 [INFO]   Final shape: (20512, 510)
2026-04-07 03:46:19,104 [INFO] Loading tumor metadata from: F:\LunaGraph\trial\data\raw\cBioPortal (RNA Seq Data)\data_clinical_patient.txt
2026-04-07 03:46:19,104 [INFO]   Raw shape: (566, 38)
2026-04-07 03:46:19,118 [INFO]   Final shape: (566, 35)
2026-04-07 03:46:19,118 [INFO] Loading normal expression from: F:\LunaGraph\trial\data\raw\Gtex (normal samples)\gene_tpm_v11_lung.gct.gz
2026-04-07 03:46:19,119 [INFO]   GCT version line : #1.2
2026-04-07 03:46:19,120 [INFO]   GCT dimension line: 74628	604
2026-04-07 03:46:26,700 [INFO]   Raw shape (after preamble skip): (74628, 606)
2026-04-07 03:46:26,974 [WARNING]   1307 duplicate gene symbols — keeping highest-mean row.
2026-04-07 03:46:27,455 [INFO]   Final shape: (73321, 604)
2026-04-07 03:46:27,455 [INFO] Loading normal metadata from: F:\LunaGraph\trial\data\raw\Gtex (normal samples)\GTEx_Analysis_v11_Annotations_SampleAttributesDS - LUAD.txt
2026-04-07 03:46:27,488 [INFO]   Raw shape: (1892, 119)  (all assay types)
2026-04-07 03:46:27,497 [INFO]   Retaining 11 QC columns: ['SAMPID', 'SMTS', 'SMTSD', 'SMRIN', 'SMATSSCR', 'SMRDTTL', 'SMMAPRT', 'SMRRNART', 'SMRDLGTH', 'SMNABTCHT', 'SMGEBTCHT']
2026-04-07 03:46:27,498 [INFO]   SMRIN  (RNA integrity) : mean=7.17  min=3.5  max=9.7
2026-04-07 03:46:27,499 [INFO]   SMATSSCR (autolysis)   : {0.0: 43, 1.0: 410, 2.0: 128, 3.0: 10}
2026-04-07 03:46:27,499 [INFO]   SMMAPRT  (map rate)    : mean=0.9836  min=0.8003
2026-04-07 03:46:27,499 [INFO]   Final shape: (604, 10)  (604 RNA-seq samples × 10 QC columns)
2026-04-07 03:46:27,499 [INFO] Loading labeled LUAD gene list from: F:\LunaGraph\trial\data\raw\LCGene (Labeled LUAD Data)\LCGene_human_LUAD_filtered.tsv
2026-04-07 03:46:27,502 [INFO]   Raw shape: (517, 10)
2026-04-07 03:46:27,504 [INFO]   Unique labeled LUAD genes loaded: 517
2026-04-07 03:46:27,509 [INFO]   Full LCGene table saved to: F:\LunaGraph\trial\data\processed\lcgene_luad_full.csv
2026-04-07 03:46:27,509 [INFO] 
Saving raw-loaded files to processed directory …
2026-04-07 03:46:51,395 [INFO] 
============================================================
2026-04-07 03:46:51,395 [INFO] STEP 1 SUMMARY
2026-04-07 03:46:51,395 [INFO] ============================================================
2026-04-07 03:46:51,395 [INFO]   Tumor expression   :  20512 genes  x  510 samples
2026-04-07 03:46:51,395 [INFO]   Normal expression  :  73321 genes  x  604 samples
2026-04-07 03:46:51,395 [INFO]   Normal metadata    :    604 RNA-seq samples  x  10 QC columns
2026-04-07 03:46:51,395 [INFO]   Labeled LUAD genes :    517 unique gene symbols (LCGene)
2026-04-07 03:46:51,395 [INFO] STEP 1 COMPLETE
2026-04-07 03:46:51,428 [INFO] <<< Step 1  — Data loading DONE (34.5s)
2026-04-07 03:46:51,428 [INFO] >>> Step 2  — Preprocessing
2026-04-07 03:46:52,109 [INFO] ============================================================
2026-04-07 03:46:52,109 [INFO] STEP 2 — DATA PREPROCESSING & QUALITY CONTROL
2026-04-07 03:46:52,109 [INFO] ============================================================
2026-04-07 03:46:56,042 [INFO] 
--- Tumor preprocessing ---
2026-04-07 03:46:56,145 [INFO]   [tumor] Replaced 1463479 zeros and 0 negatives with NaN.
2026-04-07 03:46:56,346 [INFO]   [tumor] log2(x+1) applied. Range: [0.004, 20.450]
2026-04-07 03:46:58,377 [WARNING]   [tumor] No common samples — trying TCGA ID truncation.
2026-04-07 03:46:58,424 [INFO]   [tumor] Retained 510 common samples.
2026-04-07 03:46:58,425 [INFO]   [tumor] Sample count OK: 510 >= 50.
2026-04-07 03:46:58,425 [INFO] 
--- Normal preprocessing ---
2026-04-07 03:46:58,828 [INFO]   [normal] Replaced 21868568 zeros and 0 negatives with NaN.
2026-04-07 03:46:59,764 [INFO]   [normal] log2(x+1) applied. Range: [0.000, 16.393]
2026-04-07 03:47:02,672 [INFO]   [normal] Retained 604 common samples.
2026-04-07 03:47:02,678 [INFO]   [normal] Sample count OK: 604 >= 50.
2026-04-07 03:47:02,678 [INFO] 
Generating QC plots …
2026-04-07 03:47:20,953 [INFO] 
============================================================
2026-04-07 03:47:20,953 [INFO] STEP 2 SUMMARY
2026-04-07 03:47:20,953 [INFO] ============================================================
2026-04-07 03:47:20,953 [INFO]   Tumor  expr :  16570 genes x  510 samples
2026-04-07 03:47:20,953 [INFO]   Normal expr :  21159 genes x  604 samples
2026-04-07 03:47:20,953 [INFO] STEP 2 COMPLETE
2026-04-07 03:47:20,979 [INFO] <<< Step 2  — Preprocessing DONE (29.6s)
2026-04-07 03:47:20,979 [INFO] >>> Step 3  — Harmonization
2026-04-07 03:47:20,996 [INFO] ============================================================
2026-04-07 03:47:20,996 [INFO] STEP 3 — GENE ID HARMONIZATION
2026-04-07 03:47:20,996 [INFO] ============================================================
2026-04-07 03:47:23,884 [WARNING]   [tumor] Dropping 1 invalid symbols.
2026-04-07 03:47:23,947 [INFO]   Common genes: 10986
2026-04-07 03:47:23,954 [INFO]   LCGene retained: 438 / 517 (84.7%)
2026-04-07 03:47:23,955 [WARNING]   LCGene genes lost: ABCB4, AKR1B10, ASCL1, BCL2L14, BPIFA1, BRINP1, BRSK2, C20ORF85, CA9, CASC1, CCKBR, CDX2, CHGA, CHRNA1, CHRNA5, CHRNA9, CLCA2, CLDN2, CSMD1, CYP2C19, CYP2C9, DLK1, DLX5, DPYSL5, DRD2, DSC3, ECE2, ELAVL2, EPHA7, FAM83A, FUT6, FZD9, GABRA3, GATA4, GPR87, HMGA2, HNF4A, HOXB9, IGF2BP3, INSM1, KCNH1, KCNJ3, KIF14, KIF5A, KLK6, KRT81, LEP, LGSN, MAGEA1, MAGEA6, MAGEC1, MMP13, MYO18B, NOV, NR0B1, NR1I2, NRXN1, OPCML, PAEP, PAX5, PITX2, PRAME, PTPRH, RGS17, SCGN, SERPINB4, SERPINB5, T, TERT, TF, TFAP2A, TFAP2B, TRIM31, TRPM8, UGT1A6, VIL1, VTCN1, WISP1, XDH
2026-04-07 03:47:35,897 [INFO]   Common genes: 10986
2026-04-07 03:47:35,898 [INFO] STEP 3 COMPLETE
2026-04-07 03:47:35,907 [INFO] <<< Step 3  — Harmonization DONE (14.9s)
2026-04-07 03:47:35,908 [INFO] >>> Step 4  — Differential expr
2026-04-07 03:47:35,988 [INFO] ============================================================
2026-04-07 03:47:35,988 [INFO] STEP 4 — DIFFERENTIAL EXPRESSION
2026-04-07 03:47:35,988 [INFO] ============================================================
2026-04-07 03:47:37,881 [INFO]   Tumor: (10986, 510)  Normal: (10986, 604)
2026-04-07 03:47:37,979 [INFO]   Running Welch t-test for 10986 genes …
2026-04-07 03:47:45,845 [INFO]   Significant at FDR<=0.05: 10924
2026-04-07 03:47:46,643 [INFO]   Up: 10425  Down: 47  NS: 514
2026-04-07 03:47:46,644 [INFO] STEP 4 COMPLETE
2026-04-07 03:47:46,649 [INFO] <<< Step 4  — Differential expr DONE (10.7s)
2026-04-07 03:47:46,650 [INFO] >>> Step 5  — Expr features
2026-04-07 03:47:46,651 [INFO] ============================================================
2026-04-07 03:47:46,652 [INFO] STEP 5 — EXPRESSION FEATURE CONSTRUCTION
2026-04-07 03:47:46,652 [INFO] ============================================================
2026-04-07 03:47:48,524 [INFO]   Computing stats for [tumor] ((10986, 510)) …
2026-04-07 03:47:56,289 [INFO]   Computing stats for [normal] ((10986, 604)) …
2026-04-07 03:48:04,116 [INFO]   [expression_features] Validated. Shape: (10986, 29)
2026-04-07 03:48:04,832 [INFO]   Expression features: (10986, 29)
2026-04-07 03:48:04,832 [INFO] STEP 5 COMPLETE
2026-04-07 03:48:04,837 [INFO] <<< Step 5  — Expr features DONE (18.2s)
2026-04-07 03:48:04,839 [INFO] >>> Step 6  — Co-expr network
2026-04-07 03:48:05,031 [INFO] ============================================================
2026-04-07 03:48:05,032 [INFO] STEP 6 — CO-EXPRESSION NETWORK CONSTRUCTION
2026-04-07 03:48:05,032 [INFO] ============================================================
2026-04-07 03:48:05,914 [INFO]   Matrix: 10986 genes x 510 samples | cutoff |r|>=0.7
2026-04-07 03:48:06,573 [INFO]   Chunk 10/22 edges so far: 29,784 (0.6s)
2026-04-07 03:48:07,245 [INFO]   Chunk 20/22 edges so far: 36,772 (1.3s)
2026-04-07 03:48:07,379 [INFO]   Chunk 22/22 edges so far: 36,943 (1.4s)
2026-04-07 03:48:07,428 [INFO]   Total edges: 36,943
2026-04-07 03:48:08,639 [INFO]   Graph: 2,510 nodes, 36,943 edges
2026-04-07 03:48:10,010 [INFO]   Runtime: 1.7s
2026-04-07 03:48:10,010 [INFO] STEP 6 COMPLETE
2026-04-07 03:48:10,010 [INFO] <<< Step 6  — Co-expr network DONE (5.2s)
2026-04-07 03:48:10,010 [INFO] >>> Step 7  — Network features
2026-04-07 03:48:10,010 [INFO] ============================================================
2026-04-07 03:48:10,010 [INFO] STEP 7 — NETWORK FEATURE EXTRACTION
2026-04-07 03:48:10,010 [INFO] ============================================================
2026-04-07 03:48:10,751 [INFO]   Graph: 10,986 nodes, 36,943 edges
2026-04-07 03:48:10,762 [INFO]   Extracting degree features …
2026-04-07 03:48:10,785 [INFO]   Extracting average neighbour degree …
2026-04-07 03:48:10,802 [INFO]   Betweenness centrality (n=10,986) …
2026-04-07 03:48:15,611 [INFO]   Closeness centrality …
2026-04-07 03:48:23,364 [INFO]   Eigenvector centrality …
2026-04-07 03:48:24,517 [INFO]   Clustering coefficient …
2026-04-07 03:48:28,674 [INFO]   Edge weight statistics …
2026-04-07 03:48:28,804 [INFO]   Component features …
2026-04-07 03:48:28,834 [INFO]   All features extracted in 18.1s
2026-04-07 03:48:29,903 [INFO]   Network features: (10986, 13)
2026-04-07 03:48:29,903 [INFO] STEP 7 COMPLETE
2026-04-07 03:48:29,904 [INFO] <<< Step 7  — Network features DONE (19.9s)
2026-04-07 03:48:29,905 [INFO] >>> Step 8  — Feature integration
2026-04-07 03:48:30,156 [INFO] ============================================================
2026-04-07 03:48:30,157 [INFO] STEP 8 — FEATURE INTEGRATION
2026-04-07 03:48:30,157 [INFO] ============================================================
2026-04-07 03:48:30,226 [INFO]   Expression: (10986, 29)  Network: (10986, 13)
2026-04-07 03:48:30,229 [INFO]   Concatenated: (10986, 42)
2026-04-07 03:48:30,293 [INFO]   Highly correlated pairs (|r|>=0.95): 19
2026-04-07 03:48:31,426 [INFO]   Integrated features: (10986, 42)
2026-04-07 03:48:31,427 [INFO] STEP 8 COMPLETE
2026-04-07 03:48:31,427 [INFO] <<< Step 8  — Feature integration DONE (1.5s)
2026-04-07 03:48:31,429 [INFO] >>> Step 9  — Label construction
2026-04-07 03:48:31,431 [INFO] ============================================================
2026-04-07 03:48:31,431 [INFO] STEP 9 — LABEL CONSTRUCTION
2026-04-07 03:48:31,431 [INFO] ============================================================
2026-04-07 03:48:31,513 [INFO]   LCGene symbols: 517
2026-04-07 03:48:31,517 [INFO]   Total: 10986  Positive (known LCGene): 438 (3.99%)  Unlabeled: 10548
2026-04-07 03:48:31,517 [INFO]   [PU framing] Negatives are UNLABELED — not confirmed non-cancer genes.
2026-04-07 03:48:31,719 [INFO]   LCGene genes unmatched: 79
2026-04-07 03:48:31,720 [INFO] STEP 9 COMPLETE
2026-04-07 03:48:31,722 [INFO] <<< Step 9  — Label construction DONE (0.3s)
2026-04-07 03:48:31,722 [INFO] >>> Step 10 — Train/val split
2026-04-07 03:48:31,723 [INFO] ============================================================
2026-04-07 03:48:31,724 [INFO] STEP 10 — TRAIN/VALIDATION SPLIT
2026-04-07 03:48:31,724 [INFO] ============================================================
2026-04-07 03:48:31,797 [INFO]   Features: (10986, 42)  Labels: 10986
2026-04-07 03:48:31,803 [INFO]   Train: 8788 (pos=350)  Val: 2198 (pos=88)
2026-04-07 03:48:32,897 [INFO] STEP 10 COMPLETE
2026-04-07 03:48:32,899 [INFO] <<< Step 10 — Train/val split DONE (1.2s)
2026-04-07 03:48:32,899 [INFO] >>> Step 11 — Model training
2026-04-07 03:48:32,945 [INFO] ============================================================
2026-04-07 03:48:32,945 [INFO] STEP 11 — MODEL TRAINING
2026-04-07 03:48:32,945 [INFO] ============================================================
2026-04-07 03:48:33,067 [INFO]   X_train: (8788, 42)  pos=350
2026-04-07 03:48:33,184 [INFO]   Random undersampling enabled (imbalanced-learn found).
2026-04-07 03:48:33,184 [INFO] 
  [random_forest] CV ...
2026-04-07 03:48:33,902 [INFO]     Fold 1 AUROC=0.9187 AUPRC=0.2859 F1=0.2648 MCC=0.3344
2026-04-07 03:48:34,640 [INFO]     Fold 2 AUROC=0.9017 AUPRC=0.2926 F1=0.2500 MCC=0.2978
2026-04-07 03:48:35,379 [INFO]     Fold 3 AUROC=0.9226 AUPRC=0.3292 F1=0.2714 MCC=0.3354
2026-04-07 03:48:36,127 [INFO]     Fold 4 AUROC=0.9220 AUPRC=0.3499 F1=0.2658 MCC=0.3189
2026-04-07 03:48:36,894 [INFO]     Fold 5 AUROC=0.9028 AUPRC=0.2612 F1=0.2598 MCC=0.3183
2026-04-07 03:48:36,895 [INFO]   [random_forest] AUROC=0.9136±0.0094  AUPRC=0.3037±0.0317  F1=0.2624±0.0072  MCC=0.3210±0.0137
2026-04-07 03:48:38,708 [INFO] 
  [gradient_boosting] CV ...
2026-04-07 03:48:39,151 [INFO]     Fold 1 AUROC=0.9175 AUPRC=0.3171 F1=0.2633 MCC=0.3191
2026-04-07 03:48:39,592 [INFO]     Fold 2 AUROC=0.9007 AUPRC=0.2831 F1=0.2727 MCC=0.3231
2026-04-07 03:48:40,029 [INFO]     Fold 3 AUROC=0.9240 AUPRC=0.3507 F1=0.2771 MCC=0.3382
2026-04-07 03:48:40,503 [INFO]     Fold 4 AUROC=0.9266 AUPRC=0.4459 F1=0.2766 MCC=0.3295
2026-04-07 03:48:40,978 [INFO]     Fold 5 AUROC=0.9037 AUPRC=0.2565 F1=0.2603 MCC=0.3189
2026-04-07 03:48:40,979 [INFO]   [gradient_boosting] AUROC=0.9145±0.0105  AUPRC=0.3307±0.0658  F1=0.2700±0.0069  MCC=0.3258±0.0073
2026-04-07 03:48:45,414 [INFO] 
  [logistic_regression] CV ...
2026-04-07 03:48:46,717 [INFO]     Fold 1 AUROC=0.9252 AUPRC=0.3260 F1=0.2821 MCC=0.3486
2026-04-07 03:48:47,466 [INFO]     Fold 2 AUROC=0.8967 AUPRC=0.2767 F1=0.2565 MCC=0.3044
2026-04-07 03:48:48,104 [INFO]     Fold 3 AUROC=0.9188 AUPRC=0.3544 F1=0.2661 MCC=0.3112
2026-04-07 03:48:48,825 [INFO]     Fold 4 AUROC=0.9391 AUPRC=0.4533 F1=0.3002 MCC=0.3549
2026-04-07 03:48:49,463 [INFO]     Fold 5 AUROC=0.9120 AUPRC=0.2920 F1=0.2963 MCC=0.3456
2026-04-07 03:48:49,464 [INFO]   [logistic_regression] AUROC=0.9184±0.0141  AUPRC=0.3405±0.0625  F1=0.2802±0.0169  MCC=0.3329±0.0209
2026-04-07 03:48:50,990 [INFO] 
  [extra_trees] CV ...
2026-04-07 03:48:51,472 [INFO]     Fold 1 AUROC=0.9128 AUPRC=0.3111 F1=0.2462 MCC=0.3072
2026-04-07 03:48:51,979 [INFO]     Fold 2 AUROC=0.8991 AUPRC=0.2688 F1=0.2548 MCC=0.3053
2026-04-07 03:48:52,462 [INFO]     Fold 3 AUROC=0.9175 AUPRC=0.2728 F1=0.2578 MCC=0.3137
2026-04-07 03:48:52,953 [INFO]     Fold 4 AUROC=0.9164 AUPRC=0.3680 F1=0.2635 MCC=0.3166
2026-04-07 03:48:53,441 [INFO]     Fold 5 AUROC=0.8889 AUPRC=0.2525 F1=0.2372 MCC=0.2821
2026-04-07 03:48:53,441 [INFO]   [extra_trees] AUROC=0.9069±0.0111  AUPRC=0.2946±0.0414  F1=0.2519±0.0092  MCC=0.3050±0.0122
2026-04-07 03:48:54,179 [INFO] 
All models trained in 21.1s
2026-04-07 03:48:54,181 [INFO]   Best: logistic_regression (AUPRC=0.3405)
2026-04-07 03:48:54,346 [INFO] STEP 11 COMPLETE
2026-04-07 03:48:54,360 [INFO] <<< Step 11 — Model training DONE (21.5s)
2026-04-07 03:48:54,360 [INFO] >>> Step 12 — Model evaluation
2026-04-07 03:48:54,366 [INFO] ============================================================
2026-04-07 03:48:54,366 [INFO] STEP 12 — MODEL EVALUATION
2026-04-07 03:48:54,366 [INFO] ============================================================
2026-04-07 03:48:54,407 [INFO]   Val: 2198 genes  pos=88
2026-04-07 03:48:54,840 [INFO]   [random_forest         ] AUROC=0.9091 AUPRC=0.3301 Acc=0.9249 MCC=0.3895 F1=0.3956 R@100=0.3636 P@100=0.3200
2026-04-07 03:48:54,866 [INFO]   [gradient_boosting     ] AUROC=0.9130 AUPRC=0.3579 Acc=0.9063 MCC=0.3932 F1=0.3795 R@100=0.3750 P@100=0.3300
2026-04-07 03:48:54,884 [INFO]   [logistic_regression   ] AUROC=0.9192 AUPRC=0.4023 Acc=0.9495 MCC=0.3809 F1=0.4064 R@100=0.4318 P@100=0.3800
2026-04-07 03:48:54,972 [INFO]   [extra_trees           ] AUROC=0.9077 AUPRC=0.3513 Acc=0.9327 MCC=0.3834 F1=0.3984 R@100=0.3750 P@100=0.3300
2026-04-07 03:48:54,973 [INFO]   Classification reports saved to: F:\LunaGraph\trial\outputs\results\classification_reports
2026-04-07 03:48:55,566 [INFO]   Confusion matrix grid saved: eval_confusion_matrices.png
2026-04-07 03:48:55,890 [INFO] STEP 12 COMPLETE
2026-04-07 03:48:55,908 [INFO] <<< Step 12 — Model evaluation DONE (1.5s)
2026-04-07 03:48:55,909 [INFO] >>> Step 13 — Feature importance
2026-04-07 03:48:55,917 [INFO] ============================================================
2026-04-07 03:48:55,917 [INFO] STEP 13 — FEATURE IMPORTANCE
2026-04-07 03:48:55,918 [INFO] ============================================================
2026-04-07 03:48:56,494 [INFO]   [logistic_regression] Permutation importance (n_repeats=10) …
2026-04-07 03:48:58,121 [INFO]   Top 5: {'normal_std': 0.9999999999924909, 'tumor_std': 0.8774926700975458, 'tumor_iqr_rank': 0.7472934991350213, 'neg_log10_padj': 0.3404590031316055, 'tumor_cv': 0.21514508138550403}
2026-04-07 03:48:58,272 [INFO]   Feature importance shape: (42, 9)
2026-04-07 03:48:58,273 [INFO]   Top feature: tumor_std (0.8435)
2026-04-07 03:48:58,273 [INFO] STEP 13 COMPLETE
2026-04-07 03:48:58,300 [INFO] <<< Step 13 — Feature importance DONE (2.4s)
2026-04-07 03:48:58,300 [INFO] >>> Step 14 — Gene ranking
2026-04-07 03:48:58,304 [INFO] ============================================================
2026-04-07 03:48:58,304 [INFO] STEP 14 — GENE PREDICTION & RANKING
2026-04-07 03:48:58,305 [INFO] ============================================================
2026-04-07 03:48:58,477 [INFO]   Scoring 10,986 genes …
2026-04-07 03:48:58,497 [INFO]   Total: 10,986  Novel candidates: 1,854
2026-04-07 03:48:58,497 [INFO]   Median positive (known) rank: 658
2026-04-07 03:48:58,499 [INFO]   Positive (known) in top-50:  30  top-100: 59  top-200: 102  top-500: 187
2026-04-07 03:48:58,499 [INFO]   Recall@50=0.0685  Recall@100=0.1347  Recall@200=0.2329  Recall@500=0.4269
2026-04-07 03:48:58,499 [INFO]   Precision@50=0.6000  Precision@100=0.5900
2026-04-07 03:48:58,938 [INFO] STEP 14 COMPLETE
2026-04-07 03:48:58,939 [INFO] <<< Step 14 — Gene ranking DONE (0.6s)
2026-04-07 03:48:58,941 [INFO] >>> Step 15 — Network annotation
2026-04-07 03:48:58,943 [INFO] ============================================================
2026-04-07 03:48:58,943 [INFO] STEP 15 — NETWORK ANNOTATION
2026-04-07 03:48:58,943 [INFO] ============================================================
2026-04-07 03:48:59,680 [INFO]   Graph: 10,986 nodes, 36,943 edges
2026-04-07 03:49:00,884 [INFO]   Positive edges: 36,908  Negative: 35
2026-04-07 03:49:03,899 [INFO]   LCGene nodes: 438  Novel: 1854
2026-04-07 03:49:03,900 [INFO] STEP 15 COMPLETE
2026-04-07 03:49:03,908 [INFO] <<< Step 15 — Network annotation DONE (5.0s)
2026-04-07 03:49:03,908 [INFO] >>> Step 16 — Network export
2026-04-07 03:49:03,911 [INFO] ============================================================
2026-04-07 03:49:03,912 [INFO] STEP 16 — NETWORK EXPORT
2026-04-07 03:49:03,912 [INFO] ============================================================
2026-04-07 03:49:05,372 [INFO]   Graph: 10,986 nodes, 36,943 edges
2026-04-07 03:49:08,606 [INFO]   GraphML saved: F:\LunaGraph\trial\outputs\results\network\exports/network_full.graphml
2026-04-07 03:49:10,952 [INFO]   Full network exports complete.
2026-04-07 03:49:10,974 [INFO]   [top100] 100 nodes, 8 edges
2026-04-07 03:49:11,150 [INFO]   [lcgene] 438 nodes, 620 edges
2026-04-07 03:49:11,713 [INFO]   [novel] 1854 nodes, 5132 edges
2026-04-07 03:49:11,794 [INFO]   [candidates] 508 nodes, 817 edges
2026-04-07 03:49:12,843 [INFO] 
  Sub-networks:
2026-04-07 03:49:12,844 [INFO]     top100               nodes=  100  edges=      8
2026-04-07 03:49:12,844 [INFO]     lcgene               nodes=  438  edges=    620
2026-04-07 03:49:12,844 [INFO]     novel                nodes=1,854  edges=  5,132
2026-04-07 03:49:12,845 [INFO]     candidates           nodes=  508  edges=    817
2026-04-07 03:49:12,845 [INFO] STEP 16 COMPLETE
2026-04-07 03:49:12,854 [INFO] <<< Step 16 — Network export DONE (8.9s)
2026-04-07 03:49:12,854 [INFO] >>> Step 17 — Visualization
2026-04-07 03:49:12,994 [INFO] ============================================================
2026-04-07 03:49:12,994 [INFO] STEP 17 — INTERACTIVE VISUALIZATION
2026-04-07 03:49:12,994 [INFO] ============================================================
2026-04-07 03:49:13,116 [INFO] [1] Volcano …
2026-04-07 03:49:13,637 [INFO]   Volcano saved: F:\LunaGraph\trial\outputs\figures\interactive_volcano.html
2026-04-07 03:49:13,637 [INFO] [2] Ranking …
2026-04-07 03:49:13,886 [INFO]   Ranking plot saved: F:\LunaGraph\trial\outputs\figures\interactive_ranking.html
2026-04-07 03:49:13,887 [INFO] [3] Network …
2026-04-07 03:49:13,992 [INFO]   Network plot saved: F:\LunaGraph\trial\outputs\figures\interactive_network.html
2026-04-07 03:49:13,992 [INFO] [4] Feature importance …
2026-04-07 03:49:14,036 [INFO]   Feature importance saved: F:\LunaGraph\trial\outputs\figures\interactive_feature_importance.html
2026-04-07 03:49:14,036 [INFO] [5] Dashboard …
2026-04-07 03:49:14,116 [INFO]   Combined dashboard saved: F:\LunaGraph\trial\outputs\figures\interactive_dashboard.html
2026-04-07 03:49:14,118 [INFO] STEP 17 COMPLETE
2026-04-07 03:49:14,120 [INFO] <<< Step 17 — Visualization DONE (1.3s)
2026-04-07 03:49:14,120 [INFO] >>> Step 18 — Final report
2026-04-07 03:49:14,122 [INFO] ============================================================
2026-04-07 03:49:14,122 [INFO] STEP 18 — FINAL OUTPUTS & REPORTING
2026-04-07 03:49:14,122 [INFO] ============================================================
2026-04-07 03:49:14,122 [INFO] [1] Building summary table …
2026-04-07 03:49:14,373 [INFO]   Summary table: (10986, 27)
2026-04-07 03:49:14,374 [INFO] [2] Building text report …
2026-04-07 03:49:14,426 [INFO]   Report: 173 lines
2026-04-07 03:49:14,426 [INFO] [3] Building summary figure …
2026-04-07 03:49:15,197 [INFO]   Summary figure (PNG) saved: F:\LunaGraph\trial\outputs\results\reports\pipeline_summary_figure.png
2026-04-07 03:49:15,856 [INFO]   Summary figure (PDF) saved: F:\LunaGraph\trial\outputs\results\reports\pipeline_summary_figure.pdf
2026-04-07 03:49:15,857 [INFO] [4] Writing master runner …
2026-04-07 03:49:15,857 [INFO]   Master runner saved: F:\LunaGraph\trial\LUAD_ML_Pipeline\run_pipeline.py
2026-04-07 03:49:15,857 [INFO] ============================================================
2026-04-07 03:49:15,857 [INFO] STEP 18 SUMMARY
2026-04-07 03:49:15,857 [INFO] ============================================================
2026-04-07 03:49:15,857 [INFO]   Summary table: F:\LunaGraph\trial\outputs\results\reports/pipeline_summary_table.csv
2026-04-07 03:49:15,859 [INFO]   Text report  : F:\LunaGraph\trial\outputs\results\reports/pipeline_report.txt
2026-04-07 03:49:15,859 [INFO]   Summary fig  : F:\LunaGraph\trial\outputs\results\reports/pipeline_summary_figure.png
2026-04-07 03:49:15,859 [INFO]   Master runner: F:\LunaGraph\trial\LUAD_ML_Pipeline\run_pipeline.py
2026-04-07 03:49:15,859 [INFO] 
2026-04-07 03:49:15,859 [INFO]   Key deliverables:
2026-04-07 03:49:15,859 [INFO]     Gene rankings    : F:\LunaGraph\trial\outputs\results\gene_rankings.csv
2026-04-07 03:49:15,859 [INFO]     Novel candidates : F:\LunaGraph\trial\outputs\results/novel_candidates.csv
2026-04-07 03:49:15,859 [INFO]     Dashboard        : F:\LunaGraph\trial\outputs\figures/interactive_dashboard.html
2026-04-07 03:49:15,859 [INFO] STEP 18 COMPLETE
2026-04-07 03:49:15,859 [INFO] <<< Step 18 — Final report DONE (1.7s)
2026-04-07 03:49:15,860 [INFO] ======================================================================
2026-04-07 03:49:15,860 [INFO] EXECUTION SUMMARY
2026-04-07 03:49:15,860 [INFO] ======================================================================
2026-04-07 03:49:15,860 [INFO]   [OK] Step 0  — Config                                  0.0s
2026-04-07 03:49:15,860 [INFO]   [OK] Step 1  — Data loading                           34.5s
2026-04-07 03:49:15,860 [INFO]   [OK] Step 2  — Preprocessing                          29.6s
2026-04-07 03:49:15,860 [INFO]   [OK] Step 3  — Harmonization                          14.9s
2026-04-07 03:49:15,860 [INFO]   [OK] Step 4  — Differential expr                      10.7s
2026-04-07 03:49:15,860 [INFO]   [OK] Step 5  — Expr features                          18.2s
2026-04-07 03:49:15,860 [INFO]   [OK] Step 6  — Co-expr network                         5.2s
2026-04-07 03:49:15,860 [INFO]   [OK] Step 7  — Network features                       19.9s
2026-04-07 03:49:15,860 [INFO]   [OK] Step 8  — Feature integration                     1.5s
2026-04-07 03:49:15,860 [INFO]   [OK] Step 9  — Label construction                      0.3s
2026-04-07 03:49:15,860 [INFO]   [OK] Step 10 — Train/val split                         1.2s
2026-04-07 03:49:15,860 [INFO]   [OK] Step 11 — Model training                         21.5s
2026-04-07 03:49:15,860 [INFO]   [OK] Step 12 — Model evaluation                        1.5s
2026-04-07 03:49:15,861 [INFO]   [OK] Step 13 — Feature importance                      2.4s
2026-04-07 03:49:15,861 [INFO]   [OK] Step 14 — Gene ranking                            0.6s
2026-04-07 03:49:15,861 [INFO]   [OK] Step 15 — Network annotation                      5.0s
2026-04-07 03:49:15,861 [INFO]   [OK] Step 16 — Network export                          8.9s
2026-04-07 03:49:15,861 [INFO]   [OK] Step 17 — Visualization                           1.3s
2026-04-07 03:49:15,861 [INFO]   [OK] Step 18 — Final report                            1.7s
2026-04-07 03:49:15,861 [INFO]   Total: 178.9s (3.0 min)
2026-04-07 03:49:15,861 [INFO]   Pipeline COMPLETE.
2026-04-07 03:49:15,862 [INFO] ======================================================================
2026-04-08 05:59:35,921 [INFO] ============================================================
2026-04-08 05:59:35,921 [INFO] STEP 19 — KEGG PATHWAY ENRICHMENT VALIDATION
2026-04-08 05:59:35,921 [INFO] ============================================================
2026-04-08 05:59:35,937 [INFO]   Loaded 1,854 novel candidates from novel_candidates.csv
2026-04-08 05:59:35,937 [INFO]   High-confidence (prob >= 0.8): 638 genes
2026-04-08 05:59:36,850 [INFO]   [All candidates] Querying Enrichr with 638 genes …
2026-04-08 05:59:40,276 [INFO]   [Upregulated] Querying Enrichr with 580 genes …
2026-04-08 05:59:43,378 [INFO]   [Downregulated] Querying Enrichr with 9 genes …
2026-04-08 05:59:44,684 [WARNING]   [Downregulated] No significant pathways (padj < 0.05) — bar-plot skipped.
2026-04-08 05:59:44,699 [WARNING]   [Downregulated] No significant pathways — dot-plot skipped.
2026-04-08 05:59:44,707 [INFO] 
        subset  total_pathways  significant_pathways              top_pathway  top_padj top_overlap
All candidates             170                    30 ECM-receptor interaction       0.0       22/88
   Upregulated             163                    26 ECM-receptor interaction       0.0       21/88
 Downregulated               0                     0                        —       NaN           —
2026-04-08 05:59:45,083 [INFO] STEP 19 COMPLETE
2026-04-08 06:06:56,469 [INFO] ============================================================
2026-04-08 06:06:56,485 [INFO] STEP 19 — KEGG LUNG/CANCER PATHWAY ENRICHMENT
2026-04-08 06:06:56,485 [INFO] ============================================================
2026-04-08 06:06:56,501 [INFO]   Loaded 1,854 novel candidates
2026-04-08 06:06:56,509 [INFO]   Gene lists — all: 638  up: 580  down: 9
2026-04-08 06:06:57,319 [INFO]   [All candidates] Querying Enrichr (KEGG_2021_Human) with 638 genes …
2026-04-08 06:07:13,167 [INFO] ============================================================
2026-04-08 06:07:13,167 [INFO] STEP 19 — KEGG LUNG/CANCER PATHWAY ENRICHMENT
2026-04-08 06:07:13,167 [INFO] ============================================================
2026-04-08 06:07:13,183 [INFO]   Loaded 1,854 novel candidates
2026-04-08 06:07:13,192 [INFO]   Gene lists — all: 638  up: 580  down: 9
2026-04-08 06:07:13,642 [INFO]   [All candidates] Querying Enrichr (KEGG_2021_Human) with 638 genes …
2026-04-08 06:07:16,072 [INFO]   [Upregulated] Querying Enrichr (KEGG_2021_Human) with 580 genes …
2026-04-08 06:07:18,447 [INFO]   [Downregulated] Querying Enrichr (KEGG_2021_Human) with 9 genes …
2026-04-27 07:36:28,304 [INFO] ======================================================================
2026-04-27 07:36:28,304 [INFO] LUAD ML PIPELINE — FULL RUN
2026-04-27 07:36:28,304 [INFO] ======================================================================
2026-04-27 07:36:28,304 [INFO] >>> Step 0  — Config
2026-04-27 07:36:28,305 [INFO] <<< Step 0  — Config DONE (0.0s)
2026-04-27 07:36:28,305 [INFO] >>> Step 1  — Data loading
2026-04-27 07:36:30,210 [INFO] ============================================================
2026-04-27 07:36:30,210 [INFO] STEP 1 — DATA LOADING
2026-04-27 07:36:30,211 [INFO] ============================================================
2026-04-27 07:36:30,212 [INFO] Loading tumor expression from: C:\Users\rahma\Downloads\gloom updated\trial\data\raw\cBioPortal (RNA Seq Data)\data_mrna_seq_v2_rsem.txt
2026-04-27 07:36:32,472 [INFO]   Raw shape: (20531, 512)
2026-04-27 07:36:32,689 [WARNING]   19 duplicate gene symbols found — keeping highest-mean row.
2026-04-27 07:36:32,895 [INFO]   Final shape: (20512, 510)
2026-04-27 07:36:32,896 [INFO] Loading tumor metadata from: C:\Users\rahma\Downloads\gloom updated\trial\data\raw\cBioPortal (RNA Seq Data)\data_clinical_patient.txt
2026-04-27 07:36:32,904 [INFO]   Raw shape: (566, 38)
2026-04-27 07:36:32,908 [INFO]   Final shape: (566, 35)
2026-04-27 07:36:32,908 [INFO] Loading normal expression from: C:\Users\rahma\Downloads\gloom updated\trial\data\raw\Gtex (normal samples)\gene_tpm_v11_lung.gct.gz
2026-04-27 07:36:32,911 [INFO]   GCT version line : #1.2
2026-04-27 07:36:32,912 [INFO]   GCT dimension line: 74628	604
2026-04-27 07:36:44,513 [INFO]   Raw shape (after preamble skip): (74628, 606)
2026-04-27 07:36:44,858 [WARNING]   1307 duplicate gene symbols — keeping highest-mean row.
2026-04-27 07:36:45,402 [INFO]   Final shape: (73321, 604)
2026-04-27 07:36:45,403 [INFO] Loading normal metadata from: C:\Users\rahma\Downloads\gloom updated\trial\data\raw\Gtex (normal samples)\GTEx_Analysis_v11_Annotations_SampleAttributesDS - LUAD.txt
2026-04-27 07:36:45,440 [INFO]   Raw shape: (1892, 119)  (all assay types)
2026-04-27 07:36:45,450 [INFO]   Retaining 11 QC columns: ['SAMPID', 'SMTS', 'SMTSD', 'SMRIN', 'SMATSSCR', 'SMRDTTL', 'SMMAPRT', 'SMRRNART', 'SMRDLGTH', 'SMNABTCHT', 'SMGEBTCHT']
2026-04-27 07:36:45,451 [INFO]   SMRIN  (RNA integrity) : mean=7.17  min=3.5  max=9.7
2026-04-27 07:36:45,454 [INFO]   SMATSSCR (autolysis)   : {0.0: 43, 1.0: 410, 2.0: 128, 3.0: 10}
2026-04-27 07:36:45,455 [INFO]   SMMAPRT  (map rate)    : mean=0.9836  min=0.8003
2026-04-27 07:36:45,455 [INFO]   Final shape: (604, 10)  (604 RNA-seq samples × 10 QC columns)
2026-04-27 07:36:45,455 [INFO] Loading labeled LUAD gene list from: C:\Users\rahma\Downloads\gloom updated\trial\data\raw\LCGene (Labeled LUAD Data)\LCGene_human_LUAD_filtered.tsv
2026-04-27 07:36:45,461 [INFO]   Raw shape: (517, 10)
2026-04-27 07:36:45,463 [INFO]   Unique labeled LUAD genes loaded: 517
2026-04-27 07:36:45,474 [INFO]   Full LCGene table saved to: C:\Users\rahma\Downloads\gloom updated\trial\data\processed\lcgene_luad_full.csv
2026-04-27 07:36:45,474 [INFO] 
Saving raw-loaded files to processed directory …
2026-04-27 07:37:12,501 [INFO] 
============================================================
2026-04-27 07:37:12,501 [INFO] STEP 1 SUMMARY
2026-04-27 07:37:12,502 [INFO] ============================================================
2026-04-27 07:37:12,502 [INFO]   Tumor expression   :  20512 genes  x  510 samples
2026-04-27 07:37:12,502 [INFO]   Normal expression  :  73321 genes  x  604 samples
2026-04-27 07:37:12,502 [INFO]   Normal metadata    :    604 RNA-seq samples  x  10 QC columns
2026-04-27 07:37:12,503 [INFO]   Labeled LUAD genes :    517 unique gene symbols (LCGene)
2026-04-27 07:37:12,503 [INFO] STEP 1 COMPLETE
2026-04-27 07:37:12,527 [INFO] <<< Step 1  — Data loading DONE (44.2s)
2026-04-27 07:37:12,527 [INFO] >>> Step 2  — Preprocessing
2026-04-27 07:37:13,891 [INFO] ============================================================
2026-04-27 07:37:13,892 [INFO] STEP 2 — DATA PREPROCESSING & QUALITY CONTROL
2026-04-27 07:37:13,892 [INFO] ============================================================
2026-04-27 07:37:19,166 [INFO] 
--- Tumor preprocessing ---
2026-04-27 07:37:19,312 [INFO]   [tumor] Replaced 1463479 zeros and 0 negatives with NaN.
2026-04-27 07:37:19,581 [INFO]   [tumor] log2(x+1) applied. Range: [0.004, 20.450]
2026-04-27 07:37:22,048 [WARNING]   [tumor] No common samples — trying TCGA ID truncation.
2026-04-27 07:37:22,085 [INFO]   [tumor] Retained 510 common samples.
2026-04-27 07:37:22,092 [INFO]   [tumor] Sample count OK: 510 >= 50.
2026-04-27 07:37:22,093 [INFO] 
--- Normal preprocessing ---
2026-04-27 07:37:22,670 [INFO]   [normal] Replaced 21868568 zeros and 0 negatives with NaN.
2026-04-27 07:37:23,926 [INFO]   [normal] log2(x+1) applied. Range: [0.000, 16.393]
2026-04-27 07:37:27,369 [INFO]   [normal] Retained 604 common samples.
2026-04-27 07:37:27,376 [INFO]   [normal] Sample count OK: 604 >= 50.
2026-04-27 07:37:27,376 [INFO] 
Generating QC plots …
2026-04-27 07:37:49,588 [INFO] 
============================================================
2026-04-27 07:37:49,588 [INFO] STEP 2 SUMMARY
2026-04-27 07:37:49,588 [INFO] ============================================================
2026-04-27 07:37:49,588 [INFO]   Tumor  expr :  16570 genes x  510 samples
2026-04-27 07:37:49,588 [INFO]   Normal expr :  21159 genes x  604 samples
2026-04-27 07:37:49,588 [INFO] STEP 2 COMPLETE
2026-04-27 07:37:49,641 [INFO] <<< Step 2  — Preprocessing DONE (37.1s)
2026-04-27 07:37:49,642 [INFO] >>> Step 3  — Harmonization
2026-04-27 07:37:49,644 [INFO] ============================================================
2026-04-27 07:37:49,645 [INFO] STEP 3 — GENE ID HARMONIZATION
2026-04-27 07:37:49,645 [INFO] ============================================================
2026-04-27 07:37:52,633 [WARNING]   [tumor] Dropping 1 invalid symbols.
2026-04-27 07:37:52,685 [INFO]   Common genes: 10986
2026-04-27 07:37:52,692 [INFO]   LCGene retained: 438 / 517 (84.7%)
2026-04-27 07:37:52,692 [WARNING]   LCGene genes lost: ABCB4, AKR1B10, ASCL1, BCL2L14, BPIFA1, BRINP1, BRSK2, C20ORF85, CA9, CASC1, CCKBR, CDX2, CHGA, CHRNA1, CHRNA5, CHRNA9, CLCA2, CLDN2, CSMD1, CYP2C19, CYP2C9, DLK1, DLX5, DPYSL5, DRD2, DSC3, ECE2, ELAVL2, EPHA7, FAM83A, FUT6, FZD9, GABRA3, GATA4, GPR87, HMGA2, HNF4A, HOXB9, IGF2BP3, INSM1, KCNH1, KCNJ3, KIF14, KIF5A, KLK6, KRT81, LEP, LGSN, MAGEA1, MAGEA6, MAGEC1, MMP13, MYO18B, NOV, NR0B1, NR1I2, NRXN1, OPCML, PAEP, PAX5, PITX2, PRAME, PTPRH, RGS17, SCGN, SERPINB4, SERPINB5, T, TERT, TF, TFAP2A, TFAP2B, TRIM31, TRPM8, UGT1A6, VIL1, VTCN1, WISP1, XDH
2026-04-27 07:38:04,302 [INFO]   Common genes: 10986
2026-04-27 07:38:04,302 [INFO] STEP 3 COMPLETE
2026-04-27 07:38:04,308 [INFO] <<< Step 3  — Harmonization DONE (14.7s)
2026-04-27 07:38:04,308 [INFO] >>> Step 4  — Differential expr
2026-04-27 07:38:04,402 [INFO] ============================================================
2026-04-27 07:38:04,403 [INFO] STEP 4 — DIFFERENTIAL EXPRESSION
2026-04-27 07:38:04,403 [INFO] ============================================================
2026-04-27 07:38:06,051 [INFO]   Tumor: (10986, 510)  Normal: (10986, 604)
2026-04-27 07:38:06,145 [INFO]   Running Welch t-test for 10986 genes …
2026-04-27 07:38:13,083 [INFO]   Significant at FDR<=0.05: 10924
2026-04-27 07:38:13,753 [INFO]   Up: 10425  Down: 47  NS: 514
2026-04-27 07:38:13,754 [INFO] STEP 4 COMPLETE
2026-04-27 07:38:13,760 [INFO] <<< Step 4  — Differential expr DONE (9.5s)
2026-04-27 07:38:13,760 [INFO] >>> Step 5  — Expr features
2026-04-27 07:38:13,763 [INFO] ============================================================
2026-04-27 07:38:13,763 [INFO] STEP 5 — EXPRESSION FEATURE CONSTRUCTION
2026-04-27 07:38:13,764 [INFO] ============================================================
2026-04-27 07:38:15,435 [INFO]   Computing stats for [tumor] ((10986, 510)) …
2026-04-27 07:38:22,195 [INFO]   Computing stats for [normal] ((10986, 604)) …
2026-04-27 07:38:28,925 [INFO]   [expression_features] Validated. Shape: (10986, 29)
2026-04-27 07:38:29,582 [INFO]   Expression features: (10986, 29)
2026-04-27 07:38:29,583 [INFO] STEP 5 COMPLETE
2026-04-27 07:38:29,589 [INFO] <<< Step 5  — Expr features DONE (15.8s)
2026-04-27 07:38:29,590 [INFO] >>> Step 6  — Co-expr network
2026-04-27 07:38:29,990 [INFO] ============================================================
2026-04-27 07:38:29,990 [INFO] STEP 6 — CO-EXPRESSION NETWORK CONSTRUCTION
2026-04-27 07:38:29,990 [INFO] ============================================================
2026-04-27 07:38:30,747 [INFO]   Matrix: 10986 genes x 510 samples | cutoff |r|>=0.7
2026-04-27 07:38:31,468 [INFO]   Chunk 10/22 edges so far: 29,784 (0.7s)
2026-04-27 07:38:32,193 [INFO]   Chunk 20/22 edges so far: 36,772 (1.4s)
2026-04-27 07:38:32,346 [INFO]   Chunk 22/22 edges so far: 36,943 (1.6s)
2026-04-27 07:38:32,390 [INFO]   Total edges: 36,943
2026-04-27 07:38:33,517 [INFO]   Graph: 2,510 nodes, 36,943 edges
2026-04-27 07:38:34,747 [INFO]   Runtime: 1.8s
2026-04-27 07:38:34,747 [INFO] STEP 6 COMPLETE
2026-04-27 07:38:34,752 [INFO] <<< Step 6  — Co-expr network DONE (5.2s)
2026-04-27 07:38:34,752 [INFO] >>> Step 7  — Network features
2026-04-27 07:38:34,755 [INFO] ============================================================
2026-04-27 07:38:34,756 [INFO] STEP 7 — NETWORK FEATURE EXTRACTION
2026-04-27 07:38:34,756 [INFO] ============================================================
2026-04-27 07:38:35,384 [INFO]   Graph: 10,986 nodes, 36,943 edges
2026-04-27 07:38:35,388 [INFO]   Extracting degree features …
2026-04-27 07:38:35,412 [INFO]   Extracting average neighbour degree …
2026-04-27 07:38:35,428 [INFO]   Betweenness centrality (n=10,986) …
2026-04-27 07:38:39,630 [INFO]   Closeness centrality …
2026-04-27 07:38:46,581 [INFO]   Eigenvector centrality …
2026-04-27 07:38:47,576 [INFO]   Clustering coefficient …
2026-04-27 07:38:51,088 [INFO]   Edge weight statistics …
2026-04-27 07:38:51,212 [INFO]   Component features …
2026-04-27 07:38:51,234 [INFO]   All features extracted in 15.8s
2026-04-27 07:38:52,216 [INFO]   Network features: (10986, 13)
2026-04-27 07:38:52,217 [INFO] STEP 7 COMPLETE
2026-04-27 07:38:52,218 [INFO] <<< Step 7  — Network features DONE (17.5s)
2026-04-27 07:38:52,219 [INFO] >>> Step 8  — Feature integration
2026-04-27 07:38:52,683 [INFO] ============================================================
2026-04-27 07:38:52,683 [INFO] STEP 8 — FEATURE INTEGRATION
2026-04-27 07:38:52,683 [INFO] ============================================================
2026-04-27 07:38:52,744 [INFO]   Expression: (10986, 29)  Network: (10986, 13)
2026-04-27 07:38:52,749 [INFO]   Concatenated: (10986, 42)
2026-04-27 07:38:52,760 [INFO]   Removed 6 collinear features: ['weighted_degree', 'component_size', 'min_edge_weight', 'tumor_median', 'normal_median', 't_stat']
2026-04-27 07:38:52,760 [INFO]   Features after collinearity removal: 36
2026-04-27 07:38:52,798 [INFO]   Highly correlated pairs (|r|>=0.95): 9
2026-04-27 07:38:53,730 [INFO]   Integrated features: (10986, 36)
2026-04-27 07:38:53,730 [INFO] STEP 8 COMPLETE
2026-04-27 07:38:53,731 [INFO] <<< Step 8  — Feature integration DONE (1.5s)
2026-04-27 07:38:53,731 [INFO] >>> Step 9  — Label construction
2026-04-27 07:38:53,733 [INFO] ============================================================
2026-04-27 07:38:53,734 [INFO] STEP 9 — LABEL CONSTRUCTION
2026-04-27 07:38:53,734 [INFO] ============================================================
2026-04-27 07:38:53,801 [INFO]   LCGene symbols: 517
2026-04-27 07:38:53,804 [INFO]   Total: 10986  Positive (known LCGene): 438 (3.99%)  Unlabeled: 10548
2026-04-27 07:38:53,804 [INFO]   [PU framing] Negatives are UNLABELED — not confirmed non-cancer genes.
2026-04-27 07:38:53,988 [INFO]   LCGene genes unmatched: 79
2026-04-27 07:38:53,988 [INFO] STEP 9 COMPLETE
2026-04-27 07:38:53,990 [INFO] <<< Step 9  — Label construction DONE (0.3s)
2026-04-27 07:38:53,990 [INFO] >>> Step 10 — Train/val split
2026-04-27 07:38:53,992 [INFO] ============================================================
2026-04-27 07:38:53,993 [INFO] STEP 10 — TRAIN/VALIDATION SPLIT
2026-04-27 07:38:53,993 [INFO] ============================================================
2026-04-27 07:38:54,057 [INFO]   Features: (10986, 36)  Labels: 10986
2026-04-27 07:38:54,064 [INFO]   Train: 8788 (pos=350)  Val: 2198 (pos=88)
2026-04-27 07:38:54,989 [INFO] STEP 10 COMPLETE
2026-04-27 07:38:54,990 [INFO] <<< Step 10 — Train/val split DONE (1.0s)
2026-04-27 07:38:54,991 [INFO] >>> Step 11 — Model training
2026-04-27 07:38:55,088 [INFO] ============================================================
2026-04-27 07:38:55,089 [INFO] STEP 11 — MODEL TRAINING
2026-04-27 07:38:55,089 [INFO] ============================================================
2026-04-27 07:38:55,181 [INFO]   X_train: (8788, 36)  pos=350
2026-04-27 07:38:55,386 [INFO]   Random undersampling enabled (imbalanced-learn found).
2026-04-27 07:38:55,387 [INFO] 
  [random_forest] CV ...
2026-04-27 07:38:56,044 [INFO]     Fold 1 AUROC=0.9182 AUPRC=0.2932 F1=0.2627 MCC=0.3323
2026-04-27 07:38:56,699 [INFO]     Fold 2 AUROC=0.9007 AUPRC=0.3009 F1=0.2521 MCC=0.3026
2026-04-27 07:38:57,359 [INFO]     Fold 3 AUROC=0.9206 AUPRC=0.3311 F1=0.2762 MCC=0.3429
2026-04-27 07:38:58,007 [INFO]     Fold 4 AUROC=0.9260 AUPRC=0.3553 F1=0.2670 MCC=0.3201
2026-04-27 07:38:58,661 [INFO]     Fold 5 AUROC=0.9021 AUPRC=0.2513 F1=0.2571 MCC=0.3157
2026-04-27 07:38:58,662 [INFO]   [random_forest] AUROC=0.9135±0.0102  AUPRC=0.3064±0.0353  F1=0.2630±0.0083  MCC=0.3227±0.0139
2026-04-27 07:39:00,489 [INFO] 
  [gradient_boosting] CV ...
2026-04-27 07:39:00,925 [INFO]     Fold 1 AUROC=0.9134 AUPRC=0.3158 F1=0.2480 MCC=0.3010
2026-04-27 07:39:01,358 [INFO]     Fold 2 AUROC=0.9019 AUPRC=0.2855 F1=0.2733 MCC=0.3237
2026-04-27 07:39:01,789 [INFO]     Fold 3 AUROC=0.9220 AUPRC=0.3028 F1=0.2704 MCC=0.3289
2026-04-27 07:39:02,210 [INFO]     Fold 4 AUROC=0.9343 AUPRC=0.4880 F1=0.2792 MCC=0.3320
2026-04-27 07:39:02,625 [INFO]     Fold 5 AUROC=0.9004 AUPRC=0.2636 F1=0.2589 MCC=0.3147
2026-04-27 07:39:02,626 [INFO]   [gradient_boosting] AUROC=0.9144±0.0127  AUPRC=0.3311±0.0803  F1=0.2660±0.0112  MCC=0.3201±0.0112
2026-04-27 07:39:06,561 [INFO] 
  [logistic_regression] CV ...
2026-04-27 07:39:07,694 [INFO]     Fold 1 AUROC=0.9247 AUPRC=0.3282 F1=0.2809 MCC=0.3475
2026-04-27 07:39:08,209 [INFO]     Fold 2 AUROC=0.8958 AUPRC=0.2829 F1=0.2549 MCC=0.3027
2026-04-27 07:39:08,726 [INFO]     Fold 3 AUROC=0.9201 AUPRC=0.3494 F1=0.2593 MCC=0.2992
2026-04-27 07:39:09,198 [INFO]     Fold 4 AUROC=0.9388 AUPRC=0.4546 F1=0.3005 MCC=0.3523
2026-04-27 07:39:09,670 [INFO]     Fold 5 AUROC=0.9134 AUPRC=0.2833 F1=0.2956 MCC=0.3449
2026-04-27 07:39:09,671 [INFO]   [logistic_regression] AUROC=0.9186±0.0141  AUPRC=0.3397±0.0630  F1=0.2782±0.0185  MCC=0.3293±0.0233
2026-04-27 07:39:10,645 [INFO] 
  [extra_trees] CV ...
2026-04-27 07:39:11,084 [INFO]     Fold 1 AUROC=0.9131 AUPRC=0.3283 F1=0.2500 MCC=0.3111
2026-04-27 07:39:11,518 [INFO]     Fold 2 AUROC=0.9009 AUPRC=0.2906 F1=0.2563 MCC=0.3095
2026-04-27 07:39:11,952 [INFO]     Fold 3 AUROC=0.9198 AUPRC=0.2751 F1=0.2675 MCC=0.3315
2026-04-27 07:39:12,392 [INFO]     Fold 4 AUROC=0.9186 AUPRC=0.3926 F1=0.2667 MCC=0.3225
2026-04-27 07:39:12,826 [INFO]     Fold 5 AUROC=0.8907 AUPRC=0.2422 F1=0.2363 MCC=0.2811
2026-04-27 07:39:12,827 [INFO]   [extra_trees] AUROC=0.9086±0.0112  AUPRC=0.3058±0.0515  F1=0.2553±0.0116  MCC=0.3111±0.0170
2026-04-27 07:39:13,464 [INFO] 
All models trained in 18.3s
2026-04-27 07:39:13,465 [INFO]   Best: logistic_regression (AUPRC=0.3397)
2026-04-27 07:39:13,621 [INFO] STEP 11 COMPLETE
2026-04-27 07:39:13,634 [INFO] <<< Step 11 — Model training DONE (18.6s)
2026-04-27 07:39:13,635 [INFO] >>> Step 12 — Model evaluation
2026-04-27 07:39:13,644 [INFO] ============================================================
2026-04-27 07:39:13,644 [INFO] STEP 12 — MODEL EVALUATION
2026-04-27 07:39:13,645 [INFO] ============================================================
2026-04-27 07:39:13,681 [INFO]   Val: 2198 genes  pos=88
2026-04-27 07:39:14,037 [INFO]   [random_forest         ] AUROC=0.9132 AUPRC=0.3289 F1@0.50=0.1400 MCC@0.50=0.2053 [oracle F1@0.16=0.4032] R@100=0.3977 P@100=0.3500
2026-04-27 07:39:14,063 [INFO]   [gradient_boosting     ] AUROC=0.9042 AUPRC=0.3324 F1@0.50=0.3406 MCC@0.50=0.3424 [oracle F1@0.70=0.3863] R@100=0.3523 P@100=0.3100
2026-04-27 07:39:14,080 [INFO]   [logistic_regression   ] AUROC=0.9195 AUPRC=0.4039 F1@0.50=0.2873 MCC@0.50=0.3381 [oracle F1@0.88=0.4145] R@100=0.4205 P@100=0.3700
2026-04-27 07:39:14,168 [INFO]   [extra_trees           ] AUROC=0.9098 AUPRC=0.3613 F1@0.50=0.1237 MCC@0.50=0.2050 [oracle F1@0.14=0.3986] R@100=0.4091 P@100=0.3600
2026-04-27 07:39:14,182 [INFO]   Classification reports saved to: C:\Users\rahma\Downloads\gloom updated\trial\outputs\results\classification_reports
2026-04-27 07:39:14,645 [INFO]   Confusion matrix grid saved: eval_confusion_matrices.png
2026-04-27 07:39:14,965 [INFO] STEP 12 COMPLETE
2026-04-27 07:39:14,980 [INFO] <<< Step 12 — Model evaluation DONE (1.3s)
2026-04-27 07:39:14,980 [INFO] >>> Step 13 — Feature importance
2026-04-27 07:39:14,993 [INFO] ============================================================
2026-04-27 07:39:14,993 [INFO] STEP 13 — FEATURE IMPORTANCE
2026-04-27 07:39:14,993 [INFO] ============================================================
2026-04-27 07:39:15,465 [INFO]   [logistic_regression] Permutation importance (n_repeats=10) …
2026-04-27 07:39:17,296 [INFO]   Top 5: {'tumor_std': 0.9999999999926199, 'tumor_iqr_rank': 0.7671752842783319, 'normal_std': 0.6358382651574516, 'neg_log10_padj': 0.3249760529712065, 'cohens_d': 0.3172573599820784}
2026-04-27 07:39:17,455 [INFO]   Feature importance shape: (36, 9)
2026-04-27 07:39:17,455 [INFO]   Top feature: tumor_iqr_rank (0.8714)
2026-04-27 07:39:17,455 [INFO] STEP 13 COMPLETE
2026-04-27 07:39:17,477 [INFO] <<< Step 13 — Feature importance DONE (2.5s)
2026-04-27 07:39:17,477 [INFO] >>> Step 14 — Gene ranking
2026-04-27 07:39:17,486 [INFO] ============================================================
2026-04-27 07:39:17,486 [INFO] STEP 14 — GENE PREDICTION & RANKING
2026-04-27 07:39:17,486 [INFO] ============================================================
2026-04-27 07:39:17,587 [INFO]   Scaled full feature matrix using train-only RobustScaler (robust_scaler.joblib).
2026-04-27 07:39:17,588 [INFO]   Scoring 10,986 genes …
2026-04-27 07:39:17,611 [INFO]   Total: 10,986  Novel candidates (prob>=0.7): 967  Sensitivity list (prob>=0.5): 1,815
2026-04-27 07:39:17,611 [INFO]   Median positive (known) rank: 668
2026-04-27 07:39:17,611 [INFO]   Positive (known) in top-50:  30  top-100: 59  top-200: 99  top-500: 186
2026-04-27 07:39:17,612 [INFO]   Recall@50=0.0685  Recall@100=0.1347  Recall@200=0.2260  Recall@500=0.4247
2026-04-27 07:39:17,612 [INFO]   Precision@50=0.6000  Precision@100=0.5900
2026-04-27 07:39:18,059 [INFO]   High-confidence novel candidates saved: 967 genes (prob>=0.7)
2026-04-27 07:39:18,059 [INFO]   Sensitivity novel candidates saved:     1815 genes (prob>=0.5)
2026-04-27 07:39:18,060 [INFO]   Query gene rankings saved: 0 genes
2026-04-27 07:39:18,062 [INFO] STEP 14 COMPLETE
2026-04-27 07:39:18,063 [INFO] <<< Step 14 — Gene ranking DONE (0.6s)
2026-04-27 07:39:18,064 [INFO] >>> Step 15 — Network annotation
2026-04-27 07:39:18,066 [INFO] ============================================================
2026-04-27 07:39:18,066 [INFO] STEP 15 — NETWORK ANNOTATION
2026-04-27 07:39:18,066 [INFO] ============================================================
2026-04-27 07:39:18,690 [INFO]   Graph: 10,986 nodes, 36,943 edges
2026-04-27 07:39:19,596 [INFO]   Positive edges: 36,908  Negative: 35
2026-04-27 07:39:22,241 [INFO]   LCGene nodes: 438  Novel: 967
2026-04-27 07:39:22,241 [INFO] STEP 15 COMPLETE
2026-04-27 07:39:22,248 [INFO] <<< Step 15 — Network annotation DONE (4.2s)
2026-04-27 07:39:22,248 [INFO] >>> Step 16 — Network export
2026-04-27 07:39:22,251 [INFO] ============================================================
2026-04-27 07:39:22,251 [INFO] STEP 16 — NETWORK EXPORT
2026-04-27 07:39:22,252 [INFO] ============================================================
2026-04-27 07:39:23,590 [INFO]   Graph: 10,986 nodes, 36,943 edges
2026-04-27 07:39:26,304 [INFO]   GraphML saved: C:\Users\rahma\Downloads\gloom updated\trial\outputs\results\network\exports/network_full.graphml
2026-04-27 07:39:28,409 [INFO]   Full network exports complete.
2026-04-27 07:39:28,441 [INFO]   [top100] 100 nodes, 9 edges
2026-04-27 07:39:28,570 [INFO]   [lcgene] 438 nodes, 620 edges
2026-04-27 07:39:28,779 [INFO]   [novel] 967 nodes, 1713 edges
2026-04-27 07:39:28,857 [INFO]   [candidates] 526 nodes, 840 edges
2026-04-27 07:39:29,767 [INFO] 
  Sub-networks:
2026-04-27 07:39:29,768 [INFO]     top100               nodes=  100  edges=      9
2026-04-27 07:39:29,768 [INFO]     lcgene               nodes=  438  edges=    620
2026-04-27 07:39:29,768 [INFO]     novel                nodes=  967  edges=  1,713
2026-04-27 07:39:29,768 [INFO]     candidates           nodes=  526  edges=    840
2026-04-27 07:39:29,768 [INFO] STEP 16 COMPLETE
2026-04-27 07:39:29,775 [INFO] <<< Step 16 — Network export DONE (7.5s)
2026-04-27 07:39:29,775 [INFO] >>> Step 17 — Visualization
2026-04-27 07:39:30,046 [INFO] ============================================================
2026-04-27 07:39:30,047 [INFO] STEP 17 — INTERACTIVE VISUALIZATION
2026-04-27 07:39:30,047 [INFO] ============================================================
2026-04-27 07:39:30,152 [INFO] [1] Volcano …
2026-04-27 07:39:30,500 [INFO]   Volcano saved: C:\Users\rahma\Downloads\gloom updated\trial\outputs\figures\interactive_volcano.html
2026-04-27 07:39:30,501 [INFO] [2] Ranking …
2026-04-27 07:39:30,722 [INFO]   Ranking plot saved: C:\Users\rahma\Downloads\gloom updated\trial\outputs\figures\interactive_ranking.html
2026-04-27 07:39:30,723 [INFO] [3] Network …
2026-04-27 07:39:30,808 [INFO]   Network plot saved: C:\Users\rahma\Downloads\gloom updated\trial\outputs\figures\interactive_network.html
2026-04-27 07:39:30,808 [INFO] [4] Feature importance …
2026-04-27 07:39:30,845 [INFO]   Feature importance saved: C:\Users\rahma\Downloads\gloom updated\trial\outputs\figures\interactive_feature_importance.html
2026-04-27 07:39:30,846 [INFO] [5] KEGG pathways …
2026-04-27 07:39:30,896 [INFO]   KEGG plot saved: C:\Users\rahma\Downloads\gloom updated\trial\outputs\figures\interactive_kegg.html
2026-04-27 07:39:30,896 [INFO] [6] Dashboard …
2026-04-27 07:39:30,969 [INFO]   Combined dashboard saved: C:\Users\rahma\Downloads\gloom updated\trial\outputs\figures\interactive_dashboard.html
2026-04-27 07:39:30,972 [INFO] STEP 17 COMPLETE
2026-04-27 07:39:30,974 [INFO] <<< Step 17 — Visualization DONE (1.2s)
2026-04-27 07:39:30,974 [INFO] >>> Step 18 — Final report
2026-04-27 07:39:30,977 [INFO] ============================================================
2026-04-27 07:39:30,977 [INFO] STEP 18 — FINAL OUTPUTS & REPORTING
2026-04-27 07:39:30,977 [INFO] ============================================================
2026-04-27 07:39:30,978 [INFO] [1] Building summary table …
2026-04-27 07:39:31,197 [INFO]   Summary table: (10986, 29)
2026-04-27 07:39:31,198 [INFO] [2] Building text report …
2026-04-27 07:39:31,219 [ERROR]   Report failed: 'mcc'
2026-04-27 07:39:31,220 [INFO] [3] Building summary figure …
2026-04-27 07:39:31,900 [INFO]   Summary figure (PNG) saved: C:\Users\rahma\Downloads\gloom updated\trial\outputs\results\reports\pipeline_summary_figure.png
2026-04-27 07:39:32,552 [INFO]   Summary figure (PDF) saved: C:\Users\rahma\Downloads\gloom updated\trial\outputs\results\reports\pipeline_summary_figure.pdf
2026-04-27 07:39:32,553 [INFO] [4] Writing master runner …
2026-04-27 07:39:32,554 [INFO]   Master runner saved: C:\Users\rahma\Downloads\gloom updated\trial\LUAD_ML_Pipeline\run_pipeline.py
2026-04-27 07:39:32,555 [INFO] ============================================================
2026-04-27 07:39:32,555 [INFO] STEP 18 SUMMARY
2026-04-27 07:39:32,555 [INFO] ============================================================
2026-04-27 07:39:32,555 [INFO]   Summary table: C:\Users\rahma\Downloads\gloom updated\trial\outputs\results\reports/pipeline_summary_table.csv
2026-04-27 07:39:32,555 [INFO]   Text report  : C:\Users\rahma\Downloads\gloom updated\trial\outputs\results\reports/pipeline_report.txt
2026-04-27 07:39:32,555 [INFO]   Summary fig  : C:\Users\rahma\Downloads\gloom updated\trial\outputs\results\reports/pipeline_summary_figure.png
2026-04-27 07:39:32,556 [INFO]   Master runner: C:\Users\rahma\Downloads\gloom updated\trial\LUAD_ML_Pipeline\run_pipeline.py
2026-04-27 07:39:32,556 [INFO] 
2026-04-27 07:39:32,556 [INFO]   Key deliverables:
2026-04-27 07:39:32,556 [INFO]     Gene rankings    : C:\Users\rahma\Downloads\gloom updated\trial\outputs\results\gene_rankings.csv
2026-04-27 07:39:32,556 [INFO]     Novel candidates : C:\Users\rahma\Downloads\gloom updated\trial\outputs\results/novel_candidates.csv
2026-04-27 07:39:32,556 [INFO]     Dashboard        : C:\Users\rahma\Downloads\gloom updated\trial\outputs\figures/interactive_dashboard.html
2026-04-27 07:39:32,556 [INFO] STEP 18 COMPLETE
2026-04-27 07:39:32,557 [INFO] <<< Step 18 — Final report DONE (1.6s)
2026-04-27 07:39:32,557 [INFO] ======================================================================
2026-04-27 07:39:32,557 [INFO] EXECUTION SUMMARY
2026-04-27 07:39:32,557 [INFO] ======================================================================
2026-04-27 07:39:32,557 [INFO]   [OK] Step 0  — Config                                  0.0s
2026-04-27 07:39:32,557 [INFO]   [OK] Step 1  — Data loading                           44.2s
2026-04-27 07:39:32,557 [INFO]   [OK] Step 2  — Preprocessing                          37.1s
2026-04-27 07:39:32,557 [INFO]   [OK] Step 3  — Harmonization                          14.7s
2026-04-27 07:39:32,558 [INFO]   [OK] Step 4  — Differential expr                       9.5s
2026-04-27 07:39:32,558 [INFO]   [OK] Step 5  — Expr features                          15.8s
2026-04-27 07:39:32,558 [INFO]   [OK] Step 6  — Co-expr network                         5.2s
2026-04-27 07:39:32,558 [INFO]   [OK] Step 7  — Network features                       17.5s
2026-04-27 07:39:32,558 [INFO]   [OK] Step 8  — Feature integration                     1.5s
2026-04-27 07:39:32,558 [INFO]   [OK] Step 9  — Label construction                      0.3s
2026-04-27 07:39:32,558 [INFO]   [OK] Step 10 — Train/val split                         1.0s
2026-04-27 07:39:32,559 [INFO]   [OK] Step 11 — Model training                         18.6s
2026-04-27 07:39:32,559 [INFO]   [OK] Step 12 — Model evaluation                        1.3s
2026-04-27 07:39:32,559 [INFO]   [OK] Step 13 — Feature importance                      2.5s
2026-04-27 07:39:32,559 [INFO]   [OK] Step 14 — Gene ranking                            0.6s
2026-04-27 07:39:32,559 [INFO]   [OK] Step 15 — Network annotation                      4.2s
2026-04-27 07:39:32,559 [INFO]   [OK] Step 16 — Network export                          7.5s
2026-04-27 07:39:32,559 [INFO]   [OK] Step 17 — Visualization                           1.2s
2026-04-27 07:39:32,559 [INFO]   [OK] Step 18 — Final report                            1.6s
2026-04-27 07:39:32,560 [INFO]   Total: 184.3s (3.1 min)
2026-04-27 07:39:32,560 [INFO]   Pipeline COMPLETE.
2026-04-27 07:39:32,560 [INFO] ======================================================================
2026-04-27 08:10:02,017 [INFO] ============================================================
2026-04-27 08:10:02,017 [INFO] STEP 1b — BATCH EFFECT CORRECTION (ComBat-seq)
2026-04-27 08:10:02,017 [INFO] ============================================================
2026-04-27 08:10:02,018 [INFO]   USE_BATCH_CORRECTION = False — skipping batch correction.
2026-04-27 08:10:02,018 [INFO]   To enable: set USE_BATCH_CORRECTION = True in config.py.
2026-04-27 08:10:02,018 [INFO]   Then install: pip install inmoose  (or rpy2 + R sva)
2026-04-27 08:35:01,901 [INFO] ============================================================
2026-04-27 08:35:01,901 [INFO] STEP 1b — BATCH EFFECT CORRECTION (ComBat-seq)
2026-04-27 08:35:01,902 [INFO] ============================================================
2026-04-27 08:35:01,903 [INFO]   Loading harmonized expression matrices …
2026-04-27 08:35:03,566 [INFO]   Tumor:  10,986 genes × 510 samples
2026-04-27 08:35:03,566 [INFO]   Normal: 10,986 genes × 604 samples
2026-04-27 08:35:03,567 [INFO]   Common genes: 10,986
2026-04-27 08:35:03,634 [INFO]   Combined matrix: 10,986 genes × 1,114 samples
2026-04-27 08:35:03,635 [INFO]   Batch 0 (GTEx normal): 604  Batch 1 (TCGA tumor): 510
2026-04-27 08:35:40,529 [INFO]   Using inmoose.pycombat.pycombat_seq …
2026-04-27 08:36:48,510 [INFO] ============================================================
2026-04-27 08:36:48,511 [INFO] STEP 1b — BATCH EFFECT CORRECTION (ComBat-seq)
2026-04-27 08:36:48,511 [INFO] ============================================================
2026-04-27 08:36:48,511 [INFO]   Loading harmonized expression matrices …
2026-04-27 08:36:50,105 [INFO]   Tumor:  10,986 genes × 510 samples
2026-04-27 08:36:50,105 [INFO]   Normal: 10,986 genes × 604 samples
2026-04-27 08:36:50,106 [INFO]   Common genes: 10,986
2026-04-27 08:36:50,155 [INFO]   Combined matrix: 10,986 genes × 1,114 samples
2026-04-27 08:36:50,156 [INFO]   Batch 0 (GTEx normal): 604  Batch 1 (TCGA tumor): 510
2026-04-27 08:36:53,127 [INFO]   Using inmoose.pycombat.pycombat_seq …
2026-04-27 08:38:21,428 [INFO] ============================================================
2026-04-27 08:38:21,429 [INFO] STEP 1b — BATCH EFFECT CORRECTION (ComBat-seq)
2026-04-27 08:38:21,429 [INFO] ============================================================
2026-04-27 08:38:21,430 [INFO]   Loading harmonized expression matrices …
2026-04-27 08:38:22,987 [INFO]   Tumor:  10,986 genes × 510 samples
2026-04-27 08:38:22,987 [INFO]   Normal: 10,986 genes × 604 samples
2026-04-27 08:38:22,988 [INFO]   Common genes: 10,986
2026-04-27 08:38:23,043 [INFO]   Combined matrix: 10,986 genes × 1,114 samples
2026-04-27 08:38:23,043 [INFO]   Batch 0 (GTEx normal): 604  Batch 1 (TCGA tumor): 510
2026-04-27 08:38:26,050 [INFO]   Using inmoose.pycombat.pycombat_seq …
2026-04-27 08:38:27,010 [INFO]   Imputed 98,365 NaN values with gene-wise median before ComBat-seq.
2026-04-27 08:38:27,026 [INFO] Found 2 batches
2026-04-27 08:38:27,026 [INFO] Adjusting for 0 covariate(s) or covariate level(s)
2026-04-27 08:38:27,226 [INFO] Estimating dispersions
2026-04-27 08:40:19,314 [INFO] Fitting the GLM model
2026-04-27 08:40:28,200 [INFO] shrinkage off - using GLM estimates for parameters
2026-04-27 08:40:28,617 [INFO] Adjusting the data
2026-04-27 08:41:16,752 [INFO]   ComBat-seq correction applied (inmoose).
2026-04-27 08:41:22,610 [INFO]   Sanity check on 200 sample genes: DE-sig before=169 (84.5%)  after=200 (100.0%)
2026-04-27 08:41:22,610 [INFO]   NOTE: For downstream use, point TUMOR_EXPR_HARMONIZED and NORMAL_EXPR_HARMONIZED to the batch-corrected files in config.py before running step2 onward.
2026-04-27 08:41:22,610 [INFO] STEP 1b COMPLETE
2026-04-27 08:42:09,090 [INFO] ============================================================
2026-04-27 08:42:09,090 [INFO] STEP 2 — DATA PREPROCESSING & QUALITY CONTROL
2026-04-27 08:42:09,090 [INFO] ============================================================
2026-04-27 08:42:13,196 [INFO] 
--- Tumor preprocessing ---
2026-04-27 08:42:13,293 [INFO]   [tumor] Replaced 1463479 zeros and 0 negatives with NaN.
2026-04-27 08:42:13,517 [INFO]   [tumor] log2(x+1) applied. Range: [0.004, 20.450]
2026-04-27 08:42:15,537 [WARNING]   [tumor] No common samples — trying TCGA ID truncation.
2026-04-27 08:42:15,576 [INFO]   [tumor] Retained 510 common samples.
2026-04-27 08:42:15,583 [INFO]   [tumor] Sample count OK: 510 >= 50.
2026-04-27 08:42:15,584 [INFO] 
--- Normal preprocessing ---
2026-04-27 08:42:16,067 [INFO]   [normal] Replaced 21868568 zeros and 0 negatives with NaN.
2026-04-27 08:42:17,101 [INFO]   [normal] log2(x+1) applied. Range: [0.000, 16.393]
2026-04-27 08:42:19,793 [INFO]   [normal] Retained 604 common samples.
2026-04-27 08:42:19,799 [INFO]   [normal] Sample count OK: 604 >= 50.
2026-04-27 08:42:19,800 [INFO] 
Generating QC plots …
2026-04-27 08:42:42,686 [INFO] 
============================================================
2026-04-27 08:42:42,686 [INFO] STEP 2 SUMMARY
2026-04-27 08:42:42,686 [INFO] ============================================================
2026-04-27 08:42:42,687 [INFO]   Tumor  expr :  16570 genes x  510 samples
2026-04-27 08:42:42,687 [INFO]   Normal expr :  21159 genes x  604 samples
2026-04-27 08:42:42,687 [INFO] STEP 2 COMPLETE
2026-04-27 08:43:09,923 [INFO] ============================================================
2026-04-27 08:43:09,923 [INFO] STEP 3 — GENE ID HARMONIZATION
2026-04-27 08:43:09,923 [INFO] ============================================================
2026-04-27 08:43:12,692 [WARNING]   [tumor] Dropping 1 invalid symbols.
2026-04-27 08:43:12,741 [INFO]   Common genes: 10986
2026-04-27 08:43:12,746 [INFO]   LCGene retained: 438 / 517 (84.7%)
2026-04-27 08:43:12,746 [WARNING]   LCGene genes lost: ABCB4, AKR1B10, ASCL1, BCL2L14, BPIFA1, BRINP1, BRSK2, C20ORF85, CA9, CASC1, CCKBR, CDX2, CHGA, CHRNA1, CHRNA5, CHRNA9, CLCA2, CLDN2, CSMD1, CYP2C19, CYP2C9, DLK1, DLX5, DPYSL5, DRD2, DSC3, ECE2, ELAVL2, EPHA7, FAM83A, FUT6, FZD9, GABRA3, GATA4, GPR87, HMGA2, HNF4A, HOXB9, IGF2BP3, INSM1, KCNH1, KCNJ3, KIF14, KIF5A, KLK6, KRT81, LEP, LGSN, MAGEA1, MAGEA6, MAGEC1, MMP13, MYO18B, NOV, NR0B1, NR1I2, NRXN1, OPCML, PAEP, PAX5, PITX2, PRAME, PTPRH, RGS17, SCGN, SERPINB4, SERPINB5, T, TERT, TF, TFAP2A, TFAP2B, TRIM31, TRPM8, UGT1A6, VIL1, VTCN1, WISP1, XDH
2026-04-27 08:43:26,221 [INFO]   Common genes: 10986
2026-04-27 08:43:26,221 [INFO] STEP 3 COMPLETE
2026-04-27 08:43:49,042 [INFO] ============================================================
2026-04-27 08:43:49,042 [INFO] STEP 4 — DIFFERENTIAL EXPRESSION
2026-04-27 08:43:49,043 [INFO] ============================================================
2026-04-27 08:43:50,719 [INFO]   Tumor: (10986, 510)  Normal: (10986, 604)
2026-04-27 08:43:50,845 [INFO]   Running Welch t-test for 10986 genes …
2026-04-27 08:43:53,599 [INFO]   Significant at FDR<=0.001: 10882
2026-04-27 08:43:54,331 [INFO]   Up: 9700  Down: 15  NS: 1271
2026-04-27 08:43:54,332 [INFO] STEP 4 COMPLETE
2026-04-27 08:44:15,411 [INFO] ============================================================
2026-04-27 08:44:15,411 [INFO] STEP 5 — EXPRESSION FEATURE CONSTRUCTION
2026-04-27 08:44:15,412 [INFO] ============================================================
2026-04-27 08:44:17,115 [INFO]   Computing stats for [tumor] ((10986, 510)) …
2026-04-27 08:44:24,895 [INFO]   Computing stats for [normal] ((10986, 604)) …
2026-04-27 08:44:32,963 [INFO]   [expression_features] Validated. Shape: (10986, 29)
2026-04-27 08:44:33,724 [INFO]   Expression features: (10986, 29)
2026-04-27 08:44:33,724 [INFO] STEP 5 COMPLETE
2026-04-27 08:44:43,229 [INFO] ============================================================
2026-04-27 08:44:43,229 [INFO] STEP 6 — CO-EXPRESSION NETWORK CONSTRUCTION
2026-04-27 08:44:43,229 [INFO] ============================================================
2026-04-27 08:44:43,996 [INFO]   Matrix: 10986 genes x 510 samples | cutoff |r|>=0.6
2026-04-27 08:44:44,595 [INFO]   Chunk 10/22 edges so far: 86,077 (0.6s)
2026-04-27 08:44:45,138 [INFO]   Chunk 20/22 edges so far: 109,749 (1.1s)
2026-04-27 08:44:45,258 [INFO]   Chunk 22/22 edges so far: 110,508 (1.2s)
2026-04-27 08:44:45,289 [INFO]   Total edges: 110,508
2026-04-27 08:44:48,307 [INFO]   Graph: 4,977 nodes, 110,508 edges
2026-04-27 08:44:50,848 [INFO]   Runtime: 1.4s
2026-04-27 08:44:50,848 [INFO] STEP 6 COMPLETE
2026-04-27 08:45:03,209 [INFO] ============================================================
2026-04-27 08:45:03,209 [INFO] STEP 6b — NORMAL TISSUE CO-EXPRESSION NETWORK
2026-04-27 08:45:03,210 [INFO] ============================================================
2026-04-27 08:45:04,116 [INFO]   Normal expression: 10,986 genes × 604 samples
2026-04-27 08:45:04,117 [INFO]   Correlation cutoff: |r| >= 0.6
2026-04-27 08:45:04,117 [INFO]   Matrix: 10986 genes x 604 samples | cutoff |r|>=0.6
2026-04-27 08:45:04,867 [INFO]   Chunk 10/22 edges so far: 817,242 (0.7s)
2026-04-27 08:45:05,622 [INFO]   Chunk 20/22 edges so far: 1,240,735 (1.5s)
2026-04-27 08:45:05,778 [INFO]   Chunk 22/22 edges so far: 1,276,368 (1.6s)
2026-04-27 08:45:05,819 [INFO]   Total edges: 1,276,368
2026-04-27 08:45:40,916 [INFO]   Graph: 9,338 nodes, 1,276,368 edges
2026-04-27 08:46:06,140 [INFO]   Normal network: 10,986 nodes, 1,276,368 edges
2026-04-27 08:46:06,151 [INFO] STEP 6b COMPLETE
2026-04-27 08:46:39,122 [INFO] ============================================================
2026-04-27 08:46:39,122 [INFO] STEP 7 — NETWORK FEATURE EXTRACTION
2026-04-27 08:46:39,122 [INFO] ============================================================
2026-04-27 08:46:40,795 [INFO]   Graph: 10,986 nodes, 110,508 edges
2026-04-27 08:46:40,802 [INFO]   Extracting degree features …
2026-04-27 08:46:40,855 [INFO]   Extracting average neighbour degree …
2026-04-27 08:46:40,888 [INFO]   Betweenness centrality (n=10,986) …
2026-04-27 08:46:51,099 [INFO]   Closeness centrality …
2026-04-27 08:47:54,792 [INFO]   Eigenvector centrality …
2026-04-27 08:47:57,036 [INFO]   Clustering coefficient …
2026-04-27 08:48:16,440 [INFO]   Edge weight statistics …
2026-04-27 08:48:16,686 [INFO]   Component features …
2026-04-27 08:48:16,757 [INFO]   All features extracted in 96.0s
2026-04-27 08:48:17,993 [INFO]   Network features: (10986, 13)
2026-04-27 08:48:17,993 [INFO] STEP 7 COMPLETE
2026-04-27 08:48:31,185 [INFO] ============================================================
2026-04-27 08:48:31,186 [INFO] STEP 7b — DIFFERENTIAL CO-EXPRESSION FEATURES
2026-04-27 08:48:31,186 [INFO] ============================================================
2026-04-27 08:48:31,186 [INFO]   Loading Tumor network: C:\Users\rahma\Downloads\gloom updated\trial\outputs\results\network\coexpression_network.graphml
2026-04-27 08:48:32,927 [INFO]     10,986 nodes, 110,508 edges
2026-04-27 08:48:32,928 [INFO]   Loading Normal network: C:\Users\rahma\Downloads\gloom updated\trial\outputs\results\network\normal_coexpression_network.graphml
2026-04-27 08:48:58,693 [INFO]     10,986 nodes, 1,276,368 edges
2026-04-27 08:48:58,699 [INFO]   Gene universe (union): 10,986
2026-04-27 08:48:58,699 [INFO]   Computing degree features …
2026-04-27 08:48:58,710 [INFO]   Computing clustering coefficients …
2026-04-27 08:54:37,794 [INFO] ============================================================
2026-04-27 08:54:37,794 [INFO] STEP 7b — DIFFERENTIAL CO-EXPRESSION FEATURES
2026-04-27 08:54:37,795 [INFO] ============================================================
2026-04-27 08:54:37,795 [INFO]   Loading Tumor network: C:\Users\rahma\Downloads\gloom updated\trial\outputs\results\network\coexpression_network.graphml
2026-04-27 08:54:39,826 [INFO]     10,986 nodes, 110,508 edges
2026-04-27 08:54:39,826 [INFO]   Loading Normal network: C:\Users\rahma\Downloads\gloom updated\trial\outputs\results\network\normal_coexpression_network.graphml
2026-04-27 08:55:01,550 [INFO]     10,986 nodes, 1,276,368 edges
2026-04-27 08:55:01,555 [INFO]   Gene universe (union): 10,986
2026-04-27 08:55:01,555 [INFO]   Computing degree features …
2026-04-27 08:55:01,565 [INFO]   Computing clustering coefficients …
2026-04-27 08:55:19,344 [WARNING]   Skipping clustering coefficient — graph too dense (1,276,368 edges > 300,000 limit). Set to 0.0.
2026-04-27 08:55:19,345 [INFO]   Computing betweenness centrality …
2026-04-27 08:55:32,281 [WARNING]   Skipping betweenness centrality — graph too dense (1,276,368 edges > 500,000 limit). Set to 0.0.
2026-04-27 08:55:32,281 [INFO]   Computing mean edge weight …
2026-04-27 08:55:33,432 [INFO]   Computing tumor-specific / normal-specific edges …
2026-04-27 08:55:33,697 [INFO]   All features computed in 32.1s
2026-04-27 08:55:33,741 [INFO]   Genes gaining connections in tumor: 1,161  losing: 8,400
2026-04-27 08:55:33,742 [INFO]   Mean rewiring_ratio: 0.8564
2026-04-27 08:55:33,831 [INFO]   Differential features: (10986, 15)
2026-04-27 08:55:33,834 [INFO] STEP 7b COMPLETE
2026-04-27 08:55:55,502 [INFO] ============================================================
2026-04-27 08:55:55,502 [INFO] STEP 8 — FEATURE INTEGRATION
2026-04-27 08:55:55,503 [INFO] ============================================================
2026-04-27 08:55:55,571 [INFO]   Expression: (10986, 29)  Network: (10986, 13)
2026-04-27 08:55:55,577 [INFO]   Concatenated: (10986, 42)
2026-04-27 08:55:55,585 [INFO]   Removed 6 collinear features: ['weighted_degree', 'component_size', 'min_edge_weight', 'tumor_median', 'normal_median', 't_stat']
2026-04-27 08:55:55,585 [INFO]   Features after collinearity removal: 36
2026-04-27 08:55:55,626 [INFO]   Highly correlated pairs (|r|>=0.95): 9
2026-04-27 08:55:55,991 [INFO]   Differential network features added: 15 columns (coverage: 10,986/10,986 genes)
2026-04-27 08:55:56,827 [INFO]   Integrated features: (10986, 51)
2026-04-27 08:55:56,827 [INFO] STEP 8 COMPLETE
2026-04-27 08:56:11,275 [INFO] ============================================================
2026-04-27 08:56:11,275 [INFO] STEP 9 — LABEL CONSTRUCTION
2026-04-27 08:56:11,275 [INFO] ============================================================
2026-04-27 08:56:11,376 [INFO]   LCGene symbols: 517
2026-04-27 08:56:11,381 [INFO]   Total: 10986  Positive (known LCGene): 438 (3.99%)  Unlabeled: 10548
2026-04-27 08:56:11,381 [INFO]   [PU framing] Negatives are UNLABELED — not confirmed non-cancer genes.
2026-04-27 08:56:11,587 [INFO]   LCGene genes unmatched: 79
2026-04-27 08:56:11,587 [INFO] STEP 9 COMPLETE
2026-04-27 08:56:31,643 [INFO] ============================================================
2026-04-27 08:56:31,643 [INFO] STEP 10 — TRAIN/VALIDATION SPLIT
2026-04-27 08:56:31,643 [INFO] ============================================================
2026-04-27 08:56:31,723 [INFO]   Features: (10986, 51)  Labels: 10986
2026-04-27 08:56:31,730 [INFO]   Train: 8788 (pos=350)  Val: 2198 (pos=88)
2026-04-27 08:56:32,748 [INFO] STEP 10 COMPLETE
2026-04-27 08:56:49,466 [INFO] ============================================================
2026-04-27 08:56:49,466 [INFO] STEP 11 — MODEL TRAINING
2026-04-27 08:56:49,466 [INFO] ============================================================
2026-04-27 08:56:49,604 [INFO]   X_train: (8788, 51)  pos=350
2026-04-27 08:56:50,433 [INFO]   Random undersampling enabled (imbalanced-learn found).
2026-04-27 08:56:50,434 [INFO] 
  [random_forest] CV ...
2026-04-27 08:56:51,070 [INFO]     Fold 1 AUROC=0.9221 AUPRC=0.2728 F1=0.2607 MCC=0.3302
2026-04-27 08:56:51,686 [INFO]     Fold 2 AUROC=0.9046 AUPRC=0.2617 F1=0.2700 MCC=0.3313
2026-04-27 08:56:52,317 [INFO]     Fold 3 AUROC=0.9192 AUPRC=0.3398 F1=0.2863 MCC=0.3556
2026-04-27 08:56:52,946 [INFO]     Fold 4 AUROC=0.9247 AUPRC=0.3730 F1=0.2684 MCC=0.3242
2026-04-27 08:56:53,593 [INFO]     Fold 5 AUROC=0.9017 AUPRC=0.2662 F1=0.2515 MCC=0.3046
2026-04-27 08:56:53,594 [INFO]   [random_forest] AUROC=0.9145±0.0094  AUPRC=0.3027±0.0452  F1=0.2674±0.0115  MCC=0.3292±0.0163
2026-04-27 08:56:55,369 [INFO] 
  [gradient_boosting] CV ...
2026-04-27 08:56:55,835 [INFO]     Fold 1 AUROC=0.9221 AUPRC=0.3467 F1=0.2618 MCC=0.3231
2026-04-27 08:56:56,272 [INFO]     Fold 2 AUROC=0.9095 AUPRC=0.2805 F1=0.2743 MCC=0.3301
2026-04-27 08:56:56,782 [INFO]     Fold 3 AUROC=0.9207 AUPRC=0.3258 F1=0.2896 MCC=0.3503
2026-04-27 08:56:57,223 [INFO]     Fold 4 AUROC=0.9347 AUPRC=0.4830 F1=0.2945 MCC=0.3495
2026-04-27 08:56:57,695 [INFO]     Fold 5 AUROC=0.9074 AUPRC=0.2946 F1=0.2583 MCC=0.3142
2026-04-27 08:56:57,695 [INFO]   [gradient_boosting] AUROC=0.9189±0.0098  AUPRC=0.3461±0.0723  F1=0.2757±0.0145  MCC=0.3334±0.0144
2026-04-27 08:57:02,274 [INFO] 
  [logistic_regression] CV ...
2026-04-27 08:57:03,765 [INFO]     Fold 1 AUROC=0.9184 AUPRC=0.3007 F1=0.2530 MCC=0.3115
2026-04-27 08:57:04,693 [INFO]     Fold 2 AUROC=0.8898 AUPRC=0.2638 F1=0.2516 MCC=0.3020
2026-04-27 08:57:05,621 [INFO]     Fold 3 AUROC=0.9224 AUPRC=0.2933 F1=0.2871 MCC=0.3396
2026-04-27 08:57:06,545 [INFO]     Fold 4 AUROC=0.9155 AUPRC=0.3582 F1=0.2695 MCC=0.3118
2026-04-27 08:57:07,436 [INFO]     Fold 5 AUROC=0.9125 AUPRC=0.2576 F1=0.2797 MCC=0.3298
2026-04-27 08:57:07,437 [INFO]   [logistic_regression] AUROC=0.9117±0.0114  AUPRC=0.2947±0.0358  F1=0.2682±0.0141  MCC=0.3190±0.0137
2026-04-27 08:57:09,332 [INFO] 
  [extra_trees] CV ...
2026-04-27 08:57:09,816 [INFO]     Fold 1 AUROC=0.9194 AUPRC=0.3089 F1=0.2584 MCC=0.3225
2026-04-27 08:57:10,325 [INFO]     Fold 2 AUROC=0.9028 AUPRC=0.2679 F1=0.2594 MCC=0.3153
2026-04-27 08:57:10,828 [INFO]     Fold 3 AUROC=0.9180 AUPRC=0.2640 F1=0.2769 MCC=0.3463
2026-04-27 08:57:11,313 [INFO]     Fold 4 AUROC=0.9152 AUPRC=0.3644 F1=0.2553 MCC=0.3058
2026-04-27 08:57:11,798 [INFO]     Fold 5 AUROC=0.8959 AUPRC=0.2459 F1=0.2414 MCC=0.2917
2026-04-27 08:57:11,798 [INFO]   [extra_trees] AUROC=0.9103±0.0093  AUPRC=0.2902±0.0425  F1=0.2583±0.0113  MCC=0.3163±0.0182
2026-04-27 08:57:12,501 [INFO] 
All models trained in 22.9s
2026-04-27 08:57:12,509 [INFO]   Best: gradient_boosting (AUPRC=0.3461)
2026-04-27 08:57:12,575 [INFO]   Calibrated best model (Platt scaling) saved as best_model.joblib
2026-04-27 08:57:12,771 [INFO] STEP 11 COMPLETE
2026-04-27 08:57:38,826 [INFO] ============================================================
2026-04-27 08:57:38,826 [INFO] STEP 11b — MORDELET-VERT PU BAGGING
2026-04-27 08:57:38,826 [INFO]   B=100  subsample_ratio=1.0  base_trees=100
2026-04-27 08:57:38,826 [INFO] ============================================================
2026-04-27 08:57:38,985 [INFO]   Training positives (P): 350
2026-04-27 08:57:38,986 [INFO]   Training unlabeled  (U): 8,438
2026-04-27 08:57:38,986 [INFO]   Subsample per iteration: 350
2026-04-27 08:57:38,986 [INFO]   Full gene universe to score: 10,986
2026-04-27 08:57:40,335 [INFO]   Iter   10/100  elapsed: 1.3s
2026-04-27 08:57:41,617 [INFO]   Iter   20/100  elapsed: 2.6s
2026-04-27 08:57:42,900 [INFO]   Iter   30/100  elapsed: 3.9s
2026-04-27 08:57:44,189 [INFO]   Iter   40/100  elapsed: 5.2s
2026-04-27 08:57:45,467 [INFO]   Iter   50/100  elapsed: 6.5s
2026-04-27 08:57:46,766 [INFO]   Iter   60/100  elapsed: 7.8s
2026-04-27 08:57:48,054 [INFO]   Iter   70/100  elapsed: 9.1s
2026-04-27 08:57:49,419 [INFO]   Iter   80/100  elapsed: 10.4s
2026-04-27 08:57:50,739 [INFO]   Iter   90/100  elapsed: 11.7s
2026-04-27 08:57:52,066 [INFO]   Iter  100/100  elapsed: 13.1s
2026-04-27 08:57:52,067 [INFO]   PU bagging complete in 13.1s
2026-04-27 08:57:52,075 [INFO]   Validation AUROC=0.9218  AUPRC=0.3808
2026-04-27 08:57:52,076 [INFO]   LCGene in top-50: 50  top-100: 99  top-200: 181
2026-04-27 08:57:52,076 [INFO]   Recall@50=0.1142  Recall@100=0.2260  Recall@200=0.4132
2026-04-27 08:57:52,077 [INFO]   Precision@50=1.0000  Precision@100=0.9900
2026-04-27 08:57:52,077 [INFO]   PU novel candidates (score>=0.7): 920
2026-04-27 08:57:52,458 [INFO] STEP 11b COMPLETE
2026-04-27 08:58:17,348 [INFO] ============================================================
2026-04-27 08:58:17,348 [INFO] STEP 12 — MODEL EVALUATION
2026-04-27 08:58:17,348 [INFO] ============================================================
2026-04-27 08:58:17,383 [INFO]   Val: 2198 genes  pos=88
2026-04-27 08:58:17,865 [INFO]   [random_forest         ] AUROC=0.9111 AUPRC=0.3624 F1@0.50=0.1800 MCC@0.50=0.2683 [oracle F1@0.15=0.4257] R@100=0.3864 P@100=0.3400
2026-04-27 08:58:17,889 [INFO]   [gradient_boosting     ] AUROC=0.9163 AUPRC=0.3414 F1@0.50=0.3883 MCC@0.50=0.3947 [oracle F1@0.71=0.4286] R@100=0.3750 P@100=0.3300
2026-04-27 08:58:17,913 [INFO]   [logistic_regression   ] AUROC=0.8936 AUPRC=0.2923 F1@0.50=0.2559 MCC@0.50=0.2967 [oracle F1@0.90=0.3596] R@100=0.3750 P@100=0.3300
2026-04-27 08:58:18,001 [INFO]   [extra_trees           ] AUROC=0.9121 AUPRC=0.3802 F1@0.50=0.1075 MCC@0.50=0.2338 [oracle F1@0.15=0.4161] R@100=0.3977 P@100=0.3500
2026-04-27 08:58:18,004 [INFO]   Classification reports saved to: C:\Users\rahma\Downloads\gloom updated\trial\outputs\results\classification_reports
2026-04-27 08:58:18,477 [INFO]   Confusion matrix grid saved: eval_confusion_matrices.png
2026-04-27 08:58:18,828 [INFO]   Multi-threshold confusion matrices saved: eval_confusion_multithreshold.png
2026-04-27 08:58:19,069 [INFO] STEP 12 COMPLETE
2026-04-27 08:59:30,653 [INFO] ============================================================
2026-04-27 08:59:30,653 [INFO] STEP 12 — MODEL EVALUATION
2026-04-27 08:59:30,653 [INFO] ============================================================
2026-04-27 08:59:30,686 [INFO]   Val: 2198 genes  pos=88
2026-04-27 08:59:31,158 [INFO]   [random_forest         ] AUROC=0.9111 AUPRC=0.3624 F1@0.50=0.1800 MCC@0.50=0.2683 [oracle F1@0.15=0.4257] R@100=0.3864 P@100=0.3400
2026-04-27 08:59:31,184 [INFO]   [gradient_boosting     ] AUROC=0.9163 AUPRC=0.3414 F1@0.50=0.3883 MCC@0.50=0.3947 [oracle F1@0.71=0.4286] R@100=0.3750 P@100=0.3300
2026-04-27 08:59:31,201 [INFO]   [logistic_regression   ] AUROC=0.8936 AUPRC=0.2923 F1@0.50=0.2559 MCC@0.50=0.2967 [oracle F1@0.90=0.3596] R@100=0.3750 P@100=0.3300
2026-04-27 08:59:31,289 [INFO]   [extra_trees           ] AUROC=0.9121 AUPRC=0.3802 F1@0.50=0.1075 MCC@0.50=0.2338 [oracle F1@0.15=0.4161] R@100=0.3977 P@100=0.3500
2026-04-27 08:59:31,291 [INFO]   Classification reports saved to: C:\Users\rahma\Downloads\gloom updated\trial\outputs\results\classification_reports
2026-04-27 08:59:31,764 [INFO]   Confusion matrix grid saved: eval_confusion_matrices.png
2026-04-27 08:59:32,120 [INFO]   Multi-threshold confusion matrices saved: eval_confusion_multithreshold.png
2026-04-27 08:59:32,370 [INFO] STEP 12 COMPLETE
2026-04-27 08:59:46,718 [INFO] ============================================================
2026-04-27 08:59:46,719 [INFO] STEP 14 — GENE PREDICTION & RANKING
2026-04-27 08:59:46,719 [INFO] ============================================================
2026-04-27 08:59:47,598 [INFO]   Scoring 10,986 genes …
2026-04-27 08:59:47,660 [INFO]   Total: 10,986  Novel candidates (prob>=0.7): 48  Sensitivity list (prob>=0.5): 99
2026-04-27 08:59:47,660 [INFO]   Median positive (known) rank: 258
2026-04-27 08:59:47,661 [INFO]   Positive (known) in top-50:  47  top-100: 94  top-200: 177  top-500: 335
2026-04-27 08:59:47,661 [INFO]   Recall@50=0.1073  Recall@100=0.2146  Recall@200=0.4041  Recall@500=0.7648
2026-04-27 08:59:47,661 [INFO]   Precision@50=0.9400  Precision@100=0.9400
2026-04-27 08:59:48,081 [INFO]   High-confidence novel candidates saved: 48 genes (prob>=0.7)
2026-04-27 08:59:48,082 [INFO]   Sensitivity novel candidates saved:     99 genes (prob>=0.5)
2026-04-27 08:59:48,083 [INFO]   Query gene rankings saved: 0 genes
2026-04-27 08:59:48,085 [INFO] STEP 14 COMPLETE
2026-04-27 09:00:46,625 [INFO] ============================================================
2026-04-27 09:00:46,626 [INFO] STEP 15 — INDEPENDENT COHORT VALIDATION
2026-04-27 09:00:46,626 [INFO] ============================================================
2026-04-27 09:00:46,626 [WARNING]   EXTERNAL_EXPR_FILE not configured or file not found.
  To enable independent validation:
    1. Obtain an external LUAD expression dataset (e.g. GEO GSE30219).
    2. Pre-process to a genes × samples CSV with Hugo Symbol row index.
    3. Set EXTERNAL_EXPR_FILE = '<path>' in config.py.
    4. Optionally set EXTERNAL_LABELS_FILE = '<path>' (gene,label CSV).
    5. Rerun step15.
  Step 15 skipped — no external data available.
2026-04-27 09:13:09,858 [INFO] ======================================================================
2026-04-27 09:13:09,858 [INFO] LUAD ML PIPELINE — FULL RUN  (phases 1–3 fixes applied)
2026-04-27 09:13:09,858 [INFO] Running 25 step(s)
2026-04-27 09:13:09,858 [INFO] ======================================================================
2026-04-27 09:13:09,859 [INFO] >>> Step 0   — Config 
2026-04-27 09:13:09,860 [INFO] <<< Step 0   — Config DONE (0.0s)
2026-04-27 09:13:09,860 [INFO] >>> Step 1   — Data loading 
2026-04-27 09:13:10,255 [INFO] ============================================================
2026-04-27 09:13:10,255 [INFO] STEP 1 — DATA LOADING
2026-04-27 09:13:10,255 [INFO] ============================================================
2026-04-27 09:13:10,256 [INFO] Loading tumor expression from: C:\Users\rahma\Downloads\gloom updated\trial\data\raw\cBioPortal (RNA Seq Data)\data_mrna_seq_v2_rsem.txt
2026-04-27 09:13:12,137 [INFO]   Raw shape: (20531, 512)
2026-04-27 09:13:12,244 [WARNING]   19 duplicate gene symbols found — keeping highest-mean row.
2026-04-27 09:13:12,355 [INFO]   Final shape: (20512, 510)
2026-04-27 09:13:12,355 [INFO] Loading tumor metadata from: C:\Users\rahma\Downloads\gloom updated\trial\data\raw\cBioPortal (RNA Seq Data)\data_clinical_patient.txt
2026-04-27 09:13:12,361 [INFO]   Raw shape: (566, 38)
2026-04-27 09:13:12,363 [INFO]   Final shape: (566, 35)
2026-04-27 09:13:12,363 [INFO] Loading normal expression from: C:\Users\rahma\Downloads\gloom updated\trial\data\raw\Gtex (normal samples)\gene_tpm_v11_lung.gct.gz
2026-04-27 09:13:12,365 [INFO]   GCT version line : #1.2
2026-04-27 09:13:12,365 [INFO]   GCT dimension line: 74628	604
2026-04-27 09:13:18,550 [INFO]   Raw shape (after preamble skip): (74628, 606)
2026-04-27 09:13:18,881 [WARNING]   1307 duplicate gene symbols — keeping highest-mean row.
2026-04-27 09:13:19,418 [INFO]   Final shape: (73321, 604)
2026-04-27 09:13:19,419 [INFO] Loading normal metadata from: C:\Users\rahma\Downloads\gloom updated\trial\data\raw\Gtex (normal samples)\GTEx_Analysis_v11_Annotations_SampleAttributesDS - LUAD.txt
2026-04-27 09:13:19,456 [INFO]   Raw shape: (1892, 119)  (all assay types)
2026-04-27 09:13:19,464 [INFO]   Retaining 11 QC columns: ['SAMPID', 'SMTS', 'SMTSD', 'SMRIN', 'SMATSSCR', 'SMRDTTL', 'SMMAPRT', 'SMRRNART', 'SMRDLGTH', 'SMNABTCHT', 'SMGEBTCHT']
2026-04-27 09:13:19,465 [INFO]   SMRIN  (RNA integrity) : mean=7.17  min=3.5  max=9.7
2026-04-27 09:13:19,466 [INFO]   SMATSSCR (autolysis)   : {0.0: 43, 1.0: 410, 2.0: 128, 3.0: 10}
2026-04-27 09:13:19,467 [INFO]   SMMAPRT  (map rate)    : mean=0.9836  min=0.8003
2026-04-27 09:13:19,467 [INFO]   Final shape: (604, 10)  (604 RNA-seq samples × 10 QC columns)
2026-04-27 09:13:19,467 [INFO] Loading labeled LUAD gene list from: C:\Users\rahma\Downloads\gloom updated\trial\data\raw\LCGene (Labeled LUAD Data)\LCGene_human_LUAD_filtered.tsv
2026-04-27 09:13:19,471 [INFO]   Raw shape: (517, 10)
2026-04-27 09:13:19,473 [INFO]   Unique labeled LUAD genes loaded: 517
2026-04-27 09:13:19,478 [INFO]   Full LCGene table saved to: C:\Users\rahma\Downloads\gloom updated\trial\data\processed\lcgene_luad_full.csv
2026-04-27 09:13:19,478 [INFO] 
Saving raw-loaded files to processed directory …
2026-04-27 09:13:49,284 [INFO] 
============================================================
2026-04-27 09:13:49,284 [INFO] STEP 1 SUMMARY
2026-04-27 09:13:49,284 [INFO] ============================================================
2026-04-27 09:13:49,285 [INFO]   Tumor expression   :  20512 genes  x  510 samples
2026-04-27 09:13:49,285 [INFO]   Normal expression  :  73321 genes  x  604 samples
2026-04-27 09:13:49,285 [INFO]   Normal metadata    :    604 RNA-seq samples  x  10 QC columns
2026-04-27 09:13:49,285 [INFO]   Labeled LUAD genes :    517 unique gene symbols (LCGene)
2026-04-27 09:13:49,285 [INFO] STEP 1 COMPLETE
2026-04-27 09:13:49,313 [INFO] <<< Step 1   — Data loading DONE (39.5s)
2026-04-27 09:13:49,313 [INFO] >>> Step 1b  — Batch correction [optional]
2026-04-27 09:13:49,319 [INFO] ============================================================
2026-04-27 09:13:49,320 [INFO] STEP 1b — BATCH EFFECT CORRECTION (ComBat-seq)
2026-04-27 09:13:49,320 [INFO] ============================================================
2026-04-27 09:13:49,332 [INFO]   Loading harmonized expression matrices …
2026-04-27 09:13:50,217 [INFO]   Tumor:  10,986 genes × 510 samples
2026-04-27 09:13:50,217 [INFO]   Normal: 10,986 genes × 604 samples
2026-04-27 09:13:50,218 [INFO]   Common genes: 10,986
2026-04-27 09:13:50,278 [INFO]   Combined matrix: 10,986 genes × 1,114 samples
2026-04-27 09:13:50,279 [INFO]   Batch 0 (GTEx normal): 604  Batch 1 (TCGA tumor): 510
2026-04-27 09:13:55,479 [INFO]   Using inmoose.pycombat.pycombat_seq …
2026-04-27 09:13:56,146 [INFO] Found 2 batches
2026-04-27 09:13:56,147 [INFO] Adjusting for 0 covariate(s) or covariate level(s)
2026-04-27 09:13:56,321 [INFO] Estimating dispersions
2026-04-27 09:15:50,002 [INFO] Fitting the GLM model
2026-04-27 09:15:58,524 [INFO] shrinkage off - using GLM estimates for parameters
2026-04-27 09:15:58,948 [INFO] Adjusting the data
2026-04-27 09:16:48,172 [INFO]   ComBat-seq correction applied (inmoose).
2026-04-27 09:16:54,104 [INFO]   Sanity check on 200 sample genes: DE-sig before=200 (100.0%)  after=200 (100.0%)
2026-04-27 09:16:54,105 [INFO]   NOTE: For downstream use, point TUMOR_EXPR_HARMONIZED and NORMAL_EXPR_HARMONIZED to the batch-corrected files in config.py before running step2 onward.
2026-04-27 09:16:54,105 [INFO] STEP 1b COMPLETE
2026-04-27 09:16:54,105 [INFO] <<< Step 1b  — Batch correction DONE (184.8s)
2026-04-27 09:16:54,105 [INFO] >>> Step 2   — Preprocessing 
2026-04-27 09:16:54,117 [INFO] ============================================================
2026-04-27 09:16:54,117 [INFO] STEP 2 — DATA PREPROCESSING & QUALITY CONTROL
2026-04-27 09:16:54,117 [INFO] ============================================================
2026-04-27 09:16:59,445 [INFO] 
--- Tumor preprocessing ---
2026-04-27 09:16:59,557 [INFO]   [tumor] Replaced 1463479 zeros and 0 negatives with NaN.
2026-04-27 09:16:59,766 [INFO]   [tumor] log2(x+1) applied. Range: [0.004, 20.450]
2026-04-27 09:17:02,061 [WARNING]   [tumor] No common samples — trying TCGA ID truncation.
2026-04-27 09:17:02,093 [INFO]   [tumor] Retained 510 common samples.
2026-04-27 09:17:02,101 [INFO]   [tumor] Sample count OK: 510 >= 50.
2026-04-27 09:17:02,101 [INFO] 
--- Normal preprocessing ---
2026-04-27 09:17:02,521 [INFO]   [normal] Replaced 21868568 zeros and 0 negatives with NaN.
2026-04-27 09:17:03,622 [INFO]   [normal] log2(x+1) applied. Range: [0.000, 16.393]
2026-04-27 09:17:06,786 [INFO]   [normal] Retained 604 common samples.
2026-04-27 09:17:06,793 [INFO]   [normal] Sample count OK: 604 >= 50.
2026-04-27 09:17:06,793 [INFO] 
Generating QC plots …
2026-04-27 09:17:36,780 [INFO] 
============================================================
2026-04-27 09:17:36,780 [INFO] STEP 2 SUMMARY
2026-04-27 09:17:36,780 [INFO] ============================================================
2026-04-27 09:17:36,781 [INFO]   Tumor  expr :  16570 genes x  510 samples
2026-04-27 09:17:36,781 [INFO]   Normal expr :  21159 genes x  604 samples
2026-04-27 09:17:36,781 [INFO] STEP 2 COMPLETE
2026-04-27 09:17:36,811 [INFO] <<< Step 2   — Preprocessing DONE (42.7s)
2026-04-27 09:17:36,812 [INFO] >>> Step 3   — Harmonization 
2026-04-27 09:17:36,817 [INFO] ============================================================
2026-04-27 09:17:36,817 [INFO] STEP 3 — GENE ID HARMONIZATION
2026-04-27 09:17:36,817 [INFO] ============================================================
2026-04-27 09:17:40,416 [WARNING]   [tumor] Dropping 1 invalid symbols.
2026-04-27 09:17:40,471 [INFO]   Common genes: 10986
2026-04-27 09:17:40,476 [INFO]   LCGene retained: 438 / 517 (84.7%)
2026-04-27 09:17:40,476 [WARNING]   LCGene genes lost: ABCB4, AKR1B10, ASCL1, BCL2L14, BPIFA1, BRINP1, BRSK2, C20ORF85, CA9, CASC1, CCKBR, CDX2, CHGA, CHRNA1, CHRNA5, CHRNA9, CLCA2, CLDN2, CSMD1, CYP2C19, CYP2C9, DLK1, DLX5, DPYSL5, DRD2, DSC3, ECE2, ELAVL2, EPHA7, FAM83A, FUT6, FZD9, GABRA3, GATA4, GPR87, HMGA2, HNF4A, HOXB9, IGF2BP3, INSM1, KCNH1, KCNJ3, KIF14, KIF5A, KLK6, KRT81, LEP, LGSN, MAGEA1, MAGEA6, MAGEC1, MMP13, MYO18B, NOV, NR0B1, NR1I2, NRXN1, OPCML, PAEP, PAX5, PITX2, PRAME, PTPRH, RGS17, SCGN, SERPINB4, SERPINB5, T, TERT, TF, TFAP2A, TFAP2B, TRIM31, TRPM8, UGT1A6, VIL1, VTCN1, WISP1, XDH
2026-04-27 09:17:58,961 [INFO]   Common genes: 10986
2026-04-27 09:17:58,961 [INFO] STEP 3 COMPLETE
2026-04-27 09:17:58,966 [INFO] <<< Step 3   — Harmonization DONE (22.2s)
2026-04-27 09:17:58,966 [INFO] >>> Step 4   — Differential expr 
2026-04-27 09:17:58,970 [INFO] ============================================================
2026-04-27 09:17:58,971 [INFO] STEP 4 — DIFFERENTIAL EXPRESSION
2026-04-27 09:17:58,971 [INFO] ============================================================
2026-04-27 09:18:00,988 [INFO]   Tumor: (10986, 510)  Normal: (10986, 604)
2026-04-27 09:18:01,109 [INFO]   Running Welch t-test for 10986 genes …
2026-04-27 09:18:04,710 [INFO]   Significant at FDR<=0.001: 10882
2026-04-27 09:18:05,523 [INFO]   Up: 9700  Down: 15  NS: 1271
2026-04-27 09:18:05,524 [INFO] STEP 4 COMPLETE
2026-04-27 09:18:05,529 [INFO] <<< Step 4   — Differential expr DONE (6.6s)
2026-04-27 09:18:05,529 [INFO] >>> Step 5   — Expr features 
2026-04-27 09:18:05,534 [INFO] ============================================================
2026-04-27 09:18:05,534 [INFO] STEP 5 — EXPRESSION FEATURE CONSTRUCTION
2026-04-27 09:18:05,534 [INFO] ============================================================
2026-04-27 09:18:07,697 [INFO]   Computing stats for [tumor] ((10986, 510)) …
2026-04-27 09:18:16,844 [INFO]   Computing stats for [normal] ((10986, 604)) …
2026-04-27 09:18:25,169 [INFO]   [expression_features] Validated. Shape: (10986, 29)
2026-04-27 09:18:26,059 [INFO]   Expression features: (10986, 29)
2026-04-27 09:18:26,059 [INFO] STEP 5 COMPLETE
2026-04-27 09:18:26,067 [INFO] <<< Step 5   — Expr features DONE (20.5s)
2026-04-27 09:18:26,068 [INFO] >>> Step 6   — Tumor co-expr network 
2026-04-27 09:18:26,330 [INFO] ============================================================
2026-04-27 09:18:26,330 [INFO] STEP 6 — CO-EXPRESSION NETWORK CONSTRUCTION
2026-04-27 09:18:26,331 [INFO] ============================================================
2026-04-27 09:18:27,344 [INFO]   Matrix: 10986 genes x 510 samples | cutoff |r|>=0.6
2026-04-27 09:18:29,148 [INFO]   Chunk 10/22 edges so far: 86,077 (1.8s)
2026-04-27 09:18:30,952 [INFO]   Chunk 20/22 edges so far: 109,749 (3.6s)
2026-04-27 09:18:31,307 [INFO]   Chunk 22/22 edges so far: 110,508 (3.9s)
2026-04-27 09:18:31,409 [INFO]   Total edges: 110,508
2026-04-27 09:18:34,942 [INFO]   Graph: 4,977 nodes, 110,508 edges
2026-04-27 09:18:38,736 [INFO]   Runtime: 4.2s
2026-04-27 09:18:38,736 [INFO] STEP 6 COMPLETE
2026-04-27 09:18:38,742 [INFO] <<< Step 6   — Tumor co-expr network DONE (12.7s)
2026-04-27 09:18:38,743 [INFO] >>> Step 6b  — Normal co-expr network [optional]
2026-04-27 09:18:38,747 [INFO] ============================================================
2026-04-27 09:18:38,747 [INFO] STEP 6b — NORMAL TISSUE CO-EXPRESSION NETWORK
2026-04-27 09:18:38,748 [INFO] ============================================================
2026-04-27 09:18:39,853 [INFO]   Normal expression: 10,986 genes × 604 samples
2026-04-27 09:18:39,854 [INFO]   Correlation cutoff: |r| >= 0.6
2026-04-27 09:18:39,854 [INFO]   Matrix: 10986 genes x 604 samples | cutoff |r|>=0.6
2026-04-27 09:18:41,527 [INFO]   Chunk 10/22 edges so far: 817,242 (1.6s)
2026-04-27 09:18:43,219 [INFO]   Chunk 20/22 edges so far: 1,240,735 (3.3s)
2026-04-27 09:18:43,520 [INFO]   Chunk 22/22 edges so far: 1,276,368 (3.6s)
2026-04-27 09:18:43,631 [INFO]   Total edges: 1,276,368
2026-04-27 09:19:27,483 [INFO]   Graph: 9,338 nodes, 1,276,368 edges
2026-04-27 09:19:57,082 [INFO]   Normal network: 10,986 nodes, 1,276,368 edges
2026-04-27 09:19:57,087 [INFO] STEP 6b COMPLETE
2026-04-27 09:19:57,120 [INFO] <<< Step 6b  — Normal co-expr network DONE (78.4s)
2026-04-27 09:19:57,121 [INFO] >>> Step 7   — Network features 
2026-04-27 09:19:57,126 [INFO] ============================================================
2026-04-27 09:19:57,126 [INFO] STEP 7 — NETWORK FEATURE EXTRACTION
2026-04-27 09:19:57,126 [INFO] ============================================================
2026-04-27 09:20:00,128 [INFO]   Graph: 10,986 nodes, 110,508 edges
2026-04-27 09:20:00,133 [INFO]   Extracting degree features …
2026-04-27 09:20:00,195 [INFO]   Extracting average neighbour degree …
2026-04-27 09:20:00,229 [INFO]   Betweenness centrality (n=10,986) …
2026-04-27 09:20:17,173 [INFO]   Closeness centrality …
2026-04-27 09:21:27,061 [INFO]   Eigenvector centrality …
2026-04-27 09:21:29,411 [INFO]   Clustering coefficient …
2026-04-27 09:21:50,028 [INFO]   Edge weight statistics …
2026-04-27 09:21:50,288 [INFO]   Component features …
2026-04-27 09:21:50,327 [INFO]   All features extracted in 110.2s
2026-04-27 09:21:51,662 [INFO]   Network features: (10986, 13)
2026-04-27 09:21:51,663 [INFO] STEP 7 COMPLETE
2026-04-27 09:21:51,664 [INFO] <<< Step 7   — Network features DONE (114.5s)
2026-04-27 09:21:51,664 [INFO] >>> Step 7b  — Diff. network features [optional]
2026-04-27 09:21:51,670 [INFO] ============================================================
2026-04-27 09:21:51,671 [INFO] STEP 7b — DIFFERENTIAL CO-EXPRESSION FEATURES
2026-04-27 09:21:51,671 [INFO] ============================================================
2026-04-27 09:21:51,671 [INFO]   Loading Tumor network: C:\Users\rahma\Downloads\gloom updated\trial\outputs\results\network\coexpression_network.graphml
2026-04-27 09:21:53,944 [INFO]     10,986 nodes, 110,508 edges
2026-04-27 09:21:53,945 [INFO]   Loading Normal network: C:\Users\rahma\Downloads\gloom updated\trial\outputs\results\network\normal_coexpression_network.graphml
2026-04-27 09:22:22,726 [INFO]     10,986 nodes, 1,276,368 edges
2026-04-27 09:22:22,738 [INFO]   Gene universe (union): 10,986
2026-04-27 09:22:22,738 [INFO]   Computing degree features …
2026-04-27 09:22:22,774 [INFO]   Computing clustering coefficients …
2026-04-27 09:22:44,861 [WARNING]   Skipping clustering coefficient — graph too dense (1,276,368 edges > 300,000 limit). Set to 0.0.
2026-04-27 09:22:44,863 [INFO]   Computing betweenness centrality …
2026-04-27 09:23:06,320 [WARNING]   Skipping betweenness centrality — graph too dense (1,276,368 edges > 500,000 limit). Set to 0.0.
2026-04-27 09:23:06,321 [INFO]   Computing mean edge weight …
2026-04-27 09:23:07,960 [INFO]   Computing tumor-specific / normal-specific edges …
2026-04-27 09:23:08,267 [INFO]   All features computed in 45.5s
2026-04-27 09:23:08,343 [INFO]   Genes gaining connections in tumor: 1,161  losing: 8,400
2026-04-27 09:23:08,344 [INFO]   Mean rewiring_ratio: 0.8564
2026-04-27 09:23:08,444 [INFO]   Differential features: (10986, 15)
2026-04-27 09:23:08,449 [INFO] STEP 7b COMPLETE
2026-04-27 09:23:08,455 [INFO] <<< Step 7b  — Diff. network features DONE (76.8s)
2026-04-27 09:23:08,455 [INFO] >>> Step 8   — Feature integration 
2026-04-27 09:23:08,477 [INFO] ============================================================
2026-04-27 09:23:08,477 [INFO] STEP 8 — FEATURE INTEGRATION
2026-04-27 09:23:08,477 [INFO] ============================================================
2026-04-27 09:23:08,556 [INFO]   Expression: (10986, 29)  Network: (10986, 13)
2026-04-27 09:23:08,566 [INFO]   Concatenated: (10986, 42)
2026-04-27 09:23:08,580 [INFO]   Removed 6 collinear features: ['weighted_degree', 'component_size', 'min_edge_weight', 'tumor_median', 'normal_median', 't_stat']
2026-04-27 09:23:08,581 [INFO]   Features after collinearity removal: 36
2026-04-27 09:23:08,630 [INFO]   Highly correlated pairs (|r|>=0.95): 9
2026-04-27 09:23:09,038 [INFO]   Differential network features added: 15 columns (coverage: 10,986/10,986 genes)
2026-04-27 09:23:10,285 [INFO]   Integrated features: (10986, 51)
2026-04-27 09:23:10,285 [INFO] STEP 8 COMPLETE
2026-04-27 09:23:10,288 [INFO] <<< Step 8   — Feature integration DONE (1.8s)
2026-04-27 09:23:10,289 [INFO] >>> Step 9   — Label construction 
2026-04-27 09:23:10,297 [INFO] ============================================================
2026-04-27 09:23:10,297 [INFO] STEP 9 — LABEL CONSTRUCTION
2026-04-27 09:23:10,298 [INFO] ============================================================
2026-04-27 09:23:10,412 [INFO]   LCGene symbols: 517
2026-04-27 09:23:10,417 [INFO]   Total: 10986  Positive (known LCGene): 438 (3.99%)  Unlabeled: 10548
2026-04-27 09:23:10,418 [INFO]   [PU framing] Negatives are UNLABELED — not confirmed non-cancer genes.
2026-04-27 09:23:10,695 [INFO]   LCGene genes unmatched: 79
2026-04-27 09:23:10,695 [INFO] STEP 9 COMPLETE
2026-04-27 09:23:10,697 [INFO] <<< Step 9   — Label construction DONE (0.4s)
2026-04-27 09:23:10,697 [INFO] >>> Step 10  — Train/val split 
2026-04-27 09:23:10,704 [INFO] ============================================================
2026-04-27 09:23:10,704 [INFO] STEP 10 — TRAIN/VALIDATION SPLIT
2026-04-27 09:23:10,704 [INFO] ============================================================
2026-04-27 09:23:10,837 [INFO]   Features: (10986, 51)  Labels: 10986
2026-04-27 09:23:10,857 [INFO]   Train: 8788 (pos=350)  Val: 2198 (pos=88)
2026-04-27 09:23:12,337 [INFO] STEP 10 COMPLETE
2026-04-27 09:23:12,339 [INFO] <<< Step 10  — Train/val split DONE (1.6s)
2026-04-27 09:23:12,339 [INFO] >>> Step 11  — Model training 
2026-04-27 09:23:12,440 [INFO] ============================================================
2026-04-27 09:23:12,440 [INFO] STEP 11 — MODEL TRAINING
2026-04-27 09:23:12,440 [INFO] ============================================================
2026-04-27 09:23:12,574 [INFO]   X_train: (8788, 51)  pos=350
2026-04-27 09:23:14,118 [INFO]   Random undersampling enabled (imbalanced-learn found).
2026-04-27 09:23:14,118 [INFO] 
  [random_forest] CV ...
2026-04-27 09:23:14,973 [INFO]     Fold 1 AUROC=0.9221 AUPRC=0.2728 F1=0.2607 MCC=0.3302
2026-04-27 09:23:15,801 [INFO]     Fold 2 AUROC=0.9046 AUPRC=0.2617 F1=0.2700 MCC=0.3313
2026-04-27 09:23:16,612 [INFO]     Fold 3 AUROC=0.9192 AUPRC=0.3398 F1=0.2863 MCC=0.3556
2026-04-27 09:23:17,484 [INFO]     Fold 4 AUROC=0.9247 AUPRC=0.3730 F1=0.2684 MCC=0.3242
2026-04-27 09:23:18,344 [INFO]     Fold 5 AUROC=0.9017 AUPRC=0.2662 F1=0.2515 MCC=0.3046
2026-04-27 09:23:18,344 [INFO]   [random_forest] AUROC=0.9145±0.0094  AUPRC=0.3027±0.0452  F1=0.2674±0.0115  MCC=0.3292±0.0163
2026-04-27 09:23:20,524 [INFO] 
  [gradient_boosting] CV ...
2026-04-27 09:23:21,102 [INFO]     Fold 1 AUROC=0.9221 AUPRC=0.3467 F1=0.2618 MCC=0.3231
2026-04-27 09:23:21,637 [INFO]     Fold 2 AUROC=0.9095 AUPRC=0.2805 F1=0.2743 MCC=0.3301
2026-04-27 09:23:22,149 [INFO]     Fold 3 AUROC=0.9207 AUPRC=0.3258 F1=0.2896 MCC=0.3503
2026-04-27 09:23:22,637 [INFO]     Fold 4 AUROC=0.9347 AUPRC=0.4830 F1=0.2945 MCC=0.3495
2026-04-27 09:23:23,135 [INFO]     Fold 5 AUROC=0.9074 AUPRC=0.2946 F1=0.2583 MCC=0.3142
2026-04-27 09:23:23,136 [INFO]   [gradient_boosting] AUROC=0.9189±0.0098  AUPRC=0.3461±0.0723  F1=0.2757±0.0145  MCC=0.3334±0.0144
2026-04-27 09:23:27,976 [INFO] 
  [logistic_regression] CV ...
2026-04-27 09:23:30,242 [INFO]     Fold 1 AUROC=0.9252 AUPRC=0.3175 F1=0.2753 MCC=0.3365
2026-04-27 09:23:31,288 [INFO]     Fold 2 AUROC=0.8921 AUPRC=0.2661 F1=0.2595 MCC=0.3047
2026-04-27 09:23:32,391 [INFO]     Fold 3 AUROC=0.9111 AUPRC=0.2680 F1=0.2916 MCC=0.3522
2026-04-27 09:23:33,429 [INFO]     Fold 4 AUROC=0.9154 AUPRC=0.3529 F1=0.2550 MCC=0.2976
2026-04-27 09:23:34,502 [INFO]     Fold 5 AUROC=0.9130 AUPRC=0.2578 F1=0.2797 MCC=0.3298
2026-04-27 09:23:34,502 [INFO]   [logistic_regression] AUROC=0.9114±0.0108  AUPRC=0.2925±0.0368  F1=0.2722±0.0134  MCC=0.3242±0.0203
2026-04-27 09:23:36,576 [INFO] 
  [extra_trees] CV ...
2026-04-27 09:23:37,124 [INFO]     Fold 1 AUROC=0.9194 AUPRC=0.3089 F1=0.2584 MCC=0.3225
2026-04-27 09:23:37,624 [INFO]     Fold 2 AUROC=0.9028 AUPRC=0.2679 F1=0.2594 MCC=0.3153
2026-04-27 09:23:38,120 [INFO]     Fold 3 AUROC=0.9180 AUPRC=0.2640 F1=0.2769 MCC=0.3463
2026-04-27 09:23:38,607 [INFO]     Fold 4 AUROC=0.9152 AUPRC=0.3644 F1=0.2553 MCC=0.3058
2026-04-27 09:23:39,094 [INFO]     Fold 5 AUROC=0.8959 AUPRC=0.2459 F1=0.2414 MCC=0.2917
2026-04-27 09:23:39,094 [INFO]   [extra_trees] AUROC=0.9103±0.0093  AUPRC=0.2902±0.0425  F1=0.2583±0.0113  MCC=0.3163±0.0182
2026-04-27 09:23:39,917 [INFO] 
All models trained in 27.3s
2026-04-27 09:23:39,929 [INFO]   Best: gradient_boosting (AUPRC=0.3461)
2026-04-27 09:23:39,999 [INFO]   Calibrated best model (Platt scaling) saved as best_model.joblib
2026-04-27 09:23:40,171 [INFO] STEP 11 COMPLETE
2026-04-27 09:23:40,187 [INFO] <<< Step 11  — Model training DONE (27.8s)
2026-04-27 09:23:40,187 [INFO] >>> Step 11b — PU Bagging [optional]
2026-04-27 09:23:40,197 [INFO] ============================================================
2026-04-27 09:23:40,198 [INFO] STEP 11b — MORDELET-VERT PU BAGGING
2026-04-27 09:23:40,198 [INFO]   B=100  subsample_ratio=1.0  base_trees=100
2026-04-27 09:23:40,198 [INFO] ============================================================
2026-04-27 09:23:40,390 [INFO]   Training positives (P): 350
2026-04-27 09:23:40,391 [INFO]   Training unlabeled  (U): 8,438
2026-04-27 09:23:40,391 [INFO]   Subsample per iteration: 350
2026-04-27 09:23:40,391 [INFO]   Full gene universe to score: 10,986
2026-04-27 09:23:42,078 [INFO]   Iter   10/100  elapsed: 1.7s
2026-04-27 09:23:43,617 [INFO]   Iter   20/100  elapsed: 3.2s
2026-04-27 09:23:45,127 [INFO]   Iter   30/100  elapsed: 4.7s
2026-04-27 09:23:46,660 [INFO]   Iter   40/100  elapsed: 6.3s
2026-04-27 09:23:48,226 [INFO]   Iter   50/100  elapsed: 7.8s
2026-04-27 09:23:49,794 [INFO]   Iter   60/100  elapsed: 9.4s
2026-04-27 09:23:51,444 [INFO]   Iter   70/100  elapsed: 11.0s
2026-04-27 09:23:52,990 [INFO]   Iter   80/100  elapsed: 12.6s
2026-04-27 09:23:54,566 [INFO]   Iter   90/100  elapsed: 14.2s
2026-04-27 09:23:56,316 [INFO]   Iter  100/100  elapsed: 15.9s
2026-04-27 09:23:56,316 [INFO]   PU bagging complete in 15.9s
2026-04-27 09:23:56,327 [INFO]   Validation AUROC=0.9218  AUPRC=0.3808
2026-04-27 09:23:56,328 [INFO]   LCGene in top-50: 50  top-100: 99  top-200: 181
2026-04-27 09:23:56,329 [INFO]   Recall@50=0.1142  Recall@100=0.2260  Recall@200=0.4132
2026-04-27 09:23:56,329 [INFO]   Precision@50=1.0000  Precision@100=0.9900
2026-04-27 09:23:56,329 [INFO]   PU novel candidates (score>=0.7): 920
2026-04-27 09:23:56,711 [INFO] STEP 11b COMPLETE
2026-04-27 09:23:56,714 [INFO] <<< Step 11b — PU Bagging DONE (16.5s)
2026-04-27 09:23:56,714 [INFO] >>> Step 12  — Model evaluation 
2026-04-27 09:23:56,734 [INFO] ============================================================
2026-04-27 09:23:56,734 [INFO] STEP 12 — MODEL EVALUATION
2026-04-27 09:23:56,735 [INFO] ============================================================
2026-04-27 09:23:56,788 [INFO]   Val: 2198 genes  pos=88
2026-04-27 09:23:57,227 [INFO]   [random_forest         ] AUROC=0.9111 AUPRC=0.3624 F1@0.50=0.1800 MCC@0.50=0.2683 [oracle F1@0.15=0.4257] R@100=0.3864 P@100=0.3400
2026-04-27 09:23:57,257 [INFO]   [gradient_boosting     ] AUROC=0.9163 AUPRC=0.3414 F1@0.50=0.3883 MCC@0.50=0.3947 [oracle F1@0.71=0.4286] R@100=0.3750 P@100=0.3300
2026-04-27 09:23:57,277 [INFO]   [logistic_regression   ] AUROC=0.9006 AUPRC=0.3065 F1@0.50=0.2595 MCC@0.50=0.3024 [oracle F1@0.92=0.3736] R@100=0.3864 P@100=0.3400
2026-04-27 09:23:57,403 [INFO]   [extra_trees           ] AUROC=0.9121 AUPRC=0.3802 F1@0.50=0.1075 MCC@0.50=0.2338 [oracle F1@0.15=0.4161] R@100=0.3977 P@100=0.3500
2026-04-27 09:23:57,416 [INFO]   Classification reports saved to: C:\Users\rahma\Downloads\gloom updated\trial\outputs\results\classification_reports
2026-04-27 09:23:58,250 [INFO]   Confusion matrix grid saved: eval_confusion_matrices.png
2026-04-27 09:23:58,678 [INFO]   Multi-threshold confusion matrices saved: eval_confusion_multithreshold.png
2026-04-27 09:23:58,961 [INFO] STEP 12 COMPLETE
2026-04-27 09:23:58,980 [INFO] <<< Step 12  — Model evaluation DONE (2.3s)
2026-04-27 09:23:58,980 [INFO] >>> Step 13  — Feature importance 
2026-04-27 09:23:58,996 [INFO] ============================================================
2026-04-27 09:23:58,996 [INFO] STEP 13 — FEATURE IMPORTANCE
2026-04-27 09:23:58,996 [INFO] ============================================================
2026-04-27 09:23:59,529 [INFO]   [gradient_boosting] Permutation importance (n_repeats=10) …
2026-04-27 09:24:02,964 [INFO]   Top 5: {'tumor_std': 0.999999999972656, 'tumor_iqr': 0.3066048155427526, 'normal_std': 0.2527796185778753, 'tumor_mean': 0.22341506515845777, 'normal_skewness': 0.20023562329177721}
2026-04-27 09:24:03,136 [INFO]   Feature importance shape: (51, 9)
2026-04-27 09:24:03,136 [INFO]   Top feature: tumor_std (0.9127)
2026-04-27 09:24:03,136 [INFO] STEP 13 COMPLETE
2026-04-27 09:24:03,154 [INFO] <<< Step 13  — Feature importance DONE (4.2s)
2026-04-27 09:24:03,155 [INFO] >>> Step 14  — Gene ranking 
2026-04-27 09:24:03,164 [INFO] ============================================================
2026-04-27 09:24:03,164 [INFO] STEP 14 — GENE PREDICTION & RANKING
2026-04-27 09:24:03,164 [INFO] ============================================================
2026-04-27 09:24:03,293 [INFO]   Scoring 10,986 genes …
2026-04-27 09:24:03,356 [INFO]   Total: 10,986  Novel candidates (prob>=0.7): 48  Sensitivity list (prob>=0.5): 99
2026-04-27 09:24:03,356 [INFO]   Median positive (known) rank: 258
2026-04-27 09:24:03,356 [INFO]   Positive (known) in top-50:  47  top-100: 94  top-200: 177  top-500: 335
2026-04-27 09:24:03,356 [INFO]   Recall@50=0.1073  Recall@100=0.2146  Recall@200=0.4041  Recall@500=0.7648
2026-04-27 09:24:03,356 [INFO]   Precision@50=0.9400  Precision@100=0.9400
2026-04-27 09:24:03,747 [INFO]   High-confidence novel candidates saved: 48 genes (prob>=0.7)
2026-04-27 09:24:03,748 [INFO]   Sensitivity novel candidates saved:     99 genes (prob>=0.5)
2026-04-27 09:24:03,749 [INFO]   Query gene rankings saved: 0 genes
2026-04-27 09:24:03,750 [INFO] STEP 14 COMPLETE
2026-04-27 09:24:03,753 [INFO] <<< Step 14  — Gene ranking DONE (0.6s)
2026-04-27 09:24:03,753 [INFO] >>> Step 15  — Network annotation 
2026-04-27 09:24:03,761 [INFO] ============================================================
2026-04-27 09:24:03,762 [INFO] STEP 15 — NETWORK ANNOTATION
2026-04-27 09:24:03,762 [INFO] ============================================================
2026-04-27 09:24:06,005 [INFO]   Graph: 10,986 nodes, 110,508 edges
2026-04-27 09:24:07,147 [INFO]   Positive edges: 108,468  Negative: 2,040
2026-04-27 09:24:12,664 [INFO]   LCGene nodes: 438  Novel: 48
2026-04-27 09:24:12,664 [INFO] STEP 15 COMPLETE
2026-04-27 09:24:12,685 [INFO] <<< Step 15  — Network annotation DONE (8.9s)
2026-04-27 09:24:12,685 [INFO] >>> Step 16  — Network export 
2026-04-27 09:24:12,691 [INFO] ============================================================
2026-04-27 09:24:12,691 [INFO] STEP 16 — NETWORK EXPORT
2026-04-27 09:24:12,691 [INFO] ============================================================
2026-04-27 09:24:16,175 [INFO]   Graph: 10,986 nodes, 110,508 edges
2026-04-27 09:24:22,076 [INFO]   GraphML saved: C:\Users\rahma\Downloads\gloom updated\trial\outputs\results\network\exports/network_full.graphml
2026-04-27 09:24:26,728 [INFO]   Full network exports complete.
2026-04-27 09:24:26,757 [INFO]   [top100] 100 nodes, 34 edges
2026-04-27 09:24:26,847 [INFO]   [lcgene] 438 nodes, 925 edges
2026-04-27 09:24:26,858 [INFO]   [novel] 48 nodes, 2 edges
2026-04-27 09:24:26,906 [INFO]   [candidates] 278 nodes, 332 edges
2026-04-27 09:24:31,860 [INFO] 
  Sub-networks:
2026-04-27 09:24:31,862 [INFO]     top100               nodes=  100  edges=     34
2026-04-27 09:24:31,862 [INFO]     lcgene               nodes=  438  edges=    925
2026-04-27 09:24:31,862 [INFO]     novel                nodes=   48  edges=      2
2026-04-27 09:24:31,862 [INFO]     candidates           nodes=  278  edges=    332
2026-04-27 09:24:31,862 [INFO] STEP 16 COMPLETE
2026-04-27 09:24:31,890 [INFO] <<< Step 16  — Network export DONE (19.2s)
2026-04-27 09:24:31,890 [INFO] >>> Step 17  — Visualization 
2026-04-27 09:24:32,243 [INFO] ============================================================
2026-04-27 09:24:32,244 [INFO] STEP 17 — INTERACTIVE VISUALIZATION
2026-04-27 09:24:32,244 [INFO] ============================================================
2026-04-27 09:24:32,485 [INFO] [1] Volcano …
2026-04-27 09:24:32,942 [INFO]   Volcano saved: C:\Users\rahma\Downloads\gloom updated\trial\outputs\figures\interactive_volcano.html
2026-04-27 09:24:32,944 [INFO] [2] Ranking …
2026-04-27 09:24:33,235 [INFO]   Ranking plot saved: C:\Users\rahma\Downloads\gloom updated\trial\outputs\figures\interactive_ranking.html
2026-04-27 09:24:33,236 [INFO] [3] Network …
2026-04-27 09:24:33,382 [INFO]   Network plot saved: C:\Users\rahma\Downloads\gloom updated\trial\outputs\figures\interactive_network.html
2026-04-27 09:24:33,382 [INFO] [4] Feature importance …
2026-04-27 09:24:33,426 [INFO]   Feature importance saved: C:\Users\rahma\Downloads\gloom updated\trial\outputs\figures\interactive_feature_importance.html
2026-04-27 09:24:33,426 [INFO] [5] KEGG pathways …
2026-04-27 09:24:33,480 [INFO]   KEGG plot saved: C:\Users\rahma\Downloads\gloom updated\trial\outputs\figures\interactive_kegg.html
2026-04-27 09:24:33,480 [INFO] [6] Dashboard …
2026-04-27 09:24:33,560 [INFO]   Combined dashboard saved: C:\Users\rahma\Downloads\gloom updated\trial\outputs\figures\interactive_dashboard.html
2026-04-27 09:24:33,562 [INFO] STEP 17 COMPLETE
2026-04-27 09:24:33,565 [INFO] <<< Step 17  — Visualization DONE (1.7s)
2026-04-27 09:24:33,565 [INFO] >>> Step 18  — Final report 
2026-04-27 09:24:33,569 [INFO] ============================================================
2026-04-27 09:24:33,569 [INFO] STEP 18 — FINAL OUTPUTS & REPORTING
2026-04-27 09:24:33,569 [INFO] ============================================================
2026-04-27 09:24:33,569 [INFO] [1] Building summary table …
2026-04-27 09:24:33,808 [INFO]   Summary table: (10986, 29)
2026-04-27 09:24:33,808 [INFO] [2] Building text report …
2026-04-27 09:24:33,833 [ERROR]   Report failed: 'mcc'
2026-04-27 09:24:33,834 [INFO] [3] Building summary figure …
2026-04-27 09:24:35,119 [INFO]   Summary figure (PNG) saved: C:\Users\rahma\Downloads\gloom updated\trial\outputs\results\reports\pipeline_summary_figure.png
2026-04-27 09:24:36,083 [INFO]   Summary figure (PDF) saved: C:\Users\rahma\Downloads\gloom updated\trial\outputs\results\reports\pipeline_summary_figure.pdf
2026-04-27 09:24:36,086 [INFO] [4] Writing master runner …
2026-04-27 09:24:36,087 [INFO]   Master runner saved: C:\Users\rahma\Downloads\gloom updated\trial\LUAD_ML_Pipeline\run_pipeline.py
2026-04-27 09:24:36,088 [INFO] ============================================================
2026-04-27 09:24:36,088 [INFO] STEP 18 SUMMARY
2026-04-27 09:24:36,088 [INFO] ============================================================
2026-04-27 09:24:36,088 [INFO]   Summary table: C:\Users\rahma\Downloads\gloom updated\trial\outputs\results\reports/pipeline_summary_table.csv
2026-04-27 09:24:36,088 [INFO]   Text report  : C:\Users\rahma\Downloads\gloom updated\trial\outputs\results\reports/pipeline_report.txt
2026-04-27 09:24:36,089 [INFO]   Summary fig  : C:\Users\rahma\Downloads\gloom updated\trial\outputs\results\reports/pipeline_summary_figure.png
2026-04-27 09:24:36,089 [INFO]   Master runner: C:\Users\rahma\Downloads\gloom updated\trial\LUAD_ML_Pipeline\run_pipeline.py
2026-04-27 09:24:36,089 [INFO] 
2026-04-27 09:24:36,089 [INFO]   Key deliverables:
2026-04-27 09:24:36,089 [INFO]     Gene rankings    : C:\Users\rahma\Downloads\gloom updated\trial\outputs\results\gene_rankings.csv
2026-04-27 09:24:36,089 [INFO]     Novel candidates : C:\Users\rahma\Downloads\gloom updated\trial\outputs\results/novel_candidates.csv
2026-04-27 09:24:36,090 [INFO]     Dashboard        : C:\Users\rahma\Downloads\gloom updated\trial\outputs\figures/interactive_dashboard.html
2026-04-27 09:24:36,090 [INFO] STEP 18 COMPLETE
2026-04-27 09:24:36,093 [INFO] <<< Step 18  — Final report DONE (2.5s)
2026-04-27 09:24:36,093 [INFO] >>> Step 19  — KEGG enrichment [optional]
2026-04-27 09:24:36,103 [INFO] ============================================================
2026-04-27 09:24:36,104 [INFO] STEP 19 — KEGG LUNG/CANCER PATHWAY ENRICHMENT
2026-04-27 09:24:36,104 [INFO] ============================================================
2026-04-27 09:24:36,109 [INFO]   Loaded 48 novel candidates
2026-04-27 09:24:36,114 [INFO]   Gene lists — all: 31  up: 25  down: 0
2026-04-27 09:24:37,227 [INFO]   [All candidates] Querying Enrichr (KEGG_2021_Human) with 31 genes …
2026-04-27 09:24:38,801 [INFO]   [All candidates] 6 pathways total -> 3 after lung/cancer filter
2026-04-27 09:24:38,804 [INFO]   [All candidates] Saved 3 lung/cancer pathways -> kegg_all_candidates.csv
2026-04-27 09:24:38,900 [INFO]   [All candidates] Bar-plot -> kegg_barplot_all_candidates.png
2026-04-27 09:24:39,026 [INFO]   [All candidates] Dot-plot -> kegg_dotplot_all_candidates.png
2026-04-27 09:24:39,026 [INFO]   [Upregulated] Querying Enrichr (KEGG_2021_Human) with 25 genes …
2026-04-27 09:24:40,396 [INFO]   [Upregulated] 5 pathways total -> 3 after lung/cancer filter
2026-04-27 09:24:40,399 [INFO]   [Upregulated] Saved 3 lung/cancer pathways -> kegg_upregulated.csv
2026-04-27 09:24:40,509 [INFO]   [Upregulated] Bar-plot -> kegg_barplot_upregulated.png
2026-04-27 09:24:40,640 [INFO]   [Upregulated] Dot-plot -> kegg_dotplot_upregulated.png
2026-04-27 09:24:40,640 [WARNING]   [Downregulated] Only 0 genes — skipping.
2026-04-27 09:24:40,648 [INFO] 
  Summary -> kegg_summary.csv
2026-04-27 09:24:40,652 [INFO] 
        subset  lung_pathways_tested  significant              top_pathway  top_padj
All candidates                     3            2 ECM-receptor interaction  0.005509
   Upregulated                     3            3 ECM-receptor interaction  0.004059
 Downregulated                     0            0                        —       NaN
2026-04-27 09:24:41,067 [INFO]   Combined overview -> kegg_overview.png
2026-04-27 09:24:41,067 [INFO] STEP 19 COMPLETE
2026-04-27 09:24:41,068 [INFO] <<< Step 19  — KEGG enrichment DONE (5.0s)
2026-04-27 09:24:41,068 [INFO] >>> Step 20  — Indep. validation [optional]
2026-04-27 09:24:41,074 [INFO] ============================================================
2026-04-27 09:24:41,075 [INFO] STEP 15 — INDEPENDENT COHORT VALIDATION
2026-04-27 09:24:41,075 [INFO] ============================================================
2026-04-27 09:24:41,075 [WARNING]   EXTERNAL_EXPR_FILE not configured or file not found.
  To enable independent validation:
    1. Obtain an external LUAD expression dataset (e.g. GEO GSE30219).
    2. Pre-process to a genes × samples CSV with Hugo Symbol row index.
    3. Set EXTERNAL_EXPR_FILE = '<path>' in config.py.
    4. Optionally set EXTERNAL_LABELS_FILE = '<path>' (gene,label CSV).
    5. Rerun step15.
  Step 15 skipped — no external data available.
2026-04-27 09:24:41,075 [INFO] <<< Step 20  — Indep. validation DONE (0.0s)
2026-04-27 09:24:41,075 [INFO] ======================================================================
2026-04-27 09:24:41,075 [INFO] EXECUTION SUMMARY
2026-04-27 09:24:41,076 [INFO] ======================================================================
2026-04-27 09:24:41,076 [INFO]   [ OK ]       Step 0   — Config                                    0.0s
2026-04-27 09:24:41,076 [INFO]   [ OK ]       Step 1   — Data loading                             39.5s
2026-04-27 09:24:41,076 [INFO]   [ OK ] [opt] Step 1b  — Batch correction                        184.8s
2026-04-27 09:24:41,076 [INFO]   [ OK ]       Step 2   — Preprocessing                            42.7s
2026-04-27 09:24:41,076 [INFO]   [ OK ]       Step 3   — Harmonization                            22.2s
2026-04-27 09:24:41,076 [INFO]   [ OK ]       Step 4   — Differential expr                         6.6s
2026-04-27 09:24:41,076 [INFO]   [ OK ]       Step 5   — Expr features                            20.5s
2026-04-27 09:24:41,076 [INFO]   [ OK ]       Step 6   — Tumor co-expr network                    12.7s
2026-04-27 09:24:41,076 [INFO]   [ OK ] [opt] Step 6b  — Normal co-expr network                   78.4s
2026-04-27 09:24:41,076 [INFO]   [ OK ]       Step 7   — Network features                        114.5s
2026-04-27 09:24:41,077 [INFO]   [ OK ] [opt] Step 7b  — Diff. network features                   76.8s
2026-04-27 09:24:41,077 [INFO]   [ OK ]       Step 8   — Feature integration                       1.8s
2026-04-27 09:24:41,077 [INFO]   [ OK ]       Step 9   — Label construction                        0.4s
2026-04-27 09:24:41,077 [INFO]   [ OK ]       Step 10  — Train/val split                           1.6s
2026-04-27 09:24:41,077 [INFO]   [ OK ]       Step 11  — Model training                           27.8s
2026-04-27 09:24:41,078 [INFO]   [ OK ] [opt] Step 11b — PU Bagging                               16.5s
2026-04-27 09:24:41,078 [INFO]   [ OK ]       Step 12  — Model evaluation                          2.3s
2026-04-27 09:24:41,078 [INFO]   [ OK ]       Step 13  — Feature importance                        4.2s
2026-04-27 09:24:41,078 [INFO]   [ OK ]       Step 14  — Gene ranking                              0.6s
2026-04-27 09:24:41,078 [INFO]   [ OK ]       Step 15  — Network annotation                        8.9s
2026-04-27 09:24:41,078 [INFO]   [ OK ]       Step 16  — Network export                           19.2s
2026-04-27 09:24:41,078 [INFO]   [ OK ]       Step 17  — Visualization                             1.7s
2026-04-27 09:24:41,078 [INFO]   [ OK ]       Step 18  — Final report                              2.5s
2026-04-27 09:24:41,079 [INFO]   [ OK ] [opt] Step 19  — KEGG enrichment                           5.0s
2026-04-27 09:24:41,079 [INFO]   [ OK ] [opt] Step 20  — Indep. validation                         0.0s
2026-04-27 09:24:41,079 [INFO]   Total: 691.2s (11.5 min)
2026-04-27 09:24:41,079 [INFO]   Pipeline COMPLETE.
2026-04-27 09:24:41,079 [INFO] ======================================================================
2026-04-27 12:28:45,564 [INFO] ======================================================================
2026-04-27 12:28:45,565 [INFO] LUAD ML PIPELINE — FULL RUN
2026-04-27 12:28:45,565 [INFO] ======================================================================
2026-04-27 12:28:45,565 [INFO] >>> Step 0  — Config
2026-04-27 12:28:45,566 [INFO] <<< Step 0  — Config DONE (0.0s)
2026-04-27 12:28:45,566 [INFO] >>> Step 1  — Data loading
2026-04-27 12:28:45,977 [INFO] ============================================================
2026-04-27 12:28:45,978 [INFO] STEP 1 — DATA LOADING
2026-04-27 12:28:45,978 [INFO] ============================================================
2026-04-27 12:28:45,979 [INFO] Loading tumor expression from: C:\Users\rahma\Downloads\gloom updated\trial\data\raw\cBioPortal (RNA Seq Data)\data_mrna_seq_v2_rsem.txt
2026-04-27 12:28:47,637 [INFO]   Raw shape: (20531, 512)
2026-04-27 12:28:47,759 [WARNING]   19 duplicate gene symbols found — keeping highest-mean row.
2026-04-27 12:28:47,875 [INFO]   Final shape: (20512, 510)
2026-04-27 12:28:47,876 [INFO] Loading tumor metadata from: C:\Users\rahma\Downloads\gloom updated\trial\data\raw\cBioPortal (RNA Seq Data)\data_clinical_patient.txt
2026-04-27 12:28:47,881 [INFO]   Raw shape: (566, 38)
2026-04-27 12:28:47,884 [INFO]   Final shape: (566, 35)
2026-04-27 12:28:47,884 [INFO] Loading normal expression from: C:\Users\rahma\Downloads\gloom updated\trial\data\raw\Gtex (normal samples)\gene_tpm_v11_lung.gct.gz
2026-04-27 12:28:47,886 [INFO]   GCT version line : #1.2
2026-04-27 12:28:47,886 [INFO]   GCT dimension line: 74628	604
2026-04-27 12:28:57,034 [INFO]   Raw shape (after preamble skip): (74628, 606)
2026-04-27 12:28:57,415 [WARNING]   1307 duplicate gene symbols — keeping highest-mean row.
2026-04-27 12:28:57,962 [INFO]   Final shape: (73321, 604)
2026-04-27 12:28:57,963 [INFO] Loading normal metadata from: C:\Users\rahma\Downloads\gloom updated\trial\data\raw\Gtex (normal samples)\GTEx_Analysis_v11_Annotations_SampleAttributesDS - LUAD.txt
2026-04-27 12:28:57,991 [INFO]   Raw shape: (1892, 119)  (all assay types)
2026-04-27 12:28:58,000 [INFO]   Retaining 11 QC columns: ['SAMPID', 'SMTS', 'SMTSD', 'SMRIN', 'SMATSSCR', 'SMRDTTL', 'SMMAPRT', 'SMRRNART', 'SMRDLGTH', 'SMNABTCHT', 'SMGEBTCHT']
2026-04-27 12:28:58,001 [INFO]   SMRIN  (RNA integrity) : mean=7.17  min=3.5  max=9.7
2026-04-27 12:28:58,005 [INFO]   SMATSSCR (autolysis)   : {0.0: 43, 1.0: 410, 2.0: 128, 3.0: 10}
2026-04-27 12:28:58,005 [INFO]   SMMAPRT  (map rate)    : mean=0.9836  min=0.8003
2026-04-27 12:28:58,006 [INFO]   Final shape: (604, 10)  (604 RNA-seq samples × 10 QC columns)
2026-04-27 12:28:58,006 [INFO] Loading labeled LUAD gene list from: C:\Users\rahma\Downloads\gloom updated\trial\data\raw\LCGene (Labeled LUAD Data)\LCGene_human_LUAD_filtered.tsv
2026-04-27 12:28:58,010 [INFO]   Raw shape: (517, 10)
2026-04-27 12:28:58,011 [INFO]   Unique labeled LUAD genes loaded: 517
2026-04-27 12:28:58,018 [INFO]   Full LCGene table saved to: C:\Users\rahma\Downloads\gloom updated\trial\data\processed\lcgene_luad_full.csv
2026-04-27 12:28:58,018 [INFO] 
Saving raw-loaded files to processed directory …
2026-04-27 12:29:31,216 [INFO] 
============================================================
2026-04-27 12:29:31,216 [INFO] STEP 1 SUMMARY
2026-04-27 12:29:31,216 [INFO] ============================================================
2026-04-27 12:29:31,216 [INFO]   Tumor expression   :  20512 genes  x  510 samples
2026-04-27 12:29:31,216 [INFO]   Normal expression  :  73321 genes  x  604 samples
2026-04-27 12:29:31,216 [INFO]   Normal metadata    :    604 RNA-seq samples  x  10 QC columns
2026-04-27 12:29:31,217 [INFO]   Labeled LUAD genes :    517 unique gene symbols (LCGene)
2026-04-27 12:29:31,217 [INFO] STEP 1 COMPLETE
2026-04-27 12:29:31,241 [INFO] <<< Step 1  — Data loading DONE (45.7s)
2026-04-27 12:29:31,241 [INFO] >>> Step 2  — Preprocessing
2026-04-27 12:29:32,906 [INFO] ============================================================
2026-04-27 12:29:32,907 [INFO] STEP 2 — DATA PREPROCESSING & QUALITY CONTROL
2026-04-27 12:29:32,907 [INFO] ============================================================
2026-04-27 12:29:38,034 [INFO] 
--- Tumor preprocessing ---
2026-04-27 12:29:38,154 [INFO]   [tumor] Replaced 1463479 zeros and 0 negatives with NaN.
2026-04-27 12:29:38,410 [INFO]   [tumor] log2(x+1) applied. Range: [0.004, 20.450]
2026-04-27 12:29:40,719 [WARNING]   [tumor] No common samples — trying TCGA ID truncation.
2026-04-27 12:29:40,751 [INFO]   [tumor] Retained 510 common samples.
2026-04-27 12:29:40,758 [INFO]   [tumor] Sample count OK: 510 >= 50.
2026-04-27 12:29:40,759 [INFO] 
--- Normal preprocessing ---
2026-04-27 12:29:41,255 [INFO]   [normal] Replaced 21868568 zeros and 0 negatives with NaN.
2026-04-27 12:29:42,381 [INFO]   [normal] log2(x+1) applied. Range: [0.000, 16.393]
2026-04-27 12:29:45,616 [INFO]   [normal] Retained 604 common samples.
2026-04-27 12:29:45,621 [INFO]   [normal] Sample count OK: 604 >= 50.
2026-04-27 12:29:45,621 [INFO] 
Generating QC plots …
2026-04-27 12:30:09,127 [INFO] 
============================================================
2026-04-27 12:30:09,127 [INFO] STEP 2 SUMMARY
2026-04-27 12:30:09,127 [INFO] ============================================================
2026-04-27 12:30:09,127 [INFO]   Tumor  expr :  16570 genes x  510 samples
2026-04-27 12:30:09,128 [INFO]   Normal expr :  21159 genes x  604 samples
2026-04-27 12:30:09,128 [INFO] STEP 2 COMPLETE
2026-04-27 12:30:09,175 [INFO] <<< Step 2  — Preprocessing DONE (37.9s)
2026-04-27 12:30:09,175 [INFO] >>> Step 3  — Harmonization
2026-04-27 12:30:09,177 [INFO] ============================================================
2026-04-27 12:30:09,178 [INFO] STEP 3 — GENE ID HARMONIZATION
2026-04-27 12:30:09,178 [INFO] ============================================================
2026-04-27 12:30:12,746 [WARNING]   [tumor] Dropping 1 invalid symbols.
2026-04-27 12:30:12,809 [INFO]   Common genes: 10986
2026-04-27 12:30:12,820 [INFO]   LCGene retained: 438 / 517 (84.7%)
2026-04-27 12:30:12,820 [WARNING]   LCGene genes lost: ABCB4, AKR1B10, ASCL1, BCL2L14, BPIFA1, BRINP1, BRSK2, C20ORF85, CA9, CASC1, CCKBR, CDX2, CHGA, CHRNA1, CHRNA5, CHRNA9, CLCA2, CLDN2, CSMD1, CYP2C19, CYP2C9, DLK1, DLX5, DPYSL5, DRD2, DSC3, ECE2, ELAVL2, EPHA7, FAM83A, FUT6, FZD9, GABRA3, GATA4, GPR87, HMGA2, HNF4A, HOXB9, IGF2BP3, INSM1, KCNH1, KCNJ3, KIF14, KIF5A, KLK6, KRT81, LEP, LGSN, MAGEA1, MAGEA6, MAGEC1, MMP13, MYO18B, NOV, NR0B1, NR1I2, NRXN1, OPCML, PAEP, PAX5, PITX2, PRAME, PTPRH, RGS17, SCGN, SERPINB4, SERPINB5, T, TERT, TF, TFAP2A, TFAP2B, TRIM31, TRPM8, UGT1A6, VIL1, VTCN1, WISP1, XDH
2026-04-27 12:30:27,354 [INFO]   Common genes: 10986
2026-04-27 12:30:27,354 [INFO] STEP 3 COMPLETE
2026-04-27 12:30:27,360 [INFO] <<< Step 3  — Harmonization DONE (18.2s)
2026-04-27 12:30:27,360 [INFO] >>> Step 4  — Differential expr
2026-04-27 12:30:27,461 [INFO] ============================================================
2026-04-27 12:30:27,461 [INFO] STEP 4 — DIFFERENTIAL EXPRESSION
2026-04-27 12:30:27,461 [INFO] ============================================================
2026-04-27 12:30:29,526 [INFO]   Tumor: (10986, 510)  Normal: (10986, 604)
2026-04-27 12:30:29,649 [INFO]   Running Welch t-test for 10986 genes …
2026-04-27 12:30:33,461 [INFO]   Significant at FDR<=0.001: 10882
2026-04-27 12:30:34,348 [INFO]   Up: 9700  Down: 15  NS: 1271
2026-04-27 12:30:34,348 [INFO] STEP 4 COMPLETE
2026-04-27 12:30:34,354 [INFO] <<< Step 4  — Differential expr DONE (7.0s)
2026-04-27 12:30:34,354 [INFO] >>> Step 5  — Expr features
2026-04-27 12:30:34,357 [INFO] ============================================================
2026-04-27 12:30:34,357 [INFO] STEP 5 — EXPRESSION FEATURE CONSTRUCTION
2026-04-27 12:30:34,357 [INFO] ============================================================
2026-04-27 12:30:36,377 [INFO]   Computing stats for [tumor] ((10986, 510)) …
2026-04-27 12:30:45,341 [INFO]   Computing stats for [normal] ((10986, 604)) …
2026-04-27 12:30:53,551 [INFO]   [expression_features] Validated. Shape: (10986, 29)
2026-04-27 12:30:54,323 [INFO]   Expression features: (10986, 29)
2026-04-27 12:30:54,323 [INFO] STEP 5 COMPLETE
2026-04-27 12:30:54,330 [INFO] <<< Step 5  — Expr features DONE (20.0s)
2026-04-27 12:30:54,330 [INFO] >>> Step 6  — Co-expr network
2026-04-27 12:30:54,845 [INFO] ============================================================
2026-04-27 12:30:54,845 [INFO] STEP 6 — CO-EXPRESSION NETWORK CONSTRUCTION
2026-04-27 12:30:54,845 [INFO] ============================================================
2026-04-27 12:30:55,813 [INFO]   Matrix: 10986 genes x 510 samples | cutoff |r|>=0.6
2026-04-27 12:30:57,076 [INFO]   Chunk 10/22 edges so far: 86,077 (1.2s)
2026-04-27 12:30:58,135 [INFO]   Chunk 20/22 edges so far: 109,749 (2.3s)
2026-04-27 12:30:58,315 [INFO]   Chunk 22/22 edges so far: 110,508 (2.5s)
2026-04-27 12:30:58,364 [INFO]   Total edges: 110,508
2026-04-27 12:31:02,025 [INFO]   Graph: 4,977 nodes, 110,508 edges
2026-04-27 12:31:05,277 [INFO]   Runtime: 2.7s
2026-04-27 12:31:05,277 [INFO] STEP 6 COMPLETE
2026-04-27 12:31:05,284 [INFO] <<< Step 6  — Co-expr network DONE (11.0s)
2026-04-27 12:31:05,285 [INFO] >>> Step 7  — Network features
2026-04-27 12:31:05,289 [INFO] ============================================================
2026-04-27 12:31:05,289 [INFO] STEP 7 — NETWORK FEATURE EXTRACTION
2026-04-27 12:31:05,289 [INFO] ============================================================
2026-04-27 12:31:07,342 [INFO]   Graph: 10,986 nodes, 110,508 edges
2026-04-27 12:31:07,346 [INFO]   Extracting degree features …
2026-04-27 12:31:07,400 [INFO]   Extracting average neighbour degree …
2026-04-27 12:31:07,436 [INFO]   Betweenness centrality (n=10,986) …
2026-04-27 12:31:20,012 [INFO]   Closeness centrality …
2026-04-27 12:32:34,475 [INFO]   Eigenvector centrality …
2026-04-27 12:32:36,832 [INFO]   Clustering coefficient …
2026-04-27 12:32:57,436 [INFO]   Edge weight statistics …
2026-04-27 12:32:57,684 [INFO]   Component features …
2026-04-27 12:32:57,715 [INFO]   All features extracted in 110.4s
2026-04-27 12:32:58,859 [INFO]   Network features: (10986, 13)
2026-04-27 12:32:58,859 [INFO] STEP 7 COMPLETE
2026-04-27 12:32:58,860 [INFO] <<< Step 7  — Network features DONE (113.6s)
2026-04-27 12:32:58,861 [INFO] >>> Step 8  — Feature integration
2026-04-27 12:32:59,194 [INFO] ============================================================
2026-04-27 12:32:59,194 [INFO] STEP 8 — FEATURE INTEGRATION
2026-04-27 12:32:59,194 [INFO] ============================================================
2026-04-27 12:32:59,257 [INFO]   Expression: (10986, 29)  Network: (10986, 13)
2026-04-27 12:32:59,262 [INFO]   Concatenated: (10986, 42)
2026-04-27 12:32:59,269 [INFO]   Removed 6 collinear features: ['weighted_degree', 'component_size', 'min_edge_weight', 'tumor_median', 'normal_median', 't_stat']
2026-04-27 12:32:59,269 [INFO]   Features after collinearity removal: 36
2026-04-27 12:32:59,304 [INFO]   Highly correlated pairs (|r|>=0.95): 9
2026-04-27 12:32:59,653 [INFO]   Differential network features added: 15 columns (coverage: 10,986/10,986 genes)
2026-04-27 12:33:00,619 [INFO]   Integrated features: (10986, 51)
2026-04-27 12:33:00,619 [INFO] STEP 8 COMPLETE
2026-04-27 12:33:00,621 [INFO] <<< Step 8  — Feature integration DONE (1.8s)
2026-04-27 12:33:00,621 [INFO] >>> Step 9  — Label construction
2026-04-27 12:33:00,634 [INFO] ============================================================
2026-04-27 12:33:00,634 [INFO] STEP 9 — LABEL CONSTRUCTION
2026-04-27 12:33:00,634 [INFO] ============================================================
2026-04-27 12:33:00,723 [INFO]   LCGene symbols: 517
2026-04-27 12:33:00,727 [INFO]   Total: 10986  Positive (known LCGene): 438 (3.99%)  Unlabeled: 10548
2026-04-27 12:33:00,727 [INFO]   [PU framing] Negatives are UNLABELED — not confirmed non-cancer genes.
2026-04-27 12:33:00,999 [INFO]   LCGene genes unmatched: 79
2026-04-27 12:33:01,000 [INFO] STEP 9 COMPLETE
2026-04-27 12:33:01,001 [INFO] <<< Step 9  — Label construction DONE (0.4s)
2026-04-27 12:33:01,001 [INFO] >>> Step 10 — Train/val split
2026-04-27 12:33:01,003 [INFO] ============================================================
2026-04-27 12:33:01,003 [INFO] STEP 10 — TRAIN/VALIDATION SPLIT
2026-04-27 12:33:01,004 [INFO] ============================================================
2026-04-27 12:33:01,094 [INFO]   Features: (10986, 51)  Labels: 10986
2026-04-27 12:33:01,102 [INFO]   Train: 8788 (pos=350)  Val: 2198 (pos=88)
2026-04-27 12:33:02,787 [INFO] STEP 10 COMPLETE
2026-04-27 12:33:02,789 [INFO] <<< Step 10 — Train/val split DONE (1.8s)
2026-04-27 12:33:02,789 [INFO] >>> Step 11 — Model training
2026-04-27 12:33:02,913 [INFO] ============================================================
2026-04-27 12:33:02,914 [INFO] STEP 11 — MODEL TRAINING
2026-04-27 12:33:02,914 [INFO] ============================================================
2026-04-27 12:33:03,076 [INFO]   X_train: (8788, 51)  pos=350
2026-04-27 12:33:05,791 [INFO]   XGBoost added (scale_pos_weight=24.1)
2026-04-27 12:33:06,013 [INFO]   Random undersampling enabled (imbalanced-learn found).
2026-04-27 12:33:06,013 [INFO] 
  [random_forest] CV ...
2026-04-27 12:33:06,895 [INFO]     Fold 1 AUROC=0.9221 AUPRC=0.2728 F1=0.2607 MCC=0.3302
2026-04-27 12:33:07,776 [INFO]     Fold 2 AUROC=0.9046 AUPRC=0.2617 F1=0.2700 MCC=0.3313
2026-04-27 12:33:08,648 [INFO]     Fold 3 AUROC=0.9192 AUPRC=0.3398 F1=0.2863 MCC=0.3556
2026-04-27 12:33:09,474 [INFO]     Fold 4 AUROC=0.9247 AUPRC=0.3730 F1=0.2684 MCC=0.3242
2026-04-27 12:33:10,286 [INFO]     Fold 5 AUROC=0.9017 AUPRC=0.2662 F1=0.2515 MCC=0.3046
2026-04-27 12:33:10,287 [INFO]   [random_forest] AUROC=0.9145±0.0094  AUPRC=0.3027±0.0452  F1=0.2674±0.0115  MCC=0.3292±0.0163
2026-04-27 12:33:12,451 [INFO] 
  [gradient_boosting] CV ...
2026-04-27 12:33:12,928 [INFO]     Fold 1 AUROC=0.9221 AUPRC=0.3467 F1=0.2618 MCC=0.3231
2026-04-27 12:33:13,411 [INFO]     Fold 2 AUROC=0.9095 AUPRC=0.2805 F1=0.2743 MCC=0.3301
2026-04-27 12:33:13,855 [INFO]     Fold 3 AUROC=0.9207 AUPRC=0.3258 F1=0.2896 MCC=0.3503
2026-04-27 12:33:14,332 [INFO]     Fold 4 AUROC=0.9347 AUPRC=0.4830 F1=0.2945 MCC=0.3495
2026-04-27 12:33:14,773 [INFO]     Fold 5 AUROC=0.9074 AUPRC=0.2946 F1=0.2583 MCC=0.3142
2026-04-27 12:33:14,773 [INFO]   [gradient_boosting] AUROC=0.9189±0.0098  AUPRC=0.3461±0.0723  F1=0.2757±0.0145  MCC=0.3334±0.0144
2026-04-27 12:33:19,339 [INFO] 
  [logistic_regression] CV ...
2026-04-27 12:33:21,019 [INFO]     Fold 1 AUROC=0.9253 AUPRC=0.3190 F1=0.2876 MCC=0.3512
2026-04-27 12:33:22,016 [INFO]     Fold 2 AUROC=0.8914 AUPRC=0.2657 F1=0.2603 MCC=0.3108
2026-04-27 12:33:23,000 [INFO]     Fold 3 AUROC=0.9153 AUPRC=0.2772 F1=0.2719 MCC=0.3277
2026-04-27 12:33:23,994 [INFO]     Fold 4 AUROC=0.9207 AUPRC=0.3776 F1=0.2829 MCC=0.3275
2026-04-27 12:33:24,962 [INFO]     Fold 5 AUROC=0.9147 AUPRC=0.2623 F1=0.2934 MCC=0.3429
2026-04-27 12:33:24,962 [INFO]   [logistic_regression] AUROC=0.9135±0.0117  AUPRC=0.3004±0.0436  F1=0.2792±0.0118  MCC=0.3320±0.0140
2026-04-27 12:33:27,049 [INFO] 
  [extra_trees] CV ...
2026-04-27 12:33:27,624 [INFO]     Fold 1 AUROC=0.9194 AUPRC=0.3089 F1=0.2584 MCC=0.3225
2026-04-27 12:33:28,105 [INFO]     Fold 2 AUROC=0.9028 AUPRC=0.2679 F1=0.2594 MCC=0.3153
2026-04-27 12:33:28,599 [INFO]     Fold 3 AUROC=0.9180 AUPRC=0.2640 F1=0.2769 MCC=0.3463
2026-04-27 12:33:29,113 [INFO]     Fold 4 AUROC=0.9152 AUPRC=0.3644 F1=0.2553 MCC=0.3058
2026-04-27 12:33:29,647 [INFO]     Fold 5 AUROC=0.8959 AUPRC=0.2459 F1=0.2414 MCC=0.2917
2026-04-27 12:33:29,647 [INFO]   [extra_trees] AUROC=0.9103±0.0093  AUPRC=0.2902±0.0425  F1=0.2583±0.0113  MCC=0.3163±0.0182
2026-04-27 12:33:30,586 [INFO] 
  [xgboost] CV ...
2026-04-27 12:33:31,042 [INFO]     Fold 1 AUROC=0.9155 AUPRC=0.3286 F1=0.2122 MCC=0.2812
2026-04-27 12:33:31,301 [INFO]     Fold 2 AUROC=0.9053 AUPRC=0.2659 F1=0.2314 MCC=0.2998
2026-04-27 12:33:31,566 [INFO]     Fold 3 AUROC=0.9243 AUPRC=0.3223 F1=0.2278 MCC=0.2985
2026-04-27 12:33:31,825 [INFO]     Fold 4 AUROC=0.9334 AUPRC=0.4172 F1=0.2404 MCC=0.3066
2026-04-27 12:33:32,056 [INFO]     Fold 5 AUROC=0.9031 AUPRC=0.2566 F1=0.2226 MCC=0.2874
2026-04-27 12:33:32,057 [INFO]   [xgboost] AUROC=0.9163±0.0114  AUPRC=0.3181±0.0574  F1=0.2269±0.0094  MCC=0.2947±0.0091
2026-04-27 12:33:32,458 [INFO] 
All models trained in 26.7s
2026-04-27 12:33:32,459 [INFO]   Best: gradient_boosting (AUPRC=0.3461)
2026-04-27 12:33:32,487 [INFO]   Best model (gradient_boosting, already calibrated) saved as best_model.joblib
2026-04-27 12:33:32,701 [INFO] STEP 11 COMPLETE
2026-04-27 12:33:32,719 [INFO] <<< Step 11 — Model training DONE (29.9s)
2026-04-27 12:33:32,720 [INFO] >>> Step 12 — Model evaluation
2026-04-27 12:33:32,728 [INFO] ============================================================
2026-04-27 12:33:32,728 [INFO] STEP 12 — MODEL EVALUATION
2026-04-27 12:33:32,728 [INFO] ============================================================
2026-04-27 12:33:32,765 [INFO]   Val: 2198 genes  pos=88
2026-04-27 12:33:33,329 [INFO]   [extra_trees           ] AUROC=0.9121 AUPRC=0.3802 F1@0.50=0.1075 MCC@0.50=0.2338 [oracle F1@0.15=0.4161] R@100=0.3977 P@100=0.3500
2026-04-27 12:33:33,366 [INFO]   [gradient_boosting     ] AUROC=0.9163 AUPRC=0.3414 F1@0.50=0.3034 MCC@0.50=0.2879 [oracle F1@0.11=0.4286] R@100=0.3750 P@100=0.3300
2026-04-27 12:33:33,389 [INFO]   [logistic_regression   ] AUROC=0.8906 AUPRC=0.2887 F1@0.50=0.1346 MCC@0.50=0.1736 [oracle F1@0.19=0.3669] R@100=0.3636 P@100=0.3200
2026-04-27 12:33:33,490 [INFO]   [random_forest         ] AUROC=0.6268 AUPRC=0.1967 F1@0.50=0.2545 MCC@0.50=0.3059 [oracle F1@0.04=0.3137] R@100=0.2955 P@100=0.2600
2026-04-27 12:33:33,519 [INFO]   [xgboost               ] AUROC=0.9160 AUPRC=0.3647 F1@0.50=0.3034 MCC@0.50=0.2879 [oracle F1@0.12=0.4103] R@100=0.4091 P@100=0.3600
2026-04-27 12:33:33,543 [INFO]   [ensemble_soft_vote    ] AUROC=0.9142 AUPRC=0.3771 F1@0.50=0.2655 MCC@0.50=0.3064 [oracle F1@0.14=0.4348] R@100=0.4205 P@100=0.3700
2026-04-27 12:33:33,586 [INFO]   Classification reports saved to: C:\Users\rahma\Downloads\gloom updated\trial\outputs\results\classification_reports
2026-04-27 12:33:34,421 [INFO]   Confusion matrix grid saved: eval_confusion_matrices.png
2026-04-27 12:33:34,891 [INFO]   Multi-threshold confusion matrices saved: eval_confusion_multithreshold.png
2026-04-27 12:33:35,271 [INFO] STEP 12 COMPLETE
2026-04-27 12:33:35,289 [INFO] <<< Step 12 — Model evaluation DONE (2.6s)
2026-04-27 12:33:35,289 [INFO] >>> Step 13 — Feature importance
2026-04-27 12:33:35,299 [INFO] ============================================================
2026-04-27 12:33:35,299 [INFO] STEP 13 — FEATURE IMPORTANCE
2026-04-27 12:33:35,300 [INFO] ============================================================
2026-04-27 12:33:35,707 [INFO]   [gradient_boosting] Permutation importance (n_repeats=10) …
2026-04-27 12:33:38,775 [INFO]   Top 5: {'tumor_std': 0.999999999972656, 'tumor_iqr': 0.3066048155427526, 'normal_std': 0.2527796185778753, 'tumor_mean': 0.22341506515845777, 'normal_skewness': 0.20023562329177721}
2026-04-27 12:33:38,914 [INFO]   Feature importance shape: (51, 5)
2026-04-27 12:33:38,915 [INFO]   Top feature: tumor_std (1.0000)
2026-04-27 12:33:38,915 [INFO] STEP 13 COMPLETE
2026-04-27 12:33:38,933 [INFO] <<< Step 13 — Feature importance DONE (3.6s)
2026-04-27 12:33:38,934 [INFO] >>> Step 14 — Gene ranking
2026-04-27 12:33:38,938 [INFO] ============================================================
2026-04-27 12:33:38,938 [INFO] STEP 14 — GENE PREDICTION & RANKING
2026-04-27 12:33:38,938 [INFO] ============================================================
2026-04-27 12:33:39,072 [INFO]   Scoring 10,986 genes …
2026-04-27 12:33:39,146 [INFO]   Total: 10,986  Novel candidates (prob>=0.7): 48  Sensitivity list (prob>=0.5): 99
2026-04-27 12:33:39,146 [INFO]   Median positive (known) rank: 258
2026-04-27 12:33:39,146 [INFO]   Positive (known) in top-50:  47  top-100: 94  top-200: 177  top-500: 335
2026-04-27 12:33:39,146 [INFO]   Recall@50=0.1073  Recall@100=0.2146  Recall@200=0.4041  Recall@500=0.7648
2026-04-27 12:33:39,147 [INFO]   Precision@50=0.9400  Precision@100=0.9400
2026-04-27 12:33:39,650 [INFO]   High-confidence novel candidates saved: 48 genes (prob>=0.7)
2026-04-27 12:33:39,651 [INFO]   Sensitivity novel candidates saved:     99 genes (prob>=0.5)
2026-04-27 12:33:39,652 [INFO]   Query gene rankings saved: 0 genes
2026-04-27 12:33:39,653 [INFO] STEP 14 COMPLETE
2026-04-27 12:33:39,654 [INFO] <<< Step 14 — Gene ranking DONE (0.7s)
2026-04-27 12:33:39,655 [INFO] >>> Step 15 — Network annotation
2026-04-27 12:33:39,656 [INFO] ============================================================
2026-04-27 12:33:39,657 [INFO] STEP 15 — NETWORK ANNOTATION
2026-04-27 12:33:39,657 [INFO] ============================================================
2026-04-27 12:33:41,789 [INFO]   Graph: 10,986 nodes, 110,508 edges
2026-04-27 12:33:43,156 [INFO]   Positive edges: 108,468  Negative: 2,040
2026-04-27 12:33:48,955 [INFO]   LCGene nodes: 438  Novel: 48
2026-04-27 12:33:48,955 [INFO] STEP 15 COMPLETE
2026-04-27 12:33:48,973 [INFO] <<< Step 15 — Network annotation DONE (9.3s)
2026-04-27 12:33:48,973 [INFO] >>> Step 16 — Network export
2026-04-27 12:33:48,977 [INFO] ============================================================
2026-04-27 12:33:48,977 [INFO] STEP 16 — NETWORK EXPORT
2026-04-27 12:33:48,977 [INFO] ============================================================
2026-04-27 12:33:52,577 [INFO]   Graph: 10,986 nodes, 110,508 edges
2026-04-27 12:34:00,066 [INFO]   GraphML saved: C:\Users\rahma\Downloads\gloom updated\trial\outputs\results\network\exports/network_full.graphml
2026-04-27 12:34:05,847 [INFO]   Full network exports complete.
2026-04-27 12:34:05,873 [INFO]   [top100] 100 nodes, 34 edges
2026-04-27 12:34:05,990 [INFO]   [lcgene] 438 nodes, 925 edges
2026-04-27 12:34:06,005 [INFO]   [novel] 48 nodes, 2 edges
2026-04-27 12:34:06,173 [INFO]   [candidates] 706 nodes, 1581 edges
2026-04-27 12:34:12,497 [INFO] 
  Sub-networks:
2026-04-27 12:34:12,497 [INFO]     top100               nodes=  100  edges=     34
2026-04-27 12:34:12,497 [INFO]     lcgene               nodes=  438  edges=    925
2026-04-27 12:34:12,498 [INFO]     novel                nodes=   48  edges=      2
2026-04-27 12:34:12,498 [INFO]     candidates           nodes=  706  edges=  1,581
2026-04-27 12:34:12,498 [INFO] STEP 16 COMPLETE
2026-04-27 12:34:12,526 [INFO] <<< Step 16 — Network export DONE (23.6s)
2026-04-27 12:34:12,527 [INFO] >>> Step 17 — Visualization
2026-04-27 12:34:12,739 [INFO] ============================================================
2026-04-27 12:34:12,740 [INFO] STEP 17 — INTERACTIVE VISUALIZATION
2026-04-27 12:34:12,740 [INFO] ============================================================
2026-04-27 12:34:12,964 [INFO] [1] Volcano …
2026-04-27 12:34:13,415 [INFO]   Volcano saved: C:\Users\rahma\Downloads\gloom updated\trial\outputs\figures\interactive_volcano.html
2026-04-27 12:34:13,416 [INFO] [2] Ranking …
2026-04-27 12:34:13,777 [INFO]   Ranking plot saved: C:\Users\rahma\Downloads\gloom updated\trial\outputs\figures\interactive_ranking.html
2026-04-27 12:34:13,778 [INFO] [3] Network …
2026-04-27 12:34:13,943 [INFO]   Network plot saved: C:\Users\rahma\Downloads\gloom updated\trial\outputs\figures\interactive_network.html
2026-04-27 12:34:13,943 [INFO] [4] Feature importance …
2026-04-27 12:34:13,991 [INFO]   Feature importance saved: C:\Users\rahma\Downloads\gloom updated\trial\outputs\figures\interactive_feature_importance.html
2026-04-27 12:34:13,992 [INFO] [5] KEGG pathways …
2026-04-27 12:34:14,053 [INFO]   KEGG plot saved: C:\Users\rahma\Downloads\gloom updated\trial\outputs\figures\interactive_kegg.html
2026-04-27 12:34:14,054 [INFO] [6] Dashboard …
2026-04-27 12:34:14,160 [INFO]   Combined dashboard saved: C:\Users\rahma\Downloads\gloom updated\trial\outputs\figures\interactive_dashboard.html
2026-04-27 12:34:14,164 [INFO] STEP 17 COMPLETE
2026-04-27 12:34:14,167 [INFO] <<< Step 17 — Visualization DONE (1.6s)
2026-04-27 12:34:14,167 [INFO] >>> Step 18 — Final report
2026-04-27 12:34:14,170 [INFO] ============================================================
2026-04-27 12:34:14,170 [INFO] STEP 18 — FINAL OUTPUTS & REPORTING
2026-04-27 12:34:14,170 [INFO] ============================================================
2026-04-27 12:34:14,170 [INFO] [1] Building summary table …
2026-04-27 12:34:14,442 [INFO]   Summary table: (10986, 29)
2026-04-27 12:34:14,442 [INFO] [2] Building text report …
2026-04-27 12:34:14,470 [ERROR]   Report failed: 'mcc'
2026-04-27 12:34:14,470 [INFO] [3] Building summary figure …
2026-04-27 12:34:15,535 [INFO]   Summary figure (PNG) saved: C:\Users\rahma\Downloads\gloom updated\trial\outputs\results\reports\pipeline_summary_figure.png
2026-04-27 12:34:16,395 [INFO]   Summary figure (PDF) saved: C:\Users\rahma\Downloads\gloom updated\trial\outputs\results\reports\pipeline_summary_figure.pdf
2026-04-27 12:34:16,396 [INFO] [4] Writing master runner …
2026-04-27 12:34:16,398 [INFO]   Master runner saved: C:\Users\rahma\Downloads\gloom updated\trial\LUAD_ML_Pipeline\run_pipeline.py
2026-04-27 12:34:16,398 [INFO] ============================================================
2026-04-27 12:34:16,398 [INFO] STEP 18 SUMMARY
2026-04-27 12:34:16,398 [INFO] ============================================================
2026-04-27 12:34:16,398 [INFO]   Summary table: C:\Users\rahma\Downloads\gloom updated\trial\outputs\results\reports/pipeline_summary_table.csv
2026-04-27 12:34:16,398 [INFO]   Text report  : C:\Users\rahma\Downloads\gloom updated\trial\outputs\results\reports/pipeline_report.txt
2026-04-27 12:34:16,398 [INFO]   Summary fig  : C:\Users\rahma\Downloads\gloom updated\trial\outputs\results\reports/pipeline_summary_figure.png
2026-04-27 12:34:16,399 [INFO]   Master runner: C:\Users\rahma\Downloads\gloom updated\trial\LUAD_ML_Pipeline\run_pipeline.py
2026-04-27 12:34:16,399 [INFO] 
2026-04-27 12:34:16,399 [INFO]   Key deliverables:
2026-04-27 12:34:16,399 [INFO]     Gene rankings    : C:\Users\rahma\Downloads\gloom updated\trial\outputs\results\gene_rankings.csv
2026-04-27 12:34:16,399 [INFO]     Novel candidates : C:\Users\rahma\Downloads\gloom updated\trial\outputs\results/novel_candidates.csv
2026-04-27 12:34:16,399 [INFO]     Dashboard        : C:\Users\rahma\Downloads\gloom updated\trial\outputs\figures/interactive_dashboard.html
2026-04-27 12:34:16,399 [INFO] STEP 18 COMPLETE
2026-04-27 12:34:16,399 [INFO] <<< Step 18 — Final report DONE (2.2s)
2026-04-27 12:34:16,400 [INFO] ======================================================================
2026-04-27 12:34:16,400 [INFO] EXECUTION SUMMARY
2026-04-27 12:34:16,400 [INFO] ======================================================================
2026-04-27 12:34:16,400 [INFO]   [OK] Step 0  — Config                                  0.0s
2026-04-27 12:34:16,400 [INFO]   [OK] Step 1  — Data loading                           45.7s
2026-04-27 12:34:16,400 [INFO]   [OK] Step 2  — Preprocessing                          37.9s
2026-04-27 12:34:16,401 [INFO]   [OK] Step 3  — Harmonization                          18.2s
2026-04-27 12:34:16,401 [INFO]   [OK] Step 4  — Differential expr                       7.0s
2026-04-27 12:34:16,401 [INFO]   [OK] Step 5  — Expr features                          20.0s
2026-04-27 12:34:16,401 [INFO]   [OK] Step 6  — Co-expr network                        11.0s
2026-04-27 12:34:16,401 [INFO]   [OK] Step 7  — Network features                      113.6s
2026-04-27 12:34:16,401 [INFO]   [OK] Step 8  — Feature integration                     1.8s
2026-04-27 12:34:16,401 [INFO]   [OK] Step 9  — Label construction                      0.4s
2026-04-27 12:34:16,401 [INFO]   [OK] Step 10 — Train/val split                         1.8s
2026-04-27 12:34:16,401 [INFO]   [OK] Step 11 — Model training                         29.9s
2026-04-27 12:34:16,402 [INFO]   [OK] Step 12 — Model evaluation                        2.6s
2026-04-27 12:34:16,402 [INFO]   [OK] Step 13 — Feature importance                      3.6s
2026-04-27 12:34:16,402 [INFO]   [OK] Step 14 — Gene ranking                            0.7s
2026-04-27 12:34:16,402 [INFO]   [OK] Step 15 — Network annotation                      9.3s
2026-04-27 12:34:16,402 [INFO]   [OK] Step 16 — Network export                         23.6s
2026-04-27 12:34:16,402 [INFO]   [OK] Step 17 — Visualization                           1.6s
2026-04-27 12:34:16,402 [INFO]   [OK] Step 18 — Final report                            2.2s
2026-04-27 12:34:16,402 [INFO]   Total: 330.8s (5.5 min)
2026-04-27 12:34:16,402 [INFO]   Pipeline COMPLETE.
2026-04-27 12:34:16,403 [INFO] ======================================================================
2026-04-27 14:25:29,621 [INFO] ======================================================================
2026-04-27 14:25:29,622 [INFO] LUAD ML PIPELINE — FULL RUN
2026-04-27 14:25:29,622 [INFO] ======================================================================
2026-04-27 14:25:29,622 [INFO] >>> Step 0  — Config
2026-04-27 14:25:29,623 [INFO] <<< Step 0  — Config DONE (0.0s)
2026-04-27 14:25:29,623 [INFO] >>> Step 1  — Data loading
2026-04-27 14:25:30,240 [INFO] ============================================================
2026-04-27 14:25:30,241 [INFO] STEP 1 — DATA LOADING
2026-04-27 14:25:30,241 [INFO] ============================================================
2026-04-27 14:25:30,242 [INFO] Loading tumor expression from: C:\Users\rahma\Downloads\gloom updated\trial\data\raw\cBioPortal (RNA Seq Data)\data_mrna_seq_v2_rsem.txt
2026-04-27 14:25:31,930 [INFO]   Raw shape: (20531, 512)
2026-04-27 14:25:32,082 [WARNING]   19 duplicate gene symbols found — keeping highest-mean row.
2026-04-27 14:25:32,204 [INFO]   Final shape: (20512, 510)
2026-04-27 14:25:32,205 [INFO] Loading tumor metadata from: C:\Users\rahma\Downloads\gloom updated\trial\data\raw\cBioPortal (RNA Seq Data)\data_clinical_patient.txt
2026-04-27 14:25:32,210 [INFO]   Raw shape: (566, 38)
2026-04-27 14:25:32,213 [INFO]   Final shape: (566, 35)
2026-04-27 14:25:32,213 [INFO] Loading normal expression from: C:\Users\rahma\Downloads\gloom updated\trial\data\raw\Gtex (normal samples)\gene_tpm_v11_lung.gct.gz
2026-04-27 14:25:32,215 [INFO]   GCT version line : #1.2
2026-04-27 14:25:32,215 [INFO]   GCT dimension line: 74628	604
2026-04-27 14:25:39,126 [INFO]   Raw shape (after preamble skip): (74628, 606)
2026-04-27 14:25:39,467 [WARNING]   1307 duplicate gene symbols — keeping highest-mean row.
2026-04-27 14:25:39,980 [INFO]   Final shape: (73321, 604)
2026-04-27 14:25:39,981 [INFO] Loading normal metadata from: C:\Users\rahma\Downloads\gloom updated\trial\data\raw\Gtex (normal samples)\GTEx_Analysis_v11_Annotations_SampleAttributesDS - LUAD.txt
2026-04-27 14:25:40,016 [INFO]   Raw shape: (1892, 119)  (all assay types)
2026-04-27 14:25:40,025 [INFO]   Retaining 11 QC columns: ['SAMPID', 'SMTS', 'SMTSD', 'SMRIN', 'SMATSSCR', 'SMRDTTL', 'SMMAPRT', 'SMRRNART', 'SMRDLGTH', 'SMNABTCHT', 'SMGEBTCHT']
2026-04-27 14:25:40,027 [INFO]   SMRIN  (RNA integrity) : mean=7.17  min=3.5  max=9.7
2026-04-27 14:25:40,030 [INFO]   SMATSSCR (autolysis)   : {0.0: 43, 1.0: 410, 2.0: 128, 3.0: 10}
2026-04-27 14:25:40,030 [INFO]   SMMAPRT  (map rate)    : mean=0.9836  min=0.8003
2026-04-27 14:25:40,030 [INFO]   Final shape: (604, 10)  (604 RNA-seq samples × 10 QC columns)
2026-04-27 14:25:40,030 [INFO] Loading labeled LUAD gene list from: C:\Users\rahma\Downloads\gloom updated\trial\data\raw\LCGene (Labeled LUAD Data)\LCGene_human_LUAD_filtered.tsv
2026-04-27 14:25:40,034 [INFO]   Raw shape: (517, 10)
2026-04-27 14:25:40,035 [INFO]   Unique labeled LUAD genes loaded: 517
2026-04-27 14:25:40,042 [INFO]   Full LCGene table saved to: C:\Users\rahma\Downloads\gloom updated\trial\data\processed\lcgene_luad_full.csv
2026-04-27 14:25:40,042 [INFO] 
Saving raw-loaded files to processed directory …
2026-04-27 14:26:05,656 [INFO] 
============================================================
2026-04-27 14:26:05,656 [INFO] STEP 1 SUMMARY
2026-04-27 14:26:05,657 [INFO] ============================================================
2026-04-27 14:26:05,657 [INFO]   Tumor expression   :  20512 genes  x  510 samples
2026-04-27 14:26:05,657 [INFO]   Normal expression  :  73321 genes  x  604 samples
2026-04-27 14:26:05,657 [INFO]   Normal metadata    :    604 RNA-seq samples  x  10 QC columns
2026-04-27 14:26:05,657 [INFO]   Labeled LUAD genes :    517 unique gene symbols (LCGene)
2026-04-27 14:26:05,658 [INFO] STEP 1 COMPLETE
2026-04-27 14:26:05,695 [INFO] <<< Step 1  — Data loading DONE (36.1s)
2026-04-27 14:26:05,696 [INFO] >>> Step 2  — Preprocessing
2026-04-27 14:26:07,180 [INFO] ============================================================
2026-04-27 14:26:07,181 [INFO] STEP 2 — DATA PREPROCESSING & QUALITY CONTROL
2026-04-27 14:26:07,181 [INFO] ============================================================
2026-04-27 14:26:12,028 [INFO] 
--- Tumor preprocessing ---
2026-04-27 14:26:12,175 [INFO]   [tumor] Replaced 1463479 zeros and 0 negatives with NaN.
2026-04-27 14:26:12,444 [INFO]   [tumor] log2(x+1) applied. Range: [0.004, 20.450]
2026-04-27 14:26:14,672 [WARNING]   [tumor] No common samples — trying TCGA ID truncation.
2026-04-27 14:26:14,711 [INFO]   [tumor] Retained 510 common samples.
2026-04-27 14:26:14,720 [INFO]   [tumor] Sample count OK: 510 >= 50.
2026-04-27 14:26:14,721 [INFO] 
--- Normal preprocessing ---
2026-04-27 14:26:15,261 [INFO]   [normal] Replaced 21868568 zeros and 0 negatives with NaN.
2026-04-27 14:26:16,442 [INFO]   [normal] log2(x+1) applied. Range: [0.000, 16.393]
2026-04-27 14:26:19,521 [INFO]   [normal] Retained 604 common samples.
2026-04-27 14:26:19,526 [INFO]   [normal] Sample count OK: 604 >= 50.
2026-04-27 14:26:19,526 [INFO] 
Generating QC plots …
2026-04-27 14:26:42,987 [INFO] 
============================================================
2026-04-27 14:26:42,987 [INFO] STEP 2 SUMMARY
2026-04-27 14:26:42,987 [INFO] ============================================================
2026-04-27 14:26:42,988 [INFO]   Tumor  expr :  16570 genes x  510 samples
2026-04-27 14:26:42,988 [INFO]   Normal expr :  21159 genes x  604 samples
2026-04-27 14:26:42,988 [INFO] STEP 2 COMPLETE
2026-04-27 14:26:43,038 [INFO] <<< Step 2  — Preprocessing DONE (37.3s)
2026-04-27 14:26:43,038 [INFO] >>> Step 3  — Harmonization
2026-04-27 14:26:43,040 [INFO] ============================================================
2026-04-27 14:26:43,041 [INFO] STEP 3 — GENE ID HARMONIZATION
2026-04-27 14:26:43,041 [INFO] ============================================================
2026-04-27 14:26:46,511 [WARNING]   [tumor] Dropping 1 invalid symbols.
2026-04-27 14:26:46,569 [INFO]   Common genes: 10986
2026-04-27 14:26:46,575 [INFO]   LCGene retained: 438 / 517 (84.7%)
2026-04-27 14:26:46,575 [WARNING]   LCGene genes lost: ABCB4, AKR1B10, ASCL1, BCL2L14, BPIFA1, BRINP1, BRSK2, C20ORF85, CA9, CASC1, CCKBR, CDX2, CHGA, CHRNA1, CHRNA5, CHRNA9, CLCA2, CLDN2, CSMD1, CYP2C19, CYP2C9, DLK1, DLX5, DPYSL5, DRD2, DSC3, ECE2, ELAVL2, EPHA7, FAM83A, FUT6, FZD9, GABRA3, GATA4, GPR87, HMGA2, HNF4A, HOXB9, IGF2BP3, INSM1, KCNH1, KCNJ3, KIF14, KIF5A, KLK6, KRT81, LEP, LGSN, MAGEA1, MAGEA6, MAGEC1, MMP13, MYO18B, NOV, NR0B1, NR1I2, NRXN1, OPCML, PAEP, PAX5, PITX2, PRAME, PTPRH, RGS17, SCGN, SERPINB4, SERPINB5, T, TERT, TF, TFAP2A, TFAP2B, TRIM31, TRPM8, UGT1A6, VIL1, VTCN1, WISP1, XDH
2026-04-27 14:27:00,986 [INFO]   Common genes: 10986
2026-04-27 14:27:00,986 [INFO] STEP 3 COMPLETE
2026-04-27 14:27:00,992 [INFO] <<< Step 3  — Harmonization DONE (18.0s)
2026-04-27 14:27:00,992 [INFO] >>> Step 4  — Differential expr
2026-04-27 14:27:01,097 [INFO] ============================================================
2026-04-27 14:27:01,097 [INFO] STEP 4 — DIFFERENTIAL EXPRESSION
2026-04-27 14:27:01,097 [INFO] ============================================================
2026-04-27 14:27:03,047 [INFO]   Tumor: (10986, 510)  Normal: (10986, 604)
2026-04-27 14:27:03,180 [INFO]   Running Welch t-test for 10986 genes …
2026-04-27 14:27:06,780 [INFO]   Significant at FDR<=0.001: 10882
2026-04-27 14:27:07,531 [INFO]   Up: 9700  Down: 15  NS: 1271
2026-04-27 14:27:07,532 [INFO] STEP 4 COMPLETE
2026-04-27 14:27:07,538 [INFO] <<< Step 4  — Differential expr DONE (6.5s)
2026-04-27 14:27:07,538 [INFO] >>> Step 5  — Expr features
2026-04-27 14:27:07,541 [INFO] ============================================================
2026-04-27 14:27:07,541 [INFO] STEP 5 — EXPRESSION FEATURE CONSTRUCTION
2026-04-27 14:27:07,541 [INFO] ============================================================
2026-04-27 14:27:09,590 [INFO]   Computing stats for [tumor] ((10986, 510)) …
2026-04-27 14:27:18,105 [INFO]   Computing stats for [normal] ((10986, 604)) …
2026-04-27 14:27:26,614 [INFO]   [expression_features] Validated. Shape: (10986, 29)
2026-04-27 14:27:27,351 [INFO]   Expression features: (10986, 29)
2026-04-27 14:27:27,351 [INFO] STEP 5 COMPLETE
2026-04-27 14:27:27,357 [INFO] <<< Step 5  — Expr features DONE (19.8s)
2026-04-27 14:27:27,357 [INFO] >>> Step 6  — Co-expr network
2026-04-27 14:27:27,635 [INFO] ============================================================
2026-04-27 14:27:27,636 [INFO] STEP 6 — CO-EXPRESSION NETWORK CONSTRUCTION
2026-04-27 14:27:27,636 [INFO] ============================================================
2026-04-27 14:27:28,530 [INFO]   Matrix: 10986 genes x 510 samples | cutoff |r|>=0.6
2026-04-27 14:27:29,738 [INFO]   Chunk 10/22 edges so far: 86,077 (1.2s)
2026-04-27 14:27:30,646 [INFO]   Chunk 20/22 edges so far: 109,749 (2.1s)
2026-04-27 14:27:30,851 [INFO]   Chunk 22/22 edges so far: 110,508 (2.3s)
2026-04-27 14:27:30,906 [INFO]   Total edges: 110,508
2026-04-27 14:27:34,704 [INFO]   Graph: 4,977 nodes, 110,508 edges
2026-04-27 14:27:37,773 [INFO]   Runtime: 2.5s
2026-04-27 14:27:37,774 [INFO] STEP 6 COMPLETE
2026-04-27 14:27:37,779 [INFO] <<< Step 6  — Co-expr network DONE (10.4s)
2026-04-27 14:27:37,779 [INFO] >>> Step 7  — Network features
2026-04-27 14:27:37,783 [INFO] ============================================================
2026-04-27 14:27:37,783 [INFO] STEP 7 — NETWORK FEATURE EXTRACTION
2026-04-27 14:27:37,784 [INFO] ============================================================
2026-04-27 14:27:39,692 [INFO]   Graph: 10,986 nodes, 110,508 edges
2026-04-27 14:27:39,697 [INFO]   Extracting degree features …
2026-04-27 14:27:39,752 [INFO]   Extracting average neighbour degree …
2026-04-27 14:27:39,798 [INFO]   Betweenness centrality (n=10,986) …
2026-04-27 14:27:51,445 [INFO]   Closeness centrality …
2026-04-27 14:28:51,016 [INFO]   Eigenvector centrality …
2026-04-27 14:28:53,099 [INFO]   Clustering coefficient …
2026-04-27 14:29:11,655 [INFO]   Edge weight statistics …
2026-04-27 14:29:11,888 [INFO]   Component features …
2026-04-27 14:29:11,926 [INFO]   All features extracted in 92.2s
2026-04-27 14:29:13,015 [INFO]   Network features: (10986, 13)
2026-04-27 14:29:13,015 [INFO] STEP 7 COMPLETE
2026-04-27 14:29:13,017 [INFO] <<< Step 7  — Network features DONE (95.2s)
2026-04-27 14:29:13,018 [INFO] >>> Step 8  — Feature integration
2026-04-27 14:29:13,360 [INFO] ============================================================
2026-04-27 14:29:13,360 [INFO] STEP 8 — FEATURE INTEGRATION
2026-04-27 14:29:13,360 [INFO] ============================================================
2026-04-27 14:29:13,424 [INFO]   Expression: (10986, 29)  Network: (10986, 13)
2026-04-27 14:29:13,430 [INFO]   Concatenated: (10986, 42)
2026-04-27 14:29:13,436 [INFO]   Removed 6 collinear features: ['weighted_degree', 'component_size', 'min_edge_weight', 'tumor_median', 'normal_median', 't_stat']
2026-04-27 14:29:13,437 [INFO]   Features after collinearity removal: 36
2026-04-27 14:29:13,476 [INFO]   Highly correlated pairs (|r|>=0.95): 9
2026-04-27 14:29:13,903 [INFO]   Differential network features added: 15 columns (coverage: 10,986/10,986 genes)
2026-04-27 14:29:14,746 [INFO]   Integrated features: (10986, 51)
2026-04-27 14:29:14,746 [INFO] STEP 8 COMPLETE
2026-04-27 14:29:14,748 [INFO] <<< Step 8  — Feature integration DONE (1.7s)
2026-04-27 14:29:14,748 [INFO] >>> Step 9  — Label construction
2026-04-27 14:29:14,750 [INFO] ============================================================
2026-04-27 14:29:14,751 [INFO] STEP 9 — LABEL CONSTRUCTION
2026-04-27 14:29:14,751 [INFO] ============================================================
2026-04-27 14:29:14,838 [INFO]   LCGene symbols: 517
2026-04-27 14:29:14,841 [INFO]   Total: 10986  Positive (known LCGene): 438 (3.99%)  Unlabeled: 10548
2026-04-27 14:29:14,842 [INFO]   [PU framing] Negatives are UNLABELED — not confirmed non-cancer genes.
2026-04-27 14:29:15,060 [INFO]   LCGene genes unmatched: 79
2026-04-27 14:29:15,060 [INFO] STEP 9 COMPLETE
2026-04-27 14:29:15,061 [INFO] <<< Step 9  — Label construction DONE (0.3s)
2026-04-27 14:29:15,061 [INFO] >>> Step 10 — Train/val split
2026-04-27 14:29:15,063 [INFO] ============================================================
2026-04-27 14:29:15,064 [INFO] STEP 10 — TRAIN/VALIDATION SPLIT
2026-04-27 14:29:15,064 [INFO] ============================================================
2026-04-27 14:29:15,142 [INFO]   Features: (10986, 51)  Labels: 10986
2026-04-27 14:29:15,150 [INFO]   Train: 8788 (pos=350)  Val: 2198 (pos=88)
2026-04-27 14:29:16,636 [INFO] STEP 10 COMPLETE
2026-04-27 14:29:16,638 [INFO] <<< Step 10 — Train/val split DONE (1.6s)
2026-04-27 14:29:16,639 [INFO] >>> Step 11 — Model training
2026-04-27 14:29:16,734 [INFO] ============================================================
2026-04-27 14:29:16,735 [INFO] STEP 11 — MODEL TRAINING
2026-04-27 14:29:16,735 [INFO] ============================================================
2026-04-27 14:29:16,866 [INFO]   X_train: (8788, 51)  pos=350
2026-04-27 14:29:16,937 [INFO]   XGBoost added (scale_pos_weight=24.1)
2026-04-27 14:29:17,150 [INFO]   SMOTE enabled (imbalanced-learn found).
2026-04-27 14:29:17,151 [INFO]   Random undersampling enabled (imbalanced-learn found).
2026-04-27 14:29:17,151 [INFO] 
  [random_forest] CV ...
2026-04-27 14:29:21,172 [INFO]     Fold 1 AUROC=0.9127 AUPRC=0.2409 F1=0.3371 MCC=0.3114
2026-04-27 14:29:24,812 [INFO]     Fold 2 AUROC=0.8947 AUPRC=0.2557 F1=0.2766 MCC=0.2476
2026-04-27 14:29:28,805 [INFO]     Fold 3 AUROC=0.9188 AUPRC=0.2960 F1=0.3956 MCC=0.3757
2026-04-27 14:29:32,735 [INFO]     Fold 4 AUROC=0.9268 AUPRC=0.3262 F1=0.4194 MCC=0.4029
2026-04-27 14:29:36,470 [INFO]     Fold 5 AUROC=0.9090 AUPRC=0.2475 F1=0.3077 MCC=0.2783
2026-04-27 14:29:36,470 [INFO]   [random_forest] AUROC=0.9124±0.0107  AUPRC=0.2732±0.0327  F1=0.3473±0.0533  MCC=0.3232±0.0582
2026-04-27 14:29:38,473 [INFO] 
  [gradient_boosting] CV ...
2026-04-27 14:29:45,902 [INFO]     Fold 1 AUROC=0.9140 AUPRC=0.2773 F1=0.3471 MCC=0.3442
2026-04-27 14:29:53,016 [INFO]     Fold 2 AUROC=0.8979 AUPRC=0.2833 F1=0.3268 MCC=0.3260
2026-04-27 14:30:00,424 [INFO]     Fold 3 AUROC=0.9145 AUPRC=0.3477 F1=0.3304 MCC=0.3199
2026-04-27 14:30:07,686 [INFO]     Fold 4 AUROC=0.9290 AUPRC=0.3578 F1=0.3849 MCC=0.3875
2026-04-27 14:30:15,208 [INFO]     Fold 5 AUROC=0.9125 AUPRC=0.2953 F1=0.3619 MCC=0.3484
2026-04-27 14:30:15,208 [INFO]   [gradient_boosting] AUROC=0.9136±0.0099  AUPRC=0.3123±0.0337  F1=0.3502±0.0214  MCC=0.3452±0.0237
2026-04-27 14:30:19,929 [INFO] 
  [logistic_regression] CV ...
2026-04-27 14:30:23,059 [INFO]     Fold 1 AUROC=0.9220 AUPRC=0.3124 F1=0.2864 MCC=0.3445
2026-04-27 14:30:25,483 [INFO]     Fold 2 AUROC=0.8872 AUPRC=0.2521 F1=0.2650 MCC=0.2970
2026-04-27 14:30:27,909 [INFO]     Fold 3 AUROC=0.9230 AUPRC=0.3087 F1=0.2864 MCC=0.3445
2026-04-27 14:30:30,470 [INFO]     Fold 4 AUROC=0.9239 AUPRC=0.3650 F1=0.2698 MCC=0.3148
2026-04-27 14:30:33,264 [INFO]     Fold 5 AUROC=0.9055 AUPRC=0.2627 F1=0.2941 MCC=0.3299
2026-04-27 14:30:33,265 [INFO]   [logistic_regression] AUROC=0.9123±0.0143  AUPRC=0.3002±0.0403  F1=0.2803±0.0110  MCC=0.3261±0.0183
2026-04-27 14:30:35,337 [INFO] 
  [extra_trees] CV ...
2026-04-27 14:30:36,290 [INFO]     Fold 1 AUROC=0.9162 AUPRC=0.2658 F1=0.3333 MCC=0.3045
2026-04-27 14:30:37,255 [INFO]     Fold 2 AUROC=0.8959 AUPRC=0.2536 F1=0.2945 MCC=0.2638
2026-04-27 14:30:38,233 [INFO]     Fold 3 AUROC=0.9186 AUPRC=0.2947 F1=0.3758 MCC=0.3502
2026-04-27 14:30:39,218 [INFO]     Fold 4 AUROC=0.9194 AUPRC=0.3041 F1=0.3660 MCC=0.3387
2026-04-27 14:30:40,214 [INFO]     Fold 5 AUROC=0.9036 AUPRC=0.2371 F1=0.2740 MCC=0.2428
2026-04-27 14:30:40,215 [INFO]   [extra_trees] AUROC=0.9107±0.0094  AUPRC=0.2711±0.0250  F1=0.3287±0.0395  MCC=0.3000±0.0415
2026-04-27 14:30:41,182 [INFO] 
  [xgboost] CV ...
2026-04-27 14:30:41,872 [INFO]     Fold 1 AUROC=0.9105 AUPRC=0.2791 F1=0.2887 MCC=0.3275
2026-04-27 14:30:42,309 [INFO]     Fold 2 AUROC=0.8915 AUPRC=0.2780 F1=0.2768 MCC=0.3083
2026-04-27 14:30:42,754 [INFO]     Fold 3 AUROC=0.9066 AUPRC=0.3090 F1=0.2959 MCC=0.3289
2026-04-27 14:30:43,205 [INFO]     Fold 4 AUROC=0.9268 AUPRC=0.3314 F1=0.3022 MCC=0.3375
2026-04-27 14:30:43,655 [INFO]     Fold 5 AUROC=0.9028 AUPRC=0.2427 F1=0.3050 MCC=0.3320
2026-04-27 14:30:43,655 [INFO]   [xgboost] AUROC=0.9076±0.0115  AUPRC=0.2881±0.0302  F1=0.2937±0.0102  MCC=0.3268±0.0099
2026-04-27 14:30:44,043 [INFO] 
All models trained in 87.1s
2026-04-27 14:30:44,044 [INFO]   Best: gradient_boosting (AUPRC=0.3123)
2026-04-27 14:30:44,068 [INFO]   Best model (gradient_boosting, already calibrated) saved as best_model.joblib
2026-04-27 14:30:44,270 [INFO] STEP 11 COMPLETE
2026-04-27 14:30:44,294 [INFO] <<< Step 11 — Model training DONE (87.7s)
2026-04-27 14:30:44,294 [INFO] >>> Step 12 — Model evaluation
2026-04-27 14:30:44,297 [INFO] ============================================================
2026-04-27 14:30:44,298 [INFO] STEP 12 — MODEL EVALUATION
2026-04-27 14:30:44,298 [INFO] ============================================================
2026-04-27 14:30:44,336 [INFO]   Val: 2198 genes  pos=88
2026-04-27 14:30:44,723 [INFO]   [extra_trees           ] AUROC=0.9121 AUPRC=0.3802 F1@0.50=0.1075 MCC@0.50=0.2338 [oracle F1@0.15=0.4161] R@100=0.3977 P@100=0.3500
2026-04-27 14:30:44,751 [INFO]   [gradient_boosting     ] AUROC=0.9163 AUPRC=0.3414 F1@0.50=0.3034 MCC@0.50=0.2879 [oracle F1@0.11=0.4286] R@100=0.3750 P@100=0.3300
2026-04-27 14:30:44,771 [INFO]   [logistic_regression   ] AUROC=0.8946 AUPRC=0.2881 F1@0.50=0.1165 MCC@0.50=0.1522 [oracle F1@0.17=0.3582] R@100=0.3636 P@100=0.3200
2026-04-27 14:30:44,883 [INFO]   [random_forest         ] AUROC=0.6268 AUPRC=0.1967 F1@0.50=0.2545 MCC@0.50=0.3059 [oracle F1@0.04=0.3137] R@100=0.2955 P@100=0.2600
2026-04-27 14:30:44,910 [INFO]   [xgboost               ] AUROC=0.9160 AUPRC=0.3647 F1@0.50=0.3034 MCC@0.50=0.2879 [oracle F1@0.12=0.4103] R@100=0.4091 P@100=0.3600
2026-04-27 14:30:44,934 [INFO]   [ensemble_soft_vote    ] AUROC=0.9152 AUPRC=0.3772 F1@0.50=0.2655 MCC@0.50=0.3064 [oracle F1@0.14=0.4286] R@100=0.4318 P@100=0.3800
2026-04-27 14:30:44,980 [INFO]   Classification reports saved to: C:\Users\rahma\Downloads\gloom updated\trial\outputs\results\classification_reports
2026-04-27 14:30:45,758 [INFO]   Confusion matrix grid saved: eval_confusion_matrices.png
2026-04-27 14:30:46,232 [INFO]   Multi-threshold confusion matrices saved: eval_confusion_multithreshold.png
2026-04-27 14:30:46,549 [INFO] STEP 12 COMPLETE
2026-04-27 14:30:46,586 [INFO] <<< Step 12 — Model evaluation DONE (2.3s)
2026-04-27 14:30:46,586 [INFO] >>> Step 13 — Feature importance
2026-04-27 14:30:46,601 [INFO] ============================================================
2026-04-27 14:30:46,602 [INFO] STEP 13 — FEATURE IMPORTANCE
2026-04-27 14:30:46,602 [INFO] ============================================================
2026-04-27 14:30:47,009 [INFO]   [gradient_boosting] Permutation importance (n_repeats=10) …
2026-04-27 14:30:49,821 [INFO]   Top 5: {'tumor_std': 0.999999999972656, 'tumor_iqr': 0.3066048155427526, 'normal_std': 0.2527796185778753, 'tumor_mean': 0.22341506515845777, 'normal_skewness': 0.20023562329177721}
2026-04-27 14:30:49,962 [INFO]   Feature importance shape: (51, 5)
2026-04-27 14:30:49,963 [INFO]   Top feature: tumor_std (1.0000)
2026-04-27 14:30:49,963 [INFO] STEP 13 COMPLETE
2026-04-27 14:30:49,984 [INFO] <<< Step 13 — Feature importance DONE (3.4s)
2026-04-27 14:30:49,984 [INFO] >>> Step 14 — Gene ranking
2026-04-27 14:30:49,987 [INFO] ============================================================
2026-04-27 14:30:49,987 [INFO] STEP 14 — GENE PREDICTION & RANKING
2026-04-27 14:30:49,987 [INFO] ============================================================
2026-04-27 14:30:50,106 [INFO]   Scoring 10,986 genes …
2026-04-27 14:30:50,184 [INFO]   Total: 10,986  Novel candidates (prob>=0.7): 48  Sensitivity list (prob>=0.5): 99
2026-04-27 14:30:50,184 [INFO]   Median positive (known) rank: 258
2026-04-27 14:30:50,184 [INFO]   Positive (known) in top-50:  47  top-100: 94  top-200: 177  top-500: 335
2026-04-27 14:30:50,184 [INFO]   Recall@50=0.1073  Recall@100=0.2146  Recall@200=0.4041  Recall@500=0.7648
2026-04-27 14:30:50,185 [INFO]   Precision@50=0.9400  Precision@100=0.9400
2026-04-27 14:30:50,599 [INFO]   High-confidence novel candidates saved: 48 genes (prob>=0.7)
2026-04-27 14:30:50,599 [INFO]   Sensitivity novel candidates saved:     99 genes (prob>=0.5)
2026-04-27 14:30:50,601 [INFO]   Query gene rankings saved: 0 genes
2026-04-27 14:30:50,602 [INFO] STEP 14 COMPLETE
2026-04-27 14:30:50,603 [INFO] <<< Step 14 — Gene ranking DONE (0.6s)
2026-04-27 14:30:50,604 [INFO] >>> Step 15 — Network annotation
2026-04-27 14:30:50,606 [INFO] ============================================================
2026-04-27 14:30:50,606 [INFO] STEP 15 — NETWORK ANNOTATION
2026-04-27 14:30:50,606 [INFO] ============================================================
2026-04-27 14:30:52,563 [INFO]   Graph: 10,986 nodes, 110,508 edges
2026-04-27 14:30:53,861 [INFO]   Positive edges: 108,468  Negative: 2,040
2026-04-27 14:31:00,165 [INFO]   LCGene nodes: 438  Novel: 48
2026-04-27 14:31:00,166 [INFO] STEP 15 COMPLETE
2026-04-27 14:31:00,181 [INFO] <<< Step 15 — Network annotation DONE (9.6s)
2026-04-27 14:31:00,182 [INFO] >>> Step 16 — Network export
2026-04-27 14:31:00,186 [INFO] ============================================================
2026-04-27 14:31:00,186 [INFO] STEP 16 — NETWORK EXPORT
2026-04-27 14:31:00,186 [INFO] ============================================================
2026-04-27 14:31:03,612 [INFO]   Graph: 10,986 nodes, 110,508 edges
2026-04-27 14:31:10,676 [INFO]   GraphML saved: C:\Users\rahma\Downloads\gloom updated\trial\outputs\results\network\exports/network_full.graphml
2026-04-27 14:31:16,989 [INFO]   Full network exports complete.
2026-04-27 14:31:17,012 [INFO]   [top100] 100 nodes, 34 edges
2026-04-27 14:31:17,139 [INFO]   [lcgene] 438 nodes, 925 edges
2026-04-27 14:31:17,150 [INFO]   [novel] 48 nodes, 2 edges
2026-04-27 14:31:17,439 [INFO]   [candidates] 706 nodes, 1581 edges
2026-04-27 14:31:22,831 [INFO] 
  Sub-networks:
2026-04-27 14:31:22,832 [INFO]     top100               nodes=  100  edges=     34
2026-04-27 14:31:22,832 [INFO]     lcgene               nodes=  438  edges=    925
2026-04-27 14:31:22,832 [INFO]     novel                nodes=   48  edges=      2
2026-04-27 14:31:22,832 [INFO]     candidates           nodes=  706  edges=  1,581
2026-04-27 14:31:22,832 [INFO] STEP 16 COMPLETE
2026-04-27 14:31:22,853 [INFO] <<< Step 16 — Network export DONE (22.7s)
2026-04-27 14:31:22,854 [INFO] >>> Step 17 — Visualization
2026-04-27 14:31:23,021 [INFO] ============================================================
2026-04-27 14:31:23,021 [INFO] STEP 17 — INTERACTIVE VISUALIZATION
2026-04-27 14:31:23,022 [INFO] ============================================================
2026-04-27 14:31:23,236 [INFO] [1] Volcano …
2026-04-27 14:31:23,660 [INFO]   Volcano saved: C:\Users\rahma\Downloads\gloom updated\trial\outputs\figures\interactive_volcano.html
2026-04-27 14:31:23,661 [INFO] [2] Ranking …
2026-04-27 14:31:23,922 [INFO]   Ranking plot saved: C:\Users\rahma\Downloads\gloom updated\trial\outputs\figures\interactive_ranking.html
2026-04-27 14:31:23,923 [INFO] [3] Network …
2026-04-27 14:31:24,053 [INFO]   Network plot saved: C:\Users\rahma\Downloads\gloom updated\trial\outputs\figures\interactive_network.html
2026-04-27 14:31:24,053 [INFO] [4] Feature importance …
2026-04-27 14:31:24,098 [INFO]   Feature importance saved: C:\Users\rahma\Downloads\gloom updated\trial\outputs\figures\interactive_feature_importance.html
2026-04-27 14:31:24,098 [INFO] [5] KEGG pathways …
2026-04-27 14:31:24,411 [INFO]   KEGG plot saved: C:\Users\rahma\Downloads\gloom updated\trial\outputs\figures\interactive_kegg.html
2026-04-27 14:31:24,411 [INFO] [6] Dashboard …
2026-04-27 14:31:24,513 [INFO]   Combined dashboard saved: C:\Users\rahma\Downloads\gloom updated\trial\outputs\figures\interactive_dashboard.html
2026-04-27 14:31:24,515 [INFO] STEP 17 COMPLETE
2026-04-27 14:31:24,520 [INFO] <<< Step 17 — Visualization DONE (1.7s)
2026-04-27 14:31:24,520 [INFO] >>> Step 18 — Final report
2026-04-27 14:31:24,523 [INFO] ============================================================
2026-04-27 14:31:24,523 [INFO] STEP 18 — FINAL OUTPUTS & REPORTING
2026-04-27 14:31:24,523 [INFO] ============================================================
2026-04-27 14:31:24,524 [INFO] [1] Building summary table …
2026-04-27 14:31:24,821 [INFO]   Summary table: (10986, 29)
2026-04-27 14:31:24,821 [INFO] [2] Building text report …
2026-04-27 14:31:24,844 [ERROR]   Report failed: 'mcc'
2026-04-27 14:31:24,844 [INFO] [3] Building summary figure …
2026-04-27 14:31:25,600 [INFO]   Summary figure (PNG) saved: C:\Users\rahma\Downloads\gloom updated\trial\outputs\results\reports\pipeline_summary_figure.png
2026-04-27 14:31:26,408 [INFO]   Summary figure (PDF) saved: C:\Users\rahma\Downloads\gloom updated\trial\outputs\results\reports\pipeline_summary_figure.pdf
2026-04-27 14:31:26,410 [INFO] [4] Writing master runner …
2026-04-27 14:31:26,411 [INFO]   Master runner saved: C:\Users\rahma\Downloads\gloom updated\trial\LUAD_ML_Pipeline\run_pipeline.py
2026-04-27 14:31:26,411 [INFO] ============================================================
2026-04-27 14:31:26,411 [INFO] STEP 18 SUMMARY
2026-04-27 14:31:26,411 [INFO] ============================================================
2026-04-27 14:31:26,412 [INFO]   Summary table: C:\Users\rahma\Downloads\gloom updated\trial\outputs\results\reports/pipeline_summary_table.csv
2026-04-27 14:31:26,412 [INFO]   Text report  : C:\Users\rahma\Downloads\gloom updated\trial\outputs\results\reports/pipeline_report.txt
2026-04-27 14:31:26,412 [INFO]   Summary fig  : C:\Users\rahma\Downloads\gloom updated\trial\outputs\results\reports/pipeline_summary_figure.png
2026-04-27 14:31:26,412 [INFO]   Master runner: C:\Users\rahma\Downloads\gloom updated\trial\LUAD_ML_Pipeline\run_pipeline.py
2026-04-27 14:31:26,412 [INFO] 
2026-04-27 14:31:26,413 [INFO]   Key deliverables:
2026-04-27 14:31:26,413 [INFO]     Gene rankings    : C:\Users\rahma\Downloads\gloom updated\trial\outputs\results\gene_rankings.csv
2026-04-27 14:31:26,413 [INFO]     Novel candidates : C:\Users\rahma\Downloads\gloom updated\trial\outputs\results/novel_candidates.csv
2026-04-27 14:31:26,413 [INFO]     Dashboard        : C:\Users\rahma\Downloads\gloom updated\trial\outputs\figures/interactive_dashboard.html
2026-04-27 14:31:26,413 [INFO] STEP 18 COMPLETE
2026-04-27 14:31:26,414 [INFO] <<< Step 18 — Final report DONE (1.9s)
2026-04-27 14:31:26,414 [INFO] ======================================================================
2026-04-27 14:31:26,414 [INFO] EXECUTION SUMMARY
2026-04-27 14:31:26,414 [INFO] ======================================================================
2026-04-27 14:31:26,414 [INFO]   [OK] Step 0  — Config                                  0.0s
2026-04-27 14:31:26,414 [INFO]   [OK] Step 1  — Data loading                           36.1s
2026-04-27 14:31:26,415 [INFO]   [OK] Step 2  — Preprocessing                          37.3s
2026-04-27 14:31:26,415 [INFO]   [OK] Step 3  — Harmonization                          18.0s
2026-04-27 14:31:26,415 [INFO]   [OK] Step 4  — Differential expr                       6.5s
2026-04-27 14:31:26,415 [INFO]   [OK] Step 5  — Expr features                          19.8s
2026-04-27 14:31:26,415 [INFO]   [OK] Step 6  — Co-expr network                        10.4s
2026-04-27 14:31:26,415 [INFO]   [OK] Step 7  — Network features                       95.2s
2026-04-27 14:31:26,416 [INFO]   [OK] Step 8  — Feature integration                     1.7s
2026-04-27 14:31:26,416 [INFO]   [OK] Step 9  — Label construction                      0.3s
2026-04-27 14:31:26,416 [INFO]   [OK] Step 10 — Train/val split                         1.6s
2026-04-27 14:31:26,416 [INFO]   [OK] Step 11 — Model training                         87.7s
2026-04-27 14:31:26,416 [INFO]   [OK] Step 12 — Model evaluation                        2.3s
2026-04-27 14:31:26,416 [INFO]   [OK] Step 13 — Feature importance                      3.4s
2026-04-27 14:31:26,417 [INFO]   [OK] Step 14 — Gene ranking                            0.6s
2026-04-27 14:31:26,417 [INFO]   [OK] Step 15 — Network annotation                      9.6s
2026-04-27 14:31:26,417 [INFO]   [OK] Step 16 — Network export                         22.7s
2026-04-27 14:31:26,417 [INFO]   [OK] Step 17 — Visualization                           1.7s
2026-04-27 14:31:26,417 [INFO]   [OK] Step 18 — Final report                            1.9s
2026-04-27 14:31:26,417 [INFO]   Total: 356.8s (5.9 min)
2026-04-27 14:31:26,417 [INFO]   Pipeline COMPLETE.
2026-04-27 14:31:26,417 [INFO] ======================================================================
2026-04-27 14:40:53,369 [INFO] ======================================================================
2026-04-27 14:40:53,369 [INFO] LUAD ML PIPELINE — FULL RUN
2026-04-27 14:40:53,371 [INFO] ======================================================================
2026-04-27 14:40:53,371 [INFO] >>> Step 0  — Config
2026-04-27 14:40:53,371 [INFO] <<< Step 0  — Config DONE (0.0s)
2026-04-27 14:40:53,372 [INFO] >>> Step 1  — Data loading
2026-04-27 14:40:53,743 [INFO] ============================================================
2026-04-27 14:40:53,744 [INFO] STEP 1 — DATA LOADING
2026-04-27 14:40:53,744 [INFO] ============================================================
2026-04-27 14:40:53,745 [INFO] Loading tumor expression from: C:\Users\rahma\Downloads\gloom updated\trial\data\raw\cBioPortal (RNA Seq Data)\data_mrna_seq_v2_rsem.txt
2026-04-27 14:40:55,354 [INFO]   Raw shape: (20531, 512)
2026-04-27 14:40:55,458 [WARNING]   19 duplicate gene symbols found — keeping highest-mean row.
2026-04-27 14:40:55,586 [INFO]   Final shape: (20512, 510)
2026-04-27 14:40:55,586 [INFO] Loading tumor metadata from: C:\Users\rahma\Downloads\gloom updated\trial\data\raw\cBioPortal (RNA Seq Data)\data_clinical_patient.txt
2026-04-27 14:40:55,602 [INFO]   Raw shape: (566, 38)
2026-04-27 14:40:55,605 [INFO]   Final shape: (566, 35)
2026-04-27 14:40:55,605 [INFO] Loading normal expression from: C:\Users\rahma\Downloads\gloom updated\trial\data\raw\Gtex (normal samples)\gene_tpm_v11_lung.gct.gz
2026-04-27 14:40:55,607 [INFO]   GCT version line : #1.2
2026-04-27 14:40:55,607 [INFO]   GCT dimension line: 74628	604
2026-04-27 14:41:02,293 [INFO]   Raw shape (after preamble skip): (74628, 606)
2026-04-27 14:41:02,593 [WARNING]   1307 duplicate gene symbols — keeping highest-mean row.
2026-04-27 14:41:03,112 [INFO]   Final shape: (73321, 604)
2026-04-27 14:41:03,113 [INFO] Loading normal metadata from: C:\Users\rahma\Downloads\gloom updated\trial\data\raw\Gtex (normal samples)\GTEx_Analysis_v11_Annotations_SampleAttributesDS - LUAD.txt
2026-04-27 14:41:03,148 [INFO]   Raw shape: (1892, 119)  (all assay types)
2026-04-27 14:41:03,156 [INFO]   Retaining 11 QC columns: ['SAMPID', 'SMTS', 'SMTSD', 'SMRIN', 'SMATSSCR', 'SMRDTTL', 'SMMAPRT', 'SMRRNART', 'SMRDLGTH', 'SMNABTCHT', 'SMGEBTCHT']
2026-04-27 14:41:03,157 [INFO]   SMRIN  (RNA integrity) : mean=7.17  min=3.5  max=9.7
2026-04-27 14:41:03,158 [INFO]   SMATSSCR (autolysis)   : {0.0: 43, 1.0: 410, 2.0: 128, 3.0: 10}
2026-04-27 14:41:03,158 [INFO]   SMMAPRT  (map rate)    : mean=0.9836  min=0.8003
2026-04-27 14:41:03,158 [INFO]   Final shape: (604, 10)  (604 RNA-seq samples × 10 QC columns)
2026-04-27 14:41:03,158 [INFO] Loading labeled LUAD gene list from: C:\Users\rahma\Downloads\gloom updated\trial\data\raw\LCGene (Labeled LUAD Data)\LCGene_human_LUAD_filtered.tsv
2026-04-27 14:41:03,163 [INFO]   Raw shape: (517, 10)
2026-04-27 14:41:03,164 [INFO]   Unique labeled LUAD genes loaded: 517
2026-04-27 14:41:03,169 [INFO]   Full LCGene table saved to: C:\Users\rahma\Downloads\gloom updated\trial\data\processed\lcgene_luad_full.csv
2026-04-27 14:41:03,170 [INFO] 
Saving raw-loaded files to processed directory …
2026-04-27 14:41:27,870 [INFO] 
============================================================
2026-04-27 14:41:27,870 [INFO] STEP 1 SUMMARY
2026-04-27 14:41:27,871 [INFO] ============================================================
2026-04-27 14:41:27,871 [INFO]   Tumor expression   :  20512 genes  x  510 samples
2026-04-27 14:41:27,871 [INFO]   Normal expression  :  73321 genes  x  604 samples
2026-04-27 14:41:27,871 [INFO]   Normal metadata    :    604 RNA-seq samples  x  10 QC columns
2026-04-27 14:41:27,871 [INFO]   Labeled LUAD genes :    517 unique gene symbols (LCGene)
2026-04-27 14:41:27,871 [INFO] STEP 1 COMPLETE
2026-04-27 14:41:27,898 [INFO] <<< Step 1  — Data loading DONE (34.5s)
2026-04-27 14:41:27,899 [INFO] >>> Step 2  — Preprocessing
2026-04-27 14:41:29,055 [INFO] ============================================================
2026-04-27 14:41:29,055 [INFO] STEP 2 — DATA PREPROCESSING & QUALITY CONTROL
2026-04-27 14:41:29,055 [INFO] ============================================================
2026-04-27 14:41:33,212 [INFO] 
--- Tumor preprocessing ---
2026-04-27 14:41:33,318 [INFO]   [tumor] Replaced 1463479 zeros and 0 negatives with NaN.
2026-04-27 14:41:33,539 [INFO]   [tumor] log2(x+1) applied. Range: [0.004, 20.450]
2026-04-27 14:41:35,268 [WARNING]   [tumor] No common samples — trying TCGA ID truncation.
2026-04-27 14:41:35,297 [INFO]   [tumor] Retained 510 common samples.
2026-04-27 14:41:35,304 [INFO]   [tumor] Sample count OK: 510 >= 50.
2026-04-27 14:41:35,304 [INFO] 
--- Normal preprocessing ---
2026-04-27 14:41:35,726 [INFO]   [normal] Replaced 21868568 zeros and 0 negatives with NaN.
2026-04-27 14:41:36,742 [INFO]   [normal] log2(x+1) applied. Range: [0.000, 16.393]
2026-04-27 14:41:39,191 [INFO]   [normal] Retained 604 common samples.
2026-04-27 14:41:39,196 [INFO]   [normal] Sample count OK: 604 >= 50.
2026-04-27 14:41:39,197 [INFO] 
Generating QC plots …
2026-04-27 14:41:58,156 [INFO] 
============================================================
2026-04-27 14:41:58,156 [INFO] STEP 2 SUMMARY
2026-04-27 14:41:58,156 [INFO] ============================================================
2026-04-27 14:41:58,156 [INFO]   Tumor  expr :  16570 genes x  510 samples
2026-04-27 14:41:58,157 [INFO]   Normal expr :  21159 genes x  604 samples
2026-04-27 14:41:58,157 [INFO] STEP 2 COMPLETE
2026-04-27 14:41:58,190 [INFO] <<< Step 2  — Preprocessing DONE (30.3s)
2026-04-27 14:41:58,191 [INFO] >>> Step 3  — Harmonization
2026-04-27 14:41:58,193 [INFO] ============================================================
2026-04-27 14:41:58,193 [INFO] STEP 3 — GENE ID HARMONIZATION
2026-04-27 14:41:58,193 [INFO] ============================================================
2026-04-27 14:42:00,980 [WARNING]   [tumor] Dropping 1 invalid symbols.
2026-04-27 14:42:01,040 [INFO]   Common genes: 10986
2026-04-27 14:42:01,045 [INFO]   LCGene retained: 438 / 517 (84.7%)
2026-04-27 14:42:01,045 [WARNING]   LCGene genes lost: ABCB4, AKR1B10, ASCL1, BCL2L14, BPIFA1, BRINP1, BRSK2, C20ORF85, CA9, CASC1, CCKBR, CDX2, CHGA, CHRNA1, CHRNA5, CHRNA9, CLCA2, CLDN2, CSMD1, CYP2C19, CYP2C9, DLK1, DLX5, DPYSL5, DRD2, DSC3, ECE2, ELAVL2, EPHA7, FAM83A, FUT6, FZD9, GABRA3, GATA4, GPR87, HMGA2, HNF4A, HOXB9, IGF2BP3, INSM1, KCNH1, KCNJ3, KIF14, KIF5A, KLK6, KRT81, LEP, LGSN, MAGEA1, MAGEA6, MAGEC1, MMP13, MYO18B, NOV, NR0B1, NR1I2, NRXN1, OPCML, PAEP, PAX5, PITX2, PRAME, PTPRH, RGS17, SCGN, SERPINB4, SERPINB5, T, TERT, TF, TFAP2A, TFAP2B, TRIM31, TRPM8, UGT1A6, VIL1, VTCN1, WISP1, XDH
2026-04-27 14:42:12,435 [INFO]   Common genes: 10986
2026-04-27 14:42:12,437 [INFO] STEP 3 COMPLETE
2026-04-27 14:42:12,442 [INFO] <<< Step 3  — Harmonization DONE (14.3s)
2026-04-27 14:42:12,442 [INFO] >>> Step 4  — Differential expr
2026-04-27 14:42:12,580 [INFO] ============================================================
2026-04-27 14:42:12,580 [INFO] STEP 4 — DIFFERENTIAL EXPRESSION
2026-04-27 14:42:12,581 [INFO] ============================================================
2026-04-27 14:42:14,255 [INFO]   Tumor: (10986, 510)  Normal: (10986, 604)
2026-04-27 14:42:14,353 [INFO]   Running Welch t-test for 10986 genes …
2026-04-27 14:42:17,146 [INFO]   Significant at FDR<=0.001: 10882
2026-04-27 14:42:17,783 [INFO]   Up: 9700  Down: 15  NS: 1271
2026-04-27 14:42:17,783 [INFO] STEP 4 COMPLETE
2026-04-27 14:42:17,791 [INFO] <<< Step 4  — Differential expr DONE (5.3s)
2026-04-27 14:42:17,791 [INFO] >>> Step 5  — Expr features
2026-04-27 14:42:17,794 [INFO] ============================================================
2026-04-27 14:42:17,794 [INFO] STEP 5 — EXPRESSION FEATURE CONSTRUCTION
2026-04-27 14:42:17,794 [INFO] ============================================================
2026-04-27 14:42:19,498 [INFO]   Computing stats for [tumor] ((10986, 510)) …
2026-04-27 14:42:26,373 [INFO]   Computing stats for [normal] ((10986, 604)) …
2026-04-27 14:42:33,197 [INFO]   [expression_features] Validated. Shape: (10986, 29)
2026-04-27 14:42:33,868 [INFO]   Expression features: (10986, 29)
2026-04-27 14:42:33,868 [INFO] STEP 5 COMPLETE
2026-04-27 14:42:33,873 [INFO] <<< Step 5  — Expr features DONE (16.1s)
2026-04-27 14:42:33,874 [INFO] >>> Step 6  — Co-expr network
2026-04-27 14:42:34,082 [INFO] ============================================================
2026-04-27 14:42:34,082 [INFO] STEP 6 — CO-EXPRESSION NETWORK CONSTRUCTION
2026-04-27 14:42:34,082 [INFO] ============================================================
2026-04-27 14:42:34,859 [INFO]   Matrix: 10986 genes x 510 samples | cutoff |r|>=0.6
2026-04-27 14:42:35,893 [INFO]   Chunk 10/22 edges so far: 86,077 (1.0s)
2026-04-27 14:42:36,922 [INFO]   Chunk 20/22 edges so far: 109,749 (2.0s)
2026-04-27 14:42:37,136 [INFO]   Chunk 22/22 edges so far: 110,508 (2.2s)
2026-04-27 14:42:37,187 [INFO]   Total edges: 110,508
2026-04-27 14:42:40,254 [INFO]   Graph: 4,977 nodes, 110,508 edges
2026-04-27 14:42:42,869 [INFO]   Runtime: 2.4s
2026-04-27 14:42:42,869 [INFO] STEP 6 COMPLETE
2026-04-27 14:42:42,873 [INFO] <<< Step 6  — Co-expr network DONE (9.0s)
2026-04-27 14:42:42,874 [INFO] >>> Step 7  — Network features
2026-04-27 14:42:42,876 [INFO] ============================================================
2026-04-27 14:42:42,876 [INFO] STEP 7 — NETWORK FEATURE EXTRACTION
2026-04-27 14:42:42,877 [INFO] ============================================================
2026-04-27 14:42:44,542 [INFO]   Graph: 10,986 nodes, 110,508 edges
2026-04-27 14:42:44,546 [INFO]   Extracting degree features …
2026-04-27 14:42:44,594 [INFO]   Extracting average neighbour degree …
2026-04-27 14:42:44,622 [INFO]   Betweenness centrality (n=10,986) …
2026-04-27 14:42:55,059 [INFO]   Closeness centrality …
2026-04-27 14:43:50,840 [INFO]   Eigenvector centrality …
2026-04-27 14:43:52,771 [INFO]   Clustering coefficient …
2026-04-27 14:44:12,657 [INFO]   Edge weight statistics …
2026-04-27 14:44:13,023 [INFO]   Component features …
2026-04-27 14:44:13,070 [INFO]   All features extracted in 88.5s
2026-04-27 14:44:14,732 [INFO]   Network features: (10986, 13)
2026-04-27 14:44:14,732 [INFO] STEP 7 COMPLETE
2026-04-27 14:44:14,734 [INFO] <<< Step 7  — Network features DONE (91.9s)
2026-04-27 14:44:14,734 [INFO] >>> Step 8  — Feature integration
2026-04-27 14:44:15,118 [INFO] ============================================================
2026-04-27 14:44:15,118 [INFO] STEP 8 — FEATURE INTEGRATION
2026-04-27 14:44:15,118 [INFO] ============================================================
2026-04-27 14:44:15,218 [INFO]   Expression: (10986, 29)  Network: (10986, 13)
2026-04-27 14:44:15,239 [INFO]   Concatenated: (10986, 42)
2026-04-27 14:44:15,268 [INFO]   Removed 6 collinear features: ['weighted_degree', 'component_size', 'min_edge_weight', 'tumor_median', 'normal_median', 't_stat']
2026-04-27 14:44:15,268 [INFO]   Features after collinearity removal: 36
2026-04-27 14:44:15,328 [INFO]   Highly correlated pairs (|r|>=0.95): 9
2026-04-27 14:44:15,786 [INFO]   Differential network features added: 15 columns (coverage: 10,986/10,986 genes)
2026-04-27 14:44:16,994 [INFO]   Integrated features: (10986, 51)
2026-04-27 14:44:16,994 [INFO] STEP 8 COMPLETE
2026-04-27 14:44:16,997 [INFO] <<< Step 8  — Feature integration DONE (2.3s)
2026-04-27 14:44:16,998 [INFO] >>> Step 9  — Label construction
2026-04-27 14:44:17,000 [INFO] ============================================================
2026-04-27 14:44:17,001 [INFO] STEP 9 — LABEL CONSTRUCTION
2026-04-27 14:44:17,001 [INFO] ============================================================
2026-04-27 14:44:17,156 [INFO]   LCGene symbols: 517
2026-04-27 14:44:17,160 [INFO]   Total: 10986  Positive (known LCGene): 438 (3.99%)  Unlabeled: 10548
2026-04-27 14:44:17,160 [INFO]   [PU framing] Negatives are UNLABELED — not confirmed non-cancer genes.
2026-04-27 14:44:17,440 [INFO]   LCGene genes unmatched: 79
2026-04-27 14:44:17,440 [INFO] STEP 9 COMPLETE
2026-04-27 14:44:17,442 [INFO] <<< Step 9  — Label construction DONE (0.4s)
2026-04-27 14:44:17,442 [INFO] >>> Step 10 — Train/val split
2026-04-27 14:44:17,445 [INFO] ============================================================
2026-04-27 14:44:17,445 [INFO] STEP 10 — TRAIN/VALIDATION SPLIT
2026-04-27 14:44:17,445 [INFO] ============================================================
2026-04-27 14:44:17,567 [INFO]   Features: (10986, 51)  Labels: 10986
2026-04-27 14:44:17,585 [INFO]   Train: 8788 (pos=350)  Val: 2198 (pos=88)
2026-04-27 14:44:19,571 [INFO] STEP 10 COMPLETE
2026-04-27 14:44:19,574 [INFO] <<< Step 10 — Train/val split DONE (2.1s)
2026-04-27 14:44:19,574 [INFO] >>> Step 11 — Model training
2026-04-27 14:44:19,719 [INFO] ============================================================
2026-04-27 14:44:19,720 [INFO] STEP 11 — MODEL TRAINING
2026-04-27 14:44:19,720 [INFO] ============================================================
2026-04-27 14:44:19,867 [INFO]   X_train: (8788, 51)  pos=350
2026-04-27 14:44:19,932 [INFO]   XGBoost added (scale_pos_weight=24.1)
2026-04-27 14:44:20,182 [INFO]   SMOTE enabled (imbalanced-learn found).
2026-04-27 14:44:20,182 [INFO]   Random undersampling enabled (imbalanced-learn found).
2026-04-27 14:44:20,182 [INFO] 
  [random_forest] CV ...
2026-04-27 14:44:24,805 [INFO]     Fold 1 AUROC=0.9127 AUPRC=0.2409 F1=0.3371 MCC=0.3114
2026-04-27 14:44:28,817 [INFO]     Fold 2 AUROC=0.8947 AUPRC=0.2557 F1=0.2766 MCC=0.2476
2026-04-27 14:44:33,060 [INFO]     Fold 3 AUROC=0.9188 AUPRC=0.2960 F1=0.3956 MCC=0.3757
2026-04-27 14:44:37,281 [INFO]     Fold 4 AUROC=0.9268 AUPRC=0.3262 F1=0.4194 MCC=0.4029
2026-04-27 14:44:41,212 [INFO]     Fold 5 AUROC=0.9090 AUPRC=0.2475 F1=0.3077 MCC=0.2783
2026-04-27 14:44:41,212 [INFO]   [random_forest] AUROC=0.9124±0.0107  AUPRC=0.2732±0.0327  F1=0.3473±0.0533  MCC=0.3232±0.0582
2026-04-27 14:44:43,038 [INFO] 
  [gradient_boosting] CV ...
2026-04-27 14:44:51,306 [INFO]     Fold 1 AUROC=0.9140 AUPRC=0.2773 F1=0.3471 MCC=0.3442
2026-04-27 14:44:59,495 [INFO]     Fold 2 AUROC=0.8979 AUPRC=0.2833 F1=0.3268 MCC=0.3260
2026-04-27 14:45:07,643 [INFO]     Fold 3 AUROC=0.9145 AUPRC=0.3477 F1=0.3304 MCC=0.3199
2026-04-27 14:45:15,535 [INFO]     Fold 4 AUROC=0.9290 AUPRC=0.3578 F1=0.3849 MCC=0.3875
2026-04-27 14:45:23,379 [INFO]     Fold 5 AUROC=0.9125 AUPRC=0.2953 F1=0.3619 MCC=0.3484
2026-04-27 14:45:23,379 [INFO]   [gradient_boosting] AUROC=0.9136±0.0099  AUPRC=0.3123±0.0337  F1=0.3502±0.0214  MCC=0.3452±0.0237
2026-04-27 14:45:27,132 [INFO] 
  [logistic_regression] CV ...
2026-04-27 14:45:30,646 [INFO]     Fold 1 AUROC=0.9143 AUPRC=0.3041 F1=0.2831 MCC=0.3358
2026-04-27 14:45:33,204 [INFO]     Fold 2 AUROC=0.8826 AUPRC=0.2507 F1=0.2617 MCC=0.2938
2026-04-27 14:45:35,773 [INFO]     Fold 3 AUROC=0.9177 AUPRC=0.3142 F1=0.2748 MCC=0.3278
2026-04-27 14:45:38,522 [INFO]     Fold 4 AUROC=0.9247 AUPRC=0.3577 F1=0.2878 MCC=0.3348
2026-04-27 14:45:41,425 [INFO]     Fold 5 AUROC=0.9032 AUPRC=0.2673 F1=0.2909 MCC=0.3296
2026-04-27 14:45:41,425 [INFO]   [logistic_regression] AUROC=0.9085±0.0147  AUPRC=0.2988±0.0375  F1=0.2797±0.0105  MCC=0.3244±0.0156
2026-04-27 14:45:43,491 [INFO] 
  [extra_trees] CV ...
2026-04-27 14:45:44,510 [INFO]     Fold 1 AUROC=0.9162 AUPRC=0.2658 F1=0.3333 MCC=0.3045
2026-04-27 14:45:45,491 [INFO]     Fold 2 AUROC=0.8959 AUPRC=0.2536 F1=0.2945 MCC=0.2638
2026-04-27 14:45:46,460 [INFO]     Fold 3 AUROC=0.9186 AUPRC=0.2947 F1=0.3758 MCC=0.3502
2026-04-27 14:45:47,421 [INFO]     Fold 4 AUROC=0.9194 AUPRC=0.3041 F1=0.3660 MCC=0.3387
2026-04-27 14:45:48,474 [INFO]     Fold 5 AUROC=0.9036 AUPRC=0.2371 F1=0.2740 MCC=0.2428
2026-04-27 14:45:48,475 [INFO]   [extra_trees] AUROC=0.9107±0.0094  AUPRC=0.2711±0.0250  F1=0.3287±0.0395  MCC=0.3000±0.0415
2026-04-27 14:45:49,305 [INFO] 
  [xgboost] CV ...
2026-04-27 14:45:50,002 [INFO]     Fold 1 AUROC=0.9105 AUPRC=0.2791 F1=0.2887 MCC=0.3275
2026-04-27 14:45:50,470 [INFO]     Fold 2 AUROC=0.8915 AUPRC=0.2780 F1=0.2768 MCC=0.3083
2026-04-27 14:45:50,932 [INFO]     Fold 3 AUROC=0.9066 AUPRC=0.3090 F1=0.2959 MCC=0.3289
2026-04-27 14:45:51,414 [INFO]     Fold 4 AUROC=0.9268 AUPRC=0.3314 F1=0.3022 MCC=0.3375
2026-04-27 14:45:51,930 [INFO]     Fold 5 AUROC=0.9028 AUPRC=0.2427 F1=0.3050 MCC=0.3320
2026-04-27 14:45:51,930 [INFO]   [xgboost] AUROC=0.9076±0.0115  AUPRC=0.2881±0.0302  F1=0.2937±0.0102  MCC=0.3268±0.0099
2026-04-27 14:45:52,358 [INFO] 
All models trained in 92.4s
2026-04-27 14:45:52,359 [INFO]   Best: gradient_boosting (AUPRC=0.3123)
2026-04-27 14:45:52,389 [INFO]   Best model (gradient_boosting, already calibrated) saved as best_model.joblib
2026-04-27 14:45:52,612 [INFO] STEP 11 COMPLETE
2026-04-27 14:45:52,636 [INFO] <<< Step 11 — Model training DONE (93.1s)
2026-04-27 14:45:52,637 [INFO] >>> Step 12 — Model evaluation
2026-04-27 14:45:52,640 [INFO] ============================================================
2026-04-27 14:45:52,641 [INFO] STEP 12 — MODEL EVALUATION
2026-04-27 14:45:52,641 [INFO] ============================================================
2026-04-27 14:45:52,693 [INFO]   Val: 2198 genes  pos=88
2026-04-27 14:45:53,064 [INFO]   [extra_trees           ] AUROC=0.9139 AUPRC=0.3690 F1@0.50=0.0851 MCC@0.50=0.1672 [oracle F1@0.08=0.4157] R@100=0.4205 P@100=0.3700
2026-04-27 14:45:53,093 [INFO]   [gradient_boosting     ] AUROC=0.9150 AUPRC=0.3456 F1@0.50=0.1538 MCC@0.50=0.2009 [oracle F1@0.18=0.4267] R@100=0.3750 P@100=0.3300
2026-04-27 14:45:53,112 [INFO]   [logistic_regression   ] AUROC=0.9054 AUPRC=0.3369 F1@0.50=0.0638 MCC@0.50=0.1228 [oracle F1@0.19=0.4327] R@100=0.4545 P@100=0.4000
2026-04-27 14:45:53,223 [INFO]   [random_forest         ] AUROC=0.9098 AUPRC=0.3450 F1@0.50=0.2162 MCC@0.50=0.2527 [oracle F1@0.08=0.4219] R@100=0.4091 P@100=0.3600
2026-04-27 14:45:53,253 [INFO]   [xgboost               ] AUROC=0.9164 AUPRC=0.3445 F1@0.50=0.0860 MCC@0.50=0.1851 [oracle F1@0.23=0.4211] R@100=0.4318 P@100=0.3800
2026-04-27 14:45:53,280 [INFO]   [ensemble_soft_vote    ] AUROC=0.9199 AUPRC=0.3914 F1@0.50=0.1263 MCC@0.50=0.2356 [oracle F1@0.13=0.4454] R@100=0.4205 P@100=0.3700
2026-04-27 14:45:53,314 [INFO]   Classification reports saved to: C:\Users\rahma\Downloads\gloom updated\trial\outputs\results\classification_reports
2026-04-27 14:45:54,129 [INFO]   Confusion matrix grid saved: eval_confusion_matrices.png
2026-04-27 14:45:54,640 [INFO]   Multi-threshold confusion matrices saved: eval_confusion_multithreshold.png
2026-04-27 14:45:54,927 [INFO] STEP 12 COMPLETE
2026-04-27 14:45:54,937 [INFO] <<< Step 12 — Model evaluation DONE (2.3s)
2026-04-27 14:45:54,937 [INFO] >>> Step 13 — Feature importance
2026-04-27 14:45:54,946 [INFO] ============================================================
2026-04-27 14:45:54,946 [INFO] STEP 13 — FEATURE IMPORTANCE
2026-04-27 14:45:54,947 [INFO] ============================================================
2026-04-27 14:45:55,244 [INFO]   [gradient_boosting] Permutation importance (n_repeats=10) …
2026-04-27 14:45:58,167 [INFO]   Top 5: {'tumor_std': 0.9999999999794258, 'normal_std': 0.3604250462534843, 'normal_skewness': 0.24146527938870993, 'tumor_cv': 0.2220301609944458, 'tumor_mean_rank': 0.21380846324727124}
2026-04-27 14:45:58,301 [INFO]   Feature importance shape: (51, 5)
2026-04-27 14:45:58,302 [INFO]   Top feature: tumor_std (1.0000)
2026-04-27 14:45:58,302 [INFO] STEP 13 COMPLETE
2026-04-27 14:45:58,313 [INFO] <<< Step 13 — Feature importance DONE (3.4s)
2026-04-27 14:45:58,314 [INFO] >>> Step 14 — Gene ranking
2026-04-27 14:45:58,317 [INFO] ============================================================
2026-04-27 14:45:58,317 [INFO] STEP 14 — GENE PREDICTION & RANKING
2026-04-27 14:45:58,317 [INFO] ============================================================
2026-04-27 14:45:58,466 [INFO]   Scoring 10,986 genes …
2026-04-27 14:45:58,534 [INFO]   Total: 10,986  Novel candidates (prob>=0.7): 0  Sensitivity list (prob>=0.5): 15
2026-04-27 14:45:58,534 [INFO]   Median positive (known) rank: 264
2026-04-27 14:45:58,534 [INFO]   Positive (known) in top-50:  48  top-100: 90  top-200: 174  top-500: 322
2026-04-27 14:45:58,534 [INFO]   Recall@50=0.1096  Recall@100=0.2055  Recall@200=0.3973  Recall@500=0.7352
2026-04-27 14:45:58,535 [INFO]   Precision@50=0.9600  Precision@100=0.9000
2026-04-27 14:45:59,038 [INFO]   High-confidence novel candidates saved: 0 genes (prob>=0.7)
2026-04-27 14:45:59,039 [INFO]   Sensitivity novel candidates saved:     15 genes (prob>=0.5)
2026-04-27 14:45:59,040 [INFO]   Query gene rankings saved: 0 genes
2026-04-27 14:45:59,042 [INFO] STEP 14 COMPLETE
2026-04-27 14:45:59,044 [INFO] <<< Step 14 — Gene ranking DONE (0.7s)
2026-04-27 14:45:59,044 [INFO] >>> Step 15 — Network annotation
2026-04-27 14:45:59,047 [INFO] ============================================================
2026-04-27 14:45:59,047 [INFO] STEP 15 — NETWORK ANNOTATION
2026-04-27 14:45:59,047 [INFO] ============================================================
2026-04-27 14:46:01,114 [INFO]   Graph: 10,986 nodes, 110,508 edges
2026-04-27 14:46:02,431 [INFO]   Positive edges: 108,468  Negative: 2,040
2026-04-27 14:46:07,891 [INFO]   LCGene nodes: 438  Novel: 0
2026-04-27 14:46:07,891 [INFO] STEP 15 COMPLETE
2026-04-27 14:46:07,912 [INFO] <<< Step 15 — Network annotation DONE (8.9s)
2026-04-27 14:46:07,913 [INFO] >>> Step 16 — Network export
2026-04-27 14:46:07,916 [INFO] ============================================================
2026-04-27 14:46:07,916 [INFO] STEP 16 — NETWORK EXPORT
2026-04-27 14:46:07,917 [INFO] ============================================================
2026-04-27 14:46:11,330 [INFO]   Graph: 10,986 nodes, 110,508 edges
2026-04-27 14:46:17,669 [INFO]   GraphML saved: C:\Users\rahma\Downloads\gloom updated\trial\outputs\results\network\exports/network_full.graphml
2026-04-27 14:46:22,735 [INFO]   Full network exports complete.
2026-04-27 14:46:22,759 [INFO]   [top100] 100 nodes, 75 edges
2026-04-27 14:46:22,852 [INFO]   [lcgene] 438 nodes, 925 edges
2026-04-27 14:46:23,128 [INFO]   [candidates] 694 nodes, 2111 edges
2026-04-27 14:46:28,077 [INFO] 
  Sub-networks:
2026-04-27 14:46:28,077 [INFO]     top100               nodes=  100  edges=     75
2026-04-27 14:46:28,077 [INFO]     lcgene               nodes=  438  edges=    925
2026-04-27 14:46:28,077 [INFO]     novel                nodes=    0  edges=      0
2026-04-27 14:46:28,077 [INFO]     candidates           nodes=  694  edges=  2,111
2026-04-27 14:46:28,078 [INFO] STEP 16 COMPLETE
2026-04-27 14:46:28,101 [INFO] <<< Step 16 — Network export DONE (20.2s)
2026-04-27 14:46:28,101 [INFO] >>> Step 17 — Visualization
2026-04-27 14:46:28,671 [INFO] ============================================================
2026-04-27 14:46:28,671 [INFO] STEP 17 — INTERACTIVE VISUALIZATION
2026-04-27 14:46:28,671 [INFO] ============================================================
2026-04-27 14:46:28,849 [INFO] [1] Volcano …
2026-04-27 14:46:29,268 [INFO]   Volcano saved: C:\Users\rahma\Downloads\gloom updated\trial\outputs\figures\interactive_volcano.html
2026-04-27 14:46:29,268 [INFO] [2] Ranking …
2026-04-27 14:46:29,557 [INFO]   Ranking plot saved: C:\Users\rahma\Downloads\gloom updated\trial\outputs\figures\interactive_ranking.html
2026-04-27 14:46:29,558 [INFO] [3] Network …
2026-04-27 14:46:29,926 [INFO]   Network plot saved: C:\Users\rahma\Downloads\gloom updated\trial\outputs\figures\interactive_network.html
2026-04-27 14:46:29,927 [INFO] [4] Feature importance …
2026-04-27 14:46:29,974 [INFO]   Feature importance saved: C:\Users\rahma\Downloads\gloom updated\trial\outputs\figures\interactive_feature_importance.html
2026-04-27 14:46:29,974 [INFO] [5] KEGG pathways …
2026-04-27 14:46:30,033 [INFO]   KEGG plot saved: C:\Users\rahma\Downloads\gloom updated\trial\outputs\figures\interactive_kegg.html
2026-04-27 14:46:30,033 [INFO] [6] Dashboard …
2026-04-27 14:46:30,124 [INFO]   Combined dashboard saved: C:\Users\rahma\Downloads\gloom updated\trial\outputs\figures\interactive_dashboard.html
2026-04-27 14:46:30,127 [INFO] STEP 17 COMPLETE
2026-04-27 14:46:30,131 [INFO] <<< Step 17 — Visualization DONE (2.0s)
2026-04-27 14:46:30,131 [INFO] >>> Step 18 — Final report
2026-04-27 14:46:30,134 [INFO] ============================================================
2026-04-27 14:46:30,134 [INFO] STEP 18 — FINAL OUTPUTS & REPORTING
2026-04-27 14:46:30,134 [INFO] ============================================================
2026-04-27 14:46:30,135 [INFO] [1] Building summary table …
2026-04-27 14:46:30,432 [INFO]   Summary table: (10986, 29)
2026-04-27 14:46:30,432 [INFO] [2] Building text report …
2026-04-27 14:46:30,460 [ERROR]   Report failed: 'mcc'
2026-04-27 14:46:30,461 [INFO] [3] Building summary figure …
2026-04-27 14:46:31,290 [INFO]   Summary figure (PNG) saved: C:\Users\rahma\Downloads\gloom updated\trial\outputs\results\reports\pipeline_summary_figure.png
2026-04-27 14:46:32,187 [INFO]   Summary figure (PDF) saved: C:\Users\rahma\Downloads\gloom updated\trial\outputs\results\reports\pipeline_summary_figure.pdf
2026-04-27 14:46:32,188 [INFO] [4] Writing master runner …
2026-04-27 14:46:32,189 [INFO]   Master runner saved: C:\Users\rahma\Downloads\gloom updated\trial\LUAD_ML_Pipeline\run_pipeline.py
2026-04-27 14:46:32,190 [INFO] ============================================================
2026-04-27 14:46:32,190 [INFO] STEP 18 SUMMARY
2026-04-27 14:46:32,190 [INFO] ============================================================
2026-04-27 14:46:32,190 [INFO]   Summary table: C:\Users\rahma\Downloads\gloom updated\trial\outputs\results\reports/pipeline_summary_table.csv
2026-04-27 14:46:32,191 [INFO]   Text report  : C:\Users\rahma\Downloads\gloom updated\trial\outputs\results\reports/pipeline_report.txt
2026-04-27 14:46:32,191 [INFO]   Summary fig  : C:\Users\rahma\Downloads\gloom updated\trial\outputs\results\reports/pipeline_summary_figure.png
2026-04-27 14:46:32,191 [INFO]   Master runner: C:\Users\rahma\Downloads\gloom updated\trial\LUAD_ML_Pipeline\run_pipeline.py
2026-04-27 14:46:32,191 [INFO] 
2026-04-27 14:46:32,191 [INFO]   Key deliverables:
2026-04-27 14:46:32,191 [INFO]     Gene rankings    : C:\Users\rahma\Downloads\gloom updated\trial\outputs\results\gene_rankings.csv
2026-04-27 14:46:32,192 [INFO]     Novel candidates : C:\Users\rahma\Downloads\gloom updated\trial\outputs\results/novel_candidates.csv
2026-04-27 14:46:32,192 [INFO]     Dashboard        : C:\Users\rahma\Downloads\gloom updated\trial\outputs\figures/interactive_dashboard.html
2026-04-27 14:46:32,192 [INFO] STEP 18 COMPLETE
2026-04-27 14:46:32,192 [INFO] <<< Step 18 — Final report DONE (2.1s)
2026-04-27 14:46:32,192 [INFO] ======================================================================
2026-04-27 14:46:32,192 [INFO] EXECUTION SUMMARY
2026-04-27 14:46:32,193 [INFO] ======================================================================
2026-04-27 14:46:32,193 [INFO]   [OK] Step 0  — Config                                  0.0s
2026-04-27 14:46:32,193 [INFO]   [OK] Step 1  — Data loading                           34.5s
2026-04-27 14:46:32,193 [INFO]   [OK] Step 2  — Preprocessing                          30.3s
2026-04-27 14:46:32,193 [INFO]   [OK] Step 3  — Harmonization                          14.3s
2026-04-27 14:46:32,193 [INFO]   [OK] Step 4  — Differential expr                       5.3s
2026-04-27 14:46:32,193 [INFO]   [OK] Step 5  — Expr features                          16.1s
2026-04-27 14:46:32,193 [INFO]   [OK] Step 6  — Co-expr network                         9.0s
2026-04-27 14:46:32,194 [INFO]   [OK] Step 7  — Network features                       91.9s
2026-04-27 14:46:32,194 [INFO]   [OK] Step 8  — Feature integration                     2.3s
2026-04-27 14:46:32,194 [INFO]   [OK] Step 9  — Label construction                      0.4s
2026-04-27 14:46:32,194 [INFO]   [OK] Step 10 — Train/val split                         2.1s
2026-04-27 14:46:32,194 [INFO]   [OK] Step 11 — Model training                         93.1s
2026-04-27 14:46:32,194 [INFO]   [OK] Step 12 — Model evaluation                        2.3s
2026-04-27 14:46:32,194 [INFO]   [OK] Step 13 — Feature importance                      3.4s
2026-04-27 14:46:32,194 [INFO]   [OK] Step 14 — Gene ranking                            0.7s
2026-04-27 14:46:32,196 [INFO]   [OK] Step 15 — Network annotation                      8.9s
2026-04-27 14:46:32,196 [INFO]   [OK] Step 16 — Network export                         20.2s
2026-04-27 14:46:32,196 [INFO]   [OK] Step 17 — Visualization                           2.0s
2026-04-27 14:46:32,196 [INFO]   [OK] Step 18 — Final report                            2.1s
2026-04-27 14:46:32,196 [INFO]   Total: 338.8s (5.6 min)
2026-04-27 14:46:32,196 [INFO]   Pipeline COMPLETE.
2026-04-27 14:46:32,196 [INFO] ======================================================================
2026-04-27 14:54:06,315 [INFO] ======================================================================
2026-04-27 14:54:06,315 [INFO] LUAD ML PIPELINE — FULL RUN
2026-04-27 14:54:06,315 [INFO] ======================================================================
2026-04-27 14:54:06,316 [INFO] >>> Step 0  — Config
2026-04-27 14:54:06,316 [INFO] <<< Step 0  — Config DONE (0.0s)
2026-04-27 14:54:06,317 [INFO] >>> Step 1  — Data loading
2026-04-27 14:54:06,845 [INFO] ============================================================
2026-04-27 14:54:06,846 [INFO] STEP 1 — DATA LOADING
2026-04-27 14:54:06,846 [INFO] ============================================================
2026-04-27 14:54:06,847 [INFO] Loading tumor expression from: C:\Users\rahma\Downloads\gloom updated\trial\data\raw\cBioPortal (RNA Seq Data)\data_mrna_seq_v2_rsem.txt
2026-04-27 14:54:08,729 [INFO]   Raw shape: (20531, 512)
2026-04-27 14:54:08,864 [WARNING]   19 duplicate gene symbols found — keeping highest-mean row.
2026-04-27 14:54:08,984 [INFO]   Final shape: (20512, 510)
2026-04-27 14:54:08,984 [INFO] Loading tumor metadata from: C:\Users\rahma\Downloads\gloom updated\trial\data\raw\cBioPortal (RNA Seq Data)\data_clinical_patient.txt
2026-04-27 14:54:08,990 [INFO]   Raw shape: (566, 38)
2026-04-27 14:54:08,992 [INFO]   Final shape: (566, 35)
2026-04-27 14:54:08,992 [INFO] Loading normal expression from: C:\Users\rahma\Downloads\gloom updated\trial\data\raw\Gtex (normal samples)\gene_tpm_v11_lung.gct.gz
2026-04-27 14:54:08,995 [INFO]   GCT version line : #1.2
2026-04-27 14:54:08,995 [INFO]   GCT dimension line: 74628	604
2026-04-27 14:54:21,677 [INFO]   Raw shape (after preamble skip): (74628, 606)
2026-04-27 14:54:22,127 [WARNING]   1307 duplicate gene symbols — keeping highest-mean row.
2026-04-27 14:54:22,858 [INFO]   Final shape: (73321, 604)
2026-04-27 14:54:22,858 [INFO] Loading normal metadata from: C:\Users\rahma\Downloads\gloom updated\trial\data\raw\Gtex (normal samples)\GTEx_Analysis_v11_Annotations_SampleAttributesDS - LUAD.txt
2026-04-27 14:54:22,900 [INFO]   Raw shape: (1892, 119)  (all assay types)
2026-04-27 14:54:22,917 [INFO]   Retaining 11 QC columns: ['SAMPID', 'SMTS', 'SMTSD', 'SMRIN', 'SMATSSCR', 'SMRDTTL', 'SMMAPRT', 'SMRRNART', 'SMRDLGTH', 'SMNABTCHT', 'SMGEBTCHT']
2026-04-27 14:54:22,919 [INFO]   SMRIN  (RNA integrity) : mean=7.17  min=3.5  max=9.7
2026-04-27 14:54:22,924 [INFO]   SMATSSCR (autolysis)   : {0.0: 43, 1.0: 410, 2.0: 128, 3.0: 10}
2026-04-27 14:54:22,924 [INFO]   SMMAPRT  (map rate)    : mean=0.9836  min=0.8003
2026-04-27 14:54:22,924 [INFO]   Final shape: (604, 10)  (604 RNA-seq samples × 10 QC columns)
2026-04-27 14:54:22,925 [INFO] Loading labeled LUAD gene list from: C:\Users\rahma\Downloads\gloom updated\trial\data\raw\LCGene (Labeled LUAD Data)\LCGene_human_LUAD_filtered.tsv
2026-04-27 14:54:22,929 [INFO]   Raw shape: (517, 10)
2026-04-27 14:54:22,930 [INFO]   Unique labeled LUAD genes loaded: 517
2026-04-27 14:54:22,939 [INFO]   Full LCGene table saved to: C:\Users\rahma\Downloads\gloom updated\trial\data\processed\lcgene_luad_full.csv
2026-04-27 14:54:22,940 [INFO] 
Saving raw-loaded files to processed directory …
2026-04-27 14:55:02,136 [INFO] 
============================================================
2026-04-27 14:55:02,136 [INFO] STEP 1 SUMMARY
2026-04-27 14:55:02,136 [INFO] ============================================================
2026-04-27 14:55:02,136 [INFO]   Tumor expression   :  20512 genes  x  510 samples
2026-04-27 14:55:02,137 [INFO]   Normal expression  :  73321 genes  x  604 samples
2026-04-27 14:55:02,137 [INFO]   Normal metadata    :    604 RNA-seq samples  x  10 QC columns
2026-04-27 14:55:02,137 [INFO]   Labeled LUAD genes :    517 unique gene symbols (LCGene)
2026-04-27 14:55:02,137 [INFO] STEP 1 COMPLETE
2026-04-27 14:55:02,176 [INFO] <<< Step 1  — Data loading DONE (55.9s)
2026-04-27 14:55:02,177 [INFO] >>> Step 2  — Preprocessing
2026-04-27 14:55:04,079 [INFO] ============================================================
2026-04-27 14:55:04,079 [INFO] STEP 2 — DATA PREPROCESSING & QUALITY CONTROL
2026-04-27 14:55:04,079 [INFO] ============================================================
2026-04-27 14:55:09,766 [INFO] 
--- Tumor preprocessing ---
2026-04-27 14:55:09,957 [INFO]   [tumor] Replaced 1463479 zeros and 0 negatives with NaN.
2026-04-27 14:55:10,277 [INFO]   [tumor] log2(x+1) applied. Range: [0.004, 20.450]
2026-04-27 14:55:12,563 [WARNING]   [tumor] No common samples — trying TCGA ID truncation.
2026-04-27 14:55:12,594 [INFO]   [tumor] Retained 510 common samples.
2026-04-27 14:55:12,604 [INFO]   [tumor] Sample count OK: 510 >= 50.
2026-04-27 14:55:12,605 [INFO] 
--- Normal preprocessing ---
2026-04-27 14:55:13,079 [INFO]   [normal] Replaced 21868568 zeros and 0 negatives with NaN.
2026-04-27 14:55:14,470 [INFO]   [normal] log2(x+1) applied. Range: [0.000, 16.393]
2026-04-27 14:55:17,931 [INFO]   [normal] Retained 604 common samples.
2026-04-27 14:55:17,936 [INFO]   [normal] Sample count OK: 604 >= 50.
2026-04-27 14:55:17,937 [INFO] 
Generating QC plots …
2026-04-27 14:55:42,781 [INFO] 
============================================================
2026-04-27 14:55:42,781 [INFO] STEP 2 SUMMARY
2026-04-27 14:55:42,782 [INFO] ============================================================
2026-04-27 14:55:42,782 [INFO]   Tumor  expr :  16570 genes x  510 samples
2026-04-27 14:55:42,782 [INFO]   Normal expr :  21159 genes x  604 samples
2026-04-27 14:55:42,782 [INFO] STEP 2 COMPLETE
2026-04-27 14:55:42,818 [INFO] <<< Step 2  — Preprocessing DONE (40.6s)
2026-04-27 14:55:42,819 [INFO] >>> Step 3  — Harmonization
2026-04-27 14:55:42,823 [INFO] ============================================================
2026-04-27 14:55:42,823 [INFO] STEP 3 — GENE ID HARMONIZATION
2026-04-27 14:55:42,823 [INFO] ============================================================
2026-04-27 14:55:46,259 [WARNING]   [tumor] Dropping 1 invalid symbols.
2026-04-27 14:55:46,314 [INFO]   Common genes: 10986
2026-04-27 14:55:46,322 [INFO]   LCGene retained: 438 / 517 (84.7%)
2026-04-27 14:55:46,322 [WARNING]   LCGene genes lost: ABCB4, AKR1B10, ASCL1, BCL2L14, BPIFA1, BRINP1, BRSK2, C20ORF85, CA9, CASC1, CCKBR, CDX2, CHGA, CHRNA1, CHRNA5, CHRNA9, CLCA2, CLDN2, CSMD1, CYP2C19, CYP2C9, DLK1, DLX5, DPYSL5, DRD2, DSC3, ECE2, ELAVL2, EPHA7, FAM83A, FUT6, FZD9, GABRA3, GATA4, GPR87, HMGA2, HNF4A, HOXB9, IGF2BP3, INSM1, KCNH1, KCNJ3, KIF14, KIF5A, KLK6, KRT81, LEP, LGSN, MAGEA1, MAGEA6, MAGEC1, MMP13, MYO18B, NOV, NR0B1, NR1I2, NRXN1, OPCML, PAEP, PAX5, PITX2, PRAME, PTPRH, RGS17, SCGN, SERPINB4, SERPINB5, T, TERT, TF, TFAP2A, TFAP2B, TRIM31, TRPM8, UGT1A6, VIL1, VTCN1, WISP1, XDH
2026-04-27 14:56:01,333 [INFO]   Common genes: 10986
2026-04-27 14:56:01,333 [INFO] STEP 3 COMPLETE
2026-04-27 14:56:01,339 [INFO] <<< Step 3  — Harmonization DONE (18.5s)
2026-04-27 14:56:01,340 [INFO] >>> Step 4  — Differential expr
2026-04-27 14:56:01,491 [INFO] ============================================================
2026-04-27 14:56:01,491 [INFO] STEP 4 — DIFFERENTIAL EXPRESSION
2026-04-27 14:56:01,491 [INFO] ============================================================
2026-04-27 14:56:03,789 [INFO]   Tumor: (10986, 510)  Normal: (10986, 604)
2026-04-27 14:56:03,932 [INFO]   Running Welch t-test for 10986 genes …
2026-04-27 14:56:07,859 [INFO]   Significant at FDR<=0.001: 10882
2026-04-27 14:56:08,740 [INFO]   Up: 9700  Down: 15  NS: 1271
2026-04-27 14:56:08,740 [INFO] STEP 4 COMPLETE
2026-04-27 14:56:08,747 [INFO] <<< Step 4  — Differential expr DONE (7.4s)
2026-04-27 14:56:08,748 [INFO] >>> Step 5  — Expr features
2026-04-27 14:56:08,752 [INFO] ============================================================
2026-04-27 14:56:08,752 [INFO] STEP 5 — EXPRESSION FEATURE CONSTRUCTION
2026-04-27 14:56:08,752 [INFO] ============================================================
2026-04-27 14:56:10,867 [INFO]   Computing stats for [tumor] ((10986, 510)) …
2026-04-27 14:56:19,798 [INFO]   Computing stats for [normal] ((10986, 604)) …
2026-04-27 14:56:27,878 [INFO]   [expression_features] Validated. Shape: (10986, 29)
2026-04-27 14:56:28,628 [INFO]   Expression features: (10986, 29)
2026-04-27 14:56:28,629 [INFO] STEP 5 COMPLETE
2026-04-27 14:56:28,635 [INFO] <<< Step 5  — Expr features DONE (19.9s)
2026-04-27 14:56:28,635 [INFO] >>> Step 6  — Co-expr network
2026-04-27 14:56:28,963 [INFO] ============================================================
2026-04-27 14:56:28,964 [INFO] STEP 6 — CO-EXPRESSION NETWORK CONSTRUCTION
2026-04-27 14:56:28,964 [INFO] ============================================================
2026-04-27 14:56:29,898 [INFO]   Matrix: 10986 genes x 510 samples | cutoff |r|>=0.6
2026-04-27 14:56:30,906 [INFO]   Chunk 10/22 edges so far: 86,077 (1.0s)
2026-04-27 14:56:32,055 [INFO]   Chunk 20/22 edges so far: 109,749 (2.1s)
2026-04-27 14:56:32,291 [INFO]   Chunk 22/22 edges so far: 110,508 (2.4s)
2026-04-27 14:56:32,344 [INFO]   Total edges: 110,508
2026-04-27 14:56:35,970 [INFO]   Graph: 4,977 nodes, 110,508 edges
2026-04-27 14:56:39,397 [INFO]   Runtime: 2.6s
2026-04-27 14:56:39,398 [INFO] STEP 6 COMPLETE
2026-04-27 14:56:39,402 [INFO] <<< Step 6  — Co-expr network DONE (10.8s)
2026-04-27 14:56:39,403 [INFO] >>> Step 7  — Network features
2026-04-27 14:56:39,406 [INFO] ============================================================
2026-04-27 14:56:39,406 [INFO] STEP 7 — NETWORK FEATURE EXTRACTION
2026-04-27 14:56:39,406 [INFO] ============================================================
2026-04-27 14:56:41,366 [INFO]   Graph: 10,986 nodes, 110,508 edges
2026-04-27 14:56:41,370 [INFO]   Extracting degree features …
2026-04-27 14:56:41,426 [INFO]   Extracting average neighbour degree …
2026-04-27 14:56:41,462 [INFO]   Betweenness centrality (n=10,986) …
2026-04-27 14:56:53,635 [INFO]   Closeness centrality …
2026-04-27 14:57:58,502 [INFO]   Eigenvector centrality …
2026-04-27 14:58:00,705 [INFO]   Clustering coefficient …
2026-04-27 14:58:20,927 [INFO]   Edge weight statistics …
2026-04-27 14:58:21,187 [INFO]   Component features …
2026-04-27 14:58:21,223 [INFO]   All features extracted in 99.9s
2026-04-27 14:58:22,356 [INFO]   Network features: (10986, 13)
2026-04-27 14:58:22,357 [INFO] STEP 7 COMPLETE
2026-04-27 14:58:22,358 [INFO] <<< Step 7  — Network features DONE (103.0s)
2026-04-27 14:58:22,359 [INFO] >>> Step 8  — Feature integration
2026-04-27 14:58:22,711 [INFO] ============================================================
2026-04-27 14:58:22,712 [INFO] STEP 8 — FEATURE INTEGRATION
2026-04-27 14:58:22,712 [INFO] ============================================================
2026-04-27 14:58:22,794 [INFO]   Expression: (10986, 29)  Network: (10986, 13)
2026-04-27 14:58:22,800 [INFO]   Concatenated: (10986, 42)
2026-04-27 14:58:22,812 [INFO]   Removed 6 collinear features: ['weighted_degree', 'component_size', 'min_edge_weight', 'tumor_median', 'normal_median', 't_stat']
2026-04-27 14:58:22,812 [INFO]   Features after collinearity removal: 36
2026-04-27 14:58:22,854 [INFO]   Highly correlated pairs (|r|>=0.95): 9
2026-04-27 14:58:23,326 [INFO]   Differential network features added: 15 columns (coverage: 10,986/10,986 genes)
2026-04-27 14:58:24,290 [INFO]   Integrated features: (10986, 51)
2026-04-27 14:58:24,291 [INFO] STEP 8 COMPLETE
2026-04-27 14:58:24,294 [INFO] <<< Step 8  — Feature integration DONE (1.9s)
2026-04-27 14:58:24,294 [INFO] >>> Step 9  — Label construction
2026-04-27 14:58:24,297 [INFO] ============================================================
2026-04-27 14:58:24,297 [INFO] STEP 9 — LABEL CONSTRUCTION
2026-04-27 14:58:24,297 [INFO] ============================================================
2026-04-27 14:58:24,403 [INFO]   LCGene symbols: 517
2026-04-27 14:58:24,407 [INFO]   Total: 10986  Positive (known LCGene): 438 (3.99%)  Unlabeled: 10548
2026-04-27 14:58:24,407 [INFO]   [PU framing] Negatives are UNLABELED — not confirmed non-cancer genes.
2026-04-27 14:58:24,640 [INFO]   LCGene genes unmatched: 79
2026-04-27 14:58:24,640 [INFO] STEP 9 COMPLETE
2026-04-27 14:58:24,642 [INFO] <<< Step 9  — Label construction DONE (0.3s)
2026-04-27 14:58:24,642 [INFO] >>> Step 10 — Train/val split
2026-04-27 14:58:24,645 [INFO] ============================================================
2026-04-27 14:58:24,646 [INFO] STEP 10 — TRAIN/VALIDATION SPLIT
2026-04-27 14:58:24,646 [INFO] ============================================================
2026-04-27 14:58:24,740 [INFO]   Features: (10986, 51)  Labels: 10986
2026-04-27 14:58:24,750 [INFO]   Train: 8788 (pos=350)  Val: 2198 (pos=88)
2026-04-27 14:58:26,416 [INFO] STEP 10 COMPLETE
2026-04-27 14:58:26,418 [INFO] <<< Step 10 — Train/val split DONE (1.8s)
2026-04-27 14:58:26,419 [INFO] >>> Step 11 — Model training
2026-04-27 14:58:26,533 [INFO] ============================================================
2026-04-27 14:58:26,533 [INFO] STEP 11 — MODEL TRAINING
2026-04-27 14:58:26,533 [INFO] ============================================================
2026-04-27 14:58:26,680 [INFO]   X_train: (8788, 51)  pos=350
2026-04-27 14:58:26,742 [INFO]   XGBoost added (scale_pos_weight=24.1)
2026-04-27 14:58:26,957 [INFO]   SMOTE enabled (imbalanced-learn found).
2026-04-27 14:58:26,957 [INFO]   Random undersampling enabled (imbalanced-learn found).
2026-04-27 14:58:26,957 [INFO] 
  [random_forest] CV ...
2026-04-27 14:58:31,291 [INFO]     Fold 1 AUROC=0.9127 AUPRC=0.2409 F1=0.3371 MCC=0.3114
2026-04-27 14:58:35,406 [INFO]     Fold 2 AUROC=0.8947 AUPRC=0.2557 F1=0.2766 MCC=0.2476
2026-04-27 14:58:39,703 [INFO]     Fold 3 AUROC=0.9188 AUPRC=0.2960 F1=0.3956 MCC=0.3757
2026-04-27 14:58:43,797 [INFO]     Fold 4 AUROC=0.9268 AUPRC=0.3262 F1=0.4194 MCC=0.4029
2026-04-27 14:58:47,727 [INFO]     Fold 5 AUROC=0.9090 AUPRC=0.2475 F1=0.3077 MCC=0.2783
2026-04-27 14:58:47,727 [INFO]   [random_forest] AUROC=0.9124±0.0107  AUPRC=0.2732±0.0327  F1=0.3473±0.0533  MCC=0.3232±0.0582
2026-04-27 14:58:49,405 [INFO] 
  [gradient_boosting] CV ...
2026-04-27 14:58:56,930 [INFO]     Fold 1 AUROC=0.9140 AUPRC=0.2773 F1=0.3471 MCC=0.3442
2026-04-27 14:59:04,446 [INFO]     Fold 2 AUROC=0.8979 AUPRC=0.2833 F1=0.3268 MCC=0.3260
2026-04-27 14:59:12,171 [INFO]     Fold 3 AUROC=0.9145 AUPRC=0.3477 F1=0.3304 MCC=0.3199
2026-04-27 14:59:19,737 [INFO]     Fold 4 AUROC=0.9290 AUPRC=0.3578 F1=0.3849 MCC=0.3875
2026-04-27 14:59:27,785 [INFO]     Fold 5 AUROC=0.9125 AUPRC=0.2953 F1=0.3619 MCC=0.3484
2026-04-27 14:59:27,786 [INFO]   [gradient_boosting] AUROC=0.9136±0.0099  AUPRC=0.3123±0.0337  F1=0.3502±0.0214  MCC=0.3452±0.0237
2026-04-27 14:59:31,419 [INFO] 
  [logistic_regression] CV ...
2026-04-27 14:59:35,193 [INFO]     Fold 1 AUROC=0.9202 AUPRC=0.3143 F1=0.2806 MCC=0.3389
2026-04-27 14:59:37,912 [INFO]     Fold 2 AUROC=0.8933 AUPRC=0.2581 F1=0.2800 MCC=0.3193
2026-04-27 14:59:40,601 [INFO]     Fold 3 AUROC=0.9230 AUPRC=0.3123 F1=0.3000 MCC=0.3574
2026-04-27 14:59:43,515 [INFO]     Fold 4 AUROC=0.9238 AUPRC=0.3666 F1=0.2782 MCC=0.3229
2026-04-27 14:59:46,269 [INFO]     Fold 5 AUROC=0.9035 AUPRC=0.2661 F1=0.2864 MCC=0.3254
2026-04-27 14:59:46,269 [INFO]   [logistic_regression] AUROC=0.9128±0.0122  AUPRC=0.3035±0.0391  F1=0.2850±0.0080  MCC=0.3328±0.0140
2026-04-27 14:59:48,250 [INFO] 
  [extra_trees] CV ...
2026-04-27 14:59:49,237 [INFO]     Fold 1 AUROC=0.9162 AUPRC=0.2658 F1=0.3333 MCC=0.3045
2026-04-27 14:59:50,259 [INFO]     Fold 2 AUROC=0.8959 AUPRC=0.2536 F1=0.2945 MCC=0.2638
2026-04-27 14:59:51,352 [INFO]     Fold 3 AUROC=0.9186 AUPRC=0.2947 F1=0.3758 MCC=0.3502
2026-04-27 14:59:52,382 [INFO]     Fold 4 AUROC=0.9194 AUPRC=0.3041 F1=0.3660 MCC=0.3387
2026-04-27 14:59:53,496 [INFO]     Fold 5 AUROC=0.9036 AUPRC=0.2371 F1=0.2740 MCC=0.2428
2026-04-27 14:59:53,497 [INFO]   [extra_trees] AUROC=0.9107±0.0094  AUPRC=0.2711±0.0250  F1=0.3287±0.0395  MCC=0.3000±0.0415
2026-04-27 14:59:54,333 [INFO] 
  [xgboost] CV ...
2026-04-27 14:59:55,239 [INFO]     Fold 1 AUROC=0.9105 AUPRC=0.2791 F1=0.2887 MCC=0.3275
2026-04-27 14:59:55,791 [INFO]     Fold 2 AUROC=0.8915 AUPRC=0.2780 F1=0.2768 MCC=0.3083
2026-04-27 14:59:56,294 [INFO]     Fold 3 AUROC=0.9066 AUPRC=0.3090 F1=0.2959 MCC=0.3289
2026-04-27 14:59:56,800 [INFO]     Fold 4 AUROC=0.9268 AUPRC=0.3314 F1=0.3022 MCC=0.3375
2026-04-27 14:59:57,331 [INFO]     Fold 5 AUROC=0.9028 AUPRC=0.2427 F1=0.3050 MCC=0.3320
2026-04-27 14:59:57,332 [INFO]   [xgboost] AUROC=0.9076±0.0115  AUPRC=0.2881±0.0302  F1=0.2937±0.0102  MCC=0.3268±0.0099
2026-04-27 14:59:57,716 [INFO] 
All models trained in 91.0s
2026-04-27 14:59:57,717 [INFO]   Best: gradient_boosting (AUPRC=0.3123)
2026-04-27 14:59:57,748 [INFO]   Best model (gradient_boosting, already calibrated) saved as best_model.joblib
2026-04-27 14:59:57,973 [INFO] STEP 11 COMPLETE
2026-04-27 14:59:57,994 [INFO] <<< Step 11 — Model training DONE (91.6s)
2026-04-27 14:59:57,995 [INFO] >>> Step 12 — Model evaluation
2026-04-27 14:59:58,005 [INFO] ============================================================
2026-04-27 14:59:58,006 [INFO] STEP 12 — MODEL EVALUATION
2026-04-27 14:59:58,006 [INFO] ============================================================
2026-04-27 14:59:58,047 [INFO]   Val: 2198 genes  pos=88
2026-04-27 14:59:58,450 [INFO]   [extra_trees           ] AUROC=0.9139 AUPRC=0.3690 F1@0.50=0.4074 MCC@0.50=0.3852 [oracle F1@0.08=0.4157] R@100=0.4205 P@100=0.3700
2026-04-27 14:59:58,481 [INFO]   [gradient_boosting     ] AUROC=0.9150 AUPRC=0.3456 F1@0.50=0.3665 MCC@0.50=0.3734 [oracle F1@0.18=0.4267] R@100=0.3750 P@100=0.3300
2026-04-27 14:59:58,523 [INFO]   [logistic_regression   ] AUROC=0.9003 AUPRC=0.3214 F1@0.50=0.3475 MCC@0.50=0.3373 [oracle F1@0.21=0.3724] R@100=0.3750 P@100=0.3300
2026-04-27 14:59:58,634 [INFO]   [random_forest         ] AUROC=0.9098 AUPRC=0.3450 F1@0.50=0.4037 MCC@0.50=0.3817 [oracle F1@0.08=0.4219] R@100=0.4091 P@100=0.3600
2026-04-27 14:59:58,667 [INFO]   [xgboost               ] AUROC=0.9164 AUPRC=0.3445 F1@0.50=0.3943 MCC@0.50=0.3901 [oracle F1@0.23=0.4211] R@100=0.4318 P@100=0.3800
2026-04-27 14:59:58,693 [INFO]   [ensemble_soft_vote    ] AUROC=0.9196 AUPRC=0.3824 F1@0.50=0.3957 MCC@0.50=0.3914 [oracle F1@0.16=0.4488] R@100=0.4318 P@100=0.3800
2026-04-27 14:59:58,733 [INFO]   Classification reports saved to: C:\Users\rahma\Downloads\gloom updated\trial\outputs\results\classification_reports
2026-04-27 14:59:59,686 [INFO]   Confusion matrix grid saved: eval_confusion_matrices.png
2026-04-27 15:00:00,274 [INFO]   Multi-threshold confusion matrices saved: eval_confusion_multithreshold.png
2026-04-27 15:00:00,655 [INFO] STEP 12 COMPLETE
2026-04-27 15:00:00,665 [INFO] <<< Step 12 — Model evaluation DONE (2.7s)
2026-04-27 15:00:00,665 [INFO] >>> Step 13 — Feature importance
2026-04-27 15:00:00,677 [INFO] ============================================================
2026-04-27 15:00:00,677 [INFO] STEP 13 — FEATURE IMPORTANCE
2026-04-27 15:00:00,677 [INFO] ============================================================
2026-04-27 15:00:00,991 [INFO]   [gradient_boosting] Permutation importance (n_repeats=10) …
2026-04-27 15:00:04,327 [INFO]   Top 5: {'tumor_std': 0.9999999999794258, 'normal_std': 0.3604250462534843, 'normal_skewness': 0.24146527938870993, 'tumor_cv': 0.2220301609944458, 'tumor_mean_rank': 0.21380846324727124}
2026-04-27 15:00:04,474 [INFO]   Feature importance shape: (51, 5)
2026-04-27 15:00:04,474 [INFO]   Top feature: tumor_std (1.0000)
2026-04-27 15:00:04,474 [INFO] STEP 13 COMPLETE
2026-04-27 15:00:04,498 [INFO] <<< Step 13 — Feature importance DONE (3.8s)
2026-04-27 15:00:04,499 [INFO] >>> Step 14 — Gene ranking
2026-04-27 15:00:04,502 [INFO] ============================================================
2026-04-27 15:00:04,502 [INFO] STEP 14 — GENE PREDICTION & RANKING
2026-04-27 15:00:04,502 [INFO] ============================================================
2026-04-27 15:00:04,652 [INFO]   Scoring 10,986 genes …
2026-04-27 15:00:04,738 [INFO]   Total: 10,986  Novel candidates (prob>=0.7): 0  Sensitivity list (prob>=0.5): 15
2026-04-27 15:00:04,739 [INFO]   Median positive (known) rank: 264
2026-04-27 15:00:04,739 [INFO]   Positive (known) in top-50:  48  top-100: 90  top-200: 174  top-500: 322
2026-04-27 15:00:04,739 [INFO]   Recall@50=0.1096  Recall@100=0.2055  Recall@200=0.3973  Recall@500=0.7352
2026-04-27 15:00:04,739 [INFO]   Precision@50=0.9600  Precision@100=0.9000
2026-04-27 15:00:05,221 [INFO]   High-confidence novel candidates saved: 0 genes (prob>=0.7)
2026-04-27 15:00:05,221 [INFO]   Sensitivity novel candidates saved:     15 genes (prob>=0.5)
2026-04-27 15:00:05,223 [INFO]   Query gene rankings saved: 0 genes
2026-04-27 15:00:05,225 [INFO] STEP 14 COMPLETE
2026-04-27 15:00:05,227 [INFO] <<< Step 14 — Gene ranking DONE (0.7s)
2026-04-27 15:00:05,227 [INFO] >>> Step 15 — Network annotation
2026-04-27 15:00:05,229 [INFO] ============================================================
2026-04-27 15:00:05,229 [INFO] STEP 15 — NETWORK ANNOTATION
2026-04-27 15:00:05,230 [INFO] ============================================================
2026-04-27 15:00:07,468 [INFO]   Graph: 10,986 nodes, 110,508 edges
2026-04-27 15:00:08,607 [INFO]   Positive edges: 108,468  Negative: 2,040
2026-04-27 15:00:14,294 [INFO]   LCGene nodes: 438  Novel: 0
2026-04-27 15:00:14,294 [INFO] STEP 15 COMPLETE
2026-04-27 15:00:14,310 [INFO] <<< Step 15 — Network annotation DONE (9.1s)
2026-04-27 15:00:14,311 [INFO] >>> Step 16 — Network export
2026-04-27 15:00:14,326 [INFO] ============================================================
2026-04-27 15:00:14,327 [INFO] STEP 16 — NETWORK EXPORT
2026-04-27 15:00:14,327 [INFO] ============================================================
2026-04-27 15:00:18,056 [INFO]   Graph: 10,986 nodes, 110,508 edges
2026-04-27 15:00:24,102 [INFO]   GraphML saved: C:\Users\rahma\Downloads\gloom updated\trial\outputs\results\network\exports/network_full.graphml
2026-04-27 15:00:28,961 [INFO]   Full network exports complete.
2026-04-27 15:00:29,002 [INFO]   [top100] 100 nodes, 75 edges
2026-04-27 15:00:29,094 [INFO]   [lcgene] 438 nodes, 925 edges
2026-04-27 15:00:29,322 [INFO]   [candidates] 694 nodes, 2111 edges
2026-04-27 15:00:33,832 [INFO] 
  Sub-networks:
2026-04-27 15:00:33,832 [INFO]     top100               nodes=  100  edges=     75
2026-04-27 15:00:33,833 [INFO]     lcgene               nodes=  438  edges=    925
2026-04-27 15:00:33,833 [INFO]     novel                nodes=    0  edges=      0
2026-04-27 15:00:33,833 [INFO]     candidates           nodes=  694  edges=  2,111
2026-04-27 15:00:33,833 [INFO] STEP 16 COMPLETE
2026-04-27 15:00:33,855 [INFO] <<< Step 16 — Network export DONE (19.5s)
2026-04-27 15:00:33,856 [INFO] >>> Step 17 — Visualization
2026-04-27 15:00:34,008 [INFO] ============================================================
2026-04-27 15:00:34,008 [INFO] STEP 17 — INTERACTIVE VISUALIZATION
2026-04-27 15:00:34,008 [INFO] ============================================================
2026-04-27 15:00:34,184 [INFO] [1] Volcano …
2026-04-27 15:00:34,559 [INFO]   Volcano saved: C:\Users\rahma\Downloads\gloom updated\trial\outputs\figures\interactive_volcano.html
2026-04-27 15:00:34,559 [INFO] [2] Ranking …
2026-04-27 15:00:34,816 [INFO]   Ranking plot saved: C:\Users\rahma\Downloads\gloom updated\trial\outputs\figures\interactive_ranking.html
2026-04-27 15:00:34,817 [INFO] [3] Network …
2026-04-27 15:00:35,207 [INFO]   Network plot saved: C:\Users\rahma\Downloads\gloom updated\trial\outputs\figures\interactive_network.html
2026-04-27 15:00:35,208 [INFO] [4] Feature importance …
2026-04-27 15:00:35,259 [INFO]   Feature importance saved: C:\Users\rahma\Downloads\gloom updated\trial\outputs\figures\interactive_feature_importance.html
2026-04-27 15:00:35,260 [INFO] [5] KEGG pathways …
2026-04-27 15:00:35,323 [INFO]   KEGG plot saved: C:\Users\rahma\Downloads\gloom updated\trial\outputs\figures\interactive_kegg.html
2026-04-27 15:00:35,323 [INFO] [6] Dashboard …
2026-04-27 15:00:35,429 [INFO]   Combined dashboard saved: C:\Users\rahma\Downloads\gloom updated\trial\outputs\figures\interactive_dashboard.html
2026-04-27 15:00:35,431 [INFO] STEP 17 COMPLETE
2026-04-27 15:00:35,437 [INFO] <<< Step 17 — Visualization DONE (1.6s)
2026-04-27 15:00:35,438 [INFO] >>> Step 18 — Final report
2026-04-27 15:00:35,443 [INFO] ============================================================
2026-04-27 15:00:35,443 [INFO] STEP 18 — FINAL OUTPUTS & REPORTING
2026-04-27 15:00:35,443 [INFO] ============================================================
2026-04-27 15:00:35,443 [INFO] [1] Building summary table …
2026-04-27 15:00:35,703 [INFO]   Summary table: (10986, 29)
2026-04-27 15:00:35,703 [INFO] [2] Building text report …
2026-04-27 15:00:35,736 [ERROR]   Report failed: 'mcc'
2026-04-27 15:00:35,737 [INFO] [3] Building summary figure …
2026-04-27 15:00:36,565 [INFO]   Summary figure (PNG) saved: C:\Users\rahma\Downloads\gloom updated\trial\outputs\results\reports\pipeline_summary_figure.png
2026-04-27 15:00:37,349 [INFO]   Summary figure (PDF) saved: C:\Users\rahma\Downloads\gloom updated\trial\outputs\results\reports\pipeline_summary_figure.pdf
2026-04-27 15:00:37,350 [INFO] [4] Writing master runner …
2026-04-27 15:00:37,351 [INFO]   Master runner saved: C:\Users\rahma\Downloads\gloom updated\trial\LUAD_ML_Pipeline\run_pipeline.py
2026-04-27 15:00:37,351 [INFO] ============================================================
2026-04-27 15:00:37,351 [INFO] STEP 18 SUMMARY
2026-04-27 15:00:37,352 [INFO] ============================================================
2026-04-27 15:00:37,352 [INFO]   Summary table: C:\Users\rahma\Downloads\gloom updated\trial\outputs\results\reports/pipeline_summary_table.csv
2026-04-27 15:00:37,352 [INFO]   Text report  : C:\Users\rahma\Downloads\gloom updated\trial\outputs\results\reports/pipeline_report.txt
2026-04-27 15:00:37,352 [INFO]   Summary fig  : C:\Users\rahma\Downloads\gloom updated\trial\outputs\results\reports/pipeline_summary_figure.png
2026-04-27 15:00:37,352 [INFO]   Master runner: C:\Users\rahma\Downloads\gloom updated\trial\LUAD_ML_Pipeline\run_pipeline.py
2026-04-27 15:00:37,352 [INFO] 
2026-04-27 15:00:37,352 [INFO]   Key deliverables:
2026-04-27 15:00:37,353 [INFO]     Gene rankings    : C:\Users\rahma\Downloads\gloom updated\trial\outputs\results\gene_rankings.csv
2026-04-27 15:00:37,353 [INFO]     Novel candidates : C:\Users\rahma\Downloads\gloom updated\trial\outputs\results/novel_candidates.csv
2026-04-27 15:00:37,353 [INFO]     Dashboard        : C:\Users\rahma\Downloads\gloom updated\trial\outputs\figures/interactive_dashboard.html
2026-04-27 15:00:37,353 [INFO] STEP 18 COMPLETE
2026-04-27 15:00:37,353 [INFO] <<< Step 18 — Final report DONE (1.9s)
2026-04-27 15:00:37,354 [INFO] ======================================================================
2026-04-27 15:00:37,354 [INFO] EXECUTION SUMMARY
2026-04-27 15:00:37,354 [INFO] ======================================================================
2026-04-27 15:00:37,354 [INFO]   [OK] Step 0  — Config                                  0.0s
2026-04-27 15:00:37,354 [INFO]   [OK] Step 1  — Data loading                           55.9s
2026-04-27 15:00:37,354 [INFO]   [OK] Step 2  — Preprocessing                          40.6s
2026-04-27 15:00:37,354 [INFO]   [OK] Step 3  — Harmonization                          18.5s
2026-04-27 15:00:37,355 [INFO]   [OK] Step 4  — Differential expr                       7.4s
2026-04-27 15:00:37,355 [INFO]   [OK] Step 5  — Expr features                          19.9s
2026-04-27 15:00:37,355 [INFO]   [OK] Step 6  — Co-expr network                        10.8s
2026-04-27 15:00:37,355 [INFO]   [OK] Step 7  — Network features                      103.0s
2026-04-27 15:00:37,355 [INFO]   [OK] Step 8  — Feature integration                     1.9s
2026-04-27 15:00:37,355 [INFO]   [OK] Step 9  — Label construction                      0.3s
2026-04-27 15:00:37,355 [INFO]   [OK] Step 10 — Train/val split                         1.8s
2026-04-27 15:00:37,355 [INFO]   [OK] Step 11 — Model training                         91.6s
2026-04-27 15:00:37,356 [INFO]   [OK] Step 12 — Model evaluation                        2.7s
2026-04-27 15:00:37,356 [INFO]   [OK] Step 13 — Feature importance                      3.8s
2026-04-27 15:00:37,356 [INFO]   [OK] Step 14 — Gene ranking                            0.7s
2026-04-27 15:00:37,356 [INFO]   [OK] Step 15 — Network annotation                      9.1s
2026-04-27 15:00:37,356 [INFO]   [OK] Step 16 — Network export                         19.5s
2026-04-27 15:00:37,356 [INFO]   [OK] Step 17 — Visualization                           1.6s
2026-04-27 15:00:37,356 [INFO]   [OK] Step 18 — Final report                            1.9s
2026-04-27 15:00:37,356 [INFO]   Total: 391.0s (6.5 min)
2026-04-27 15:00:37,356 [INFO]   Pipeline COMPLETE.
2026-04-27 15:00:37,357 [INFO] ======================================================================
2026-04-27 15:08:29,547 [INFO] ======================================================================
2026-04-27 15:08:29,547 [INFO] LUAD ML PIPELINE — FULL RUN
2026-04-27 15:08:29,547 [INFO] ======================================================================
2026-04-27 15:08:29,547 [INFO] >>> Step 0  — Config
2026-04-27 15:08:29,548 [INFO] <<< Step 0  — Config DONE (0.0s)
2026-04-27 15:08:29,548 [INFO] >>> Step 1  — Data loading
2026-04-27 15:08:30,043 [INFO] ============================================================
2026-04-27 15:08:30,043 [INFO] STEP 1 — DATA LOADING
2026-04-27 15:08:30,043 [INFO] ============================================================
2026-04-27 15:08:30,044 [INFO] Loading tumor expression from: C:\Users\rahma\Downloads\gloom updated\trial\data\raw\cBioPortal (RNA Seq Data)\data_mrna_seq_v2_rsem.txt
2026-04-27 15:08:31,796 [INFO]   Raw shape: (20531, 512)
2026-04-27 15:08:31,924 [WARNING]   19 duplicate gene symbols found — keeping highest-mean row.
2026-04-27 15:08:32,047 [INFO]   Final shape: (20512, 510)
2026-04-27 15:08:32,047 [INFO] Loading tumor metadata from: C:\Users\rahma\Downloads\gloom updated\trial\data\raw\cBioPortal (RNA Seq Data)\data_clinical_patient.txt
2026-04-27 15:08:32,053 [INFO]   Raw shape: (566, 38)
2026-04-27 15:08:32,056 [INFO]   Final shape: (566, 35)
2026-04-27 15:08:32,056 [INFO] Loading normal expression from: C:\Users\rahma\Downloads\gloom updated\trial\data\raw\Gtex (normal samples)\gene_tpm_v11_lung.gct.gz
2026-04-27 15:08:32,058 [INFO]   GCT version line : #1.2
2026-04-27 15:08:32,058 [INFO]   GCT dimension line: 74628	604
2026-04-27 15:08:39,932 [INFO]   Raw shape (after preamble skip): (74628, 606)
2026-04-27 15:08:40,298 [WARNING]   1307 duplicate gene symbols — keeping highest-mean row.
2026-04-27 15:08:40,920 [INFO]   Final shape: (73321, 604)
2026-04-27 15:08:40,921 [INFO] Loading normal metadata from: C:\Users\rahma\Downloads\gloom updated\trial\data\raw\Gtex (normal samples)\GTEx_Analysis_v11_Annotations_SampleAttributesDS - LUAD.txt
2026-04-27 15:08:40,961 [INFO]   Raw shape: (1892, 119)  (all assay types)
2026-04-27 15:08:40,974 [INFO]   Retaining 11 QC columns: ['SAMPID', 'SMTS', 'SMTSD', 'SMRIN', 'SMATSSCR', 'SMRDTTL', 'SMMAPRT', 'SMRRNART', 'SMRDLGTH', 'SMNABTCHT', 'SMGEBTCHT']
2026-04-27 15:08:40,976 [INFO]   SMRIN  (RNA integrity) : mean=7.17  min=3.5  max=9.7
2026-04-27 15:08:40,977 [INFO]   SMATSSCR (autolysis)   : {0.0: 43, 1.0: 410, 2.0: 128, 3.0: 10}
2026-04-27 15:08:40,978 [INFO]   SMMAPRT  (map rate)    : mean=0.9836  min=0.8003
2026-04-27 15:08:40,978 [INFO]   Final shape: (604, 10)  (604 RNA-seq samples × 10 QC columns)
2026-04-27 15:08:40,978 [INFO] Loading labeled LUAD gene list from: C:\Users\rahma\Downloads\gloom updated\trial\data\raw\LCGene (Labeled LUAD Data)\LCGene_human_LUAD_filtered.tsv
2026-04-27 15:08:40,983 [INFO]   Raw shape: (517, 10)
2026-04-27 15:08:40,985 [INFO]   Unique labeled LUAD genes loaded: 517
2026-04-27 15:08:40,993 [INFO]   Full LCGene table saved to: C:\Users\rahma\Downloads\gloom updated\trial\data\processed\lcgene_luad_full.csv
2026-04-27 15:08:40,993 [INFO] 
Saving raw-loaded files to processed directory …
2026-04-27 15:09:15,498 [INFO] 
============================================================
2026-04-27 15:09:15,498 [INFO] STEP 1 SUMMARY
2026-04-27 15:09:15,498 [INFO] ============================================================
2026-04-27 15:09:15,499 [INFO]   Tumor expression   :  20512 genes  x  510 samples
2026-04-27 15:09:15,499 [INFO]   Normal expression  :  73321 genes  x  604 samples
2026-04-27 15:09:15,499 [INFO]   Normal metadata    :    604 RNA-seq samples  x  10 QC columns
2026-04-27 15:09:15,499 [INFO]   Labeled LUAD genes :    517 unique gene symbols (LCGene)
2026-04-27 15:09:15,499 [INFO] STEP 1 COMPLETE
2026-04-27 15:09:15,521 [INFO] <<< Step 1  — Data loading DONE (46.0s)
2026-04-27 15:09:15,521 [INFO] >>> Step 2  — Preprocessing
2026-04-27 15:09:17,157 [INFO] ============================================================
2026-04-27 15:09:17,157 [INFO] STEP 2 — DATA PREPROCESSING & QUALITY CONTROL
2026-04-27 15:09:17,157 [INFO] ============================================================
2026-04-27 15:09:22,404 [INFO] 
--- Tumor preprocessing ---
2026-04-27 15:09:22,549 [INFO]   [tumor] Replaced 1463479 zeros and 0 negatives with NaN.
2026-04-27 15:09:22,807 [INFO]   [tumor] log2(x+1) applied. Range: [0.004, 20.450]
2026-04-27 15:09:25,027 [WARNING]   [tumor] No common samples — trying TCGA ID truncation.
2026-04-27 15:09:25,060 [INFO]   [tumor] Retained 510 common samples.
2026-04-27 15:09:25,067 [INFO]   [tumor] Sample count OK: 510 >= 50.
2026-04-27 15:09:25,067 [INFO] 
--- Normal preprocessing ---
2026-04-27 15:09:25,537 [INFO]   [normal] Replaced 21868568 zeros and 0 negatives with NaN.
2026-04-27 15:09:26,758 [INFO]   [normal] log2(x+1) applied. Range: [0.000, 16.393]
2026-04-27 15:09:30,026 [INFO]   [normal] Retained 604 common samples.
2026-04-27 15:09:30,032 [INFO]   [normal] Sample count OK: 604 >= 50.
2026-04-27 15:09:30,033 [INFO] 
Generating QC plots …
2026-04-27 15:09:55,114 [INFO] 
============================================================
2026-04-27 15:09:55,115 [INFO] STEP 2 SUMMARY
2026-04-27 15:09:55,115 [INFO] ============================================================
2026-04-27 15:09:55,116 [INFO]   Tumor  expr :  16570 genes x  510 samples
2026-04-27 15:09:55,116 [INFO]   Normal expr :  21159 genes x  604 samples
2026-04-27 15:09:55,116 [INFO] STEP 2 COMPLETE
2026-04-27 15:09:55,176 [INFO] <<< Step 2  — Preprocessing DONE (39.7s)
2026-04-27 15:09:55,176 [INFO] >>> Step 3  — Harmonization
2026-04-27 15:09:55,179 [INFO] ============================================================
2026-04-27 15:09:55,179 [INFO] STEP 3 — GENE ID HARMONIZATION
2026-04-27 15:09:55,180 [INFO] ============================================================
2026-04-27 15:09:58,658 [WARNING]   [tumor] Dropping 1 invalid symbols.
2026-04-27 15:09:58,724 [INFO]   Common genes: 10986
2026-04-27 15:09:58,729 [INFO]   LCGene retained: 438 / 517 (84.7%)
2026-04-27 15:09:58,730 [WARNING]   LCGene genes lost: ABCB4, AKR1B10, ASCL1, BCL2L14, BPIFA1, BRINP1, BRSK2, C20ORF85, CA9, CASC1, CCKBR, CDX2, CHGA, CHRNA1, CHRNA5, CHRNA9, CLCA2, CLDN2, CSMD1, CYP2C19, CYP2C9, DLK1, DLX5, DPYSL5, DRD2, DSC3, ECE2, ELAVL2, EPHA7, FAM83A, FUT6, FZD9, GABRA3, GATA4, GPR87, HMGA2, HNF4A, HOXB9, IGF2BP3, INSM1, KCNH1, KCNJ3, KIF14, KIF5A, KLK6, KRT81, LEP, LGSN, MAGEA1, MAGEA6, MAGEC1, MMP13, MYO18B, NOV, NR0B1, NR1I2, NRXN1, OPCML, PAEP, PAX5, PITX2, PRAME, PTPRH, RGS17, SCGN, SERPINB4, SERPINB5, T, TERT, TF, TFAP2A, TFAP2B, TRIM31, TRPM8, UGT1A6, VIL1, VTCN1, WISP1, XDH
2026-04-27 15:10:14,616 [INFO]   Common genes: 10986
2026-04-27 15:10:14,617 [INFO] STEP 3 COMPLETE
2026-04-27 15:10:14,624 [INFO] <<< Step 3  — Harmonization DONE (19.4s)
2026-04-27 15:10:14,624 [INFO] >>> Step 4  — Differential expr
2026-04-27 15:10:14,760 [INFO] ============================================================
2026-04-27 15:10:14,761 [INFO] STEP 4 — DIFFERENTIAL EXPRESSION
2026-04-27 15:10:14,761 [INFO] ============================================================
2026-04-27 15:10:17,088 [INFO]   Tumor: (10986, 510)  Normal: (10986, 604)
2026-04-27 15:10:17,212 [INFO]   Running Welch t-test for 10986 genes …
2026-04-27 15:10:20,915 [INFO]   Significant at FDR<=0.001: 10882
2026-04-27 15:10:21,795 [INFO]   Up: 9700  Down: 15  NS: 1271
2026-04-27 15:10:21,795 [INFO] STEP 4 COMPLETE
2026-04-27 15:10:21,802 [INFO] <<< Step 4  — Differential expr DONE (7.2s)
2026-04-27 15:10:21,802 [INFO] >>> Step 5  — Expr features
2026-04-27 15:10:21,805 [INFO] ============================================================
2026-04-27 15:10:21,805 [INFO] STEP 5 — EXPRESSION FEATURE CONSTRUCTION
2026-04-27 15:10:21,806 [INFO] ============================================================
2026-04-27 15:10:24,053 [INFO]   Computing stats for [tumor] ((10986, 510)) …
2026-04-27 15:10:32,971 [INFO]   Computing stats for [normal] ((10986, 604)) …
2026-04-27 15:10:42,089 [INFO]   [expression_features] Validated. Shape: (10986, 29)
2026-04-27 15:10:42,873 [INFO]   Expression features: (10986, 29)
2026-04-27 15:10:42,873 [INFO] STEP 5 COMPLETE
2026-04-27 15:10:42,880 [INFO] <<< Step 5  — Expr features DONE (21.1s)
2026-04-27 15:10:42,880 [INFO] >>> Step 6  — Co-expr network
2026-04-27 15:10:43,155 [INFO] ============================================================
2026-04-27 15:10:43,155 [INFO] STEP 6 — CO-EXPRESSION NETWORK CONSTRUCTION
2026-04-27 15:10:43,155 [INFO] ============================================================
2026-04-27 15:10:44,164 [INFO]   Matrix: 10986 genes x 510 samples | cutoff |r|>=0.6
2026-04-27 15:10:45,587 [INFO]   Chunk 10/22 edges so far: 86,077 (1.4s)
2026-04-27 15:10:46,767 [INFO]   Chunk 20/22 edges so far: 109,749 (2.6s)
2026-04-27 15:10:47,004 [INFO]   Chunk 22/22 edges so far: 110,508 (2.8s)
2026-04-27 15:10:47,065 [INFO]   Total edges: 110,508
2026-04-27 15:10:50,864 [INFO]   Graph: 4,977 nodes, 110,508 edges
2026-04-27 15:10:54,237 [INFO]   Runtime: 3.0s
2026-04-27 15:10:54,237 [INFO] STEP 6 COMPLETE
2026-04-27 15:10:54,244 [INFO] <<< Step 6  — Co-expr network DONE (11.4s)
2026-04-27 15:10:54,244 [INFO] >>> Step 7  — Network features
2026-04-27 15:10:54,249 [INFO] ============================================================
2026-04-27 15:10:54,249 [INFO] STEP 7 — NETWORK FEATURE EXTRACTION
2026-04-27 15:10:54,250 [INFO] ============================================================
2026-04-27 15:10:56,210 [INFO]   Graph: 10,986 nodes, 110,508 edges
2026-04-27 15:10:56,214 [INFO]   Extracting degree features …
2026-04-27 15:10:56,267 [INFO]   Extracting average neighbour degree …
2026-04-27 15:10:56,300 [INFO]   Betweenness centrality (n=10,986) …
2026-04-27 15:11:09,501 [INFO]   Closeness centrality …
2026-04-27 15:12:21,239 [INFO]   Eigenvector centrality …
2026-04-27 15:12:23,464 [INFO]   Clustering coefficient …
2026-04-27 15:12:43,828 [INFO]   Edge weight statistics …
2026-04-27 15:12:44,156 [INFO]   Component features …
2026-04-27 15:12:44,187 [INFO]   All features extracted in 108.0s
2026-04-27 15:12:45,308 [INFO]   Network features: (10986, 13)
2026-04-27 15:12:45,308 [INFO] STEP 7 COMPLETE
2026-04-27 15:12:45,310 [INFO] <<< Step 7  — Network features DONE (111.1s)
2026-04-27 15:12:45,310 [INFO] >>> Step 8  — Feature integration
2026-04-27 15:12:45,638 [INFO] ============================================================
2026-04-27 15:12:45,638 [INFO] STEP 8 — FEATURE INTEGRATION
2026-04-27 15:12:45,638 [INFO] ============================================================
2026-04-27 15:12:45,707 [INFO]   Expression: (10986, 29)  Network: (10986, 13)
2026-04-27 15:12:45,713 [INFO]   Concatenated: (10986, 42)
2026-04-27 15:12:45,722 [INFO]   Removed 6 collinear features: ['weighted_degree', 'component_size', 'min_edge_weight', 'tumor_median', 'normal_median', 't_stat']
2026-04-27 15:12:45,723 [INFO]   Features after collinearity removal: 36
2026-04-27 15:12:45,769 [INFO]   Highly correlated pairs (|r|>=0.95): 9
2026-04-27 15:12:46,137 [INFO]   Differential network features added: 15 columns (coverage: 10,986/10,986 genes)
2026-04-27 15:12:47,115 [INFO]   Integrated features: (10986, 51)
2026-04-27 15:12:47,116 [INFO] STEP 8 COMPLETE
2026-04-27 15:12:47,118 [INFO] <<< Step 8  — Feature integration DONE (1.8s)
2026-04-27 15:12:47,118 [INFO] >>> Step 9  — Label construction
2026-04-27 15:12:47,120 [INFO] ============================================================
2026-04-27 15:12:47,120 [INFO] STEP 9 — LABEL CONSTRUCTION
2026-04-27 15:12:47,121 [INFO] ============================================================
2026-04-27 15:12:47,217 [INFO]   LCGene symbols: 517
2026-04-27 15:12:47,221 [INFO]   Total: 10986  Positive (known LCGene): 438 (3.99%)  Unlabeled: 10548
2026-04-27 15:12:47,221 [INFO]   [PU framing] Negatives are UNLABELED — not confirmed non-cancer genes.
2026-04-27 15:12:47,444 [INFO]   LCGene genes unmatched: 79
2026-04-27 15:12:47,444 [INFO] STEP 9 COMPLETE
2026-04-27 15:12:47,446 [INFO] <<< Step 9  — Label construction DONE (0.3s)
2026-04-27 15:12:47,446 [INFO] >>> Step 10 — Train/val split
2026-04-27 15:12:47,448 [INFO] ============================================================
2026-04-27 15:12:47,448 [INFO] STEP 10 — TRAIN/VALIDATION SPLIT
2026-04-27 15:12:47,448 [INFO] ============================================================
2026-04-27 15:12:47,550 [INFO]   Features: (10986, 51)  Labels: 10986
2026-04-27 15:12:47,558 [INFO]   Train: 8788 (pos=350)  Val: 2198 (pos=88)
2026-04-27 15:12:49,122 [INFO] STEP 10 COMPLETE
2026-04-27 15:12:49,124 [INFO] <<< Step 10 — Train/val split DONE (1.7s)
2026-04-27 15:12:49,124 [INFO] >>> Step 11 — Model training
2026-04-27 15:12:49,222 [INFO] ============================================================
2026-04-27 15:12:49,222 [INFO] STEP 11 — MODEL TRAINING
2026-04-27 15:12:49,223 [INFO] ============================================================
2026-04-27 15:12:49,350 [INFO]   X_train: (8788, 51)  pos=350
2026-04-27 15:12:49,406 [INFO]   XGBoost added (scale_pos_weight=24.1)
2026-04-27 15:12:49,599 [INFO]   SMOTE enabled (imbalanced-learn found).
2026-04-27 15:12:49,599 [INFO]   Random undersampling enabled (imbalanced-learn found).
2026-04-27 15:12:49,599 [INFO] 
  [random_forest] CV ...
2026-04-27 15:12:53,791 [INFO]     Fold 1 AUROC=0.9127 AUPRC=0.2409 F1=0.3371 MCC=0.3114
2026-04-27 15:12:57,604 [INFO]     Fold 2 AUROC=0.8947 AUPRC=0.2557 F1=0.2766 MCC=0.2476
2026-04-27 15:13:01,517 [INFO]     Fold 3 AUROC=0.9188 AUPRC=0.2960 F1=0.3956 MCC=0.3757
2026-04-27 15:13:05,490 [INFO]     Fold 4 AUROC=0.9268 AUPRC=0.3262 F1=0.4194 MCC=0.4029
2026-04-27 15:13:09,467 [INFO]     Fold 5 AUROC=0.9090 AUPRC=0.2475 F1=0.3077 MCC=0.2783
2026-04-27 15:13:09,468 [INFO]   [random_forest] AUROC=0.9124±0.0107  AUPRC=0.2732±0.0327  F1=0.3473±0.0533  MCC=0.3232±0.0582
2026-04-27 15:13:09,478 [INFO]   [random_forest] Hyperparameter tuning (RandomizedSearchCV n_iter=20, cv=3, scoring=average_precision) ...
2026-04-27 15:14:06,250 [INFO]   [random_forest] Best params: {'n_estimators': 500, 'min_samples_leaf': 5, 'max_features': 'sqrt', 'max_depth': 20}  CV-AUPRC=0.3259
2026-04-27 15:14:06,495 [INFO] 
  [gradient_boosting] CV ...
2026-04-27 15:14:13,901 [INFO]     Fold 1 AUROC=0.9140 AUPRC=0.2773 F1=0.3471 MCC=0.3442
2026-04-27 15:14:21,213 [INFO]     Fold 2 AUROC=0.8979 AUPRC=0.2833 F1=0.3268 MCC=0.3260
2026-04-27 15:14:28,914 [INFO]     Fold 3 AUROC=0.9145 AUPRC=0.3477 F1=0.3304 MCC=0.3199
2026-04-27 15:14:36,248 [INFO]     Fold 4 AUROC=0.9290 AUPRC=0.3578 F1=0.3849 MCC=0.3875
2026-04-27 15:14:43,596 [INFO]     Fold 5 AUROC=0.9125 AUPRC=0.2953 F1=0.3619 MCC=0.3484
2026-04-27 15:14:43,597 [INFO]   [gradient_boosting] AUROC=0.9136±0.0099  AUPRC=0.3123±0.0337  F1=0.3502±0.0214  MCC=0.3452±0.0237
2026-04-27 15:14:43,602 [INFO]   [gradient_boosting] Hyperparameter tuning (RandomizedSearchCV n_iter=20, cv=3, scoring=average_precision) ...
2026-04-27 15:15:01,541 [INFO]   [gradient_boosting] Best params: {'subsample': 0.8, 'n_estimators': 200, 'max_depth': 3, 'learning_rate': 0.1}  CV-AUPRC=0.3481
2026-04-27 15:15:01,570 [INFO] 
  [logistic_regression] CV ...
2026-04-27 15:15:03,498 [INFO]     Fold 1 AUROC=0.9145 AUPRC=0.3011 F1=0.2920 MCC=0.3415
2026-04-27 15:15:05,414 [INFO]     Fold 2 AUROC=0.8851 AUPRC=0.2510 F1=0.2716 MCC=0.3086
2026-04-27 15:15:07,323 [INFO]     Fold 3 AUROC=0.9224 AUPRC=0.3075 F1=0.2794 MCC=0.3377
2026-04-27 15:15:09,232 [INFO]     Fold 4 AUROC=0.9264 AUPRC=0.3635 F1=0.2907 MCC=0.3349
2026-04-27 15:15:11,144 [INFO]     Fold 5 AUROC=0.8962 AUPRC=0.2603 F1=0.2648 MCC=0.3099
2026-04-27 15:15:11,145 [INFO]   [logistic_regression] AUROC=0.9089±0.0158  AUPRC=0.2967±0.0400  F1=0.2797±0.0106  MCC=0.3265±0.0143
2026-04-27 15:15:12,295 [INFO] 
  [extra_trees] CV ...
2026-04-27 15:15:13,310 [INFO]     Fold 1 AUROC=0.9162 AUPRC=0.2658 F1=0.3333 MCC=0.3045
2026-04-27 15:15:14,375 [INFO]     Fold 2 AUROC=0.8959 AUPRC=0.2536 F1=0.2945 MCC=0.2638
2026-04-27 15:15:15,532 [INFO]     Fold 3 AUROC=0.9186 AUPRC=0.2947 F1=0.3758 MCC=0.3502
2026-04-27 15:15:16,625 [INFO]     Fold 4 AUROC=0.9194 AUPRC=0.3041 F1=0.3660 MCC=0.3387
2026-04-27 15:15:17,720 [INFO]     Fold 5 AUROC=0.9036 AUPRC=0.2371 F1=0.2740 MCC=0.2428
2026-04-27 15:15:17,721 [INFO]   [extra_trees] AUROC=0.9107±0.0094  AUPRC=0.2711±0.0250  F1=0.3287±0.0395  MCC=0.3000±0.0415
2026-04-27 15:15:18,601 [INFO] 
  [xgboost] CV ...
2026-04-27 15:15:19,322 [INFO]     Fold 1 AUROC=0.9105 AUPRC=0.2791 F1=0.2887 MCC=0.3275
2026-04-27 15:15:19,833 [INFO]     Fold 2 AUROC=0.8915 AUPRC=0.2780 F1=0.2768 MCC=0.3083
2026-04-27 15:15:20,319 [INFO]     Fold 3 AUROC=0.9066 AUPRC=0.3090 F1=0.2959 MCC=0.3289
2026-04-27 15:15:20,855 [INFO]     Fold 4 AUROC=0.9268 AUPRC=0.3314 F1=0.3022 MCC=0.3375
2026-04-27 15:15:21,390 [INFO]     Fold 5 AUROC=0.9028 AUPRC=0.2427 F1=0.3050 MCC=0.3320
2026-04-27 15:15:21,391 [INFO]   [xgboost] AUROC=0.9076±0.0115  AUPRC=0.2881±0.0302  F1=0.2937±0.0102  MCC=0.3268±0.0099
2026-04-27 15:15:21,401 [INFO]   [xgboost] Hyperparameter tuning (RandomizedSearchCV n_iter=20, cv=3, scoring=average_precision) ...
2026-04-27 15:15:33,749 [INFO]   [xgboost] Best params: {'subsample': 0.7, 'n_estimators': 500, 'max_depth': 3, 'learning_rate': 0.01, 'colsample_bytree': 0.6}  CV-AUPRC=0.3543
2026-04-27 15:15:33,770 [INFO] 
All models trained in 164.4s
2026-04-27 15:15:33,771 [INFO]   Best: gradient_boosting (AUPRC=0.3123)
2026-04-27 15:15:33,794 [INFO]   Best model (gradient_boosting, already calibrated) saved as best_model.joblib
2026-04-27 15:15:34,014 [INFO] STEP 11 COMPLETE
2026-04-27 15:15:34,047 [INFO] <<< Step 11 — Model training DONE (164.9s)
2026-04-27 15:15:34,047 [INFO] >>> Step 12 — Model evaluation
2026-04-27 15:15:34,051 [INFO] ============================================================
2026-04-27 15:15:34,051 [INFO] STEP 12 — MODEL EVALUATION
2026-04-27 15:15:34,051 [INFO] ============================================================
2026-04-27 15:15:34,100 [INFO]   Val: 2198 genes  pos=88
2026-04-27 15:15:34,467 [INFO]   [extra_trees           ] AUROC=0.9139 AUPRC=0.3690 F1@0.50=0.4074 MCC@0.50=0.3852 [oracle F1@0.08=0.4157] R@100=0.4205 P@100=0.3700
2026-04-27 15:15:34,490 [INFO]   [gradient_boosting     ] AUROC=0.9071 AUPRC=0.3248 F1@0.50=0.3659 MCC@0.50=0.3750 [oracle F1@0.16=0.4032] R@100=0.3636 P@100=0.3200
2026-04-27 15:15:34,512 [INFO]   [logistic_regression   ] AUROC=0.9019 AUPRC=0.3174 F1@0.50=0.3380 MCC@0.50=0.3270 [oracle F1@0.19=0.3804] R@100=0.3750 P@100=0.3300
2026-04-27 15:15:34,622 [INFO]   [random_forest         ] AUROC=0.9161 AUPRC=0.3756 F1@0.50=0.4016 MCC@0.50=0.3879 [oracle F1@0.14=0.4171] R@100=0.4205 P@100=0.3700
2026-04-27 15:15:34,649 [INFO]   [xgboost               ] AUROC=0.9232 AUPRC=0.4036 F1@0.50=0.3636 MCC@0.50=0.3814 [oracle F1@0.25=0.4257] R@100=0.4432 P@100=0.3900
2026-04-27 15:15:34,675 [INFO]   [ensemble_soft_vote    ] AUROC=0.9216 AUPRC=0.3919 F1@0.50=0.4066 MCC@0.50=0.4148 [oracle F1@0.12=0.4403] R@100=0.4205 P@100=0.3700
2026-04-27 15:15:34,711 [INFO]   Classification reports saved to: C:\Users\rahma\Downloads\gloom updated\trial\outputs\results\classification_reports
2026-04-27 15:15:35,548 [INFO]   Confusion matrix grid saved: eval_confusion_matrices.png
2026-04-27 15:15:35,948 [INFO]   Multi-threshold confusion matrices saved: eval_confusion_multithreshold.png
2026-04-27 15:15:36,239 [INFO] STEP 12 COMPLETE
2026-04-27 15:15:36,245 [INFO] <<< Step 12 — Model evaluation DONE (2.2s)
2026-04-27 15:15:36,245 [INFO] >>> Step 13 — Feature importance
2026-04-27 15:15:36,262 [INFO] ============================================================
2026-04-27 15:15:36,262 [INFO] STEP 13 — FEATURE IMPORTANCE
2026-04-27 15:15:36,262 [INFO] ============================================================
2026-04-27 15:15:36,513 [INFO]   [gradient_boosting] Permutation importance (n_repeats=10) …
2026-04-27 15:15:37,210 [INFO]   Top 5: {'tumor_std': 0.9999999999820943, 'tumor_mean': 0.2237244332113561, 'tumor_iqr_rank': 0.21704163009862018, 'normal_skewness': 0.21662696843361692, 'normal_std': 0.1660961050703607}
2026-04-27 15:15:37,360 [INFO]   Feature importance shape: (51, 5)
2026-04-27 15:15:37,360 [INFO]   Top feature: tumor_std (1.0000)
2026-04-27 15:15:37,360 [INFO] STEP 13 COMPLETE
2026-04-27 15:15:37,377 [INFO] <<< Step 13 — Feature importance DONE (1.1s)
2026-04-27 15:15:37,378 [INFO] >>> Step 14 — Gene ranking
2026-04-27 15:15:37,381 [INFO] ============================================================
2026-04-27 15:15:37,381 [INFO] STEP 14 — GENE PREDICTION & RANKING
2026-04-27 15:15:37,381 [INFO] ============================================================
2026-04-27 15:15:37,497 [INFO]   Scoring 10,986 genes …
2026-04-27 15:15:37,540 [INFO]   Total: 10,986  Novel candidates (prob>=0.7): 2  Sensitivity list (prob>=0.5): 25
2026-04-27 15:15:37,540 [INFO]   Median positive (known) rank: 318
2026-04-27 15:15:37,540 [INFO]   Positive (known) in top-50:  43  top-100: 76  top-200: 157  top-500: 286
2026-04-27 15:15:37,540 [INFO]   Recall@50=0.0982  Recall@100=0.1735  Recall@200=0.3584  Recall@500=0.6530
2026-04-27 15:15:37,540 [INFO]   Precision@50=0.8600  Precision@100=0.7600
2026-04-27 15:15:38,026 [INFO]   High-confidence novel candidates saved: 2 genes (prob>=0.7)
2026-04-27 15:15:38,027 [INFO]   Sensitivity novel candidates saved:     25 genes (prob>=0.5)
2026-04-27 15:15:38,028 [INFO]   Query gene rankings saved: 0 genes
2026-04-27 15:15:38,029 [INFO] STEP 14 COMPLETE
2026-04-27 15:15:38,030 [INFO] <<< Step 14 — Gene ranking DONE (0.7s)
2026-04-27 15:15:38,030 [INFO] >>> Step 15 — Network annotation
2026-04-27 15:15:38,033 [INFO] ============================================================
2026-04-27 15:15:38,033 [INFO] STEP 15 — NETWORK ANNOTATION
2026-04-27 15:15:38,034 [INFO] ============================================================
2026-04-27 15:15:39,938 [INFO]   Graph: 10,986 nodes, 110,508 edges
2026-04-27 15:15:41,073 [INFO]   Positive edges: 108,468  Negative: 2,040
2026-04-27 15:15:46,644 [INFO]   LCGene nodes: 438  Novel: 2
2026-04-27 15:15:46,644 [INFO] STEP 15 COMPLETE
2026-04-27 15:15:46,666 [INFO] <<< Step 15 — Network annotation DONE (8.6s)
2026-04-27 15:15:46,666 [INFO] >>> Step 16 — Network export
2026-04-27 15:15:46,680 [INFO] ============================================================
2026-04-27 15:15:46,681 [INFO] STEP 16 — NETWORK EXPORT
2026-04-27 15:15:46,681 [INFO] ============================================================
2026-04-27 15:15:49,844 [INFO]   Graph: 10,986 nodes, 110,508 edges
2026-04-27 15:15:56,142 [INFO]   GraphML saved: C:\Users\rahma\Downloads\gloom updated\trial\outputs\results\network\exports/network_full.graphml
2026-04-27 15:16:00,811 [INFO]   Full network exports complete.
2026-04-27 15:16:00,867 [INFO]   [top100] 100 nodes, 82 edges
2026-04-27 15:16:00,951 [INFO]   [lcgene] 438 nodes, 925 edges
2026-04-27 15:16:00,956 [INFO]   [novel] 2 nodes, 0 edges
2026-04-27 15:16:01,157 [INFO]   [candidates] 817 nodes, 2708 edges
2026-04-27 15:16:06,147 [INFO] 
  Sub-networks:
2026-04-27 15:16:06,148 [INFO]     top100               nodes=  100  edges=     82
2026-04-27 15:16:06,148 [INFO]     lcgene               nodes=  438  edges=    925
2026-04-27 15:16:06,148 [INFO]     novel                nodes=    2  edges=      0
2026-04-27 15:16:06,148 [INFO]     candidates           nodes=  817  edges=  2,708
2026-04-27 15:16:06,149 [INFO] STEP 16 COMPLETE
2026-04-27 15:16:06,172 [INFO] <<< Step 16 — Network export DONE (19.5s)
2026-04-27 15:16:06,173 [INFO] >>> Step 17 — Visualization
2026-04-27 15:16:06,335 [INFO] ============================================================
2026-04-27 15:16:06,335 [INFO] STEP 17 — INTERACTIVE VISUALIZATION
2026-04-27 15:16:06,335 [INFO] ============================================================
2026-04-27 15:16:06,526 [INFO] [1] Volcano …
2026-04-27 15:16:06,948 [INFO]   Volcano saved: C:\Users\rahma\Downloads\gloom updated\trial\outputs\figures\interactive_volcano.html
2026-04-27 15:16:06,949 [INFO] [2] Ranking …
2026-04-27 15:16:07,250 [INFO]   Ranking plot saved: C:\Users\rahma\Downloads\gloom updated\trial\outputs\figures\interactive_ranking.html
2026-04-27 15:16:07,251 [INFO] [3] Network …
2026-04-27 15:16:07,392 [INFO]   Network plot saved: C:\Users\rahma\Downloads\gloom updated\trial\outputs\figures\interactive_network.html
2026-04-27 15:16:07,393 [INFO] [4] Feature importance …
2026-04-27 15:16:07,434 [INFO]   Feature importance saved: C:\Users\rahma\Downloads\gloom updated\trial\outputs\figures\interactive_feature_importance.html
2026-04-27 15:16:07,434 [INFO] [5] KEGG pathways …
2026-04-27 15:16:07,485 [INFO]   KEGG plot saved: C:\Users\rahma\Downloads\gloom updated\trial\outputs\figures\interactive_kegg.html
2026-04-27 15:16:07,485 [INFO] [6] Dashboard …
2026-04-27 15:16:07,573 [INFO]   Combined dashboard saved: C:\Users\rahma\Downloads\gloom updated\trial\outputs\figures\interactive_dashboard.html
2026-04-27 15:16:07,576 [INFO] STEP 17 COMPLETE
2026-04-27 15:16:07,578 [INFO] <<< Step 17 — Visualization DONE (1.4s)
2026-04-27 15:16:07,580 [INFO] >>> Step 18 — Final report
2026-04-27 15:16:07,583 [INFO] ============================================================
2026-04-27 15:16:07,583 [INFO] STEP 18 — FINAL OUTPUTS & REPORTING
2026-04-27 15:16:07,584 [INFO] ============================================================
2026-04-27 15:16:07,584 [INFO] [1] Building summary table …
2026-04-27 15:16:07,813 [INFO]   Summary table: (10986, 29)
2026-04-27 15:16:07,813 [INFO] [2] Building text report …
2026-04-27 15:16:07,835 [ERROR]   Report failed: 'mcc'
2026-04-27 15:16:07,836 [INFO] [3] Building summary figure …
2026-04-27 15:16:08,633 [INFO]   Summary figure (PNG) saved: C:\Users\rahma\Downloads\gloom updated\trial\outputs\results\reports\pipeline_summary_figure.png
2026-04-27 15:16:09,393 [INFO]   Summary figure (PDF) saved: C:\Users\rahma\Downloads\gloom updated\trial\outputs\results\reports\pipeline_summary_figure.pdf
2026-04-27 15:16:09,394 [INFO] [4] Writing master runner …
2026-04-27 15:16:09,395 [INFO]   Master runner saved: C:\Users\rahma\Downloads\gloom updated\trial\LUAD_ML_Pipeline\run_pipeline.py
2026-04-27 15:16:09,395 [INFO] ============================================================
2026-04-27 15:16:09,395 [INFO] STEP 18 SUMMARY
2026-04-27 15:16:09,396 [INFO] ============================================================
2026-04-27 15:16:09,396 [INFO]   Summary table: C:\Users\rahma\Downloads\gloom updated\trial\outputs\results\reports/pipeline_summary_table.csv
2026-04-27 15:16:09,396 [INFO]   Text report  : C:\Users\rahma\Downloads\gloom updated\trial\outputs\results\reports/pipeline_report.txt
2026-04-27 15:16:09,396 [INFO]   Summary fig  : C:\Users\rahma\Downloads\gloom updated\trial\outputs\results\reports/pipeline_summary_figure.png
2026-04-27 15:16:09,396 [INFO]   Master runner: C:\Users\rahma\Downloads\gloom updated\trial\LUAD_ML_Pipeline\run_pipeline.py
2026-04-27 15:16:09,396 [INFO] 
2026-04-27 15:16:09,397 [INFO]   Key deliverables:
2026-04-27 15:16:09,397 [INFO]     Gene rankings    : C:\Users\rahma\Downloads\gloom updated\trial\outputs\results\gene_rankings.csv
2026-04-27 15:16:09,398 [INFO]     Novel candidates : C:\Users\rahma\Downloads\gloom updated\trial\outputs\results/novel_candidates.csv
2026-04-27 15:16:09,398 [INFO]     Dashboard        : C:\Users\rahma\Downloads\gloom updated\trial\outputs\figures/interactive_dashboard.html
2026-04-27 15:16:09,398 [INFO] STEP 18 COMPLETE
2026-04-27 15:16:09,399 [INFO] <<< Step 18 — Final report DONE (1.8s)
2026-04-27 15:16:09,399 [INFO] ======================================================================
2026-04-27 15:16:09,399 [INFO] EXECUTION SUMMARY
2026-04-27 15:16:09,399 [INFO] ======================================================================
2026-04-27 15:16:09,399 [INFO]   [OK] Step 0  — Config                                  0.0s
2026-04-27 15:16:09,400 [INFO]   [OK] Step 1  — Data loading                           46.0s
2026-04-27 15:16:09,400 [INFO]   [OK] Step 2  — Preprocessing                          39.7s
2026-04-27 15:16:09,400 [INFO]   [OK] Step 3  — Harmonization                          19.4s
2026-04-27 15:16:09,400 [INFO]   [OK] Step 4  — Differential expr                       7.2s
2026-04-27 15:16:09,400 [INFO]   [OK] Step 5  — Expr features                          21.1s
2026-04-27 15:16:09,401 [INFO]   [OK] Step 6  — Co-expr network                        11.4s
2026-04-27 15:16:09,401 [INFO]   [OK] Step 7  — Network features                      111.1s
2026-04-27 15:16:09,401 [INFO]   [OK] Step 8  — Feature integration                     1.8s
2026-04-27 15:16:09,401 [INFO]   [OK] Step 9  — Label construction                      0.3s
2026-04-27 15:16:09,401 [INFO]   [OK] Step 10 — Train/val split                         1.7s
2026-04-27 15:16:09,401 [INFO]   [OK] Step 11 — Model training                        164.9s
2026-04-27 15:16:09,401 [INFO]   [OK] Step 12 — Model evaluation                        2.2s
2026-04-27 15:16:09,401 [INFO]   [OK] Step 13 — Feature importance                      1.1s
2026-04-27 15:16:09,401 [INFO]   [OK] Step 14 — Gene ranking                            0.7s
2026-04-27 15:16:09,402 [INFO]   [OK] Step 15 — Network annotation                      8.6s
2026-04-27 15:16:09,402 [INFO]   [OK] Step 16 — Network export                         19.5s
2026-04-27 15:16:09,402 [INFO]   [OK] Step 17 — Visualization                           1.4s
2026-04-27 15:16:09,402 [INFO]   [OK] Step 18 — Final report                            1.8s
2026-04-27 15:16:09,402 [INFO]   Total: 459.9s (7.7 min)
2026-04-27 15:16:09,402 [INFO]   Pipeline COMPLETE.
2026-04-27 15:16:09,402 [INFO] ======================================================================
2026-04-27 15:41:56,791 [INFO] ======================================================================
2026-04-27 15:41:56,792 [INFO] LUAD ML PIPELINE — FULL RUN
2026-04-27 15:41:56,792 [INFO] ======================================================================
2026-04-27 15:41:56,793 [INFO] >>> Step 0  — Config
2026-04-27 15:41:56,794 [INFO] <<< Step 0  — Config DONE (0.0s)
2026-04-27 15:41:56,794 [INFO] >>> Step 1  — Data loading
2026-04-27 15:41:57,439 [INFO] ============================================================
2026-04-27 15:41:57,440 [INFO] STEP 1 — DATA LOADING
2026-04-27 15:41:57,440 [INFO] ============================================================
2026-04-27 15:41:57,441 [INFO] Loading tumor expression from: C:\Users\rahma\Downloads\gloom updated\trial\data\raw\cBioPortal (RNA Seq Data)\data_mrna_seq_v2_rsem.txt
2026-04-27 15:41:59,245 [INFO]   Raw shape: (20531, 512)
2026-04-27 15:41:59,396 [WARNING]   19 duplicate gene symbols found — keeping highest-mean row.
2026-04-27 15:41:59,532 [INFO]   Final shape: (20512, 510)
2026-04-27 15:41:59,533 [INFO] Loading tumor metadata from: C:\Users\rahma\Downloads\gloom updated\trial\data\raw\cBioPortal (RNA Seq Data)\data_clinical_patient.txt
2026-04-27 15:41:59,539 [INFO]   Raw shape: (566, 38)
2026-04-27 15:41:59,542 [INFO]   Final shape: (566, 35)
2026-04-27 15:41:59,542 [INFO] Loading normal expression from: C:\Users\rahma\Downloads\gloom updated\trial\data\raw\Gtex (normal samples)\gene_tpm_v11_lung.gct.gz
2026-04-27 15:41:59,544 [INFO]   GCT version line : #1.2
2026-04-27 15:41:59,545 [INFO]   GCT dimension line: 74628	604
2026-04-27 15:42:07,125 [INFO]   Raw shape (after preamble skip): (74628, 606)
2026-04-27 15:42:07,499 [WARNING]   1307 duplicate gene symbols — keeping highest-mean row.
2026-04-27 15:42:08,036 [INFO]   Final shape: (73321, 604)
2026-04-27 15:42:08,037 [INFO] Loading normal metadata from: C:\Users\rahma\Downloads\gloom updated\trial\data\raw\Gtex (normal samples)\GTEx_Analysis_v11_Annotations_SampleAttributesDS - LUAD.txt
2026-04-27 15:42:08,060 [INFO]   Raw shape: (1892, 119)  (all assay types)
2026-04-27 15:42:08,071 [INFO]   Retaining 11 QC columns: ['SAMPID', 'SMTS', 'SMTSD', 'SMRIN', 'SMATSSCR', 'SMRDTTL', 'SMMAPRT', 'SMRRNART', 'SMRDLGTH', 'SMNABTCHT', 'SMGEBTCHT']
2026-04-27 15:42:08,072 [INFO]   SMRIN  (RNA integrity) : mean=7.17  min=3.5  max=9.7
2026-04-27 15:42:08,077 [INFO]   SMATSSCR (autolysis)   : {0.0: 43, 1.0: 410, 2.0: 128, 3.0: 10}
2026-04-27 15:42:08,077 [INFO]   SMMAPRT  (map rate)    : mean=0.9836  min=0.8003
2026-04-27 15:42:08,077 [INFO]   Final shape: (604, 10)  (604 RNA-seq samples × 10 QC columns)
2026-04-27 15:42:08,077 [INFO] Loading labeled LUAD gene list from: C:\Users\rahma\Downloads\gloom updated\trial\data\raw\LCGene (Labeled LUAD Data)\LCGene_human_LUAD_filtered.tsv
2026-04-27 15:42:08,082 [INFO]   Raw shape: (517, 10)
2026-04-27 15:42:08,082 [INFO]   Unique labeled LUAD genes loaded: 517
2026-04-27 15:42:08,090 [INFO]   Full LCGene table saved to: C:\Users\rahma\Downloads\gloom updated\trial\data\processed\lcgene_luad_full.csv
2026-04-27 15:42:08,091 [INFO] 
Saving raw-loaded files to processed directory …
2026-04-27 15:42:32,710 [INFO] 
============================================================
2026-04-27 15:42:32,710 [INFO] STEP 1 SUMMARY
2026-04-27 15:42:32,710 [INFO] ============================================================
2026-04-27 15:42:32,710 [INFO]   Tumor expression   :  20512 genes  x  510 samples
2026-04-27 15:42:32,711 [INFO]   Normal expression  :  73321 genes  x  604 samples
2026-04-27 15:42:32,711 [INFO]   Normal metadata    :    604 RNA-seq samples  x  10 QC columns
2026-04-27 15:42:32,711 [INFO]   Labeled LUAD genes :    517 unique gene symbols (LCGene)
2026-04-27 15:42:32,711 [INFO] STEP 1 COMPLETE
2026-04-27 15:42:32,745 [INFO] <<< Step 1  — Data loading DONE (36.0s)
2026-04-27 15:42:32,745 [INFO] >>> Step 2  — Preprocessing
2026-04-27 15:42:34,177 [INFO] ============================================================
2026-04-27 15:42:34,177 [INFO] STEP 2 — DATA PREPROCESSING & QUALITY CONTROL
2026-04-27 15:42:34,178 [INFO] ============================================================
2026-04-27 15:42:38,272 [INFO] 
--- Tumor preprocessing ---
2026-04-27 15:42:38,386 [INFO]   [tumor] Replaced 1463479 zeros and 0 negatives with NaN.
2026-04-27 15:42:38,605 [INFO]   [tumor] log2(x+1) applied. Range: [0.004, 20.450]
2026-04-27 15:42:40,359 [WARNING]   [tumor] No common samples — trying TCGA ID truncation.
2026-04-27 15:42:40,390 [INFO]   [tumor] Retained 510 common samples.
2026-04-27 15:42:40,397 [INFO]   [tumor] Sample count OK: 510 >= 50.
2026-04-27 15:42:40,397 [INFO] 
--- Normal preprocessing ---
2026-04-27 15:42:40,788 [INFO]   [normal] Replaced 21868568 zeros and 0 negatives with NaN.
2026-04-27 15:42:41,798 [INFO]   [normal] log2(x+1) applied. Range: [0.000, 16.393]
2026-04-27 15:42:44,273 [INFO]   [normal] Retained 604 common samples.
2026-04-27 15:42:44,280 [INFO]   [normal] Sample count OK: 604 >= 50.
2026-04-27 15:42:44,281 [INFO] 
Generating QC plots …
2026-04-27 15:43:03,074 [INFO] 
============================================================
2026-04-27 15:43:03,074 [INFO] STEP 2 SUMMARY
2026-04-27 15:43:03,074 [INFO] ============================================================
2026-04-27 15:43:03,075 [INFO]   Tumor  expr :  16570 genes x  510 samples
2026-04-27 15:43:03,075 [INFO]   Normal expr :  21159 genes x  604 samples
2026-04-27 15:43:03,075 [INFO] STEP 2 COMPLETE
2026-04-27 15:43:03,111 [INFO] <<< Step 2  — Preprocessing DONE (30.4s)
2026-04-27 15:43:03,111 [INFO] >>> Step 3  — Harmonization
2026-04-27 15:43:03,113 [INFO] ============================================================
2026-04-27 15:43:03,114 [INFO] STEP 3 — GENE ID HARMONIZATION
2026-04-27 15:43:03,114 [INFO] ============================================================
2026-04-27 15:43:05,980 [WARNING]   [tumor] Dropping 1 invalid symbols.
2026-04-27 15:43:06,026 [INFO]   Common genes: 10986
2026-04-27 15:43:06,031 [INFO]   LCGene retained: 438 / 517 (84.7%)
2026-04-27 15:43:06,031 [WARNING]   LCGene genes lost: ABCB4, AKR1B10, ASCL1, BCL2L14, BPIFA1, BRINP1, BRSK2, C20ORF85, CA9, CASC1, CCKBR, CDX2, CHGA, CHRNA1, CHRNA5, CHRNA9, CLCA2, CLDN2, CSMD1, CYP2C19, CYP2C9, DLK1, DLX5, DPYSL5, DRD2, DSC3, ECE2, ELAVL2, EPHA7, FAM83A, FUT6, FZD9, GABRA3, GATA4, GPR87, HMGA2, HNF4A, HOXB9, IGF2BP3, INSM1, KCNH1, KCNJ3, KIF14, KIF5A, KLK6, KRT81, LEP, LGSN, MAGEA1, MAGEA6, MAGEC1, MMP13, MYO18B, NOV, NR0B1, NR1I2, NRXN1, OPCML, PAEP, PAX5, PITX2, PRAME, PTPRH, RGS17, SCGN, SERPINB4, SERPINB5, T, TERT, TF, TFAP2A, TFAP2B, TRIM31, TRPM8, UGT1A6, VIL1, VTCN1, WISP1, XDH
2026-04-27 15:43:17,503 [INFO]   Common genes: 10986
2026-04-27 15:43:17,503 [INFO] STEP 3 COMPLETE
2026-04-27 15:43:17,509 [INFO] <<< Step 3  — Harmonization DONE (14.4s)
2026-04-27 15:43:17,509 [INFO] >>> Step 4  — Differential expr
2026-04-27 15:43:17,606 [INFO] ============================================================
2026-04-27 15:43:17,606 [INFO] STEP 4 — DIFFERENTIAL EXPRESSION
2026-04-27 15:43:17,606 [INFO] ============================================================
2026-04-27 15:43:19,321 [INFO]   Tumor: (10986, 510)  Normal: (10986, 604)
2026-04-27 15:43:19,427 [INFO]   Running Welch t-test for 10986 genes …
2026-04-27 15:43:22,229 [INFO]   Significant at FDR<=0.001: 10882
2026-04-27 15:43:22,934 [INFO]   Up: 9700  Down: 15  NS: 1271
2026-04-27 15:43:22,934 [INFO] STEP 4 COMPLETE
2026-04-27 15:43:22,940 [INFO] <<< Step 4  — Differential expr DONE (5.4s)
2026-04-27 15:43:22,940 [INFO] >>> Step 5  — Expr features
2026-04-27 15:43:22,943 [INFO] ============================================================
2026-04-27 15:43:22,943 [INFO] STEP 5 — EXPRESSION FEATURE CONSTRUCTION
2026-04-27 15:43:22,943 [INFO] ============================================================
2026-04-27 15:43:24,669 [INFO]   Computing stats for [tumor] ((10986, 510)) …
2026-04-27 15:43:31,753 [INFO]   Computing stats for [normal] ((10986, 604)) …
2026-04-27 15:43:38,861 [INFO]   [expression_features] Validated. Shape: (10986, 29)
2026-04-27 15:43:39,543 [INFO]   Expression features: (10986, 29)
2026-04-27 15:43:39,544 [INFO] STEP 5 COMPLETE
2026-04-27 15:43:39,550 [INFO] <<< Step 5  — Expr features DONE (16.6s)
2026-04-27 15:43:39,550 [INFO] >>> Step 6  — Co-expr network
2026-04-27 15:43:39,817 [INFO] ============================================================
2026-04-27 15:43:39,817 [INFO] STEP 6 — CO-EXPRESSION NETWORK CONSTRUCTION
2026-04-27 15:43:39,817 [INFO] ============================================================
2026-04-27 15:43:40,627 [INFO]   Matrix: 10986 genes x 510 samples | cutoff |r|>=0.6
2026-04-27 15:43:42,006 [INFO]   Chunk 10/22 edges so far: 86,077 (1.3s)
2026-04-27 15:43:43,175 [INFO]   Chunk 20/22 edges so far: 109,749 (2.5s)
2026-04-27 15:43:43,392 [INFO]   Chunk 22/22 edges so far: 110,508 (2.7s)
2026-04-27 15:43:43,442 [INFO]   Total edges: 110,508
2026-04-27 15:43:46,525 [INFO]   Graph: 4,977 nodes, 110,508 edges
2026-04-27 15:43:49,264 [INFO]   Runtime: 2.9s
2026-04-27 15:43:49,265 [INFO] STEP 6 COMPLETE
2026-04-27 15:43:49,269 [INFO] <<< Step 6  — Co-expr network DONE (9.7s)
2026-04-27 15:43:49,270 [INFO] >>> Step 7  — Network features
2026-04-27 15:43:49,285 [INFO] ============================================================
2026-04-27 15:43:49,285 [INFO] STEP 7 — NETWORK FEATURE EXTRACTION
2026-04-27 15:43:49,285 [INFO] ============================================================
2026-04-27 15:43:51,079 [INFO]   Graph: 10,986 nodes, 110,508 edges
2026-04-27 15:43:51,083 [INFO]   Extracting degree features …
2026-04-27 15:43:51,139 [INFO]   Extracting average neighbour degree …
2026-04-27 15:43:51,176 [INFO]   Betweenness centrality (n=10,986) …
2026-04-27 15:44:02,395 [INFO]   Closeness centrality …
2026-04-27 15:44:58,486 [INFO]   Eigenvector centrality …
2026-04-27 15:45:00,508 [INFO]   Clustering coefficient …
2026-04-27 15:45:18,097 [INFO]   Edge weight statistics …
2026-04-27 15:45:18,320 [INFO]   Component features …
2026-04-27 15:45:18,350 [INFO]   All features extracted in 87.3s
2026-04-27 15:45:19,358 [INFO]   Network features: (10986, 13)
2026-04-27 15:45:19,359 [INFO] STEP 7 COMPLETE
2026-04-27 15:45:19,360 [INFO] <<< Step 7  — Network features DONE (90.1s)
2026-04-27 15:45:19,360 [INFO] >>> Step 8  — Feature integration
2026-04-27 15:45:19,676 [INFO] ============================================================
2026-04-27 15:45:19,676 [INFO] STEP 8 — FEATURE INTEGRATION
2026-04-27 15:45:19,676 [INFO] ============================================================
2026-04-27 15:45:19,740 [INFO]   Expression: (10986, 29)  Network: (10986, 13)
2026-04-27 15:45:19,745 [INFO]   Concatenated: (10986, 42)
2026-04-27 15:45:19,753 [INFO]   Removed 6 collinear features: ['weighted_degree', 'component_size', 'min_edge_weight', 'tumor_median', 'normal_median', 't_stat']
2026-04-27 15:45:19,754 [INFO]   Features after collinearity removal: 36
2026-04-27 15:45:19,792 [INFO]   Highly correlated pairs (|r|>=0.95): 9
2026-04-27 15:45:20,136 [INFO]   Differential network features added: 15 columns (coverage: 10,986/10,986 genes)
2026-04-27 15:45:20,990 [INFO]   Integrated features: (10986, 51)
2026-04-27 15:45:20,991 [INFO] STEP 8 COMPLETE
2026-04-27 15:45:20,993 [INFO] <<< Step 8  — Feature integration DONE (1.6s)
2026-04-27 15:45:20,993 [INFO] >>> Step 9  — Label construction
2026-04-27 15:45:20,995 [INFO] ============================================================
2026-04-27 15:45:20,995 [INFO] STEP 9 — LABEL CONSTRUCTION
2026-04-27 15:45:20,995 [INFO] ============================================================
2026-04-27 15:45:21,087 [INFO]   LCGene symbols: 517
2026-04-27 15:45:21,090 [INFO]   Total: 10986  Positive (known LCGene): 438 (3.99%)  Unlabeled: 10548
2026-04-27 15:45:21,090 [INFO]   [PU framing] Negatives are UNLABELED — not confirmed non-cancer genes.
2026-04-27 15:45:21,276 [INFO]   LCGene genes unmatched: 79
2026-04-27 15:45:21,276 [INFO] STEP 9 COMPLETE
2026-04-27 15:45:21,278 [INFO] <<< Step 9  — Label construction DONE (0.3s)
2026-04-27 15:45:21,278 [INFO] >>> Step 10 — Train/val split
2026-04-27 15:45:21,280 [INFO] ============================================================
2026-04-27 15:45:21,280 [INFO] STEP 10 — TRAIN/VALIDATION SPLIT
2026-04-27 15:45:21,280 [INFO] ============================================================
2026-04-27 15:45:21,359 [INFO]   Features: (10986, 51)  Labels: 10986
2026-04-27 15:45:21,367 [INFO]   Train: 8788 (pos=350)  Val: 2198 (pos=88)
2026-04-27 15:45:22,713 [INFO] STEP 10 COMPLETE
2026-04-27 15:45:22,715 [INFO] <<< Step 10 — Train/val split DONE (1.4s)
2026-04-27 15:45:22,715 [INFO] >>> Step 11 — Model training
2026-04-27 15:45:22,806 [INFO] ============================================================
2026-04-27 15:45:22,806 [INFO] STEP 11 — MODEL TRAINING
2026-04-27 15:45:22,807 [INFO] ============================================================
2026-04-27 15:45:22,922 [INFO]   X_train: (8788, 51)  pos=350
2026-04-27 15:45:22,978 [INFO]   XGBoost added (scale_pos_weight=24.1)
2026-04-27 15:45:23,169 [INFO]   SMOTE enabled (imbalanced-learn found).
2026-04-27 15:45:23,169 [INFO]   Random undersampling enabled (imbalanced-learn found).
2026-04-27 15:45:23,170 [INFO] 
  [random_forest] CV ...
2026-04-27 15:45:27,038 [INFO]     Fold 1 AUROC=0.9127 AUPRC=0.2409 F1=0.3371 MCC=0.3114
2026-04-27 15:45:30,523 [INFO]     Fold 2 AUROC=0.8947 AUPRC=0.2557 F1=0.2766 MCC=0.2476
2026-04-27 15:45:34,268 [INFO]     Fold 3 AUROC=0.9188 AUPRC=0.2960 F1=0.3956 MCC=0.3757
2026-04-27 15:45:37,988 [INFO]     Fold 4 AUROC=0.9268 AUPRC=0.3262 F1=0.4194 MCC=0.4029
2026-04-27 15:45:41,638 [INFO]     Fold 5 AUROC=0.9090 AUPRC=0.2475 F1=0.3077 MCC=0.2783
2026-04-27 15:45:41,640 [INFO]   [random_forest] AUROC=0.9124±0.0107  AUPRC=0.2732±0.0327  F1=0.3473±0.0533  MCC=0.3232±0.0582
2026-04-27 15:45:41,645 [INFO]   [random_forest] Hyperparameter tuning (RandomizedSearchCV n_iter=20, cv=3, scoring=average_precision) ...
2026-04-27 15:46:38,016 [INFO]   [random_forest] Best params: {'n_estimators': 500, 'min_samples_leaf': 5, 'max_features': 'sqrt', 'max_depth': 20}  CV-AUPRC=0.3259
2026-04-27 15:46:38,226 [INFO] 
  [gradient_boosting] CV ...
2026-04-27 15:46:45,581 [INFO]     Fold 1 AUROC=0.9140 AUPRC=0.2773 F1=0.3471 MCC=0.3442
2026-04-27 15:46:52,412 [INFO]     Fold 2 AUROC=0.8979 AUPRC=0.2833 F1=0.3268 MCC=0.3260
2026-04-27 15:46:59,241 [INFO]     Fold 3 AUROC=0.9145 AUPRC=0.3477 F1=0.3304 MCC=0.3199
2026-04-27 15:47:06,107 [INFO]     Fold 4 AUROC=0.9290 AUPRC=0.3578 F1=0.3849 MCC=0.3875
2026-04-27 15:47:12,951 [INFO]     Fold 5 AUROC=0.9125 AUPRC=0.2953 F1=0.3619 MCC=0.3484
2026-04-27 15:47:12,951 [INFO]   [gradient_boosting] AUROC=0.9136±0.0099  AUPRC=0.3123±0.0337  F1=0.3502±0.0214  MCC=0.3452±0.0237
2026-04-27 15:47:12,957 [INFO]   [gradient_boosting] Hyperparameter tuning (RandomizedSearchCV n_iter=20, cv=3, scoring=average_precision) ...
2026-04-27 15:47:29,944 [INFO]   [gradient_boosting] Best params: {'subsample': 0.8, 'n_estimators': 200, 'max_depth': 3, 'learning_rate': 0.1}  CV-AUPRC=0.3481
2026-04-27 15:47:29,973 [INFO] 
  [logistic_regression] CV ...
2026-04-27 15:47:31,754 [INFO]     Fold 1 AUROC=0.9308 AUPRC=0.3332 F1=0.3017 MCC=0.3563
2026-04-27 15:47:33,519 [INFO]     Fold 2 AUROC=0.8957 AUPRC=0.2615 F1=0.2907 MCC=0.3349
2026-04-27 15:47:35,306 [INFO]     Fold 3 AUROC=0.9237 AUPRC=0.3113 F1=0.3002 MCC=0.3549
2026-04-27 15:47:37,061 [INFO]     Fold 4 AUROC=0.9251 AUPRC=0.3580 F1=0.2980 MCC=0.3444
2026-04-27 15:47:38,808 [INFO]     Fold 5 AUROC=0.9033 AUPRC=0.2643 F1=0.2835 MCC=0.3227
2026-04-27 15:47:38,809 [INFO]   [logistic_regression] AUROC=0.9157±0.0137  AUPRC=0.3057±0.0379  F1=0.2948±0.0068  MCC=0.3426±0.0126
2026-04-27 15:47:39,822 [INFO] 
  [extra_trees] CV ...
2026-04-27 15:47:40,696 [INFO]     Fold 1 AUROC=0.9162 AUPRC=0.2658 F1=0.3333 MCC=0.3045
2026-04-27 15:47:41,605 [INFO]     Fold 2 AUROC=0.8959 AUPRC=0.2536 F1=0.2945 MCC=0.2638
2026-04-27 15:47:42,490 [INFO]     Fold 3 AUROC=0.9186 AUPRC=0.2947 F1=0.3758 MCC=0.3502
2026-04-27 15:47:43,408 [INFO]     Fold 4 AUROC=0.9194 AUPRC=0.3041 F1=0.3660 MCC=0.3387
2026-04-27 15:47:44,292 [INFO]     Fold 5 AUROC=0.9036 AUPRC=0.2371 F1=0.2740 MCC=0.2428
2026-04-27 15:47:44,292 [INFO]   [extra_trees] AUROC=0.9107±0.0094  AUPRC=0.2711±0.0250  F1=0.3287±0.0395  MCC=0.3000±0.0415
2026-04-27 15:47:45,086 [INFO] 
  [xgboost] CV ...
2026-04-27 15:47:45,730 [INFO]     Fold 1 AUROC=0.9105 AUPRC=0.2791 F1=0.2887 MCC=0.3275
2026-04-27 15:47:46,174 [INFO]     Fold 2 AUROC=0.8915 AUPRC=0.2780 F1=0.2768 MCC=0.3083
2026-04-27 15:47:46,629 [INFO]     Fold 3 AUROC=0.9066 AUPRC=0.3090 F1=0.2959 MCC=0.3289
2026-04-27 15:47:47,069 [INFO]     Fold 4 AUROC=0.9268 AUPRC=0.3314 F1=0.3022 MCC=0.3375
2026-04-27 15:47:47,506 [INFO]     Fold 5 AUROC=0.9028 AUPRC=0.2427 F1=0.3050 MCC=0.3320
2026-04-27 15:47:47,507 [INFO]   [xgboost] AUROC=0.9076±0.0115  AUPRC=0.2881±0.0302  F1=0.2937±0.0102  MCC=0.3268±0.0099
2026-04-27 15:47:47,515 [INFO]   [xgboost] Hyperparameter tuning (RandomizedSearchCV n_iter=20, cv=3, scoring=average_precision) ...
2026-04-27 15:47:58,802 [INFO]   [xgboost] Best params: {'subsample': 0.7, 'n_estimators': 500, 'max_depth': 3, 'learning_rate': 0.01, 'colsample_bytree': 0.6}  CV-AUPRC=0.3543
2026-04-27 15:47:58,820 [INFO] 
All models trained in 155.8s
2026-04-27 15:47:58,821 [INFO]   Best: gradient_boosting (AUPRC=0.3123)
2026-04-27 15:47:58,841 [INFO]   Best model (gradient_boosting, already calibrated) saved as best_model.joblib
2026-04-27 15:47:58,846 [ERROR] <<< Step 11 — Model training FAILED: PermissionError: [Errno 13] Permission denied: 'C:\\Users\\rahma\\Downloads\\gloom updated\\trial\\outputs\\models\\cv_results.csv'
2026-04-27 15:47:58,881 [INFO] ======================================================================
2026-04-27 15:47:58,882 [INFO] EXECUTION SUMMARY
2026-04-27 15:47:58,882 [INFO] ======================================================================
2026-04-27 15:47:58,882 [INFO]   [OK] Step 0  — Config                                  0.0s
2026-04-27 15:47:58,882 [INFO]   [OK] Step 1  — Data loading                           36.0s
2026-04-27 15:47:58,882 [INFO]   [OK] Step 2  — Preprocessing                          30.4s
2026-04-27 15:47:58,882 [INFO]   [OK] Step 3  — Harmonization                          14.4s
2026-04-27 15:47:58,882 [INFO]   [OK] Step 4  — Differential expr                       5.4s
2026-04-27 15:47:58,883 [INFO]   [OK] Step 5  — Expr features                          16.6s
2026-04-27 15:47:58,883 [INFO]   [OK] Step 6  — Co-expr network                         9.7s
2026-04-27 15:47:58,883 [INFO]   [OK] Step 7  — Network features                       90.1s
2026-04-27 15:47:58,883 [INFO]   [OK] Step 8  — Feature integration                     1.6s
2026-04-27 15:47:58,883 [INFO]   [OK] Step 9  — Label construction                      0.3s
2026-04-27 15:47:58,883 [INFO]   [OK] Step 10 — Train/val split                         1.4s
2026-04-27 15:47:58,883 [INFO]   [FAIL] Step 11 — Model training                        156.1s
2026-04-27 15:47:58,883 [INFO]   Total: 362.1s (6.0 min)
2026-04-27 15:47:58,884 [ERROR]   STOPPED at: Step 11 — Model training
2026-04-27 16:23:43,821 [INFO] ======================================================================
2026-04-27 16:23:43,821 [INFO] LUAD ML PIPELINE — FULL RUN
2026-04-27 16:23:43,822 [INFO] ======================================================================
2026-04-27 16:23:43,822 [INFO] >>> Step 0  — Config
2026-04-27 16:23:43,822 [INFO] <<< Step 0  — Config DONE (0.0s)
2026-04-27 16:23:43,822 [INFO] >>> Step 1  — Data loading
2026-04-27 16:23:44,309 [INFO] ============================================================
2026-04-27 16:23:44,309 [INFO] STEP 1 — DATA LOADING
2026-04-27 16:23:44,310 [INFO] ============================================================
2026-04-27 16:23:44,310 [INFO] Loading tumor expression from: C:\Users\rahma\Downloads\gloom updated\trial\data\raw\cBioPortal (RNA Seq Data)\data_mrna_seq_v2_rsem.txt
2026-04-27 16:23:46,156 [INFO]   Raw shape: (20531, 512)
2026-04-27 16:23:46,303 [WARNING]   19 duplicate gene symbols found — keeping highest-mean row.
2026-04-27 16:23:46,420 [INFO]   Final shape: (20512, 510)
2026-04-27 16:23:46,421 [INFO] Loading tumor metadata from: C:\Users\rahma\Downloads\gloom updated\trial\data\raw\cBioPortal (RNA Seq Data)\data_clinical_patient.txt
2026-04-27 16:23:46,426 [INFO]   Raw shape: (566, 38)
2026-04-27 16:23:46,428 [INFO]   Final shape: (566, 35)
2026-04-27 16:23:46,429 [INFO] Loading normal expression from: C:\Users\rahma\Downloads\gloom updated\trial\data\raw\Gtex (normal samples)\gene_tpm_v11_lung.gct.gz
2026-04-27 16:23:46,430 [INFO]   GCT version line : #1.2
2026-04-27 16:23:46,430 [INFO]   GCT dimension line: 74628	604
2026-04-27 16:23:54,292 [INFO]   Raw shape (after preamble skip): (74628, 606)
2026-04-27 16:23:54,627 [WARNING]   1307 duplicate gene symbols — keeping highest-mean row.
2026-04-27 16:23:55,154 [INFO]   Final shape: (73321, 604)
2026-04-27 16:23:55,155 [INFO] Loading normal metadata from: C:\Users\rahma\Downloads\gloom updated\trial\data\raw\Gtex (normal samples)\GTEx_Analysis_v11_Annotations_SampleAttributesDS - LUAD.txt
2026-04-27 16:23:55,178 [INFO]   Raw shape: (1892, 119)  (all assay types)
2026-04-27 16:23:55,187 [INFO]   Retaining 11 QC columns: ['SAMPID', 'SMTS', 'SMTSD', 'SMRIN', 'SMATSSCR', 'SMRDTTL', 'SMMAPRT', 'SMRRNART', 'SMRDLGTH', 'SMNABTCHT', 'SMGEBTCHT']
2026-04-27 16:23:55,188 [INFO]   SMRIN  (RNA integrity) : mean=7.17  min=3.5  max=9.7
2026-04-27 16:23:55,189 [INFO]   SMATSSCR (autolysis)   : {0.0: 43, 1.0: 410, 2.0: 128, 3.0: 10}
2026-04-27 16:23:55,189 [INFO]   SMMAPRT  (map rate)    : mean=0.9836  min=0.8003
2026-04-27 16:23:55,189 [INFO]   Final shape: (604, 10)  (604 RNA-seq samples × 10 QC columns)
2026-04-27 16:23:55,189 [INFO] Loading labeled LUAD gene list from: C:\Users\rahma\Downloads\gloom updated\trial\data\raw\LCGene (Labeled LUAD Data)\LCGene_human_LUAD_filtered.tsv
2026-04-27 16:23:55,193 [INFO]   Raw shape: (517, 10)
2026-04-27 16:23:55,194 [INFO]   Unique labeled LUAD genes loaded: 517
2026-04-27 16:23:55,200 [INFO]   Full LCGene table saved to: C:\Users\rahma\Downloads\gloom updated\trial\data\processed\lcgene_luad_full.csv
2026-04-27 16:23:55,200 [INFO] 
Saving raw-loaded files to processed directory …
2026-04-27 16:24:20,886 [INFO] 
============================================================
2026-04-27 16:24:20,886 [INFO] STEP 1 SUMMARY
2026-04-27 16:24:20,886 [INFO] ============================================================
2026-04-27 16:24:20,886 [INFO]   Tumor expression   :  20512 genes  x  510 samples
2026-04-27 16:24:20,887 [INFO]   Normal expression  :  73321 genes  x  604 samples
2026-04-27 16:24:20,887 [INFO]   Normal metadata    :    604 RNA-seq samples  x  10 QC columns
2026-04-27 16:24:20,887 [INFO]   Labeled LUAD genes :    517 unique gene symbols (LCGene)
2026-04-27 16:24:20,887 [INFO] STEP 1 COMPLETE
2026-04-27 16:24:20,912 [INFO] <<< Step 1  — Data loading DONE (37.1s)
2026-04-27 16:24:20,912 [INFO] >>> Step 2  — Preprocessing
2026-04-27 16:24:22,260 [INFO] ============================================================
2026-04-27 16:24:22,260 [INFO] STEP 2 — DATA PREPROCESSING & QUALITY CONTROL
2026-04-27 16:24:22,260 [INFO] ============================================================
2026-04-27 16:24:26,369 [INFO] 
--- Tumor preprocessing ---
2026-04-27 16:24:26,476 [INFO]   [tumor] Replaced 1463479 zeros and 0 negatives with NaN.
2026-04-27 16:24:26,714 [INFO]   [tumor] log2(x+1) applied. Range: [0.004, 20.450]
2026-04-27 16:24:28,408 [WARNING]   [tumor] No common samples — trying TCGA ID truncation.
2026-04-27 16:24:28,439 [INFO]   [tumor] Retained 510 common samples.
2026-04-27 16:24:28,446 [INFO]   [tumor] Sample count OK: 510 >= 50.
2026-04-27 16:24:28,446 [INFO] 
--- Normal preprocessing ---
2026-04-27 16:24:28,862 [INFO]   [normal] Replaced 21868568 zeros and 0 negatives with NaN.
2026-04-27 16:24:29,907 [INFO]   [normal] log2(x+1) applied. Range: [0.000, 16.393]
2026-04-27 16:24:32,358 [INFO]   [normal] Retained 604 common samples.
2026-04-27 16:24:32,365 [INFO]   [normal] Sample count OK: 604 >= 50.
2026-04-27 16:24:32,365 [INFO] 
Generating QC plots …
2026-04-27 16:24:51,852 [INFO] 
============================================================
2026-04-27 16:24:51,852 [INFO] STEP 2 SUMMARY
2026-04-27 16:24:51,852 [INFO] ============================================================
2026-04-27 16:24:51,852 [INFO]   Tumor  expr :  16570 genes x  510 samples
2026-04-27 16:24:51,853 [INFO]   Normal expr :  21159 genes x  604 samples
2026-04-27 16:24:51,853 [INFO] STEP 2 COMPLETE
2026-04-27 16:24:51,888 [INFO] <<< Step 2  — Preprocessing DONE (31.0s)
2026-04-27 16:24:51,888 [INFO] >>> Step 3  — Harmonization
2026-04-27 16:24:51,891 [INFO] ============================================================
2026-04-27 16:24:51,891 [INFO] STEP 3 — GENE ID HARMONIZATION
2026-04-27 16:24:51,891 [INFO] ============================================================
2026-04-27 16:24:54,680 [WARNING]   [tumor] Dropping 1 invalid symbols.
2026-04-27 16:24:54,728 [INFO]   Common genes: 10986
2026-04-27 16:24:54,734 [INFO]   LCGene retained: 438 / 517 (84.7%)
2026-04-27 16:24:54,734 [WARNING]   LCGene genes lost: ABCB4, AKR1B10, ASCL1, BCL2L14, BPIFA1, BRINP1, BRSK2, C20ORF85, CA9, CASC1, CCKBR, CDX2, CHGA, CHRNA1, CHRNA5, CHRNA9, CLCA2, CLDN2, CSMD1, CYP2C19, CYP2C9, DLK1, DLX5, DPYSL5, DRD2, DSC3, ECE2, ELAVL2, EPHA7, FAM83A, FUT6, FZD9, GABRA3, GATA4, GPR87, HMGA2, HNF4A, HOXB9, IGF2BP3, INSM1, KCNH1, KCNJ3, KIF14, KIF5A, KLK6, KRT81, LEP, LGSN, MAGEA1, MAGEA6, MAGEC1, MMP13, MYO18B, NOV, NR0B1, NR1I2, NRXN1, OPCML, PAEP, PAX5, PITX2, PRAME, PTPRH, RGS17, SCGN, SERPINB4, SERPINB5, T, TERT, TF, TFAP2A, TFAP2B, TRIM31, TRPM8, UGT1A6, VIL1, VTCN1, WISP1, XDH
2026-04-27 16:25:06,225 [INFO]   Common genes: 10986
2026-04-27 16:25:06,226 [INFO] STEP 3 COMPLETE
2026-04-27 16:25:06,231 [INFO] <<< Step 3  — Harmonization DONE (14.3s)
2026-04-27 16:25:06,231 [INFO] >>> Step 4  — Differential expr
2026-04-27 16:25:06,324 [INFO] ============================================================
2026-04-27 16:25:06,324 [INFO] STEP 4 — DIFFERENTIAL EXPRESSION
2026-04-27 16:25:06,324 [INFO] ============================================================
2026-04-27 16:25:07,936 [INFO]   Tumor: (10986, 510)  Normal: (10986, 604)
2026-04-27 16:25:08,043 [INFO]   Running Welch t-test for 10986 genes …
2026-04-27 16:25:10,877 [INFO]   Significant at FDR<=0.001: 10882
2026-04-27 16:25:11,538 [INFO]   Up: 9700  Down: 15  NS: 1271
2026-04-27 16:25:11,538 [INFO] STEP 4 COMPLETE
2026-04-27 16:25:11,544 [INFO] <<< Step 4  — Differential expr DONE (5.3s)
2026-04-27 16:25:11,544 [INFO] >>> Step 5  — Expr features
2026-04-27 16:25:11,546 [INFO] ============================================================
2026-04-27 16:25:11,547 [INFO] STEP 5 — EXPRESSION FEATURE CONSTRUCTION
2026-04-27 16:25:11,547 [INFO] ============================================================
2026-04-27 16:25:13,230 [INFO]   Computing stats for [tumor] ((10986, 510)) …
2026-04-27 16:25:20,278 [INFO]   Computing stats for [normal] ((10986, 604)) …
2026-04-27 16:25:27,249 [INFO]   [expression_features] Validated. Shape: (10986, 29)
2026-04-27 16:25:27,912 [INFO]   Expression features: (10986, 29)
2026-04-27 16:25:27,913 [INFO] STEP 5 COMPLETE
2026-04-27 16:25:27,919 [INFO] <<< Step 5  — Expr features DONE (16.4s)
2026-04-27 16:25:27,920 [INFO] >>> Step 6  — Co-expr network
2026-04-27 16:25:28,239 [INFO] ============================================================
2026-04-27 16:25:28,239 [INFO] STEP 6 — CO-EXPRESSION NETWORK CONSTRUCTION
2026-04-27 16:25:28,240 [INFO] ============================================================
2026-04-27 16:25:29,012 [INFO]   Matrix: 10986 genes x 510 samples | cutoff |r|>=0.6
2026-04-27 16:25:30,149 [INFO]   Chunk 10/22 edges so far: 86,077 (1.1s)
2026-04-27 16:25:30,996 [INFO]   Chunk 20/22 edges so far: 109,749 (2.0s)
2026-04-27 16:25:31,204 [INFO]   Chunk 22/22 edges so far: 110,508 (2.2s)
2026-04-27 16:25:31,256 [INFO]   Total edges: 110,508
2026-04-27 16:25:34,264 [INFO]   Graph: 4,977 nodes, 110,508 edges
2026-04-27 16:25:36,888 [INFO]   Runtime: 2.3s
2026-04-27 16:25:36,888 [INFO] STEP 6 COMPLETE
2026-04-27 16:25:36,893 [INFO] <<< Step 6  — Co-expr network DONE (9.0s)
2026-04-27 16:25:36,893 [INFO] >>> Step 7  — Network features
2026-04-27 16:25:36,896 [INFO] ============================================================
2026-04-27 16:25:36,896 [INFO] STEP 7 — NETWORK FEATURE EXTRACTION
2026-04-27 16:25:36,896 [INFO] ============================================================
2026-04-27 16:25:38,573 [INFO]   Graph: 10,986 nodes, 110,508 edges
2026-04-27 16:25:38,577 [INFO]   Extracting degree features …
2026-04-27 16:25:38,630 [INFO]   Extracting average neighbour degree …
2026-04-27 16:25:38,660 [INFO]   Betweenness centrality (n=10,986) …
2026-04-27 16:25:49,318 [INFO]   Closeness centrality …
2026-04-27 16:26:46,521 [INFO]   Eigenvector centrality …
2026-04-27 16:26:48,385 [INFO]   Clustering coefficient …
2026-04-27 16:27:06,057 [INFO]   Edge weight statistics …
2026-04-27 16:27:06,283 [INFO]   Component features …
2026-04-27 16:27:06,317 [INFO]   All features extracted in 87.7s
2026-04-27 16:27:07,310 [INFO]   Network features: (10986, 13)
2026-04-27 16:27:07,310 [INFO] STEP 7 COMPLETE
2026-04-27 16:27:07,312 [INFO] <<< Step 7  — Network features DONE (90.4s)
2026-04-27 16:27:07,312 [INFO] >>> Step 8  — Feature integration
2026-04-27 16:27:07,602 [INFO] ============================================================
2026-04-27 16:27:07,603 [INFO] STEP 8 — FEATURE INTEGRATION
2026-04-27 16:27:07,603 [INFO] ============================================================
2026-04-27 16:27:07,667 [INFO]   Expression: (10986, 29)  Network: (10986, 13)
2026-04-27 16:27:07,671 [INFO]   Concatenated: (10986, 42)
2026-04-27 16:27:07,677 [INFO]   Removed 21 collinear features: ['weighted_degree', 'component_size', 'min_edge_weight', 'tumor_median', 'normal_median', 't_stat', 'tumor_iqr_rank', 'tumor_mean_rank', 'cohens_d_rank', 'abs_log2fc_rank', 'neg_log10_padj_rank', 'betweenness_centrality', 'clustering_coefficient', 'max_edge_weight', 'std_edge_weight', 'in_largest_component', 'log2fc', 'iqr_ratio', 'std_ratio', 'tumor_kurtosis', 'normal_kurtosis']
2026-04-27 16:27:07,677 [INFO]   Features after collinearity removal: 21
2026-04-27 16:27:07,692 [INFO]   Highly correlated pairs (|r|>=0.95): 2
2026-04-27 16:27:08,057 [INFO]   Differential network features added: 15 columns (coverage: 10,986/10,986 genes)
2026-04-27 16:27:08,617 [INFO]   Integrated features: (10986, 36)
2026-04-27 16:27:08,617 [INFO] STEP 8 COMPLETE
2026-04-27 16:27:08,619 [INFO] <<< Step 8  — Feature integration DONE (1.3s)
2026-04-27 16:27:08,619 [INFO] >>> Step 9  — Label construction
2026-04-27 16:27:08,622 [INFO] ============================================================
2026-04-27 16:27:08,622 [INFO] STEP 9 — LABEL CONSTRUCTION
2026-04-27 16:27:08,622 [INFO] ============================================================
2026-04-27 16:27:08,685 [INFO]   LCGene symbols: 517
2026-04-27 16:27:08,689 [INFO]   Total: 10986  Positive (known LCGene): 438 (3.99%)  Unlabeled: 10548
2026-04-27 16:27:08,689 [INFO]   [PU framing] Negatives are UNLABELED — not confirmed non-cancer genes.
2026-04-27 16:27:08,874 [INFO]   LCGene genes unmatched: 79
2026-04-27 16:27:08,874 [INFO] STEP 9 COMPLETE
2026-04-27 16:27:08,875 [INFO] <<< Step 9  — Label construction DONE (0.3s)
2026-04-27 16:27:08,876 [INFO] >>> Step 10 — Train/val split
2026-04-27 16:27:08,878 [INFO] ============================================================
2026-04-27 16:27:08,878 [INFO] STEP 10 — TRAIN/VALIDATION SPLIT
2026-04-27 16:27:08,878 [INFO] ============================================================
2026-04-27 16:27:08,937 [INFO]   Features: (10986, 36)  Labels: 10986
2026-04-27 16:27:08,943 [INFO]   Train: 8788 (pos=350)  Val: 2198 (pos=88)
2026-04-27 16:27:09,946 [INFO] STEP 10 COMPLETE
2026-04-27 16:27:09,948 [INFO] <<< Step 10 — Train/val split DONE (1.1s)
2026-04-27 16:27:09,948 [INFO] >>> Step 11 — Model training
2026-04-27 16:27:10,035 [INFO] ============================================================
2026-04-27 16:27:10,035 [INFO] STEP 11 — MODEL TRAINING
2026-04-27 16:27:10,035 [INFO] ============================================================
2026-04-27 16:27:10,119 [INFO]   X_train: (8788, 36)  pos=350
2026-04-27 16:27:10,172 [INFO]   XGBoost added (scale_pos_weight=24.1)
2026-04-27 16:27:10,349 [INFO]   SMOTE enabled (imbalanced-learn found).
2026-04-27 16:27:10,349 [INFO]   Random undersampling enabled (imbalanced-learn found).
2026-04-27 16:27:10,350 [INFO] 
  [random_forest] CV ...
2026-04-27 16:27:13,582 [INFO]     Fold 1 AUROC=0.9120 AUPRC=0.2447 F1=0.3209 MCC=0.2958
2026-04-27 16:27:16,546 [INFO]     Fold 2 AUROC=0.8920 AUPRC=0.2536 F1=0.2613 MCC=0.2328
2026-04-27 16:27:19,650 [INFO]     Fold 3 AUROC=0.9029 AUPRC=0.2838 F1=0.3333 MCC=0.3091
2026-04-27 16:27:22,707 [INFO]     Fold 4 AUROC=0.9258 AUPRC=0.3173 F1=0.4086 MCC=0.3912
2026-04-27 16:27:25,768 [INFO]     Fold 5 AUROC=0.9059 AUPRC=0.2230 F1=0.2955 MCC=0.2662
2026-04-27 16:27:25,769 [INFO]   [random_forest] AUROC=0.9077±0.0111  AUPRC=0.2645±0.0329  F1=0.3239±0.0490  MCC=0.2990±0.0531
2026-04-27 16:27:25,773 [INFO]   [random_forest] Hyperparameter tuning (RandomizedSearchCV n_iter=20, cv=3, scoring=average_precision) ...
2026-04-27 16:28:08,702 [INFO]   [random_forest] Best params: {'n_estimators': 500, 'min_samples_leaf': 5, 'max_features': 'sqrt', 'max_depth': 20}  CV-AUPRC=0.3242
2026-04-27 16:28:08,883 [INFO] 
  [gradient_boosting] CV ...
2026-04-27 16:28:14,670 [INFO]     Fold 1 AUROC=0.9212 AUPRC=0.3103 F1=0.3580 MCC=0.3638
2026-04-27 16:28:20,532 [INFO]     Fold 2 AUROC=0.8958 AUPRC=0.2768 F1=0.3446 MCC=0.3519
2026-04-27 16:28:26,313 [INFO]     Fold 3 AUROC=0.9084 AUPRC=0.3124 F1=0.3140 MCC=0.3050
2026-04-27 16:28:32,057 [INFO]     Fold 4 AUROC=0.9307 AUPRC=0.3633 F1=0.4065 MCC=0.4167
2026-04-27 16:28:37,893 [INFO]     Fold 5 AUROC=0.9077 AUPRC=0.2698 F1=0.3229 MCC=0.3086
2026-04-27 16:28:37,894 [INFO]   [gradient_boosting] AUROC=0.9128±0.0120  AUPRC=0.3065±0.0332  F1=0.3492±0.0326  MCC=0.3492±0.0409
2026-04-27 16:28:37,899 [INFO]   [gradient_boosting] Hyperparameter tuning (RandomizedSearchCV n_iter=20, cv=3, scoring=average_precision) ...
2026-04-27 16:28:52,249 [INFO]   [gradient_boosting] Best params: {'subsample': 0.8, 'n_estimators': 200, 'max_depth': 3, 'learning_rate': 0.05}  CV-AUPRC=0.3330
2026-04-27 16:28:52,268 [INFO] 
  [logistic_regression] CV ...
2026-04-27 16:28:53,810 [INFO]     Fold 1 AUROC=0.9208 AUPRC=0.3235 F1=0.2756 MCC=0.3312
2026-04-27 16:28:55,300 [INFO]     Fold 2 AUROC=0.8833 AUPRC=0.2590 F1=0.2705 MCC=0.3102
2026-04-27 16:28:56,751 [INFO]     Fold 3 AUROC=0.9189 AUPRC=0.3271 F1=0.2857 MCC=0.3466
2026-04-27 16:28:58,268 [INFO]     Fold 4 AUROC=0.9210 AUPRC=0.3584 F1=0.2967 MCC=0.3405
2026-04-27 16:28:59,880 [INFO]     Fold 5 AUROC=0.8961 AUPRC=0.2439 F1=0.2835 MCC=0.3199
2026-04-27 16:28:59,880 [INFO]   [logistic_regression] AUROC=0.9080±0.0155  AUPRC=0.3024±0.0436  F1=0.2824±0.0090  MCC=0.3297±0.0133
2026-04-27 16:29:00,836 [INFO] 
  [extra_trees] CV ...
2026-04-27 16:29:01,851 [INFO]     Fold 1 AUROC=0.9118 AUPRC=0.2730 F1=0.3077 MCC=0.2775
2026-04-27 16:29:02,884 [INFO]     Fold 2 AUROC=0.8933 AUPRC=0.2401 F1=0.2699 MCC=0.2378
2026-04-27 16:29:03,954 [INFO]     Fold 3 AUROC=0.9086 AUPRC=0.3026 F1=0.3614 MCC=0.3352
2026-04-27 16:29:05,019 [INFO]     Fold 4 AUROC=0.9167 AUPRC=0.2996 F1=0.3636 MCC=0.3362
2026-04-27 16:29:06,148 [INFO]     Fold 5 AUROC=0.8975 AUPRC=0.2196 F1=0.2548 MCC=0.2218
2026-04-27 16:29:06,149 [INFO]   [extra_trees] AUROC=0.9056±0.0088  AUPRC=0.2670±0.0327  F1=0.3115±0.0451  MCC=0.2817±0.0477
2026-04-27 16:29:07,123 [INFO] 
  [xgboost] CV ...
2026-04-27 16:29:07,766 [INFO]     Fold 1 AUROC=0.9146 AUPRC=0.2906 F1=0.2948 MCC=0.3443
2026-04-27 16:29:08,144 [INFO]     Fold 2 AUROC=0.8900 AUPRC=0.2689 F1=0.2878 MCC=0.3322
2026-04-27 16:29:08,499 [INFO]     Fold 3 AUROC=0.9001 AUPRC=0.2608 F1=0.2727 MCC=0.2992
2026-04-27 16:29:08,856 [INFO]     Fold 4 AUROC=0.9289 AUPRC=0.3230 F1=0.3085 MCC=0.3625
2026-04-27 16:29:09,262 [INFO]     Fold 5 AUROC=0.8949 AUPRC=0.2355 F1=0.2825 MCC=0.3058
2026-04-27 16:29:09,262 [INFO]   [xgboost] AUROC=0.9057±0.0142  AUPRC=0.2758±0.0295  F1=0.2893±0.0120  MCC=0.3288±0.0236
2026-04-27 16:29:09,270 [INFO]   [xgboost] Hyperparameter tuning (RandomizedSearchCV n_iter=20, cv=3, scoring=average_precision) ...
2026-04-27 16:29:17,965 [INFO]   [xgboost] Best params: {'subsample': 0.9, 'n_estimators': 500, 'max_depth': 3, 'learning_rate': 0.01, 'colsample_bytree': 1.0}  CV-AUPRC=0.3419
2026-04-27 16:29:17,984 [INFO] 
All models trained in 127.8s
2026-04-27 16:29:17,985 [INFO]   Best: gradient_boosting (AUPRC=0.3065)
2026-04-27 16:29:18,005 [INFO]   Best model (gradient_boosting, already calibrated) saved as best_model.joblib
2026-04-27 16:29:18,224 [INFO] STEP 11 COMPLETE
2026-04-27 16:29:18,253 [INFO] <<< Step 11 — Model training DONE (128.3s)
2026-04-27 16:29:18,254 [INFO] >>> Step 12 — Model evaluation
2026-04-27 16:29:18,267 [INFO] ============================================================
2026-04-27 16:29:18,267 [INFO] STEP 12 — MODEL EVALUATION
2026-04-27 16:29:18,268 [INFO] ============================================================
2026-04-27 16:29:18,304 [INFO]   Val: 2198 genes  pos=88
2026-04-27 16:29:18,670 [INFO]   [extra_trees           ] AUROC=0.9159 AUPRC=0.3823 F1@0.50=0.4105 MCC@0.50=0.3917 [oracle F1@0.12=0.4293] R@100=0.4318 P@100=0.3800
2026-04-27 16:29:18,695 [INFO]   [gradient_boosting     ] AUROC=0.9228 AUPRC=0.3899 F1@0.50=0.3916 MCC@0.50=0.4080 [oracle F1@0.16=0.4471] R@100=0.4205 P@100=0.3700
2026-04-27 16:29:18,722 [INFO]   [logistic_regression   ] AUROC=0.8970 AUPRC=0.3161 F1@0.50=0.3745 MCC@0.50=0.3634 [oracle F1@0.11=0.4034] R@100=0.3750 P@100=0.3300
2026-04-27 16:29:18,865 [INFO]   [random_forest         ] AUROC=0.9181 AUPRC=0.3879 F1@0.50=0.4186 MCC@0.50=0.4100 [oracle F1@0.14=0.4332] R@100=0.4432 P@100=0.3900
2026-04-27 16:29:18,896 [INFO]   [xgboost               ] AUROC=0.9202 AUPRC=0.4005 F1@0.50=0.3495 MCC@0.50=0.3710 [oracle F1@0.22=0.4414] R@100=0.4432 P@100=0.3900
2026-04-27 16:29:18,922 [INFO]   [ensemble_soft_vote    ] AUROC=0.9223 AUPRC=0.4163 F1@0.50=0.4118 MCC@0.50=0.4214 [oracle F1@0.12=0.4461] R@100=0.4432 P@100=0.3900
2026-04-27 16:29:18,955 [INFO]   Classification reports saved to: C:\Users\rahma\Downloads\gloom updated\trial\outputs\results\classification_reports
2026-04-27 16:29:19,709 [INFO]   Confusion matrix grid saved: eval_confusion_matrices.png
2026-04-27 16:29:20,259 [INFO]   Multi-threshold confusion matrices saved: eval_confusion_multithreshold.png
2026-04-27 16:29:20,591 [ERROR] <<< Step 12 — Model evaluation FAILED: PermissionError: [Errno 13] Permission denied: 'C:\\Users\\rahma\\Downloads\\gloom updated\\trial\\outputs\\results\\model_metrics.csv'
2026-04-27 16:29:20,600 [INFO] ======================================================================
2026-04-27 16:29:20,601 [INFO] EXECUTION SUMMARY
2026-04-27 16:29:20,601 [INFO] ======================================================================
2026-04-27 16:29:20,601 [INFO]   [OK] Step 0  — Config                                  0.0s
2026-04-27 16:29:20,601 [INFO]   [OK] Step 1  — Data loading                           37.1s
2026-04-27 16:29:20,601 [INFO]   [OK] Step 2  — Preprocessing                          31.0s
2026-04-27 16:29:20,602 [INFO]   [OK] Step 3  — Harmonization                          14.3s
2026-04-27 16:29:20,602 [INFO]   [OK] Step 4  — Differential expr                       5.3s
2026-04-27 16:29:20,602 [INFO]   [OK] Step 5  — Expr features                          16.4s
2026-04-27 16:29:20,602 [INFO]   [OK] Step 6  — Co-expr network                         9.0s
2026-04-27 16:29:20,602 [INFO]   [OK] Step 7  — Network features                       90.4s
2026-04-27 16:29:20,603 [INFO]   [OK] Step 8  — Feature integration                     1.3s
2026-04-27 16:29:20,603 [INFO]   [OK] Step 9  — Label construction                      0.3s
2026-04-27 16:29:20,603 [INFO]   [OK] Step 10 — Train/val split                         1.1s
2026-04-27 16:29:20,603 [INFO]   [OK] Step 11 — Model training                        128.3s
2026-04-27 16:29:20,603 [INFO]   [FAIL] Step 12 — Model evaluation                        2.3s
2026-04-27 16:29:20,603 [INFO]   Total: 336.8s (5.6 min)
2026-04-27 16:29:20,604 [ERROR]   STOPPED at: Step 12 — Model evaluation
2026-04-27 16:44:40,454 [INFO] ======================================================================
2026-04-27 16:44:40,454 [INFO] LUAD ML PIPELINE — FULL RUN
2026-04-27 16:44:40,455 [INFO] ======================================================================
2026-04-27 16:44:40,455 [INFO] >>> Step 0  — Config
2026-04-27 16:44:40,456 [INFO] <<< Step 0  — Config DONE (0.0s)
2026-04-27 16:44:40,456 [INFO] >>> Step 1  — Data loading
2026-04-27 16:44:40,953 [INFO] ============================================================
2026-04-27 16:44:40,954 [INFO] STEP 1 — DATA LOADING
2026-04-27 16:44:40,954 [INFO] ============================================================
2026-04-27 16:44:40,954 [INFO] Loading tumor expression from: C:\Users\rahma\Downloads\gloom updated\trial\data\raw\cBioPortal (RNA Seq Data)\data_mrna_seq_v2_rsem.txt
2026-04-27 16:44:42,684 [INFO]   Raw shape: (20531, 512)
2026-04-27 16:44:42,817 [WARNING]   19 duplicate gene symbols found — keeping highest-mean row.
2026-04-27 16:44:42,949 [INFO]   Final shape: (20512, 510)
2026-04-27 16:44:42,950 [INFO] Loading tumor metadata from: C:\Users\rahma\Downloads\gloom updated\trial\data\raw\cBioPortal (RNA Seq Data)\data_clinical_patient.txt
2026-04-27 16:44:42,968 [INFO]   Raw shape: (566, 38)
2026-04-27 16:44:42,971 [INFO]   Final shape: (566, 35)
2026-04-27 16:44:42,972 [INFO] Loading normal expression from: C:\Users\rahma\Downloads\gloom updated\trial\data\raw\Gtex (normal samples)\gene_tpm_v11_lung.gct.gz
2026-04-27 16:44:42,973 [INFO]   GCT version line : #1.2
2026-04-27 16:44:42,973 [INFO]   GCT dimension line: 74628	604
2026-04-27 16:44:51,029 [INFO]   Raw shape (after preamble skip): (74628, 606)
2026-04-27 16:44:51,367 [WARNING]   1307 duplicate gene symbols — keeping highest-mean row.
2026-04-27 16:44:51,887 [INFO]   Final shape: (73321, 604)
2026-04-27 16:44:51,888 [INFO] Loading normal metadata from: C:\Users\rahma\Downloads\gloom updated\trial\data\raw\Gtex (normal samples)\GTEx_Analysis_v11_Annotations_SampleAttributesDS - LUAD.txt
2026-04-27 16:44:51,924 [INFO]   Raw shape: (1892, 119)  (all assay types)
2026-04-27 16:44:51,933 [INFO]   Retaining 11 QC columns: ['SAMPID', 'SMTS', 'SMTSD', 'SMRIN', 'SMATSSCR', 'SMRDTTL', 'SMMAPRT', 'SMRRNART', 'SMRDLGTH', 'SMNABTCHT', 'SMGEBTCHT']
2026-04-27 16:44:51,933 [INFO]   SMRIN  (RNA integrity) : mean=7.17  min=3.5  max=9.7
2026-04-27 16:44:51,934 [INFO]   SMATSSCR (autolysis)   : {0.0: 43, 1.0: 410, 2.0: 128, 3.0: 10}
2026-04-27 16:44:51,934 [INFO]   SMMAPRT  (map rate)    : mean=0.9836  min=0.8003
2026-04-27 16:44:51,934 [INFO]   Final shape: (604, 10)  (604 RNA-seq samples × 10 QC columns)
2026-04-27 16:44:51,934 [INFO] Loading labeled LUAD gene list from: C:\Users\rahma\Downloads\gloom updated\trial\data\raw\LCGene (Labeled LUAD Data)\LCGene_human_LUAD_filtered.tsv
2026-04-27 16:44:51,939 [INFO]   Raw shape: (517, 10)
2026-04-27 16:44:51,940 [INFO]   Unique labeled LUAD genes loaded: 517
2026-04-27 16:44:51,946 [INFO]   Full LCGene table saved to: C:\Users\rahma\Downloads\gloom updated\trial\data\processed\lcgene_luad_full.csv
2026-04-27 16:44:51,946 [INFO] 
Saving raw-loaded files to processed directory …
2026-04-27 16:45:18,587 [INFO] 
============================================================
2026-04-27 16:45:18,588 [INFO] STEP 1 SUMMARY
2026-04-27 16:45:18,588 [INFO] ============================================================
2026-04-27 16:45:18,588 [INFO]   Tumor expression   :  20512 genes  x  510 samples
2026-04-27 16:45:18,588 [INFO]   Normal expression  :  73321 genes  x  604 samples
2026-04-27 16:45:18,588 [INFO]   Normal metadata    :    604 RNA-seq samples  x  10 QC columns
2026-04-27 16:45:18,589 [INFO]   Labeled LUAD genes :    517 unique gene symbols (LCGene)
2026-04-27 16:45:18,589 [INFO] STEP 1 COMPLETE
2026-04-27 16:45:18,617 [INFO] <<< Step 1  — Data loading DONE (38.2s)
2026-04-27 16:45:18,618 [INFO] >>> Step 2  — Preprocessing
2026-04-27 16:45:19,978 [INFO] ============================================================
2026-04-27 16:45:19,978 [INFO] STEP 2 — DATA PREPROCESSING & QUALITY CONTROL
2026-04-27 16:45:19,978 [INFO] ============================================================
2026-04-27 16:45:24,265 [INFO] 
--- Tumor preprocessing ---
2026-04-27 16:45:24,369 [INFO]   [tumor] Replaced 1463479 zeros and 0 negatives with NaN.
2026-04-27 16:45:24,592 [INFO]   [tumor] log2(x+1) applied. Range: [0.004, 20.450]
2026-04-27 16:45:26,331 [WARNING]   [tumor] No common samples — trying TCGA ID truncation.
2026-04-27 16:45:26,362 [INFO]   [tumor] Retained 510 common samples.
2026-04-27 16:45:26,369 [INFO]   [tumor] Sample count OK: 510 >= 50.
2026-04-27 16:45:26,369 [INFO] 
--- Normal preprocessing ---
2026-04-27 16:45:26,780 [INFO]   [normal] Replaced 21868568 zeros and 0 negatives with NaN.
2026-04-27 16:45:27,769 [INFO]   [normal] log2(x+1) applied. Range: [0.000, 16.393]
2026-04-27 16:45:30,253 [INFO]   [normal] Retained 604 common samples.
2026-04-27 16:45:30,260 [INFO]   [normal] Sample count OK: 604 >= 50.
2026-04-27 16:45:30,261 [INFO] 
Generating QC plots …
2026-04-27 16:45:50,014 [INFO] 
============================================================
2026-04-27 16:45:50,014 [INFO] STEP 2 SUMMARY
2026-04-27 16:45:50,015 [INFO] ============================================================
2026-04-27 16:45:50,015 [INFO]   Tumor  expr :  16570 genes x  510 samples
2026-04-27 16:45:50,015 [INFO]   Normal expr :  21159 genes x  604 samples
2026-04-27 16:45:50,015 [INFO] STEP 2 COMPLETE
2026-04-27 16:45:50,046 [INFO] <<< Step 2  — Preprocessing DONE (31.4s)
2026-04-27 16:45:50,047 [INFO] >>> Step 3  — Harmonization
2026-04-27 16:45:50,051 [INFO] ============================================================
2026-04-27 16:45:50,052 [INFO] STEP 3 — GENE ID HARMONIZATION
2026-04-27 16:45:50,052 [INFO] ============================================================
2026-04-27 16:45:52,912 [WARNING]   [tumor] Dropping 1 invalid symbols.
2026-04-27 16:45:52,966 [INFO]   Common genes: 10986
2026-04-27 16:45:52,973 [INFO]   LCGene retained: 438 / 517 (84.7%)
2026-04-27 16:45:52,974 [WARNING]   LCGene genes lost: ABCB4, AKR1B10, ASCL1, BCL2L14, BPIFA1, BRINP1, BRSK2, C20ORF85, CA9, CASC1, CCKBR, CDX2, CHGA, CHRNA1, CHRNA5, CHRNA9, CLCA2, CLDN2, CSMD1, CYP2C19, CYP2C9, DLK1, DLX5, DPYSL5, DRD2, DSC3, ECE2, ELAVL2, EPHA7, FAM83A, FUT6, FZD9, GABRA3, GATA4, GPR87, HMGA2, HNF4A, HOXB9, IGF2BP3, INSM1, KCNH1, KCNJ3, KIF14, KIF5A, KLK6, KRT81, LEP, LGSN, MAGEA1, MAGEA6, MAGEC1, MMP13, MYO18B, NOV, NR0B1, NR1I2, NRXN1, OPCML, PAEP, PAX5, PITX2, PRAME, PTPRH, RGS17, SCGN, SERPINB4, SERPINB5, T, TERT, TF, TFAP2A, TFAP2B, TRIM31, TRPM8, UGT1A6, VIL1, VTCN1, WISP1, XDH
2026-04-27 16:46:04,676 [INFO]   Common genes: 10986
2026-04-27 16:46:04,676 [INFO] STEP 3 COMPLETE
2026-04-27 16:46:04,683 [INFO] <<< Step 3  — Harmonization DONE (14.6s)
2026-04-27 16:46:04,683 [INFO] >>> Step 4  — Differential expr
2026-04-27 16:46:04,788 [INFO] ============================================================
2026-04-27 16:46:04,788 [INFO] STEP 4 — DIFFERENTIAL EXPRESSION
2026-04-27 16:46:04,789 [INFO] ============================================================
2026-04-27 16:46:06,438 [INFO]   Tumor: (10986, 510)  Normal: (10986, 604)
2026-04-27 16:46:06,538 [INFO]   Running Welch t-test for 10986 genes …
2026-04-27 16:46:09,367 [INFO]   Significant at FDR<=0.001: 10882
2026-04-27 16:46:10,022 [INFO]   Up: 9700  Down: 15  NS: 1271
2026-04-27 16:46:10,023 [INFO] STEP 4 COMPLETE
2026-04-27 16:46:10,029 [INFO] <<< Step 4  — Differential expr DONE (5.3s)
2026-04-27 16:46:10,029 [INFO] >>> Step 5  — Expr features
2026-04-27 16:46:10,044 [INFO] ============================================================
2026-04-27 16:46:10,044 [INFO] STEP 5 — EXPRESSION FEATURE CONSTRUCTION
2026-04-27 16:46:10,044 [INFO] ============================================================
2026-04-27 16:46:11,732 [INFO]   Computing stats for [tumor] ((10986, 510)) …
2026-04-27 16:46:18,854 [INFO]   Computing stats for [normal] ((10986, 604)) …
2026-04-27 16:46:25,775 [INFO]   [expression_features] Validated. Shape: (10986, 29)
2026-04-27 16:46:26,452 [INFO]   Expression features: (10986, 29)
2026-04-27 16:46:26,452 [INFO] STEP 5 COMPLETE
2026-04-27 16:46:26,458 [INFO] <<< Step 5  — Expr features DONE (16.4s)
2026-04-27 16:46:26,458 [INFO] >>> Step 6  — Co-expr network
2026-04-27 16:46:26,697 [INFO] ============================================================
2026-04-27 16:46:26,697 [INFO] STEP 6 — CO-EXPRESSION NETWORK CONSTRUCTION
2026-04-27 16:46:26,697 [INFO] ============================================================
2026-04-27 16:46:27,459 [INFO]   Matrix: 10986 genes x 510 samples | cutoff |r|>=0.6
2026-04-27 16:46:28,617 [INFO]   Chunk 10/22 edges so far: 86,077 (1.1s)
2026-04-27 16:46:29,499 [INFO]   Chunk 20/22 edges so far: 109,749 (2.0s)
2026-04-27 16:46:29,720 [INFO]   Chunk 22/22 edges so far: 110,508 (2.2s)
2026-04-27 16:46:29,773 [INFO]   Total edges: 110,508
2026-04-27 16:46:32,732 [INFO]   Graph: 4,977 nodes, 110,508 edges
2026-04-27 16:46:35,382 [INFO]   Runtime: 2.4s
2026-04-27 16:46:35,383 [INFO] STEP 6 COMPLETE
2026-04-27 16:46:35,388 [INFO] <<< Step 6  — Co-expr network DONE (8.9s)
2026-04-27 16:46:35,388 [INFO] >>> Step 7  — Network features
2026-04-27 16:46:35,391 [INFO] ============================================================
2026-04-27 16:46:35,391 [INFO] STEP 7 — NETWORK FEATURE EXTRACTION
2026-04-27 16:46:35,391 [INFO] ============================================================
2026-04-27 16:46:37,091 [INFO]   Graph: 10,986 nodes, 110,508 edges
2026-04-27 16:46:37,095 [INFO]   Extracting degree features …
2026-04-27 16:46:37,145 [INFO]   Extracting average neighbour degree …
2026-04-27 16:46:37,177 [INFO]   Betweenness centrality (n=10,986) …
2026-04-27 16:46:48,434 [INFO]   Closeness centrality …
2026-04-27 16:47:49,827 [INFO]   Eigenvector centrality …
2026-04-27 16:47:51,821 [INFO]   Clustering coefficient …
2026-04-27 16:48:10,095 [INFO]   Edge weight statistics …
2026-04-27 16:48:10,317 [INFO]   Component features …
2026-04-27 16:48:10,349 [INFO]   All features extracted in 93.3s
2026-04-27 16:48:11,328 [INFO]   Network features: (10986, 13)
2026-04-27 16:48:11,328 [INFO] STEP 7 COMPLETE
2026-04-27 16:48:11,330 [INFO] <<< Step 7  — Network features DONE (95.9s)
2026-04-27 16:48:11,331 [INFO] >>> Step 8  — Feature integration
2026-04-27 16:48:11,618 [INFO] ============================================================
2026-04-27 16:48:11,618 [INFO] STEP 8 — FEATURE INTEGRATION
2026-04-27 16:48:11,618 [INFO] ============================================================
2026-04-27 16:48:11,681 [INFO]   Expression: (10986, 29)  Network: (10986, 13)
2026-04-27 16:48:11,687 [INFO]   Concatenated: (10986, 42)
2026-04-27 16:48:11,694 [INFO]   Removed 21 collinear features: ['weighted_degree', 'component_size', 'min_edge_weight', 'tumor_median', 'normal_median', 't_stat', 'tumor_iqr_rank', 'tumor_mean_rank', 'cohens_d_rank', 'abs_log2fc_rank', 'neg_log10_padj_rank', 'betweenness_centrality', 'clustering_coefficient', 'max_edge_weight', 'std_edge_weight', 'in_largest_component', 'log2fc', 'iqr_ratio', 'std_ratio', 'tumor_kurtosis', 'normal_kurtosis']
2026-04-27 16:48:11,695 [INFO]   Features after collinearity removal: 21
2026-04-27 16:48:11,712 [INFO]   Highly correlated pairs (|r|>=0.95): 2
2026-04-27 16:48:12,070 [INFO]   Differential network features added: 9 columns (coverage: 10,986/10,986 genes)
2026-04-27 16:48:12,576 [INFO]   Integrated features: (10986, 30)
2026-04-27 16:48:12,576 [INFO] STEP 8 COMPLETE
2026-04-27 16:48:12,578 [INFO] <<< Step 8  — Feature integration DONE (1.2s)
2026-04-27 16:48:12,578 [INFO] >>> Step 9  — Label construction
2026-04-27 16:48:12,580 [INFO] ============================================================
2026-04-27 16:48:12,580 [INFO] STEP 9 — LABEL CONSTRUCTION
2026-04-27 16:48:12,580 [INFO] ============================================================
2026-04-27 16:48:12,641 [INFO]   LCGene symbols: 517
2026-04-27 16:48:12,645 [INFO]   Total: 10986  Positive (known LCGene): 438 (3.99%)  Unlabeled: 10548
2026-04-27 16:48:12,645 [INFO]   [PU framing] Negatives are UNLABELED — not confirmed non-cancer genes.
2026-04-27 16:48:12,827 [INFO]   LCGene genes unmatched: 79
2026-04-27 16:48:12,828 [INFO] STEP 9 COMPLETE
2026-04-27 16:48:12,829 [INFO] <<< Step 9  — Label construction DONE (0.3s)
2026-04-27 16:48:12,829 [INFO] >>> Step 10 — Train/val split
2026-04-27 16:48:12,832 [INFO] ============================================================
2026-04-27 16:48:12,832 [INFO] STEP 10 — TRAIN/VALIDATION SPLIT
2026-04-27 16:48:12,832 [INFO] ============================================================
2026-04-27 16:48:12,884 [INFO]   Features: (10986, 30)  Labels: 10986
2026-04-27 16:48:12,891 [INFO]   Train: 8788 (pos=350)  Val: 2198 (pos=88)
2026-04-27 16:48:13,775 [INFO] STEP 10 COMPLETE
2026-04-27 16:48:13,777 [INFO] <<< Step 10 — Train/val split DONE (0.9s)
2026-04-27 16:48:13,777 [INFO] >>> Step 11 — Model training
2026-04-27 16:48:13,863 [INFO] ============================================================
2026-04-27 16:48:13,864 [INFO] STEP 11 — MODEL TRAINING
2026-04-27 16:48:13,864 [INFO] ============================================================
2026-04-27 16:48:13,945 [INFO]   X_train: (8788, 30)  pos=350
2026-04-27 16:48:13,999 [INFO]   XGBoost added (scale_pos_weight=24.1)
2026-04-27 16:48:14,167 [INFO]   SMOTE enabled (imbalanced-learn found).
2026-04-27 16:48:14,167 [INFO]   Random undersampling enabled (imbalanced-learn found).
2026-04-27 16:48:14,167 [INFO] 
  [random_forest] CV ...
2026-04-27 16:48:17,233 [INFO]     Fold 1 AUROC=0.9142 AUPRC=0.2700 F1=0.3229 MCC=0.2993
2026-04-27 16:48:20,046 [INFO]     Fold 2 AUROC=0.8926 AUPRC=0.2708 F1=0.2694 MCC=0.2407
2026-04-27 16:48:23,099 [INFO]     Fold 3 AUROC=0.9086 AUPRC=0.2870 F1=0.3263 MCC=0.3025
2026-04-27 16:48:26,075 [INFO]     Fold 4 AUROC=0.9264 AUPRC=0.3034 F1=0.4105 MCC=0.3947
2026-04-27 16:48:29,088 [INFO]     Fold 5 AUROC=0.9024 AUPRC=0.2296 F1=0.3095 MCC=0.2802
2026-04-27 16:48:29,088 [INFO]   [random_forest] AUROC=0.9088±0.0113  AUPRC=0.2721±0.0246  F1=0.3277±0.0461  MCC=0.3035±0.0507
2026-04-27 16:48:29,095 [INFO]   [random_forest] Hyperparameter tuning (RandomizedSearchCV n_iter=20, cv=3, scoring=average_precision) ...
2026-04-27 16:49:11,123 [INFO]   [random_forest] Best params: {'n_estimators': 500, 'min_samples_leaf': 5, 'max_features': 'sqrt', 'max_depth': 20}  CV-AUPRC=0.3345
2026-04-27 16:49:11,315 [INFO] 
  [gradient_boosting] CV ...
2026-04-27 16:49:17,062 [INFO]     Fold 1 AUROC=0.9210 AUPRC=0.2899 F1=0.3614 MCC=0.3643
2026-04-27 16:49:22,694 [INFO]     Fold 2 AUROC=0.8963 AUPRC=0.2710 F1=0.3158 MCC=0.3161
2026-04-27 16:49:28,356 [INFO]     Fold 3 AUROC=0.9089 AUPRC=0.3260 F1=0.3226 MCC=0.3174
2026-04-27 16:49:33,952 [INFO]     Fold 4 AUROC=0.9311 AUPRC=0.3696 F1=0.4127 MCC=0.4273
2026-04-27 16:49:39,561 [INFO]     Fold 5 AUROC=0.9081 AUPRC=0.2691 F1=0.3379 MCC=0.3245
2026-04-27 16:49:39,562 [INFO]   [gradient_boosting] AUROC=0.9131±0.0119  AUPRC=0.3051±0.0381  F1=0.3501±0.0350  MCC=0.3499±0.0425
2026-04-27 16:49:39,566 [INFO]   [gradient_boosting] Hyperparameter tuning (RandomizedSearchCV n_iter=20, cv=3, scoring=average_precision) ...
2026-04-27 16:49:54,899 [INFO]   [gradient_boosting] Best params: {'subsample': 0.7, 'n_estimators': 300, 'max_depth': 3, 'learning_rate': 0.05}  CV-AUPRC=0.3308
2026-04-27 16:49:54,923 [INFO] 
  [logistic_regression] CV ...
2026-04-27 16:49:56,599 [INFO]     Fold 1 AUROC=0.9324 AUPRC=0.3454 F1=0.3002 MCC=0.3549
2026-04-27 16:49:58,189 [INFO]     Fold 2 AUROC=0.8949 AUPRC=0.2613 F1=0.2798 MCC=0.3138
2026-04-27 16:49:59,795 [INFO]     Fold 3 AUROC=0.9265 AUPRC=0.3349 F1=0.3111 MCC=0.3679
2026-04-27 16:50:01,478 [INFO]     Fold 4 AUROC=0.9237 AUPRC=0.3598 F1=0.2952 MCC=0.3391
2026-04-27 16:50:03,206 [INFO]     Fold 5 AUROC=0.9029 AUPRC=0.2554 F1=0.3099 MCC=0.3392
2026-04-27 16:50:03,206 [INFO]   [logistic_regression] AUROC=0.9161±0.0145  AUPRC=0.3113±0.0440  F1=0.2993±0.0114  MCC=0.3430±0.0181
2026-04-27 16:50:04,115 [INFO] 
  [extra_trees] CV ...
2026-04-27 16:50:05,090 [INFO]     Fold 1 AUROC=0.9132 AUPRC=0.2788 F1=0.3117 MCC=0.2817
2026-04-27 16:50:06,091 [INFO]     Fold 2 AUROC=0.8945 AUPRC=0.2476 F1=0.2727 MCC=0.2417
2026-04-27 16:50:07,207 [INFO]     Fold 3 AUROC=0.9102 AUPRC=0.3088 F1=0.3787 MCC=0.3541
2026-04-27 16:50:08,251 [INFO]     Fold 4 AUROC=0.9144 AUPRC=0.2914 F1=0.3506 MCC=0.3226
2026-04-27 16:50:09,224 [INFO]     Fold 5 AUROC=0.9005 AUPRC=0.2311 F1=0.2548 MCC=0.2218
2026-04-27 16:50:09,225 [INFO]   [extra_trees] AUROC=0.9066±0.0078  AUPRC=0.2716±0.0285  F1=0.3137±0.0464  MCC=0.2844±0.0491
2026-04-27 16:50:10,283 [INFO] 
  [xgboost] CV ...
2026-04-27 16:50:10,845 [INFO]     Fold 1 AUROC=0.9165 AUPRC=0.2906 F1=0.2913 MCC=0.3409
2026-04-27 16:50:11,222 [INFO]     Fold 2 AUROC=0.8900 AUPRC=0.2592 F1=0.2762 MCC=0.3210
2026-04-27 16:50:11,612 [INFO]     Fold 3 AUROC=0.8963 AUPRC=0.2646 F1=0.2769 MCC=0.3111
2026-04-27 16:50:12,010 [INFO]     Fold 4 AUROC=0.9269 AUPRC=0.3037 F1=0.3257 MCC=0.3841
2026-04-27 16:50:12,399 [INFO]     Fold 5 AUROC=0.8993 AUPRC=0.2407 F1=0.2899 MCC=0.3127
2026-04-27 16:50:12,400 [INFO]   [xgboost] AUROC=0.9058±0.0137  AUPRC=0.2718±0.0226  F1=0.2920±0.0180  MCC=0.3340±0.0272
2026-04-27 16:50:12,408 [INFO]   [xgboost] Hyperparameter tuning (RandomizedSearchCV n_iter=20, cv=3, scoring=average_precision) ...
2026-04-27 16:50:20,771 [INFO]   [xgboost] Best params: {'subsample': 0.9, 'n_estimators': 500, 'max_depth': 3, 'learning_rate': 0.01, 'colsample_bytree': 1.0}  CV-AUPRC=0.3444
2026-04-27 16:50:20,792 [INFO] 
All models trained in 126.8s
2026-04-27 16:50:20,794 [INFO]   Best: logistic_regression (AUPRC=0.3113)
2026-04-27 16:50:20,800 [INFO]   Best model (logistic_regression, already calibrated) saved as best_model.joblib
2026-04-27 16:50:21,028 [INFO] STEP 11 COMPLETE
2026-04-27 16:50:21,065 [INFO] <<< Step 11 — Model training DONE (127.3s)
2026-04-27 16:50:21,066 [INFO] >>> Step 12 — Model evaluation
2026-04-27 16:50:21,069 [INFO] ============================================================
2026-04-27 16:50:21,069 [INFO] STEP 12 — MODEL EVALUATION
2026-04-27 16:50:21,069 [INFO] ============================================================
2026-04-27 16:50:21,108 [INFO]   Val: 2198 genes  pos=88
2026-04-27 16:50:21,518 [INFO]   [extra_trees           ] AUROC=0.9148 AUPRC=0.3799 F1@0.50=0.4414 MCC@0.50=0.4232 [oracle F1@0.10=0.4455] R@100=0.4205 P@100=0.3700
2026-04-27 16:50:21,544 [INFO]   [gradient_boosting     ] AUROC=0.9206 AUPRC=0.3799 F1@0.50=0.3544 MCC@0.50=0.3627 [oracle F1@0.28=0.4364] R@100=0.4205 P@100=0.3700
2026-04-27 16:50:21,566 [INFO]   [logistic_regression   ] AUROC=0.9109 AUPRC=0.3305 F1@0.50=0.3835 MCC@0.50=0.3732 [oracle F1@0.12=0.4068] R@100=0.3977 P@100=0.3500
2026-04-27 16:50:21,690 [INFO]   [random_forest         ] AUROC=0.9174 AUPRC=0.3895 F1@0.50=0.4106 MCC@0.50=0.4029 [oracle F1@0.27=0.4258] R@100=0.4318 P@100=0.3800
2026-04-27 16:50:21,721 [INFO]   [xgboost               ] AUROC=0.9204 AUPRC=0.4051 F1@0.50=0.3529 MCC@0.50=0.3763 [oracle F1@0.23=0.4414] R@100=0.4432 P@100=0.3900
2026-04-27 16:50:21,749 [INFO]   [ensemble_soft_vote    ] AUROC=0.9230 AUPRC=0.4065 F1@0.50=0.4106 MCC@0.50=0.4183 [oracle F1@0.25=0.4615] R@100=0.4545 P@100=0.4000
2026-04-27 16:50:21,779 [INFO]   Classification reports saved to: C:\Users\rahma\Downloads\gloom updated\trial\outputs\results\classification_reports
2026-04-27 16:50:22,701 [INFO]   Confusion matrix grid saved: eval_confusion_matrices.png
2026-04-27 16:50:23,282 [INFO]   Multi-threshold confusion matrices saved: eval_confusion_multithreshold.png
2026-04-27 16:50:23,585 [INFO] STEP 12 COMPLETE
2026-04-27 16:50:23,606 [INFO] <<< Step 12 — Model evaluation DONE (2.5s)
2026-04-27 16:50:23,607 [INFO] >>> Step 13 — Feature importance
2026-04-27 16:50:23,619 [INFO] ============================================================
2026-04-27 16:50:23,620 [INFO] STEP 13 — FEATURE IMPORTANCE
2026-04-27 16:50:23,620 [INFO] ============================================================
2026-04-27 16:50:23,944 [INFO]   [logistic_regression] Permutation importance (n_repeats=10) …
2026-04-27 16:50:24,116 [INFO]   Top 5: {'tumor_std': 0.9999999999720408, 'degree': 0.9576275014413554, 'delta_mean_edge_weight': 0.6546656427216035, 'tumor_normal_mean_ratio': 0.5965577991430985, 'normal_std': 0.44206532049177294}
2026-04-27 16:50:24,243 [INFO]   Feature importance shape: (30, 5)
2026-04-27 16:50:24,243 [INFO]   Top feature: tumor_std (1.0000)
2026-04-27 16:50:24,244 [INFO] STEP 13 COMPLETE
2026-04-27 16:50:24,250 [INFO] <<< Step 13 — Feature importance DONE (0.6s)
2026-04-27 16:50:24,250 [INFO] >>> Step 14 — Gene ranking
2026-04-27 16:50:24,253 [INFO] ============================================================
2026-04-27 16:50:24,253 [INFO] STEP 14 — GENE PREDICTION & RANKING
2026-04-27 16:50:24,253 [INFO] ============================================================
2026-04-27 16:50:24,325 [INFO]   Using PU bagging scores from step11b for gene ranking (principled PU learning).
2026-04-27 16:50:24,335 [INFO]   PU bagging scores loaded: 10,986 genes.
2026-04-27 16:50:24,336 [INFO]   Score source: pu_bagging  |  novel threshold: 0.7
2026-04-27 16:50:24,358 [INFO]   Total: 10,986  Novel candidates (prob>=0.7): 920  Sensitivity list (prob>=0.5): 2,074
2026-04-27 16:50:24,358 [INFO]   Median positive (known) rank: 250
2026-04-27 16:50:24,358 [INFO]   Positive (known) in top-50:  50  top-100: 99  top-200: 181  top-500: 317
2026-04-27 16:50:24,358 [INFO]   Recall@50=0.1142  Recall@100=0.2260  Recall@200=0.4132  Recall@500=0.7237
2026-04-27 16:50:24,358 [INFO]   Precision@50=1.0000  Precision@100=0.9900
2026-04-27 16:50:24,831 [INFO]   High-confidence novel candidates saved: 920 genes (prob>=0.7)
2026-04-27 16:50:24,831 [INFO]   Sensitivity novel candidates saved:     2074 genes (prob>=0.5)
2026-04-27 16:50:24,832 [INFO]   Query gene rankings saved: 0 genes
2026-04-27 16:50:24,833 [INFO] STEP 14 COMPLETE
2026-04-27 16:50:24,835 [INFO] <<< Step 14 — Gene ranking DONE (0.6s)
2026-04-27 16:50:24,835 [INFO] >>> Step 15 — Network annotation
2026-04-27 16:50:24,837 [INFO] ============================================================
2026-04-27 16:50:24,838 [INFO] STEP 15 — NETWORK ANNOTATION
2026-04-27 16:50:24,838 [INFO] ============================================================
2026-04-27 16:50:26,913 [INFO]   Graph: 10,986 nodes, 110,508 edges
2026-04-27 16:50:28,064 [INFO]   Positive edges: 108,468  Negative: 2,040
2026-04-27 16:50:33,324 [INFO]   LCGene nodes: 438  Novel: 920
2026-04-27 16:50:33,324 [INFO] STEP 15 COMPLETE
2026-04-27 16:50:33,348 [INFO] <<< Step 15 — Network annotation DONE (8.5s)
2026-04-27 16:50:33,348 [INFO] >>> Step 16 — Network export
2026-04-27 16:50:33,353 [INFO] ============================================================
2026-04-27 16:50:33,354 [INFO] STEP 16 — NETWORK EXPORT
2026-04-27 16:50:33,354 [INFO] ============================================================
2026-04-27 16:50:36,667 [INFO]   Graph: 10,986 nodes, 110,508 edges
2026-04-27 16:50:42,440 [INFO]   GraphML saved: C:\Users\rahma\Downloads\gloom updated\trial\outputs\results\network\exports/network_full.graphml
2026-04-27 16:50:47,282 [INFO]   Full network exports complete.
2026-04-27 16:50:47,309 [INFO]   [top100] 100 nodes, 51 edges
2026-04-27 16:50:47,398 [INFO]   [lcgene] 438 nodes, 925 edges
2026-04-27 16:50:47,676 [INFO]   [novel] 920 nodes, 2305 edges
2026-04-27 16:50:48,192 [INFO]   [candidates] 1332 nodes, 5823 edges
2026-04-27 16:50:52,897 [INFO] 
  Sub-networks:
2026-04-27 16:50:52,897 [INFO]     top100               nodes=  100  edges=     51
2026-04-27 16:50:52,897 [INFO]     lcgene               nodes=  438  edges=    925
2026-04-27 16:50:52,897 [INFO]     novel                nodes=  920  edges=  2,305
2026-04-27 16:50:52,898 [INFO]     candidates           nodes=1,332  edges=  5,823
2026-04-27 16:50:52,898 [INFO] STEP 16 COMPLETE
2026-04-27 16:50:52,927 [INFO] <<< Step 16 — Network export DONE (19.6s)
2026-04-27 16:50:52,928 [INFO] >>> Step 17 — Visualization
2026-04-27 16:50:53,150 [INFO] ============================================================
2026-04-27 16:50:53,151 [INFO] STEP 17 — INTERACTIVE VISUALIZATION
2026-04-27 16:50:53,151 [INFO] ============================================================
2026-04-27 16:50:53,341 [INFO] [1] Volcano …
2026-04-27 16:50:53,785 [INFO]   Volcano saved: C:\Users\rahma\Downloads\gloom updated\trial\outputs\figures\interactive_volcano.html
2026-04-27 16:50:53,786 [INFO] [2] Ranking …
2026-04-27 16:50:54,047 [INFO]   Ranking plot saved: C:\Users\rahma\Downloads\gloom updated\trial\outputs\figures\interactive_ranking.html
2026-04-27 16:50:54,049 [INFO] [3] Network …
2026-04-27 16:50:54,197 [INFO]   Network plot saved: C:\Users\rahma\Downloads\gloom updated\trial\outputs\figures\interactive_network.html
2026-04-27 16:50:54,197 [INFO] [4] Feature importance …
2026-04-27 16:50:54,249 [INFO]   Feature importance saved: C:\Users\rahma\Downloads\gloom updated\trial\outputs\figures\interactive_feature_importance.html
2026-04-27 16:50:54,250 [INFO] [5] KEGG pathways …
2026-04-27 16:50:54,309 [INFO]   KEGG plot saved: C:\Users\rahma\Downloads\gloom updated\trial\outputs\figures\interactive_kegg.html
2026-04-27 16:50:54,309 [INFO] [6] Dashboard …
2026-04-27 16:50:54,401 [INFO]   Combined dashboard saved: C:\Users\rahma\Downloads\gloom updated\trial\outputs\figures\interactive_dashboard.html
2026-04-27 16:50:54,405 [INFO] STEP 17 COMPLETE
2026-04-27 16:50:54,407 [INFO] <<< Step 17 — Visualization DONE (1.5s)
2026-04-27 16:50:54,408 [INFO] >>> Step 18 — Final report
2026-04-27 16:50:54,412 [INFO] ============================================================
2026-04-27 16:50:54,413 [INFO] STEP 18 — FINAL OUTPUTS & REPORTING
2026-04-27 16:50:54,413 [INFO] ============================================================
2026-04-27 16:50:54,414 [INFO] [1] Building summary table …
2026-04-27 16:50:54,661 [INFO]   Summary table: (10986, 29)
2026-04-27 16:50:54,662 [INFO] [2] Building text report …
2026-04-27 16:50:54,683 [ERROR]   Report failed: 'mcc'
2026-04-27 16:50:54,684 [INFO] [3] Building summary figure …
2026-04-27 16:50:55,858 [INFO]   Summary figure (PNG) saved: C:\Users\rahma\Downloads\gloom updated\trial\outputs\results\reports\pipeline_summary_figure.png
2026-04-27 16:50:56,703 [INFO]   Summary figure (PDF) saved: C:\Users\rahma\Downloads\gloom updated\trial\outputs\results\reports\pipeline_summary_figure.pdf
2026-04-27 16:50:56,703 [INFO] [4] Writing master runner …
2026-04-27 16:50:56,704 [INFO]   Master runner saved: C:\Users\rahma\Downloads\gloom updated\trial\LUAD_ML_Pipeline\run_pipeline.py
2026-04-27 16:50:56,704 [INFO] ============================================================
2026-04-27 16:50:56,705 [INFO] STEP 18 SUMMARY
2026-04-27 16:50:56,705 [INFO] ============================================================
2026-04-27 16:50:56,705 [INFO]   Summary table: C:\Users\rahma\Downloads\gloom updated\trial\outputs\results\reports/pipeline_summary_table.csv
2026-04-27 16:50:56,705 [INFO]   Text report  : C:\Users\rahma\Downloads\gloom updated\trial\outputs\results\reports/pipeline_report.txt
2026-04-27 16:50:56,705 [INFO]   Summary fig  : C:\Users\rahma\Downloads\gloom updated\trial\outputs\results\reports/pipeline_summary_figure.png
2026-04-27 16:50:56,705 [INFO]   Master runner: C:\Users\rahma\Downloads\gloom updated\trial\LUAD_ML_Pipeline\run_pipeline.py
2026-04-27 16:50:56,705 [INFO] 
2026-04-27 16:50:56,705 [INFO]   Key deliverables:
2026-04-27 16:50:56,705 [INFO]     Gene rankings    : C:\Users\rahma\Downloads\gloom updated\trial\outputs\results\gene_rankings.csv
2026-04-27 16:50:56,705 [INFO]     Novel candidates : C:\Users\rahma\Downloads\gloom updated\trial\outputs\results/novel_candidates.csv
2026-04-27 16:50:56,705 [INFO]     Dashboard        : C:\Users\rahma\Downloads\gloom updated\trial\outputs\figures/interactive_dashboard.html
2026-04-27 16:50:56,705 [INFO] STEP 18 COMPLETE
2026-04-27 16:50:56,707 [INFO] <<< Step 18 — Final report DONE (2.3s)
2026-04-27 16:50:56,707 [INFO] ======================================================================
2026-04-27 16:50:56,707 [INFO] EXECUTION SUMMARY
2026-04-27 16:50:56,707 [INFO] ======================================================================
2026-04-27 16:50:56,707 [INFO]   [OK] Step 0  — Config                                  0.0s
2026-04-27 16:50:56,707 [INFO]   [OK] Step 1  — Data loading                           38.2s
2026-04-27 16:50:56,708 [INFO]   [OK] Step 2  — Preprocessing                          31.4s
2026-04-27 16:50:56,708 [INFO]   [OK] Step 3  — Harmonization                          14.6s
2026-04-27 16:50:56,708 [INFO]   [OK] Step 4  — Differential expr                       5.3s
2026-04-27 16:50:56,708 [INFO]   [OK] Step 5  — Expr features                          16.4s
2026-04-27 16:50:56,708 [INFO]   [OK] Step 6  — Co-expr network                         8.9s
2026-04-27 16:50:56,708 [INFO]   [OK] Step 7  — Network features                       95.9s
2026-04-27 16:50:56,709 [INFO]   [OK] Step 8  — Feature integration                     1.2s
2026-04-27 16:50:56,709 [INFO]   [OK] Step 9  — Label construction                      0.3s
2026-04-27 16:50:56,709 [INFO]   [OK] Step 10 — Train/val split                         0.9s
2026-04-27 16:50:56,709 [INFO]   [OK] Step 11 — Model training                        127.3s
2026-04-27 16:50:56,709 [INFO]   [OK] Step 12 — Model evaluation                        2.5s
2026-04-27 16:50:56,709 [INFO]   [OK] Step 13 — Feature importance                      0.6s
2026-04-27 16:50:56,709 [INFO]   [OK] Step 14 — Gene ranking                            0.6s
2026-04-27 16:50:56,709 [INFO]   [OK] Step 15 — Network annotation                      8.5s
2026-04-27 16:50:56,710 [INFO]   [OK] Step 16 — Network export                         19.6s
2026-04-27 16:50:56,710 [INFO]   [OK] Step 17 — Visualization                           1.5s
2026-04-27 16:50:56,710 [INFO]   [OK] Step 18 — Final report                            2.3s
2026-04-27 16:50:56,710 [INFO]   Total: 376.3s (6.3 min)
2026-04-27 16:50:56,710 [INFO]   Pipeline COMPLETE.
2026-04-27 16:50:56,710 [INFO] ======================================================================
2026-04-27 17:09:04,946 [INFO] ======================================================================
2026-04-27 17:09:04,946 [INFO] LUAD ML PIPELINE — FULL RUN
2026-04-27 17:09:04,946 [INFO] ======================================================================
2026-04-27 17:09:04,946 [INFO] >>> Step 0  — Config
2026-04-27 17:09:04,947 [INFO] <<< Step 0  — Config DONE (0.0s)
2026-04-27 17:09:04,947 [INFO] >>> Step 1  — Data loading
2026-04-27 17:09:05,451 [INFO] ============================================================
2026-04-27 17:09:05,451 [INFO] STEP 1 — DATA LOADING
2026-04-27 17:09:05,451 [INFO] ============================================================
2026-04-27 17:09:05,451 [INFO] Loading tumor expression from: C:\Users\rahma\Downloads\gloom updated\trial\data\raw\cBioPortal (RNA Seq Data)\data_mrna_seq_v2_rsem.txt
2026-04-27 17:09:07,241 [INFO]   Raw shape: (20531, 512)
2026-04-27 17:09:07,372 [WARNING]   19 duplicate gene symbols found — keeping highest-mean row.
2026-04-27 17:09:07,497 [INFO]   Final shape: (20512, 510)
2026-04-27 17:09:07,497 [INFO] Loading tumor metadata from: C:\Users\rahma\Downloads\gloom updated\trial\data\raw\cBioPortal (RNA Seq Data)\data_clinical_patient.txt
2026-04-27 17:09:07,514 [INFO]   Raw shape: (566, 38)
2026-04-27 17:09:07,517 [INFO]   Final shape: (566, 35)
2026-04-27 17:09:07,517 [INFO] Loading normal expression from: C:\Users\rahma\Downloads\gloom updated\trial\data\raw\Gtex (normal samples)\gene_tpm_v11_lung.gct.gz
2026-04-27 17:09:07,519 [INFO]   GCT version line : #1.2
2026-04-27 17:09:07,519 [INFO]   GCT dimension line: 74628	604
2026-04-27 17:09:15,742 [INFO]   Raw shape (after preamble skip): (74628, 606)
2026-04-27 17:09:16,092 [WARNING]   1307 duplicate gene symbols — keeping highest-mean row.
2026-04-27 17:09:16,629 [INFO]   Final shape: (73321, 604)
2026-04-27 17:09:16,630 [INFO] Loading normal metadata from: C:\Users\rahma\Downloads\gloom updated\trial\data\raw\Gtex (normal samples)\GTEx_Analysis_v11_Annotations_SampleAttributesDS - LUAD.txt
2026-04-27 17:09:16,665 [INFO]   Raw shape: (1892, 119)  (all assay types)
2026-04-27 17:09:16,673 [INFO]   Retaining 11 QC columns: ['SAMPID', 'SMTS', 'SMTSD', 'SMRIN', 'SMATSSCR', 'SMRDTTL', 'SMMAPRT', 'SMRRNART', 'SMRDLGTH', 'SMNABTCHT', 'SMGEBTCHT']
2026-04-27 17:09:16,674 [INFO]   SMRIN  (RNA integrity) : mean=7.17  min=3.5  max=9.7
2026-04-27 17:09:16,675 [INFO]   SMATSSCR (autolysis)   : {0.0: 43, 1.0: 410, 2.0: 128, 3.0: 10}
2026-04-27 17:09:16,675 [INFO]   SMMAPRT  (map rate)    : mean=0.9836  min=0.8003
2026-04-27 17:09:16,675 [INFO]   Final shape: (604, 10)  (604 RNA-seq samples × 10 QC columns)
2026-04-27 17:09:16,675 [INFO] Loading labeled LUAD gene list from: C:\Users\rahma\Downloads\gloom updated\trial\data\raw\LCGene (Labeled LUAD Data)\LCGene_human_LUAD_filtered.tsv
2026-04-27 17:09:16,679 [INFO]   Raw shape: (517, 10)
2026-04-27 17:09:16,680 [INFO]   Unique labeled LUAD genes loaded: 517
2026-04-27 17:09:16,687 [INFO]   Full LCGene table saved to: C:\Users\rahma\Downloads\gloom updated\trial\data\processed\lcgene_luad_full.csv
2026-04-27 17:09:16,687 [INFO] 
Saving raw-loaded files to processed directory …
2026-04-27 17:09:43,241 [INFO] 
============================================================
2026-04-27 17:09:43,241 [INFO] STEP 1 SUMMARY
2026-04-27 17:09:43,241 [INFO] ============================================================
2026-04-27 17:09:43,242 [INFO]   Tumor expression   :  20512 genes  x  510 samples
2026-04-27 17:09:43,242 [INFO]   Normal expression  :  73321 genes  x  604 samples
2026-04-27 17:09:43,242 [INFO]   Normal metadata    :    604 RNA-seq samples  x  10 QC columns
2026-04-27 17:09:43,242 [INFO]   Labeled LUAD genes :    517 unique gene symbols (LCGene)
2026-04-27 17:09:43,242 [INFO] STEP 1 COMPLETE
2026-04-27 17:09:43,277 [INFO] <<< Step 1  — Data loading DONE (38.3s)
2026-04-27 17:09:43,278 [INFO] >>> Step 2  — Preprocessing
2026-04-27 17:09:44,518 [INFO] ============================================================
2026-04-27 17:09:44,518 [INFO] STEP 2 — DATA PREPROCESSING & QUALITY CONTROL
2026-04-27 17:09:44,518 [INFO] ============================================================
2026-04-27 17:09:48,694 [INFO] 
--- Tumor preprocessing ---
2026-04-27 17:09:48,809 [INFO]   [tumor] Replaced 1463479 zeros and 0 negatives with NaN.
2026-04-27 17:09:49,047 [INFO]   [tumor] log2(x+1) applied. Range: [0.004, 20.450]
2026-04-27 17:09:50,808 [WARNING]   [tumor] No common samples — trying TCGA ID truncation.
2026-04-27 17:09:50,838 [INFO]   [tumor] Retained 510 common samples.
2026-04-27 17:09:50,845 [INFO]   [tumor] Sample count OK: 510 >= 50.
2026-04-27 17:09:50,845 [INFO] 
--- Normal preprocessing ---
2026-04-27 17:09:51,285 [INFO]   [normal] Replaced 21868568 zeros and 0 negatives with NaN.
2026-04-27 17:09:52,291 [INFO]   [normal] log2(x+1) applied. Range: [0.000, 16.393]
2026-04-27 17:09:54,778 [INFO]   [normal] Retained 604 common samples.
2026-04-27 17:09:54,783 [INFO]   [normal] Sample count OK: 604 >= 50.
2026-04-27 17:09:54,784 [INFO] 
Generating QC plots …
2026-04-27 17:10:15,063 [INFO] 
============================================================
2026-04-27 17:10:15,063 [INFO] STEP 2 SUMMARY
2026-04-27 17:10:15,063 [INFO] ============================================================
2026-04-27 17:10:15,063 [INFO]   Tumor  expr :  16570 genes x  510 samples
2026-04-27 17:10:15,063 [INFO]   Normal expr :  21159 genes x  604 samples
2026-04-27 17:10:15,063 [INFO] STEP 2 COMPLETE
2026-04-27 17:10:15,102 [INFO] <<< Step 2  — Preprocessing DONE (31.8s)
2026-04-27 17:10:15,103 [INFO] >>> Step 3  — Harmonization
2026-04-27 17:10:15,105 [INFO] ============================================================
2026-04-27 17:10:15,106 [INFO] STEP 3 — GENE ID HARMONIZATION
2026-04-27 17:10:15,106 [INFO] ============================================================
2026-04-27 17:10:17,954 [WARNING]   [tumor] Dropping 1 invalid symbols.
2026-04-27 17:10:18,004 [INFO]   Common genes: 10986
2026-04-27 17:10:18,009 [INFO]   LCGene retained: 438 / 517 (84.7%)
2026-04-27 17:10:18,010 [WARNING]   LCGene genes lost: ABCB4, AKR1B10, ASCL1, BCL2L14, BPIFA1, BRINP1, BRSK2, C20ORF85, CA9, CASC1, CCKBR, CDX2, CHGA, CHRNA1, CHRNA5, CHRNA9, CLCA2, CLDN2, CSMD1, CYP2C19, CYP2C9, DLK1, DLX5, DPYSL5, DRD2, DSC3, ECE2, ELAVL2, EPHA7, FAM83A, FUT6, FZD9, GABRA3, GATA4, GPR87, HMGA2, HNF4A, HOXB9, IGF2BP3, INSM1, KCNH1, KCNJ3, KIF14, KIF5A, KLK6, KRT81, LEP, LGSN, MAGEA1, MAGEA6, MAGEC1, MMP13, MYO18B, NOV, NR0B1, NR1I2, NRXN1, OPCML, PAEP, PAX5, PITX2, PRAME, PTPRH, RGS17, SCGN, SERPINB4, SERPINB5, T, TERT, TF, TFAP2A, TFAP2B, TRIM31, TRPM8, UGT1A6, VIL1, VTCN1, WISP1, XDH
2026-04-27 17:10:29,772 [INFO]   Common genes: 10986
2026-04-27 17:10:29,772 [INFO] STEP 3 COMPLETE
2026-04-27 17:10:29,778 [INFO] <<< Step 3  — Harmonization DONE (14.7s)
2026-04-27 17:10:29,779 [INFO] >>> Step 4  — Differential expr
2026-04-27 17:10:29,887 [INFO] ============================================================
2026-04-27 17:10:29,888 [INFO] STEP 4 — DIFFERENTIAL EXPRESSION
2026-04-27 17:10:29,888 [INFO] ============================================================
2026-04-27 17:10:31,532 [INFO]   Tumor: (10986, 510)  Normal: (10986, 604)
2026-04-27 17:10:31,635 [INFO]   Running Welch t-test for 10986 genes …
2026-04-27 17:10:34,387 [INFO]   Significant at FDR<=0.001: 10882
2026-04-27 17:10:35,082 [INFO]   Up: 9700  Down: 15  NS: 1271
2026-04-27 17:10:35,083 [INFO] STEP 4 COMPLETE
2026-04-27 17:10:35,089 [INFO] <<< Step 4  — Differential expr DONE (5.3s)
2026-04-27 17:10:35,089 [INFO] >>> Step 5  — Expr features
2026-04-27 17:10:35,094 [INFO] ============================================================
2026-04-27 17:10:35,094 [INFO] STEP 5 — EXPRESSION FEATURE CONSTRUCTION
2026-04-27 17:10:35,094 [INFO] ============================================================
2026-04-27 17:10:36,787 [INFO]   Computing stats for [tumor] ((10986, 510)) …
2026-04-27 17:10:43,807 [INFO]   Computing stats for [normal] ((10986, 604)) …
2026-04-27 17:10:50,732 [INFO]   [expression_features] Validated. Shape: (10986, 29)
2026-04-27 17:10:51,414 [INFO]   Expression features: (10986, 29)
2026-04-27 17:10:51,415 [INFO] STEP 5 COMPLETE
2026-04-27 17:10:51,421 [INFO] <<< Step 5  — Expr features DONE (16.3s)
2026-04-27 17:10:51,421 [INFO] >>> Step 6  — Co-expr network
2026-04-27 17:10:51,684 [INFO] ============================================================
2026-04-27 17:10:51,684 [INFO] STEP 6 — CO-EXPRESSION NETWORK CONSTRUCTION
2026-04-27 17:10:51,685 [INFO] ============================================================
2026-04-27 17:10:52,453 [INFO]   Matrix: 10986 genes x 510 samples | cutoff |r|>=0.6
2026-04-27 17:10:53,589 [INFO]   Chunk 10/22 edges so far: 86,077 (1.1s)
2026-04-27 17:10:54,435 [INFO]   Chunk 20/22 edges so far: 109,749 (1.9s)
2026-04-27 17:10:54,668 [INFO]   Chunk 22/22 edges so far: 110,508 (2.2s)
2026-04-27 17:10:54,722 [INFO]   Total edges: 110,508
2026-04-27 17:10:57,765 [INFO]   Graph: 4,977 nodes, 110,508 edges
2026-04-27 17:11:00,403 [INFO]   Runtime: 2.4s
2026-04-27 17:11:00,404 [INFO] STEP 6 COMPLETE
2026-04-27 17:11:00,408 [INFO] <<< Step 6  — Co-expr network DONE (9.0s)
2026-04-27 17:11:00,408 [INFO] >>> Step 7  — Network features
2026-04-27 17:11:00,412 [INFO] ============================================================
2026-04-27 17:11:00,412 [INFO] STEP 7 — NETWORK FEATURE EXTRACTION
2026-04-27 17:11:00,412 [INFO] ============================================================
2026-04-27 17:11:02,108 [INFO]   Graph: 10,986 nodes, 110,508 edges
2026-04-27 17:11:02,112 [INFO]   Extracting degree features …
2026-04-27 17:11:02,162 [INFO]   Extracting average neighbour degree …
2026-04-27 17:11:02,190 [INFO]   Betweenness centrality (n=10,986) …
2026-04-27 17:11:13,104 [INFO]   Closeness centrality …
2026-04-27 17:12:16,726 [INFO]   Eigenvector centrality …
2026-04-27 17:12:19,384 [INFO]   Clustering coefficient …
2026-04-27 17:12:39,656 [INFO]   Edge weight statistics …
2026-04-27 17:12:39,925 [INFO]   Component features …
2026-04-27 17:12:39,962 [INFO]   All features extracted in 97.8s
2026-04-27 17:12:41,098 [INFO]   Network features: (10986, 13)
2026-04-27 17:12:41,099 [INFO] STEP 7 COMPLETE
2026-04-27 17:12:41,100 [INFO] <<< Step 7  — Network features DONE (100.7s)
2026-04-27 17:12:41,100 [INFO] >>> Step 8  — Feature integration
2026-04-27 17:12:41,456 [INFO] ============================================================
2026-04-27 17:12:41,456 [INFO] STEP 8 — FEATURE INTEGRATION
2026-04-27 17:12:41,456 [INFO] ============================================================
2026-04-27 17:12:41,525 [INFO]   Expression: (10986, 29)  Network: (10986, 13)
2026-04-27 17:12:41,534 [INFO]   Concatenated: (10986, 42)
2026-04-27 17:12:41,540 [INFO]   Removed 21 collinear features: ['weighted_degree', 'component_size', 'min_edge_weight', 'tumor_median', 'normal_median', 't_stat', 'tumor_iqr_rank', 'tumor_mean_rank', 'cohens_d_rank', 'abs_log2fc_rank', 'neg_log10_padj_rank', 'betweenness_centrality', 'clustering_coefficient', 'max_edge_weight', 'std_edge_weight', 'in_largest_component', 'log2fc', 'iqr_ratio', 'std_ratio', 'tumor_kurtosis', 'normal_kurtosis']
2026-04-27 17:12:41,541 [INFO]   Features after collinearity removal: 21
2026-04-27 17:12:41,557 [INFO]   Highly correlated pairs (|r|>=0.95): 2
2026-04-27 17:12:41,903 [INFO]   Differential network features added: 9 columns (coverage: 10,986/10,986 genes)
2026-04-27 17:12:42,483 [INFO]   Integrated features: (10986, 30)
2026-04-27 17:12:42,483 [INFO] STEP 8 COMPLETE
2026-04-27 17:12:42,484 [INFO] <<< Step 8  — Feature integration DONE (1.4s)
2026-04-27 17:12:42,485 [INFO] >>> Step 9  — Label construction
2026-04-27 17:12:42,487 [INFO] ============================================================
2026-04-27 17:12:42,487 [INFO] STEP 9 — LABEL CONSTRUCTION
2026-04-27 17:12:42,487 [INFO] ============================================================
2026-04-27 17:12:42,563 [INFO]   LCGene symbols: 517
2026-04-27 17:12:42,567 [INFO]   Total: 10986  Positive (known LCGene): 438 (3.99%)  Unlabeled: 10548
2026-04-27 17:12:42,567 [INFO]   [PU framing] Negatives are UNLABELED — not confirmed non-cancer genes.
2026-04-27 17:12:42,784 [INFO]   LCGene genes unmatched: 79
2026-04-27 17:12:42,784 [INFO] STEP 9 COMPLETE
2026-04-27 17:12:42,786 [INFO] <<< Step 9  — Label construction DONE (0.3s)
2026-04-27 17:12:42,786 [INFO] >>> Step 10 — Train/val split
2026-04-27 17:12:42,793 [INFO] ============================================================
2026-04-27 17:12:42,793 [INFO] STEP 10 — TRAIN/VALIDATION SPLIT
2026-04-27 17:12:42,794 [INFO] ============================================================
2026-04-27 17:12:42,879 [INFO]   Features: (10986, 30)  Labels: 10986
2026-04-27 17:12:42,891 [INFO]   Train: 8788 (pos=350)  Val: 2198 (pos=88)
2026-04-27 17:12:42,903 [INFO]   Feature selection: kept top 20 features from feature_importance.csv
2026-04-27 17:12:43,881 [INFO] STEP 10 COMPLETE
2026-04-27 17:12:43,883 [INFO] <<< Step 10 — Train/val split DONE (1.1s)
2026-04-27 17:12:43,883 [INFO] >>> Step 11 — Model training
2026-04-27 17:12:43,987 [INFO] ============================================================
2026-04-27 17:12:43,988 [INFO] STEP 11 — MODEL TRAINING
2026-04-27 17:12:43,988 [INFO] ============================================================
2026-04-27 17:12:44,053 [INFO]   X_train: (8788, 20)  pos=350
2026-04-27 17:12:44,117 [INFO]   XGBoost added (scale_pos_weight=24.1)
2026-04-27 17:12:44,328 [INFO]   SMOTE enabled (imbalanced-learn found).
2026-04-27 17:12:44,328 [INFO]   Random undersampling enabled (imbalanced-learn found).
2026-04-27 17:12:44,328 [INFO] 
  [random_forest] CV ...
2026-04-27 17:12:44,479 [WARNING]     Undersampling failed fold 1: The specified ratio required to generate new sample in the majority class while trying to remove samples. Please increase the ratio.; skipping.
2026-04-27 17:12:47,471 [INFO]     Fold 1 AUROC=0.9148 AUPRC=0.2723 F1=0.3318 MCC=0.3147
2026-04-27 17:12:47,490 [WARNING]     Undersampling failed fold 2: The specified ratio required to generate new sample in the majority class while trying to remove samples. Please increase the ratio.; skipping.
2026-04-27 17:12:50,249 [INFO]     Fold 2 AUROC=0.8865 AUPRC=0.2419 F1=0.2933 MCC=0.2753
2026-04-27 17:12:50,264 [WARNING]     Undersampling failed fold 3: The specified ratio required to generate new sample in the majority class while trying to remove samples. Please increase the ratio.; skipping.
2026-04-27 17:12:53,201 [INFO]     Fold 3 AUROC=0.9116 AUPRC=0.3012 F1=0.3302 MCC=0.3133
2026-04-27 17:12:53,214 [WARNING]     Undersampling failed fold 4: The specified ratio required to generate new sample in the majority class while trying to remove samples. Please increase the ratio.; skipping.
2026-04-27 17:12:56,177 [INFO]     Fold 4 AUROC=0.9253 AUPRC=0.3303 F1=0.3828 MCC=0.3715
2026-04-27 17:12:56,193 [WARNING]     Undersampling failed fold 5: The specified ratio required to generate new sample in the majority class while trying to remove samples. Please increase the ratio.; skipping.
2026-04-27 17:12:59,315 [INFO]     Fold 5 AUROC=0.8982 AUPRC=0.2450 F1=0.2717 MCC=0.2417
2026-04-27 17:12:59,316 [INFO]   [random_forest] AUROC=0.9073±0.0135  AUPRC=0.2781±0.0337  F1=0.3220±0.0380  MCC=0.3033±0.0435
2026-04-27 17:12:59,321 [INFO]   [random_forest] Hyperparameter tuning (RandomizedSearchCV n_iter=20, cv=3, scoring=average_precision) ...
2026-04-27 17:13:33,663 [INFO]   [random_forest] Best params: {'n_estimators': 500, 'min_samples_leaf': 5, 'max_features': 0.3, 'max_depth': 20}  CV-AUPRC=0.3281
2026-04-27 17:13:33,856 [INFO] 
  [gradient_boosting] CV ...
2026-04-27 17:13:33,873 [WARNING]     Undersampling failed fold 1: The specified ratio required to generate new sample in the majority class while trying to remove samples. Please increase the ratio.; skipping.
2026-04-27 17:13:38,611 [INFO]     Fold 1 AUROC=0.9204 AUPRC=0.3154 F1=0.3603 MCC=0.3736
2026-04-27 17:13:38,625 [WARNING]     Undersampling failed fold 2: The specified ratio required to generate new sample in the majority class while trying to remove samples. Please increase the ratio.; skipping.
2026-04-27 17:13:43,290 [INFO]     Fold 2 AUROC=0.8953 AUPRC=0.3124 F1=0.3257 MCC=0.3455
2026-04-27 17:13:43,304 [WARNING]     Undersampling failed fold 3: The specified ratio required to generate new sample in the majority class while trying to remove samples. Please increase the ratio.; skipping.
2026-04-27 17:16:19,733 [INFO] ======================================================================
2026-04-27 17:16:19,733 [INFO] LUAD ML PIPELINE — FULL RUN
2026-04-27 17:16:19,734 [INFO] ======================================================================
2026-04-27 17:16:19,734 [INFO] >>> Step 0  — Config
2026-04-27 17:16:19,734 [INFO] <<< Step 0  — Config DONE (0.0s)
2026-04-27 17:16:19,734 [INFO] >>> Step 1  — Data loading
2026-04-27 17:16:20,109 [INFO] ============================================================
2026-04-27 17:16:20,110 [INFO] STEP 1 — DATA LOADING
2026-04-27 17:16:20,110 [INFO] ============================================================
2026-04-27 17:16:20,110 [INFO] Loading tumor expression from: C:\Users\rahma\Downloads\gloom updated\trial\data\raw\cBioPortal (RNA Seq Data)\data_mrna_seq_v2_rsem.txt
2026-04-27 17:16:21,807 [INFO]   Raw shape: (20531, 512)
2026-04-27 17:16:21,915 [WARNING]   19 duplicate gene symbols found — keeping highest-mean row.
2026-04-27 17:16:22,022 [INFO]   Final shape: (20512, 510)
2026-04-27 17:16:22,023 [INFO] Loading tumor metadata from: C:\Users\rahma\Downloads\gloom updated\trial\data\raw\cBioPortal (RNA Seq Data)\data_clinical_patient.txt
2026-04-27 17:16:22,028 [INFO]   Raw shape: (566, 38)
2026-04-27 17:16:22,031 [INFO]   Final shape: (566, 35)
2026-04-27 17:16:22,031 [INFO] Loading normal expression from: C:\Users\rahma\Downloads\gloom updated\trial\data\raw\Gtex (normal samples)\gene_tpm_v11_lung.gct.gz
2026-04-27 17:16:22,032 [INFO]   GCT version line : #1.2
2026-04-27 17:16:22,033 [INFO]   GCT dimension line: 74628	604
2026-04-27 17:16:30,157 [INFO]   Raw shape (after preamble skip): (74628, 606)
2026-04-27 17:16:30,502 [WARNING]   1307 duplicate gene symbols — keeping highest-mean row.
2026-04-27 17:16:31,011 [INFO]   Final shape: (73321, 604)
2026-04-27 17:16:31,012 [INFO] Loading normal metadata from: C:\Users\rahma\Downloads\gloom updated\trial\data\raw\Gtex (normal samples)\GTEx_Analysis_v11_Annotations_SampleAttributesDS - LUAD.txt
2026-04-27 17:16:31,045 [INFO]   Raw shape: (1892, 119)  (all assay types)
2026-04-27 17:16:31,053 [INFO]   Retaining 11 QC columns: ['SAMPID', 'SMTS', 'SMTSD', 'SMRIN', 'SMATSSCR', 'SMRDTTL', 'SMMAPRT', 'SMRRNART', 'SMRDLGTH', 'SMNABTCHT', 'SMGEBTCHT']
2026-04-27 17:16:31,054 [INFO]   SMRIN  (RNA integrity) : mean=7.17  min=3.5  max=9.7
2026-04-27 17:16:31,055 [INFO]   SMATSSCR (autolysis)   : {0.0: 43, 1.0: 410, 2.0: 128, 3.0: 10}
2026-04-27 17:16:31,055 [INFO]   SMMAPRT  (map rate)    : mean=0.9836  min=0.8003
2026-04-27 17:16:31,055 [INFO]   Final shape: (604, 10)  (604 RNA-seq samples × 10 QC columns)
2026-04-27 17:16:31,055 [INFO] Loading labeled LUAD gene list from: C:\Users\rahma\Downloads\gloom updated\trial\data\raw\LCGene (Labeled LUAD Data)\LCGene_human_LUAD_filtered.tsv
2026-04-27 17:16:31,059 [INFO]   Raw shape: (517, 10)
2026-04-27 17:16:31,060 [INFO]   Unique labeled LUAD genes loaded: 517
2026-04-27 17:16:31,065 [INFO]   Full LCGene table saved to: C:\Users\rahma\Downloads\gloom updated\trial\data\processed\lcgene_luad_full.csv
2026-04-27 17:16:31,065 [INFO] 
Saving raw-loaded files to processed directory …
2026-04-27 17:16:58,193 [INFO] 
============================================================
2026-04-27 17:16:58,193 [INFO] STEP 1 SUMMARY
2026-04-27 17:16:58,193 [INFO] ============================================================
2026-04-27 17:16:58,193 [INFO]   Tumor expression   :  20512 genes  x  510 samples
2026-04-27 17:16:58,193 [INFO]   Normal expression  :  73321 genes  x  604 samples
2026-04-27 17:16:58,194 [INFO]   Normal metadata    :    604 RNA-seq samples  x  10 QC columns
2026-04-27 17:16:58,194 [INFO]   Labeled LUAD genes :    517 unique gene symbols (LCGene)
2026-04-27 17:16:58,194 [INFO] STEP 1 COMPLETE
2026-04-27 17:16:58,218 [INFO] <<< Step 1  — Data loading DONE (38.5s)
2026-04-27 17:16:58,219 [INFO] >>> Step 2  — Preprocessing
2026-04-27 17:16:59,206 [INFO] ============================================================
2026-04-27 17:16:59,206 [INFO] STEP 2 — DATA PREPROCESSING & QUALITY CONTROL
2026-04-27 17:16:59,206 [INFO] ============================================================
2026-04-27 17:17:03,560 [INFO] 
--- Tumor preprocessing ---
2026-04-27 17:17:03,678 [INFO]   [tumor] Replaced 1463479 zeros and 0 negatives with NaN.
2026-04-27 17:17:03,918 [INFO]   [tumor] log2(x+1) applied. Range: [0.004, 20.450]
2026-04-27 17:17:05,869 [WARNING]   [tumor] No common samples — trying TCGA ID truncation.
2026-04-27 17:17:05,895 [INFO]   [tumor] Retained 510 common samples.
2026-04-27 17:17:05,902 [INFO]   [tumor] Sample count OK: 510 >= 50.
2026-04-27 17:17:05,902 [INFO] 
--- Normal preprocessing ---
2026-04-27 17:17:06,311 [INFO]   [normal] Replaced 21868568 zeros and 0 negatives with NaN.
2026-04-27 17:17:07,346 [INFO]   [normal] log2(x+1) applied. Range: [0.000, 16.393]
2026-04-27 17:17:10,108 [INFO]   [normal] Retained 604 common samples.
2026-04-27 17:17:10,113 [INFO]   [normal] Sample count OK: 604 >= 50.
2026-04-27 17:17:10,113 [INFO] 
Generating QC plots …
2026-04-27 17:17:29,842 [INFO] 
============================================================
2026-04-27 17:17:29,842 [INFO] STEP 2 SUMMARY
2026-04-27 17:17:29,842 [INFO] ============================================================
2026-04-27 17:17:29,842 [INFO]   Tumor  expr :  16570 genes x  510 samples
2026-04-27 17:17:29,842 [INFO]   Normal expr :  21159 genes x  604 samples
2026-04-27 17:17:29,842 [INFO] STEP 2 COMPLETE
2026-04-27 17:17:29,878 [INFO] <<< Step 2  — Preprocessing DONE (31.7s)
2026-04-27 17:17:29,878 [INFO] >>> Step 3  — Harmonization
2026-04-27 17:17:29,881 [INFO] ============================================================
2026-04-27 17:17:29,881 [INFO] STEP 3 — GENE ID HARMONIZATION
2026-04-27 17:17:29,881 [INFO] ============================================================
2026-04-27 17:17:32,762 [WARNING]   [tumor] Dropping 1 invalid symbols.
2026-04-27 17:17:32,823 [INFO]   Common genes: 10986
2026-04-27 17:17:32,828 [INFO]   LCGene retained: 438 / 517 (84.7%)
2026-04-27 17:17:32,828 [WARNING]   LCGene genes lost: ABCB4, AKR1B10, ASCL1, BCL2L14, BPIFA1, BRINP1, BRSK2, C20ORF85, CA9, CASC1, CCKBR, CDX2, CHGA, CHRNA1, CHRNA5, CHRNA9, CLCA2, CLDN2, CSMD1, CYP2C19, CYP2C9, DLK1, DLX5, DPYSL5, DRD2, DSC3, ECE2, ELAVL2, EPHA7, FAM83A, FUT6, FZD9, GABRA3, GATA4, GPR87, HMGA2, HNF4A, HOXB9, IGF2BP3, INSM1, KCNH1, KCNJ3, KIF14, KIF5A, KLK6, KRT81, LEP, LGSN, MAGEA1, MAGEA6, MAGEC1, MMP13, MYO18B, NOV, NR0B1, NR1I2, NRXN1, OPCML, PAEP, PAX5, PITX2, PRAME, PTPRH, RGS17, SCGN, SERPINB4, SERPINB5, T, TERT, TF, TFAP2A, TFAP2B, TRIM31, TRPM8, UGT1A6, VIL1, VTCN1, WISP1, XDH
2026-04-27 17:17:45,035 [INFO]   Common genes: 10986
2026-04-27 17:17:45,035 [INFO] STEP 3 COMPLETE
2026-04-27 17:17:45,042 [INFO] <<< Step 3  — Harmonization DONE (15.2s)
2026-04-27 17:17:45,042 [INFO] >>> Step 4  — Differential expr
2026-04-27 17:17:45,150 [INFO] ============================================================
2026-04-27 17:17:45,150 [INFO] STEP 4 — DIFFERENTIAL EXPRESSION
2026-04-27 17:17:45,150 [INFO] ============================================================
2026-04-27 17:17:46,924 [INFO]   Tumor: (10986, 510)  Normal: (10986, 604)
2026-04-27 17:17:47,044 [INFO]   Running Welch t-test for 10986 genes …
2026-04-27 17:17:50,271 [INFO]   Significant at FDR<=0.001: 10882
2026-04-27 17:17:50,994 [INFO]   Up: 9700  Down: 15  NS: 1271
2026-04-27 17:17:50,994 [INFO] STEP 4 COMPLETE
2026-04-27 17:17:51,001 [INFO] <<< Step 4  — Differential expr DONE (6.0s)
2026-04-27 17:17:51,001 [INFO] >>> Step 5  — Expr features
2026-04-27 17:17:51,003 [INFO] ============================================================
2026-04-27 17:17:51,003 [INFO] STEP 5 — EXPRESSION FEATURE CONSTRUCTION
2026-04-27 17:17:51,003 [INFO] ============================================================
2026-04-27 17:17:52,789 [INFO]   Computing stats for [tumor] ((10986, 510)) …
2026-04-27 17:18:00,449 [INFO]   Computing stats for [normal] ((10986, 604)) …
2026-04-27 17:18:07,873 [INFO]   [expression_features] Validated. Shape: (10986, 29)
2026-04-27 17:18:08,552 [INFO]   Expression features: (10986, 29)
2026-04-27 17:18:08,552 [INFO] STEP 5 COMPLETE
2026-04-27 17:18:08,557 [INFO] <<< Step 5  — Expr features DONE (17.6s)
2026-04-27 17:18:08,558 [INFO] >>> Step 6  — Co-expr network
2026-04-27 17:18:08,769 [INFO] ============================================================
2026-04-27 17:18:08,770 [INFO] STEP 6 — CO-EXPRESSION NETWORK CONSTRUCTION
2026-04-27 17:18:08,770 [INFO] ============================================================
2026-04-27 17:18:09,554 [INFO]   Matrix: 10986 genes x 510 samples | cutoff |r|>=0.6
2026-04-27 17:18:10,740 [INFO]   Chunk 10/22 edges so far: 86,077 (1.2s)
2026-04-27 17:18:11,628 [INFO]   Chunk 20/22 edges so far: 109,749 (2.0s)
2026-04-27 17:18:11,796 [INFO]   Chunk 22/22 edges so far: 110,508 (2.2s)
2026-04-27 17:18:11,843 [INFO]   Total edges: 110,508
2026-04-27 17:18:15,024 [INFO]   Graph: 4,977 nodes, 110,508 edges
2026-04-27 17:18:18,011 [INFO]   Runtime: 2.4s
2026-04-27 17:18:18,011 [INFO] STEP 6 COMPLETE
2026-04-27 17:18:18,016 [INFO] <<< Step 6  — Co-expr network DONE (9.5s)
2026-04-27 17:18:18,016 [INFO] >>> Step 7  — Network features
2026-04-27 17:18:18,020 [INFO] ============================================================
2026-04-27 17:18:18,020 [INFO] STEP 7 — NETWORK FEATURE EXTRACTION
2026-04-27 17:18:18,020 [INFO] ============================================================
2026-04-27 17:18:19,930 [INFO]   Graph: 10,986 nodes, 110,508 edges
2026-04-27 17:18:19,934 [INFO]   Extracting degree features …
2026-04-27 17:18:19,982 [INFO]   Extracting average neighbour degree …
2026-04-27 17:18:20,008 [INFO]   Betweenness centrality (n=10,986) …
2026-04-27 17:18:32,172 [INFO]   Closeness centrality …
2026-04-27 17:19:30,895 [INFO]   Eigenvector centrality …
2026-04-27 17:19:33,001 [INFO]   Clustering coefficient …
2026-04-27 17:19:51,166 [INFO]   Edge weight statistics …
2026-04-27 17:19:51,383 [INFO]   Component features …
2026-04-27 17:19:51,411 [INFO]   All features extracted in 91.5s
2026-04-27 17:19:52,390 [INFO]   Network features: (10986, 13)
2026-04-27 17:19:52,391 [INFO] STEP 7 COMPLETE
2026-04-27 17:19:52,392 [INFO] <<< Step 7  — Network features DONE (94.4s)
2026-04-27 17:19:52,393 [INFO] >>> Step 8  — Feature integration
2026-04-27 17:19:52,543 [INFO] ============================================================
2026-04-27 17:19:52,544 [INFO] STEP 8 — FEATURE INTEGRATION
2026-04-27 17:19:52,544 [INFO] ============================================================
2026-04-27 17:19:52,602 [INFO]   Expression: (10986, 29)  Network: (10986, 13)
2026-04-27 17:19:52,607 [INFO]   Concatenated: (10986, 42)
2026-04-27 17:19:52,613 [INFO]   Removed 21 collinear features: ['weighted_degree', 'component_size', 'min_edge_weight', 'tumor_median', 'normal_median', 't_stat', 'tumor_iqr_rank', 'tumor_mean_rank', 'cohens_d_rank', 'abs_log2fc_rank', 'neg_log10_padj_rank', 'betweenness_centrality', 'clustering_coefficient', 'max_edge_weight', 'std_edge_weight', 'in_largest_component', 'log2fc', 'iqr_ratio', 'std_ratio', 'tumor_kurtosis', 'normal_kurtosis']
2026-04-27 17:19:52,614 [INFO]   Features after collinearity removal: 21
2026-04-27 17:19:52,628 [INFO]   Highly correlated pairs (|r|>=0.95): 2
2026-04-27 17:19:52,958 [INFO]   Differential network features added: 9 columns (coverage: 10,986/10,986 genes)
2026-04-27 17:19:53,464 [INFO]   Integrated features: (10986, 30)
2026-04-27 17:19:53,464 [INFO] STEP 8 COMPLETE
2026-04-27 17:19:53,466 [INFO] <<< Step 8  — Feature integration DONE (1.1s)
2026-04-27 17:19:53,466 [INFO] >>> Step 9  — Label construction
2026-04-27 17:19:53,468 [INFO] ============================================================
2026-04-27 17:19:53,468 [INFO] STEP 9 — LABEL CONSTRUCTION
2026-04-27 17:19:53,468 [INFO] ============================================================
2026-04-27 17:19:53,530 [INFO]   LCGene symbols: 517
2026-04-27 17:19:53,534 [INFO]   Total: 10986  Positive (known LCGene): 438 (3.99%)  Unlabeled: 10548
2026-04-27 17:19:53,534 [INFO]   [PU framing] Negatives are UNLABELED — not confirmed non-cancer genes.
2026-04-27 17:19:53,722 [INFO]   LCGene genes unmatched: 79
2026-04-27 17:19:53,722 [INFO] STEP 9 COMPLETE
2026-04-27 17:19:53,723 [INFO] <<< Step 9  — Label construction DONE (0.3s)
2026-04-27 17:19:53,724 [INFO] >>> Step 10 — Train/val split
2026-04-27 17:19:53,725 [INFO] ============================================================
2026-04-27 17:19:53,725 [INFO] STEP 10 — TRAIN/VALIDATION SPLIT
2026-04-27 17:19:53,725 [INFO] ============================================================
2026-04-27 17:19:53,774 [INFO]   Features: (10986, 30)  Labels: 10986
2026-04-27 17:19:53,780 [INFO]   Train: 8788 (pos=350)  Val: 2198 (pos=88)
2026-04-27 17:19:53,784 [INFO]   Feature selection: kept top 20 features from feature_importance.csv
2026-04-27 17:19:54,578 [INFO] STEP 10 COMPLETE
2026-04-27 17:19:54,579 [INFO] <<< Step 10 — Train/val split DONE (0.9s)
2026-04-27 17:19:54,579 [INFO] >>> Step 11 — Model training
2026-04-27 17:19:54,618 [INFO] ============================================================
2026-04-27 17:19:54,618 [INFO] STEP 11 — MODEL TRAINING
2026-04-27 17:19:54,618 [INFO] ============================================================
2026-04-27 17:19:54,672 [INFO]   X_train: (8788, 20)  pos=350
2026-04-27 17:19:54,694 [INFO]   XGBoost added (scale_pos_weight=24.1)
2026-04-27 17:19:54,799 [INFO]   SMOTE enabled (imbalanced-learn found).
2026-04-27 17:19:54,799 [INFO]   Random undersampling enabled (imbalanced-learn found).
2026-04-27 17:19:54,800 [INFO] 
  [random_forest] CV ...
2026-04-27 17:19:57,587 [INFO]     Fold 1 AUROC=0.9156 AUPRC=0.2780 F1=0.3462 MCC=0.3300
2026-04-27 17:20:00,129 [INFO]     Fold 2 AUROC=0.8892 AUPRC=0.2541 F1=0.2920 MCC=0.2741
2026-04-27 17:20:02,785 [INFO]     Fold 3 AUROC=0.9063 AUPRC=0.3101 F1=0.3271 MCC=0.3105
2026-04-27 17:20:05,478 [INFO]     Fold 4 AUROC=0.9242 AUPRC=0.3385 F1=0.3810 MCC=0.3699
2026-04-27 17:20:08,235 [INFO]     Fold 5 AUROC=0.9014 AUPRC=0.2375 F1=0.2935 MCC=0.2653
2026-04-27 17:20:08,235 [INFO]   [random_forest] AUROC=0.9074±0.0120  AUPRC=0.2836±0.0367  F1=0.3279±0.0335  MCC=0.3099±0.0381
2026-04-27 17:20:08,239 [INFO]   [random_forest] Hyperparameter tuning (RandomizedSearchCV n_iter=20, cv=3, scoring=average_precision) ...
2026-04-27 17:20:42,086 [INFO]   [random_forest] Best params: {'n_estimators': 500, 'min_samples_leaf': 5, 'max_features': 0.3, 'max_depth': 20}  CV-AUPRC=0.3281
2026-04-27 17:20:42,280 [INFO] 
  [gradient_boosting] CV ...
2026-04-27 17:20:46,979 [INFO]     Fold 1 AUROC=0.9207 AUPRC=0.3108 F1=0.3584 MCC=0.3746
2026-04-27 17:20:51,756 [INFO]     Fold 2 AUROC=0.8976 AUPRC=0.3062 F1=0.3312 MCC=0.3558
2026-04-27 17:20:56,411 [INFO]     Fold 3 AUROC=0.9098 AUPRC=0.3054 F1=0.3235 MCC=0.3280
2026-04-27 17:21:01,117 [INFO]     Fold 4 AUROC=0.9295 AUPRC=0.3914 F1=0.3772 MCC=0.3992
2026-04-27 17:21:05,806 [INFO]     Fold 5 AUROC=0.9007 AUPRC=0.2613 F1=0.3122 MCC=0.3011
2026-04-27 17:21:05,807 [INFO]   [gradient_boosting] AUROC=0.9117±0.0120  AUPRC=0.3150±0.0422  F1=0.3405±0.0238  MCC=0.3517±0.0344
2026-04-27 17:21:05,811 [INFO]   [gradient_boosting] Hyperparameter tuning (RandomizedSearchCV n_iter=20, cv=3, scoring=average_precision) ...
2026-04-27 17:21:19,990 [INFO]   [gradient_boosting] Best params: {'subsample': 0.9, 'n_estimators': 500, 'max_depth': 3, 'learning_rate': 0.05}  CV-AUPRC=0.3333
2026-04-27 17:21:20,031 [INFO] 
  [logistic_regression] CV ...
2026-04-27 17:21:21,269 [INFO]     Fold 1 AUROC=0.9324 AUPRC=0.3501 F1=0.3206 MCC=0.3766
2026-04-27 17:21:22,526 [INFO]     Fold 2 AUROC=0.8931 AUPRC=0.2573 F1=0.2673 MCC=0.3018
2026-04-27 17:21:23,760 [INFO]     Fold 3 AUROC=0.9235 AUPRC=0.3289 F1=0.3231 MCC=0.3789
2026-04-27 17:21:25,001 [INFO]     Fold 4 AUROC=0.9341 AUPRC=0.4085 F1=0.3200 MCC=0.3676
2026-04-27 17:21:26,234 [INFO]     Fold 5 AUROC=0.9068 AUPRC=0.2709 F1=0.3116 MCC=0.3461
2026-04-27 17:21:26,235 [INFO]   [logistic_regression] AUROC=0.9180±0.0158  AUPRC=0.3231±0.0550  F1=0.3085±0.0210  MCC=0.3542±0.0286
2026-04-27 17:21:27,041 [INFO] 
  [extra_trees] CV ...
2026-04-27 17:21:27,805 [INFO]     Fold 1 AUROC=0.9170 AUPRC=0.2684 F1=0.3536 MCC=0.3299
2026-04-27 17:21:28,614 [INFO]     Fold 2 AUROC=0.8928 AUPRC=0.2330 F1=0.2900 MCC=0.2648
2026-04-27 17:21:29,416 [INFO]     Fold 3 AUROC=0.9142 AUPRC=0.3102 F1=0.3455 MCC=0.3238
2026-04-27 17:21:30,194 [INFO]     Fold 4 AUROC=0.9175 AUPRC=0.2962 F1=0.3871 MCC=0.3677
2026-04-27 17:21:30,966 [INFO]     Fold 5 AUROC=0.9028 AUPRC=0.2381 F1=0.2809 MCC=0.2508
2026-04-27 17:21:30,967 [INFO]   [extra_trees] AUROC=0.9089±0.0096  AUPRC=0.2692±0.0306  F1=0.3314±0.0401  MCC=0.3074±0.0434
2026-04-27 17:21:31,771 [INFO] 
  [xgboost] CV ...
2026-04-27 17:21:32,248 [INFO]     Fold 1 AUROC=0.9017 AUPRC=0.2777 F1=0.2711 MCC=0.3242
2026-04-27 17:21:32,518 [INFO]     Fold 2 AUROC=0.8895 AUPRC=0.2845 F1=0.2673 MCC=0.3124
2026-04-27 17:21:32,781 [INFO]     Fold 3 AUROC=0.9035 AUPRC=0.3242 F1=0.2628 MCC=0.2974
2026-04-27 17:21:33,032 [INFO]     Fold 4 AUROC=0.9319 AUPRC=0.3383 F1=0.2851 MCC=0.3432
2026-04-27 17:21:33,290 [INFO]     Fold 5 AUROC=0.8924 AUPRC=0.2607 F1=0.2727 MCC=0.3070
2026-04-27 17:21:33,291 [INFO]   [xgboost] AUROC=0.9038±0.0150  AUPRC=0.2971±0.0293  F1=0.2718±0.0075  MCC=0.3168±0.0158
2026-04-27 17:21:33,298 [INFO]   [xgboost] Hyperparameter tuning (RandomizedSearchCV n_iter=20, cv=3, scoring=average_precision) ...
2026-04-27 17:21:38,146 [INFO]   [xgboost] Best params: {'subsample': 0.7, 'n_estimators': 500, 'max_depth': 3, 'learning_rate': 0.01, 'colsample_bytree': 0.6}  CV-AUPRC=0.3437
2026-04-27 17:21:38,166 [INFO] 
All models trained in 103.5s
2026-04-27 17:21:38,167 [INFO]   Best: logistic_regression (AUPRC=0.3231)
2026-04-27 17:21:38,170 [INFO]   Best model (logistic_regression, already calibrated) saved as best_model.joblib
2026-04-27 17:21:38,371 [INFO] STEP 11 COMPLETE
2026-04-27 17:21:38,398 [INFO] <<< Step 11 — Model training DONE (103.8s)
2026-04-27 17:21:38,398 [INFO] >>> Step 12 — Model evaluation
2026-04-27 17:21:38,408 [INFO] ============================================================
2026-04-27 17:21:38,408 [INFO] STEP 12 — MODEL EVALUATION
2026-04-27 17:21:38,408 [INFO] ============================================================
2026-04-27 17:21:38,437 [INFO]   Val: 2198 genes  pos=88
2026-04-27 17:21:38,794 [INFO]   [extra_trees           ] AUROC=0.9106 AUPRC=0.3808 F1@0.50=0.3743 MCC@0.50=0.3491 [oracle F1@0.07=0.4203] R@100=0.4205 P@100=0.3700
2026-04-27 17:21:38,824 [INFO]   [gradient_boosting     ] AUROC=0.9115 AUPRC=0.3586 F1@0.50=0.3695 MCC@0.50=0.3523 [oracle F1@0.15=0.3953] R@100=0.3864 P@100=0.3400
2026-04-27 17:21:38,842 [INFO]   [logistic_regression   ] AUROC=0.9171 AUPRC=0.3623 F1@0.50=0.3842 MCC@0.50=0.3585 [oracle F1@0.11=0.4545] R@100=0.3636 P@100=0.3200
2026-04-27 17:21:38,942 [INFO]   [random_forest         ] AUROC=0.9143 AUPRC=0.3809 F1@0.50=0.4019 MCC@0.50=0.3781 [oracle F1@0.10=0.4327] R@100=0.4432 P@100=0.3900
2026-04-27 17:21:38,973 [INFO]   [xgboost               ] AUROC=0.9215 AUPRC=0.3979 F1@0.50=0.4096 MCC@0.50=0.4133 [oracle F1@0.18=0.4402] R@100=0.4205 P@100=0.3700
2026-04-27 17:21:38,976 [INFO]   Ensemble weights (AUPRC): extra_trees=0.181  gradient_boosting=0.212  logistic_regression=0.217  random_forest=0.191  xgboost=0.200
2026-04-27 17:21:39,004 [INFO]   [ensemble_soft_vote    ] AUROC=0.9231 AUPRC=0.4080 F1@0.50=0.4159 MCC@0.50=0.3968 [oracle F1@0.15=0.4292] R@100=0.4432 P@100=0.3900
2026-04-27 17:21:39,030 [INFO]   Classification reports saved to: C:\Users\rahma\Downloads\gloom updated\trial\outputs\results\classification_reports
2026-04-27 17:21:39,730 [INFO]   Confusion matrix grid saved: eval_confusion_matrices.png
2026-04-27 17:21:40,162 [INFO]   Multi-threshold confusion matrices saved: eval_confusion_multithreshold.png
2026-04-27 17:21:40,437 [INFO] STEP 12 COMPLETE
2026-04-27 17:21:40,453 [INFO] <<< Step 12 — Model evaluation DONE (2.1s)
2026-04-27 17:21:40,453 [INFO] >>> Step 13 — Feature importance
2026-04-27 17:21:40,465 [INFO] ============================================================
2026-04-27 17:21:40,466 [INFO] STEP 13 — FEATURE IMPORTANCE
2026-04-27 17:21:40,466 [INFO] ============================================================
2026-04-27 17:21:40,729 [INFO]   [logistic_regression] Permutation importance (n_repeats=10) …
2026-04-27 17:21:40,845 [INFO]   Top 5: {'tumor_std': 0.9999999999922765, 'degree': 0.3079281227878547, 'normal_std': 0.28406472276308165, 'cohens_d': 0.1902957447678823, 'tumor_mean': 0.18179776215491172}
2026-04-27 17:21:40,958 [INFO]   Feature importance shape: (20, 5)
2026-04-27 17:21:40,958 [INFO]   Top feature: tumor_std (1.0000)
2026-04-27 17:21:40,958 [INFO] STEP 13 COMPLETE
2026-04-27 17:21:40,965 [INFO] <<< Step 13 — Feature importance DONE (0.5s)
2026-04-27 17:21:40,965 [INFO] >>> Step 14 — Gene ranking
2026-04-27 17:21:40,966 [INFO] ============================================================
2026-04-27 17:21:40,967 [INFO] STEP 14 — GENE PREDICTION & RANKING
2026-04-27 17:21:40,967 [INFO] ============================================================
2026-04-27 17:21:41,037 [INFO]   Using PU bagging scores from step11b for gene ranking (principled PU learning).
2026-04-27 17:21:41,049 [INFO]   PU bagging scores loaded: 10,986 genes.
2026-04-27 17:21:41,050 [INFO]   Score source: pu_bagging  |  novel threshold: 0.7
2026-04-27 17:21:41,067 [INFO]   Total: 10,986  Novel candidates (prob>=0.7): 920  Sensitivity list (prob>=0.5): 2,074
2026-04-27 17:21:41,067 [INFO]   Median positive (known) rank: 250
2026-04-27 17:21:41,068 [INFO]   Positive (known) in top-50:  50  top-100: 99  top-200: 181  top-500: 317
2026-04-27 17:21:41,068 [INFO]   Recall@50=0.1142  Recall@100=0.2260  Recall@200=0.4132  Recall@500=0.7237
2026-04-27 17:21:41,068 [INFO]   Precision@50=1.0000  Precision@100=0.9900
2026-04-27 17:21:41,490 [INFO]   High-confidence novel candidates saved: 920 genes (prob>=0.7)
2026-04-27 17:21:41,490 [INFO]   Sensitivity novel candidates saved:     2074 genes (prob>=0.5)
2026-04-27 17:21:41,491 [INFO]   Query gene rankings saved: 0 genes
2026-04-27 17:21:41,493 [INFO] STEP 14 COMPLETE
2026-04-27 17:21:41,494 [INFO] <<< Step 14 — Gene ranking DONE (0.5s)
2026-04-27 17:21:41,494 [INFO] >>> Step 15 — Network annotation
2026-04-27 17:21:41,497 [INFO] ============================================================
2026-04-27 17:21:41,497 [INFO] STEP 15 — NETWORK ANNOTATION
2026-04-27 17:21:41,497 [INFO] ============================================================
2026-04-27 17:21:43,315 [INFO]   Graph: 10,986 nodes, 110,508 edges
2026-04-27 17:21:44,319 [INFO]   Positive edges: 108,468  Negative: 2,040
2026-04-27 17:21:49,007 [INFO]   LCGene nodes: 438  Novel: 920
2026-04-27 17:21:49,007 [INFO] STEP 15 COMPLETE
2026-04-27 17:21:49,025 [INFO] <<< Step 15 — Network annotation DONE (7.5s)
2026-04-27 17:21:49,026 [INFO] >>> Step 16 — Network export
2026-04-27 17:21:49,028 [INFO] ============================================================
2026-04-27 17:21:49,028 [INFO] STEP 16 — NETWORK EXPORT
2026-04-27 17:21:49,028 [INFO] ============================================================
2026-04-27 17:21:51,845 [INFO]   Graph: 10,986 nodes, 110,508 edges
2026-04-27 17:21:57,102 [INFO]   GraphML saved: C:\Users\rahma\Downloads\gloom updated\trial\outputs\results\network\exports/network_full.graphml
2026-04-27 17:22:01,208 [INFO]   Full network exports complete.
2026-04-27 17:22:01,230 [INFO]   [top100] 100 nodes, 51 edges
2026-04-27 17:22:01,307 [INFO]   [lcgene] 438 nodes, 925 edges
2026-04-27 17:22:01,551 [INFO]   [novel] 920 nodes, 2305 edges
2026-04-27 17:22:02,007 [INFO]   [candidates] 1332 nodes, 5823 edges
2026-04-27 17:22:06,183 [INFO] 
  Sub-networks:
2026-04-27 17:22:06,183 [INFO]     top100               nodes=  100  edges=     51
2026-04-27 17:22:06,183 [INFO]     lcgene               nodes=  438  edges=    925
2026-04-27 17:22:06,183 [INFO]     novel                nodes=  920  edges=  2,305
2026-04-27 17:22:06,184 [INFO]     candidates           nodes=1,332  edges=  5,823
2026-04-27 17:22:06,184 [INFO] STEP 16 COMPLETE
2026-04-27 17:22:06,203 [INFO] <<< Step 16 — Network export DONE (17.2s)
2026-04-27 17:22:06,205 [INFO] >>> Step 17 — Visualization
2026-04-27 17:22:06,343 [INFO] ============================================================
2026-04-27 17:22:06,343 [INFO] STEP 17 — INTERACTIVE VISUALIZATION
2026-04-27 17:22:06,343 [INFO] ============================================================
2026-04-27 17:22:06,507 [INFO] [1] Volcano …
2026-04-27 17:22:06,861 [INFO]   Volcano saved: C:\Users\rahma\Downloads\gloom updated\trial\outputs\figures\interactive_volcano.html
2026-04-27 17:22:06,861 [INFO] [2] Ranking …
2026-04-27 17:22:07,087 [INFO]   Ranking plot saved: C:\Users\rahma\Downloads\gloom updated\trial\outputs\figures\interactive_ranking.html
2026-04-27 17:22:07,088 [INFO] [3] Network …
2026-04-27 17:22:07,204 [INFO]   Network plot saved: C:\Users\rahma\Downloads\gloom updated\trial\outputs\figures\interactive_network.html
2026-04-27 17:22:07,205 [INFO] [4] Feature importance …
2026-04-27 17:22:07,244 [INFO]   Feature importance saved: C:\Users\rahma\Downloads\gloom updated\trial\outputs\figures\interactive_feature_importance.html
2026-04-27 17:22:07,244 [INFO] [5] KEGG pathways …
2026-04-27 17:22:07,297 [INFO]   KEGG plot saved: C:\Users\rahma\Downloads\gloom updated\trial\outputs\figures\interactive_kegg.html
2026-04-27 17:22:07,298 [INFO] [6] Dashboard …
2026-04-27 17:22:07,379 [INFO]   Combined dashboard saved: C:\Users\rahma\Downloads\gloom updated\trial\outputs\figures\interactive_dashboard.html
2026-04-27 17:22:07,382 [INFO] STEP 17 COMPLETE
2026-04-27 17:22:07,384 [INFO] <<< Step 17 — Visualization DONE (1.2s)
2026-04-27 17:22:07,384 [INFO] >>> Step 18 — Final report
2026-04-27 17:22:07,388 [INFO] ============================================================
2026-04-27 17:22:07,388 [INFO] STEP 18 — FINAL OUTPUTS & REPORTING
2026-04-27 17:22:07,388 [INFO] ============================================================
2026-04-27 17:22:07,389 [INFO] [1] Building summary table …
2026-04-27 17:22:07,607 [INFO]   Summary table: (10986, 29)
2026-04-27 17:22:07,608 [INFO] [2] Building text report …
2026-04-27 17:22:07,626 [ERROR]   Report failed: 'mcc'
2026-04-27 17:22:07,627 [INFO] [3] Building summary figure …
2026-04-27 17:22:08,315 [INFO]   Summary figure (PNG) saved: C:\Users\rahma\Downloads\gloom updated\trial\outputs\results\reports\pipeline_summary_figure.png
2026-04-27 17:22:09,187 [INFO]   Summary figure (PDF) saved: C:\Users\rahma\Downloads\gloom updated\trial\outputs\results\reports\pipeline_summary_figure.pdf
2026-04-27 17:22:09,188 [INFO] [4] Writing master runner …
2026-04-27 17:22:09,189 [INFO]   Master runner saved: C:\Users\rahma\Downloads\gloom updated\trial\LUAD_ML_Pipeline\run_pipeline.py
2026-04-27 17:22:09,189 [INFO] ============================================================
2026-04-27 17:22:09,189 [INFO] STEP 18 SUMMARY
2026-04-27 17:22:09,189 [INFO] ============================================================
2026-04-27 17:22:09,189 [INFO]   Summary table: C:\Users\rahma\Downloads\gloom updated\trial\outputs\results\reports/pipeline_summary_table.csv
2026-04-27 17:22:09,189 [INFO]   Text report  : C:\Users\rahma\Downloads\gloom updated\trial\outputs\results\reports/pipeline_report.txt
2026-04-27 17:22:09,190 [INFO]   Summary fig  : C:\Users\rahma\Downloads\gloom updated\trial\outputs\results\reports/pipeline_summary_figure.png
2026-04-27 17:22:09,190 [INFO]   Master runner: C:\Users\rahma\Downloads\gloom updated\trial\LUAD_ML_Pipeline\run_pipeline.py
2026-04-27 17:22:09,190 [INFO] 
2026-04-27 17:22:09,190 [INFO]   Key deliverables:
2026-04-27 17:22:09,190 [INFO]     Gene rankings    : C:\Users\rahma\Downloads\gloom updated\trial\outputs\results\gene_rankings.csv
2026-04-27 17:22:09,191 [INFO]     Novel candidates : C:\Users\rahma\Downloads\gloom updated\trial\outputs\results/novel_candidates.csv
2026-04-27 17:22:09,191 [INFO]     Dashboard        : C:\Users\rahma\Downloads\gloom updated\trial\outputs\figures/interactive_dashboard.html
2026-04-27 17:22:09,191 [INFO] STEP 18 COMPLETE
2026-04-27 17:22:09,191 [INFO] <<< Step 18 — Final report DONE (1.8s)
2026-04-27 17:22:09,191 [INFO] ======================================================================
2026-04-27 17:22:09,191 [INFO] EXECUTION SUMMARY
2026-04-27 17:22:09,192 [INFO] ======================================================================
2026-04-27 17:22:09,192 [INFO]   [OK] Step 0  — Config                                  0.0s
2026-04-27 17:22:09,192 [INFO]   [OK] Step 1  — Data loading                           38.5s
2026-04-27 17:22:09,192 [INFO]   [OK] Step 2  — Preprocessing                          31.7s
2026-04-27 17:22:09,192 [INFO]   [OK] Step 3  — Harmonization                          15.2s
2026-04-27 17:22:09,192 [INFO]   [OK] Step 4  — Differential expr                       6.0s
2026-04-27 17:22:09,192 [INFO]   [OK] Step 5  — Expr features                          17.6s
2026-04-27 17:22:09,192 [INFO]   [OK] Step 6  — Co-expr network                         9.5s
2026-04-27 17:22:09,192 [INFO]   [OK] Step 7  — Network features                       94.4s
2026-04-27 17:22:09,192 [INFO]   [OK] Step 8  — Feature integration                     1.1s
2026-04-27 17:22:09,192 [INFO]   [OK] Step 9  — Label construction                      0.3s
2026-04-27 17:22:09,192 [INFO]   [OK] Step 10 — Train/val split                         0.9s
2026-04-27 17:22:09,192 [INFO]   [OK] Step 11 — Model training                        103.8s
2026-04-27 17:22:09,192 [INFO]   [OK] Step 12 — Model evaluation                        2.1s
2026-04-27 17:22:09,193 [INFO]   [OK] Step 13 — Feature importance                      0.5s
2026-04-27 17:22:09,193 [INFO]   [OK] Step 14 — Gene ranking                            0.5s
2026-04-27 17:22:09,193 [INFO]   [OK] Step 15 — Network annotation                      7.5s
2026-04-27 17:22:09,193 [INFO]   [OK] Step 16 — Network export                         17.2s
2026-04-27 17:22:09,194 [INFO]   [OK] Step 17 — Visualization                           1.2s
2026-04-27 17:22:09,194 [INFO]   [OK] Step 18 — Final report                            1.8s
2026-04-27 17:22:09,194 [INFO]   Total: 349.5s (5.8 min)
2026-04-27 17:22:09,194 [INFO]   Pipeline COMPLETE.
2026-04-27 17:22:09,194 [INFO] ======================================================================
2026-04-27 17:26:48,297 [INFO] ======================================================================
2026-04-27 17:26:48,298 [INFO] LUAD ML PIPELINE — FULL RUN
2026-04-27 17:26:48,298 [INFO] ======================================================================
2026-04-27 17:26:48,298 [INFO] >>> Step 0  — Config
2026-04-27 17:26:48,299 [INFO] <<< Step 0  — Config DONE (0.0s)
2026-04-27 17:26:48,299 [INFO] >>> Step 1  — Data loading
2026-04-27 17:26:48,824 [INFO] ============================================================
2026-04-27 17:26:48,824 [INFO] STEP 1 — DATA LOADING
2026-04-27 17:26:48,824 [INFO] ============================================================
2026-04-27 17:26:48,825 [INFO] Loading tumor expression from: C:\Users\rahma\Downloads\gloom updated\trial\data\raw\cBioPortal (RNA Seq Data)\data_mrna_seq_v2_rsem.txt
2026-04-27 17:26:51,628 [INFO]   Raw shape: (20531, 512)
2026-04-27 17:26:51,744 [WARNING]   19 duplicate gene symbols found — keeping highest-mean row.
2026-04-27 17:26:51,861 [INFO]   Final shape: (20512, 510)
2026-04-27 17:26:51,862 [INFO] Loading tumor metadata from: C:\Users\rahma\Downloads\gloom updated\trial\data\raw\cBioPortal (RNA Seq Data)\data_clinical_patient.txt
2026-04-27 17:26:51,866 [INFO]   Raw shape: (566, 38)
2026-04-27 17:26:51,869 [INFO]   Final shape: (566, 35)
2026-04-27 17:26:51,869 [INFO] Loading normal expression from: C:\Users\rahma\Downloads\gloom updated\trial\data\raw\Gtex (normal samples)\gene_tpm_v11_lung.gct.gz
2026-04-27 17:26:51,870 [INFO]   GCT version line : #1.2
2026-04-27 17:26:51,870 [INFO]   GCT dimension line: 74628	604
2026-04-27 17:26:59,090 [INFO]   Raw shape (after preamble skip): (74628, 606)
2026-04-27 17:26:59,409 [WARNING]   1307 duplicate gene symbols — keeping highest-mean row.
2026-04-27 17:26:59,946 [INFO]   Final shape: (73321, 604)
2026-04-27 17:26:59,947 [INFO] Loading normal metadata from: C:\Users\rahma\Downloads\gloom updated\trial\data\raw\Gtex (normal samples)\GTEx_Analysis_v11_Annotations_SampleAttributesDS - LUAD.txt
2026-04-27 17:26:59,982 [INFO]   Raw shape: (1892, 119)  (all assay types)
2026-04-27 17:26:59,990 [INFO]   Retaining 11 QC columns: ['SAMPID', 'SMTS', 'SMTSD', 'SMRIN', 'SMATSSCR', 'SMRDTTL', 'SMMAPRT', 'SMRRNART', 'SMRDLGTH', 'SMNABTCHT', 'SMGEBTCHT']
2026-04-27 17:26:59,991 [INFO]   SMRIN  (RNA integrity) : mean=7.17  min=3.5  max=9.7
2026-04-27 17:26:59,991 [INFO]   SMATSSCR (autolysis)   : {0.0: 43, 1.0: 410, 2.0: 128, 3.0: 10}
2026-04-27 17:26:59,992 [INFO]   SMMAPRT  (map rate)    : mean=0.9836  min=0.8003
2026-04-27 17:26:59,992 [INFO]   Final shape: (604, 10)  (604 RNA-seq samples × 10 QC columns)
2026-04-27 17:26:59,992 [INFO] Loading labeled LUAD gene list from: C:\Users\rahma\Downloads\gloom updated\trial\data\raw\LCGene (Labeled LUAD Data)\LCGene_human_LUAD_filtered.tsv
2026-04-27 17:26:59,995 [INFO]   Raw shape: (517, 10)
2026-04-27 17:26:59,996 [INFO]   Unique labeled LUAD genes loaded: 517
2026-04-27 17:27:00,001 [INFO]   Full LCGene table saved to: C:\Users\rahma\Downloads\gloom updated\trial\data\processed\lcgene_luad_full.csv
2026-04-27 17:27:00,002 [INFO] 
Saving raw-loaded files to processed directory …
2026-04-27 17:27:24,980 [INFO] 
============================================================
2026-04-27 17:27:24,980 [INFO] STEP 1 SUMMARY
2026-04-27 17:27:24,980 [INFO] ============================================================
2026-04-27 17:27:24,980 [INFO]   Tumor expression   :  20512 genes  x  510 samples
2026-04-27 17:27:24,981 [INFO]   Normal expression  :  73321 genes  x  604 samples
2026-04-27 17:27:24,981 [INFO]   Normal metadata    :    604 RNA-seq samples  x  10 QC columns
2026-04-27 17:27:24,981 [INFO]   Labeled LUAD genes :    517 unique gene symbols (LCGene)
2026-04-27 17:27:24,981 [INFO] STEP 1 COMPLETE
2026-04-27 17:27:25,010 [INFO] <<< Step 1  — Data loading DONE (36.7s)
2026-04-27 17:27:25,011 [INFO] >>> Step 2  — Preprocessing
2026-04-27 17:27:26,188 [INFO] ============================================================
2026-04-27 17:27:26,188 [INFO] STEP 2 — DATA PREPROCESSING & QUALITY CONTROL
2026-04-27 17:27:26,188 [INFO] ============================================================
2026-04-27 17:27:30,257 [INFO] 
--- Tumor preprocessing ---
2026-04-27 17:27:30,357 [INFO]   [tumor] Replaced 1463479 zeros and 0 negatives with NaN.
2026-04-27 17:27:30,571 [INFO]   [tumor] log2(x+1) applied. Range: [0.004, 20.450]
2026-04-27 17:27:32,284 [WARNING]   [tumor] No common samples — trying TCGA ID truncation.
2026-04-27 17:27:32,314 [INFO]   [tumor] Retained 510 common samples.
2026-04-27 17:27:32,321 [INFO]   [tumor] Sample count OK: 510 >= 50.
2026-04-27 17:27:32,321 [INFO] 
--- Normal preprocessing ---
2026-04-27 17:27:32,728 [INFO]   [normal] Replaced 21868568 zeros and 0 negatives with NaN.
2026-04-27 17:27:33,740 [INFO]   [normal] log2(x+1) applied. Range: [0.000, 16.393]
2026-04-27 17:27:36,191 [INFO]   [normal] Retained 604 common samples.
2026-04-27 17:27:36,197 [INFO]   [normal] Sample count OK: 604 >= 50.
2026-04-27 17:27:36,197 [INFO] 
Generating QC plots …
2026-04-27 17:27:55,469 [INFO] 
============================================================
2026-04-27 17:27:55,469 [INFO] STEP 2 SUMMARY
2026-04-27 17:27:55,469 [INFO] ============================================================
2026-04-27 17:27:55,469 [INFO]   Tumor  expr :  16570 genes x  510 samples
2026-04-27 17:27:55,470 [INFO]   Normal expr :  21159 genes x  604 samples
2026-04-27 17:27:55,470 [INFO] STEP 2 COMPLETE
2026-04-27 17:27:55,500 [INFO] <<< Step 2  — Preprocessing DONE (30.5s)
2026-04-27 17:27:55,500 [INFO] >>> Step 3  — Harmonization
2026-04-27 17:27:55,502 [INFO] ============================================================
2026-04-27 17:27:55,502 [INFO] STEP 3 — GENE ID HARMONIZATION
2026-04-27 17:27:55,502 [INFO] ============================================================
2026-04-27 17:27:58,362 [WARNING]   [tumor] Dropping 1 invalid symbols.
2026-04-27 17:27:58,442 [INFO]   Common genes: 10986
2026-04-27 17:27:58,447 [INFO]   LCGene retained: 438 / 517 (84.7%)
2026-04-27 17:27:58,447 [WARNING]   LCGene genes lost: ABCB4, AKR1B10, ASCL1, BCL2L14, BPIFA1, BRINP1, BRSK2, C20ORF85, CA9, CASC1, CCKBR, CDX2, CHGA, CHRNA1, CHRNA5, CHRNA9, CLCA2, CLDN2, CSMD1, CYP2C19, CYP2C9, DLK1, DLX5, DPYSL5, DRD2, DSC3, ECE2, ELAVL2, EPHA7, FAM83A, FUT6, FZD9, GABRA3, GATA4, GPR87, HMGA2, HNF4A, HOXB9, IGF2BP3, INSM1, KCNH1, KCNJ3, KIF14, KIF5A, KLK6, KRT81, LEP, LGSN, MAGEA1, MAGEA6, MAGEC1, MMP13, MYO18B, NOV, NR0B1, NR1I2, NRXN1, OPCML, PAEP, PAX5, PITX2, PRAME, PTPRH, RGS17, SCGN, SERPINB4, SERPINB5, T, TERT, TF, TFAP2A, TFAP2B, TRIM31, TRPM8, UGT1A6, VIL1, VTCN1, WISP1, XDH
2026-04-27 17:28:09,654 [INFO]   Common genes: 10986
2026-04-27 17:28:09,655 [INFO] STEP 3 COMPLETE
2026-04-27 17:28:09,660 [INFO] <<< Step 3  — Harmonization DONE (14.2s)
2026-04-27 17:28:09,660 [INFO] >>> Step 4  — Differential expr
2026-04-27 17:28:09,778 [INFO] ============================================================
2026-04-27 17:28:09,778 [INFO] STEP 4 — DIFFERENTIAL EXPRESSION
2026-04-27 17:28:09,778 [INFO] ============================================================
2026-04-27 17:28:11,396 [INFO]   Tumor: (10986, 510)  Normal: (10986, 604)
2026-04-27 17:28:11,496 [INFO]   Running Welch t-test for 10986 genes …
2026-04-27 17:28:14,282 [INFO]   Significant at FDR<=0.001: 10882
2026-04-27 17:28:14,905 [INFO]   Up: 9700  Down: 15  NS: 1271
2026-04-27 17:28:14,905 [INFO] STEP 4 COMPLETE
2026-04-27 17:28:14,911 [INFO] <<< Step 4  — Differential expr DONE (5.3s)
2026-04-27 17:28:14,911 [INFO] >>> Step 5  — Expr features
2026-04-27 17:28:14,913 [INFO] ============================================================
2026-04-27 17:28:14,913 [INFO] STEP 5 — EXPRESSION FEATURE CONSTRUCTION
2026-04-27 17:28:14,914 [INFO] ============================================================
2026-04-27 17:28:16,612 [INFO]   Computing stats for [tumor] ((10986, 510)) …
2026-04-27 17:28:23,606 [INFO]   Computing stats for [normal] ((10986, 604)) …
2026-04-27 17:28:30,568 [INFO]   [expression_features] Validated. Shape: (10986, 29)
2026-04-27 17:28:31,204 [INFO]   Expression features: (10986, 29)
2026-04-27 17:28:31,204 [INFO] STEP 5 COMPLETE
2026-04-27 17:28:31,211 [INFO] <<< Step 5  — Expr features DONE (16.3s)
2026-04-27 17:28:31,211 [INFO] >>> Step 6  — Co-expr network
2026-04-27 17:28:31,476 [INFO] ============================================================
2026-04-27 17:28:31,477 [INFO] STEP 6 — CO-EXPRESSION NETWORK CONSTRUCTION
2026-04-27 17:28:31,477 [INFO] ============================================================
2026-04-27 17:28:32,236 [INFO]   Matrix: 10986 genes x 510 samples | cutoff |r|>=0.6
2026-04-27 17:28:33,187 [INFO]   Chunk 10/22 edges so far: 86,077 (0.9s)
2026-04-27 17:28:34,081 [INFO]   Chunk 20/22 edges so far: 109,749 (1.8s)
2026-04-27 17:28:34,224 [INFO]   Chunk 22/22 edges so far: 110,508 (2.0s)
2026-04-27 17:28:34,273 [INFO]   Total edges: 110,508
2026-04-27 17:28:37,212 [INFO]   Graph: 4,977 nodes, 110,508 edges
2026-04-27 17:28:39,880 [INFO]   Runtime: 2.1s
2026-04-27 17:28:39,880 [INFO] STEP 6 COMPLETE
2026-04-27 17:28:39,885 [INFO] <<< Step 6  — Co-expr network DONE (8.7s)
2026-04-27 17:28:39,886 [INFO] >>> Step 7  — Network features
2026-04-27 17:28:39,887 [INFO] ============================================================
2026-04-27 17:28:39,887 [INFO] STEP 7 — NETWORK FEATURE EXTRACTION
2026-04-27 17:28:39,887 [INFO] ============================================================
2026-04-27 17:28:41,571 [INFO]   Graph: 10,986 nodes, 110,508 edges
2026-04-27 17:28:41,575 [INFO]   Extracting degree features …
2026-04-27 17:28:41,627 [INFO]   Extracting average neighbour degree …
2026-04-27 17:28:41,655 [INFO]   Betweenness centrality (n=10,986) …
2026-04-27 17:28:51,928 [INFO]   Closeness centrality …
2026-04-27 17:29:47,065 [INFO]   Eigenvector centrality …
2026-04-27 17:29:48,979 [INFO]   Clustering coefficient …
2026-04-27 17:30:06,346 [INFO]   Edge weight statistics …
2026-04-27 17:30:06,554 [INFO]   Component features …
2026-04-27 17:30:06,584 [INFO]   All features extracted in 85.0s
2026-04-27 17:30:07,569 [INFO]   Network features: (10986, 13)
2026-04-27 17:30:07,569 [INFO] STEP 7 COMPLETE
2026-04-27 17:30:07,570 [INFO] <<< Step 7  — Network features DONE (87.7s)
2026-04-27 17:30:07,570 [INFO] >>> Step 8  — Feature integration
2026-04-27 17:30:07,872 [INFO] ============================================================
2026-04-27 17:30:07,872 [INFO] STEP 8 — FEATURE INTEGRATION
2026-04-27 17:30:07,872 [INFO] ============================================================
2026-04-27 17:30:07,936 [INFO]   Expression: (10986, 29)  Network: (10986, 13)
2026-04-27 17:30:07,941 [INFO]   Concatenated: (10986, 42)
2026-04-27 17:30:07,946 [INFO]   Removed 21 collinear features: ['weighted_degree', 'component_size', 'min_edge_weight', 'tumor_median', 'normal_median', 't_stat', 'tumor_iqr_rank', 'tumor_mean_rank', 'cohens_d_rank', 'abs_log2fc_rank', 'neg_log10_padj_rank', 'betweenness_centrality', 'clustering_coefficient', 'max_edge_weight', 'std_edge_weight', 'in_largest_component', 'log2fc', 'iqr_ratio', 'std_ratio', 'tumor_kurtosis', 'normal_kurtosis']
2026-04-27 17:30:07,946 [INFO]   Features after collinearity removal: 21
2026-04-27 17:30:07,963 [INFO]   Highly correlated pairs (|r|>=0.95): 2
2026-04-27 17:30:08,308 [INFO]   Differential network features added: 9 columns (coverage: 10,986/10,986 genes)
2026-04-27 17:30:08,812 [INFO]   Integrated features: (10986, 30)
2026-04-27 17:30:08,812 [INFO] STEP 8 COMPLETE
2026-04-27 17:30:08,814 [INFO] <<< Step 8  — Feature integration DONE (1.2s)
2026-04-27 17:30:08,814 [INFO] >>> Step 9  — Label construction
2026-04-27 17:30:08,819 [INFO] ============================================================
2026-04-27 17:30:08,819 [INFO] STEP 9 — LABEL CONSTRUCTION
2026-04-27 17:30:08,819 [INFO] ============================================================
2026-04-27 17:30:08,881 [INFO]   LCGene symbols: 517
2026-04-27 17:30:08,887 [INFO]   Universe trimming: 0 genes removed (conditions not met)
2026-04-27 17:30:08,887 [INFO]   Total: 10986  Positive (known LCGene): 438 (3.99%)  Unlabeled: 10548
2026-04-27 17:30:08,888 [INFO]   [PU framing] Negatives are UNLABELED — not confirmed non-cancer genes.
2026-04-27 17:30:09,073 [INFO]   LCGene genes unmatched: 79
2026-04-27 17:30:09,073 [INFO] STEP 9 COMPLETE
2026-04-27 17:30:09,074 [INFO] <<< Step 9  — Label construction DONE (0.3s)
2026-04-27 17:30:09,074 [INFO] >>> Step 10 — Train/val split
2026-04-27 17:30:09,076 [INFO] ============================================================
2026-04-27 17:30:09,076 [INFO] STEP 10 — TRAIN/VALIDATION SPLIT
2026-04-27 17:30:09,076 [INFO] ============================================================
2026-04-27 17:30:09,127 [INFO]   Features: (10986, 30)  Labels: 10986
2026-04-27 17:30:09,133 [INFO]   Train: 8788 (pos=350)  Val: 2198 (pos=88)
2026-04-27 17:30:09,137 [INFO]   Feature selection: kept top 20 features from feature_importance.csv
2026-04-27 17:30:09,880 [INFO] STEP 10 COMPLETE
2026-04-27 17:30:09,882 [INFO] <<< Step 10 — Train/val split DONE (0.8s)
2026-04-27 17:30:09,882 [INFO] >>> Step 11 — Model training
2026-04-27 17:30:09,967 [INFO] ============================================================
2026-04-27 17:30:09,967 [INFO] STEP 11 — MODEL TRAINING
2026-04-27 17:30:09,967 [INFO] ============================================================
2026-04-27 17:30:10,031 [INFO]   X_train: (8788, 20)  pos=350
2026-04-27 17:30:10,089 [INFO]   XGBoost added (scale_pos_weight=24.1)
2026-04-27 17:30:10,259 [INFO]   SMOTE enabled (imbalanced-learn found).
2026-04-27 17:30:10,260 [INFO]   Random undersampling enabled (imbalanced-learn found).
2026-04-27 17:30:10,260 [INFO] 
  [random_forest] CV ...
2026-04-27 17:30:13,219 [INFO]     Fold 1 AUROC=0.9149 AUPRC=0.2792 F1=0.3254 MCC=0.3069
2026-04-27 17:30:15,820 [INFO]     Fold 2 AUROC=0.8895 AUPRC=0.2373 F1=0.3097 MCC=0.2945
2026-04-27 17:30:18,477 [INFO]     Fold 3 AUROC=0.9084 AUPRC=0.2984 F1=0.3286 MCC=0.3119
2026-04-27 17:30:21,213 [INFO]     Fold 4 AUROC=0.9258 AUPRC=0.3235 F1=0.3886 MCC=0.3790
2026-04-27 17:30:23,890 [INFO]     Fold 5 AUROC=0.9024 AUPRC=0.2460 F1=0.2766 MCC=0.2476
2026-04-27 17:30:23,891 [INFO]   [random_forest] AUROC=0.9082±0.0122  AUPRC=0.2769±0.0322  F1=0.3258±0.0364  MCC=0.3080±0.0421
2026-04-27 17:30:23,895 [INFO]   [random_forest] Hyperparameter tuning (RandomizedSearchCV n_iter=20, cv=3, scoring=average_precision) ...
2026-04-27 17:30:56,898 [INFO]   [random_forest] Best params: {'n_estimators': 500, 'min_samples_leaf': 5, 'max_features': 'sqrt', 'max_depth': 20}  CV-AUPRC=0.3335
2026-04-27 17:30:57,088 [INFO] 
  [gradient_boosting] CV ...
2026-04-27 17:31:01,963 [INFO]     Fold 1 AUROC=0.9175 AUPRC=0.3026 F1=0.3551 MCC=0.3690
2026-04-27 17:31:06,702 [INFO]     Fold 2 AUROC=0.8987 AUPRC=0.3096 F1=0.3148 MCC=0.3303
2026-04-27 17:31:11,363 [INFO]     Fold 3 AUROC=0.9084 AUPRC=0.3347 F1=0.3139 MCC=0.3168
2026-04-27 17:31:16,132 [INFO]     Fold 4 AUROC=0.9295 AUPRC=0.3624 F1=0.3843 MCC=0.4082
2026-04-27 17:31:20,994 [INFO]     Fold 5 AUROC=0.9048 AUPRC=0.2576 F1=0.3226 MCC=0.3174
2026-04-27 17:31:20,995 [INFO]   [gradient_boosting] AUROC=0.9118±0.0108  AUPRC=0.3134±0.0349  F1=0.3381±0.0276  MCC=0.3483±0.0354
2026-04-27 17:31:20,999 [INFO]   [gradient_boosting] Hyperparameter tuning (RandomizedSearchCV n_iter=20, cv=3, scoring=average_precision) ...
2026-04-27 17:31:33,343 [INFO]   [gradient_boosting] Best params: {'subsample': 0.8, 'n_estimators': 200, 'max_depth': 3, 'learning_rate': 0.05}  CV-AUPRC=0.3435
2026-04-27 17:31:33,372 [INFO] 
  [logistic_regression] CV ...
2026-04-27 17:31:34,627 [INFO]     Fold 1 AUROC=0.9290 AUPRC=0.3477 F1=0.3062 MCC=0.3604
2026-04-27 17:31:35,886 [INFO]     Fold 2 AUROC=0.8954 AUPRC=0.2696 F1=0.2798 MCC=0.3138
2026-04-27 17:31:37,131 [INFO]     Fold 3 AUROC=0.9281 AUPRC=0.3812 F1=0.2959 MCC=0.3508
2026-04-27 17:31:38,377 [INFO]     Fold 4 AUROC=0.9318 AUPRC=0.3964 F1=0.3215 MCC=0.3662
2026-04-27 17:31:39,654 [INFO]     Fold 5 AUROC=0.9065 AUPRC=0.2676 F1=0.3003 MCC=0.3384
2026-04-27 17:31:39,655 [INFO]   [logistic_regression] AUROC=0.9182±0.0145  AUPRC=0.3325±0.0545  F1=0.3007±0.0136  MCC=0.3459±0.0186
2026-04-27 17:31:40,432 [INFO] 
  [extra_trees] CV ...
2026-04-27 17:31:41,277 [INFO]     Fold 1 AUROC=0.9183 AUPRC=0.2656 F1=0.3536 MCC=0.3299
2026-04-27 17:31:42,151 [INFO]     Fold 2 AUROC=0.8923 AUPRC=0.2343 F1=0.2759 MCC=0.2498
2026-04-27 17:31:43,066 [INFO]     Fold 3 AUROC=0.9155 AUPRC=0.3105 F1=0.3560 MCC=0.3353
2026-04-27 17:31:43,895 [INFO]     Fold 4 AUROC=0.9179 AUPRC=0.3025 F1=0.3716 MCC=0.3499
2026-04-27 17:31:44,737 [INFO]     Fold 5 AUROC=0.9025 AUPRC=0.2366 F1=0.2989 MCC=0.2695
2026-04-27 17:31:44,738 [INFO]   [extra_trees] AUROC=0.9093±0.0103  AUPRC=0.2699±0.0319  F1=0.3312±0.0370  MCC=0.3069±0.0396
2026-04-27 17:31:45,546 [INFO] 
  [xgboost] CV ...
2026-04-27 17:31:46,076 [INFO]     Fold 1 AUROC=0.9089 AUPRC=0.2610 F1=0.2870 MCC=0.3451
2026-04-27 17:31:46,348 [INFO]     Fold 2 AUROC=0.8877 AUPRC=0.2788 F1=0.2624 MCC=0.3076
2026-04-27 17:31:46,633 [INFO]     Fold 3 AUROC=0.9080 AUPRC=0.3376 F1=0.2708 MCC=0.3131
2026-04-27 17:31:46,914 [INFO]     Fold 4 AUROC=0.9296 AUPRC=0.3730 F1=0.2805 MCC=0.3332
2026-04-27 17:31:47,234 [INFO]     Fold 5 AUROC=0.8936 AUPRC=0.2498 F1=0.2697 MCC=0.3015
2026-04-27 17:31:47,235 [INFO]   [xgboost] AUROC=0.9056±0.0145  AUPRC=0.3001±0.0474  F1=0.2741±0.0086  MCC=0.3201±0.0164
2026-04-27 17:31:47,243 [INFO]   [xgboost] Hyperparameter tuning (RandomizedSearchCV n_iter=20, cv=3, scoring=average_precision) ...
2026-04-27 17:31:52,483 [INFO]   [xgboost] Best params: {'subsample': 0.7, 'n_estimators': 500, 'max_depth': 3, 'learning_rate': 0.01, 'colsample_bytree': 0.6}  CV-AUPRC=0.3404
2026-04-27 17:31:52,501 [INFO] 
All models trained in 102.4s
2026-04-27 17:31:52,502 [INFO]   Best: logistic_regression (AUPRC=0.3325)
2026-04-27 17:31:52,504 [INFO]   Best model (logistic_regression, already calibrated) saved as best_model.joblib
2026-04-27 17:31:52,712 [INFO] STEP 11 COMPLETE
2026-04-27 17:31:52,742 [INFO] <<< Step 11 — Model training DONE (102.9s)
2026-04-27 17:31:52,743 [INFO] >>> Step 12 — Model evaluation
2026-04-27 17:31:52,745 [INFO] ============================================================
2026-04-27 17:31:52,745 [INFO] STEP 12 — MODEL EVALUATION
2026-04-27 17:31:52,745 [INFO] ============================================================
2026-04-27 17:31:52,772 [INFO]   Val: 2198 genes  pos=88
2026-04-27 17:31:53,153 [INFO]   [extra_trees           ] AUROC=0.9181 AUPRC=0.3970 F1@0.50=0.3787 MCC@0.50=0.3542 [oracle F1@0.07=0.4322] R@100=0.3977 P@100=0.3500
2026-04-27 17:31:53,177 [INFO]   [gradient_boosting     ] AUROC=0.9205 AUPRC=0.3592 F1@0.50=0.4226 MCC@0.50=0.4172 [oracle F1@0.17=0.4435] R@100=0.4091 P@100=0.3600
2026-04-27 17:31:53,196 [INFO]   [logistic_regression   ] AUROC=0.9140 AUPRC=0.3810 F1@0.50=0.4078 MCC@0.50=0.3838 [oracle F1@0.13=0.4367] R@100=0.4091 P@100=0.3600
2026-04-27 17:31:53,296 [INFO]   [random_forest         ] AUROC=0.9173 AUPRC=0.3913 F1@0.50=0.4151 MCC@0.50=0.3926 [oracle F1@0.15=0.4299] R@100=0.4545 P@100=0.4000
2026-04-27 17:31:53,326 [INFO]   [xgboost               ] AUROC=0.9208 AUPRC=0.3817 F1@0.50=0.4041 MCC@0.50=0.4065 [oracle F1@0.20=0.4206] R@100=0.4205 P@100=0.3700
2026-04-27 17:31:53,329 [INFO]   Ensemble weights (AUPRC): extra_trees=0.181  gradient_boosting=0.210  logistic_regression=0.223  random_forest=0.185  xgboost=0.201
2026-04-27 17:31:53,351 [INFO]   [ensemble_soft_vote    ] AUROC=0.9246 AUPRC=0.4067 F1@0.50=0.4211 MCC@0.50=0.4029 [oracle F1@0.25=0.4430] R@100=0.4318 P@100=0.3800
2026-04-27 17:31:53,377 [INFO]   Classification reports saved to: C:\Users\rahma\Downloads\gloom updated\trial\outputs\results\classification_reports
2026-04-27 17:31:54,111 [INFO]   Confusion matrix grid saved: eval_confusion_matrices.png
2026-04-27 17:31:54,574 [INFO]   Multi-threshold confusion matrices saved: eval_confusion_multithreshold.png
2026-04-27 17:31:54,860 [ERROR] <<< Step 12 — Model evaluation FAILED: PermissionError: [Errno 13] Permission denied: 'C:\\Users\\rahma\\Downloads\\gloom updated\\trial\\outputs\\results\\model_metrics.csv'
2026-04-27 17:31:54,868 [INFO] ======================================================================
2026-04-27 17:31:54,868 [INFO] EXECUTION SUMMARY
2026-04-27 17:31:54,868 [INFO] ======================================================================
2026-04-27 17:31:54,868 [INFO]   [OK] Step 0  — Config                                  0.0s
2026-04-27 17:31:54,868 [INFO]   [OK] Step 1  — Data loading                           36.7s
2026-04-27 17:31:54,868 [INFO]   [OK] Step 2  — Preprocessing                          30.5s
2026-04-27 17:31:54,868 [INFO]   [OK] Step 3  — Harmonization                          14.2s
2026-04-27 17:31:54,868 [INFO]   [OK] Step 4  — Differential expr                       5.3s
2026-04-27 17:31:54,868 [INFO]   [OK] Step 5  — Expr features                          16.3s
2026-04-27 17:31:54,868 [INFO]   [OK] Step 6  — Co-expr network                         8.7s
2026-04-27 17:31:54,870 [INFO]   [OK] Step 7  — Network features                       87.7s
2026-04-27 17:31:54,870 [INFO]   [OK] Step 8  — Feature integration                     1.2s
2026-04-27 17:31:54,870 [INFO]   [OK] Step 9  — Label construction                      0.3s
2026-04-27 17:31:54,870 [INFO]   [OK] Step 10 — Train/val split                         0.8s
2026-04-27 17:31:54,870 [INFO]   [OK] Step 11 — Model training                        102.9s
2026-04-27 17:31:54,870 [INFO]   [FAIL] Step 12 — Model evaluation                        2.1s
2026-04-27 17:31:54,870 [INFO]   Total: 306.6s (5.1 min)
2026-04-27 17:31:54,871 [ERROR]   STOPPED at: Step 12 — Model evaluation
2026-04-27 17:33:08,274 [INFO] ======================================================================
2026-04-27 17:33:08,274 [INFO] LUAD ML PIPELINE — FULL RUN
2026-04-27 17:33:08,274 [INFO] ======================================================================
2026-04-27 17:33:08,274 [INFO] >>> Step 0  — Config
2026-04-27 17:33:08,276 [INFO] <<< Step 0  — Config DONE (0.0s)
2026-04-27 17:33:08,276 [INFO] >>> Step 1  — Data loading
2026-04-27 17:33:08,749 [INFO] ============================================================
2026-04-27 17:33:08,749 [INFO] STEP 1 — DATA LOADING
2026-04-27 17:33:08,750 [INFO] ============================================================
2026-04-27 17:33:08,750 [INFO] Loading tumor expression from: C:\Users\rahma\Downloads\gloom updated\trial\data\raw\cBioPortal (RNA Seq Data)\data_mrna_seq_v2_rsem.txt
2026-04-27 17:33:10,411 [INFO]   Raw shape: (20531, 512)
2026-04-27 17:33:10,534 [WARNING]   19 duplicate gene symbols found — keeping highest-mean row.
2026-04-27 17:33:10,647 [INFO]   Final shape: (20512, 510)
2026-04-27 17:33:10,647 [INFO] Loading tumor metadata from: C:\Users\rahma\Downloads\gloom updated\trial\data\raw\cBioPortal (RNA Seq Data)\data_clinical_patient.txt
2026-04-27 17:33:10,653 [INFO]   Raw shape: (566, 38)
2026-04-27 17:33:10,656 [INFO]   Final shape: (566, 35)
2026-04-27 17:33:10,656 [INFO] Loading normal expression from: C:\Users\rahma\Downloads\gloom updated\trial\data\raw\Gtex (normal samples)\gene_tpm_v11_lung.gct.gz
2026-04-27 17:33:10,663 [INFO]   GCT version line : #1.2
2026-04-27 17:33:10,663 [INFO]   GCT dimension line: 74628	604
2026-04-27 17:33:16,938 [INFO]   Raw shape (after preamble skip): (74628, 606)
2026-04-27 17:33:17,212 [WARNING]   1307 duplicate gene symbols — keeping highest-mean row.
2026-04-27 17:33:17,692 [INFO]   Final shape: (73321, 604)
2026-04-27 17:33:17,693 [INFO] Loading normal metadata from: C:\Users\rahma\Downloads\gloom updated\trial\data\raw\Gtex (normal samples)\GTEx_Analysis_v11_Annotations_SampleAttributesDS - LUAD.txt
2026-04-27 17:33:17,728 [INFO]   Raw shape: (1892, 119)  (all assay types)
2026-04-27 17:33:17,736 [INFO]   Retaining 11 QC columns: ['SAMPID', 'SMTS', 'SMTSD', 'SMRIN', 'SMATSSCR', 'SMRDTTL', 'SMMAPRT', 'SMRRNART', 'SMRDLGTH', 'SMNABTCHT', 'SMGEBTCHT']
2026-04-27 17:33:17,738 [INFO]   SMRIN  (RNA integrity) : mean=7.17  min=3.5  max=9.7
2026-04-27 17:33:17,738 [INFO]   SMATSSCR (autolysis)   : {0.0: 43, 1.0: 410, 2.0: 128, 3.0: 10}
2026-04-27 17:33:17,738 [INFO]   SMMAPRT  (map rate)    : mean=0.9836  min=0.8003
2026-04-27 17:33:17,738 [INFO]   Final shape: (604, 10)  (604 RNA-seq samples × 10 QC columns)
2026-04-27 17:33:17,738 [INFO] Loading labeled LUAD gene list from: C:\Users\rahma\Downloads\gloom updated\trial\data\raw\LCGene (Labeled LUAD Data)\LCGene_human_LUAD_filtered.tsv
2026-04-27 17:33:17,742 [INFO]   Raw shape: (517, 10)
2026-04-27 17:33:17,743 [INFO]   Unique labeled LUAD genes loaded: 517
2026-04-27 17:33:17,747 [INFO]   Full LCGene table saved to: C:\Users\rahma\Downloads\gloom updated\trial\data\processed\lcgene_luad_full.csv
2026-04-27 17:33:17,749 [INFO] 
Saving raw-loaded files to processed directory …
2026-04-27 17:33:42,827 [INFO] 
============================================================
2026-04-27 17:33:42,828 [INFO] STEP 1 SUMMARY
2026-04-27 17:33:42,829 [INFO] ============================================================
2026-04-27 17:33:42,829 [INFO]   Tumor expression   :  20512 genes  x  510 samples
2026-04-27 17:33:42,829 [INFO]   Normal expression  :  73321 genes  x  604 samples
2026-04-27 17:33:42,829 [INFO]   Normal metadata    :    604 RNA-seq samples  x  10 QC columns
2026-04-27 17:33:42,830 [INFO]   Labeled LUAD genes :    517 unique gene symbols (LCGene)
2026-04-27 17:33:42,830 [INFO] STEP 1 COMPLETE
2026-04-27 17:33:42,854 [INFO] <<< Step 1  — Data loading DONE (34.6s)
2026-04-27 17:33:42,855 [INFO] >>> Step 2  — Preprocessing
2026-04-27 17:33:43,977 [INFO] ============================================================
2026-04-27 17:33:43,977 [INFO] STEP 2 — DATA PREPROCESSING & QUALITY CONTROL
2026-04-27 17:33:43,977 [INFO] ============================================================
2026-04-27 17:33:48,210 [INFO] 
--- Tumor preprocessing ---
2026-04-27 17:33:48,304 [INFO]   [tumor] Replaced 1463479 zeros and 0 negatives with NaN.
2026-04-27 17:33:48,501 [INFO]   [tumor] log2(x+1) applied. Range: [0.004, 20.450]
2026-04-27 17:33:50,268 [WARNING]   [tumor] No common samples — trying TCGA ID truncation.
2026-04-27 17:33:50,297 [INFO]   [tumor] Retained 510 common samples.
2026-04-27 17:33:50,304 [INFO]   [tumor] Sample count OK: 510 >= 50.
2026-04-27 17:33:50,304 [INFO] 
--- Normal preprocessing ---
2026-04-27 17:33:50,681 [INFO]   [normal] Replaced 21868568 zeros and 0 negatives with NaN.
2026-04-27 17:33:51,986 [INFO]   [normal] log2(x+1) applied. Range: [0.000, 16.393]
2026-04-27 17:33:54,511 [INFO]   [normal] Retained 604 common samples.
2026-04-27 17:33:54,516 [INFO]   [normal] Sample count OK: 604 >= 50.
2026-04-27 17:33:54,517 [INFO] 
Generating QC plots …
2026-04-27 17:34:14,256 [INFO] 
============================================================
2026-04-27 17:34:14,256 [INFO] STEP 2 SUMMARY
2026-04-27 17:34:14,256 [INFO] ============================================================
2026-04-27 17:34:14,257 [INFO]   Tumor  expr :  16570 genes x  510 samples
2026-04-27 17:34:14,257 [INFO]   Normal expr :  21159 genes x  604 samples
2026-04-27 17:34:14,257 [INFO] STEP 2 COMPLETE
2026-04-27 17:34:14,289 [INFO] <<< Step 2  — Preprocessing DONE (31.4s)
2026-04-27 17:34:14,289 [INFO] >>> Step 3  — Harmonization
2026-04-27 17:34:14,293 [INFO] ============================================================
2026-04-27 17:34:14,293 [INFO] STEP 3 — GENE ID HARMONIZATION
2026-04-27 17:34:14,293 [INFO] ============================================================
2026-04-27 17:34:17,148 [WARNING]   [tumor] Dropping 1 invalid symbols.
2026-04-27 17:34:17,196 [INFO]   Common genes: 10986
2026-04-27 17:34:17,201 [INFO]   LCGene retained: 438 / 517 (84.7%)
2026-04-27 17:34:17,201 [WARNING]   LCGene genes lost: ABCB4, AKR1B10, ASCL1, BCL2L14, BPIFA1, BRINP1, BRSK2, C20ORF85, CA9, CASC1, CCKBR, CDX2, CHGA, CHRNA1, CHRNA5, CHRNA9, CLCA2, CLDN2, CSMD1, CYP2C19, CYP2C9, DLK1, DLX5, DPYSL5, DRD2, DSC3, ECE2, ELAVL2, EPHA7, FAM83A, FUT6, FZD9, GABRA3, GATA4, GPR87, HMGA2, HNF4A, HOXB9, IGF2BP3, INSM1, KCNH1, KCNJ3, KIF14, KIF5A, KLK6, KRT81, LEP, LGSN, MAGEA1, MAGEA6, MAGEC1, MMP13, MYO18B, NOV, NR0B1, NR1I2, NRXN1, OPCML, PAEP, PAX5, PITX2, PRAME, PTPRH, RGS17, SCGN, SERPINB4, SERPINB5, T, TERT, TF, TFAP2A, TFAP2B, TRIM31, TRPM8, UGT1A6, VIL1, VTCN1, WISP1, XDH
2026-04-27 17:34:28,929 [INFO]   Common genes: 10986
2026-04-27 17:34:28,930 [INFO] STEP 3 COMPLETE
2026-04-27 17:34:28,935 [INFO] <<< Step 3  — Harmonization DONE (14.6s)
2026-04-27 17:34:28,935 [INFO] >>> Step 4  — Differential expr
2026-04-27 17:34:29,025 [INFO] ============================================================
2026-04-27 17:34:29,025 [INFO] STEP 4 — DIFFERENTIAL EXPRESSION
2026-04-27 17:34:29,025 [INFO] ============================================================
2026-04-27 17:34:30,794 [INFO]   Tumor: (10986, 510)  Normal: (10986, 604)
2026-04-27 17:34:30,892 [INFO]   Running Welch t-test for 10986 genes …
2026-04-27 17:34:33,834 [INFO]   Significant at FDR<=0.001: 10882
2026-04-27 17:34:34,487 [INFO]   Up: 9700  Down: 15  NS: 1271
2026-04-27 17:34:34,488 [INFO] STEP 4 COMPLETE
2026-04-27 17:34:34,494 [INFO] <<< Step 4  — Differential expr DONE (5.6s)
2026-04-27 17:34:34,495 [INFO] >>> Step 5  — Expr features
2026-04-27 17:34:34,498 [INFO] ============================================================
2026-04-27 17:34:34,498 [INFO] STEP 5 — EXPRESSION FEATURE CONSTRUCTION
2026-04-27 17:34:34,498 [INFO] ============================================================
2026-04-27 17:34:36,189 [INFO]   Computing stats for [tumor] ((10986, 510)) …
2026-04-27 17:34:43,234 [INFO]   Computing stats for [normal] ((10986, 604)) …
2026-04-27 17:34:50,155 [INFO]   [expression_features] Validated. Shape: (10986, 29)
2026-04-27 17:34:50,812 [INFO]   Expression features: (10986, 29)
2026-04-27 17:34:50,812 [INFO] STEP 5 COMPLETE
2026-04-27 17:34:50,818 [INFO] <<< Step 5  — Expr features DONE (16.3s)
2026-04-27 17:34:50,818 [INFO] >>> Step 6  — Co-expr network
2026-04-27 17:34:51,021 [INFO] ============================================================
2026-04-27 17:34:51,022 [INFO] STEP 6 — CO-EXPRESSION NETWORK CONSTRUCTION
2026-04-27 17:34:51,022 [INFO] ============================================================
2026-04-27 17:34:51,775 [INFO]   Matrix: 10986 genes x 510 samples | cutoff |r|>=0.6
2026-04-27 17:34:52,697 [INFO]   Chunk 10/22 edges so far: 86,077 (0.9s)
2026-04-27 17:34:53,560 [INFO]   Chunk 20/22 edges so far: 109,749 (1.8s)
2026-04-27 17:34:53,773 [INFO]   Chunk 22/22 edges so far: 110,508 (2.0s)
2026-04-27 17:34:53,823 [INFO]   Total edges: 110,508
2026-04-27 17:34:56,787 [INFO]   Graph: 4,977 nodes, 110,508 edges
2026-04-27 17:34:59,415 [INFO]   Runtime: 2.1s
2026-04-27 17:34:59,415 [INFO] STEP 6 COMPLETE
2026-04-27 17:34:59,419 [INFO] <<< Step 6  — Co-expr network DONE (8.6s)
2026-04-27 17:34:59,420 [INFO] >>> Step 7  — Network features
2026-04-27 17:34:59,424 [INFO] ============================================================
2026-04-27 17:34:59,424 [INFO] STEP 7 — NETWORK FEATURE EXTRACTION
2026-04-27 17:34:59,424 [INFO] ============================================================
2026-04-27 17:35:01,204 [INFO]   Graph: 10,986 nodes, 110,508 edges
2026-04-27 17:35:01,207 [INFO]   Extracting degree features …
2026-04-27 17:35:01,255 [INFO]   Extracting average neighbour degree …
2026-04-27 17:35:01,286 [INFO]   Betweenness centrality (n=10,986) …
2026-04-27 17:35:11,769 [INFO]   Closeness centrality …
2026-04-27 17:36:13,476 [INFO]   Eigenvector centrality …
2026-04-27 17:36:15,515 [INFO]   Clustering coefficient …
2026-04-27 17:36:35,031 [INFO]   Edge weight statistics …
2026-04-27 17:36:35,260 [INFO]   Component features …
2026-04-27 17:36:35,290 [INFO]   All features extracted in 94.1s
2026-04-27 17:36:36,383 [INFO]   Network features: (10986, 13)
2026-04-27 17:36:36,383 [INFO] STEP 7 COMPLETE
2026-04-27 17:36:36,385 [INFO] <<< Step 7  — Network features DONE (97.0s)
2026-04-27 17:36:36,385 [INFO] >>> Step 8  — Feature integration
2026-04-27 17:36:36,680 [INFO] ============================================================
2026-04-27 17:36:36,680 [INFO] STEP 8 — FEATURE INTEGRATION
2026-04-27 17:36:36,680 [INFO] ============================================================
2026-04-27 17:36:36,751 [INFO]   Expression: (10986, 29)  Network: (10986, 13)
2026-04-27 17:36:36,757 [INFO]   Concatenated: (10986, 42)
2026-04-27 17:36:36,765 [INFO]   Removed 21 collinear features: ['weighted_degree', 'component_size', 'min_edge_weight', 'tumor_median', 'normal_median', 't_stat', 'tumor_iqr_rank', 'tumor_mean_rank', 'cohens_d_rank', 'abs_log2fc_rank', 'neg_log10_padj_rank', 'betweenness_centrality', 'clustering_coefficient', 'max_edge_weight', 'std_edge_weight', 'in_largest_component', 'log2fc', 'iqr_ratio', 'std_ratio', 'tumor_kurtosis', 'normal_kurtosis']
2026-04-27 17:36:36,765 [INFO]   Features after collinearity removal: 21
2026-04-27 17:36:36,780 [INFO]   Highly correlated pairs (|r|>=0.95): 2
2026-04-27 17:36:37,193 [INFO]   Differential network features added: 9 columns (coverage: 10,986/10,986 genes)
2026-04-27 17:36:37,800 [INFO]   Integrated features: (10986, 30)
2026-04-27 17:36:37,800 [INFO] STEP 8 COMPLETE
2026-04-27 17:36:37,801 [INFO] <<< Step 8  — Feature integration DONE (1.4s)
2026-04-27 17:36:37,801 [INFO] >>> Step 9  — Label construction
2026-04-27 17:36:37,818 [INFO] ============================================================
2026-04-27 17:36:37,819 [INFO] STEP 9 — LABEL CONSTRUCTION
2026-04-27 17:36:37,819 [INFO] ============================================================
2026-04-27 17:36:37,892 [INFO]   LCGene symbols: 517
2026-04-27 17:36:37,898 [INFO]   Universe trimming: removing 9 noisy unlabeled genes (non-expressed + no DE signal)
2026-04-27 17:36:37,904 [INFO]   Total: 10977  Positive (known LCGene): 438 (3.99%)  Unlabeled: 10539
2026-04-27 17:36:37,904 [INFO]   [PU framing] Negatives are UNLABELED — not confirmed non-cancer genes.
2026-04-27 17:36:38,153 [INFO]   LCGene genes unmatched: 79
2026-04-27 17:36:38,153 [INFO] STEP 9 COMPLETE
2026-04-27 17:36:38,155 [INFO] <<< Step 9  — Label construction DONE (0.4s)
2026-04-27 17:36:38,155 [INFO] >>> Step 10 — Train/val split
2026-04-27 17:36:38,157 [INFO] ============================================================
2026-04-27 17:36:38,157 [INFO] STEP 10 — TRAIN/VALIDATION SPLIT
2026-04-27 17:36:38,157 [INFO] ============================================================
2026-04-27 17:36:38,225 [INFO]   Features: (10977, 30)  Labels: 10977
2026-04-27 17:36:38,233 [INFO]   Train: 8781 (pos=350)  Val: 2196 (pos=88)
2026-04-27 17:36:38,241 [INFO]   Feature selection: kept top 20 features from feature_importance.csv
2026-04-27 17:36:39,169 [INFO] STEP 10 COMPLETE
2026-04-27 17:36:39,170 [INFO] <<< Step 10 — Train/val split DONE (1.0s)
2026-04-27 17:36:39,170 [INFO] >>> Step 11 — Model training
2026-04-27 17:36:39,252 [INFO] ============================================================
2026-04-27 17:36:39,253 [INFO] STEP 11 — MODEL TRAINING
2026-04-27 17:36:39,253 [INFO] ============================================================
2026-04-27 17:36:39,314 [INFO]   X_train: (8781, 20)  pos=350
2026-04-27 17:36:39,335 [INFO]   XGBoost added (scale_pos_weight=24.1)
2026-04-27 17:36:39,498 [INFO]   SMOTE enabled (imbalanced-learn found).
2026-04-27 17:36:39,498 [INFO]   Random undersampling enabled (imbalanced-learn found).
2026-04-27 17:36:39,499 [INFO] 
  [random_forest] CV ...
2026-04-27 17:36:42,374 [INFO]     Fold 1 AUROC=0.8761 AUPRC=0.2475 F1=0.3163 MCC=0.2985
2026-04-27 17:36:45,120 [INFO]     Fold 2 AUROC=0.9186 AUPRC=0.2770 F1=0.3033 MCC=0.2826
2026-04-27 17:36:47,911 [INFO]     Fold 3 AUROC=0.9140 AUPRC=0.3073 F1=0.3571 MCC=0.3381
2026-04-27 17:36:50,822 [INFO]     Fold 4 AUROC=0.9110 AUPRC=0.2600 F1=0.3905 MCC=0.3806
2026-04-27 17:36:53,502 [INFO]     Fold 5 AUROC=0.9091 AUPRC=0.2585 F1=0.3350 MCC=0.3140
2026-04-27 17:36:53,502 [INFO]   [random_forest] AUROC=0.9058±0.0152  AUPRC=0.2701±0.0209  F1=0.3404±0.0309  MCC=0.3227±0.0343
2026-04-27 17:36:53,506 [INFO]   [random_forest] Hyperparameter tuning (RandomizedSearchCV n_iter=20, cv=3, scoring=average_precision) ...
2026-04-27 17:37:28,534 [INFO]   [random_forest] Best params: {'n_estimators': 500, 'min_samples_leaf': 5, 'max_features': 'sqrt', 'max_depth': 20}  CV-AUPRC=0.3202
2026-04-27 17:37:28,774 [INFO] 
  [gradient_boosting] CV ...
2026-04-27 17:37:34,380 [INFO]     Fold 1 AUROC=0.8732 AUPRC=0.2682 F1=0.2847 MCC=0.2804
2026-04-27 17:37:39,584 [INFO]     Fold 2 AUROC=0.9209 AUPRC=0.2926 F1=0.3481 MCC=0.3576
2026-04-27 17:37:44,803 [INFO]     Fold 3 AUROC=0.9220 AUPRC=0.3361 F1=0.3418 MCC=0.3520
2026-04-27 17:37:49,931 [INFO]     Fold 4 AUROC=0.9191 AUPRC=0.2851 F1=0.3709 MCC=0.3882
2026-04-27 17:37:55,101 [INFO]     Fold 5 AUROC=0.9080 AUPRC=0.3094 F1=0.3309 MCC=0.3371
2026-04-27 17:37:55,102 [INFO]   [gradient_boosting] AUROC=0.9087±0.0184  AUPRC=0.2983±0.0231  F1=0.3353±0.0285  MCC=0.3431±0.0355
2026-04-27 17:37:55,106 [INFO]   [gradient_boosting] Hyperparameter tuning (RandomizedSearchCV n_iter=20, cv=3, scoring=average_precision) ...
2026-04-27 17:38:10,334 [INFO]   [gradient_boosting] Best params: {'subsample': 0.8, 'n_estimators': 300, 'max_depth': 5, 'learning_rate': 0.01}  CV-AUPRC=0.3198
2026-04-27 17:38:10,366 [INFO] 
  [logistic_regression] CV ...
2026-04-27 17:38:11,699 [INFO]     Fold 1 AUROC=0.8795 AUPRC=0.2460 F1=0.2488 MCC=0.2733
2026-04-27 17:38:13,037 [INFO]     Fold 2 AUROC=0.9084 AUPRC=0.3272 F1=0.2908 MCC=0.3322
2026-04-27 17:38:14,408 [INFO]     Fold 3 AUROC=0.9231 AUPRC=0.4006 F1=0.3118 MCC=0.3545
2026-04-27 17:38:15,749 [INFO]     Fold 4 AUROC=0.9315 AUPRC=0.3532 F1=0.3255 MCC=0.3782
2026-04-27 17:38:17,351 [INFO]     Fold 5 AUROC=0.9248 AUPRC=0.3605 F1=0.3125 MCC=0.3607
2026-04-27 17:38:17,352 [INFO]   [logistic_regression] AUROC=0.9134±0.0186  AUPRC=0.3375±0.0515  F1=0.2979±0.0270  MCC=0.3398±0.0363
2026-04-27 17:38:18,197 [INFO] 
  [extra_trees] CV ...
2026-04-27 17:38:19,280 [INFO]     Fold 1 AUROC=0.8821 AUPRC=0.2315 F1=0.3116 MCC=0.2885
2026-04-27 17:38:20,363 [INFO]     Fold 2 AUROC=0.9135 AUPRC=0.2839 F1=0.3085 MCC=0.2825
2026-04-27 17:38:21,482 [INFO]     Fold 3 AUROC=0.9089 AUPRC=0.2738 F1=0.3657 MCC=0.3415
2026-04-27 17:38:22,511 [INFO]     Fold 4 AUROC=0.9177 AUPRC=0.2612 F1=0.3789 MCC=0.3601
2026-04-27 17:38:23,503 [INFO]     Fold 5 AUROC=0.9096 AUPRC=0.2959 F1=0.3135 MCC=0.2873
2026-04-27 17:38:23,504 [INFO]   [extra_trees] AUROC=0.9064±0.0125  AUPRC=0.2693±0.0221  F1=0.3356±0.0303  MCC=0.3120±0.0323
2026-04-27 17:38:24,462 [INFO] 
  [xgboost] CV ...
2026-04-27 17:38:24,991 [INFO]     Fold 1 AUROC=0.8697 AUPRC=0.2171 F1=0.2361 MCC=0.2632
2026-04-27 17:38:25,278 [INFO]     Fold 2 AUROC=0.9092 AUPRC=0.3041 F1=0.2782 MCC=0.3229
2026-04-27 17:38:25,546 [INFO]     Fold 3 AUROC=0.9180 AUPRC=0.3353 F1=0.2885 MCC=0.3355
2026-04-27 17:38:25,825 [INFO]     Fold 4 AUROC=0.9128 AUPRC=0.2825 F1=0.2754 MCC=0.3283
2026-04-27 17:38:26,159 [INFO]     Fold 5 AUROC=0.9067 AUPRC=0.2979 F1=0.2679 MCC=0.3182
2026-04-27 17:38:26,160 [INFO]   [xgboost] AUROC=0.9033±0.0172  AUPRC=0.2874±0.0391  F1=0.2692±0.0178  MCC=0.3136±0.0259
2026-04-27 17:38:26,168 [INFO]   [xgboost] Hyperparameter tuning (RandomizedSearchCV n_iter=20, cv=3, scoring=average_precision) ...
2026-04-27 17:38:31,523 [INFO]   [xgboost] Best params: {'subsample': 0.7, 'n_estimators': 500, 'max_depth': 3, 'learning_rate': 0.01, 'colsample_bytree': 0.6}  CV-AUPRC=0.3255
2026-04-27 17:38:31,547 [INFO] 
All models trained in 112.2s
2026-04-27 17:38:31,547 [INFO]   Best: logistic_regression (AUPRC=0.3375)
2026-04-27 17:38:31,552 [INFO]   Best model (logistic_regression, already calibrated) saved as best_model.joblib
2026-04-27 17:38:31,795 [INFO] STEP 11 COMPLETE
2026-04-27 17:38:31,823 [INFO] <<< Step 11 — Model training DONE (112.7s)
2026-04-27 17:38:31,823 [INFO] >>> Step 12 — Model evaluation
2026-04-27 17:38:31,826 [INFO] ============================================================
2026-04-27 17:38:31,827 [INFO] STEP 12 — MODEL EVALUATION
2026-04-27 17:38:31,827 [INFO] ============================================================
2026-04-27 17:38:31,858 [INFO]   Val: 2196 genes  pos=88
2026-04-27 17:38:32,280 [INFO]   [extra_trees           ] AUROC=0.9181 AUPRC=0.3005 F1@0.50=0.3662 MCC@0.50=0.3406 [oracle F1@0.23=0.3842] R@100=0.3977 P@100=0.3500
2026-04-27 17:38:32,320 [INFO]   [gradient_boosting     ] AUROC=0.9147 AUPRC=0.3215 F1@0.50=0.3689 MCC@0.50=0.3715 [oracle F1@0.23=0.3913] R@100=0.3636 P@100=0.3200
2026-04-27 17:38:32,340 [INFO]   [logistic_regression   ] AUROC=0.9214 AUPRC=0.3147 F1@0.50=0.3874 MCC@0.50=0.3650 [oracle F1@0.12=0.4125] R@100=0.3977 P@100=0.3500
2026-04-27 17:38:32,454 [INFO]   [random_forest         ] AUROC=0.9207 AUPRC=0.3230 F1@0.50=0.3563 MCC@0.50=0.3371 [oracle F1@0.09=0.3961] R@100=0.3864 P@100=0.3400
2026-04-27 17:38:32,483 [INFO]   [xgboost               ] AUROC=0.9192 AUPRC=0.3081 F1@0.50=0.3722 MCC@0.50=0.3785 [oracle F1@0.23=0.4050] R@100=0.3864 P@100=0.3400
2026-04-27 17:38:32,486 [INFO]   Ensemble weights (AUPRC): extra_trees=0.184  gradient_boosting=0.204  logistic_regression=0.231  random_forest=0.185  xgboost=0.197
2026-04-27 17:38:32,510 [INFO]   [ensemble_soft_vote    ] AUROC=0.9245 AUPRC=0.3291 F1@0.50=0.3956 MCC@0.50=0.3894 [oracle F1@0.16=0.4061] R@100=0.4091 P@100=0.3600
2026-04-27 17:38:32,536 [INFO]   Classification reports saved to: C:\Users\rahma\Downloads\gloom updated\trial\outputs\results\classification_reports
2026-04-27 17:38:33,438 [INFO]   Confusion matrix grid saved: eval_confusion_matrices.png
2026-04-27 17:38:33,901 [INFO]   Multi-threshold confusion matrices saved: eval_confusion_multithreshold.png
2026-04-27 17:38:34,222 [ERROR] <<< Step 12 — Model evaluation FAILED: PermissionError: [Errno 13] Permission denied: 'C:\\Users\\rahma\\Downloads\\gloom updated\\trial\\outputs\\results\\model_metrics.csv'
2026-04-27 17:38:34,228 [INFO] ======================================================================
2026-04-27 17:38:34,228 [INFO] EXECUTION SUMMARY
2026-04-27 17:38:34,228 [INFO] ======================================================================
2026-04-27 17:38:34,228 [INFO]   [OK] Step 0  — Config                                  0.0s
2026-04-27 17:38:34,229 [INFO]   [OK] Step 1  — Data loading                           34.6s
2026-04-27 17:38:34,229 [INFO]   [OK] Step 2  — Preprocessing                          31.4s
2026-04-27 17:38:34,229 [INFO]   [OK] Step 3  — Harmonization                          14.6s
2026-04-27 17:38:34,229 [INFO]   [OK] Step 4  — Differential expr                       5.6s
2026-04-27 17:38:34,229 [INFO]   [OK] Step 5  — Expr features                          16.3s
2026-04-27 17:38:34,229 [INFO]   [OK] Step 6  — Co-expr network                         8.6s
2026-04-27 17:38:34,230 [INFO]   [OK] Step 7  — Network features                       97.0s
2026-04-27 17:38:34,230 [INFO]   [OK] Step 8  — Feature integration                     1.4s
2026-04-27 17:38:34,230 [INFO]   [OK] Step 9  — Label construction                      0.4s
2026-04-27 17:38:34,230 [INFO]   [OK] Step 10 — Train/val split                         1.0s
2026-04-27 17:38:34,230 [INFO]   [OK] Step 11 — Model training                        112.7s
2026-04-27 17:38:34,230 [INFO]   [FAIL] Step 12 — Model evaluation                        2.4s
2026-04-27 17:38:34,230 [INFO]   Total: 326.0s (5.4 min)
2026-04-27 17:38:34,231 [ERROR]   STOPPED at: Step 12 — Model evaluation
2026-04-27 17:43:38,257 [INFO] ============================================================
2026-04-27 17:43:38,257 [INFO] STEP 9 — LABEL CONSTRUCTION
2026-04-27 17:43:38,257 [INFO] ============================================================
2026-04-27 17:43:38,322 [INFO]   LCGene symbols: 517
2026-04-27 17:43:38,328 [INFO]   Universe trimming: removing 9 noisy unlabeled genes (non-expressed + no DE signal)
2026-04-27 17:43:38,331 [INFO]   Total: 10977  Positive (known LCGene): 438 (3.99%)  Unlabeled: 10539
2026-04-27 17:43:38,332 [INFO]   [PU framing] Negatives are UNLABELED — not confirmed non-cancer genes.
2026-04-27 17:43:38,543 [INFO]   LCGene genes unmatched: 79
2026-04-27 17:43:38,543 [INFO] STEP 9 COMPLETE
2026-04-27 17:46:54,158 [INFO] ============================================================
2026-04-27 17:46:54,158 [INFO] STEP 9 — LABEL CONSTRUCTION
2026-04-27 17:46:54,158 [INFO] ============================================================
2026-04-27 17:46:54,224 [INFO]   LCGene symbols: 517
2026-04-27 17:46:54,230 [INFO]   Universe trimming: removing 481 noisy unlabeled genes (non-expressed + no DE signal)
2026-04-27 17:46:54,233 [INFO]   Total: 10505  Positive (known LCGene): 438 (4.17%)  Unlabeled: 10067
2026-04-27 17:46:54,233 [INFO]   [PU framing] Negatives are UNLABELED — not confirmed non-cancer genes.
2026-04-27 17:46:54,426 [INFO]   LCGene genes unmatched: 79
2026-04-27 17:46:54,426 [INFO] STEP 9 COMPLETE
2026-04-27 17:48:41,923 [INFO] ============================================================
2026-04-27 17:48:41,924 [INFO] STEP 9 — LABEL CONSTRUCTION
2026-04-27 17:48:41,924 [INFO] ============================================================
2026-04-27 17:48:41,989 [INFO]   LCGene symbols: 517
2026-04-27 17:48:41,995 [INFO]   Universe trimming: removing 1190 noisy unlabeled genes (non-expressed + no DE signal)
2026-04-27 17:48:41,999 [INFO]   Total: 9796  Positive (known LCGene): 438 (4.47%)  Unlabeled: 9358
2026-04-27 17:48:41,999 [INFO]   [PU framing] Negatives are UNLABELED — not confirmed non-cancer genes.
2026-04-27 17:48:42,188 [INFO]   LCGene genes unmatched: 79
2026-04-27 17:48:42,188 [INFO] STEP 9 COMPLETE
2026-04-27 17:49:56,362 [INFO] ======================================================================
2026-04-27 17:49:56,363 [INFO] LUAD ML PIPELINE — FULL RUN
2026-04-27 17:49:56,363 [INFO] ======================================================================
2026-04-27 17:49:56,363 [INFO] >>> Step 0  — Config
2026-04-27 17:49:56,364 [INFO] <<< Step 0  — Config DONE (0.0s)
2026-04-27 17:49:56,364 [INFO] >>> Step 1  — Data loading
2026-04-27 17:49:56,837 [INFO] ============================================================
2026-04-27 17:49:56,837 [INFO] STEP 1 — DATA LOADING
2026-04-27 17:49:56,837 [INFO] ============================================================
2026-04-27 17:49:56,838 [INFO] Loading tumor expression from: C:\Users\rahma\Downloads\gloom updated\trial\data\raw\cBioPortal (RNA Seq Data)\data_mrna_seq_v2_rsem.txt
2026-04-27 17:49:58,812 [INFO]   Raw shape: (20531, 512)
2026-04-27 17:49:58,918 [WARNING]   19 duplicate gene symbols found — keeping highest-mean row.
2026-04-27 17:49:59,036 [INFO]   Final shape: (20512, 510)
2026-04-27 17:49:59,037 [INFO] Loading tumor metadata from: C:\Users\rahma\Downloads\gloom updated\trial\data\raw\cBioPortal (RNA Seq Data)\data_clinical_patient.txt
2026-04-27 17:49:59,042 [INFO]   Raw shape: (566, 38)
2026-04-27 17:49:59,044 [INFO]   Final shape: (566, 35)
2026-04-27 17:49:59,045 [INFO] Loading normal expression from: C:\Users\rahma\Downloads\gloom updated\trial\data\raw\Gtex (normal samples)\gene_tpm_v11_lung.gct.gz
2026-04-27 17:49:59,045 [INFO]   GCT version line : #1.2
2026-04-27 17:49:59,045 [INFO]   GCT dimension line: 74628	604
2026-04-27 17:50:20,592 [INFO] ======================================================================
2026-04-27 17:50:20,592 [INFO] LUAD ML PIPELINE — FULL RUN
2026-04-27 17:50:20,593 [INFO] ======================================================================
2026-04-27 17:50:20,593 [INFO] >>> Step 0  — Config
2026-04-27 17:50:20,593 [INFO] <<< Step 0  — Config DONE (0.0s)
2026-04-27 17:50:20,594 [INFO] >>> Step 1  — Data loading
2026-04-27 17:50:20,978 [INFO] ============================================================
2026-04-27 17:50:20,979 [INFO] STEP 1 — DATA LOADING
2026-04-27 17:50:20,979 [INFO] ============================================================
2026-04-27 17:50:20,980 [INFO] Loading tumor expression from: C:\Users\rahma\Downloads\gloom updated\trial\data\raw\cBioPortal (RNA Seq Data)\data_mrna_seq_v2_rsem.txt
2026-04-27 17:50:22,777 [INFO]   Raw shape: (20531, 512)
2026-04-27 17:50:22,922 [WARNING]   19 duplicate gene symbols found — keeping highest-mean row.
2026-04-27 17:50:23,050 [INFO]   Final shape: (20512, 510)
2026-04-27 17:50:23,050 [INFO] Loading tumor metadata from: C:\Users\rahma\Downloads\gloom updated\trial\data\raw\cBioPortal (RNA Seq Data)\data_clinical_patient.txt
2026-04-27 17:50:23,055 [INFO]   Raw shape: (566, 38)
2026-04-27 17:50:23,058 [INFO]   Final shape: (566, 35)
2026-04-27 17:50:23,058 [INFO] Loading normal expression from: C:\Users\rahma\Downloads\gloom updated\trial\data\raw\Gtex (normal samples)\gene_tpm_v11_lung.gct.gz
2026-04-27 17:50:23,059 [INFO]   GCT version line : #1.2
2026-04-27 17:50:23,059 [INFO]   GCT dimension line: 74628	604
2026-04-27 17:50:29,664 [INFO]   Raw shape (after preamble skip): (74628, 606)
2026-04-27 17:50:30,000 [WARNING]   1307 duplicate gene symbols — keeping highest-mean row.
2026-04-27 17:50:30,512 [INFO]   Final shape: (73321, 604)
2026-04-27 17:50:30,513 [INFO] Loading normal metadata from: C:\Users\rahma\Downloads\gloom updated\trial\data\raw\Gtex (normal samples)\GTEx_Analysis_v11_Annotations_SampleAttributesDS - LUAD.txt
2026-04-27 17:50:30,539 [INFO]   Raw shape: (1892, 119)  (all assay types)
2026-04-27 17:50:30,547 [INFO]   Retaining 11 QC columns: ['SAMPID', 'SMTS', 'SMTSD', 'SMRIN', 'SMATSSCR', 'SMRDTTL', 'SMMAPRT', 'SMRRNART', 'SMRDLGTH', 'SMNABTCHT', 'SMGEBTCHT']
2026-04-27 17:50:30,548 [INFO]   SMRIN  (RNA integrity) : mean=7.17  min=3.5  max=9.7
2026-04-27 17:50:30,549 [INFO]   SMATSSCR (autolysis)   : {0.0: 43, 1.0: 410, 2.0: 128, 3.0: 10}
2026-04-27 17:50:30,549 [INFO]   SMMAPRT  (map rate)    : mean=0.9836  min=0.8003
2026-04-27 17:50:30,549 [INFO]   Final shape: (604, 10)  (604 RNA-seq samples × 10 QC columns)
2026-04-27 17:50:30,549 [INFO] Loading labeled LUAD gene list from: C:\Users\rahma\Downloads\gloom updated\trial\data\raw\LCGene (Labeled LUAD Data)\LCGene_human_LUAD_filtered.tsv
2026-04-27 17:50:30,552 [INFO]   Raw shape: (517, 10)
2026-04-27 17:50:30,553 [INFO]   Unique labeled LUAD genes loaded: 517
2026-04-27 17:50:30,558 [INFO]   Full LCGene table saved to: C:\Users\rahma\Downloads\gloom updated\trial\data\processed\lcgene_luad_full.csv
2026-04-27 17:50:30,558 [INFO] 
Saving raw-loaded files to processed directory …
2026-04-27 17:50:55,517 [INFO] 
============================================================
2026-04-27 17:50:55,518 [INFO] STEP 1 SUMMARY
2026-04-27 17:50:55,518 [INFO] ============================================================
2026-04-27 17:50:55,518 [INFO]   Tumor expression   :  20512 genes  x  510 samples
2026-04-27 17:50:55,518 [INFO]   Normal expression  :  73321 genes  x  604 samples
2026-04-27 17:50:55,519 [INFO]   Normal metadata    :    604 RNA-seq samples  x  10 QC columns
2026-04-27 17:50:55,519 [INFO]   Labeled LUAD genes :    517 unique gene symbols (LCGene)
2026-04-27 17:50:55,519 [INFO] STEP 1 COMPLETE
2026-04-27 17:50:55,546 [INFO] <<< Step 1  — Data loading DONE (35.0s)
2026-04-27 17:50:55,546 [INFO] >>> Step 2  — Preprocessing
2026-04-27 17:50:56,534 [INFO] ============================================================
2026-04-27 17:50:56,534 [INFO] STEP 2 — DATA PREPROCESSING & QUALITY CONTROL
2026-04-27 17:50:56,535 [INFO] ============================================================
2026-04-27 17:51:00,711 [INFO] 
--- Tumor preprocessing ---
2026-04-27 17:51:00,832 [INFO]   [tumor] Replaced 1463479 zeros and 0 negatives with NaN.
2026-04-27 17:51:01,058 [INFO]   [tumor] log2(x+1) applied. Range: [0.004, 20.450]
2026-04-27 17:51:02,787 [WARNING]   [tumor] No common samples — trying TCGA ID truncation.
2026-04-27 17:51:02,818 [INFO]   [tumor] Retained 510 common samples.
2026-04-27 17:51:02,825 [INFO]   [tumor] Sample count OK: 510 >= 50.
2026-04-27 17:51:02,826 [INFO] 
--- Normal preprocessing ---
2026-04-27 17:51:03,239 [INFO]   [normal] Replaced 21868568 zeros and 0 negatives with NaN.
2026-04-27 17:51:04,230 [INFO]   [normal] log2(x+1) applied. Range: [0.000, 16.393]
2026-04-27 17:51:06,725 [INFO]   [normal] Retained 604 common samples.
2026-04-27 17:51:06,732 [INFO]   [normal] Sample count OK: 604 >= 50.
2026-04-27 17:51:06,732 [INFO] 
Generating QC plots …
2026-04-27 17:51:25,713 [INFO] 
============================================================
2026-04-27 17:51:25,713 [INFO] STEP 2 SUMMARY
2026-04-27 17:51:25,713 [INFO] ============================================================
2026-04-27 17:51:25,714 [INFO]   Tumor  expr :  16570 genes x  510 samples
2026-04-27 17:51:25,714 [INFO]   Normal expr :  21159 genes x  604 samples
2026-04-27 17:51:25,714 [INFO] STEP 2 COMPLETE
2026-04-27 17:51:25,756 [INFO] <<< Step 2  — Preprocessing DONE (30.2s)
2026-04-27 17:51:25,756 [INFO] >>> Step 3  — Harmonization
2026-04-27 17:51:25,759 [INFO] ============================================================
2026-04-27 17:51:25,759 [INFO] STEP 3 — GENE ID HARMONIZATION
2026-04-27 17:51:25,759 [INFO] ============================================================
2026-04-27 17:51:28,523 [WARNING]   [tumor] Dropping 1 invalid symbols.
2026-04-27 17:51:28,569 [INFO]   Common genes: 10986
2026-04-27 17:51:28,574 [INFO]   LCGene retained: 438 / 517 (84.7%)
2026-04-27 17:51:28,574 [WARNING]   LCGene genes lost: ABCB4, AKR1B10, ASCL1, BCL2L14, BPIFA1, BRINP1, BRSK2, C20ORF85, CA9, CASC1, CCKBR, CDX2, CHGA, CHRNA1, CHRNA5, CHRNA9, CLCA2, CLDN2, CSMD1, CYP2C19, CYP2C9, DLK1, DLX5, DPYSL5, DRD2, DSC3, ECE2, ELAVL2, EPHA7, FAM83A, FUT6, FZD9, GABRA3, GATA4, GPR87, HMGA2, HNF4A, HOXB9, IGF2BP3, INSM1, KCNH1, KCNJ3, KIF14, KIF5A, KLK6, KRT81, LEP, LGSN, MAGEA1, MAGEA6, MAGEC1, MMP13, MYO18B, NOV, NR0B1, NR1I2, NRXN1, OPCML, PAEP, PAX5, PITX2, PRAME, PTPRH, RGS17, SCGN, SERPINB4, SERPINB5, T, TERT, TF, TFAP2A, TFAP2B, TRIM31, TRPM8, UGT1A6, VIL1, VTCN1, WISP1, XDH
2026-04-27 17:51:40,010 [INFO]   Common genes: 10986
2026-04-27 17:51:40,010 [INFO] STEP 3 COMPLETE
2026-04-27 17:51:40,016 [INFO] <<< Step 3  — Harmonization DONE (14.3s)
2026-04-27 17:51:40,016 [INFO] >>> Step 4  — Differential expr
2026-04-27 17:51:40,123 [INFO] ============================================================
2026-04-27 17:51:40,123 [INFO] STEP 4 — DIFFERENTIAL EXPRESSION
2026-04-27 17:51:40,124 [INFO] ============================================================
2026-04-27 17:51:41,748 [INFO]   Tumor: (10986, 510)  Normal: (10986, 604)
2026-04-27 17:51:41,849 [INFO]   Running Welch t-test for 10986 genes …
2026-04-27 17:51:44,720 [INFO]   Significant at FDR<=0.001: 10882
2026-04-27 17:51:45,368 [INFO]   Up: 9700  Down: 15  NS: 1271
2026-04-27 17:51:45,368 [INFO] STEP 4 COMPLETE
2026-04-27 17:51:45,374 [INFO] <<< Step 4  — Differential expr DONE (5.4s)
2026-04-27 17:51:45,374 [INFO] >>> Step 5  — Expr features
2026-04-27 17:51:45,377 [INFO] ============================================================
2026-04-27 17:51:45,377 [INFO] STEP 5 — EXPRESSION FEATURE CONSTRUCTION
2026-04-27 17:51:45,377 [INFO] ============================================================
2026-04-27 17:51:47,022 [INFO]   Computing stats for [tumor] ((10986, 510)) …
2026-04-27 17:51:54,103 [INFO]   Computing stats for [normal] ((10986, 604)) …
2026-04-27 17:52:01,130 [INFO]   [expression_features] Validated. Shape: (10986, 29)
2026-04-27 17:52:01,785 [INFO]   Expression features: (10986, 29)
2026-04-27 17:52:01,785 [INFO] STEP 5 COMPLETE
2026-04-27 17:52:01,791 [INFO] <<< Step 5  — Expr features DONE (16.4s)
2026-04-27 17:52:01,792 [INFO] >>> Step 6  — Co-expr network
2026-04-27 17:52:02,052 [INFO] ============================================================
2026-04-27 17:52:02,053 [INFO] STEP 6 — CO-EXPRESSION NETWORK CONSTRUCTION
2026-04-27 17:52:02,053 [INFO] ============================================================
2026-04-27 17:52:02,857 [INFO]   Matrix: 10986 genes x 510 samples | cutoff |r|>=0.6
2026-04-27 17:52:03,944 [INFO]   Chunk 10/22 edges so far: 86,077 (1.0s)
2026-04-27 17:52:04,824 [INFO]   Chunk 20/22 edges so far: 109,749 (1.9s)
2026-04-27 17:52:05,132 [INFO]   Chunk 22/22 edges so far: 110,508 (2.2s)
2026-04-27 17:52:05,185 [INFO]   Total edges: 110,508
2026-04-27 17:52:08,346 [INFO]   Graph: 4,977 nodes, 110,508 edges
2026-04-27 17:52:11,010 [INFO]   Runtime: 2.4s
2026-04-27 17:52:11,011 [INFO] STEP 6 COMPLETE
2026-04-27 17:52:11,016 [INFO] <<< Step 6  — Co-expr network DONE (9.2s)
2026-04-27 17:52:11,016 [INFO] >>> Step 7  — Network features
2026-04-27 17:52:11,031 [INFO] ============================================================
2026-04-27 17:52:11,031 [INFO] STEP 7 — NETWORK FEATURE EXTRACTION
2026-04-27 17:52:11,031 [INFO] ============================================================
2026-04-27 17:52:12,840 [INFO]   Graph: 10,986 nodes, 110,508 edges
2026-04-27 17:52:12,844 [INFO]   Extracting degree features …
2026-04-27 17:52:12,886 [INFO]   Extracting average neighbour degree …
2026-04-27 17:52:12,914 [INFO]   Betweenness centrality (n=10,986) …
2026-04-27 17:52:23,972 [INFO]   Closeness centrality …
2026-04-27 17:53:23,179 [INFO]   Eigenvector centrality …
2026-04-27 17:53:24,997 [INFO]   Clustering coefficient …
2026-04-27 17:53:42,168 [INFO]   Edge weight statistics …
2026-04-27 17:53:42,382 [INFO]   Component features …
2026-04-27 17:53:42,410 [INFO]   All features extracted in 89.6s
2026-04-27 17:53:43,416 [INFO]   Network features: (10986, 13)
2026-04-27 17:53:43,417 [INFO] STEP 7 COMPLETE
2026-04-27 17:53:43,418 [INFO] <<< Step 7  — Network features DONE (92.4s)
2026-04-27 17:53:43,418 [INFO] >>> Step 8  — Feature integration
2026-04-27 17:53:43,709 [INFO] ============================================================
2026-04-27 17:53:43,709 [INFO] STEP 8 — FEATURE INTEGRATION
2026-04-27 17:53:43,710 [INFO] ============================================================
2026-04-27 17:53:43,769 [INFO]   Expression: (10986, 29)  Network: (10986, 13)
2026-04-27 17:53:43,774 [INFO]   Concatenated: (10986, 42)
2026-04-27 17:53:43,781 [INFO]   Removed 21 collinear features: ['weighted_degree', 'component_size', 'min_edge_weight', 'tumor_median', 'normal_median', 't_stat', 'tumor_iqr_rank', 'tumor_mean_rank', 'cohens_d_rank', 'abs_log2fc_rank', 'neg_log10_padj_rank', 'betweenness_centrality', 'clustering_coefficient', 'max_edge_weight', 'std_edge_weight', 'in_largest_component', 'log2fc', 'iqr_ratio', 'std_ratio', 'tumor_kurtosis', 'normal_kurtosis']
2026-04-27 17:53:43,781 [INFO]   Features after collinearity removal: 21
2026-04-27 17:53:43,795 [INFO]   Highly correlated pairs (|r|>=0.95): 2
2026-04-27 17:53:44,132 [INFO]   Differential network features added: 9 columns (coverage: 10,986/10,986 genes)
2026-04-27 17:53:44,604 [INFO]   Integrated features: (10986, 30)
2026-04-27 17:53:44,605 [INFO] STEP 8 COMPLETE
2026-04-27 17:53:44,606 [INFO] <<< Step 8  — Feature integration DONE (1.2s)
2026-04-27 17:53:44,606 [INFO] >>> Step 9  — Label construction
2026-04-27 17:53:44,621 [INFO] ============================================================
2026-04-27 17:53:44,621 [INFO] STEP 9 — LABEL CONSTRUCTION
2026-04-27 17:53:44,621 [INFO] ============================================================
2026-04-27 17:53:44,678 [INFO]   LCGene symbols: 517
2026-04-27 17:53:44,684 [INFO]   Universe trimming: removing 1190 noisy unlabeled genes (non-expressed + no DE signal)
2026-04-27 17:53:44,687 [INFO]   Total: 9796  Positive (known LCGene): 438 (4.47%)  Unlabeled: 9358
2026-04-27 17:53:44,687 [INFO]   [PU framing] Negatives are UNLABELED — not confirmed non-cancer genes.
2026-04-27 17:53:44,853 [INFO]   LCGene genes unmatched: 79
2026-04-27 17:53:44,854 [INFO] STEP 9 COMPLETE
2026-04-27 17:53:44,855 [INFO] <<< Step 9  — Label construction DONE (0.2s)
2026-04-27 17:53:44,855 [INFO] >>> Step 10 — Train/val split
2026-04-27 17:53:44,857 [INFO] ============================================================
2026-04-27 17:53:44,858 [INFO] STEP 10 — TRAIN/VALIDATION SPLIT
2026-04-27 17:53:44,858 [INFO] ============================================================
2026-04-27 17:53:44,907 [INFO]   Features: (9796, 30)  Labels: 9796
2026-04-27 17:53:44,912 [INFO]   Train: 7836 (pos=350)  Val: 1960 (pos=88)
2026-04-27 17:53:44,917 [INFO]   Feature selection: kept top 20 features from feature_importance.csv
2026-04-27 17:53:45,672 [INFO] STEP 10 COMPLETE
2026-04-27 17:53:45,673 [INFO] <<< Step 10 — Train/val split DONE (0.8s)
2026-04-27 17:53:45,673 [INFO] >>> Step 11 — Model training
2026-04-27 17:53:45,754 [INFO] ============================================================
2026-04-27 17:53:45,754 [INFO] STEP 11 — MODEL TRAINING
2026-04-27 17:53:45,754 [INFO] ============================================================
2026-04-27 17:53:45,806 [INFO]   X_train: (7836, 20)  pos=350
2026-04-27 17:53:45,860 [INFO]   XGBoost added (scale_pos_weight=21.4)
2026-04-27 17:53:46,020 [INFO]   SMOTE enabled (imbalanced-learn found).
2026-04-27 17:53:46,020 [INFO]   Random undersampling enabled (imbalanced-learn found).
2026-04-27 17:53:46,020 [INFO] 
  [random_forest] CV ...
2026-04-27 17:53:48,359 [INFO]     Fold 1 AUROC=0.9375 AUPRC=0.4049 F1=0.4804 MCC=0.4752
2026-04-27 17:53:50,606 [INFO]     Fold 2 AUROC=0.9222 AUPRC=0.4565 F1=0.4746 MCC=0.4558
2026-04-27 17:53:53,034 [INFO]     Fold 3 AUROC=0.9289 AUPRC=0.5057 F1=0.4236 MCC=0.4108
2026-04-27 17:53:55,383 [INFO]     Fold 4 AUROC=0.9415 AUPRC=0.4141 F1=0.4492 MCC=0.4322
2026-04-27 17:53:57,710 [INFO]     Fold 5 AUROC=0.9253 AUPRC=0.4044 F1=0.3883 MCC=0.3723
2026-04-27 17:53:57,711 [INFO]   [random_forest] AUROC=0.9311±0.0073  AUPRC=0.4371±0.0393  F1=0.4432±0.0340  MCC=0.4292±0.0358
2026-04-27 17:53:57,715 [INFO]   [random_forest] Hyperparameter tuning (RandomizedSearchCV n_iter=20, cv=3, scoring=average_precision) ...
2026-04-27 17:54:28,346 [INFO]   [random_forest] Best params: {'n_estimators': 500, 'min_samples_leaf': 2, 'max_features': 'sqrt', 'max_depth': None}  CV-AUPRC=0.4916
2026-04-27 17:54:28,528 [INFO] 
  [gradient_boosting] CV ...
2026-04-27 17:54:32,785 [INFO]     Fold 1 AUROC=0.9390 AUPRC=0.4551 F1=0.4195 MCC=0.4398
2026-04-27 17:54:36,988 [INFO]     Fold 2 AUROC=0.9232 AUPRC=0.5008 F1=0.4089 MCC=0.4043
2026-04-27 17:54:41,290 [INFO]     Fold 3 AUROC=0.9368 AUPRC=0.5093 F1=0.4463 MCC=0.4577
2026-04-27 17:54:45,499 [INFO]     Fold 4 AUROC=0.9453 AUPRC=0.4977 F1=0.4664 MCC=0.4700
2026-04-27 17:54:49,737 [INFO]     Fold 5 AUROC=0.9355 AUPRC=0.4641 F1=0.4257 MCC=0.4371
2026-04-27 17:54:49,737 [INFO]   [gradient_boosting] AUROC=0.9360±0.0072  AUPRC=0.4854±0.0216  F1=0.4333±0.0205  MCC=0.4418±0.0223
2026-04-27 17:54:49,741 [INFO]   [gradient_boosting] Hyperparameter tuning (RandomizedSearchCV n_iter=20, cv=3, scoring=average_precision) ...
2026-04-27 17:55:02,434 [INFO]   [gradient_boosting] Best params: {'subsample': 0.9, 'n_estimators': 300, 'max_depth': 4, 'learning_rate': 0.1}  CV-AUPRC=0.4755
2026-04-27 17:55:02,470 [INFO] 
  [logistic_regression] CV ...
2026-04-27 17:55:03,649 [INFO]     Fold 1 AUROC=0.9368 AUPRC=0.4146 F1=0.3552 MCC=0.4087
2026-04-27 17:55:04,835 [INFO]     Fold 2 AUROC=0.9136 AUPRC=0.3595 F1=0.3642 MCC=0.3883
2026-04-27 17:55:05,977 [INFO]     Fold 3 AUROC=0.9298 AUPRC=0.4067 F1=0.3636 MCC=0.3961
2026-04-27 17:55:07,114 [INFO]     Fold 4 AUROC=0.9220 AUPRC=0.3084 F1=0.3384 MCC=0.3676
2026-04-27 17:55:08,291 [INFO]     Fold 5 AUROC=0.9315 AUPRC=0.4306 F1=0.3286 MCC=0.3642
2026-04-27 17:55:08,292 [INFO]   [logistic_regression] AUROC=0.9267±0.0081  AUPRC=0.3840±0.0446  F1=0.3500±0.0142  MCC=0.3850±0.0169
2026-04-27 17:55:08,875 [INFO] 
  [extra_trees] CV ...
2026-04-27 17:55:09,566 [INFO]     Fold 1 AUROC=0.9406 AUPRC=0.4658 F1=0.5055 MCC=0.4916
2026-04-27 17:55:10,301 [INFO]     Fold 2 AUROC=0.9176 AUPRC=0.4838 F1=0.4348 MCC=0.4086
2026-04-27 17:55:11,010 [INFO]     Fold 3 AUROC=0.9267 AUPRC=0.5003 F1=0.4483 MCC=0.4263
2026-04-27 17:55:11,710 [INFO]     Fold 4 AUROC=0.9395 AUPRC=0.3964 F1=0.4607 MCC=0.4411
2026-04-27 17:55:12,425 [INFO]     Fold 5 AUROC=0.9253 AUPRC=0.3997 F1=0.4130 MCC=0.3914
2026-04-27 17:55:12,425 [INFO]   [extra_trees] AUROC=0.9299±0.0088  AUPRC=0.4492±0.0432  F1=0.4525±0.0309  MCC=0.4318±0.0343
2026-04-27 17:55:13,191 [INFO] 
  [xgboost] CV ...
2026-04-27 17:55:13,690 [INFO]     Fold 1 AUROC=0.9337 AUPRC=0.4610 F1=0.3214 MCC=0.3717
2026-04-27 17:55:13,968 [INFO]     Fold 2 AUROC=0.9138 AUPRC=0.4697 F1=0.3601 MCC=0.3873
2026-04-27 17:55:14,207 [INFO]     Fold 3 AUROC=0.9222 AUPRC=0.4633 F1=0.3324 MCC=0.3677
2026-04-27 17:55:14,445 [INFO]     Fold 4 AUROC=0.9356 AUPRC=0.4514 F1=0.3704 MCC=0.4078
2026-04-27 17:55:14,678 [INFO]     Fold 5 AUROC=0.9298 AUPRC=0.4560 F1=0.3513 MCC=0.3964
2026-04-27 17:55:14,678 [INFO]   [xgboost] AUROC=0.9270±0.0081  AUPRC=0.4603±0.0063  F1=0.3471±0.0179  MCC=0.3862±0.0150
2026-04-27 17:55:14,684 [INFO]   [xgboost] Hyperparameter tuning (RandomizedSearchCV n_iter=20, cv=3, scoring=average_precision) ...
2026-04-27 17:55:19,074 [INFO]   [xgboost] Best params: {'subsample': 0.9, 'n_estimators': 200, 'max_depth': 5, 'learning_rate': 0.1, 'colsample_bytree': 1.0}  CV-AUPRC=0.4849
2026-04-27 17:55:19,091 [INFO] 
All models trained in 93.2s
2026-04-27 17:55:19,092 [INFO]   Best: gradient_boosting (AUPRC=0.4854)
2026-04-27 17:55:19,120 [INFO]   Best model (gradient_boosting, already calibrated) saved as best_model.joblib
2026-04-27 17:55:19,329 [INFO] STEP 11 COMPLETE
2026-04-27 17:55:19,357 [INFO] <<< Step 11 — Model training DONE (93.7s)
2026-04-27 17:55:19,358 [INFO] >>> Step 12 — Model evaluation
2026-04-27 17:55:19,361 [INFO] ============================================================
2026-04-27 17:55:19,361 [INFO] STEP 12 — MODEL EVALUATION
2026-04-27 17:55:19,361 [INFO] ============================================================
2026-04-27 17:55:19,386 [INFO]   Val: 1960 genes  pos=88
2026-04-27 17:55:19,722 [INFO]   [extra_trees           ] AUROC=0.9285 AUPRC=0.5136 F1@0.50=0.4516 MCC@0.50=0.4251 [oracle F1@0.24=0.5161] R@100=0.4773 P@100=0.4200
2026-04-27 17:55:19,746 [INFO]   [gradient_boosting     ] AUROC=0.9147 AUPRC=0.4662 F1@0.50=0.4048 MCC@0.50=0.3883 [oracle F1@0.23=0.4592] R@100=0.4886 P@100=0.4300
2026-04-27 17:55:19,762 [INFO]   [logistic_regression   ] AUROC=0.9339 AUPRC=0.4153 F1@0.50=0.4475 MCC@0.50=0.4254 [oracle F1@0.18=0.4694] R@100=0.4773 P@100=0.4200
2026-04-27 17:55:19,849 [INFO]   [random_forest         ] AUROC=0.9226 AUPRC=0.4695 F1@0.50=0.4293 MCC@0.50=0.4029 [oracle F1@0.32=0.4698] R@100=0.4659 P@100=0.4100
2026-04-27 17:55:19,874 [INFO]   [xgboost               ] AUROC=0.9158 AUPRC=0.4923 F1@0.50=0.4340 MCC@0.50=0.4092 [oracle F1@0.34=0.4625] R@100=0.4659 P@100=0.4100
2026-04-27 17:55:19,877 [INFO]   Ensemble weights (AUPRC): extra_trees=0.203  gradient_boosting=0.219  logistic_regression=0.173  random_forest=0.197  xgboost=0.208
2026-04-27 17:55:19,899 [INFO]   [ensemble_soft_vote    ] AUROC=0.9350 AUPRC=0.5117 F1@0.50=0.4505 MCC@0.50=0.4294 [oracle F1@0.26=0.5000] R@100=0.5227 P@100=0.4600
2026-04-27 17:55:19,923 [INFO]   Classification reports saved to: C:\Users\rahma\Downloads\gloom updated\trial\outputs\results\classification_reports
2026-04-27 17:55:20,620 [INFO]   Confusion matrix grid saved: eval_confusion_matrices.png
2026-04-27 17:55:20,984 [INFO]   Multi-threshold confusion matrices saved: eval_confusion_multithreshold.png
2026-04-27 17:55:21,323 [INFO] STEP 12 COMPLETE
2026-04-27 17:55:21,329 [INFO] <<< Step 12 — Model evaluation DONE (2.0s)
2026-04-27 17:55:21,329 [INFO] >>> Step 13 — Feature importance
2026-04-27 17:55:21,350 [INFO] ============================================================
2026-04-27 17:55:21,350 [INFO] STEP 13 — FEATURE IMPORTANCE
2026-04-27 17:55:21,351 [INFO] ============================================================
2026-04-27 17:55:21,559 [INFO]   [gradient_boosting] Permutation importance (n_repeats=10) …
2026-04-27 17:55:21,922 [INFO]   Top 5: {'tumor_std': 0.999999999988669, 'neg_log10_padj': 0.5755476837297646, 'cohens_d': 0.5074182343375461, 'tumor_cv': 0.32522612373672855, 'normal_specific_degree': 0.22678405612426641}
2026-04-27 17:55:22,034 [INFO]   Feature importance shape: (20, 5)
2026-04-27 17:55:22,034 [INFO]   Top feature: tumor_std (1.0000)
2026-04-27 17:55:22,034 [INFO] STEP 13 COMPLETE
2026-04-27 17:55:22,041 [INFO] <<< Step 13 — Feature importance DONE (0.7s)
2026-04-27 17:55:22,041 [INFO] >>> Step 14 — Gene ranking
2026-04-27 17:55:22,043 [INFO] ============================================================
2026-04-27 17:55:22,043 [INFO] STEP 14 — GENE PREDICTION & RANKING
2026-04-27 17:55:22,043 [INFO] ============================================================
2026-04-27 17:55:22,114 [INFO]   Using PU bagging scores from step11b for gene ranking (principled PU learning).
2026-04-27 17:55:22,126 [INFO]   PU bagging scores loaded: 10,986 genes.
2026-04-27 17:55:22,126 [INFO]   Score source: pu_bagging  |  novel threshold: 0.7
2026-04-27 17:55:22,146 [INFO]   Total: 10,986  Novel candidates (prob>=0.7): 920  Sensitivity list (prob>=0.5): 2,074
2026-04-27 17:55:22,146 [INFO]   Median positive (known) rank: 250
2026-04-27 17:55:22,146 [INFO]   Positive (known) in top-50:  50  top-100: 99  top-200: 181  top-500: 317
2026-04-27 17:55:22,146 [INFO]   Recall@50=0.1142  Recall@100=0.2260  Recall@200=0.4132  Recall@500=0.7237
2026-04-27 17:55:22,146 [INFO]   Precision@50=1.0000  Precision@100=0.9900
2026-04-27 17:55:22,554 [INFO]   High-confidence novel candidates saved: 920 genes (prob>=0.7)
2026-04-27 17:55:22,555 [INFO]   Sensitivity novel candidates saved:     2074 genes (prob>=0.5)
2026-04-27 17:55:22,556 [INFO]   Query gene rankings saved: 0 genes
2026-04-27 17:55:22,557 [INFO] STEP 14 COMPLETE
2026-04-27 17:55:22,559 [INFO] <<< Step 14 — Gene ranking DONE (0.5s)
2026-04-27 17:55:22,559 [INFO] >>> Step 15 — Network annotation
2026-04-27 17:55:22,562 [INFO] ============================================================
2026-04-27 17:55:22,562 [INFO] STEP 15 — NETWORK ANNOTATION
2026-04-27 17:55:22,563 [INFO] ============================================================
2026-04-27 17:55:24,354 [INFO]   Graph: 10,986 nodes, 110,508 edges
2026-04-27 17:55:25,359 [INFO]   Positive edges: 108,468  Negative: 2,040
2026-04-27 17:55:29,914 [INFO]   LCGene nodes: 438  Novel: 920
2026-04-27 17:55:29,914 [INFO] STEP 15 COMPLETE
2026-04-27 17:55:29,931 [INFO] <<< Step 15 — Network annotation DONE (7.4s)
2026-04-27 17:55:29,932 [INFO] >>> Step 16 — Network export
2026-04-27 17:55:29,934 [INFO] ============================================================
2026-04-27 17:55:29,935 [INFO] STEP 16 — NETWORK EXPORT
2026-04-27 17:55:29,935 [INFO] ============================================================
2026-04-27 17:55:32,649 [INFO]   Graph: 10,986 nodes, 110,508 edges
2026-04-27 17:55:37,590 [INFO]   GraphML saved: C:\Users\rahma\Downloads\gloom updated\trial\outputs\results\network\exports/network_full.graphml
2026-04-27 17:55:41,705 [INFO]   Full network exports complete.
2026-04-27 17:55:41,726 [INFO]   [top100] 100 nodes, 51 edges
2026-04-27 17:55:41,789 [INFO]   [lcgene] 438 nodes, 925 edges
2026-04-27 17:55:42,008 [INFO]   [novel] 920 nodes, 2305 edges
2026-04-27 17:55:42,457 [INFO]   [candidates] 1332 nodes, 5823 edges
2026-04-27 17:55:46,624 [INFO] 
  Sub-networks:
2026-04-27 17:55:46,624 [INFO]     top100               nodes=  100  edges=     51
2026-04-27 17:55:46,624 [INFO]     lcgene               nodes=  438  edges=    925
2026-04-27 17:55:46,624 [INFO]     novel                nodes=  920  edges=  2,305
2026-04-27 17:55:46,624 [INFO]     candidates           nodes=1,332  edges=  5,823
2026-04-27 17:55:46,624 [INFO] STEP 16 COMPLETE
2026-04-27 17:55:46,643 [INFO] <<< Step 16 — Network export DONE (16.7s)
2026-04-27 17:55:46,643 [INFO] >>> Step 17 — Visualization
2026-04-27 17:55:46,799 [INFO] ============================================================
2026-04-27 17:55:46,800 [INFO] STEP 17 — INTERACTIVE VISUALIZATION
2026-04-27 17:55:46,800 [INFO] ============================================================
2026-04-27 17:55:46,952 [INFO] [1] Volcano …
2026-04-27 17:55:47,302 [INFO]   Volcano saved: C:\Users\rahma\Downloads\gloom updated\trial\outputs\figures\interactive_volcano.html
2026-04-27 17:55:47,302 [INFO] [2] Ranking …
2026-04-27 17:55:47,521 [INFO]   Ranking plot saved: C:\Users\rahma\Downloads\gloom updated\trial\outputs\figures\interactive_ranking.html
2026-04-27 17:55:47,521 [INFO] [3] Network …
2026-04-27 17:55:47,638 [INFO]   Network plot saved: C:\Users\rahma\Downloads\gloom updated\trial\outputs\figures\interactive_network.html
2026-04-27 17:55:47,638 [INFO] [4] Feature importance …
2026-04-27 17:55:47,673 [INFO]   Feature importance saved: C:\Users\rahma\Downloads\gloom updated\trial\outputs\figures\interactive_feature_importance.html
2026-04-27 17:55:47,674 [INFO] [5] KEGG pathways …
2026-04-27 17:55:47,721 [INFO]   KEGG plot saved: C:\Users\rahma\Downloads\gloom updated\trial\outputs\figures\interactive_kegg.html
2026-04-27 17:55:47,722 [INFO] [6] Dashboard …
2026-04-27 17:55:47,798 [INFO]   Combined dashboard saved: C:\Users\rahma\Downloads\gloom updated\trial\outputs\figures\interactive_dashboard.html
2026-04-27 17:55:47,801 [INFO] STEP 17 COMPLETE
2026-04-27 17:55:47,804 [INFO] <<< Step 17 — Visualization DONE (1.2s)
2026-04-27 17:55:47,804 [INFO] >>> Step 18 — Final report
2026-04-27 17:55:47,807 [INFO] ============================================================
2026-04-27 17:55:47,808 [INFO] STEP 18 — FINAL OUTPUTS & REPORTING
2026-04-27 17:55:47,808 [INFO] ============================================================
2026-04-27 17:55:47,808 [INFO] [1] Building summary table …
2026-04-27 17:55:48,007 [INFO]   Summary table: (10986, 29)
2026-04-27 17:55:48,007 [INFO] [2] Building text report …
2026-04-27 17:55:48,027 [ERROR]   Report failed: 'mcc'
2026-04-27 17:55:48,028 [INFO] [3] Building summary figure …
2026-04-27 17:55:48,979 [INFO]   Summary figure (PNG) saved: C:\Users\rahma\Downloads\gloom updated\trial\outputs\results\reports\pipeline_summary_figure.png
2026-04-27 17:55:49,636 [INFO]   Summary figure (PDF) saved: C:\Users\rahma\Downloads\gloom updated\trial\outputs\results\reports\pipeline_summary_figure.pdf
2026-04-27 17:55:49,637 [INFO] [4] Writing master runner …
2026-04-27 17:55:49,638 [INFO]   Master runner saved: C:\Users\rahma\Downloads\gloom updated\trial\LUAD_ML_Pipeline\run_pipeline.py
2026-04-27 17:55:49,638 [INFO] ============================================================
2026-04-27 17:55:49,638 [INFO] STEP 18 SUMMARY
2026-04-27 17:55:49,639 [INFO] ============================================================
2026-04-27 17:55:49,639 [INFO]   Summary table: C:\Users\rahma\Downloads\gloom updated\trial\outputs\results\reports/pipeline_summary_table.csv
2026-04-27 17:55:49,639 [INFO]   Text report  : C:\Users\rahma\Downloads\gloom updated\trial\outputs\results\reports/pipeline_report.txt
2026-04-27 17:55:49,639 [INFO]   Summary fig  : C:\Users\rahma\Downloads\gloom updated\trial\outputs\results\reports/pipeline_summary_figure.png
2026-04-27 17:55:49,639 [INFO]   Master runner: C:\Users\rahma\Downloads\gloom updated\trial\LUAD_ML_Pipeline\run_pipeline.py
2026-04-27 17:55:49,639 [INFO] 
2026-04-27 17:55:49,639 [INFO]   Key deliverables:
2026-04-27 17:55:49,639 [INFO]     Gene rankings    : C:\Users\rahma\Downloads\gloom updated\trial\outputs\results\gene_rankings.csv
2026-04-27 17:55:49,639 [INFO]     Novel candidates : C:\Users\rahma\Downloads\gloom updated\trial\outputs\results/novel_candidates.csv
2026-04-27 17:55:49,640 [INFO]     Dashboard        : C:\Users\rahma\Downloads\gloom updated\trial\outputs\figures/interactive_dashboard.html
2026-04-27 17:55:49,640 [INFO] STEP 18 COMPLETE
2026-04-27 17:55:49,640 [INFO] <<< Step 18 — Final report DONE (1.8s)
2026-04-27 17:55:49,640 [INFO] ======================================================================
2026-04-27 17:55:49,640 [INFO] EXECUTION SUMMARY
2026-04-27 17:55:49,640 [INFO] ======================================================================
2026-04-27 17:55:49,640 [INFO]   [OK] Step 0  — Config                                  0.0s
2026-04-27 17:55:49,640 [INFO]   [OK] Step 1  — Data loading                           35.0s
2026-04-27 17:55:49,640 [INFO]   [OK] Step 2  — Preprocessing                          30.2s
2026-04-27 17:55:49,640 [INFO]   [OK] Step 3  — Harmonization                          14.3s
2026-04-27 17:55:49,641 [INFO]   [OK] Step 4  — Differential expr                       5.4s
2026-04-27 17:55:49,641 [INFO]   [OK] Step 5  — Expr features                          16.4s
2026-04-27 17:55:49,641 [INFO]   [OK] Step 6  — Co-expr network                         9.2s
2026-04-27 17:55:49,641 [INFO]   [OK] Step 7  — Network features                       92.4s
2026-04-27 17:55:49,641 [INFO]   [OK] Step 8  — Feature integration                     1.2s
2026-04-27 17:55:49,641 [INFO]   [OK] Step 9  — Label construction                      0.2s
2026-04-27 17:55:49,641 [INFO]   [OK] Step 10 — Train/val split                         0.8s
2026-04-27 17:55:49,641 [INFO]   [OK] Step 11 — Model training                         93.7s
2026-04-27 17:55:49,641 [INFO]   [OK] Step 12 — Model evaluation                        2.0s
2026-04-27 17:55:49,641 [INFO]   [OK] Step 13 — Feature importance                      0.7s
2026-04-27 17:55:49,641 [INFO]   [OK] Step 14 — Gene ranking                            0.5s
2026-04-27 17:55:49,641 [INFO]   [OK] Step 15 — Network annotation                      7.4s
2026-04-27 17:55:49,641 [INFO]   [OK] Step 16 — Network export                         16.7s
2026-04-27 17:55:49,641 [INFO]   [OK] Step 17 — Visualization                           1.2s
2026-04-27 17:55:49,641 [INFO]   [OK] Step 18 — Final report                            1.8s
2026-04-27 17:55:49,642 [INFO]   Total: 329.0s (5.5 min)
2026-04-27 17:55:49,642 [INFO]   Pipeline COMPLETE.
2026-04-27 17:55:49,642 [INFO] ======================================================================
2026-04-27 17:59:24,151 [INFO] ======================================================================
2026-04-27 17:59:24,152 [INFO] LUAD ML PIPELINE — FULL RUN
2026-04-27 17:59:24,152 [INFO] ======================================================================
2026-04-27 17:59:24,152 [INFO] >>> Step 0  — Config
2026-04-27 17:59:24,153 [INFO] <<< Step 0  — Config DONE (0.0s)
2026-04-27 17:59:24,153 [INFO] >>> Step 1  — Data loading
2026-04-27 17:59:24,631 [INFO] ============================================================
2026-04-27 17:59:24,633 [INFO] STEP 1 — DATA LOADING
2026-04-27 17:59:24,633 [INFO] ============================================================
2026-04-27 17:59:24,635 [INFO] Loading tumor expression from: C:\Users\rahma\Downloads\gloom updated\trial\data\raw\cBioPortal (RNA Seq Data)\data_mrna_seq_v2_rsem.txt
2026-04-27 17:59:26,249 [INFO]   Raw shape: (20531, 512)
2026-04-27 17:59:26,352 [WARNING]   19 duplicate gene symbols found — keeping highest-mean row.
2026-04-27 17:59:26,460 [INFO]   Final shape: (20512, 510)
2026-04-27 17:59:26,460 [INFO] Loading tumor metadata from: C:\Users\rahma\Downloads\gloom updated\trial\data\raw\cBioPortal (RNA Seq Data)\data_clinical_patient.txt
2026-04-27 17:59:26,466 [INFO]   Raw shape: (566, 38)
2026-04-27 17:59:26,469 [INFO]   Final shape: (566, 35)
2026-04-27 17:59:26,469 [INFO] Loading normal expression from: C:\Users\rahma\Downloads\gloom updated\trial\data\raw\Gtex (normal samples)\gene_tpm_v11_lung.gct.gz
2026-04-27 17:59:26,471 [INFO]   GCT version line : #1.2
2026-04-27 17:59:26,471 [INFO]   GCT dimension line: 74628	604
2026-04-27 17:59:34,893 [INFO]   Raw shape (after preamble skip): (74628, 606)
2026-04-27 17:59:35,163 [WARNING]   1307 duplicate gene symbols — keeping highest-mean row.
2026-04-27 17:59:35,654 [INFO]   Final shape: (73321, 604)
2026-04-27 17:59:35,655 [INFO] Loading normal metadata from: C:\Users\rahma\Downloads\gloom updated\trial\data\raw\Gtex (normal samples)\GTEx_Analysis_v11_Annotations_SampleAttributesDS - LUAD.txt
2026-04-27 17:59:35,682 [INFO]   Raw shape: (1892, 119)  (all assay types)
2026-04-27 17:59:35,690 [INFO]   Retaining 11 QC columns: ['SAMPID', 'SMTS', 'SMTSD', 'SMRIN', 'SMATSSCR', 'SMRDTTL', 'SMMAPRT', 'SMRRNART', 'SMRDLGTH', 'SMNABTCHT', 'SMGEBTCHT']
2026-04-27 17:59:35,690 [INFO]   SMRIN  (RNA integrity) : mean=7.17  min=3.5  max=9.7
2026-04-27 17:59:35,691 [INFO]   SMATSSCR (autolysis)   : {0.0: 43, 1.0: 410, 2.0: 128, 3.0: 10}
2026-04-27 17:59:35,691 [INFO]   SMMAPRT  (map rate)    : mean=0.9836  min=0.8003
2026-04-27 17:59:35,691 [INFO]   Final shape: (604, 10)  (604 RNA-seq samples × 10 QC columns)
2026-04-27 17:59:35,691 [INFO] Loading labeled LUAD gene list from: C:\Users\rahma\Downloads\gloom updated\trial\data\raw\LCGene (Labeled LUAD Data)\LCGene_human_LUAD_filtered.tsv
2026-04-27 17:59:35,695 [INFO]   Raw shape: (517, 10)
2026-04-27 17:59:35,696 [INFO]   Unique labeled LUAD genes loaded: 517
2026-04-27 17:59:35,702 [INFO]   Full LCGene table saved to: C:\Users\rahma\Downloads\gloom updated\trial\data\processed\lcgene_luad_full.csv
2026-04-27 17:59:35,702 [INFO] 
Saving raw-loaded files to processed directory …
2026-04-27 18:00:02,129 [INFO] 
============================================================
2026-04-27 18:00:02,129 [INFO] STEP 1 SUMMARY
2026-04-27 18:00:02,129 [INFO] ============================================================
2026-04-27 18:00:02,130 [INFO]   Tumor expression   :  20512 genes  x  510 samples
2026-04-27 18:00:02,130 [INFO]   Normal expression  :  73321 genes  x  604 samples
2026-04-27 18:00:02,130 [INFO]   Normal metadata    :    604 RNA-seq samples  x  10 QC columns
2026-04-27 18:00:02,130 [INFO]   Labeled LUAD genes :    517 unique gene symbols (LCGene)
2026-04-27 18:00:02,131 [INFO] STEP 1 COMPLETE
2026-04-27 18:00:02,156 [INFO] <<< Step 1  — Data loading DONE (38.0s)
2026-04-27 18:00:02,157 [INFO] >>> Step 2  — Preprocessing
2026-04-27 18:00:03,338 [INFO] ============================================================
2026-04-27 18:00:03,338 [INFO] STEP 2 — DATA PREPROCESSING & QUALITY CONTROL
2026-04-27 18:00:03,339 [INFO] ============================================================
2026-04-27 18:00:08,172 [INFO] 
--- Tumor preprocessing ---
2026-04-27 18:00:08,287 [INFO]   [tumor] Replaced 1463479 zeros and 0 negatives with NaN.
2026-04-27 18:00:08,525 [INFO]   [tumor] log2(x+1) applied. Range: [0.004, 20.450]
2026-04-27 18:00:10,510 [WARNING]   [tumor] No common samples — trying TCGA ID truncation.
2026-04-27 18:00:10,541 [INFO]   [tumor] Retained 510 common samples.
2026-04-27 18:00:10,548 [INFO]   [tumor] Sample count OK: 510 >= 50.
2026-04-27 18:00:10,549 [INFO] 
--- Normal preprocessing ---
2026-04-27 18:00:11,201 [INFO]   [normal] Replaced 21868568 zeros and 0 negatives with NaN.
2026-04-27 18:00:12,140 [INFO]   [normal] log2(x+1) applied. Range: [0.000, 16.393]
2026-04-27 18:00:15,086 [INFO]   [normal] Retained 604 common samples.
2026-04-27 18:00:15,091 [INFO]   [normal] Sample count OK: 604 >= 50.
2026-04-27 18:00:15,092 [INFO] 
Generating QC plots …
2026-04-27 18:00:34,282 [INFO] 
============================================================
2026-04-27 18:00:34,282 [INFO] STEP 2 SUMMARY
2026-04-27 18:00:34,282 [INFO] ============================================================
2026-04-27 18:00:34,282 [INFO]   Tumor  expr :  16570 genes x  510 samples
2026-04-27 18:00:34,282 [INFO]   Normal expr :  21159 genes x  604 samples
2026-04-27 18:00:34,283 [INFO] STEP 2 COMPLETE
2026-04-27 18:00:34,310 [INFO] <<< Step 2  — Preprocessing DONE (32.2s)
2026-04-27 18:00:34,310 [INFO] >>> Step 3  — Harmonization
2026-04-27 18:00:34,313 [INFO] ============================================================
2026-04-27 18:00:34,313 [INFO] STEP 3 — GENE ID HARMONIZATION
2026-04-27 18:00:34,313 [INFO] ============================================================
2026-04-27 18:00:37,090 [WARNING]   [tumor] Dropping 1 invalid symbols.
2026-04-27 18:00:37,135 [INFO]   Common genes: 10986
2026-04-27 18:00:37,140 [INFO]   LCGene retained: 438 / 517 (84.7%)
2026-04-27 18:00:37,141 [WARNING]   LCGene genes lost: ABCB4, AKR1B10, ASCL1, BCL2L14, BPIFA1, BRINP1, BRSK2, C20ORF85, CA9, CASC1, CCKBR, CDX2, CHGA, CHRNA1, CHRNA5, CHRNA9, CLCA2, CLDN2, CSMD1, CYP2C19, CYP2C9, DLK1, DLX5, DPYSL5, DRD2, DSC3, ECE2, ELAVL2, EPHA7, FAM83A, FUT6, FZD9, GABRA3, GATA4, GPR87, HMGA2, HNF4A, HOXB9, IGF2BP3, INSM1, KCNH1, KCNJ3, KIF14, KIF5A, KLK6, KRT81, LEP, LGSN, MAGEA1, MAGEA6, MAGEC1, MMP13, MYO18B, NOV, NR0B1, NR1I2, NRXN1, OPCML, PAEP, PAX5, PITX2, PRAME, PTPRH, RGS17, SCGN, SERPINB4, SERPINB5, T, TERT, TF, TFAP2A, TFAP2B, TRIM31, TRPM8, UGT1A6, VIL1, VTCN1, WISP1, XDH
2026-04-27 18:00:48,561 [INFO]   Common genes: 10986
2026-04-27 18:00:48,562 [INFO] STEP 3 COMPLETE
2026-04-27 18:00:48,567 [INFO] <<< Step 3  — Harmonization DONE (14.3s)
2026-04-27 18:00:48,567 [INFO] >>> Step 4  — Differential expr
2026-04-27 18:00:48,654 [INFO] ============================================================
2026-04-27 18:00:48,654 [INFO] STEP 4 — DIFFERENTIAL EXPRESSION
2026-04-27 18:00:48,654 [INFO] ============================================================
2026-04-27 18:00:50,277 [INFO]   Tumor: (10986, 510)  Normal: (10986, 604)
2026-04-27 18:00:50,375 [INFO]   Running Welch t-test for 10986 genes …
2026-04-27 18:00:53,151 [INFO]   Significant at FDR<=0.001: 10882
2026-04-27 18:00:53,787 [INFO]   Up: 9700  Down: 15  NS: 1271
2026-04-27 18:00:53,788 [INFO] STEP 4 COMPLETE
2026-04-27 18:00:53,793 [INFO] <<< Step 4  — Differential expr DONE (5.2s)
2026-04-27 18:00:53,794 [INFO] >>> Step 5  — Expr features
2026-04-27 18:00:53,796 [INFO] ============================================================
2026-04-27 18:00:53,797 [INFO] STEP 5 — EXPRESSION FEATURE CONSTRUCTION
2026-04-27 18:00:53,797 [INFO] ============================================================
2026-04-27 18:00:55,473 [INFO]   Computing stats for [tumor] ((10986, 510)) …
2026-04-27 18:01:02,427 [INFO]   Computing stats for [normal] ((10986, 604)) …
2026-04-27 18:01:09,237 [INFO]   [expression_features] Validated. Shape: (10986, 29)
2026-04-27 18:01:09,903 [INFO]   Expression features: (10986, 29)
2026-04-27 18:01:09,904 [INFO] STEP 5 COMPLETE
2026-04-27 18:01:09,909 [INFO] <<< Step 5  — Expr features DONE (16.1s)
2026-04-27 18:01:09,910 [INFO] >>> Step 6  — Co-expr network
2026-04-27 18:01:10,136 [INFO] ============================================================
2026-04-27 18:01:10,136 [INFO] STEP 6 — CO-EXPRESSION NETWORK CONSTRUCTION
2026-04-27 18:01:10,136 [INFO] ============================================================
2026-04-27 18:01:10,914 [INFO]   Matrix: 10986 genes x 510 samples | cutoff |r|>=0.6
2026-04-27 18:01:11,894 [INFO]   Chunk 10/22 edges so far: 86,077 (0.9s)
2026-04-27 18:01:12,742 [INFO]   Chunk 20/22 edges so far: 109,749 (1.8s)
2026-04-27 18:01:12,921 [INFO]   Chunk 22/22 edges so far: 110,508 (2.0s)
2026-04-27 18:01:12,968 [INFO]   Total edges: 110,508
2026-04-27 18:01:15,940 [INFO]   Graph: 4,977 nodes, 110,508 edges
2026-04-27 18:01:18,537 [INFO]   Runtime: 2.1s
2026-04-27 18:01:18,538 [INFO] STEP 6 COMPLETE
2026-04-27 18:01:18,544 [INFO] <<< Step 6  — Co-expr network DONE (8.6s)
2026-04-27 18:01:18,544 [INFO] >>> Step 7  — Network features
2026-04-27 18:01:18,549 [INFO] ============================================================
2026-04-27 18:01:18,549 [INFO] STEP 7 — NETWORK FEATURE EXTRACTION
2026-04-27 18:01:18,549 [INFO] ============================================================
2026-04-27 18:01:20,219 [INFO]   Graph: 10,986 nodes, 110,508 edges
2026-04-27 18:01:20,223 [INFO]   Extracting degree features …
2026-04-27 18:01:20,270 [INFO]   Extracting average neighbour degree …
2026-04-27 18:01:20,299 [INFO]   Betweenness centrality (n=10,986) …
2026-04-27 18:01:30,754 [INFO]   Closeness centrality …
2026-04-27 18:02:27,129 [INFO]   Eigenvector centrality …
2026-04-27 18:02:28,964 [INFO]   Clustering coefficient …
2026-04-27 18:02:46,356 [INFO]   Edge weight statistics …
2026-04-27 18:02:46,568 [INFO]   Component features …
2026-04-27 18:02:46,599 [INFO]   All features extracted in 86.4s
2026-04-27 18:02:47,570 [INFO]   Network features: (10986, 13)
2026-04-27 18:02:47,571 [INFO] STEP 7 COMPLETE
2026-04-27 18:02:47,572 [INFO] <<< Step 7  — Network features DONE (89.0s)
2026-04-27 18:02:47,573 [INFO] >>> Step 8  — Feature integration
2026-04-27 18:02:47,797 [INFO] ============================================================
2026-04-27 18:02:47,797 [INFO] STEP 8 — FEATURE INTEGRATION
2026-04-27 18:02:47,797 [INFO] ============================================================
2026-04-27 18:02:47,857 [INFO]   Expression: (10986, 29)  Network: (10986, 13)
2026-04-27 18:02:47,862 [INFO]   Concatenated: (10986, 42)
2026-04-27 18:02:47,868 [INFO]   Removed 21 collinear features: ['weighted_degree', 'component_size', 'min_edge_weight', 'tumor_median', 'normal_median', 't_stat', 'tumor_iqr_rank', 'tumor_mean_rank', 'cohens_d_rank', 'abs_log2fc_rank', 'neg_log10_padj_rank', 'betweenness_centrality', 'clustering_coefficient', 'max_edge_weight', 'std_edge_weight', 'in_largest_component', 'log2fc', 'iqr_ratio', 'std_ratio', 'tumor_kurtosis', 'normal_kurtosis']
2026-04-27 18:02:47,868 [INFO]   Features after collinearity removal: 21
2026-04-27 18:02:47,884 [INFO]   Highly correlated pairs (|r|>=0.95): 2
2026-04-27 18:02:48,222 [INFO]   Differential network features added: 9 columns (coverage: 10,986/10,986 genes)
2026-04-27 18:02:48,713 [INFO]   Integrated features: (10986, 30)
2026-04-27 18:02:48,714 [INFO] STEP 8 COMPLETE
2026-04-27 18:02:48,715 [INFO] <<< Step 8  — Feature integration DONE (1.1s)
2026-04-27 18:02:48,715 [INFO] >>> Step 9  — Label construction
2026-04-27 18:02:48,717 [INFO] ============================================================
2026-04-27 18:02:48,717 [INFO] STEP 9 — LABEL CONSTRUCTION
2026-04-27 18:02:48,717 [INFO] ============================================================
2026-04-27 18:02:48,779 [INFO]   LCGene symbols: 517
2026-04-27 18:02:48,785 [INFO]   Universe trimming: removing 1190 noisy unlabeled genes (non-expressed + no DE signal)
2026-04-27 18:02:48,788 [INFO]   Total: 9796  Positive (known LCGene): 438 (4.47%)  Unlabeled: 9358
2026-04-27 18:02:48,788 [INFO]   [PU framing] Negatives are UNLABELED — not confirmed non-cancer genes.
2026-04-27 18:02:48,956 [INFO]   LCGene genes unmatched: 79
2026-04-27 18:02:48,957 [INFO] STEP 9 COMPLETE
2026-04-27 18:02:48,957 [INFO] <<< Step 9  — Label construction DONE (0.2s)
2026-04-27 18:02:48,958 [INFO] >>> Step 10 — Train/val split
2026-04-27 18:02:48,959 [INFO] ============================================================
2026-04-27 18:02:48,960 [INFO] STEP 10 — TRAIN/VALIDATION SPLIT
2026-04-27 18:02:48,960 [INFO] ============================================================
2026-04-27 18:02:49,012 [INFO]   Features: (9796, 30)  Labels: 9796
2026-04-27 18:02:49,018 [INFO]   Train: 7836 (pos=350)  Val: 1960 (pos=88)
2026-04-27 18:02:49,022 [INFO]   Feature selection: kept top 20 features from feature_importance.csv
2026-04-27 18:02:49,798 [INFO] STEP 10 COMPLETE
2026-04-27 18:02:49,799 [INFO] <<< Step 10 — Train/val split DONE (0.8s)
2026-04-27 18:02:49,800 [INFO] >>> Step 11 — Model training
2026-04-27 18:02:49,860 [INFO] ============================================================
2026-04-27 18:02:49,860 [INFO] STEP 11 — MODEL TRAINING
2026-04-27 18:02:49,860 [INFO] ============================================================
2026-04-27 18:02:49,916 [INFO]   X_train: (7836, 20)  pos=350
2026-04-27 18:02:49,948 [INFO]   XGBoost added (scale_pos_weight=21.4)
2026-04-27 18:02:50,093 [INFO]   Random undersampling enabled (imbalanced-learn found).
2026-04-27 18:02:50,093 [INFO] 
  [random_forest] CV ...
2026-04-27 18:02:50,721 [INFO]     Fold 1 AUROC=0.9294 AUPRC=0.4089 F1=0.3021 MCC=0.3619
2026-04-27 18:02:51,357 [INFO]     Fold 2 AUROC=0.9315 AUPRC=0.4840 F1=0.3444 MCC=0.3901
2026-04-27 18:02:51,974 [INFO]     Fold 3 AUROC=0.9201 AUPRC=0.3609 F1=0.3035 MCC=0.3490
2026-04-27 18:02:52,603 [INFO]     Fold 4 AUROC=0.9376 AUPRC=0.3618 F1=0.3186 MCC=0.3748
2026-04-27 18:02:53,219 [INFO]     Fold 5 AUROC=0.9335 AUPRC=0.3559 F1=0.3119 MCC=0.3627
2026-04-27 18:02:53,219 [INFO]   [random_forest] AUROC=0.9304±0.0058  AUPRC=0.3943±0.0488  F1=0.3161±0.0154  MCC=0.3677±0.0139
2026-04-27 18:02:53,223 [INFO]   [random_forest] Hyperparameter tuning (RandomizedSearchCV n_iter=20, cv=3, scoring=average_precision) ...
2026-04-27 18:03:23,455 [INFO]   [random_forest] Best params: {'n_estimators': 300, 'min_samples_leaf': 1, 'max_features': 'sqrt', 'max_depth': None}  CV-AUPRC=0.4960
2026-04-27 18:03:23,569 [INFO] 
  [gradient_boosting] CV ...
2026-04-27 18:03:23,932 [INFO]     Fold 1 AUROC=0.9222 AUPRC=0.3459 F1=0.3089 MCC=0.3542
2026-04-27 18:03:24,272 [INFO]     Fold 2 AUROC=0.9288 AUPRC=0.4931 F1=0.3501 MCC=0.3868
2026-04-27 18:03:24,616 [INFO]     Fold 3 AUROC=0.9253 AUPRC=0.4016 F1=0.3161 MCC=0.3610
2026-04-27 18:03:24,958 [INFO]     Fold 4 AUROC=0.9427 AUPRC=0.4363 F1=0.3333 MCC=0.3799
2026-04-27 18:03:25,299 [INFO]     Fold 5 AUROC=0.9397 AUPRC=0.5194 F1=0.3158 MCC=0.3579
2026-04-27 18:03:25,300 [INFO]   [gradient_boosting] AUROC=0.9317±0.0081  AUPRC=0.4393±0.0624  F1=0.3248±0.0150  MCC=0.3679±0.0129
2026-04-27 18:03:25,303 [INFO]   [gradient_boosting] Hyperparameter tuning (RandomizedSearchCV n_iter=20, cv=3, scoring=average_precision) ...
2026-04-27 18:03:37,788 [INFO]   [gradient_boosting] Best params: {'subsample': 0.8, 'n_estimators': 300, 'max_depth': 3, 'learning_rate': 0.05}  CV-AUPRC=0.4904
2026-04-27 18:03:37,808 [INFO] 
  [logistic_regression] CV ...
2026-04-27 18:03:37,985 [INFO]     Fold 1 AUROC=0.9279 AUPRC=0.3652 F1=0.3385 MCC=0.3934
2026-04-27 18:03:38,166 [INFO]     Fold 2 AUROC=0.9147 AUPRC=0.3748 F1=0.3495 MCC=0.3723
2026-04-27 18:03:38,344 [INFO]     Fold 3 AUROC=0.9296 AUPRC=0.3975 F1=0.3422 MCC=0.3767
2026-04-27 18:03:38,531 [INFO]     Fold 4 AUROC=0.9132 AUPRC=0.3310 F1=0.3184 MCC=0.3520
2026-04-27 18:03:38,706 [INFO]     Fold 5 AUROC=0.9328 AUPRC=0.3818 F1=0.3420 MCC=0.3794
2026-04-27 18:03:38,707 [INFO]   [logistic_regression] AUROC=0.9237±0.0081  AUPRC=0.3700±0.0222  F1=0.3381±0.0105  MCC=0.3748±0.0134
2026-04-27 18:03:39,352 [INFO] 
  [extra_trees] CV ...
2026-04-27 18:03:39,782 [INFO]     Fold 1 AUROC=0.9272 AUPRC=0.4168 F1=0.3158 MCC=0.3750
2026-04-27 18:03:40,207 [INFO]     Fold 2 AUROC=0.9241 AUPRC=0.4771 F1=0.3483 MCC=0.3937
2026-04-27 18:03:40,626 [INFO]     Fold 3 AUROC=0.9299 AUPRC=0.4147 F1=0.3096 MCC=0.3549
2026-04-27 18:03:41,052 [INFO]     Fold 4 AUROC=0.9333 AUPRC=0.3282 F1=0.3265 MCC=0.3793
2026-04-27 18:03:41,476 [INFO]     Fold 5 AUROC=0.9335 AUPRC=0.3947 F1=0.3155 MCC=0.3633
2026-04-27 18:03:41,476 [INFO]   [extra_trees] AUROC=0.9296±0.0036  AUPRC=0.4063±0.0478  F1=0.3232±0.0137  MCC=0.3732±0.0134
2026-04-27 18:03:42,171 [INFO] 
  [xgboost] CV ...
2026-04-27 18:03:42,510 [INFO]     Fold 1 AUROC=0.9230 AUPRC=0.3963 F1=0.2426 MCC=0.3015
2026-04-27 18:03:42,649 [INFO]     Fold 2 AUROC=0.9245 AUPRC=0.4826 F1=0.2819 MCC=0.3336
2026-04-27 18:03:42,775 [INFO]     Fold 3 AUROC=0.9133 AUPRC=0.3481 F1=0.2796 MCC=0.3369
2026-04-27 18:03:42,903 [INFO]     Fold 4 AUROC=0.9397 AUPRC=0.4168 F1=0.2733 MCC=0.3334
2026-04-27 18:03:43,025 [INFO]     Fold 5 AUROC=0.9339 AUPRC=0.4702 F1=0.2677 MCC=0.3278
2026-04-27 18:03:43,026 [INFO]   [xgboost] AUROC=0.9269±0.0092  AUPRC=0.4228±0.0493  F1=0.2690±0.0141  MCC=0.3266±0.0129
2026-04-27 18:03:43,031 [INFO]   [xgboost] Hyperparameter tuning (RandomizedSearchCV n_iter=20, cv=3, scoring=average_precision) ...
2026-04-27 18:03:47,421 [INFO]   [xgboost] Best params: {'subsample': 0.8, 'n_estimators': 200, 'max_depth': 5, 'learning_rate': 0.05, 'colsample_bytree': 0.8}  CV-AUPRC=0.4845
2026-04-27 18:03:47,435 [INFO] 
All models trained in 57.5s
2026-04-27 18:03:47,436 [INFO]   Best: gradient_boosting (AUPRC=0.4393)
2026-04-27 18:03:47,460 [INFO]   Best model (gradient_boosting, already calibrated) saved as best_model.joblib
2026-04-27 18:03:47,658 [INFO] STEP 11 COMPLETE
2026-04-27 18:03:47,673 [INFO] <<< Step 11 — Model training DONE (57.9s)
2026-04-27 18:03:47,673 [INFO] >>> Step 12 — Model evaluation
2026-04-27 18:03:47,676 [INFO] ============================================================
2026-04-27 18:03:47,676 [INFO] STEP 12 — MODEL EVALUATION
2026-04-27 18:03:47,676 [INFO] ============================================================
2026-04-27 18:03:47,705 [INFO]   Val: 1960 genes  pos=88
2026-04-27 18:03:48,034 [INFO]   [extra_trees           ] AUROC=0.9242 AUPRC=0.5140 F1@0.50=0.4762 MCC@0.50=0.4510 [oracle F1@0.23=0.5093] R@100=0.5114 P@100=0.4500
2026-04-27 18:03:48,058 [INFO]   [gradient_boosting     ] AUROC=0.9288 AUPRC=0.4357 F1@0.50=0.4370 MCC@0.50=0.4315 [oracle F1@0.32=0.4578] R@100=0.4659 P@100=0.4100
2026-04-27 18:03:48,076 [INFO]   [logistic_regression   ] AUROC=0.9332 AUPRC=0.3901 F1@0.50=0.4292 MCC@0.50=0.4057 [oracle F1@0.15=0.4434] R@100=0.4545 P@100=0.4000
2026-04-27 18:03:48,142 [INFO]   [random_forest         ] AUROC=0.9209 AUPRC=0.4419 F1@0.50=0.4372 MCC@0.50=0.4100 [oracle F1@0.26=0.4706] R@100=0.4659 P@100=0.4100
2026-04-27 18:03:48,169 [INFO]   [xgboost               ] AUROC=0.9242 AUPRC=0.4730 F1@0.50=0.4398 MCC@0.50=0.4237 [oracle F1@0.22=0.4789] R@100=0.4773 P@100=0.4200
2026-04-27 18:03:48,172 [INFO]   Ensemble weights (AUPRC): extra_trees=0.200  gradient_boosting=0.216  logistic_regression=0.182  random_forest=0.194  xgboost=0.208
2026-04-27 18:03:48,197 [INFO]   [ensemble_soft_vote    ] AUROC=0.9377 AUPRC=0.5007 F1@0.50=0.4589 MCC@0.50=0.4413 [oracle F1@0.24=0.5085] R@100=0.5114 P@100=0.4500
2026-04-27 18:03:48,223 [INFO]   Classification reports saved to: C:\Users\rahma\Downloads\gloom updated\trial\outputs\results\classification_reports
2026-04-27 18:03:48,928 [INFO]   Confusion matrix grid saved: eval_confusion_matrices.png
2026-04-27 18:03:49,298 [INFO]   Multi-threshold confusion matrices saved: eval_confusion_multithreshold.png
2026-04-27 18:03:49,652 [INFO] STEP 12 COMPLETE
2026-04-27 18:03:49,664 [INFO] <<< Step 12 — Model evaluation DONE (2.0s)
2026-04-27 18:03:49,665 [INFO] >>> Step 13 — Feature importance
2026-04-27 18:03:49,675 [INFO] ============================================================
2026-04-27 18:03:49,675 [INFO] STEP 13 — FEATURE IMPORTANCE
2026-04-27 18:03:49,675 [INFO] ============================================================
2026-04-27 18:03:49,906 [INFO]   [gradient_boosting] Permutation importance (n_repeats=10) …
2026-04-27 18:03:50,229 [INFO]   Top 5: {'tumor_std': 0.9999999999807956, 'normal_std': 0.3331312660229807, 'neg_log10_padj': 0.24197948239218278, 'tumor_cv': 0.2369899743484455, 'cohens_d': 0.1621240382342393}
2026-04-27 18:03:50,342 [INFO]   Feature importance shape: (20, 5)
2026-04-27 18:03:50,342 [INFO]   Top feature: tumor_std (1.0000)
2026-04-27 18:03:50,342 [INFO] STEP 13 COMPLETE
2026-04-27 18:03:50,353 [INFO] <<< Step 13 — Feature importance DONE (0.7s)
2026-04-27 18:03:50,354 [INFO] >>> Step 14 — Gene ranking
2026-04-27 18:03:50,356 [INFO] ============================================================
2026-04-27 18:03:50,356 [INFO] STEP 14 — GENE PREDICTION & RANKING
2026-04-27 18:03:50,356 [INFO] ============================================================
2026-04-27 18:03:50,428 [INFO]   Using PU bagging scores from step11b for gene ranking (principled PU learning).
2026-04-27 18:03:50,440 [INFO]   PU bagging scores loaded: 10,986 genes.
2026-04-27 18:03:50,440 [INFO]   Score source: pu_bagging  |  novel threshold: 0.7
2026-04-27 18:03:50,460 [INFO]   Total: 10,986  Novel candidates (prob>=0.7): 920  Sensitivity list (prob>=0.5): 2,074
2026-04-27 18:03:50,460 [INFO]   Median positive (known) rank: 250
2026-04-27 18:03:50,460 [INFO]   Positive (known) in top-50:  50  top-100: 99  top-200: 181  top-500: 317
2026-04-27 18:03:50,460 [INFO]   Recall@50=0.1142  Recall@100=0.2260  Recall@200=0.4132  Recall@500=0.7237
2026-04-27 18:03:50,461 [INFO]   Precision@50=1.0000  Precision@100=0.9900
2026-04-27 18:03:50,869 [INFO]   High-confidence novel candidates saved: 920 genes (prob>=0.7)
2026-04-27 18:03:50,870 [INFO]   Sensitivity novel candidates saved:     2074 genes (prob>=0.5)
2026-04-27 18:03:50,870 [INFO]   Query gene rankings saved: 0 genes
2026-04-27 18:03:50,872 [INFO] STEP 14 COMPLETE
2026-04-27 18:03:50,873 [INFO] <<< Step 14 — Gene ranking DONE (0.5s)
2026-04-27 18:03:50,874 [INFO] >>> Step 15 — Network annotation
2026-04-27 18:03:50,876 [INFO] ============================================================
2026-04-27 18:03:50,876 [INFO] STEP 15 — NETWORK ANNOTATION
2026-04-27 18:03:50,876 [INFO] ============================================================
2026-04-27 18:03:52,644 [INFO]   Graph: 10,986 nodes, 110,508 edges
2026-04-27 18:03:53,626 [INFO]   Positive edges: 108,468  Negative: 2,040
2026-04-27 18:03:58,124 [INFO]   LCGene nodes: 438  Novel: 920
2026-04-27 18:03:58,125 [INFO] STEP 15 COMPLETE
2026-04-27 18:03:58,141 [INFO] <<< Step 15 — Network annotation DONE (7.3s)
2026-04-27 18:03:58,141 [INFO] >>> Step 16 — Network export
2026-04-27 18:03:58,145 [INFO] ============================================================
2026-04-27 18:03:58,146 [INFO] STEP 16 — NETWORK EXPORT
2026-04-27 18:03:58,146 [INFO] ============================================================
2026-04-27 18:04:00,861 [INFO]   Graph: 10,986 nodes, 110,508 edges
2026-04-27 18:04:05,821 [INFO]   GraphML saved: C:\Users\rahma\Downloads\gloom updated\trial\outputs\results\network\exports/network_full.graphml
2026-04-27 18:04:09,863 [INFO]   Full network exports complete.
2026-04-27 18:04:09,885 [INFO]   [top100] 100 nodes, 51 edges
2026-04-27 18:04:09,959 [INFO]   [lcgene] 438 nodes, 925 edges
2026-04-27 18:04:10,192 [INFO]   [novel] 920 nodes, 2305 edges
2026-04-27 18:04:10,647 [INFO]   [candidates] 1332 nodes, 5823 edges
2026-04-27 18:04:14,741 [INFO] 
  Sub-networks:
2026-04-27 18:04:14,742 [INFO]     top100               nodes=  100  edges=     51
2026-04-27 18:04:14,742 [INFO]     lcgene               nodes=  438  edges=    925
2026-04-27 18:04:14,742 [INFO]     novel                nodes=  920  edges=  2,305
2026-04-27 18:04:14,742 [INFO]     candidates           nodes=1,332  edges=  5,823
2026-04-27 18:04:14,742 [INFO] STEP 16 COMPLETE
2026-04-27 18:04:14,761 [INFO] <<< Step 16 — Network export DONE (16.6s)
2026-04-27 18:04:14,761 [INFO] >>> Step 17 — Visualization
2026-04-27 18:04:14,915 [INFO] ============================================================
2026-04-27 18:04:14,915 [INFO] STEP 17 — INTERACTIVE VISUALIZATION
2026-04-27 18:04:14,915 [INFO] ============================================================
2026-04-27 18:04:15,082 [INFO] [1] Volcano …
2026-04-27 18:04:15,471 [INFO]   Volcano saved: C:\Users\rahma\Downloads\gloom updated\trial\outputs\figures\interactive_volcano.html
2026-04-27 18:04:15,471 [INFO] [2] Ranking …
2026-04-27 18:04:15,683 [INFO]   Ranking plot saved: C:\Users\rahma\Downloads\gloom updated\trial\outputs\figures\interactive_ranking.html
2026-04-27 18:04:15,684 [INFO] [3] Network …
2026-04-27 18:04:15,800 [INFO]   Network plot saved: C:\Users\rahma\Downloads\gloom updated\trial\outputs\figures\interactive_network.html
2026-04-27 18:04:15,801 [INFO] [4] Feature importance …
2026-04-27 18:04:15,837 [INFO]   Feature importance saved: C:\Users\rahma\Downloads\gloom updated\trial\outputs\figures\interactive_feature_importance.html
2026-04-27 18:04:15,838 [INFO] [5] KEGG pathways …
2026-04-27 18:04:15,884 [INFO]   KEGG plot saved: C:\Users\rahma\Downloads\gloom updated\trial\outputs\figures\interactive_kegg.html
2026-04-27 18:04:15,884 [INFO] [6] Dashboard …
2026-04-27 18:04:15,963 [INFO]   Combined dashboard saved: C:\Users\rahma\Downloads\gloom updated\trial\outputs\figures\interactive_dashboard.html
2026-04-27 18:04:15,966 [INFO] STEP 17 COMPLETE
2026-04-27 18:04:15,969 [INFO] <<< Step 17 — Visualization DONE (1.2s)
2026-04-27 18:04:15,969 [INFO] >>> Step 18 — Final report
2026-04-27 18:04:15,972 [INFO] ============================================================
2026-04-27 18:04:15,972 [INFO] STEP 18 — FINAL OUTPUTS & REPORTING
2026-04-27 18:04:15,972 [INFO] ============================================================
2026-04-27 18:04:15,972 [INFO] [1] Building summary table …
2026-04-27 18:04:16,178 [INFO]   Summary table: (10986, 29)
2026-04-27 18:04:16,179 [INFO] [2] Building text report …
2026-04-27 18:04:16,197 [ERROR]   Report failed: 'mcc'
2026-04-27 18:04:16,197 [INFO] [3] Building summary figure …
2026-04-27 18:04:17,123 [INFO]   Summary figure (PNG) saved: C:\Users\rahma\Downloads\gloom updated\trial\outputs\results\reports\pipeline_summary_figure.png
2026-04-27 18:04:17,743 [INFO]   Summary figure (PDF) saved: C:\Users\rahma\Downloads\gloom updated\trial\outputs\results\reports\pipeline_summary_figure.pdf
2026-04-27 18:04:17,744 [INFO] [4] Writing master runner …
2026-04-27 18:04:17,745 [INFO]   Master runner saved: C:\Users\rahma\Downloads\gloom updated\trial\LUAD_ML_Pipeline\run_pipeline.py
2026-04-27 18:04:17,745 [INFO] ============================================================
2026-04-27 18:04:17,745 [INFO] STEP 18 SUMMARY
2026-04-27 18:04:17,745 [INFO] ============================================================
2026-04-27 18:04:17,746 [INFO]   Summary table: C:\Users\rahma\Downloads\gloom updated\trial\outputs\results\reports/pipeline_summary_table.csv
2026-04-27 18:04:17,746 [INFO]   Text report  : C:\Users\rahma\Downloads\gloom updated\trial\outputs\results\reports/pipeline_report.txt
2026-04-27 18:04:17,746 [INFO]   Summary fig  : C:\Users\rahma\Downloads\gloom updated\trial\outputs\results\reports/pipeline_summary_figure.png
2026-04-27 18:04:17,746 [INFO]   Master runner: C:\Users\rahma\Downloads\gloom updated\trial\LUAD_ML_Pipeline\run_pipeline.py
2026-04-27 18:04:17,746 [INFO] 
2026-04-27 18:04:17,746 [INFO]   Key deliverables:
2026-04-27 18:04:17,746 [INFO]     Gene rankings    : C:\Users\rahma\Downloads\gloom updated\trial\outputs\results\gene_rankings.csv
2026-04-27 18:04:17,746 [INFO]     Novel candidates : C:\Users\rahma\Downloads\gloom updated\trial\outputs\results/novel_candidates.csv
2026-04-27 18:04:17,746 [INFO]     Dashboard        : C:\Users\rahma\Downloads\gloom updated\trial\outputs\figures/interactive_dashboard.html
2026-04-27 18:04:17,746 [INFO] STEP 18 COMPLETE
2026-04-27 18:04:17,747 [INFO] <<< Step 18 — Final report DONE (1.8s)
2026-04-27 18:04:17,747 [INFO] ======================================================================
2026-04-27 18:04:17,747 [INFO] EXECUTION SUMMARY
2026-04-27 18:04:17,747 [INFO] ======================================================================
2026-04-27 18:04:17,747 [INFO]   [OK] Step 0  — Config                                  0.0s
2026-04-27 18:04:17,747 [INFO]   [OK] Step 1  — Data loading                           38.0s
2026-04-27 18:04:17,747 [INFO]   [OK] Step 2  — Preprocessing                          32.2s
2026-04-27 18:04:17,747 [INFO]   [OK] Step 3  — Harmonization                          14.3s
2026-04-27 18:04:17,747 [INFO]   [OK] Step 4  — Differential expr                       5.2s
2026-04-27 18:04:17,747 [INFO]   [OK] Step 5  — Expr features                          16.1s
2026-04-27 18:04:17,747 [INFO]   [OK] Step 6  — Co-expr network                         8.6s
2026-04-27 18:04:17,748 [INFO]   [OK] Step 7  — Network features                       89.0s
2026-04-27 18:04:17,748 [INFO]   [OK] Step 8  — Feature integration                     1.1s
2026-04-27 18:04:17,748 [INFO]   [OK] Step 9  — Label construction                      0.2s
2026-04-27 18:04:17,748 [INFO]   [OK] Step 10 — Train/val split                         0.8s
2026-04-27 18:04:17,748 [INFO]   [OK] Step 11 — Model training                         57.9s
2026-04-27 18:04:17,748 [INFO]   [OK] Step 12 — Model evaluation                        2.0s
2026-04-27 18:04:17,748 [INFO]   [OK] Step 13 — Feature importance                      0.7s
2026-04-27 18:04:17,748 [INFO]   [OK] Step 14 — Gene ranking                            0.5s
2026-04-27 18:04:17,748 [INFO]   [OK] Step 15 — Network annotation                      7.3s
2026-04-27 18:04:17,748 [INFO]   [OK] Step 16 — Network export                         16.6s
2026-04-27 18:04:17,748 [INFO]   [OK] Step 17 — Visualization                           1.2s
2026-04-27 18:04:17,748 [INFO]   [OK] Step 18 — Final report                            1.8s
2026-04-27 18:04:17,748 [INFO]   Total: 293.6s (4.9 min)
2026-04-27 18:04:17,749 [INFO]   Pipeline COMPLETE.
2026-04-27 18:04:17,749 [INFO] ======================================================================
2026-04-27 18:12:51,447 [INFO] ============================================================
2026-04-27 18:12:51,447 [INFO] STEP 11 — MODEL TRAINING
2026-04-27 18:12:51,447 [INFO] ============================================================
2026-04-27 18:12:51,541 [INFO]   X_train: (7836, 20)  pos=350
2026-04-27 18:12:51,584 [INFO]   XGBoost added (scale_pos_weight=21.4)
2026-04-27 18:12:51,876 [INFO]   Random undersampling enabled (imbalanced-learn found).
2026-04-27 18:12:51,876 [INFO] 
  [random_forest] CV ...
2026-04-27 18:12:51,882 [WARNING]     Undersampling failed fold 1: The 'sampling_strategy' parameter of RandomUnderSampler must be a float in the range (0.0, 1.0], a str among {'not majority', 'majority', 'all', 'auto', 'not minority'}, an instance of 'collections.abc.Mapping' or a callable. Got 3.0 instead.; skipping.
2026-04-27 18:12:52,939 [INFO]     Fold 1 AUROC=0.9422 AUPRC=0.5212 F1=0.3182 MCC=0.3826
2026-04-27 18:12:52,941 [WARNING]     Undersampling failed fold 2: The 'sampling_strategy' parameter of RandomUnderSampler must be a float in the range (0.0, 1.0], a str among {'not majority', 'majority', 'all', 'auto', 'not minority'}, an instance of 'collections.abc.Mapping' or a callable. Got 3.0 instead.; skipping.
2026-04-27 18:12:53,983 [INFO]     Fold 2 AUROC=0.9290 AUPRC=0.5207 F1=0.2824 MCC=0.3595
2026-04-27 18:12:53,985 [WARNING]     Undersampling failed fold 3: The 'sampling_strategy' parameter of RandomUnderSampler must be a float in the range (0.0, 1.0], a str among {'not majority', 'majority', 'all', 'auto', 'not minority'}, an instance of 'collections.abc.Mapping' or a callable. Got 3.0 instead.; skipping.
2026-04-27 18:12:55,023 [INFO]     Fold 3 AUROC=0.9353 AUPRC=0.5345 F1=0.3023 MCC=0.3775
2026-04-27 18:12:55,025 [WARNING]     Undersampling failed fold 4: The 'sampling_strategy' parameter of RandomUnderSampler must be a float in the range (0.0, 1.0], a str among {'not majority', 'majority', 'all', 'auto', 'not minority'}, an instance of 'collections.abc.Mapping' or a callable. Got 3.0 instead.; skipping.
2026-04-27 18:12:56,207 [INFO]     Fold 4 AUROC=0.9425 AUPRC=0.4957 F1=0.3404 MCC=0.3755
2026-04-27 18:12:56,208 [WARNING]     Undersampling failed fold 5: The 'sampling_strategy' parameter of RandomUnderSampler must be a float in the range (0.0, 1.0], a str among {'not majority', 'majority', 'all', 'auto', 'not minority'}, an instance of 'collections.abc.Mapping' or a callable. Got 3.0 instead.; skipping.
2026-04-27 18:12:57,387 [INFO]     Fold 5 AUROC=0.9300 AUPRC=0.4835 F1=0.2989 MCC=0.3650
2026-04-27 18:12:57,387 [INFO]   [random_forest] AUROC=0.9358±0.0058  AUPRC=0.5111±0.0186  F1=0.3084±0.0196  MCC=0.3720±0.0085
2026-04-27 18:12:57,392 [INFO]   [random_forest] Hyperparameter tuning (RandomizedSearchCV n_iter=20, cv=3, scoring=average_precision) ...
2026-04-27 18:13:27,892 [INFO]   [random_forest] Best params: {'n_estimators': 300, 'min_samples_leaf': 1, 'max_features': 'sqrt', 'max_depth': None}  CV-AUPRC=0.4960
2026-04-27 18:13:28,024 [INFO] 
  [gradient_boosting] CV ...
2026-04-27 18:13:28,027 [WARNING]     Undersampling failed fold 1: The 'sampling_strategy' parameter of RandomUnderSampler must be a float in the range (0.0, 1.0], a str among {'not majority', 'majority', 'all', 'auto', 'not minority'}, an instance of 'collections.abc.Mapping' or a callable. Got 3.0 instead.; skipping.
2026-04-27 18:13:30,098 [INFO]     Fold 1 AUROC=0.9371 AUPRC=0.4523 F1=0.4235 MCC=0.4379
2026-04-27 18:13:30,100 [WARNING]     Undersampling failed fold 2: The 'sampling_strategy' parameter of RandomUnderSampler must be a float in the range (0.0, 1.0], a str among {'not majority', 'majority', 'all', 'auto', 'not minority'}, an instance of 'collections.abc.Mapping' or a callable. Got 3.0 instead.; skipping.
2026-04-27 18:14:29,352 [INFO] ============================================================
2026-04-27 18:14:29,353 [INFO] STEP 11 — MODEL TRAINING
2026-04-27 18:14:29,353 [INFO] ============================================================
2026-04-27 18:14:29,411 [INFO]   X_train: (7836, 20)  pos=350
2026-04-27 18:14:29,433 [INFO]   XGBoost added (scale_pos_weight=21.4)
2026-04-27 18:14:29,602 [INFO]   Random undersampling enabled (imbalanced-learn found).
2026-04-27 18:14:29,602 [INFO] 
  [random_forest] CV ...
2026-04-27 18:14:30,277 [INFO]     Fold 1 AUROC=0.9387 AUPRC=0.4283 F1=0.4308 MCC=0.4497
2026-04-27 18:14:30,926 [INFO]     Fold 2 AUROC=0.9256 AUPRC=0.4587 F1=0.4332 MCC=0.4284
2026-04-27 18:14:31,584 [INFO]     Fold 3 AUROC=0.9247 AUPRC=0.4501 F1=0.4132 MCC=0.4182
2026-04-27 18:14:32,215 [INFO]     Fold 4 AUROC=0.9442 AUPRC=0.4321 F1=0.4386 MCC=0.4406
2026-04-27 18:14:32,868 [INFO]     Fold 5 AUROC=0.9388 AUPRC=0.4606 F1=0.4309 MCC=0.4416
2026-04-27 18:14:32,868 [INFO]   [random_forest] AUROC=0.9344±0.0078  AUPRC=0.4460±0.0134  F1=0.4293±0.0085  MCC=0.4357±0.0111
2026-04-27 18:14:32,872 [INFO]   [random_forest] Hyperparameter tuning (RandomizedSearchCV n_iter=20, cv=3, scoring=average_precision) ...
2026-04-27 18:15:03,956 [INFO]   [random_forest] Best params: {'n_estimators': 300, 'min_samples_leaf': 1, 'max_features': 'sqrt', 'max_depth': None}  CV-AUPRC=0.4960
2026-04-27 18:15:04,062 [INFO] 
  [gradient_boosting] CV ...
2026-04-27 18:15:04,586 [INFO]     Fold 1 AUROC=0.9373 AUPRC=0.3971 F1=0.3949 MCC=0.4354
2026-04-27 18:15:05,105 [INFO]     Fold 2 AUROC=0.9289 AUPRC=0.4858 F1=0.4058 MCC=0.4278
2026-04-27 18:15:05,619 [INFO]     Fold 3 AUROC=0.9307 AUPRC=0.4589 F1=0.3851 MCC=0.4124
2026-04-27 18:15:06,173 [INFO]     Fold 4 AUROC=0.9458 AUPRC=0.4665 F1=0.4229 MCC=0.4513
2026-04-27 18:15:06,716 [INFO]     Fold 5 AUROC=0.9396 AUPRC=0.5095 F1=0.3636 MCC=0.3850
2026-04-27 18:15:06,717 [INFO]   [gradient_boosting] AUROC=0.9365±0.0062  AUPRC=0.4636±0.0375  F1=0.3945±0.0199  MCC=0.4224±0.0225
2026-04-27 18:15:06,721 [INFO]   [gradient_boosting] Hyperparameter tuning (RandomizedSearchCV n_iter=20, cv=3, scoring=average_precision) ...
2026-04-27 18:15:18,435 [INFO]   [gradient_boosting] Best params: {'subsample': 0.8, 'n_estimators': 300, 'max_depth': 3, 'learning_rate': 0.05}  CV-AUPRC=0.4904
2026-04-27 18:15:18,453 [INFO] 
  [logistic_regression] CV ...
2026-04-27 18:15:18,661 [INFO]     Fold 1 AUROC=0.9319 AUPRC=0.3864 F1=0.3420 MCC=0.3995
2026-04-27 18:15:18,848 [INFO]     Fold 2 AUROC=0.9172 AUPRC=0.3668 F1=0.3508 MCC=0.3817
2026-04-27 18:15:19,035 [INFO]     Fold 3 AUROC=0.9321 AUPRC=0.4029 F1=0.3486 MCC=0.3910
2026-04-27 18:15:19,231 [INFO]     Fold 4 AUROC=0.9220 AUPRC=0.3070 F1=0.3458 MCC=0.3857
2026-04-27 18:15:19,428 [INFO]     Fold 5 AUROC=0.9314 AUPRC=0.4154 F1=0.3324 MCC=0.3705
2026-04-27 18:15:19,430 [INFO]   [logistic_regression] AUROC=0.9270±0.0062  AUPRC=0.3757±0.0380  F1=0.3439±0.0065  MCC=0.3857±0.0096
2026-04-27 18:15:20,020 [INFO] 
  [extra_trees] CV ...
2026-04-27 18:15:20,450 [INFO]     Fold 1 AUROC=0.9357 AUPRC=0.4571 F1=0.4078 MCC=0.4187
2026-04-27 18:15:20,886 [INFO]     Fold 2 AUROC=0.9202 AUPRC=0.4513 F1=0.4550 MCC=0.4502
2026-04-27 18:15:21,317 [INFO]     Fold 3 AUROC=0.9351 AUPRC=0.4884 F1=0.4464 MCC=0.4525
2026-04-27 18:15:21,757 [INFO]     Fold 4 AUROC=0.9388 AUPRC=0.3985 F1=0.4602 MCC=0.4646
2026-04-27 18:15:22,200 [INFO]     Fold 5 AUROC=0.9319 AUPRC=0.4168 F1=0.4068 MCC=0.4074
2026-04-27 18:15:22,200 [INFO]   [extra_trees] AUROC=0.9323±0.0064  AUPRC=0.4424±0.0316  F1=0.4352±0.0232  MCC=0.4387±0.0218
2026-04-27 18:15:22,826 [INFO] 
  [xgboost] CV ...
2026-04-27 18:15:23,138 [INFO]     Fold 1 AUROC=0.9404 AUPRC=0.4906 F1=0.3212 MCC=0.3801
2026-04-27 18:15:23,276 [INFO]     Fold 2 AUROC=0.9296 AUPRC=0.4826 F1=0.3547 MCC=0.3966
2026-04-27 18:15:23,416 [INFO]     Fold 3 AUROC=0.9226 AUPRC=0.4441 F1=0.3262 MCC=0.3705
2026-04-27 18:15:23,554 [INFO]     Fold 4 AUROC=0.9462 AUPRC=0.4546 F1=0.3765 MCC=0.4249
2026-04-27 18:15:23,688 [INFO]     Fold 5 AUROC=0.9400 AUPRC=0.5184 F1=0.3396 MCC=0.3886
2026-04-27 18:15:23,688 [INFO]   [xgboost] AUROC=0.9358±0.0085  AUPRC=0.4781±0.0265  F1=0.3436±0.0201  MCC=0.3921±0.0185
2026-04-27 18:15:23,694 [INFO]   [xgboost] Hyperparameter tuning (RandomizedSearchCV n_iter=20, cv=3, scoring=average_precision) ...
2026-04-27 18:15:28,630 [INFO]   [xgboost] Best params: {'subsample': 0.8, 'n_estimators': 200, 'max_depth': 5, 'learning_rate': 0.05, 'colsample_bytree': 0.8}  CV-AUPRC=0.4845
2026-04-27 18:15:28,646 [INFO] 
All models trained in 59.2s
2026-04-27 18:15:28,647 [INFO]   Best: xgboost (AUPRC=0.4781)
2026-04-27 18:15:28,654 [INFO]   Best model (xgboost, already calibrated) saved as best_model.joblib
2026-04-27 18:15:28,921 [INFO] STEP 11 COMPLETE
2026-04-27 18:18:51,253 [INFO] ======================================================================
2026-04-27 18:18:51,254 [INFO] LUAD ML PIPELINE — FULL RUN
2026-04-27 18:18:51,254 [INFO] ======================================================================
2026-04-27 18:18:51,254 [INFO] >>> Step 0  — Config
2026-04-27 18:18:51,255 [INFO] <<< Step 0  — Config DONE (0.0s)
2026-04-27 18:18:51,255 [INFO] >>> Step 1  — Data loading
2026-04-27 18:18:51,618 [INFO] ============================================================
2026-04-27 18:18:51,618 [INFO] STEP 1 — DATA LOADING
2026-04-27 18:18:51,618 [INFO] ============================================================
2026-04-27 18:18:51,619 [INFO] Loading tumor expression from: C:\Users\rahma\Downloads\gloom updated\trial\data\raw\cBioPortal (RNA Seq Data)\data_mrna_seq_v2_rsem.txt
2026-04-27 18:18:53,497 [INFO]   Raw shape: (20531, 512)
2026-04-27 18:18:53,619 [WARNING]   19 duplicate gene symbols found — keeping highest-mean row.
2026-04-27 18:18:53,742 [INFO]   Final shape: (20512, 510)
2026-04-27 18:18:53,742 [INFO] Loading tumor metadata from: C:\Users\rahma\Downloads\gloom updated\trial\data\raw\cBioPortal (RNA Seq Data)\data_clinical_patient.txt
2026-04-27 18:18:53,747 [INFO]   Raw shape: (566, 38)
2026-04-27 18:18:53,750 [INFO]   Final shape: (566, 35)
2026-04-27 18:18:53,750 [INFO] Loading normal expression from: C:\Users\rahma\Downloads\gloom updated\trial\data\raw\Gtex (normal samples)\gene_tpm_v11_lung.gct.gz
2026-04-27 18:18:53,752 [INFO]   GCT version line : #1.2
2026-04-27 18:18:53,752 [INFO]   GCT dimension line: 74628	604
2026-04-27 18:19:03,356 [INFO]   Raw shape (after preamble skip): (74628, 606)
2026-04-27 18:19:03,698 [WARNING]   1307 duplicate gene symbols — keeping highest-mean row.
2026-04-27 18:19:04,214 [INFO]   Final shape: (73321, 604)
2026-04-27 18:19:04,215 [INFO] Loading normal metadata from: C:\Users\rahma\Downloads\gloom updated\trial\data\raw\Gtex (normal samples)\GTEx_Analysis_v11_Annotations_SampleAttributesDS - LUAD.txt
2026-04-27 18:19:04,238 [INFO]   Raw shape: (1892, 119)  (all assay types)
2026-04-27 18:19:04,248 [INFO]   Retaining 11 QC columns: ['SAMPID', 'SMTS', 'SMTSD', 'SMRIN', 'SMATSSCR', 'SMRDTTL', 'SMMAPRT', 'SMRRNART', 'SMRDLGTH', 'SMNABTCHT', 'SMGEBTCHT']
2026-04-27 18:19:04,249 [INFO]   SMRIN  (RNA integrity) : mean=7.17  min=3.5  max=9.7
2026-04-27 18:19:04,250 [INFO]   SMATSSCR (autolysis)   : {0.0: 43, 1.0: 410, 2.0: 128, 3.0: 10}
2026-04-27 18:19:04,250 [INFO]   SMMAPRT  (map rate)    : mean=0.9836  min=0.8003
2026-04-27 18:19:04,250 [INFO]   Final shape: (604, 10)  (604 RNA-seq samples × 10 QC columns)
2026-04-27 18:19:04,250 [INFO] Loading labeled LUAD gene list from: C:\Users\rahma\Downloads\gloom updated\trial\data\raw\LCGene (Labeled LUAD Data)\LCGene_human_LUAD_filtered.tsv
2026-04-27 18:19:04,254 [INFO]   Raw shape: (517, 10)
2026-04-27 18:19:04,255 [INFO]   Unique labeled LUAD genes loaded: 517
2026-04-27 18:19:04,261 [INFO]   Full LCGene table saved to: C:\Users\rahma\Downloads\gloom updated\trial\data\processed\lcgene_luad_full.csv
2026-04-27 18:19:04,262 [INFO] 
Saving raw-loaded files to processed directory …
2026-04-27 18:19:36,083 [INFO] 
============================================================
2026-04-27 18:19:36,084 [INFO] STEP 1 SUMMARY
2026-04-27 18:19:36,084 [INFO] ============================================================
2026-04-27 18:19:36,084 [INFO]   Tumor expression   :  20512 genes  x  510 samples
2026-04-27 18:19:36,085 [INFO]   Normal expression  :  73321 genes  x  604 samples
2026-04-27 18:19:36,085 [INFO]   Normal metadata    :    604 RNA-seq samples  x  10 QC columns
2026-04-27 18:19:36,085 [INFO]   Labeled LUAD genes :    517 unique gene symbols (LCGene)
2026-04-27 18:19:36,085 [INFO] STEP 1 COMPLETE
2026-04-27 18:19:36,110 [INFO] <<< Step 1  — Data loading DONE (44.9s)
2026-04-27 18:19:36,110 [INFO] >>> Step 2  — Preprocessing
2026-04-27 18:19:37,201 [INFO] ============================================================
2026-04-27 18:19:37,202 [INFO] STEP 2 — DATA PREPROCESSING & QUALITY CONTROL
2026-04-27 18:19:37,202 [INFO] ============================================================
2026-04-27 18:19:42,951 [INFO] 
--- Tumor preprocessing ---
2026-04-27 18:19:43,064 [INFO]   [tumor] Replaced 1463479 zeros and 0 negatives with NaN.
2026-04-27 18:19:43,362 [INFO]   [tumor] log2(x+1) applied. Range: [0.004, 20.450]
2026-04-27 18:19:45,776 [WARNING]   [tumor] No common samples — trying TCGA ID truncation.
2026-04-27 18:19:45,813 [INFO]   [tumor] Retained 510 common samples.
2026-04-27 18:19:45,819 [INFO]   [tumor] Sample count OK: 510 >= 50.
2026-04-27 18:19:45,819 [INFO] 
--- Normal preprocessing ---
2026-04-27 18:19:46,816 [INFO]   [normal] Replaced 21868568 zeros and 0 negatives with NaN.
2026-04-27 18:19:47,871 [INFO]   [normal] log2(x+1) applied. Range: [0.000, 16.393]
2026-04-27 18:19:50,967 [INFO]   [normal] Retained 604 common samples.
2026-04-27 18:19:50,973 [INFO]   [normal] Sample count OK: 604 >= 50.
2026-04-27 18:19:50,973 [INFO] 
Generating QC plots …
2026-04-27 18:20:15,007 [INFO] 
============================================================
2026-04-27 18:20:15,008 [INFO] STEP 2 SUMMARY
2026-04-27 18:20:15,008 [INFO] ============================================================
2026-04-27 18:20:15,008 [INFO]   Tumor  expr :  16570 genes x  510 samples
2026-04-27 18:20:15,008 [INFO]   Normal expr :  21159 genes x  604 samples
2026-04-27 18:20:15,008 [INFO] STEP 2 COMPLETE
2026-04-27 18:20:15,031 [INFO] <<< Step 2  — Preprocessing DONE (38.9s)
2026-04-27 18:20:15,031 [INFO] >>> Step 3  — Harmonization
2026-04-27 18:20:15,036 [INFO] ============================================================
2026-04-27 18:20:15,037 [INFO] STEP 3 — GENE ID HARMONIZATION
2026-04-27 18:20:15,037 [INFO] ============================================================
2026-04-27 18:20:18,591 [WARNING]   [tumor] Dropping 1 invalid symbols.
2026-04-27 18:20:18,647 [INFO]   Common genes: 10986
2026-04-27 18:20:18,653 [INFO]   LCGene retained: 438 / 517 (84.7%)
2026-04-27 18:20:18,653 [WARNING]   LCGene genes lost: ABCB4, AKR1B10, ASCL1, BCL2L14, BPIFA1, BRINP1, BRSK2, C20ORF85, CA9, CASC1, CCKBR, CDX2, CHGA, CHRNA1, CHRNA5, CHRNA9, CLCA2, CLDN2, CSMD1, CYP2C19, CYP2C9, DLK1, DLX5, DPYSL5, DRD2, DSC3, ECE2, ELAVL2, EPHA7, FAM83A, FUT6, FZD9, GABRA3, GATA4, GPR87, HMGA2, HNF4A, HOXB9, IGF2BP3, INSM1, KCNH1, KCNJ3, KIF14, KIF5A, KLK6, KRT81, LEP, LGSN, MAGEA1, MAGEA6, MAGEC1, MMP13, MYO18B, NOV, NR0B1, NR1I2, NRXN1, OPCML, PAEP, PAX5, PITX2, PRAME, PTPRH, RGS17, SCGN, SERPINB4, SERPINB5, T, TERT, TF, TFAP2A, TFAP2B, TRIM31, TRPM8, UGT1A6, VIL1, VTCN1, WISP1, XDH
2026-04-27 18:20:33,557 [INFO]   Common genes: 10986
2026-04-27 18:20:33,557 [INFO] STEP 3 COMPLETE
2026-04-27 18:20:33,562 [INFO] <<< Step 3  — Harmonization DONE (18.5s)
2026-04-27 18:20:33,562 [INFO] >>> Step 4  — Differential expr
2026-04-27 18:20:33,657 [INFO] ============================================================
2026-04-27 18:20:33,657 [INFO] STEP 4 — DIFFERENTIAL EXPRESSION
2026-04-27 18:20:33,658 [INFO] ============================================================
2026-04-27 18:20:35,631 [INFO]   Tumor: (10986, 510)  Normal: (10986, 604)
2026-04-27 18:20:35,761 [INFO]   Running Welch t-test for 10986 genes …
2026-04-27 18:20:39,400 [INFO]   Significant at FDR<=0.001: 10882
2026-04-27 18:20:40,243 [INFO]   Up: 9700  Down: 15  NS: 1271
2026-04-27 18:20:40,243 [INFO] STEP 4 COMPLETE
2026-04-27 18:20:40,249 [INFO] <<< Step 4  — Differential expr DONE (6.7s)
2026-04-27 18:20:40,249 [INFO] >>> Step 5  — Expr features
2026-04-27 18:20:40,263 [INFO] ============================================================
2026-04-27 18:20:40,264 [INFO] STEP 5 — EXPRESSION FEATURE CONSTRUCTION
2026-04-27 18:20:40,264 [INFO] ============================================================
2026-04-27 18:20:42,347 [INFO]   Computing stats for [tumor] ((10986, 510)) …
2026-04-27 18:20:51,027 [INFO]   Computing stats for [normal] ((10986, 604)) …
2026-04-27 18:20:59,356 [INFO]   [expression_features] Validated. Shape: (10986, 29)
2026-04-27 18:21:00,166 [INFO]   Expression features: (10986, 29)
2026-04-27 18:21:00,166 [INFO] STEP 5 COMPLETE
2026-04-27 18:21:00,173 [INFO] <<< Step 5  — Expr features DONE (19.9s)
2026-04-27 18:21:00,173 [INFO] >>> Step 6  — Co-expr network
2026-04-27 18:21:00,522 [INFO] ============================================================
2026-04-27 18:21:00,522 [INFO] STEP 6 — CO-EXPRESSION NETWORK CONSTRUCTION
2026-04-27 18:21:00,523 [INFO] ============================================================
2026-04-27 18:21:01,506 [INFO]   Matrix: 10986 genes x 510 samples | cutoff |r|>=0.6
2026-04-27 18:21:02,594 [INFO]   Chunk 10/22 edges so far: 86,077 (1.1s)
2026-04-27 18:21:03,548 [INFO]   Chunk 20/22 edges so far: 109,749 (2.0s)
2026-04-27 18:21:03,762 [INFO]   Chunk 22/22 edges so far: 110,508 (2.2s)
2026-04-27 18:21:03,819 [INFO]   Total edges: 110,508
2026-04-27 18:21:07,440 [INFO]   Graph: 4,977 nodes, 110,508 edges
2026-04-27 18:21:10,619 [INFO]   Runtime: 2.4s
2026-04-27 18:21:10,620 [INFO] STEP 6 COMPLETE
2026-04-27 18:21:10,627 [INFO] <<< Step 6  — Co-expr network DONE (10.5s)
2026-04-27 18:21:10,627 [INFO] >>> Step 7  — Network features
2026-04-27 18:21:10,629 [INFO] ============================================================
2026-04-27 18:21:10,630 [INFO] STEP 7 — NETWORK FEATURE EXTRACTION
2026-04-27 18:21:10,630 [INFO] ============================================================
2026-04-27 18:21:12,577 [INFO]   Graph: 10,986 nodes, 110,508 edges
2026-04-27 18:21:12,582 [INFO]   Extracting degree features …
2026-04-27 18:21:12,628 [INFO]   Extracting average neighbour degree …
2026-04-27 18:21:12,659 [INFO]   Betweenness centrality (n=10,986) …
2026-04-27 18:21:24,620 [INFO]   Closeness centrality …
2026-04-27 18:22:25,544 [INFO]   Eigenvector centrality …
2026-04-27 18:22:27,613 [INFO]   Clustering coefficient …
2026-04-27 18:22:46,580 [INFO]   Edge weight statistics …
2026-04-27 18:22:46,797 [INFO]   Component features …
2026-04-27 18:22:46,828 [INFO]   All features extracted in 94.2s
2026-04-27 18:22:47,954 [INFO]   Network features: (10986, 13)
2026-04-27 18:22:47,955 [INFO] STEP 7 COMPLETE
2026-04-27 18:22:47,956 [INFO] <<< Step 7  — Network features DONE (97.3s)
2026-04-27 18:22:47,957 [INFO] >>> Step 8  — Feature integration
2026-04-27 18:22:48,125 [INFO] ============================================================
2026-04-27 18:22:48,125 [INFO] STEP 8 — FEATURE INTEGRATION
2026-04-27 18:22:48,126 [INFO] ============================================================
2026-04-27 18:22:48,201 [INFO]   Expression: (10986, 29)  Network: (10986, 13)
2026-04-27 18:22:48,207 [INFO]   Concatenated: (10986, 42)
2026-04-27 18:22:48,213 [INFO]   Removed 21 collinear features: ['weighted_degree', 'component_size', 'min_edge_weight', 'tumor_median', 'normal_median', 't_stat', 'tumor_iqr_rank', 'tumor_mean_rank', 'cohens_d_rank', 'abs_log2fc_rank', 'neg_log10_padj_rank', 'betweenness_centrality', 'clustering_coefficient', 'max_edge_weight', 'std_edge_weight', 'in_largest_component', 'log2fc', 'iqr_ratio', 'std_ratio', 'tumor_kurtosis', 'normal_kurtosis']
2026-04-27 18:22:48,214 [INFO]   Features after collinearity removal: 21
2026-04-27 18:22:48,231 [INFO]   Highly correlated pairs (|r|>=0.95): 2
2026-04-27 18:22:48,590 [INFO]   Differential network features added: 9 columns (coverage: 10,986/10,986 genes)
2026-04-27 18:22:49,154 [INFO]   Integrated features: (10986, 30)
2026-04-27 18:22:49,154 [INFO] STEP 8 COMPLETE
2026-04-27 18:22:49,155 [INFO] <<< Step 8  — Feature integration DONE (1.2s)
2026-04-27 18:22:49,156 [INFO] >>> Step 9  — Label construction
2026-04-27 18:22:49,158 [INFO] ============================================================
2026-04-27 18:22:49,158 [INFO] STEP 9 — LABEL CONSTRUCTION
2026-04-27 18:22:49,158 [INFO] ============================================================
2026-04-27 18:22:49,227 [INFO]   LCGene symbols: 517
2026-04-27 18:22:49,237 [INFO]   Universe trimming: removing 1190 noisy unlabeled genes (non-expressed + no DE signal)
2026-04-27 18:22:49,240 [INFO]   Total: 9796  Positive (known LCGene): 438 (4.47%)  Unlabeled: 9358
2026-04-27 18:22:49,240 [INFO]   [PU framing] Negatives are UNLABELED — not confirmed non-cancer genes.
2026-04-27 18:22:49,415 [INFO]   LCGene genes unmatched: 79
2026-04-27 18:22:49,415 [INFO] STEP 9 COMPLETE
2026-04-27 18:22:49,417 [INFO] <<< Step 9  — Label construction DONE (0.3s)
2026-04-27 18:22:49,417 [INFO] >>> Step 10 — Train/val split
2026-04-27 18:22:49,419 [INFO] ============================================================
2026-04-27 18:22:49,419 [INFO] STEP 10 — TRAIN/VALIDATION SPLIT
2026-04-27 18:22:49,420 [INFO] ============================================================
2026-04-27 18:22:49,493 [INFO]   Features: (9796, 30)  Labels: 9796
2026-04-27 18:22:49,499 [INFO]   Train: 7836 (pos=350)  Val: 1960 (pos=88)
2026-04-27 18:22:49,505 [INFO]   Feature selection: kept top 20 features from feature_importance.csv
2026-04-27 18:22:50,488 [INFO] STEP 10 COMPLETE
2026-04-27 18:22:50,489 [INFO] <<< Step 10 — Train/val split DONE (1.1s)
2026-04-27 18:22:50,489 [INFO] >>> Step 11 — Model training
2026-04-27 18:22:50,562 [INFO] ============================================================
2026-04-27 18:22:50,562 [INFO] STEP 11 — MODEL TRAINING
2026-04-27 18:22:50,563 [INFO] ============================================================
2026-04-27 18:22:50,629 [INFO]   X_train: (7836, 20)  pos=350
2026-04-27 18:22:50,652 [INFO]   XGBoost added (scale_pos_weight=21.4)
2026-04-27 18:22:50,784 [INFO]   Random undersampling enabled (imbalanced-learn found).
2026-04-27 18:22:50,785 [INFO] 
  [random_forest] CV ...
2026-04-27 18:22:51,585 [INFO]     Fold 1 AUROC=0.9394 AUPRC=0.4323 F1=0.4297 MCC=0.4460
2026-04-27 18:22:52,415 [INFO]     Fold 2 AUROC=0.9258 AUPRC=0.4748 F1=0.4622 MCC=0.4664
2026-04-27 18:22:53,215 [INFO]     Fold 3 AUROC=0.9259 AUPRC=0.4319 F1=0.4083 MCC=0.4113
2026-04-27 18:22:54,055 [INFO]     Fold 4 AUROC=0.9442 AUPRC=0.4203 F1=0.4329 MCC=0.4355
2026-04-27 18:22:54,937 [INFO]     Fold 5 AUROC=0.9393 AUPRC=0.4616 F1=0.4417 MCC=0.4510
2026-04-27 18:22:54,937 [INFO]   [random_forest] AUROC=0.9349±0.0076  AUPRC=0.4442±0.0205  F1=0.4350±0.0175  MCC=0.4420±0.0183
2026-04-27 18:22:54,941 [INFO]   [random_forest] Hyperparameter tuning (RandomizedSearchCV n_iter=50, cv=3, scoring=average_precision) ...
2026-04-27 18:24:17,345 [INFO]   [random_forest] Best params: {'n_estimators': 800, 'min_samples_leaf': 2, 'max_features': 'sqrt', 'max_depth': None}  CV-AUPRC=0.4940
2026-04-27 18:24:17,613 [INFO] 
  [gradient_boosting] CV ...
2026-04-27 18:24:18,206 [INFO]     Fold 1 AUROC=0.9341 AUPRC=0.4030 F1=0.3770 MCC=0.4109
2026-04-27 18:24:18,756 [INFO]     Fold 2 AUROC=0.9274 AUPRC=0.5096 F1=0.3971 MCC=0.4174
2026-04-27 18:24:19,326 [INFO]     Fold 3 AUROC=0.9296 AUPRC=0.4556 F1=0.3738 MCC=0.4023
2026-04-27 18:24:19,990 [INFO]     Fold 4 AUROC=0.9465 AUPRC=0.4522 F1=0.4311 MCC=0.4641
2026-04-27 18:24:20,569 [INFO]     Fold 5 AUROC=0.9397 AUPRC=0.5108 F1=0.3823 MCC=0.4071
2026-04-27 18:24:20,570 [INFO]   [gradient_boosting] AUROC=0.9355±0.0069  AUPRC=0.4662±0.0404  F1=0.3922±0.0210  MCC=0.4204±0.0224
2026-04-27 18:24:20,574 [INFO]   [gradient_boosting] Hyperparameter tuning (RandomizedSearchCV n_iter=50, cv=3, scoring=average_precision) ...
2026-04-27 18:24:51,008 [INFO]   [gradient_boosting] Best params: {'subsample': 0.9, 'n_estimators': 500, 'max_depth': 3, 'learning_rate': 0.01}  CV-AUPRC=0.4895
2026-04-27 18:24:51,114 [INFO] 
  [logistic_regression] CV ...
2026-04-27 18:24:51,586 [INFO]     Fold 1 AUROC=0.9400 AUPRC=0.4362 F1=0.3401 MCC=0.4007
2026-04-27 18:24:52,036 [INFO]     Fold 2 AUROC=0.9207 AUPRC=0.3777 F1=0.3609 MCC=0.3964
2026-04-27 18:24:52,486 [INFO]     Fold 3 AUROC=0.9392 AUPRC=0.4319 F1=0.3567 MCC=0.3984
2026-04-27 18:24:52,966 [INFO]     Fold 4 AUROC=0.9263 AUPRC=0.3153 F1=0.3458 MCC=0.3857
2026-04-27 18:24:53,414 [INFO]     Fold 5 AUROC=0.9346 AUPRC=0.4680 F1=0.3315 MCC=0.3725
2026-04-27 18:24:53,414 [INFO]   [logistic_regression] AUROC=0.9321±0.0075  AUPRC=0.4058±0.0538  F1=0.3470±0.0107  MCC=0.3908±0.0105
2026-04-27 18:24:54,857 [INFO] 
  [extra_trees] CV ...
2026-04-27 18:24:55,287 [INFO]     Fold 1 AUROC=0.9360 AUPRC=0.4496 F1=0.4291 MCC=0.4401
2026-04-27 18:24:55,722 [INFO]     Fold 2 AUROC=0.9209 AUPRC=0.4483 F1=0.4645 MCC=0.4610
2026-04-27 18:24:56,167 [INFO]     Fold 3 AUROC=0.9347 AUPRC=0.4578 F1=0.4416 MCC=0.4457
2026-04-27 18:24:56,612 [INFO]     Fold 4 AUROC=0.9400 AUPRC=0.3991 F1=0.4629 MCC=0.4696
2026-04-27 18:24:57,039 [INFO]     Fold 5 AUROC=0.9320 AUPRC=0.4121 F1=0.4017 MCC=0.4028
2026-04-27 18:24:57,039 [INFO]   [extra_trees] AUROC=0.9327±0.0065  AUPRC=0.4334±0.0233  F1=0.4399±0.0233  MCC=0.4438±0.0230
2026-04-27 18:24:57,698 [INFO] 
  [xgboost] CV ...
2026-04-27 18:24:58,061 [INFO]     Fold 1 AUROC=0.9379 AUPRC=0.4610 F1=0.3196 MCC=0.3786
2026-04-27 18:24:58,201 [INFO]     Fold 2 AUROC=0.9273 AUPRC=0.4561 F1=0.3486 MCC=0.3910
2026-04-27 18:24:58,337 [INFO]     Fold 3 AUROC=0.9228 AUPRC=0.4528 F1=0.3181 MCC=0.3572
2026-04-27 18:24:58,473 [INFO]     Fold 4 AUROC=0.9438 AUPRC=0.4537 F1=0.3779 MCC=0.4291
2026-04-27 18:24:58,612 [INFO]     Fold 5 AUROC=0.9387 AUPRC=0.5178 F1=0.3324 MCC=0.3762
2026-04-27 18:24:58,613 [INFO]   [xgboost] AUROC=0.9341±0.0078  AUPRC=0.4683±0.0249  F1=0.3393±0.0222  MCC=0.3864±0.0239
2026-04-27 18:24:58,618 [INFO]   [xgboost] Hyperparameter tuning (RandomizedSearchCV n_iter=50, cv=3, scoring=average_precision) ...
2026-04-27 18:25:07,963 [INFO]   [xgboost] Best params: {'subsample': 0.9, 'n_estimators': 500, 'max_depth': 5, 'learning_rate': 0.05, 'colsample_bytree': 1.0}  CV-AUPRC=0.4905
2026-04-27 18:25:07,984 [INFO] 
All models trained in 137.3s
2026-04-27 18:25:07,984 [INFO]   Best: xgboost (AUPRC=0.4683)
2026-04-27 18:25:08,001 [INFO]   Best model (xgboost, already calibrated) saved as best_model.joblib
2026-04-27 18:25:08,204 [INFO] STEP 11 COMPLETE
2026-04-27 18:25:08,222 [INFO] <<< Step 11 — Model training DONE (137.7s)
2026-04-27 18:25:08,222 [INFO] >>> Step 12 — Model evaluation
2026-04-27 18:25:08,226 [INFO] ============================================================
2026-04-27 18:25:08,226 [INFO] STEP 12 — MODEL EVALUATION
2026-04-27 18:25:08,227 [INFO] ============================================================
2026-04-27 18:25:08,251 [INFO]   Val: 1960 genes  pos=88
2026-04-27 18:25:08,683 [INFO]   [extra_trees           ] AUROC=0.9287 AUPRC=0.5213 F1@0.50=0.4787 MCC@0.50=0.4536 [oracle F1@0.29=0.5135] R@100=0.5114 P@100=0.4500
2026-04-27 18:25:08,715 [INFO]   [gradient_boosting     ] AUROC=0.9286 AUPRC=0.4609 F1@0.50=0.4221 MCC@0.50=0.4221 [oracle F1@0.33=0.4720] R@100=0.4773 P@100=0.4200
2026-04-27 18:25:08,733 [INFO]   [logistic_regression   ] AUROC=0.9308 AUPRC=0.3725 F1@0.50=0.4378 MCC@0.50=0.4188 [oracle F1@0.19=0.4615] R@100=0.4659 P@100=0.4100
2026-04-27 18:25:08,887 [INFO]   [random_forest         ] AUROC=0.9247 AUPRC=0.4658 F1@0.50=0.4138 MCC@0.50=0.3862 [oracle F1@0.34=0.4828] R@100=0.4545 P@100=0.4000
2026-04-27 18:25:08,916 [INFO]   [xgboost               ] AUROC=0.9196 AUPRC=0.4755 F1@0.50=0.4466 MCC@0.50=0.4216 [oracle F1@0.26=0.4588] R@100=0.4773 P@100=0.4200
2026-04-27 18:25:08,919 [INFO]   Ensemble weights (AUPRC): extra_trees=0.195  gradient_boosting=0.210  logistic_regression=0.183  random_forest=0.200  xgboost=0.211
2026-04-27 18:25:08,943 [INFO]   [ensemble_soft_vote    ] AUROC=0.9366 AUPRC=0.5040 F1@0.50=0.4356 MCC@0.50=0.4140 [oracle F1@0.27=0.5062] R@100=0.5114 P@100=0.4500
2026-04-27 18:25:08,974 [INFO]   Classification reports saved to: C:\Users\rahma\Downloads\gloom updated\trial\outputs\results\classification_reports
2026-04-27 18:25:09,859 [INFO]   Confusion matrix grid saved: eval_confusion_matrices.png
2026-04-27 18:25:10,281 [INFO]   Multi-threshold confusion matrices saved: eval_confusion_multithreshold.png
2026-04-27 18:25:10,580 [INFO] STEP 12 COMPLETE
2026-04-27 18:25:10,598 [INFO] <<< Step 12 — Model evaluation DONE (2.4s)
2026-04-27 18:25:10,599 [INFO] >>> Step 13 — Feature importance
2026-04-27 18:25:10,614 [INFO] ============================================================
2026-04-27 18:25:10,614 [INFO] STEP 13 — FEATURE IMPORTANCE
2026-04-27 18:25:10,614 [INFO] ============================================================
2026-04-27 18:25:11,065 [INFO]   Feature importance shape: (20, 4)
2026-04-27 18:25:11,065 [INFO]   Top feature: tumor_std (nan)
2026-04-27 18:25:11,066 [INFO] STEP 13 COMPLETE
2026-04-27 18:25:11,088 [INFO] <<< Step 13 — Feature importance DONE (0.5s)
2026-04-27 18:25:11,088 [INFO] >>> Step 14 — Gene ranking
2026-04-27 18:25:11,091 [INFO] ============================================================
2026-04-27 18:25:11,091 [INFO] STEP 14 — GENE PREDICTION & RANKING
2026-04-27 18:25:11,091 [INFO] ============================================================
2026-04-27 18:25:11,182 [INFO]   Using PU bagging scores from step11b for gene ranking (principled PU learning).
2026-04-27 18:25:11,194 [INFO]   PU bagging scores loaded: 10,986 genes.
2026-04-27 18:25:11,194 [INFO]   Score source: pu_bagging  |  novel threshold: 0.7
2026-04-27 18:25:11,218 [INFO]   Total: 10,986  Novel candidates (prob>=0.7): 920  Sensitivity list (prob>=0.5): 2,074
2026-04-27 18:25:11,218 [INFO]   Median positive (known) rank: 250
2026-04-27 18:25:11,219 [INFO]   Positive (known) in top-50:  50  top-100: 99  top-200: 181  top-500: 317
2026-04-27 18:25:11,219 [INFO]   Recall@50=0.1142  Recall@100=0.2260  Recall@200=0.4132  Recall@500=0.7237
2026-04-27 18:25:11,219 [INFO]   Precision@50=1.0000  Precision@100=0.9900
2026-04-27 18:25:11,782 [INFO]   High-confidence novel candidates saved: 920 genes (prob>=0.7)
2026-04-27 18:25:11,782 [INFO]   Sensitivity novel candidates saved:     2074 genes (prob>=0.5)
2026-04-27 18:25:11,783 [INFO]   Query gene rankings saved: 0 genes
2026-04-27 18:25:11,785 [INFO] STEP 14 COMPLETE
2026-04-27 18:25:11,786 [INFO] <<< Step 14 — Gene ranking DONE (0.7s)
2026-04-27 18:25:11,786 [INFO] >>> Step 15 — Network annotation
2026-04-27 18:25:11,788 [INFO] ============================================================
2026-04-27 18:25:11,788 [INFO] STEP 15 — NETWORK ANNOTATION
2026-04-27 18:25:11,789 [INFO] ============================================================
2026-04-27 18:25:13,776 [INFO]   Graph: 10,986 nodes, 110,508 edges
2026-04-27 18:25:14,863 [INFO]   Positive edges: 108,468  Negative: 2,040
2026-04-27 18:25:20,222 [INFO]   LCGene nodes: 438  Novel: 920
2026-04-27 18:25:20,223 [INFO] STEP 15 COMPLETE
2026-04-27 18:25:20,242 [INFO] <<< Step 15 — Network annotation DONE (8.5s)
2026-04-27 18:25:20,243 [INFO] >>> Step 16 — Network export
2026-04-27 18:25:20,246 [INFO] ============================================================
2026-04-27 18:25:20,246 [INFO] STEP 16 — NETWORK EXPORT
2026-04-27 18:25:20,246 [INFO] ============================================================
2026-04-27 18:25:23,540 [INFO]   Graph: 10,986 nodes, 110,508 edges
2026-04-27 18:25:30,107 [INFO]   GraphML saved: C:\Users\rahma\Downloads\gloom updated\trial\outputs\results\network\exports/network_full.graphml
2026-04-27 18:25:35,063 [INFO]   Full network exports complete.
2026-04-27 18:25:35,102 [INFO]   [top100] 100 nodes, 51 edges
2026-04-27 18:25:35,216 [INFO]   [lcgene] 438 nodes, 925 edges
2026-04-27 18:25:35,401 [INFO]   [novel] 920 nodes, 2305 edges
2026-04-27 18:25:35,715 [INFO]   [candidates] 1332 nodes, 5823 edges
2026-04-27 18:25:40,729 [INFO] 
  Sub-networks:
2026-04-27 18:25:40,729 [INFO]     top100               nodes=  100  edges=     51
2026-04-27 18:25:40,729 [INFO]     lcgene               nodes=  438  edges=    925
2026-04-27 18:25:40,729 [INFO]     novel                nodes=  920  edges=  2,305
2026-04-27 18:25:40,729 [INFO]     candidates           nodes=1,332  edges=  5,823
2026-04-27 18:25:40,729 [INFO] STEP 16 COMPLETE
2026-04-27 18:25:40,757 [INFO] <<< Step 16 — Network export DONE (20.5s)
2026-04-27 18:25:40,757 [INFO] >>> Step 17 — Visualization
2026-04-27 18:25:40,913 [INFO] ============================================================
2026-04-27 18:25:40,913 [INFO] STEP 17 — INTERACTIVE VISUALIZATION
2026-04-27 18:25:40,913 [INFO] ============================================================
2026-04-27 18:25:41,126 [INFO] [1] Volcano …
2026-04-27 18:25:41,505 [INFO]   Volcano saved: C:\Users\rahma\Downloads\gloom updated\trial\outputs\figures\interactive_volcano.html
2026-04-27 18:25:41,506 [INFO] [2] Ranking …
2026-04-27 18:25:41,779 [INFO]   Ranking plot saved: C:\Users\rahma\Downloads\gloom updated\trial\outputs\figures\interactive_ranking.html
2026-04-27 18:25:41,780 [INFO] [3] Network …
2026-04-27 18:25:41,909 [INFO]   Network plot saved: C:\Users\rahma\Downloads\gloom updated\trial\outputs\figures\interactive_network.html
2026-04-27 18:25:41,910 [INFO] [4] Feature importance …
2026-04-27 18:25:41,951 [INFO]   Feature importance saved: C:\Users\rahma\Downloads\gloom updated\trial\outputs\figures\interactive_feature_importance.html
2026-04-27 18:25:41,952 [INFO] [5] KEGG pathways …
2026-04-27 18:25:42,000 [INFO]   KEGG plot saved: C:\Users\rahma\Downloads\gloom updated\trial\outputs\figures\interactive_kegg.html
2026-04-27 18:25:42,001 [INFO] [6] Dashboard …
2026-04-27 18:25:42,101 [INFO]   Combined dashboard saved: C:\Users\rahma\Downloads\gloom updated\trial\outputs\figures\interactive_dashboard.html
2026-04-27 18:25:42,105 [INFO] STEP 17 COMPLETE
2026-04-27 18:25:42,109 [INFO] <<< Step 17 — Visualization DONE (1.4s)
2026-04-27 18:25:42,109 [INFO] >>> Step 18 — Final report
2026-04-27 18:25:42,112 [INFO] ============================================================
2026-04-27 18:25:42,112 [INFO] STEP 18 — FINAL OUTPUTS & REPORTING
2026-04-27 18:25:42,112 [INFO] ============================================================
2026-04-27 18:25:42,112 [INFO] [1] Building summary table …
2026-04-27 18:25:42,376 [INFO]   Summary table: (10986, 29)
2026-04-27 18:25:42,376 [INFO] [2] Building text report …
2026-04-27 18:25:42,397 [ERROR]   Report failed: 'mcc'
2026-04-27 18:25:42,397 [INFO] [3] Building summary figure …
2026-04-27 18:25:43,207 [INFO]   Summary figure (PNG) saved: C:\Users\rahma\Downloads\gloom updated\trial\outputs\results\reports\pipeline_summary_figure.png
2026-04-27 18:25:44,026 [INFO]   Summary figure (PDF) saved: C:\Users\rahma\Downloads\gloom updated\trial\outputs\results\reports\pipeline_summary_figure.pdf
2026-04-27 18:25:44,027 [INFO] [4] Writing master runner …
2026-04-27 18:25:44,028 [INFO]   Master runner saved: C:\Users\rahma\Downloads\gloom updated\trial\LUAD_ML_Pipeline\run_pipeline.py
2026-04-27 18:25:44,028 [INFO] ============================================================
2026-04-27 18:25:44,028 [INFO] STEP 18 SUMMARY
2026-04-27 18:25:44,028 [INFO] ============================================================
2026-04-27 18:25:44,028 [INFO]   Summary table: C:\Users\rahma\Downloads\gloom updated\trial\outputs\results\reports/pipeline_summary_table.csv
2026-04-27 18:25:44,028 [INFO]   Text report  : C:\Users\rahma\Downloads\gloom updated\trial\outputs\results\reports/pipeline_report.txt
2026-04-27 18:25:44,028 [INFO]   Summary fig  : C:\Users\rahma\Downloads\gloom updated\trial\outputs\results\reports/pipeline_summary_figure.png
2026-04-27 18:25:44,029 [INFO]   Master runner: C:\Users\rahma\Downloads\gloom updated\trial\LUAD_ML_Pipeline\run_pipeline.py
2026-04-27 18:25:44,029 [INFO] 
2026-04-27 18:25:44,029 [INFO]   Key deliverables:
2026-04-27 18:25:44,029 [INFO]     Gene rankings    : C:\Users\rahma\Downloads\gloom updated\trial\outputs\results\gene_rankings.csv
2026-04-27 18:25:44,029 [INFO]     Novel candidates : C:\Users\rahma\Downloads\gloom updated\trial\outputs\results/novel_candidates.csv
2026-04-27 18:25:44,029 [INFO]     Dashboard        : C:\Users\rahma\Downloads\gloom updated\trial\outputs\figures/interactive_dashboard.html
2026-04-27 18:25:44,029 [INFO] STEP 18 COMPLETE
2026-04-27 18:25:44,030 [INFO] <<< Step 18 — Final report DONE (1.9s)
2026-04-27 18:25:44,030 [INFO] ======================================================================
2026-04-27 18:25:44,030 [INFO] EXECUTION SUMMARY
2026-04-27 18:25:44,030 [INFO] ======================================================================
2026-04-27 18:25:44,030 [INFO]   [OK] Step 0  — Config                                  0.0s
2026-04-27 18:25:44,031 [INFO]   [OK] Step 1  — Data loading                           44.9s
2026-04-27 18:25:44,031 [INFO]   [OK] Step 2  — Preprocessing                          38.9s
2026-04-27 18:25:44,031 [INFO]   [OK] Step 3  — Harmonization                          18.5s
2026-04-27 18:25:44,031 [INFO]   [OK] Step 4  — Differential expr                       6.7s
2026-04-27 18:25:44,031 [INFO]   [OK] Step 5  — Expr features                          19.9s
2026-04-27 18:25:44,031 [INFO]   [OK] Step 6  — Co-expr network                        10.5s
2026-04-27 18:25:44,031 [INFO]   [OK] Step 7  — Network features                       97.3s
2026-04-27 18:25:44,031 [INFO]   [OK] Step 8  — Feature integration                     1.2s
2026-04-27 18:25:44,032 [INFO]   [OK] Step 9  — Label construction                      0.3s
2026-04-27 18:25:44,032 [INFO]   [OK] Step 10 — Train/val split                         1.1s
2026-04-27 18:25:44,032 [INFO]   [OK] Step 11 — Model training                        137.7s
2026-04-27 18:25:44,032 [INFO]   [OK] Step 12 — Model evaluation                        2.4s
2026-04-27 18:25:44,032 [INFO]   [OK] Step 13 — Feature importance                      0.5s
2026-04-27 18:25:44,032 [INFO]   [OK] Step 14 — Gene ranking                            0.7s
2026-04-27 18:25:44,032 [INFO]   [OK] Step 15 — Network annotation                      8.5s
2026-04-27 18:25:44,032 [INFO]   [OK] Step 16 — Network export                         20.5s
2026-04-27 18:25:44,032 [INFO]   [OK] Step 17 — Visualization                           1.4s
2026-04-27 18:25:44,033 [INFO]   [OK] Step 18 — Final report                            1.9s
2026-04-27 18:25:44,033 [INFO]   Total: 412.8s (6.9 min)
2026-04-27 18:25:44,033 [INFO]   Pipeline COMPLETE.
2026-04-27 18:25:44,033 [INFO] ======================================================================
2026-04-27 18:41:01,355 [INFO] ======================================================================
2026-04-27 18:41:01,355 [INFO] LUAD ML PIPELINE — FULL RUN
2026-04-27 18:41:01,356 [INFO] ======================================================================
2026-04-27 18:41:01,356 [INFO] >>> Step 0  — Config
2026-04-27 18:41:01,357 [INFO] <<< Step 0  — Config DONE (0.0s)
2026-04-27 18:41:01,357 [INFO] >>> Step 1  — Data loading
2026-04-27 18:41:01,843 [INFO] ============================================================
2026-04-27 18:41:01,843 [INFO] STEP 1 — DATA LOADING
2026-04-27 18:41:01,843 [INFO] ============================================================
2026-04-27 18:41:01,844 [INFO] Loading tumor expression from: C:\Users\rahma\Downloads\gloom updated\trial\data\raw\cBioPortal (RNA Seq Data)\data_mrna_seq_v2_rsem.txt
2026-04-27 18:41:03,573 [INFO]   Raw shape: (20531, 512)
2026-04-27 18:41:03,720 [WARNING]   19 duplicate gene symbols found — keeping highest-mean row.
2026-04-27 18:41:03,841 [INFO]   Final shape: (20512, 510)
2026-04-27 18:41:03,842 [INFO] Loading tumor metadata from: C:\Users\rahma\Downloads\gloom updated\trial\data\raw\cBioPortal (RNA Seq Data)\data_clinical_patient.txt
2026-04-27 18:41:03,847 [INFO]   Raw shape: (566, 38)
2026-04-27 18:41:03,850 [INFO]   Final shape: (566, 35)
2026-04-27 18:41:03,851 [INFO] Loading normal expression from: C:\Users\rahma\Downloads\gloom updated\trial\data\raw\Gtex (normal samples)\gene_tpm_v11_lung.gct.gz
2026-04-27 18:41:03,852 [INFO]   GCT version line : #1.2
2026-04-27 18:41:03,852 [INFO]   GCT dimension line: 74628	604
2026-04-27 18:41:10,589 [INFO]   Raw shape (after preamble skip): (74628, 606)
2026-04-27 18:41:10,943 [WARNING]   1307 duplicate gene symbols — keeping highest-mean row.
2026-04-27 18:41:11,484 [INFO]   Final shape: (73321, 604)
2026-04-27 18:41:11,485 [INFO] Loading normal metadata from: C:\Users\rahma\Downloads\gloom updated\trial\data\raw\Gtex (normal samples)\GTEx_Analysis_v11_Annotations_SampleAttributesDS - LUAD.txt
2026-04-27 18:41:11,520 [INFO]   Raw shape: (1892, 119)  (all assay types)
2026-04-27 18:41:11,529 [INFO]   Retaining 11 QC columns: ['SAMPID', 'SMTS', 'SMTSD', 'SMRIN', 'SMATSSCR', 'SMRDTTL', 'SMMAPRT', 'SMRRNART', 'SMRDLGTH', 'SMNABTCHT', 'SMGEBTCHT']
2026-04-27 18:41:11,530 [INFO]   SMRIN  (RNA integrity) : mean=7.17  min=3.5  max=9.7
2026-04-27 18:41:11,532 [INFO]   SMATSSCR (autolysis)   : {0.0: 43, 1.0: 410, 2.0: 128, 3.0: 10}
2026-04-27 18:41:11,532 [INFO]   SMMAPRT  (map rate)    : mean=0.9836  min=0.8003
2026-04-27 18:41:11,532 [INFO]   Final shape: (604, 10)  (604 RNA-seq samples × 10 QC columns)
2026-04-27 18:41:11,532 [INFO] Loading labeled LUAD gene list from: C:\Users\rahma\Downloads\gloom updated\trial\data\raw\LCGene (Labeled LUAD Data)\LCGene_human_LUAD_filtered.tsv
2026-04-27 18:41:11,536 [INFO]   Raw shape: (517, 10)
2026-04-27 18:41:11,537 [INFO]   Unique labeled LUAD genes loaded: 517
2026-04-27 18:41:11,545 [INFO]   Full LCGene table saved to: C:\Users\rahma\Downloads\gloom updated\trial\data\processed\lcgene_luad_full.csv
2026-04-27 18:41:11,545 [INFO] 
Saving raw-loaded files to processed directory …
2026-04-27 18:41:35,944 [INFO] 
============================================================
2026-04-27 18:41:35,945 [INFO] STEP 1 SUMMARY
2026-04-27 18:41:35,945 [INFO] ============================================================
2026-04-27 18:41:35,945 [INFO]   Tumor expression   :  20512 genes  x  510 samples
2026-04-27 18:41:35,946 [INFO]   Normal expression  :  73321 genes  x  604 samples
2026-04-27 18:41:35,946 [INFO]   Normal metadata    :    604 RNA-seq samples  x  10 QC columns
2026-04-27 18:41:35,947 [INFO]   Labeled LUAD genes :    517 unique gene symbols (LCGene)
2026-04-27 18:41:35,947 [INFO] STEP 1 COMPLETE
2026-04-27 18:41:35,972 [INFO] <<< Step 1  — Data loading DONE (34.6s)
2026-04-27 18:41:35,972 [INFO] >>> Step 2  — Preprocessing
2026-04-27 18:41:37,306 [INFO] ============================================================
2026-04-27 18:41:37,307 [INFO] STEP 2 — DATA PREPROCESSING & QUALITY CONTROL
2026-04-27 18:41:37,307 [INFO] ============================================================
2026-04-27 18:41:41,350 [INFO] 
--- Tumor preprocessing ---
2026-04-27 18:41:41,453 [INFO]   [tumor] Replaced 1463479 zeros and 0 negatives with NaN.
2026-04-27 18:41:41,688 [INFO]   [tumor] log2(x+1) applied. Range: [0.004, 20.450]
2026-04-27 18:41:43,420 [WARNING]   [tumor] No common samples — trying TCGA ID truncation.
2026-04-27 18:41:43,449 [INFO]   [tumor] Retained 510 common samples.
2026-04-27 18:41:43,457 [INFO]   [tumor] Sample count OK: 510 >= 50.
2026-04-27 18:41:43,457 [INFO] 
--- Normal preprocessing ---
2026-04-27 18:41:43,868 [INFO]   [normal] Replaced 21868568 zeros and 0 negatives with NaN.
2026-04-27 18:41:44,876 [INFO]   [normal] log2(x+1) applied. Range: [0.000, 16.393]
2026-04-27 18:41:47,295 [INFO]   [normal] Retained 604 common samples.
2026-04-27 18:41:47,300 [INFO]   [normal] Sample count OK: 604 >= 50.
2026-04-27 18:41:47,300 [INFO] 
Generating QC plots …
2026-04-27 18:42:05,914 [INFO] 
============================================================
2026-04-27 18:42:05,914 [INFO] STEP 2 SUMMARY
2026-04-27 18:42:05,914 [INFO] ============================================================
2026-04-27 18:42:05,915 [INFO]   Tumor  expr :  16570 genes x  510 samples
2026-04-27 18:42:05,915 [INFO]   Normal expr :  21159 genes x  604 samples
2026-04-27 18:42:05,915 [INFO] STEP 2 COMPLETE
2026-04-27 18:42:05,948 [INFO] <<< Step 2  — Preprocessing DONE (30.0s)
2026-04-27 18:42:05,948 [INFO] >>> Step 3  — Harmonization
2026-04-27 18:42:05,951 [INFO] ============================================================
2026-04-27 18:42:05,951 [INFO] STEP 3 — GENE ID HARMONIZATION
2026-04-27 18:42:05,951 [INFO] ============================================================
2026-04-27 18:42:08,713 [WARNING]   [tumor] Dropping 1 invalid symbols.
2026-04-27 18:42:08,765 [INFO]   Common genes: 10986
2026-04-27 18:42:08,770 [INFO]   LCGene retained: 438 / 517 (84.7%)
2026-04-27 18:42:08,771 [WARNING]   LCGene genes lost: ABCB4, AKR1B10, ASCL1, BCL2L14, BPIFA1, BRINP1, BRSK2, C20ORF85, CA9, CASC1, CCKBR, CDX2, CHGA, CHRNA1, CHRNA5, CHRNA9, CLCA2, CLDN2, CSMD1, CYP2C19, CYP2C9, DLK1, DLX5, DPYSL5, DRD2, DSC3, ECE2, ELAVL2, EPHA7, FAM83A, FUT6, FZD9, GABRA3, GATA4, GPR87, HMGA2, HNF4A, HOXB9, IGF2BP3, INSM1, KCNH1, KCNJ3, KIF14, KIF5A, KLK6, KRT81, LEP, LGSN, MAGEA1, MAGEA6, MAGEC1, MMP13, MYO18B, NOV, NR0B1, NR1I2, NRXN1, OPCML, PAEP, PAX5, PITX2, PRAME, PTPRH, RGS17, SCGN, SERPINB4, SERPINB5, T, TERT, TF, TFAP2A, TFAP2B, TRIM31, TRPM8, UGT1A6, VIL1, VTCN1, WISP1, XDH
2026-04-27 18:42:20,018 [INFO]   Common genes: 10986
2026-04-27 18:42:20,018 [INFO] STEP 3 COMPLETE
2026-04-27 18:42:20,024 [INFO] <<< Step 3  — Harmonization DONE (14.1s)
2026-04-27 18:42:20,024 [INFO] >>> Step 4  — Differential expr
2026-04-27 18:42:20,106 [INFO] ============================================================
2026-04-27 18:42:20,106 [INFO] STEP 4 — DIFFERENTIAL EXPRESSION
2026-04-27 18:42:20,106 [INFO] ============================================================
2026-04-27 18:42:21,772 [INFO]   Tumor: (10986, 510)  Normal: (10986, 604)
2026-04-27 18:42:21,872 [INFO]   Running Welch t-test for 10986 genes …
2026-04-27 18:42:24,676 [INFO]   Significant at FDR<=0.001: 10882
2026-04-27 18:42:25,362 [INFO]   Up: 9700  Down: 15  NS: 1271
2026-04-27 18:42:25,362 [INFO] STEP 4 COMPLETE
2026-04-27 18:42:25,368 [INFO] <<< Step 4  — Differential expr DONE (5.3s)
2026-04-27 18:42:25,369 [INFO] >>> Step 5  — Expr features
2026-04-27 18:42:25,371 [INFO] ============================================================
2026-04-27 18:42:25,371 [INFO] STEP 5 — EXPRESSION FEATURE CONSTRUCTION
2026-04-27 18:42:25,371 [INFO] ============================================================
2026-04-27 18:42:27,034 [INFO]   Computing stats for [tumor] ((10986, 510)) …
2026-04-27 18:42:33,926 [INFO]   Computing stats for [normal] ((10986, 604)) …
2026-04-27 18:42:40,873 [INFO]   [expression_features] Validated. Shape: (10986, 29)
2026-04-27 18:42:41,505 [INFO]   Expression features: (10986, 29)
2026-04-27 18:42:41,506 [INFO] STEP 5 COMPLETE
2026-04-27 18:42:41,511 [INFO] <<< Step 5  — Expr features DONE (16.1s)
2026-04-27 18:42:41,511 [INFO] >>> Step 6  — Co-expr network
2026-04-27 18:42:41,729 [INFO] ============================================================
2026-04-27 18:42:41,729 [INFO] STEP 6 — CO-EXPRESSION NETWORK CONSTRUCTION
2026-04-27 18:42:41,729 [INFO] ============================================================
2026-04-27 18:42:42,472 [INFO]   Matrix: 10986 genes x 510 samples | cutoff |r|>=0.6
2026-04-27 18:42:43,754 [INFO]   Chunk 10/22 edges so far: 86,077 (1.2s)
2026-04-27 18:42:44,686 [INFO]   Chunk 20/22 edges so far: 109,749 (2.2s)
2026-04-27 18:42:44,825 [INFO]   Chunk 22/22 edges so far: 110,508 (2.3s)
2026-04-27 18:42:44,873 [INFO]   Total edges: 110,508
2026-04-27 18:42:47,881 [INFO]   Graph: 4,977 nodes, 110,508 edges
2026-04-27 18:42:50,440 [INFO]   Runtime: 2.5s
2026-04-27 18:42:50,441 [INFO] STEP 6 COMPLETE
2026-04-27 18:42:50,446 [INFO] <<< Step 6  — Co-expr network DONE (8.9s)
2026-04-27 18:42:50,447 [INFO] >>> Step 7  — Network features
2026-04-27 18:42:50,449 [INFO] ============================================================
2026-04-27 18:42:50,449 [INFO] STEP 7 — NETWORK FEATURE EXTRACTION
2026-04-27 18:42:50,450 [INFO] ============================================================
2026-04-27 18:42:52,101 [INFO]   Graph: 10,986 nodes, 110,508 edges
2026-04-27 18:42:52,105 [INFO]   Extracting degree features …
2026-04-27 18:42:52,150 [INFO]   Extracting average neighbour degree …
2026-04-27 18:42:52,178 [INFO]   Betweenness centrality (n=10,986) …
2026-04-27 18:43:02,457 [INFO]   Closeness centrality …
2026-04-27 18:43:58,285 [INFO]   Eigenvector centrality …
2026-04-27 18:44:00,118 [INFO]   Clustering coefficient …
2026-04-27 18:44:17,295 [INFO]   Edge weight statistics …
2026-04-27 18:44:17,524 [INFO]   Component features …
2026-04-27 18:44:17,553 [INFO]   All features extracted in 85.4s
2026-04-27 18:44:18,573 [INFO]   Network features: (10986, 13)
2026-04-27 18:44:18,573 [INFO] STEP 7 COMPLETE
2026-04-27 18:44:18,575 [INFO] <<< Step 7  — Network features DONE (88.1s)
2026-04-27 18:44:18,575 [INFO] >>> Step 8  — Feature integration
2026-04-27 18:44:18,855 [INFO] ============================================================
2026-04-27 18:44:18,855 [INFO] STEP 8 — FEATURE INTEGRATION
2026-04-27 18:44:18,855 [INFO] ============================================================
2026-04-27 18:44:18,913 [INFO]   Expression: (10986, 29)  Network: (10986, 13)
2026-04-27 18:44:18,918 [INFO]   Concatenated: (10986, 42)
2026-04-27 18:44:18,923 [INFO]   Removed 21 collinear features: ['weighted_degree', 'component_size', 'min_edge_weight', 'tumor_median', 'normal_median', 't_stat', 'tumor_iqr_rank', 'tumor_mean_rank', 'cohens_d_rank', 'abs_log2fc_rank', 'neg_log10_padj_rank', 'betweenness_centrality', 'clustering_coefficient', 'max_edge_weight', 'std_edge_weight', 'in_largest_component', 'log2fc', 'iqr_ratio', 'std_ratio', 'tumor_kurtosis', 'normal_kurtosis']
2026-04-27 18:44:18,924 [INFO]   Features after collinearity removal: 21
2026-04-27 18:44:18,937 [INFO]   Highly correlated pairs (|r|>=0.95): 2
2026-04-27 18:44:19,284 [INFO]   Differential network features added: 9 columns (coverage: 10,986/10,986 genes)
2026-04-27 18:44:19,782 [INFO]   Integrated features: (10986, 30)
2026-04-27 18:44:19,782 [INFO] STEP 8 COMPLETE
2026-04-27 18:44:19,784 [INFO] <<< Step 8  — Feature integration DONE (1.2s)
2026-04-27 18:44:19,784 [INFO] >>> Step 9  — Label construction
2026-04-27 18:44:19,786 [INFO] ============================================================
2026-04-27 18:44:19,786 [INFO] STEP 9 — LABEL CONSTRUCTION
2026-04-27 18:44:19,786 [INFO] ============================================================
2026-04-27 18:44:19,839 [INFO]   LCGene symbols: 517
2026-04-27 18:44:19,845 [INFO]   Universe trimming: removing 1190 noisy unlabeled genes (non-expressed + no DE signal)
2026-04-27 18:44:19,849 [INFO]   Total: 9796  Positive (known LCGene): 438 (4.47%)  Unlabeled: 9358
2026-04-27 18:44:19,849 [INFO]   [PU framing] Negatives are UNLABELED — not confirmed non-cancer genes.
2026-04-27 18:44:20,019 [INFO]   LCGene genes unmatched: 79
2026-04-27 18:44:20,019 [INFO] STEP 9 COMPLETE
2026-04-27 18:44:20,020 [INFO] <<< Step 9  — Label construction DONE (0.2s)
2026-04-27 18:44:20,020 [INFO] >>> Step 10 — Train/val split
2026-04-27 18:44:20,022 [INFO] ============================================================
2026-04-27 18:44:20,022 [INFO] STEP 10 — TRAIN/VALIDATION SPLIT
2026-04-27 18:44:20,023 [INFO] ============================================================
2026-04-27 18:44:20,070 [INFO]   Features: (9796, 30)  Labels: 9796
2026-04-27 18:44:20,075 [INFO]   Train: 7836 (pos=350)  Val: 1960 (pos=88)
2026-04-27 18:44:20,080 [INFO]   Feature selection: kept top 20 features from feature_importance.csv
2026-04-27 18:44:20,852 [INFO] STEP 10 COMPLETE
2026-04-27 18:44:20,853 [INFO] <<< Step 10 — Train/val split DONE (0.8s)
2026-04-27 18:44:20,854 [INFO] >>> Step 11 — Model training
2026-04-27 18:44:20,934 [INFO] ============================================================
2026-04-27 18:44:20,934 [INFO] STEP 11 — MODEL TRAINING
2026-04-27 18:44:20,934 [INFO] ============================================================
2026-04-27 18:44:20,986 [INFO]   X_train: (7836, 20)  pos=350
2026-04-27 18:44:21,041 [INFO]   XGBoost added (scale_pos_weight=21.4)
2026-04-27 18:44:21,219 [INFO]   Random undersampling enabled (imbalanced-learn found).
2026-04-27 18:44:21,219 [INFO] 
  [random_forest] CV ...
2026-04-27 18:44:21,935 [INFO]     Fold 1 AUROC=0.9394 AUPRC=0.4323 F1=0.4297 MCC=0.4460
2026-04-27 18:44:22,654 [INFO]     Fold 2 AUROC=0.9258 AUPRC=0.4748 F1=0.4622 MCC=0.4664
2026-04-27 18:44:23,378 [INFO]     Fold 3 AUROC=0.9259 AUPRC=0.4319 F1=0.4083 MCC=0.4113
2026-04-27 18:44:24,092 [INFO]     Fold 4 AUROC=0.9442 AUPRC=0.4203 F1=0.4329 MCC=0.4355
2026-04-27 18:44:24,762 [INFO]     Fold 5 AUROC=0.9393 AUPRC=0.4616 F1=0.4417 MCC=0.4510
2026-04-27 18:44:24,763 [INFO]   [random_forest] AUROC=0.9349±0.0076  AUPRC=0.4442±0.0205  F1=0.4350±0.0175  MCC=0.4420±0.0183
2026-04-27 18:44:24,766 [INFO]   [random_forest] Hyperparameter tuning (RandomizedSearchCV n_iter=50, cv=3, scoring=average_precision) ...
2026-04-27 18:45:45,235 [INFO]   [random_forest] Best params: {'n_estimators': 800, 'min_samples_leaf': 2, 'max_features': 'sqrt', 'max_depth': None}  CV-AUPRC=0.4940
2026-04-27 18:45:45,510 [INFO] 
  [gradient_boosting] CV ...
2026-04-27 18:45:46,036 [INFO]     Fold 1 AUROC=0.9341 AUPRC=0.4030 F1=0.3770 MCC=0.4109
2026-04-27 18:45:46,556 [INFO]     Fold 2 AUROC=0.9274 AUPRC=0.5096 F1=0.3971 MCC=0.4174
2026-04-27 18:45:47,102 [INFO]     Fold 3 AUROC=0.9296 AUPRC=0.4556 F1=0.3738 MCC=0.4023
2026-04-27 18:45:47,615 [INFO]     Fold 4 AUROC=0.9465 AUPRC=0.4522 F1=0.4311 MCC=0.4641
2026-04-27 18:45:48,128 [INFO]     Fold 5 AUROC=0.9397 AUPRC=0.5108 F1=0.3823 MCC=0.4071
2026-04-27 18:45:48,128 [INFO]   [gradient_boosting] AUROC=0.9355±0.0069  AUPRC=0.4662±0.0404  F1=0.3922±0.0210  MCC=0.4204±0.0224
2026-04-27 18:45:48,132 [INFO]   [gradient_boosting] Hyperparameter tuning (RandomizedSearchCV n_iter=50, cv=3, scoring=average_precision) ...
2026-04-27 18:46:17,596 [INFO]   [gradient_boosting] Best params: {'subsample': 0.9, 'n_estimators': 500, 'max_depth': 3, 'learning_rate': 0.01}  CV-AUPRC=0.4895
2026-04-27 18:46:17,693 [INFO] 
  [logistic_regression] CV ...
2026-04-27 18:46:18,184 [INFO]     Fold 1 AUROC=0.9400 AUPRC=0.4362 F1=0.3401 MCC=0.4007
2026-04-27 18:46:18,665 [INFO]     Fold 2 AUROC=0.9207 AUPRC=0.3777 F1=0.3609 MCC=0.3964
2026-04-27 18:46:19,145 [INFO]     Fold 3 AUROC=0.9392 AUPRC=0.4319 F1=0.3567 MCC=0.3984
2026-04-27 18:46:19,601 [INFO]     Fold 4 AUROC=0.9263 AUPRC=0.3153 F1=0.3458 MCC=0.3857
2026-04-27 18:46:20,072 [INFO]     Fold 5 AUROC=0.9346 AUPRC=0.4680 F1=0.3315 MCC=0.3725
2026-04-27 18:46:20,073 [INFO]   [logistic_regression] AUROC=0.9321±0.0075  AUPRC=0.4058±0.0538  F1=0.3470±0.0107  MCC=0.3908±0.0105
2026-04-27 18:46:21,542 [INFO] 
  [extra_trees] CV ...
2026-04-27 18:46:21,965 [INFO]     Fold 1 AUROC=0.9360 AUPRC=0.4496 F1=0.4291 MCC=0.4401
2026-04-27 18:46:22,406 [INFO]     Fold 2 AUROC=0.9209 AUPRC=0.4483 F1=0.4645 MCC=0.4610
2026-04-27 18:46:22,834 [INFO]     Fold 3 AUROC=0.9347 AUPRC=0.4578 F1=0.4416 MCC=0.4457
2026-04-27 18:46:23,273 [INFO]     Fold 4 AUROC=0.9400 AUPRC=0.3991 F1=0.4629 MCC=0.4696
2026-04-27 18:46:23,713 [INFO]     Fold 5 AUROC=0.9320 AUPRC=0.4121 F1=0.4017 MCC=0.4028
2026-04-27 18:46:23,714 [INFO]   [extra_trees] AUROC=0.9327±0.0065  AUPRC=0.4334±0.0233  F1=0.4399±0.0233  MCC=0.4438±0.0230
2026-04-27 18:46:24,401 [INFO] 
  [xgboost] CV ...
2026-04-27 18:46:24,792 [INFO]     Fold 1 AUROC=0.9379 AUPRC=0.4610 F1=0.3196 MCC=0.3786
2026-04-27 18:46:24,926 [INFO]     Fold 2 AUROC=0.9273 AUPRC=0.4561 F1=0.3486 MCC=0.3910
2026-04-27 18:46:25,077 [INFO]     Fold 3 AUROC=0.9228 AUPRC=0.4528 F1=0.3181 MCC=0.3572
2026-04-27 18:46:25,235 [INFO]     Fold 4 AUROC=0.9438 AUPRC=0.4537 F1=0.3779 MCC=0.4291
2026-04-27 18:46:25,387 [INFO]     Fold 5 AUROC=0.9387 AUPRC=0.5178 F1=0.3324 MCC=0.3762
2026-04-27 18:46:25,387 [INFO]   [xgboost] AUROC=0.9341±0.0078  AUPRC=0.4683±0.0249  F1=0.3393±0.0222  MCC=0.3864±0.0239
2026-04-27 18:46:25,393 [INFO]   [xgboost] Hyperparameter tuning (RandomizedSearchCV n_iter=50, cv=3, scoring=average_precision) ...
2026-04-27 18:46:34,667 [INFO]   [xgboost] Best params: {'subsample': 0.9, 'n_estimators': 500, 'max_depth': 5, 'learning_rate': 0.05, 'colsample_bytree': 1.0}  CV-AUPRC=0.4905
2026-04-27 18:46:34,702 [INFO] 
All models trained in 133.7s
2026-04-27 18:46:34,703 [INFO]   Best: xgboost (AUPRC=0.4683)
2026-04-27 18:46:34,718 [INFO]   Best model (xgboost, already calibrated) saved as best_model.joblib
2026-04-27 18:46:34,921 [INFO] STEP 11 COMPLETE
2026-04-27 18:46:34,942 [INFO] <<< Step 11 — Model training DONE (134.1s)
2026-04-27 18:46:34,942 [INFO] >>> Step 12 — Model evaluation
2026-04-27 18:46:34,946 [INFO] ============================================================
2026-04-27 18:46:34,946 [INFO] STEP 12 — MODEL EVALUATION
2026-04-27 18:46:34,946 [INFO] ============================================================
2026-04-27 18:46:34,974 [INFO]   Val: 1960 genes  pos=88
2026-04-27 18:46:35,396 [INFO]   [extra_trees           ] AUROC=0.9287 AUPRC=0.5213 F1@0.50=0.4787 MCC@0.50=0.4536 [oracle F1@0.29=0.5135] R@100=0.5114 P@100=0.4500
2026-04-27 18:46:35,425 [INFO]   [gradient_boosting     ] AUROC=0.9286 AUPRC=0.4609 F1@0.50=0.4221 MCC@0.50=0.4221 [oracle F1@0.33=0.4720] R@100=0.4773 P@100=0.4200
2026-04-27 18:46:35,446 [INFO]   [logistic_regression   ] AUROC=0.9308 AUPRC=0.3725 F1@0.50=0.4378 MCC@0.50=0.4188 [oracle F1@0.19=0.4615] R@100=0.4659 P@100=0.4100
2026-04-27 18:46:35,611 [INFO]   [random_forest         ] AUROC=0.9247 AUPRC=0.4658 F1@0.50=0.4138 MCC@0.50=0.3862 [oracle F1@0.34=0.4828] R@100=0.4545 P@100=0.4000
2026-04-27 18:46:35,639 [INFO]   [xgboost               ] AUROC=0.9196 AUPRC=0.4755 F1@0.50=0.4466 MCC@0.50=0.4216 [oracle F1@0.26=0.4588] R@100=0.4773 P@100=0.4200
2026-04-27 18:46:35,642 [INFO]   Ensemble weights (AUPRC): extra_trees=0.195  gradient_boosting=0.210  logistic_regression=0.183  random_forest=0.200  xgboost=0.211
2026-04-27 18:46:35,665 [INFO]   [ensemble_soft_vote    ] AUROC=0.9366 AUPRC=0.5040 F1@0.50=0.4356 MCC@0.50=0.4140 [oracle F1@0.27=0.5062] R@100=0.5114 P@100=0.4500
2026-04-27 18:46:35,698 [INFO]   Classification reports saved to: C:\Users\rahma\Downloads\gloom updated\trial\outputs\results\classification_reports
2026-04-27 18:46:36,508 [INFO]   Confusion matrix grid saved: eval_confusion_matrices.png
2026-04-27 18:46:36,874 [INFO]   Multi-threshold confusion matrices saved: eval_confusion_multithreshold.png
2026-04-27 18:46:37,133 [INFO] STEP 12 COMPLETE
2026-04-27 18:46:37,150 [INFO] <<< Step 12 — Model evaluation DONE (2.2s)
2026-04-27 18:46:37,150 [INFO] >>> Step 13 — Feature importance
2026-04-27 18:46:37,164 [INFO] ============================================================
2026-04-27 18:46:37,164 [INFO] STEP 13 — FEATURE IMPORTANCE
2026-04-27 18:46:37,164 [INFO] ============================================================
2026-04-27 18:46:37,795 [INFO]   [xgboost] Permutation importance (n_repeats=10) …
2026-04-27 18:46:38,640 [INFO]   Top 5: {'tumor_std': 0.9999999999930593, 'normal_std': 0.21967558457820968, 'neg_log10_padj': 0.12197598483167889, 'normal_skewness': 0.06651780071578013, 'tumor_mean': 0.05091215504493804}
2026-04-27 18:46:38,746 [INFO]   Feature importance shape: (20, 10)
2026-04-27 18:46:38,746 [INFO]   Top feature: tumor_std (1.0000)
2026-04-27 18:46:38,746 [INFO] STEP 13 COMPLETE
2026-04-27 18:46:38,772 [INFO] <<< Step 13 — Feature importance DONE (1.6s)
2026-04-27 18:46:38,772 [INFO] >>> Step 14 — Gene ranking
2026-04-27 18:46:38,775 [INFO] ============================================================
2026-04-27 18:46:38,776 [INFO] STEP 14 — GENE PREDICTION & RANKING
2026-04-27 18:46:38,776 [INFO] ============================================================
2026-04-27 18:46:38,855 [INFO]   Using PU bagging scores from step11b for gene ranking (principled PU learning).
2026-04-27 18:46:38,868 [INFO]   PU bagging scores loaded: 10,986 genes.
2026-04-27 18:46:38,868 [INFO]   Score source: pu_bagging  |  novel threshold: 0.85
2026-04-27 18:46:38,890 [INFO]   Total: 10,986  Novel candidates (prob>=0.85): 219  Sensitivity list (prob>=0.5): 2,074
2026-04-27 18:46:38,890 [INFO]   Median positive (known) rank: 250
2026-04-27 18:46:38,891 [INFO]   Positive (known) in top-50:  50  top-100: 99  top-200: 181  top-500: 317
2026-04-27 18:46:38,891 [INFO]   Recall@50=0.1142  Recall@100=0.2260  Recall@200=0.4132  Recall@500=0.7237
2026-04-27 18:46:38,891 [INFO]   Precision@50=1.0000  Precision@100=0.9900
2026-04-27 18:46:39,288 [INFO]   High-confidence novel candidates saved: 219 genes (prob>=0.85)
2026-04-27 18:46:39,289 [INFO]   Sensitivity novel candidates saved:     2074 genes (prob>=0.5)
2026-04-27 18:46:39,290 [INFO]   Query gene rankings saved: 0 genes
2026-04-27 18:46:39,291 [INFO] STEP 14 COMPLETE
2026-04-27 18:46:39,293 [INFO] <<< Step 14 — Gene ranking DONE (0.5s)
2026-04-27 18:46:39,293 [INFO] >>> Step 15 — Network annotation
2026-04-27 18:46:39,295 [INFO] ============================================================
2026-04-27 18:46:39,296 [INFO] STEP 15 — NETWORK ANNOTATION
2026-04-27 18:46:39,296 [INFO] ============================================================
2026-04-27 18:46:41,122 [INFO]   Graph: 10,986 nodes, 110,508 edges
2026-04-27 18:46:42,158 [INFO]   Positive edges: 108,468  Negative: 2,040
2026-04-27 18:46:47,074 [INFO]   LCGene nodes: 438  Novel: 219
2026-04-27 18:46:47,075 [INFO] STEP 15 COMPLETE
2026-04-27 18:46:47,091 [INFO] <<< Step 15 — Network annotation DONE (7.8s)
2026-04-27 18:46:47,091 [INFO] >>> Step 16 — Network export
2026-04-27 18:46:47,094 [INFO] ============================================================
2026-04-27 18:46:47,094 [INFO] STEP 16 — NETWORK EXPORT
2026-04-27 18:46:47,094 [INFO] ============================================================
2026-04-27 18:46:49,939 [INFO]   Graph: 10,986 nodes, 110,508 edges
2026-04-27 18:46:55,114 [INFO]   GraphML saved: C:\Users\rahma\Downloads\gloom updated\trial\outputs\results\network\exports/network_full.graphml
2026-04-27 18:46:59,238 [INFO]   Full network exports complete.
2026-04-27 18:46:59,261 [INFO]   [top100] 100 nodes, 51 edges
2026-04-27 18:46:59,332 [INFO]   [lcgene] 438 nodes, 925 edges
2026-04-27 18:46:59,365 [INFO]   [novel] 219 nodes, 263 edges
2026-04-27 18:46:59,542 [INFO]   [candidates] 548 nodes, 1584 edges
2026-04-27 18:47:04,158 [INFO] 
  Sub-networks:
2026-04-27 18:47:04,158 [INFO]     top100               nodes=  100  edges=     51
2026-04-27 18:47:04,158 [INFO]     lcgene               nodes=  438  edges=    925
2026-04-27 18:47:04,159 [INFO]     novel                nodes=  219  edges=    263
2026-04-27 18:47:04,159 [INFO]     candidates           nodes=  548  edges=  1,584
2026-04-27 18:47:04,159 [INFO] STEP 16 COMPLETE
2026-04-27 18:47:04,179 [INFO] <<< Step 16 — Network export DONE (17.1s)
2026-04-27 18:47:04,180 [INFO] >>> Step 17 — Visualization
2026-04-27 18:47:04,353 [INFO] ============================================================
2026-04-27 18:47:04,353 [INFO] STEP 17 — INTERACTIVE VISUALIZATION
2026-04-27 18:47:04,353 [INFO] ============================================================
2026-04-27 18:47:04,534 [INFO] [1] Volcano …
2026-04-27 18:47:04,869 [INFO]   Volcano saved: C:\Users\rahma\Downloads\gloom updated\trial\outputs\figures\interactive_volcano.html
2026-04-27 18:47:04,870 [INFO] [2] Ranking …
2026-04-27 18:47:05,089 [INFO]   Ranking plot saved: C:\Users\rahma\Downloads\gloom updated\trial\outputs\figures\interactive_ranking.html
2026-04-27 18:47:05,091 [INFO] [3] Network …
2026-04-27 18:47:05,208 [INFO]   Network plot saved: C:\Users\rahma\Downloads\gloom updated\trial\outputs\figures\interactive_network.html
2026-04-27 18:47:05,209 [INFO] [4] Feature importance …
2026-04-27 18:47:05,482 [INFO]   Feature importance saved: C:\Users\rahma\Downloads\gloom updated\trial\outputs\figures\interactive_feature_importance.html
2026-04-27 18:47:05,482 [INFO] [5] KEGG pathways …
2026-04-27 18:47:05,535 [INFO]   KEGG plot saved: C:\Users\rahma\Downloads\gloom updated\trial\outputs\figures\interactive_kegg.html
2026-04-27 18:47:05,535 [INFO] [6] Dashboard …
2026-04-27 18:47:05,617 [INFO]   Combined dashboard saved: C:\Users\rahma\Downloads\gloom updated\trial\outputs\figures\interactive_dashboard.html
2026-04-27 18:47:05,619 [INFO] STEP 17 COMPLETE
2026-04-27 18:47:05,622 [INFO] <<< Step 17 — Visualization DONE (1.4s)
2026-04-27 18:47:05,623 [INFO] >>> Step 18 — Final report
2026-04-27 18:47:05,625 [INFO] ============================================================
2026-04-27 18:47:05,625 [INFO] STEP 18 — FINAL OUTPUTS & REPORTING
2026-04-27 18:47:05,625 [INFO] ============================================================
2026-04-27 18:47:05,626 [INFO] [1] Building summary table …
2026-04-27 18:47:05,865 [INFO]   Summary table: (10986, 29)
2026-04-27 18:47:05,865 [INFO] [2] Building text report …
2026-04-27 18:47:05,890 [ERROR]   Report failed: 'mcc'
2026-04-27 18:47:05,891 [INFO] [3] Building summary figure …
2026-04-27 18:47:06,636 [INFO]   Summary figure (PNG) saved: C:\Users\rahma\Downloads\gloom updated\trial\outputs\results\reports\pipeline_summary_figure.png
2026-04-27 18:47:07,326 [INFO]   Summary figure (PDF) saved: C:\Users\rahma\Downloads\gloom updated\trial\outputs\results\reports\pipeline_summary_figure.pdf
2026-04-27 18:47:07,328 [INFO] [4] Writing master runner …
2026-04-27 18:47:07,329 [INFO]   Master runner saved: C:\Users\rahma\Downloads\gloom updated\trial\LUAD_ML_Pipeline\run_pipeline.py
2026-04-27 18:47:07,329 [INFO] ============================================================
2026-04-27 18:47:07,330 [INFO] STEP 18 SUMMARY
2026-04-27 18:47:07,330 [INFO] ============================================================
2026-04-27 18:47:07,330 [INFO]   Summary table: C:\Users\rahma\Downloads\gloom updated\trial\outputs\results\reports/pipeline_summary_table.csv
2026-04-27 18:47:07,330 [INFO]   Text report  : C:\Users\rahma\Downloads\gloom updated\trial\outputs\results\reports/pipeline_report.txt
2026-04-27 18:47:07,330 [INFO]   Summary fig  : C:\Users\rahma\Downloads\gloom updated\trial\outputs\results\reports/pipeline_summary_figure.png
2026-04-27 18:47:07,330 [INFO]   Master runner: C:\Users\rahma\Downloads\gloom updated\trial\LUAD_ML_Pipeline\run_pipeline.py
2026-04-27 18:47:07,331 [INFO] 
2026-04-27 18:47:07,331 [INFO]   Key deliverables:
2026-04-27 18:47:07,331 [INFO]     Gene rankings    : C:\Users\rahma\Downloads\gloom updated\trial\outputs\results\gene_rankings.csv
2026-04-27 18:47:07,331 [INFO]     Novel candidates : C:\Users\rahma\Downloads\gloom updated\trial\outputs\results/novel_candidates.csv
2026-04-27 18:47:07,331 [INFO]     Dashboard        : C:\Users\rahma\Downloads\gloom updated\trial\outputs\figures/interactive_dashboard.html
2026-04-27 18:47:07,331 [INFO] STEP 18 COMPLETE
2026-04-27 18:47:07,332 [INFO] <<< Step 18 — Final report DONE (1.7s)
2026-04-27 18:47:07,332 [INFO] ======================================================================
2026-04-27 18:47:07,332 [INFO] EXECUTION SUMMARY
2026-04-27 18:47:07,332 [INFO] ======================================================================
2026-04-27 18:47:07,332 [INFO]   [OK] Step 0  — Config                                  0.0s
2026-04-27 18:47:07,333 [INFO]   [OK] Step 1  — Data loading                           34.6s
2026-04-27 18:47:07,333 [INFO]   [OK] Step 2  — Preprocessing                          30.0s
2026-04-27 18:47:07,333 [INFO]   [OK] Step 3  — Harmonization                          14.1s
2026-04-27 18:47:07,333 [INFO]   [OK] Step 4  — Differential expr                       5.3s
2026-04-27 18:47:07,333 [INFO]   [OK] Step 5  — Expr features                          16.1s
2026-04-27 18:47:07,333 [INFO]   [OK] Step 6  — Co-expr network                         8.9s
2026-04-27 18:47:07,333 [INFO]   [OK] Step 7  — Network features                       88.1s
2026-04-27 18:47:07,333 [INFO]   [OK] Step 8  — Feature integration                     1.2s
2026-04-27 18:47:07,333 [INFO]   [OK] Step 9  — Label construction                      0.2s
2026-04-27 18:47:07,334 [INFO]   [OK] Step 10 — Train/val split                         0.8s
2026-04-27 18:47:07,334 [INFO]   [OK] Step 11 — Model training                        134.1s
2026-04-27 18:47:07,334 [INFO]   [OK] Step 12 — Model evaluation                        2.2s
2026-04-27 18:47:07,334 [INFO]   [OK] Step 13 — Feature importance                      1.6s
2026-04-27 18:47:07,334 [INFO]   [OK] Step 14 — Gene ranking                            0.5s
2026-04-27 18:47:07,334 [INFO]   [OK] Step 15 — Network annotation                      7.8s
2026-04-27 18:47:07,334 [INFO]   [OK] Step 16 — Network export                         17.1s
2026-04-27 18:47:07,335 [INFO]   [OK] Step 17 — Visualization                           1.4s
2026-04-27 18:47:07,335 [INFO]   [OK] Step 18 — Final report                            1.7s
2026-04-27 18:47:07,335 [INFO]   Total: 366.0s (6.1 min)
2026-04-27 18:47:07,335 [INFO]   Pipeline COMPLETE.
2026-04-27 18:47:07,335 [INFO] ======================================================================
2026-04-27 18:59:16,196 [INFO] ======================================================================
2026-04-27 18:59:16,196 [INFO] LUAD ML PIPELINE — FULL RUN
2026-04-27 18:59:16,196 [INFO] ======================================================================
2026-04-27 18:59:16,196 [INFO] >>> Step 0  — Config
2026-04-27 18:59:16,197 [INFO] <<< Step 0  — Config DONE (0.0s)
2026-04-27 18:59:16,197 [INFO] >>> Step 1  — Data loading
2026-04-27 18:59:16,723 [INFO] ============================================================
2026-04-27 18:59:16,723 [INFO] STEP 1 — DATA LOADING
2026-04-27 18:59:16,723 [INFO] ============================================================
2026-04-27 18:59:16,723 [INFO] Loading tumor expression from: C:\Users\rahma\Downloads\gloom updated\trial\data\raw\cBioPortal (RNA Seq Data)\data_mrna_seq_v2_rsem.txt
2026-04-27 18:59:18,467 [INFO]   Raw shape: (20531, 512)
2026-04-27 18:59:18,603 [WARNING]   19 duplicate gene symbols found — keeping highest-mean row.
2026-04-27 18:59:18,735 [INFO]   Final shape: (20512, 510)
2026-04-27 18:59:18,735 [INFO] Loading tumor metadata from: C:\Users\rahma\Downloads\gloom updated\trial\data\raw\cBioPortal (RNA Seq Data)\data_clinical_patient.txt
2026-04-27 18:59:18,752 [INFO]   Raw shape: (566, 38)
2026-04-27 18:59:18,755 [INFO]   Final shape: (566, 35)
2026-04-27 18:59:18,755 [INFO] Loading normal expression from: C:\Users\rahma\Downloads\gloom updated\trial\data\raw\Gtex (normal samples)\gene_tpm_v11_lung.gct.gz
2026-04-27 18:59:18,757 [INFO]   GCT version line : #1.2
2026-04-27 18:59:18,757 [INFO]   GCT dimension line: 74628	604
2026-04-27 18:59:25,342 [INFO]   Raw shape (after preamble skip): (74628, 606)
2026-04-27 18:59:25,663 [WARNING]   1307 duplicate gene symbols — keeping highest-mean row.
2026-04-27 18:59:26,161 [INFO]   Final shape: (73321, 604)
2026-04-27 18:59:26,161 [INFO] Loading normal metadata from: C:\Users\rahma\Downloads\gloom updated\trial\data\raw\Gtex (normal samples)\GTEx_Analysis_v11_Annotations_SampleAttributesDS - LUAD.txt
2026-04-27 18:59:26,182 [INFO]   Raw shape: (1892, 119)  (all assay types)
2026-04-27 18:59:26,192 [INFO]   Retaining 11 QC columns: ['SAMPID', 'SMTS', 'SMTSD', 'SMRIN', 'SMATSSCR', 'SMRDTTL', 'SMMAPRT', 'SMRRNART', 'SMRDLGTH', 'SMNABTCHT', 'SMGEBTCHT']
2026-04-27 18:59:26,193 [INFO]   SMRIN  (RNA integrity) : mean=7.17  min=3.5  max=9.7
2026-04-27 18:59:26,193 [INFO]   SMATSSCR (autolysis)   : {0.0: 43, 1.0: 410, 2.0: 128, 3.0: 10}
2026-04-27 18:59:26,194 [INFO]   SMMAPRT  (map rate)    : mean=0.9836  min=0.8003
2026-04-27 18:59:26,194 [INFO]   Final shape: (604, 10)  (604 RNA-seq samples × 10 QC columns)
2026-04-27 18:59:26,194 [INFO] Loading labeled LUAD gene list from: C:\Users\rahma\Downloads\gloom updated\trial\data\raw\LCGene (Labeled LUAD Data)\LCGene_human_LUAD_filtered.tsv
2026-04-27 18:59:26,199 [INFO]   Raw shape: (517, 10)
2026-04-27 18:59:26,200 [INFO]   Unique labeled LUAD genes loaded: 517
2026-04-27 18:59:26,205 [INFO]   Full LCGene table saved to: C:\Users\rahma\Downloads\gloom updated\trial\data\processed\lcgene_luad_full.csv
2026-04-27 18:59:26,205 [INFO] 
Saving raw-loaded files to processed directory …
2026-04-27 18:59:51,825 [INFO] 
============================================================
2026-04-27 18:59:51,825 [INFO] STEP 1 SUMMARY
2026-04-27 18:59:51,825 [INFO] ============================================================
2026-04-27 18:59:51,826 [INFO]   Tumor expression   :  20512 genes  x  510 samples
2026-04-27 18:59:51,826 [INFO]   Normal expression  :  73321 genes  x  604 samples
2026-04-27 18:59:51,827 [INFO]   Normal metadata    :    604 RNA-seq samples  x  10 QC columns
2026-04-27 18:59:51,827 [INFO]   Labeled LUAD genes :    517 unique gene symbols (LCGene)
2026-04-27 18:59:51,827 [INFO] STEP 1 COMPLETE
2026-04-27 18:59:51,856 [INFO] <<< Step 1  — Data loading DONE (35.7s)
2026-04-27 18:59:51,856 [INFO] >>> Step 2  — Preprocessing
2026-04-27 18:59:53,009 [INFO] ============================================================
2026-04-27 18:59:53,010 [INFO] STEP 2 — DATA PREPROCESSING & QUALITY CONTROL
2026-04-27 18:59:53,010 [INFO] ============================================================
2026-04-27 18:59:57,071 [INFO] 
--- Tumor preprocessing ---
2026-04-27 18:59:57,187 [INFO]   [tumor] Replaced 1463479 zeros and 0 negatives with NaN.
2026-04-27 18:59:57,417 [INFO]   [tumor] log2(x+1) applied. Range: [0.004, 20.450]
2026-04-27 18:59:59,079 [WARNING]   [tumor] No common samples — trying TCGA ID truncation.
2026-04-27 18:59:59,109 [INFO]   [tumor] Retained 510 common samples.
2026-04-27 18:59:59,117 [INFO]   [tumor] Sample count OK: 510 >= 50.
2026-04-27 18:59:59,118 [INFO] 
--- Normal preprocessing ---
2026-04-27 18:59:59,525 [INFO]   [normal] Replaced 21868568 zeros and 0 negatives with NaN.
2026-04-27 19:00:00,534 [INFO]   [normal] log2(x+1) applied. Range: [0.000, 16.393]
2026-04-27 19:00:03,015 [INFO]   [normal] Retained 604 common samples.
2026-04-27 19:00:03,022 [INFO]   [normal] Sample count OK: 604 >= 50.
2026-04-27 19:00:03,022 [INFO] 
Generating QC plots …
2026-04-27 19:00:24,312 [INFO] 
============================================================
2026-04-27 19:00:24,313 [INFO] STEP 2 SUMMARY
2026-04-27 19:00:24,313 [INFO] ============================================================
2026-04-27 19:00:24,313 [INFO]   Tumor  expr :  16570 genes x  510 samples
2026-04-27 19:00:24,314 [INFO]   Normal expr :  21159 genes x  604 samples
2026-04-27 19:00:24,314 [INFO] STEP 2 COMPLETE
2026-04-27 19:00:24,344 [INFO] <<< Step 2  — Preprocessing DONE (32.5s)
2026-04-27 19:00:24,345 [INFO] >>> Step 3  — Harmonization
2026-04-27 19:00:24,348 [INFO] ============================================================
2026-04-27 19:00:24,348 [INFO] STEP 3 — GENE ID HARMONIZATION
2026-04-27 19:00:24,348 [INFO] ============================================================
2026-04-27 19:00:27,078 [WARNING]   [tumor] Dropping 1 invalid symbols.
2026-04-27 19:00:27,124 [INFO]   Common genes: 10986
2026-04-27 19:00:27,130 [INFO]   LCGene retained: 438 / 517 (84.7%)
2026-04-27 19:00:27,131 [WARNING]   LCGene genes lost: ABCB4, AKR1B10, ASCL1, BCL2L14, BPIFA1, BRINP1, BRSK2, C20ORF85, CA9, CASC1, CCKBR, CDX2, CHGA, CHRNA1, CHRNA5, CHRNA9, CLCA2, CLDN2, CSMD1, CYP2C19, CYP2C9, DLK1, DLX5, DPYSL5, DRD2, DSC3, ECE2, ELAVL2, EPHA7, FAM83A, FUT6, FZD9, GABRA3, GATA4, GPR87, HMGA2, HNF4A, HOXB9, IGF2BP3, INSM1, KCNH1, KCNJ3, KIF14, KIF5A, KLK6, KRT81, LEP, LGSN, MAGEA1, MAGEA6, MAGEC1, MMP13, MYO18B, NOV, NR0B1, NR1I2, NRXN1, OPCML, PAEP, PAX5, PITX2, PRAME, PTPRH, RGS17, SCGN, SERPINB4, SERPINB5, T, TERT, TF, TFAP2A, TFAP2B, TRIM31, TRPM8, UGT1A6, VIL1, VTCN1, WISP1, XDH
2026-04-27 19:00:39,488 [INFO]   Common genes: 10986
2026-04-27 19:00:39,488 [INFO] STEP 3 COMPLETE
2026-04-27 19:00:39,493 [INFO] <<< Step 3  — Harmonization DONE (15.1s)
2026-04-27 19:00:39,493 [INFO] >>> Step 4  — Differential expr
2026-04-27 19:00:39,578 [INFO] ============================================================
2026-04-27 19:00:39,578 [INFO] STEP 4 — DIFFERENTIAL EXPRESSION
2026-04-27 19:00:39,579 [INFO] ============================================================
2026-04-27 19:00:41,175 [INFO]   Tumor: (10986, 510)  Normal: (10986, 604)
2026-04-27 19:00:41,276 [INFO]   Running Welch t-test for 10986 genes …
2026-04-27 19:00:44,008 [INFO]   Significant at FDR<=0.001: 10882
2026-04-27 19:00:44,648 [INFO]   Up: 9700  Down: 15  NS: 1271
2026-04-27 19:00:44,648 [INFO] STEP 4 COMPLETE
2026-04-27 19:00:44,654 [INFO] <<< Step 4  — Differential expr DONE (5.2s)
2026-04-27 19:00:44,654 [INFO] >>> Step 5  — Expr features
2026-04-27 19:00:44,657 [INFO] ============================================================
2026-04-27 19:00:44,657 [INFO] STEP 5 — EXPRESSION FEATURE CONSTRUCTION
2026-04-27 19:00:44,657 [INFO] ============================================================
2026-04-27 19:00:46,316 [INFO]   Computing stats for [tumor] ((10986, 510)) …
2026-04-27 19:00:53,258 [INFO]   Computing stats for [normal] ((10986, 604)) …
2026-04-27 19:01:00,210 [INFO]   [expression_features] Validated. Shape: (10986, 29)
2026-04-27 19:01:00,904 [INFO]   Expression features: (10986, 29)
2026-04-27 19:01:00,905 [INFO] STEP 5 COMPLETE
2026-04-27 19:01:00,911 [INFO] <<< Step 5  — Expr features DONE (16.3s)
2026-04-27 19:01:00,911 [INFO] >>> Step 6  — Co-expr network
2026-04-27 19:01:01,123 [INFO] ============================================================
2026-04-27 19:01:01,124 [INFO] STEP 6 — CO-EXPRESSION NETWORK CONSTRUCTION
2026-04-27 19:01:01,124 [INFO] ============================================================
2026-04-27 19:01:01,880 [INFO]   Matrix: 10986 genes x 510 samples | cutoff |r|>=0.6
2026-04-27 19:01:03,045 [INFO]   Chunk 10/22 edges so far: 86,077 (1.1s)
2026-04-27 19:01:03,808 [INFO]   Chunk 20/22 edges so far: 109,749 (1.9s)
2026-04-27 19:01:04,093 [INFO]   Chunk 22/22 edges so far: 110,508 (2.2s)
2026-04-27 19:01:04,144 [INFO]   Total edges: 110,508
2026-04-27 19:01:07,135 [INFO]   Graph: 4,977 nodes, 110,508 edges
2026-04-27 19:01:09,729 [INFO]   Runtime: 2.4s
2026-04-27 19:01:09,730 [INFO] STEP 6 COMPLETE
2026-04-27 19:01:09,734 [INFO] <<< Step 6  — Co-expr network DONE (8.8s)
2026-04-27 19:01:09,735 [INFO] >>> Step 7  — Network features
2026-04-27 19:01:09,739 [INFO] ============================================================
2026-04-27 19:01:09,739 [INFO] STEP 7 — NETWORK FEATURE EXTRACTION
2026-04-27 19:01:09,739 [INFO] ============================================================
2026-04-27 19:01:11,392 [INFO]   Graph: 10,986 nodes, 110,508 edges
2026-04-27 19:01:11,397 [INFO]   Extracting degree features …
2026-04-27 19:01:11,450 [INFO]   Extracting average neighbour degree …
2026-04-27 19:01:11,480 [INFO]   Betweenness centrality (n=10,986) …
2026-04-27 19:01:21,933 [INFO]   Closeness centrality …
2026-04-27 19:02:16,854 [INFO]   Eigenvector centrality …
2026-04-27 19:02:18,677 [INFO]   Clustering coefficient …
2026-04-27 19:02:35,504 [INFO]   Edge weight statistics …
2026-04-27 19:02:35,711 [INFO]   Component features …
2026-04-27 19:02:35,742 [INFO]   All features extracted in 84.3s
2026-04-27 19:02:36,710 [INFO]   Network features: (10986, 13)
2026-04-27 19:02:36,710 [INFO] STEP 7 COMPLETE
2026-04-27 19:02:36,711 [INFO] <<< Step 7  — Network features DONE (87.0s)
2026-04-27 19:02:36,711 [INFO] >>> Step 8  — Feature integration
2026-04-27 19:02:36,968 [INFO] ============================================================
2026-04-27 19:02:36,969 [INFO] STEP 8 — FEATURE INTEGRATION
2026-04-27 19:02:36,969 [INFO] ============================================================
2026-04-27 19:02:37,030 [INFO]   Expression: (10986, 29)  Network: (10986, 13)
2026-04-27 19:02:37,035 [INFO]   Concatenated: (10986, 42)
2026-04-27 19:02:37,041 [INFO]   Removed 21 collinear features: ['weighted_degree', 'component_size', 'min_edge_weight', 'tumor_median', 'normal_median', 't_stat', 'tumor_iqr_rank', 'tumor_mean_rank', 'cohens_d_rank', 'abs_log2fc_rank', 'neg_log10_padj_rank', 'betweenness_centrality', 'clustering_coefficient', 'max_edge_weight', 'std_edge_weight', 'in_largest_component', 'log2fc', 'iqr_ratio', 'std_ratio', 'tumor_kurtosis', 'normal_kurtosis']
2026-04-27 19:02:37,041 [INFO]   Features after collinearity removal: 21
2026-04-27 19:02:37,056 [INFO]   Highly correlated pairs (|r|>=0.95): 2
2026-04-27 19:02:37,397 [INFO]   Differential network features added: 9 columns (coverage: 10,986/10,986 genes)
2026-04-27 19:02:37,958 [INFO]   Integrated features: (10986, 30)
2026-04-27 19:02:37,958 [INFO] STEP 8 COMPLETE
2026-04-27 19:02:37,959 [INFO] <<< Step 8  — Feature integration DONE (1.2s)
2026-04-27 19:02:37,960 [INFO] >>> Step 9  — Label construction
2026-04-27 19:02:37,962 [INFO] ============================================================
2026-04-27 19:02:37,962 [INFO] STEP 9 — LABEL CONSTRUCTION
2026-04-27 19:02:37,962 [INFO] ============================================================
2026-04-27 19:02:38,021 [INFO]   LCGene symbols: 517
2026-04-27 19:02:38,027 [INFO]   Universe trimming: removing 1190 noisy unlabeled genes (non-expressed + no DE signal)
2026-04-27 19:02:38,030 [INFO]   Total: 9796  Positive (known LCGene): 438 (4.47%)  Unlabeled: 9358
2026-04-27 19:02:38,031 [INFO]   [PU framing] Negatives are UNLABELED — not confirmed non-cancer genes.
2026-04-27 19:02:38,205 [INFO]   LCGene genes unmatched: 79
2026-04-27 19:02:38,206 [INFO] STEP 9 COMPLETE
2026-04-27 19:02:38,207 [INFO] <<< Step 9  — Label construction DONE (0.2s)
2026-04-27 19:02:38,207 [INFO] >>> Step 10 — Train/val split
2026-04-27 19:02:38,209 [INFO] ============================================================
2026-04-27 19:02:38,209 [INFO] STEP 10 — TRAIN/VALIDATION SPLIT
2026-04-27 19:02:38,209 [INFO] ============================================================
2026-04-27 19:02:38,260 [INFO]   Features: (9796, 30)  Labels: 9796
2026-04-27 19:02:38,265 [INFO]   Train: 7836 (pos=350)  Val: 1960 (pos=88)
2026-04-27 19:02:38,269 [INFO]   Feature selection: kept top 20 features from feature_importance.csv
2026-04-27 19:02:39,049 [INFO] STEP 10 COMPLETE
2026-04-27 19:02:39,050 [INFO] <<< Step 10 — Train/val split DONE (0.8s)
2026-04-27 19:02:39,050 [INFO] >>> Step 11 — Model training
2026-04-27 19:02:39,145 [INFO] ============================================================
2026-04-27 19:02:39,145 [INFO] STEP 11 — MODEL TRAINING
2026-04-27 19:02:39,145 [INFO] ============================================================
2026-04-27 19:02:39,202 [INFO]   X_train: (7836, 20)  pos=350
2026-04-27 19:02:39,253 [INFO]   XGBoost added (scale_pos_weight=21.4)
2026-04-27 19:02:39,420 [INFO]   Random undersampling enabled (imbalanced-learn found).
2026-04-27 19:02:39,420 [INFO] 
  [random_forest] CV ...
2026-04-27 19:02:40,084 [INFO]     Fold 1 AUROC=0.9394 AUPRC=0.4305 F1=0.4231 MCC=0.4402
2026-04-27 19:02:40,741 [INFO]     Fold 2 AUROC=0.9276 AUPRC=0.4426 F1=0.4414 MCC=0.4406
2026-04-27 19:02:41,399 [INFO]     Fold 3 AUROC=0.9254 AUPRC=0.4591 F1=0.4167 MCC=0.4212
2026-04-27 19:02:42,057 [INFO]     Fold 4 AUROC=0.9440 AUPRC=0.4103 F1=0.4292 MCC=0.4323
2026-04-27 19:02:42,705 [INFO]     Fold 5 AUROC=0.9391 AUPRC=0.4485 F1=0.4309 MCC=0.4416
2026-04-27 19:02:42,705 [INFO]   [random_forest] AUROC=0.9351±0.0073  AUPRC=0.4382±0.0167  F1=0.4283±0.0083  MCC=0.4352±0.0077
2026-04-27 19:02:42,709 [INFO]   [random_forest] Hyperparameter tuning (RandomizedSearchCV n_iter=50, cv=3, scoring=average_precision) ...
2026-04-27 19:04:07,279 [INFO]   [random_forest] Best params: {'n_estimators': 500, 'min_samples_leaf': 2, 'max_features': 'sqrt', 'max_depth': None}  CV-AUPRC=0.4892
2026-04-27 19:04:07,682 [INFO] 
  [gradient_boosting] CV ...
2026-04-27 19:04:08,730 [INFO]     Fold 1 AUROC=0.9372 AUPRC=0.4106 F1=0.3975 MCC=0.4435
2026-04-27 19:04:09,654 [INFO]     Fold 2 AUROC=0.9323 AUPRC=0.4783 F1=0.4270 MCC=0.4491
2026-04-27 19:04:10,728 [INFO]     Fold 3 AUROC=0.9343 AUPRC=0.4733 F1=0.3880 MCC=0.4178
2026-04-27 19:04:11,704 [INFO]     Fold 4 AUROC=0.9454 AUPRC=0.4632 F1=0.4152 MCC=0.4474
2026-04-27 19:04:12,684 [INFO]     Fold 5 AUROC=0.9438 AUPRC=0.5166 F1=0.3679 MCC=0.3915
2026-04-27 19:04:12,684 [INFO]   [gradient_boosting] AUROC=0.9386±0.0052  AUPRC=0.4684±0.0341  F1=0.3991±0.0207  MCC=0.4299±0.0223
2026-04-27 19:04:12,684 [INFO]   [gradient_boosting] Hyperparameter tuning (RandomizedSearchCV n_iter=50, cv=3, scoring=average_precision) ...
2026-04-27 19:04:46,414 [INFO]   [gradient_boosting] Best params: {'subsample': 0.9, 'n_estimators': 500, 'max_depth': 3, 'learning_rate': 0.01}  CV-AUPRC=0.4866
2026-04-27 19:04:46,510 [INFO] 
  [logistic_regression] CV ...
2026-04-27 19:04:48,112 [INFO]     Fold 1 AUROC=0.8204 AUPRC=0.1233 F1=0.1222 MCC=0.1433
2026-04-27 19:04:49,829 [INFO]     Fold 2 AUROC=0.7819 AUPRC=0.2641 F1=0.1349 MCC=0.1516
2026-04-27 19:04:51,677 [INFO]     Fold 3 AUROC=0.8264 AUPRC=0.1251 F1=0.1288 MCC=0.1590
2026-04-27 19:04:53,327 [INFO]     Fold 4 AUROC=0.8006 AUPRC=0.2726 F1=0.1347 MCC=0.1537
2026-04-27 19:04:54,945 [INFO]     Fold 5 AUROC=0.7711 AUPRC=0.2537 F1=0.1284 MCC=0.1372
2026-04-27 19:04:54,945 [INFO]   [logistic_regression] AUROC=0.8001±0.0213  AUPRC=0.2077±0.0685  F1=0.1298±0.0047  MCC=0.1490±0.0078
2026-04-27 19:05:04,528 [INFO] 
  [extra_trees] CV ...
2026-04-27 19:05:05,346 [INFO]     Fold 1 AUROC=0.9358 AUPRC=0.4571 F1=0.4269 MCC=0.4408
2026-04-27 19:05:06,113 [INFO]     Fold 2 AUROC=0.9198 AUPRC=0.4466 F1=0.4434 MCC=0.4375
2026-04-27 19:05:06,785 [INFO]     Fold 3 AUROC=0.9344 AUPRC=0.4800 F1=0.4370 MCC=0.4443
2026-04-27 19:05:07,529 [INFO]     Fold 4 AUROC=0.9388 AUPRC=0.4038 F1=0.4541 MCC=0.4593
2026-04-27 19:05:08,209 [INFO]     Fold 5 AUROC=0.9317 AUPRC=0.4155 F1=0.4149 MCC=0.4197
2026-04-27 19:05:08,209 [INFO]   [extra_trees] AUROC=0.9321±0.0065  AUPRC=0.4406±0.0277  F1=0.4353±0.0135  MCC=0.4403±0.0127
2026-04-27 19:05:09,346 [INFO] 
  [xgboost] CV ...
2026-04-27 19:05:10,235 [INFO]     Fold 1 AUROC=0.9396 AUPRC=0.4750 F1=0.3275 MCC=0.3861
2026-04-27 19:05:10,440 [INFO]     Fold 2 AUROC=0.9281 AUPRC=0.4817 F1=0.3642 MCC=0.4109
2026-04-27 19:05:10,659 [INFO]     Fold 3 AUROC=0.9241 AUPRC=0.4767 F1=0.3147 MCC=0.3540
2026-04-27 19:05:10,855 [INFO]     Fold 4 AUROC=0.9434 AUPRC=0.4379 F1=0.3706 MCC=0.4167
2026-04-27 19:05:11,069 [INFO]     Fold 5 AUROC=0.9380 AUPRC=0.5257 F1=0.3224 MCC=0.3613
2026-04-27 19:05:11,069 [INFO]   [xgboost] AUROC=0.9346±0.0073  AUPRC=0.4794±0.0279  F1=0.3399±0.0229  MCC=0.3858±0.0253
2026-04-27 19:05:11,075 [INFO]   [xgboost] Hyperparameter tuning (RandomizedSearchCV n_iter=50, cv=3, scoring=average_precision) ...
2026-04-27 19:05:20,770 [INFO]   [xgboost] Best params: {'subsample': 0.8, 'n_estimators': 200, 'max_depth': 5, 'learning_rate': 0.05, 'colsample_bytree': 0.8}  CV-AUPRC=0.4871
2026-04-27 19:05:20,789 [INFO] 
All models trained in 161.5s
2026-04-27 19:05:20,789 [INFO]   Best: xgboost (AUPRC=0.4794)
2026-04-27 19:05:20,803 [INFO]   Best model (xgboost, already calibrated) saved as best_model.joblib
2026-04-27 19:05:21,043 [INFO] STEP 11 COMPLETE
2026-04-27 19:05:21,069 [INFO] <<< Step 11 — Model training DONE (162.0s)
2026-04-27 19:05:21,069 [INFO] >>> Step 12 — Model evaluation
2026-04-27 19:05:21,069 [INFO] ============================================================
2026-04-27 19:05:21,069 [INFO] STEP 12 — MODEL EVALUATION
2026-04-27 19:05:21,069 [INFO] ============================================================
2026-04-27 19:05:21,100 [INFO]   Val: 1960 genes  pos=88
2026-04-27 19:05:21,690 [INFO]   [extra_trees           ] AUROC=0.9280 AUPRC=0.5159 F1@0.50=0.4865 MCC@0.50=0.4617 [oracle F1@0.21=0.5000] R@100=0.5227 P@100=0.4600
2026-04-27 19:05:21,739 [INFO]   [gradient_boosting     ] AUROC=0.9278 AUPRC=0.4549 F1@0.50=0.4070 MCC@0.50=0.4028 [oracle F1@0.26=0.4694] R@100=0.4886 P@100=0.4300
2026-04-27 19:05:21,772 [INFO]   [logistic_regression   ] AUROC=0.8617 AUPRC=0.3940 F1@0.50=0.3670 MCC@0.50=0.3382 [oracle F1@0.19=0.4153] R@100=0.4318 P@100=0.3800
2026-04-27 19:05:21,919 [INFO]   [random_forest         ] AUROC=0.9250 AUPRC=0.4547 F1@0.50=0.4195 MCC@0.50=0.3925 [oracle F1@0.31=0.4762] R@100=0.4432 P@100=0.3900
2026-04-27 19:05:21,951 [INFO]   [xgboost               ] AUROC=0.9265 AUPRC=0.4631 F1@0.50=0.4331 MCC@0.50=0.4207 [oracle F1@0.32=0.4545] R@100=0.4659 P@100=0.4100
2026-04-27 19:05:21,960 [INFO]   Ensemble weights (AUPRC): extra_trees=0.217  gradient_boosting=0.230  logistic_regression=0.102  random_forest=0.215  xgboost=0.236
2026-04-27 19:05:21,992 [INFO]   [ensemble_soft_vote    ] AUROC=0.9329 AUPRC=0.5089 F1@0.50=0.4549 MCC@0.50=0.4376 [oracle F1@0.29=0.5032] R@100=0.4886 P@100=0.4300
2026-04-27 19:05:22,019 [INFO]   Classification reports saved to: C:\Users\rahma\Downloads\gloom updated\trial\outputs\results\classification_reports
2026-04-27 19:05:23,282 [INFO]   Confusion matrix grid saved: eval_confusion_matrices.png
2026-04-27 19:05:24,065 [INFO]   Multi-threshold confusion matrices saved: eval_confusion_multithreshold.png
2026-04-27 19:05:24,487 [INFO] STEP 12 COMPLETE
2026-04-27 19:05:24,521 [INFO] <<< Step 12 — Model evaluation DONE (3.5s)
2026-04-27 19:05:24,521 [INFO] >>> Step 13 — Feature importance
2026-04-27 19:05:24,528 [INFO] ============================================================
2026-04-27 19:05:24,528 [INFO] STEP 13 — FEATURE IMPORTANCE
2026-04-27 19:05:24,528 [INFO] ============================================================
2026-04-27 19:05:25,273 [INFO]   [xgboost] Permutation importance (n_repeats=10) …
2026-04-27 19:05:25,829 [INFO]   Top 5: {'tumor_std': 0.9999999999906625, 'normal_std': 0.13089944480692572, 'neg_log10_padj': 0.10846504615161179, 'tumor_mean': 0.07651955074449997, 'tumor_cv': 0.07369682953925834}
2026-04-27 19:05:26,058 [INFO]   Feature importance shape: (20, 10)
2026-04-27 19:05:26,058 [INFO]   Top feature: tumor_std (0.8396)
2026-04-27 19:05:26,058 [INFO] STEP 13 COMPLETE
2026-04-27 19:05:26,098 [INFO] <<< Step 13 — Feature importance DONE (1.6s)
2026-04-27 19:05:26,099 [INFO] >>> Step 14 — Gene ranking
2026-04-27 19:05:26,148 [INFO] ============================================================
2026-04-27 19:05:26,148 [INFO] STEP 14 — GENE PREDICTION & RANKING
2026-04-27 19:05:26,148 [INFO] ============================================================
2026-04-27 19:05:26,733 [INFO]   [extra_trees] scored 10,986 genes (cv_auprc=0.4406)
2026-04-27 19:05:26,846 [INFO]   [gradient_boosting] scored 10,986 genes (cv_auprc=0.4684)
2026-04-27 19:05:26,846 [INFO]   [logistic_regression] scored 10,986 genes (cv_auprc=0.2077)
2026-04-27 19:05:27,235 [INFO]   [random_forest] scored 10,986 genes (cv_auprc=0.4382)
2026-04-27 19:05:27,255 [INFO]   [xgboost] scored 10,986 genes (cv_auprc=0.4794)
2026-04-27 19:05:27,256 [INFO]   Ensemble weights: extra_trees=0.217  gradient_boosting=0.230  logistic_regression=0.102  random_forest=0.215  xgboost=0.236
2026-04-27 19:05:27,256 [INFO]   Score source: ensemble_classifier (5 models)  |  novel threshold: 0.85
2026-04-27 19:05:27,256 [INFO]   Score source: ensemble_classifier (5 models)  |  novel threshold: 0.85
2026-04-27 19:05:27,295 [INFO]   Total: 10,986  Novel candidates (prob>=0.85): 0  Sensitivity list (prob>=0.5): 323
2026-04-27 19:05:27,295 [INFO]   Median positive (known) rank: 477
2026-04-27 19:05:27,295 [INFO]   Positive (known) in top-50:  21  top-100: 34  top-200: 58  top-500: 238
2026-04-27 19:05:27,295 [INFO]   Recall@50=0.0479  Recall@100=0.0776  Recall@200=0.1324  Recall@500=0.5434
2026-04-27 19:05:27,295 [INFO]   Precision@50=0.4200  Precision@100=0.3400
2026-04-27 19:05:27,957 [INFO]   High-confidence novel candidates saved: 0 genes (prob>=0.85)
2026-04-27 19:05:27,957 [INFO]   Sensitivity novel candidates saved:     323 genes (prob>=0.5)
2026-04-27 19:05:27,957 [INFO]   Query gene rankings saved: 0 genes
2026-04-27 19:05:28,008 [INFO] STEP 14 COMPLETE
2026-04-27 19:05:28,013 [INFO] <<< Step 14 — Gene ranking DONE (1.9s)
2026-04-27 19:05:28,013 [INFO] >>> Step 15 — Network annotation
2026-04-27 19:05:28,013 [INFO] ============================================================
2026-04-27 19:05:28,013 [INFO] STEP 15 — NETWORK ANNOTATION
2026-04-27 19:05:28,013 [INFO] ============================================================
2026-04-27 19:05:30,997 [INFO]   Graph: 10,986 nodes, 110,508 edges
2026-04-27 19:05:32,760 [INFO]   Positive edges: 108,468  Negative: 2,040
2026-04-27 19:05:41,024 [INFO]   LCGene nodes: 438  Novel: 0
2026-04-27 19:05:41,024 [INFO] STEP 15 COMPLETE
2026-04-27 19:05:41,045 [INFO] <<< Step 15 — Network annotation DONE (13.0s)
2026-04-27 19:05:41,045 [INFO] >>> Step 16 — Network export
2026-04-27 19:05:41,064 [INFO] ============================================================
2026-04-27 19:05:41,064 [INFO] STEP 16 — NETWORK EXPORT
2026-04-27 19:05:41,064 [INFO] ============================================================
2026-04-27 19:05:45,412 [INFO]   Graph: 10,986 nodes, 110,508 edges
2026-04-27 19:05:54,305 [INFO]   GraphML saved: C:\Users\rahma\Downloads\gloom updated\trial\outputs\results\network\exports/network_full.graphml
2026-04-27 19:06:01,559 [INFO]   Full network exports complete.
2026-04-27 19:06:01,600 [INFO]   [top100] 100 nodes, 33 edges
2026-04-27 19:06:01,722 [INFO]   [lcgene] 438 nodes, 925 edges
2026-04-27 19:06:09,034 [INFO] 
  Sub-networks:
2026-04-27 19:06:09,034 [INFO]     top100               nodes=  100  edges=     33
2026-04-27 19:06:09,034 [INFO]     lcgene               nodes=  438  edges=    925
2026-04-27 19:06:09,038 [INFO]     novel                nodes=    0  edges=      0
2026-04-27 19:06:09,038 [INFO]     candidates           nodes=    0  edges=      0
2026-04-27 19:06:09,038 [INFO] STEP 16 COMPLETE
2026-04-27 19:06:09,071 [INFO] <<< Step 16 — Network export DONE (28.0s)
2026-04-27 19:06:09,071 [INFO] >>> Step 17 — Visualization
2026-04-27 19:06:09,308 [INFO] ============================================================
2026-04-27 19:06:09,316 [INFO] STEP 17 — INTERACTIVE VISUALIZATION
2026-04-27 19:06:09,316 [INFO] ============================================================
2026-04-27 19:06:09,603 [INFO] [1] Volcano …
2026-04-27 19:06:10,515 [INFO]   Volcano saved: C:\Users\rahma\Downloads\gloom updated\trial\outputs\figures\interactive_volcano.html
2026-04-27 19:06:10,524 [INFO] [2] Ranking …
2026-04-27 19:06:10,895 [INFO]   Ranking plot saved: C:\Users\rahma\Downloads\gloom updated\trial\outputs\figures\interactive_ranking.html
2026-04-27 19:06:10,896 [INFO] [3] Network …
2026-04-27 19:06:11,077 [INFO]   Network plot saved: C:\Users\rahma\Downloads\gloom updated\trial\outputs\figures\interactive_network.html
2026-04-27 19:06:11,077 [INFO] [4] Feature importance …
2026-04-27 19:06:11,133 [INFO]   Feature importance saved: C:\Users\rahma\Downloads\gloom updated\trial\outputs\figures\interactive_feature_importance.html
2026-04-27 19:06:11,133 [INFO] [5] KEGG pathways …
2026-04-27 19:06:11,207 [INFO]   KEGG plot saved: C:\Users\rahma\Downloads\gloom updated\trial\outputs\figures\interactive_kegg.html
2026-04-27 19:06:11,207 [INFO] [6] Dashboard …
2026-04-27 19:06:11,339 [INFO]   Combined dashboard saved: C:\Users\rahma\Downloads\gloom updated\trial\outputs\figures\interactive_dashboard.html
2026-04-27 19:06:11,347 [INFO] STEP 17 COMPLETE
2026-04-27 19:06:11,355 [INFO] <<< Step 17 — Visualization DONE (2.3s)
2026-04-27 19:06:11,355 [INFO] >>> Step 18 — Final report
2026-04-27 19:06:11,355 [INFO] ============================================================
2026-04-27 19:06:11,355 [INFO] STEP 18 — FINAL OUTPUTS & REPORTING
2026-04-27 19:06:11,355 [INFO] ============================================================
2026-04-27 19:06:11,355 [INFO] [1] Building summary table …
2026-04-27 19:06:11,780 [INFO]   Summary table: (10986, 29)
2026-04-27 19:06:11,780 [INFO] [2] Building text report …
2026-04-27 19:06:11,821 [ERROR]   Report failed: 'mcc'
2026-04-27 19:06:11,821 [INFO] [3] Building summary figure …
2026-04-27 19:06:12,956 [INFO]   Summary figure (PNG) saved: C:\Users\rahma\Downloads\gloom updated\trial\outputs\results\reports\pipeline_summary_figure.png
2026-04-27 19:06:14,044 [INFO]   Summary figure (PDF) saved: C:\Users\rahma\Downloads\gloom updated\trial\outputs\results\reports\pipeline_summary_figure.pdf
2026-04-27 19:06:14,044 [INFO] [4] Writing master runner …
2026-04-27 19:06:14,044 [INFO]   Master runner saved: C:\Users\rahma\Downloads\gloom updated\trial\LUAD_ML_Pipeline\run_pipeline.py
2026-04-27 19:06:14,044 [INFO] ============================================================
2026-04-27 19:06:14,044 [INFO] STEP 18 SUMMARY
2026-04-27 19:06:14,044 [INFO] ============================================================
2026-04-27 19:06:14,044 [INFO]   Summary table: C:\Users\rahma\Downloads\gloom updated\trial\outputs\results\reports/pipeline_summary_table.csv
2026-04-27 19:06:14,044 [INFO]   Text report  : C:\Users\rahma\Downloads\gloom updated\trial\outputs\results\reports/pipeline_report.txt
2026-04-27 19:06:14,044 [INFO]   Summary fig  : C:\Users\rahma\Downloads\gloom updated\trial\outputs\results\reports/pipeline_summary_figure.png
2026-04-27 19:06:14,053 [INFO]   Master runner: C:\Users\rahma\Downloads\gloom updated\trial\LUAD_ML_Pipeline\run_pipeline.py
2026-04-27 19:06:14,053 [INFO] 
2026-04-27 19:06:14,053 [INFO]   Key deliverables:
2026-04-27 19:06:14,053 [INFO]     Gene rankings    : C:\Users\rahma\Downloads\gloom updated\trial\outputs\results\gene_rankings.csv
2026-04-27 19:06:14,053 [INFO]     Novel candidates : C:\Users\rahma\Downloads\gloom updated\trial\outputs\results/novel_candidates.csv
2026-04-27 19:06:14,053 [INFO]     Dashboard        : C:\Users\rahma\Downloads\gloom updated\trial\outputs\figures/interactive_dashboard.html
2026-04-27 19:06:14,053 [INFO] STEP 18 COMPLETE
2026-04-27 19:06:14,053 [INFO] <<< Step 18 — Final report DONE (2.7s)
2026-04-27 19:06:14,053 [INFO] ======================================================================
2026-04-27 19:06:14,053 [INFO] EXECUTION SUMMARY
2026-04-27 19:06:14,053 [INFO] ======================================================================
2026-04-27 19:06:14,053 [INFO]   [OK] Step 0  — Config                                  0.0s
2026-04-27 19:06:14,053 [INFO]   [OK] Step 1  — Data loading                           35.7s
2026-04-27 19:06:14,053 [INFO]   [OK] Step 2  — Preprocessing                          32.5s
2026-04-27 19:06:14,053 [INFO]   [OK] Step 3  — Harmonization                          15.1s
2026-04-27 19:06:14,053 [INFO]   [OK] Step 4  — Differential expr                       5.2s
2026-04-27 19:06:14,053 [INFO]   [OK] Step 5  — Expr features                          16.3s
2026-04-27 19:06:14,053 [INFO]   [OK] Step 6  — Co-expr network                         8.8s
2026-04-27 19:06:14,053 [INFO]   [OK] Step 7  — Network features                       87.0s
2026-04-27 19:06:14,053 [INFO]   [OK] Step 8  — Feature integration                     1.2s
2026-04-27 19:06:14,053 [INFO]   [OK] Step 9  — Label construction                      0.2s
2026-04-27 19:06:14,053 [INFO]   [OK] Step 10 — Train/val split                         0.8s
2026-04-27 19:06:14,053 [INFO]   [OK] Step 11 — Model training                        162.0s
2026-04-27 19:06:14,053 [INFO]   [OK] Step 12 — Model evaluation                        3.5s
2026-04-27 19:06:14,053 [INFO]   [OK] Step 13 — Feature importance                      1.6s
2026-04-27 19:06:14,053 [INFO]   [OK] Step 14 — Gene ranking                            1.9s
2026-04-27 19:06:14,053 [INFO]   [OK] Step 15 — Network annotation                     13.0s
2026-04-27 19:06:14,053 [INFO]   [OK] Step 16 — Network export                         28.0s
2026-04-27 19:06:14,053 [INFO]   [OK] Step 17 — Visualization                           2.3s
2026-04-27 19:06:14,053 [INFO]   [OK] Step 18 — Final report                            2.7s
2026-04-27 19:06:14,053 [INFO]   Total: 417.9s (7.0 min)
2026-04-27 19:06:14,053 [INFO]   Pipeline COMPLETE.
2026-04-27 19:06:14,053 [INFO] ======================================================================
2026-04-27 19:17:50,208 [INFO] ======================================================================
2026-04-27 19:17:50,208 [INFO] LUAD ML PIPELINE — FULL RUN
2026-04-27 19:17:50,208 [INFO] ======================================================================
2026-04-27 19:17:50,208 [INFO] >>> Step 0  — Config
2026-04-27 19:17:50,208 [INFO] <<< Step 0  — Config DONE (0.0s)
2026-04-27 19:17:50,208 [INFO] >>> Step 1  — Data loading
2026-04-27 19:17:51,018 [INFO] ============================================================
2026-04-27 19:17:51,018 [INFO] STEP 1 — DATA LOADING
2026-04-27 19:17:51,026 [INFO] ============================================================
2026-04-27 19:17:51,026 [INFO] Loading tumor expression from: C:\Users\rahma\Downloads\gloom updated\trial\data\raw\cBioPortal (RNA Seq Data)\data_mrna_seq_v2_rsem.txt
2026-04-27 19:17:53,949 [INFO]   Raw shape: (20531, 512)
2026-04-27 19:17:54,137 [WARNING]   19 duplicate gene symbols found — keeping highest-mean row.
2026-04-27 19:17:54,351 [INFO]   Final shape: (20512, 510)
2026-04-27 19:17:54,351 [INFO] Loading tumor metadata from: C:\Users\rahma\Downloads\gloom updated\trial\data\raw\cBioPortal (RNA Seq Data)\data_clinical_patient.txt
2026-04-27 19:17:54,375 [INFO]   Raw shape: (566, 38)
2026-04-27 19:17:54,382 [INFO]   Final shape: (566, 35)
2026-04-27 19:17:54,382 [INFO] Loading normal expression from: C:\Users\rahma\Downloads\gloom updated\trial\data\raw\Gtex (normal samples)\gene_tpm_v11_lung.gct.gz
2026-04-27 19:17:54,382 [INFO]   GCT version line : #1.2
2026-04-27 19:17:54,382 [INFO]   GCT dimension line: 74628	604
2026-04-27 19:18:07,450 [INFO]   Raw shape (after preamble skip): (74628, 606)
2026-04-27 19:18:07,975 [WARNING]   1307 duplicate gene symbols — keeping highest-mean row.
2026-04-27 19:18:08,860 [INFO]   Final shape: (73321, 604)
2026-04-27 19:18:08,860 [INFO] Loading normal metadata from: C:\Users\rahma\Downloads\gloom updated\trial\data\raw\Gtex (normal samples)\GTEx_Analysis_v11_Annotations_SampleAttributesDS - LUAD.txt
2026-04-27 19:18:08,900 [INFO]   Raw shape: (1892, 119)  (all assay types)
2026-04-27 19:18:08,908 [INFO]   Retaining 11 QC columns: ['SAMPID', 'SMTS', 'SMTSD', 'SMRIN', 'SMATSSCR', 'SMRDTTL', 'SMMAPRT', 'SMRRNART', 'SMRDLGTH', 'SMNABTCHT', 'SMGEBTCHT']
2026-04-27 19:18:08,908 [INFO]   SMRIN  (RNA integrity) : mean=7.17  min=3.5  max=9.7
2026-04-27 19:18:08,916 [INFO]   SMATSSCR (autolysis)   : {0.0: 43, 1.0: 410, 2.0: 128, 3.0: 10}
2026-04-27 19:18:08,916 [INFO]   SMMAPRT  (map rate)    : mean=0.9836  min=0.8003
2026-04-27 19:18:08,916 [INFO]   Final shape: (604, 10)  (604 RNA-seq samples × 10 QC columns)
2026-04-27 19:18:08,916 [INFO] Loading labeled LUAD gene list from: C:\Users\rahma\Downloads\gloom updated\trial\data\raw\LCGene (Labeled LUAD Data)\LCGene_human_LUAD_filtered.tsv
2026-04-27 19:18:08,924 [INFO]   Raw shape: (517, 10)
2026-04-27 19:18:08,924 [INFO]   Unique labeled LUAD genes loaded: 517
2026-04-27 19:18:08,936 [INFO]   Full LCGene table saved to: C:\Users\rahma\Downloads\gloom updated\trial\data\processed\lcgene_luad_full.csv
2026-04-27 19:18:08,940 [INFO] 
Saving raw-loaded files to processed directory …
2026-04-27 19:20:10,266 [INFO] 
============================================================
2026-04-27 19:20:10,267 [INFO] STEP 1 SUMMARY
2026-04-27 19:20:10,267 [INFO] ============================================================
2026-04-27 19:20:10,267 [INFO]   Tumor expression   :  20512 genes  x  510 samples
2026-04-27 19:20:10,268 [INFO]   Normal expression  :  73321 genes  x  604 samples
2026-04-27 19:20:10,268 [INFO]   Normal metadata    :    604 RNA-seq samples  x  10 QC columns
2026-04-27 19:20:10,269 [INFO]   Labeled LUAD genes :    517 unique gene symbols (LCGene)
2026-04-27 19:20:10,269 [INFO] STEP 1 COMPLETE
2026-04-27 19:20:10,358 [INFO] <<< Step 1  — Data loading DONE (140.2s)
2026-04-27 19:20:10,358 [INFO] >>> Step 2  — Preprocessing
2026-04-27 19:20:15,722 [INFO] ============================================================
2026-04-27 19:20:15,722 [INFO] STEP 2 — DATA PREPROCESSING & QUALITY CONTROL
2026-04-27 19:20:15,722 [INFO] ============================================================
2026-04-27 19:20:34,964 [INFO] 
--- Tumor preprocessing ---
2026-04-27 19:20:35,298 [INFO]   [tumor] Replaced 1463479 zeros and 0 negatives with NaN.
2026-04-27 19:20:36,212 [INFO]   [tumor] log2(x+1) applied. Range: [0.004, 20.450]
2026-04-27 19:20:45,776 [WARNING]   [tumor] No common samples — trying TCGA ID truncation.
2026-04-27 19:20:45,874 [INFO]   [tumor] Retained 510 common samples.
2026-04-27 19:20:45,898 [INFO]   [tumor] Sample count OK: 510 >= 50.
2026-04-27 19:20:45,906 [INFO] 
--- Normal preprocessing ---
2026-04-27 19:20:47,351 [INFO]   [normal] Replaced 21868568 zeros and 0 negatives with NaN.
2026-04-27 19:20:51,323 [INFO]   [normal] log2(x+1) applied. Range: [0.000, 16.393]
2026-04-27 19:21:04,113 [INFO]   [normal] Retained 604 common samples.
2026-04-27 19:21:04,130 [INFO]   [normal] Sample count OK: 604 >= 50.
2026-04-27 19:21:04,130 [INFO] 
Generating QC plots …
2026-04-27 19:22:37,339 [INFO] 
============================================================
2026-04-27 19:22:37,339 [INFO] STEP 2 SUMMARY
2026-04-27 19:22:37,339 [INFO] ============================================================
2026-04-27 19:22:37,339 [INFO]   Tumor  expr :  16570 genes x  510 samples
2026-04-27 19:22:37,339 [INFO]   Normal expr :  21159 genes x  604 samples
2026-04-27 19:22:37,339 [INFO] STEP 2 COMPLETE
2026-04-27 19:22:37,454 [INFO] <<< Step 2  — Preprocessing DONE (147.1s)
2026-04-27 19:22:37,454 [INFO] >>> Step 3  — Harmonization
2026-04-27 19:22:37,462 [INFO] ============================================================
2026-04-27 19:22:37,462 [INFO] STEP 3 — GENE ID HARMONIZATION
2026-04-27 19:22:37,462 [INFO] ============================================================
2026-04-27 19:22:50,622 [WARNING]   [tumor] Dropping 1 invalid symbols.
2026-04-27 19:22:50,848 [INFO]   Common genes: 10986
2026-04-27 19:22:50,865 [INFO]   LCGene retained: 438 / 517 (84.7%)
2026-04-27 19:22:50,865 [WARNING]   LCGene genes lost: ABCB4, AKR1B10, ASCL1, BCL2L14, BPIFA1, BRINP1, BRSK2, C20ORF85, CA9, CASC1, CCKBR, CDX2, CHGA, CHRNA1, CHRNA5, CHRNA9, CLCA2, CLDN2, CSMD1, CYP2C19, CYP2C9, DLK1, DLX5, DPYSL5, DRD2, DSC3, ECE2, ELAVL2, EPHA7, FAM83A, FUT6, FZD9, GABRA3, GATA4, GPR87, HMGA2, HNF4A, HOXB9, IGF2BP3, INSM1, KCNH1, KCNJ3, KIF14, KIF5A, KLK6, KRT81, LEP, LGSN, MAGEA1, MAGEA6, MAGEC1, MMP13, MYO18B, NOV, NR0B1, NR1I2, NRXN1, OPCML, PAEP, PAX5, PITX2, PRAME, PTPRH, RGS17, SCGN, SERPINB4, SERPINB5, T, TERT, TF, TFAP2A, TFAP2B, TRIM31, TRPM8, UGT1A6, VIL1, VTCN1, WISP1, XDH
2026-04-27 19:23:45,901 [INFO]   Common genes: 10986
2026-04-27 19:23:45,909 [INFO] STEP 3 COMPLETE
2026-04-27 19:23:45,930 [INFO] <<< Step 3  — Harmonization DONE (68.5s)
2026-04-27 19:23:45,931 [INFO] >>> Step 4  — Differential expr
2026-04-27 19:23:46,258 [INFO] ============================================================
2026-04-27 19:23:46,258 [INFO] STEP 4 — DIFFERENTIAL EXPRESSION
2026-04-27 19:23:46,258 [INFO] ============================================================
2026-04-27 19:23:54,049 [INFO]   Tumor: (10986, 510)  Normal: (10986, 604)
2026-04-27 19:23:54,340 [INFO]   Running Welch t-test for 10986 genes …
2026-04-27 19:24:10,948 [INFO]   Significant at FDR<=0.001: 10882
2026-04-27 19:24:13,914 [INFO]   Up: 9700  Down: 15  NS: 1271
2026-04-27 19:24:13,914 [INFO] STEP 4 COMPLETE
2026-04-27 19:24:13,930 [INFO] <<< Step 4  — Differential expr DONE (28.0s)
2026-04-27 19:24:13,930 [INFO] >>> Step 5  — Expr features
2026-04-27 19:24:13,939 [INFO] ============================================================
2026-04-27 19:24:13,939 [INFO] STEP 5 — EXPRESSION FEATURE CONSTRUCTION
2026-04-27 19:24:13,947 [INFO] ============================================================
2026-04-27 19:24:21,830 [INFO]   Computing stats for [tumor] ((10986, 510)) …
2026-04-27 19:24:59,809 [INFO]   Computing stats for [normal] ((10986, 604)) …
2026-04-27 19:25:38,664 [INFO]   [expression_features] Validated. Shape: (10986, 29)
2026-04-27 19:25:41,983 [INFO]   Expression features: (10986, 29)
2026-04-27 19:25:41,983 [INFO] STEP 5 COMPLETE
2026-04-27 19:25:42,000 [INFO] <<< Step 5  — Expr features DONE (88.1s)
2026-04-27 19:25:42,000 [INFO] >>> Step 6  — Co-expr network
2026-04-27 19:25:42,996 [INFO] ============================================================
2026-04-27 19:25:42,996 [INFO] STEP 6 — CO-EXPRESSION NETWORK CONSTRUCTION
2026-04-27 19:25:42,996 [INFO] ============================================================
2026-04-27 19:25:46,747 [INFO]   Matrix: 10986 genes x 510 samples | cutoff |r|>=0.6
2026-04-27 19:25:49,216 [INFO]   Chunk 10/22 edges so far: 86,077 (2.4s)
2026-04-27 19:25:51,730 [INFO]   Chunk 20/22 edges so far: 109,749 (4.9s)
2026-04-27 19:25:52,217 [INFO]   Chunk 22/22 edges so far: 110,508 (5.4s)
2026-04-27 19:25:52,332 [INFO]   Total edges: 110,508
2026-04-27 19:26:07,998 [INFO]   Graph: 4,977 nodes, 110,508 edges
2026-04-27 19:26:19,557 [INFO]   Runtime: 6.0s
2026-04-27 19:26:19,557 [INFO] STEP 6 COMPLETE
2026-04-27 19:26:19,575 [INFO] <<< Step 6  — Co-expr network DONE (37.6s)
2026-04-27 19:26:19,575 [INFO] >>> Step 7  — Network features
2026-04-27 19:26:19,582 [INFO] ============================================================
2026-04-27 19:26:19,582 [INFO] STEP 7 — NETWORK FEATURE EXTRACTION
2026-04-27 19:26:19,585 [INFO] ============================================================
2026-04-27 19:26:26,673 [INFO]   Graph: 10,986 nodes, 110,508 edges
2026-04-27 19:26:26,696 [INFO]   Extracting degree features …
2026-04-27 19:26:26,856 [INFO]   Extracting average neighbour degree …
2026-04-27 19:26:26,990 [INFO]   Betweenness centrality (n=10,986) …
2026-04-27 19:27:11,095 [INFO]   Closeness centrality …
2026-04-27 19:31:10,303 [INFO]   Eigenvector centrality …
2026-04-27 19:31:13,741 [INFO]   Clustering coefficient …
2026-04-27 19:31:46,631 [INFO]   Edge weight statistics …
2026-04-27 19:31:47,022 [INFO]   Component features …
2026-04-27 19:31:47,087 [INFO]   All features extracted in 320.4s
2026-04-27 19:31:48,917 [INFO]   Network features: (10986, 13)
2026-04-27 19:31:48,917 [INFO] STEP 7 COMPLETE
2026-04-27 19:31:48,917 [INFO] <<< Step 7  — Network features DONE (329.3s)
2026-04-27 19:31:48,917 [INFO] >>> Step 8  — Feature integration
2026-04-27 19:31:49,342 [INFO] ============================================================
2026-04-27 19:31:49,342 [INFO] STEP 8 — FEATURE INTEGRATION
2026-04-27 19:31:49,342 [INFO] ============================================================
2026-04-27 19:31:49,441 [INFO]   Expression: (10986, 29)  Network: (10986, 13)
2026-04-27 19:31:49,450 [INFO]   Concatenated: (10986, 42)
2026-04-27 19:31:49,462 [INFO]   Removed 21 collinear features: ['weighted_degree', 'component_size', 'min_edge_weight', 'tumor_median', 'normal_median', 't_stat', 'tumor_iqr_rank', 'tumor_mean_rank', 'cohens_d_rank', 'abs_log2fc_rank', 'neg_log10_padj_rank', 'betweenness_centrality', 'clustering_coefficient', 'max_edge_weight', 'std_edge_weight', 'in_largest_component', 'log2fc', 'iqr_ratio', 'std_ratio', 'tumor_kurtosis', 'normal_kurtosis']
2026-04-27 19:31:49,466 [INFO]   Features after collinearity removal: 21
2026-04-27 19:31:49,491 [INFO]   Highly correlated pairs (|r|>=0.95): 2
2026-04-27 19:31:50,142 [INFO]   Differential network features added: 9 columns (coverage: 10,986/10,986 genes)
2026-04-27 19:31:51,217 [INFO]   Integrated features: (10986, 30)
2026-04-27 19:31:51,217 [INFO] STEP 8 COMPLETE
2026-04-27 19:31:51,221 [INFO] <<< Step 8  — Feature integration DONE (2.3s)
2026-04-27 19:31:51,221 [INFO] >>> Step 9  — Label construction
2026-04-27 19:31:51,265 [INFO] ============================================================
2026-04-27 19:31:51,265 [INFO] STEP 9 — LABEL CONSTRUCTION
2026-04-27 19:31:51,265 [INFO] ============================================================
2026-04-27 19:31:51,363 [INFO]   LCGene symbols: 517
2026-04-27 19:31:51,371 [INFO]   Universe trimming: removing 1190 noisy unlabeled genes (non-expressed + no DE signal)
2026-04-27 19:31:51,381 [INFO]   Total: 9796  Positive (known LCGene): 438 (4.47%)  Unlabeled: 9358
2026-04-27 19:31:51,381 [INFO]   [PU framing] Negatives are UNLABELED — not confirmed non-cancer genes.
2026-04-27 19:31:51,671 [INFO]   LCGene genes unmatched: 79
2026-04-27 19:31:51,671 [INFO] STEP 9 COMPLETE
2026-04-27 19:31:51,671 [INFO] <<< Step 9  — Label construction DONE (0.5s)
2026-04-27 19:31:51,679 [INFO] >>> Step 10 — Train/val split
2026-04-27 19:31:51,721 [INFO] ============================================================
2026-04-27 19:31:51,721 [INFO] STEP 10 — TRAIN/VALIDATION SPLIT
2026-04-27 19:31:51,721 [INFO] ============================================================
2026-04-27 19:31:51,817 [INFO]   Features: (9796, 30)  Labels: 9796
2026-04-27 19:31:51,827 [INFO]   Train: 7836 (pos=350)  Val: 1960 (pos=88)
2026-04-27 19:31:51,882 [INFO]   Feature selection: kept top 20 features from feature_importance.csv
2026-04-27 19:31:53,425 [INFO] STEP 10 COMPLETE
2026-04-27 19:31:53,425 [INFO] <<< Step 10 — Train/val split DONE (1.7s)
2026-04-27 19:31:53,425 [INFO] >>> Step 11 — Model training
2026-04-27 19:31:53,613 [INFO] ============================================================
2026-04-27 19:31:53,613 [INFO] STEP 11 — MODEL TRAINING
2026-04-27 19:31:53,613 [INFO] ============================================================
2026-04-27 19:31:53,710 [INFO]   X_train: (7836, 20)  pos=350
2026-04-27 19:31:53,776 [INFO]   XGBoost added (scale_pos_weight=21.4)
2026-04-27 19:31:54,027 [INFO]   Random undersampling enabled (imbalanced-learn found).
2026-04-27 19:31:54,027 [INFO] 
  [random_forest] CV ...
2026-04-27 19:31:55,605 [INFO]     Fold 1 AUROC=0.9387 AUPRC=0.4374 F1=0.4341 MCC=0.4526
2026-04-27 19:31:57,002 [INFO]     Fold 2 AUROC=0.9237 AUPRC=0.4661 F1=0.4484 MCC=0.4492
2026-04-27 19:31:58,363 [INFO]     Fold 3 AUROC=0.9284 AUPRC=0.4508 F1=0.4202 MCC=0.4243
2026-04-27 19:31:59,780 [INFO]     Fold 4 AUROC=0.9454 AUPRC=0.4353 F1=0.4367 MCC=0.4389
2026-04-27 19:32:01,192 [INFO]     Fold 5 AUROC=0.9378 AUPRC=0.4546 F1=0.4344 MCC=0.4447
2026-04-27 19:32:01,192 [INFO]   [random_forest] AUROC=0.9348±0.0078  AUPRC=0.4488±0.0114  F1=0.4348±0.0090  MCC=0.4419±0.0099
2026-04-27 19:32:01,201 [INFO]   [random_forest] Hyperparameter tuning (RandomizedSearchCV n_iter=50, cv=3, scoring=average_precision) ...
2026-04-27 19:34:25,755 [INFO]   [random_forest] Best params: {'n_estimators': 300, 'min_samples_leaf': 1, 'max_features': 'sqrt', 'max_depth': None}  CV-AUPRC=0.4906
2026-04-27 19:34:26,065 [INFO] 
  [gradient_boosting] CV ...
2026-04-27 19:34:26,931 [INFO]     Fold 1 AUROC=0.9353 AUPRC=0.3900 F1=0.3875 MCC=0.4289
2026-04-27 19:34:28,018 [INFO]     Fold 2 AUROC=0.9268 AUPRC=0.4555 F1=0.4167 MCC=0.4346
2026-04-27 19:34:29,165 [INFO]     Fold 3 AUROC=0.9275 AUPRC=0.4639 F1=0.3851 MCC=0.4124
2026-04-27 19:34:30,032 [INFO]     Fold 4 AUROC=0.9484 AUPRC=0.5003 F1=0.4266 MCC=0.4602
2026-04-27 19:34:30,905 [INFO]     Fold 5 AUROC=0.9405 AUPRC=0.5027 F1=0.3729 MCC=0.3960
2026-04-27 19:34:30,905 [INFO]   [gradient_boosting] AUROC=0.9357±0.0081  AUPRC=0.4625±0.0409  F1=0.3978±0.0204  MCC=0.4264±0.0216
2026-04-27 19:34:30,913 [INFO]   [gradient_boosting] Hyperparameter tuning (RandomizedSearchCV n_iter=50, cv=3, scoring=average_precision) ...
2026-04-27 19:35:26,704 [INFO]   [gradient_boosting] Best params: {'subsample': 0.9, 'n_estimators': 500, 'max_depth': 3, 'learning_rate': 0.01}  CV-AUPRC=0.4827
2026-04-27 19:35:26,802 [INFO] 
  [logistic_regression] CV ...
2026-04-27 19:35:28,646 [INFO]     Fold 1 AUROC=0.8204 AUPRC=0.1233 F1=0.1222 MCC=0.1433
2026-04-27 19:35:30,435 [INFO]     Fold 2 AUROC=0.7819 AUPRC=0.2641 F1=0.1349 MCC=0.1516
2026-04-27 19:35:32,157 [INFO]     Fold 3 AUROC=0.8264 AUPRC=0.1251 F1=0.1288 MCC=0.1590
2026-04-27 19:35:33,941 [INFO]     Fold 4 AUROC=0.8006 AUPRC=0.2726 F1=0.1347 MCC=0.1537
2026-04-27 19:35:35,700 [INFO]     Fold 5 AUROC=0.7711 AUPRC=0.2537 F1=0.1284 MCC=0.1372
2026-04-27 19:35:35,700 [INFO]   [logistic_regression] AUROC=0.8001±0.0213  AUPRC=0.2077±0.0685  F1=0.1298±0.0047  MCC=0.1490±0.0078
2026-04-27 19:35:45,539 [INFO] 
  [extra_trees] CV ...
2026-04-27 19:35:46,452 [INFO]     Fold 1 AUROC=0.9382 AUPRC=0.4434 F1=0.4190 MCC=0.4312
2026-04-27 19:35:47,308 [INFO]     Fold 2 AUROC=0.9222 AUPRC=0.4412 F1=0.4455 MCC=0.4394
2026-04-27 19:35:48,147 [INFO]     Fold 3 AUROC=0.9344 AUPRC=0.4801 F1=0.4464 MCC=0.4525
2026-04-27 19:35:48,988 [INFO]     Fold 4 AUROC=0.9382 AUPRC=0.3897 F1=0.4649 MCC=0.4713
2026-04-27 19:35:49,804 [INFO]     Fold 5 AUROC=0.9304 AUPRC=0.4044 F1=0.3983 MCC=0.3999
2026-04-27 19:35:49,804 [INFO]   [extra_trees] AUROC=0.9327±0.0060  AUPRC=0.4318±0.0319  F1=0.4348±0.0234  MCC=0.4389±0.0237
2026-04-27 19:35:51,305 [INFO] 
  [xgboost] CV ...
2026-04-27 19:35:52,052 [INFO]     Fold 1 AUROC=0.9373 AUPRC=0.4678 F1=0.3140 MCC=0.3704
2026-04-27 19:35:52,352 [INFO]     Fold 2 AUROC=0.9261 AUPRC=0.4800 F1=0.3526 MCC=0.3947
2026-04-27 19:35:52,619 [INFO]     Fold 3 AUROC=0.9225 AUPRC=0.4643 F1=0.3191 MCC=0.3610
2026-04-27 19:35:52,938 [INFO]     Fold 4 AUROC=0.9446 AUPRC=0.4542 F1=0.3835 MCC=0.4340
2026-04-27 19:35:53,324 [INFO]     Fold 5 AUROC=0.9405 AUPRC=0.5183 F1=0.3297 MCC=0.3737
2026-04-27 19:35:53,324 [INFO]   [xgboost] AUROC=0.9342±0.0085  AUPRC=0.4769±0.0223  F1=0.3398±0.0256  MCC=0.3868±0.0261
2026-04-27 19:35:53,335 [INFO]   [xgboost] Hyperparameter tuning (RandomizedSearchCV n_iter=50, cv=3, scoring=average_precision) ...
2026-04-27 19:36:08,447 [INFO]   [xgboost] Best params: {'subsample': 0.8, 'n_estimators': 200, 'max_depth': 5, 'learning_rate': 0.1, 'colsample_bytree': 0.6}  CV-AUPRC=0.4876
2026-04-27 19:36:08,481 [INFO] 
All models trained in 254.7s
2026-04-27 19:36:08,481 [INFO]   Best: xgboost (AUPRC=0.4769)
2026-04-27 19:36:08,496 [INFO]   Best model (xgboost, already calibrated) saved as best_model.joblib
2026-04-27 19:36:08,843 [INFO] STEP 11 COMPLETE
2026-04-27 19:36:08,873 [INFO] <<< Step 11 — Model training DONE (255.4s)
2026-04-27 19:36:08,873 [INFO] >>> Step 12 — Model evaluation
2026-04-27 19:36:08,901 [INFO] ============================================================
2026-04-27 19:36:08,901 [INFO] STEP 12 — MODEL EVALUATION
2026-04-27 19:36:08,901 [INFO] ============================================================
2026-04-27 19:36:08,940 [INFO]   Val: 1960 genes  pos=88
2026-04-27 19:36:09,623 [INFO]   [extra_trees           ] AUROC=0.9288 AUPRC=0.5179 F1@0.50=0.4787 MCC@0.50=0.4536 [oracle F1@0.23=0.5096] R@100=0.5114 P@100=0.4500
2026-04-27 19:36:09,671 [INFO]   [gradient_boosting     ] AUROC=0.9277 AUPRC=0.4551 F1@0.50=0.4056 MCC@0.50=0.4015 [oracle F1@0.36=0.4800] R@100=0.4886 P@100=0.4300
2026-04-27 19:36:09,696 [INFO]   [logistic_regression   ] AUROC=0.8617 AUPRC=0.3940 F1@0.50=0.3670 MCC@0.50=0.3382 [oracle F1@0.19=0.4153] R@100=0.4318 P@100=0.3800
2026-04-27 19:36:09,818 [INFO]   [random_forest         ] AUROC=0.9214 AUPRC=0.4503 F1@0.50=0.4271 MCC@0.50=0.3993 [oracle F1@0.22=0.4485] R@100=0.4545 P@100=0.4000
2026-04-27 19:36:09,876 [INFO]   [xgboost               ] AUROC=0.9186 AUPRC=0.4751 F1@0.50=0.4057 MCC@0.50=0.3788 [oracle F1@0.35=0.4634] R@100=0.4545 P@100=0.4000
2026-04-27 19:36:09,881 [INFO]   Ensemble weights (AUPRC): extra_trees=0.213  gradient_boosting=0.228  logistic_regression=0.102  random_forest=0.221  xgboost=0.235
2026-04-27 19:36:09,931 [INFO]   [ensemble_soft_vote    ] AUROC=0.9329 AUPRC=0.5068 F1@0.50=0.4516 MCC@0.50=0.4293 [oracle F1@0.33=0.4932] R@100=0.4886 P@100=0.4300
2026-04-27 19:36:09,963 [INFO]   Classification reports saved to: C:\Users\rahma\Downloads\gloom updated\trial\outputs\results\classification_reports
2026-04-27 19:36:11,815 [INFO]   Confusion matrix grid saved: eval_confusion_matrices.png
2026-04-27 19:36:12,858 [INFO]   Multi-threshold confusion matrices saved: eval_confusion_multithreshold.png
2026-04-27 19:36:13,495 [INFO] STEP 12 COMPLETE
2026-04-27 19:36:13,507 [INFO] <<< Step 12 — Model evaluation DONE (4.6s)
2026-04-27 19:36:13,507 [INFO] >>> Step 13 — Feature importance
2026-04-27 19:36:13,525 [INFO] ============================================================
2026-04-27 19:36:13,528 [INFO] STEP 13 — FEATURE IMPORTANCE
2026-04-27 19:36:13,528 [INFO] ============================================================
2026-04-27 19:36:14,313 [INFO]   [xgboost] Permutation importance (n_repeats=10) …
2026-04-27 19:36:15,163 [INFO]   Top 5: {'tumor_std': 0.9999999999811694, 'normal_std': 0.420870340515376, 'normal_iqr': 0.17559983082096708, 'neg_log10_padj': 0.16544928728698566, 'tumor_cv': 0.13127121840567466}
2026-04-27 19:36:15,376 [INFO]   Feature importance shape: (20, 10)
2026-04-27 19:36:15,376 [INFO]   Top feature: tumor_std (0.8396)
2026-04-27 19:36:15,377 [INFO] STEP 13 COMPLETE
2026-04-27 19:36:15,397 [INFO] <<< Step 13 — Feature importance DONE (1.9s)
2026-04-27 19:36:15,397 [INFO] >>> Step 14 — Gene ranking
2026-04-27 19:36:15,410 [INFO] ============================================================
2026-04-27 19:36:15,411 [INFO] STEP 14 — GENE PREDICTION & RANKING
2026-04-27 19:36:15,411 [INFO] ============================================================
2026-04-27 19:36:15,514 [INFO]   Using PU bagging scores from step11b for gene ranking.
2026-04-27 19:36:15,530 [INFO]   PU bagging scores loaded: 10,986 genes.
2026-04-27 19:36:15,530 [INFO]   Score source: pu_bagging  |  novel threshold: 0.7
2026-04-27 19:36:15,530 [INFO]   Score source: pu_bagging  |  novel threshold: 0.7
2026-04-27 19:36:15,570 [INFO]   Total: 10,986  Novel candidates (prob>=0.7): 920  Sensitivity list (prob>=0.5): 2,074
2026-04-27 19:36:15,570 [INFO]   Median positive (known) rank: 250
2026-04-27 19:36:15,570 [INFO]   Positive (known) in top-50:  50  top-100: 99  top-200: 181  top-500: 317
2026-04-27 19:36:15,570 [INFO]   Recall@50=0.1142  Recall@100=0.2260  Recall@200=0.4132  Recall@500=0.7237
2026-04-27 19:36:15,570 [INFO]   Precision@50=1.0000  Precision@100=0.9900
2026-04-27 19:36:16,407 [INFO]   High-confidence novel candidates saved: 920 genes (prob>=0.7)
2026-04-27 19:36:16,407 [INFO]   Sensitivity novel candidates saved:     2074 genes (prob>=0.5)
2026-04-27 19:36:16,407 [INFO]   Query gene rankings saved: 0 genes
2026-04-27 19:36:16,415 [INFO] STEP 14 COMPLETE
2026-04-27 19:36:16,415 [INFO] <<< Step 14 — Gene ranking DONE (1.0s)
2026-04-27 19:36:16,415 [INFO] >>> Step 15 — Network annotation
2026-04-27 19:36:16,423 [INFO] ============================================================
2026-04-27 19:36:16,423 [INFO] STEP 15 — NETWORK ANNOTATION
2026-04-27 19:36:16,423 [INFO] ============================================================
2026-04-27 19:36:19,508 [INFO]   Graph: 10,986 nodes, 110,508 edges
2026-04-27 19:36:21,342 [INFO]   Positive edges: 108,468  Negative: 2,040
2026-04-27 19:36:29,711 [INFO]   LCGene nodes: 438  Novel: 920
2026-04-27 19:36:29,711 [INFO] STEP 15 COMPLETE
2026-04-27 19:36:29,740 [INFO] <<< Step 15 — Network annotation DONE (13.3s)
2026-04-27 19:36:29,742 [INFO] >>> Step 16 — Network export
2026-04-27 19:36:29,753 [INFO] ============================================================
2026-04-27 19:36:29,753 [INFO] STEP 16 — NETWORK EXPORT
2026-04-27 19:36:29,753 [INFO] ============================================================
2026-04-27 19:36:35,094 [INFO]   Graph: 10,986 nodes, 110,508 edges
2026-04-27 19:36:44,661 [INFO]   GraphML saved: C:\Users\rahma\Downloads\gloom updated\trial\outputs\results\network\exports/network_full.graphml
2026-04-27 19:36:52,449 [INFO]   Full network exports complete.
2026-04-27 19:36:52,521 [INFO]   [top100] 100 nodes, 51 edges
2026-04-27 19:36:52,636 [INFO]   [lcgene] 438 nodes, 925 edges
2026-04-27 19:36:53,082 [INFO]   [novel] 920 nodes, 2305 edges
2026-04-27 19:36:55,918 [INFO]   [candidates] 3154 nodes, 30761 edges
2026-04-27 19:37:03,768 [INFO] 
  Sub-networks:
2026-04-27 19:37:03,769 [INFO]     top100               nodes=  100  edges=     51
2026-04-27 19:37:03,769 [INFO]     lcgene               nodes=  438  edges=    925
2026-04-27 19:37:03,769 [INFO]     novel                nodes=  920  edges=  2,305
2026-04-27 19:37:03,769 [INFO]     candidates           nodes=3,154  edges= 30,761
2026-04-27 19:37:03,769 [INFO] STEP 16 COMPLETE
2026-04-27 19:37:03,801 [INFO] <<< Step 16 — Network export DONE (34.1s)
2026-04-27 19:37:03,810 [INFO] >>> Step 17 — Visualization
2026-04-27 19:37:04,093 [INFO] ============================================================
2026-04-27 19:37:04,093 [INFO] STEP 17 — INTERACTIVE VISUALIZATION
2026-04-27 19:37:04,101 [INFO] ============================================================
2026-04-27 19:37:04,395 [INFO] [1] Volcano …
2026-04-27 19:37:05,461 [INFO]   Volcano saved: C:\Users\rahma\Downloads\gloom updated\trial\outputs\figures\interactive_volcano.html
2026-04-27 19:37:05,461 [INFO] [2] Ranking …
2026-04-27 19:37:05,829 [INFO]   Ranking plot saved: C:\Users\rahma\Downloads\gloom updated\trial\outputs\figures\interactive_ranking.html
2026-04-27 19:37:05,829 [INFO] [3] Network …
2026-04-27 19:37:06,015 [INFO]   Network plot saved: C:\Users\rahma\Downloads\gloom updated\trial\outputs\figures\interactive_network.html
2026-04-27 19:37:06,019 [INFO] [4] Feature importance …
2026-04-27 19:37:06,081 [INFO]   Feature importance saved: C:\Users\rahma\Downloads\gloom updated\trial\outputs\figures\interactive_feature_importance.html
2026-04-27 19:37:06,081 [INFO] [5] KEGG pathways …
2026-04-27 19:37:06,155 [INFO]   KEGG plot saved: C:\Users\rahma\Downloads\gloom updated\trial\outputs\figures\interactive_kegg.html
2026-04-27 19:37:06,155 [INFO] [6] Dashboard …
2026-04-27 19:37:06,270 [INFO]   Combined dashboard saved: C:\Users\rahma\Downloads\gloom updated\trial\outputs\figures\interactive_dashboard.html
2026-04-27 19:37:06,270 [INFO] STEP 17 COMPLETE
2026-04-27 19:37:06,278 [INFO] <<< Step 17 — Visualization DONE (2.5s)
2026-04-27 19:37:06,278 [INFO] >>> Step 18 — Final report
2026-04-27 19:37:06,322 [INFO] ============================================================
2026-04-27 19:37:06,322 [INFO] STEP 18 — FINAL OUTPUTS & REPORTING
2026-04-27 19:37:06,322 [INFO] ============================================================
2026-04-27 19:37:06,326 [INFO] [1] Building summary table …
2026-04-27 19:37:06,726 [INFO]   Summary table: (10986, 29)
2026-04-27 19:37:06,726 [INFO] [2] Building text report …
2026-04-27 19:37:06,767 [ERROR]   Report failed: 'mcc'
2026-04-27 19:37:06,767 [INFO] [3] Building summary figure …
2026-04-27 19:37:08,174 [INFO]   Summary figure (PNG) saved: C:\Users\rahma\Downloads\gloom updated\trial\outputs\results\reports\pipeline_summary_figure.png
2026-04-27 19:37:09,340 [INFO]   Summary figure (PDF) saved: C:\Users\rahma\Downloads\gloom updated\trial\outputs\results\reports\pipeline_summary_figure.pdf
2026-04-27 19:37:09,340 [INFO] [4] Writing master runner …
2026-04-27 19:37:09,348 [INFO]   Master runner saved: C:\Users\rahma\Downloads\gloom updated\trial\LUAD_ML_Pipeline\run_pipeline.py
2026-04-27 19:37:09,348 [INFO] ============================================================
2026-04-27 19:37:09,348 [INFO] STEP 18 SUMMARY
2026-04-27 19:37:09,348 [INFO] ============================================================
2026-04-27 19:37:09,348 [INFO]   Summary table: C:\Users\rahma\Downloads\gloom updated\trial\outputs\results\reports/pipeline_summary_table.csv
2026-04-27 19:37:09,348 [INFO]   Text report  : C:\Users\rahma\Downloads\gloom updated\trial\outputs\results\reports/pipeline_report.txt
2026-04-27 19:37:09,348 [INFO]   Summary fig  : C:\Users\rahma\Downloads\gloom updated\trial\outputs\results\reports/pipeline_summary_figure.png
2026-04-27 19:37:09,348 [INFO]   Master runner: C:\Users\rahma\Downloads\gloom updated\trial\LUAD_ML_Pipeline\run_pipeline.py
2026-04-27 19:37:09,348 [INFO] 
2026-04-27 19:37:09,348 [INFO]   Key deliverables:
2026-04-27 19:37:09,348 [INFO]     Gene rankings    : C:\Users\rahma\Downloads\gloom updated\trial\outputs\results\gene_rankings.csv
2026-04-27 19:37:09,348 [INFO]     Novel candidates : C:\Users\rahma\Downloads\gloom updated\trial\outputs\results/novel_candidates.csv
2026-04-27 19:37:09,348 [INFO]     Dashboard        : C:\Users\rahma\Downloads\gloom updated\trial\outputs\figures/interactive_dashboard.html
2026-04-27 19:37:09,348 [INFO] STEP 18 COMPLETE
2026-04-27 19:37:09,348 [INFO] <<< Step 18 — Final report DONE (3.1s)
2026-04-27 19:37:09,348 [INFO] ======================================================================
2026-04-27 19:37:09,348 [INFO] EXECUTION SUMMARY
2026-04-27 19:37:09,348 [INFO] ======================================================================
2026-04-27 19:37:09,348 [INFO]   [OK] Step 0  — Config                                  0.0s
2026-04-27 19:37:09,348 [INFO]   [OK] Step 1  — Data loading                          140.2s
2026-04-27 19:37:09,348 [INFO]   [OK] Step 2  — Preprocessing                         147.1s
2026-04-27 19:37:09,348 [INFO]   [OK] Step 3  — Harmonization                          68.5s
2026-04-27 19:37:09,348 [INFO]   [OK] Step 4  — Differential expr                      28.0s
2026-04-27 19:37:09,348 [INFO]   [OK] Step 5  — Expr features                          88.1s
2026-04-27 19:37:09,348 [INFO]   [OK] Step 6  — Co-expr network                        37.6s
2026-04-27 19:37:09,348 [INFO]   [OK] Step 7  — Network features                      329.3s
2026-04-27 19:37:09,348 [INFO]   [OK] Step 8  — Feature integration                     2.3s
2026-04-27 19:37:09,348 [INFO]   [OK] Step 9  — Label construction                      0.5s
2026-04-27 19:37:09,356 [INFO]   [OK] Step 10 — Train/val split                         1.7s
2026-04-27 19:37:09,356 [INFO]   [OK] Step 11 — Model training                        255.4s
2026-04-27 19:37:09,356 [INFO]   [OK] Step 12 — Model evaluation                        4.6s
2026-04-27 19:37:09,356 [INFO]   [OK] Step 13 — Feature importance                      1.9s
2026-04-27 19:37:09,356 [INFO]   [OK] Step 14 — Gene ranking                            1.0s
2026-04-27 19:37:09,356 [INFO]   [OK] Step 15 — Network annotation                     13.3s
2026-04-27 19:37:09,356 [INFO]   [OK] Step 16 — Network export                         34.1s
2026-04-27 19:37:09,356 [INFO]   [OK] Step 17 — Visualization                           2.5s
2026-04-27 19:37:09,356 [INFO]   [OK] Step 18 — Final report                            3.1s
2026-04-27 19:37:09,356 [INFO]   Total: 1159.1s (19.3 min)
2026-04-27 19:37:09,356 [INFO]   Pipeline COMPLETE.
2026-04-27 19:37:09,356 [INFO] ======================================================================
2026-04-28 09:22:00,373 [INFO] ======================================================================
2026-04-28 09:22:00,374 [INFO] LUAD ML PIPELINE — FULL RUN
2026-04-28 09:22:00,374 [INFO] ======================================================================
2026-04-28 09:22:00,374 [INFO] >>> Step 0  — Config
2026-04-28 09:22:00,376 [INFO] <<< Step 0  — Config DONE (0.0s)
2026-04-28 09:22:00,376 [INFO] >>> Step 1  — Data loading
2026-04-28 09:22:01,220 [INFO] ============================================================
2026-04-28 09:22:01,220 [INFO] STEP 1 — DATA LOADING
2026-04-28 09:22:01,220 [INFO] ============================================================
2026-04-28 09:22:01,223 [INFO] Loading tumor expression from: C:\Users\rahma\Downloads\gloom updated\trial\data\raw\cBioPortal (RNA Seq Data)\data_mrna_seq_v2_rsem.txt
2026-04-28 09:22:03,210 [INFO]   Raw shape: (20531, 512)
2026-04-28 09:22:03,364 [WARNING]   19 duplicate gene symbols found — keeping highest-mean row.
2026-04-28 09:22:03,507 [INFO]   Final shape: (20512, 510)
2026-04-28 09:22:03,508 [INFO] Loading tumor metadata from: C:\Users\rahma\Downloads\gloom updated\trial\data\raw\cBioPortal (RNA Seq Data)\data_clinical_patient.txt
2026-04-28 09:22:03,515 [INFO]   Raw shape: (566, 38)
2026-04-28 09:22:03,519 [INFO]   Final shape: (566, 35)
2026-04-28 09:22:03,519 [INFO] Loading normal expression from: C:\Users\rahma\Downloads\gloom updated\trial\data\raw\Gtex (normal samples)\gene_tpm_v11_lung.gct.gz
2026-04-28 09:22:03,522 [INFO]   GCT version line : #1.2
2026-04-28 09:22:03,522 [INFO]   GCT dimension line: 74628	604
2026-04-28 09:22:13,092 [INFO]   Raw shape (after preamble skip): (74628, 606)
2026-04-28 09:22:13,459 [WARNING]   1307 duplicate gene symbols — keeping highest-mean row.
2026-04-28 09:22:14,085 [INFO]   Final shape: (73321, 604)
2026-04-28 09:22:14,085 [INFO] Loading normal metadata from: C:\Users\rahma\Downloads\gloom updated\trial\data\raw\Gtex (normal samples)\GTEx_Analysis_v11_Annotations_SampleAttributesDS - LUAD.txt
2026-04-28 09:22:14,135 [INFO]   Raw shape: (1892, 119)  (all assay types)
2026-04-28 09:22:14,152 [INFO]   Retaining 11 QC columns: ['SAMPID', 'SMTS', 'SMTSD', 'SMRIN', 'SMATSSCR', 'SMRDTTL', 'SMMAPRT', 'SMRRNART', 'SMRDLGTH', 'SMNABTCHT', 'SMGEBTCHT']
2026-04-28 09:22:14,155 [INFO]   SMRIN  (RNA integrity) : mean=7.17  min=3.5  max=9.7
2026-04-28 09:22:14,161 [INFO]   SMATSSCR (autolysis)   : {0.0: 43, 1.0: 410, 2.0: 128, 3.0: 10}
2026-04-28 09:22:14,162 [INFO]   SMMAPRT  (map rate)    : mean=0.9836  min=0.8003
2026-04-28 09:22:14,162 [INFO]   Final shape: (604, 10)  (604 RNA-seq samples × 10 QC columns)
2026-04-28 09:22:14,162 [INFO] Loading labeled LUAD gene list from: C:\Users\rahma\Downloads\gloom updated\trial\data\raw\LCGene (Labeled LUAD Data)\LCGene_human_LUAD_filtered.tsv
2026-04-28 09:22:14,168 [INFO]   Raw shape: (517, 10)
2026-04-28 09:22:14,170 [INFO]   Unique labeled LUAD genes loaded: 517
2026-04-28 09:22:14,185 [INFO]   Full LCGene table saved to: C:\Users\rahma\Downloads\gloom updated\trial\data\processed\lcgene_luad_full.csv
2026-04-28 09:22:14,186 [INFO] 
Saving raw-loaded files to processed directory …
2026-04-28 09:22:43,156 [INFO] 
============================================================
2026-04-28 09:22:43,157 [INFO] STEP 1 SUMMARY
2026-04-28 09:22:43,157 [INFO] ============================================================
2026-04-28 09:22:43,157 [INFO]   Tumor expression   :  20512 genes  x  510 samples
2026-04-28 09:22:43,158 [INFO]   Normal expression  :  73321 genes  x  604 samples
2026-04-28 09:22:43,158 [INFO]   Normal metadata    :    604 RNA-seq samples  x  10 QC columns
2026-04-28 09:22:43,159 [INFO]   Labeled LUAD genes :    517 unique gene symbols (LCGene)
2026-04-28 09:22:43,159 [INFO] STEP 1 COMPLETE
2026-04-28 09:22:43,194 [INFO] <<< Step 1  — Data loading DONE (42.8s)
2026-04-28 09:22:43,194 [INFO] >>> Step 2  — Preprocessing
2026-04-28 09:22:44,789 [INFO] ============================================================
2026-04-28 09:22:44,790 [INFO] STEP 2 — DATA PREPROCESSING & QUALITY CONTROL
2026-04-28 09:22:44,790 [INFO] ============================================================
2026-04-28 09:22:49,374 [INFO] 
--- Tumor preprocessing ---
2026-04-28 09:22:49,503 [INFO]   [tumor] Replaced 1463479 zeros and 0 negatives with NaN.
2026-04-28 09:22:49,781 [INFO]   [tumor] log2(x+1) applied. Range: [0.004, 20.450]
2026-04-28 09:22:51,638 [WARNING]   [tumor] No common samples — trying TCGA ID truncation.
2026-04-28 09:22:51,680 [INFO]   [tumor] Retained 510 common samples.
2026-04-28 09:22:51,689 [INFO]   [tumor] Sample count OK: 510 >= 50.
2026-04-28 09:22:51,690 [INFO] 
--- Normal preprocessing ---
2026-04-28 09:22:52,175 [INFO]   [normal] Replaced 21868568 zeros and 0 negatives with NaN.
2026-04-28 09:22:53,372 [INFO]   [normal] log2(x+1) applied. Range: [0.000, 16.393]
2026-04-28 09:22:56,062 [INFO]   [normal] Retained 604 common samples.
2026-04-28 09:22:56,069 [INFO]   [normal] Sample count OK: 604 >= 50.
2026-04-28 09:22:56,069 [INFO] 
Generating QC plots …
2026-04-28 09:23:20,207 [INFO] 
============================================================
2026-04-28 09:23:20,208 [INFO] STEP 2 SUMMARY
2026-04-28 09:23:20,208 [INFO] ============================================================
2026-04-28 09:23:20,208 [INFO]   Tumor  expr :  16570 genes x  510 samples
2026-04-28 09:23:20,208 [INFO]   Normal expr :  21159 genes x  604 samples
2026-04-28 09:23:20,208 [INFO] STEP 2 COMPLETE
2026-04-28 09:23:20,267 [INFO] <<< Step 2  — Preprocessing DONE (37.1s)
2026-04-28 09:23:20,268 [INFO] >>> Step 3  — Harmonization
2026-04-28 09:23:20,273 [INFO] ============================================================
2026-04-28 09:23:20,273 [INFO] STEP 3 — GENE ID HARMONIZATION
2026-04-28 09:23:20,273 [INFO] ============================================================
2026-04-28 09:23:25,365 [WARNING]   [tumor] Dropping 1 invalid symbols.
2026-04-28 09:23:25,470 [INFO]   Common genes: 10986
2026-04-28 09:23:25,478 [INFO]   LCGene retained: 438 / 517 (84.7%)
2026-04-28 09:23:25,479 [WARNING]   LCGene genes lost: ABCB4, AKR1B10, ASCL1, BCL2L14, BPIFA1, BRINP1, BRSK2, C20ORF85, CA9, CASC1, CCKBR, CDX2, CHGA, CHRNA1, CHRNA5, CHRNA9, CLCA2, CLDN2, CSMD1, CYP2C19, CYP2C9, DLK1, DLX5, DPYSL5, DRD2, DSC3, ECE2, ELAVL2, EPHA7, FAM83A, FUT6, FZD9, GABRA3, GATA4, GPR87, HMGA2, HNF4A, HOXB9, IGF2BP3, INSM1, KCNH1, KCNJ3, KIF14, KIF5A, KLK6, KRT81, LEP, LGSN, MAGEA1, MAGEA6, MAGEC1, MMP13, MYO18B, NOV, NR0B1, NR1I2, NRXN1, OPCML, PAEP, PAX5, PITX2, PRAME, PTPRH, RGS17, SCGN, SERPINB4, SERPINB5, T, TERT, TF, TFAP2A, TFAP2B, TRIM31, TRPM8, UGT1A6, VIL1, VTCN1, WISP1, XDH
2026-04-28 09:23:45,076 [INFO]   Common genes: 10986
2026-04-28 09:23:45,076 [INFO] STEP 3 COMPLETE
2026-04-28 09:23:45,084 [INFO] <<< Step 3  — Harmonization DONE (24.8s)
2026-04-28 09:23:45,084 [INFO] >>> Step 4  — Differential expr
2026-04-28 09:23:45,251 [INFO] ============================================================
2026-04-28 09:23:45,251 [INFO] STEP 4 — DIFFERENTIAL EXPRESSION
2026-04-28 09:23:45,252 [INFO] ============================================================
2026-04-28 09:23:48,081 [INFO]   Tumor: (10986, 510)  Normal: (10986, 604)
2026-04-28 09:23:48,254 [INFO]   Running Welch t-test for 10986 genes …
2026-04-28 09:23:53,123 [INFO]   Significant at FDR<=0.001: 10882
2026-04-28 09:23:54,338 [INFO]   Up: 9700  Down: 15  NS: 1271
2026-04-28 09:23:54,338 [INFO] STEP 4 COMPLETE
2026-04-28 09:23:54,345 [INFO] <<< Step 4  — Differential expr DONE (9.3s)
2026-04-28 09:23:54,345 [INFO] >>> Step 5  — Expr features
2026-04-28 09:23:54,349 [INFO] ============================================================
2026-04-28 09:23:54,349 [INFO] STEP 5 — EXPRESSION FEATURE CONSTRUCTION
2026-04-28 09:23:54,349 [INFO] ============================================================
2026-04-28 09:23:57,024 [INFO]   Computing stats for [tumor] ((10986, 510)) …
2026-04-28 09:24:08,408 [INFO]   Computing stats for [normal] ((10986, 604)) …
2026-04-28 09:24:19,957 [INFO]   [expression_features] Validated. Shape: (10986, 29)
2026-04-28 09:24:21,052 [INFO]   Expression features: (10986, 29)
2026-04-28 09:24:21,052 [INFO] STEP 5 COMPLETE
2026-04-28 09:24:21,062 [INFO] <<< Step 5  — Expr features DONE (26.7s)
2026-04-28 09:24:21,062 [INFO] >>> Step 6  — Co-expr network
2026-04-28 09:24:21,524 [INFO] ============================================================
2026-04-28 09:24:21,525 [INFO] STEP 6 — CO-EXPRESSION NETWORK CONSTRUCTION
2026-04-28 09:24:21,525 [INFO] ============================================================
2026-04-28 09:24:22,810 [INFO]   Matrix: 10986 genes x 510 samples | cutoff |r|>=0.6
2026-04-28 09:24:24,453 [INFO]   Chunk 10/22 edges so far: 86,077 (1.6s)
2026-04-28 09:24:26,108 [INFO]   Chunk 20/22 edges so far: 109,749 (3.2s)
2026-04-28 09:24:26,495 [INFO]   Chunk 22/22 edges so far: 110,508 (3.6s)
2026-04-28 09:24:26,546 [INFO]   Total edges: 110,508
2026-04-28 09:24:31,237 [INFO]   Graph: 4,977 nodes, 110,508 edges
2026-04-28 09:24:35,774 [INFO]   Runtime: 3.9s
2026-04-28 09:24:35,775 [INFO] STEP 6 COMPLETE
2026-04-28 09:24:35,782 [INFO] <<< Step 6  — Co-expr network DONE (14.7s)
2026-04-28 09:24:35,783 [INFO] >>> Step 7  — Network features
2026-04-28 09:24:35,787 [INFO] ============================================================
2026-04-28 09:24:35,787 [INFO] STEP 7 — NETWORK FEATURE EXTRACTION
2026-04-28 09:24:35,788 [INFO] ============================================================
2026-04-28 09:24:38,801 [INFO]   Graph: 10,986 nodes, 110,508 edges
2026-04-28 09:24:38,806 [INFO]   Extracting degree features …
2026-04-28 09:24:38,883 [INFO]   Extracting average neighbour degree …
2026-04-28 09:24:38,918 [INFO]   Betweenness centrality (n=10,986) …
2026-04-28 09:24:54,756 [INFO]   Closeness centrality …
2026-04-28 09:26:10,947 [INFO]   Eigenvector centrality …
2026-04-28 09:26:13,287 [INFO]   Clustering coefficient …
2026-04-28 09:26:34,296 [INFO]   Edge weight statistics …
2026-04-28 09:26:34,569 [INFO]   Component features …
2026-04-28 09:26:34,610 [INFO]   All features extracted in 115.8s
2026-04-28 09:26:35,753 [INFO]   Network features: (10986, 13)
2026-04-28 09:26:35,754 [INFO] STEP 7 COMPLETE
2026-04-28 09:26:35,757 [INFO] <<< Step 7  — Network features DONE (120.0s)
2026-04-28 09:26:35,757 [INFO] >>> Step 8  — Feature integration
2026-04-28 09:26:36,196 [INFO] ============================================================
2026-04-28 09:26:36,196 [INFO] STEP 8 — FEATURE INTEGRATION
2026-04-28 09:26:36,196 [INFO] ============================================================
2026-04-28 09:26:36,276 [INFO]   Expression: (10986, 29)  Network: (10986, 13)
2026-04-28 09:26:36,282 [INFO]   Concatenated: (10986, 42)
2026-04-28 09:26:36,293 [INFO]   Removed 21 collinear features: ['weighted_degree', 'component_size', 'min_edge_weight', 'tumor_median', 'normal_median', 't_stat', 'tumor_iqr_rank', 'tumor_mean_rank', 'cohens_d_rank', 'abs_log2fc_rank', 'neg_log10_padj_rank', 'betweenness_centrality', 'clustering_coefficient', 'max_edge_weight', 'std_edge_weight', 'in_largest_component', 'log2fc', 'iqr_ratio', 'std_ratio', 'tumor_kurtosis', 'normal_kurtosis']
2026-04-28 09:26:36,294 [INFO]   Features after collinearity removal: 21
2026-04-28 09:26:36,314 [INFO]   Highly correlated pairs (|r|>=0.95): 2
2026-04-28 09:26:36,740 [INFO]   Differential network features added: 9 columns (coverage: 10,986/10,986 genes)
2026-04-28 09:26:37,298 [INFO]   Integrated features: (10986, 30)
2026-04-28 09:26:37,299 [INFO] STEP 8 COMPLETE
2026-04-28 09:26:37,302 [INFO] <<< Step 8  — Feature integration DONE (1.5s)
2026-04-28 09:26:37,302 [INFO] >>> Step 9  — Label construction
2026-04-28 09:26:37,304 [INFO] ============================================================
2026-04-28 09:26:37,305 [INFO] STEP 9 — LABEL CONSTRUCTION
2026-04-28 09:26:37,305 [INFO] ============================================================
2026-04-28 09:26:37,375 [INFO]   LCGene symbols: 517
2026-04-28 09:26:37,384 [INFO]   Universe trimming: removing 1190 noisy unlabeled genes (non-expressed + no DE signal)
2026-04-28 09:26:37,388 [INFO]   Total: 9796  Positive (known LCGene): 438 (4.47%)  Unlabeled: 9358
2026-04-28 09:26:37,388 [INFO]   [PU framing] Negatives are UNLABELED — not confirmed non-cancer genes.
2026-04-28 09:26:37,597 [INFO]   LCGene genes unmatched: 79
2026-04-28 09:26:37,598 [INFO] STEP 9 COMPLETE
2026-04-28 09:26:37,599 [INFO] <<< Step 9  — Label construction DONE (0.3s)
2026-04-28 09:26:37,599 [INFO] >>> Step 10 — Train/val split
2026-04-28 09:26:37,602 [INFO] ============================================================
2026-04-28 09:26:37,602 [INFO] STEP 10 — TRAIN/VALIDATION SPLIT
2026-04-28 09:26:37,603 [INFO] ============================================================
2026-04-28 09:26:37,675 [INFO]   Features: (9796, 30)  Labels: 9796
2026-04-28 09:26:37,683 [INFO]   Train: 7836 (pos=350)  Val: 1960 (pos=88)
2026-04-28 09:26:37,692 [INFO]   Feature selection: kept top 20 features from feature_importance.csv
2026-04-28 09:26:38,661 [INFO] STEP 10 COMPLETE
2026-04-28 09:26:38,663 [INFO] <<< Step 10 — Train/val split DONE (1.1s)
2026-04-28 09:26:38,663 [INFO] >>> Step 11 — Model training
2026-04-28 09:26:38,783 [INFO] ============================================================
2026-04-28 09:26:38,783 [INFO] STEP 11 — MODEL TRAINING
2026-04-28 09:26:38,784 [INFO] ============================================================
2026-04-28 09:26:38,852 [INFO]   X_train: (7836, 20)  pos=350
2026-04-28 09:26:38,911 [INFO]   XGBoost added (scale_pos_weight=21.4)
2026-04-28 09:26:39,116 [INFO]   Random undersampling enabled (imbalanced-learn found).
2026-04-28 09:26:39,116 [INFO] 
  [random_forest] CV ...
2026-04-28 09:26:40,006 [INFO]     Fold 1 AUROC=0.9385 AUPRC=0.4315 F1=0.4375 MCC=0.4555
2026-04-28 09:26:40,821 [INFO]     Fold 2 AUROC=0.9281 AUPRC=0.4727 F1=0.4464 MCC=0.4475
2026-04-28 09:26:41,596 [INFO]     Fold 3 AUROC=0.9273 AUPRC=0.4679 F1=0.4115 MCC=0.4167
2026-04-28 09:26:42,369 [INFO]     Fold 4 AUROC=0.9448 AUPRC=0.4195 F1=0.4444 MCC=0.4508
2026-04-28 09:26:43,194 [INFO]     Fold 5 AUROC=0.9393 AUPRC=0.4600 F1=0.4333 MCC=0.4411
2026-04-28 09:26:43,194 [INFO]   [random_forest] AUROC=0.9356±0.0068  AUPRC=0.4503±0.0210  F1=0.4346±0.0125  MCC=0.4423±0.0137
2026-04-28 09:26:43,198 [INFO]   [random_forest] Hyperparameter tuning (RandomizedSearchCV n_iter=50, cv=3, scoring=average_precision) ...
2026-04-28 09:28:07,346 [INFO]   [random_forest] Best params: {'n_estimators': 800, 'min_samples_leaf': 2, 'max_features': 'sqrt', 'max_depth': None}  CV-AUPRC=0.4961
2026-04-28 09:28:07,684 [INFO] 
  [gradient_boosting] CV ...
2026-04-28 09:28:08,311 [INFO]     Fold 1 AUROC=0.9348 AUPRC=0.4173 F1=0.3822 MCC=0.4184
2026-04-28 09:28:08,934 [INFO]     Fold 2 AUROC=0.9296 AUPRC=0.4924 F1=0.4000 MCC=0.4200
2026-04-28 09:28:09,552 [INFO]     Fold 3 AUROC=0.9317 AUPRC=0.4543 F1=0.3725 MCC=0.4013
2026-04-28 09:28:10,145 [INFO]     Fold 4 AUROC=0.9468 AUPRC=0.4836 F1=0.4366 MCC=0.4718
2026-04-28 09:28:10,737 [INFO]     Fold 5 AUROC=0.9424 AUPRC=0.5015 F1=0.3875 MCC=0.4118
2026-04-28 09:28:10,738 [INFO]   [gradient_boosting] AUROC=0.9371±0.0065  AUPRC=0.4698±0.0307  F1=0.3958±0.0223  MCC=0.4246±0.0245
2026-04-28 09:28:10,743 [INFO]   [gradient_boosting] Hyperparameter tuning (RandomizedSearchCV n_iter=50, cv=3, scoring=average_precision) ...
2026-04-28 09:28:43,585 [INFO]   [gradient_boosting] Best params: {'subsample': 0.9, 'n_estimators': 500, 'max_depth': 3, 'learning_rate': 0.01}  CV-AUPRC=0.4855
2026-04-28 09:28:43,703 [INFO] 
  [logistic_regression] CV ...
2026-04-28 09:28:44,746 [INFO]     Fold 1 AUROC=0.8204 AUPRC=0.1233 F1=0.1222 MCC=0.1433
2026-04-28 09:28:45,738 [INFO]     Fold 2 AUROC=0.7819 AUPRC=0.2641 F1=0.1349 MCC=0.1516
2026-04-28 09:28:46,742 [INFO]     Fold 3 AUROC=0.8264 AUPRC=0.1251 F1=0.1288 MCC=0.1590
2026-04-28 09:28:47,725 [INFO]     Fold 4 AUROC=0.8006 AUPRC=0.2726 F1=0.1347 MCC=0.1537
2026-04-28 09:28:48,760 [INFO]     Fold 5 AUROC=0.7711 AUPRC=0.2537 F1=0.1284 MCC=0.1372
2026-04-28 09:28:48,760 [INFO]   [logistic_regression] AUROC=0.8001±0.0213  AUPRC=0.2077±0.0685  F1=0.1298±0.0047  MCC=0.1490±0.0078
2026-04-28 09:28:54,783 [INFO] 
  [extra_trees] CV ...
2026-04-28 09:28:55,311 [INFO]     Fold 1 AUROC=0.9345 AUPRC=0.4505 F1=0.4223 MCC=0.4341
2026-04-28 09:28:55,830 [INFO]     Fold 2 AUROC=0.9194 AUPRC=0.4319 F1=0.4519 MCC=0.4451
2026-04-28 09:28:56,384 [INFO]     Fold 3 AUROC=0.9350 AUPRC=0.4751 F1=0.4483 MCC=0.4542
2026-04-28 09:28:56,913 [INFO]     Fold 4 AUROC=0.9370 AUPRC=0.3930 F1=0.4581 MCC=0.4628
2026-04-28 09:28:57,427 [INFO]     Fold 5 AUROC=0.9325 AUPRC=0.4157 F1=0.3967 MCC=0.3984
2026-04-28 09:28:57,428 [INFO]   [extra_trees] AUROC=0.9317±0.0063  AUPRC=0.4332±0.0282  F1=0.4355±0.0229  MCC=0.4389±0.0224
2026-04-28 09:28:58,585 [INFO] 
  [xgboost] CV ...
2026-04-28 09:28:59,001 [INFO]     Fold 1 AUROC=0.9362 AUPRC=0.4765 F1=0.3148 MCC=0.3712
2026-04-28 09:28:59,190 [INFO]     Fold 2 AUROC=0.9244 AUPRC=0.4497 F1=0.3543 MCC=0.3991
2026-04-28 09:28:59,347 [INFO]     Fold 3 AUROC=0.9235 AUPRC=0.4530 F1=0.3228 MCC=0.3672
2026-04-28 09:28:59,543 [INFO]     Fold 4 AUROC=0.9450 AUPRC=0.4545 F1=0.3810 MCC=0.4289
2026-04-28 09:28:59,710 [INFO]     Fold 5 AUROC=0.9389 AUPRC=0.5096 F1=0.3378 MCC=0.3869
2026-04-28 09:28:59,710 [INFO]   [xgboost] AUROC=0.9336±0.0084  AUPRC=0.4687±0.0225  F1=0.3421±0.0237  MCC=0.3907±0.0222
2026-04-28 09:28:59,717 [INFO]   [xgboost] Hyperparameter tuning (RandomizedSearchCV n_iter=50, cv=3, scoring=average_precision) ...
2026-04-28 09:29:08,697 [INFO]   [xgboost] Best params: {'subsample': 0.8, 'n_estimators': 200, 'max_depth': 5, 'learning_rate': 0.05, 'colsample_bytree': 0.8}  CV-AUPRC=0.4873
2026-04-28 09:29:08,726 [INFO] 
All models trained in 149.8s
2026-04-28 09:29:08,727 [INFO]   Best: gradient_boosting (AUPRC=0.4698)
2026-04-28 09:29:08,768 [INFO]   Best model (gradient_boosting, already calibrated) saved as best_model.joblib
2026-04-28 09:29:08,956 [INFO] STEP 11 COMPLETE
2026-04-28 09:29:08,977 [INFO] <<< Step 11 — Model training DONE (150.3s)
2026-04-28 09:29:08,977 [INFO] >>> Step 12 — Model evaluation
2026-04-28 09:29:08,981 [INFO] ============================================================
2026-04-28 09:29:08,982 [INFO] STEP 12 — MODEL EVALUATION
2026-04-28 09:29:08,982 [INFO] ============================================================
2026-04-28 09:29:09,021 [INFO]   Val: 1960 genes  pos=88
2026-04-28 09:29:09,537 [INFO]   [extra_trees           ] AUROC=0.9253 AUPRC=0.5248 F1@0.50=0.4757 MCC@0.50=0.4504 [oracle F1@0.26=0.5132] R@100=0.5114 P@100=0.4500
2026-04-28 09:29:09,567 [INFO]   [gradient_boosting     ] AUROC=0.9269 AUPRC=0.4535 F1@0.50=0.3916 MCC@0.50=0.3852 [oracle F1@0.35=0.4667] R@100=0.4773 P@100=0.4200
2026-04-28 09:29:09,593 [INFO]   [logistic_regression   ] AUROC=0.8617 AUPRC=0.3940 F1@0.50=0.3670 MCC@0.50=0.3382 [oracle F1@0.19=0.4153] R@100=0.4318 P@100=0.3800
2026-04-28 09:29:09,774 [INFO]   [random_forest         ] AUROC=0.9207 AUPRC=0.4627 F1@0.50=0.4138 MCC@0.50=0.3862 [oracle F1@0.28=0.4675] R@100=0.4432 P@100=0.3900
2026-04-28 09:29:09,806 [INFO]   [xgboost               ] AUROC=0.9240 AUPRC=0.4837 F1@0.50=0.4375 MCC@0.50=0.4265 [oracle F1@0.38=0.4720] R@100=0.4659 P@100=0.4100
2026-04-28 09:29:09,808 [INFO]   Ensemble weights (AUPRC): extra_trees=0.213  gradient_boosting=0.231  logistic_regression=0.102  random_forest=0.222  xgboost=0.231
2026-04-28 09:29:09,832 [INFO]   [ensemble_soft_vote    ] AUROC=0.9321 AUPRC=0.5092 F1@0.50=0.4549 MCC@0.50=0.4376 [oracle F1@0.30=0.5033] R@100=0.4886 P@100=0.4300
2026-04-28 09:29:09,859 [INFO]   Classification reports saved to: C:\Users\rahma\Downloads\gloom updated\trial\outputs\results\classification_reports
2026-04-28 09:29:10,855 [INFO]   Confusion matrix grid saved: eval_confusion_matrices.png
2026-04-28 09:29:11,326 [INFO]   Multi-threshold confusion matrices saved: eval_confusion_multithreshold.png
2026-04-28 09:29:11,643 [INFO] STEP 12 COMPLETE
2026-04-28 09:29:11,664 [INFO] <<< Step 12 — Model evaluation DONE (2.7s)
2026-04-28 09:29:11,664 [INFO] >>> Step 13 — Feature importance
2026-04-28 09:29:11,681 [INFO] ============================================================
2026-04-28 09:29:11,681 [INFO] STEP 13 — FEATURE IMPORTANCE
2026-04-28 09:29:11,681 [INFO] ============================================================
2026-04-28 09:29:12,376 [INFO]   [gradient_boosting] Permutation importance (n_repeats=10) …
2026-04-28 09:29:12,962 [INFO]   Top 5: {'tumor_std': 0.9999999999529542, 'tumor_cv': 0.45899017589798485, 'normal_std': 0.4487377198783623, 'neg_log10_padj': 0.3801119488055128, 'cohens_d': 0.28852524558843395}
2026-04-28 09:29:13,098 [INFO]   Feature importance shape: (20, 10)
2026-04-28 09:29:13,098 [INFO]   Top feature: tumor_std (0.8396)
2026-04-28 09:29:13,099 [INFO] STEP 13 COMPLETE
2026-04-28 09:29:13,117 [INFO] <<< Step 13 — Feature importance DONE (1.5s)
2026-04-28 09:29:13,118 [INFO] >>> Step 14 — Gene ranking
2026-04-28 09:29:13,121 [INFO] ============================================================
2026-04-28 09:29:13,122 [INFO] STEP 14 — GENE PREDICTION & RANKING
2026-04-28 09:29:13,122 [INFO] ============================================================
2026-04-28 09:29:13,205 [INFO]   Using PU bagging scores from step11b for gene ranking.
2026-04-28 09:29:13,222 [INFO]   PU bagging scores loaded: 10,986 genes.
2026-04-28 09:29:13,222 [INFO]   Score source: pu_bagging  |  novel threshold: 0.85
2026-04-28 09:29:13,223 [INFO]   Score source: pu_bagging  |  novel threshold: 0.85
2026-04-28 09:29:13,247 [INFO]   Total: 10,986  Novel candidates (prob>=0.85): 219  Sensitivity list (prob>=0.5): 2,074
2026-04-28 09:29:13,247 [INFO]   Median positive (known) rank: 250
2026-04-28 09:29:13,248 [INFO]   Positive (known) in top-50:  50  top-100: 99  top-200: 181  top-500: 317
2026-04-28 09:29:13,248 [INFO]   Recall@50=0.1142  Recall@100=0.2260  Recall@200=0.4132  Recall@500=0.7237
2026-04-28 09:29:13,248 [INFO]   Precision@50=1.0000  Precision@100=0.9900
2026-04-28 09:29:13,721 [INFO]   High-confidence novel candidates saved: 219 genes (prob>=0.85)
2026-04-28 09:29:13,722 [INFO]   Sensitivity novel candidates saved:     2074 genes (prob>=0.5)
2026-04-28 09:29:13,724 [INFO]   Query gene rankings saved: 0 genes
2026-04-28 09:29:13,727 [INFO] STEP 14 COMPLETE
2026-04-28 09:29:13,729 [INFO] <<< Step 14 — Gene ranking DONE (0.6s)
2026-04-28 09:29:13,730 [INFO] >>> Step 15 — Network annotation
2026-04-28 09:29:13,734 [INFO] ============================================================
2026-04-28 09:29:13,734 [INFO] STEP 15 — NETWORK ANNOTATION
2026-04-28 09:29:13,735 [INFO] ============================================================
2026-04-28 09:29:16,079 [INFO]   Graph: 10,986 nodes, 110,508 edges
2026-04-28 09:29:17,391 [INFO]   Positive edges: 108,468  Negative: 2,040
2026-04-28 09:29:24,485 [INFO]   LCGene nodes: 438  Novel: 219
2026-04-28 09:29:24,485 [INFO] STEP 15 COMPLETE
2026-04-28 09:29:24,512 [INFO] <<< Step 15 — Network annotation DONE (10.8s)
2026-04-28 09:29:24,512 [INFO] >>> Step 16 — Network export
2026-04-28 09:29:24,518 [INFO] ============================================================
2026-04-28 09:29:24,519 [INFO] STEP 16 — NETWORK EXPORT
2026-04-28 09:29:24,519 [INFO] ============================================================
2026-04-28 09:29:28,878 [INFO]   Graph: 10,986 nodes, 110,508 edges
2026-04-28 09:29:36,249 [INFO]   GraphML saved: C:\Users\rahma\Downloads\gloom updated\trial\outputs\results\network\exports/network_full.graphml
2026-04-28 09:29:42,257 [INFO]   Full network exports complete.
2026-04-28 09:29:42,300 [INFO]   [top100] 100 nodes, 51 edges
2026-04-28 09:29:42,415 [INFO]   [lcgene] 438 nodes, 925 edges
2026-04-28 09:29:42,491 [INFO]   [novel] 219 nodes, 263 edges
2026-04-28 09:29:44,859 [INFO]   [candidates] 3154 nodes, 30761 edges
2026-04-28 09:29:51,016 [INFO] 
  Sub-networks:
2026-04-28 09:29:51,017 [INFO]     top100               nodes=  100  edges=     51
2026-04-28 09:29:51,017 [INFO]     lcgene               nodes=  438  edges=    925
2026-04-28 09:29:51,017 [INFO]     novel                nodes=  219  edges=    263
2026-04-28 09:29:51,017 [INFO]     candidates           nodes=3,154  edges= 30,761
2026-04-28 09:29:51,017 [INFO] STEP 16 COMPLETE
2026-04-28 09:29:51,054 [INFO] <<< Step 16 — Network export DONE (26.5s)
2026-04-28 09:29:51,055 [INFO] >>> Step 17 — Visualization
2026-04-28 09:29:51,254 [INFO] ============================================================
2026-04-28 09:29:51,254 [INFO] STEP 17 — INTERACTIVE VISUALIZATION
2026-04-28 09:29:51,255 [INFO] ============================================================
2026-04-28 09:29:51,499 [INFO] [1] Volcano …
2026-04-28 09:29:52,240 [INFO]   Volcano saved: C:\Users\rahma\Downloads\gloom updated\trial\outputs\figures\interactive_volcano.html
2026-04-28 09:29:52,240 [INFO] [2] Ranking …
2026-04-28 09:29:52,496 [INFO]   Ranking plot saved: C:\Users\rahma\Downloads\gloom updated\trial\outputs\figures\interactive_ranking.html
2026-04-28 09:29:52,497 [INFO] [3] Network …
2026-04-28 09:29:52,637 [INFO]   Network plot saved: C:\Users\rahma\Downloads\gloom updated\trial\outputs\figures\interactive_network.html
2026-04-28 09:29:52,637 [INFO] [4] Feature importance …
2026-04-28 09:29:52,677 [INFO]   Feature importance saved: C:\Users\rahma\Downloads\gloom updated\trial\outputs\figures\interactive_feature_importance.html
2026-04-28 09:29:52,678 [INFO] [5] KEGG pathways …
2026-04-28 09:29:52,734 [INFO]   KEGG plot saved: C:\Users\rahma\Downloads\gloom updated\trial\outputs\figures\interactive_kegg.html
2026-04-28 09:29:52,735 [INFO] [6] Dashboard …
2026-04-28 09:29:52,838 [INFO]   Combined dashboard saved: C:\Users\rahma\Downloads\gloom updated\trial\outputs\figures\interactive_dashboard.html
2026-04-28 09:29:52,841 [INFO] STEP 17 COMPLETE
2026-04-28 09:29:52,845 [INFO] <<< Step 17 — Visualization DONE (1.8s)
2026-04-28 09:29:52,845 [INFO] >>> Step 18 — Final report
2026-04-28 09:29:52,850 [INFO] ============================================================
2026-04-28 09:29:52,851 [INFO] STEP 18 — FINAL OUTPUTS & REPORTING
2026-04-28 09:29:52,851 [INFO] ============================================================
2026-04-28 09:29:52,852 [INFO] [1] Building summary table …
2026-04-28 09:29:53,145 [INFO]   Summary table: (10986, 29)
2026-04-28 09:29:53,146 [INFO] [2] Building text report …
2026-04-28 09:29:53,178 [ERROR]   Report failed: 'mcc'
2026-04-28 09:29:53,179 [INFO] [3] Building summary figure …
2026-04-28 09:29:53,997 [INFO]   Summary figure (PNG) saved: C:\Users\rahma\Downloads\gloom updated\trial\outputs\results\reports\pipeline_summary_figure.png
2026-04-28 09:29:54,765 [INFO]   Summary figure (PDF) saved: C:\Users\rahma\Downloads\gloom updated\trial\outputs\results\reports\pipeline_summary_figure.pdf
2026-04-28 09:29:54,766 [INFO] [4] Writing master runner …
2026-04-28 09:29:54,767 [INFO]   Master runner saved: C:\Users\rahma\Downloads\gloom updated\trial\LUAD_ML_Pipeline\run_pipeline.py
2026-04-28 09:29:54,768 [INFO] ============================================================
2026-04-28 09:29:54,768 [INFO] STEP 18 SUMMARY
2026-04-28 09:29:54,768 [INFO] ============================================================
2026-04-28 09:29:54,769 [INFO]   Summary table: C:\Users\rahma\Downloads\gloom updated\trial\outputs\results\reports/pipeline_summary_table.csv
2026-04-28 09:29:54,769 [INFO]   Text report  : C:\Users\rahma\Downloads\gloom updated\trial\outputs\results\reports/pipeline_report.txt
2026-04-28 09:29:54,769 [INFO]   Summary fig  : C:\Users\rahma\Downloads\gloom updated\trial\outputs\results\reports/pipeline_summary_figure.png
2026-04-28 09:29:54,770 [INFO]   Master runner: C:\Users\rahma\Downloads\gloom updated\trial\LUAD_ML_Pipeline\run_pipeline.py
2026-04-28 09:29:54,771 [INFO] 
2026-04-28 09:29:54,771 [INFO]   Key deliverables:
2026-04-28 09:29:54,771 [INFO]     Gene rankings    : C:\Users\rahma\Downloads\gloom updated\trial\outputs\results\gene_rankings.csv
2026-04-28 09:29:54,771 [INFO]     Novel candidates : C:\Users\rahma\Downloads\gloom updated\trial\outputs\results/novel_candidates.csv
2026-04-28 09:29:54,772 [INFO]     Dashboard        : C:\Users\rahma\Downloads\gloom updated\trial\outputs\figures/interactive_dashboard.html
2026-04-28 09:29:54,773 [INFO] STEP 18 COMPLETE
2026-04-28 09:29:54,774 [INFO] <<< Step 18 — Final report DONE (1.9s)
2026-04-28 09:29:54,775 [INFO] ======================================================================
2026-04-28 09:29:54,775 [INFO] EXECUTION SUMMARY
2026-04-28 09:29:54,775 [INFO] ======================================================================
2026-04-28 09:29:54,775 [INFO]   [OK] Step 0  — Config                                  0.0s
2026-04-28 09:29:54,776 [INFO]   [OK] Step 1  — Data loading                           42.8s
2026-04-28 09:29:54,776 [INFO]   [OK] Step 2  — Preprocessing                          37.1s
2026-04-28 09:29:54,777 [INFO]   [OK] Step 3  — Harmonization                          24.8s
2026-04-28 09:29:54,777 [INFO]   [OK] Step 4  — Differential expr                       9.3s
2026-04-28 09:29:54,778 [INFO]   [OK] Step 5  — Expr features                          26.7s
2026-04-28 09:29:54,778 [INFO]   [OK] Step 6  — Co-expr network                        14.7s
2026-04-28 09:29:54,779 [INFO]   [OK] Step 7  — Network features                      120.0s
2026-04-28 09:29:54,779 [INFO]   [OK] Step 8  — Feature integration                     1.5s
2026-04-28 09:29:54,780 [INFO]   [OK] Step 9  — Label construction                      0.3s
2026-04-28 09:29:54,780 [INFO]   [OK] Step 10 — Train/val split                         1.1s
2026-04-28 09:29:54,781 [INFO]   [OK] Step 11 — Model training                        150.3s
2026-04-28 09:29:54,781 [INFO]   [OK] Step 12 — Model evaluation                        2.7s
2026-04-28 09:29:54,781 [INFO]   [OK] Step 13 — Feature importance                      1.5s
2026-04-28 09:29:54,782 [INFO]   [OK] Step 14 — Gene ranking                            0.6s
2026-04-28 09:29:54,782 [INFO]   [OK] Step 15 — Network annotation                     10.8s
2026-04-28 09:29:54,783 [INFO]   [OK] Step 16 — Network export                         26.5s
2026-04-28 09:29:54,783 [INFO]   [OK] Step 17 — Visualization                           1.8s
2026-04-28 09:29:54,784 [INFO]   [OK] Step 18 — Final report                            1.9s
2026-04-28 09:29:54,784 [INFO]   Total: 474.4s (7.9 min)
2026-04-28 09:29:54,785 [INFO]   Pipeline COMPLETE.
2026-04-28 09:29:54,785 [INFO] ======================================================================
2026-04-28 09:35:00,031 [INFO] ======================================================================
2026-04-28 09:35:00,032 [INFO] LUAD ML PIPELINE — FULL RUN
2026-04-28 09:35:00,032 [INFO] ======================================================================
2026-04-28 09:35:00,032 [INFO] >>> Step 0  — Config
2026-04-28 09:35:00,033 [INFO] <<< Step 0  — Config DONE (0.0s)
2026-04-28 09:35:00,033 [INFO] >>> Step 1  — Data loading
2026-04-28 09:35:00,822 [INFO] ============================================================
2026-04-28 09:35:00,823 [INFO] STEP 1 — DATA LOADING
2026-04-28 09:35:00,823 [INFO] ============================================================
2026-04-28 09:35:00,825 [INFO] Loading tumor expression from: C:\Users\rahma\Downloads\gloom updated\trial\data\raw\cBioPortal (RNA Seq Data)\data_mrna_seq_v2_rsem.txt
2026-04-28 09:35:03,638 [INFO]   Raw shape: (20531, 512)
2026-04-28 09:35:03,793 [WARNING]   19 duplicate gene symbols found — keeping highest-mean row.
2026-04-28 09:35:03,940 [INFO]   Final shape: (20512, 510)
2026-04-28 09:35:03,941 [INFO] Loading tumor metadata from: C:\Users\rahma\Downloads\gloom updated\trial\data\raw\cBioPortal (RNA Seq Data)\data_clinical_patient.txt
2026-04-28 09:35:03,950 [INFO]   Raw shape: (566, 38)
2026-04-28 09:35:03,954 [INFO]   Final shape: (566, 35)
2026-04-28 09:35:03,954 [INFO] Loading normal expression from: C:\Users\rahma\Downloads\gloom updated\trial\data\raw\Gtex (normal samples)\gene_tpm_v11_lung.gct.gz
2026-04-28 09:35:03,957 [INFO]   GCT version line : #1.2
2026-04-28 09:35:03,957 [INFO]   GCT dimension line: 74628	604
2026-04-28 09:35:15,504 [INFO]   Raw shape (after preamble skip): (74628, 606)
2026-04-28 09:35:15,913 [WARNING]   1307 duplicate gene symbols — keeping highest-mean row.
2026-04-28 09:35:16,534 [INFO]   Final shape: (73321, 604)
2026-04-28 09:35:16,535 [INFO] Loading normal metadata from: C:\Users\rahma\Downloads\gloom updated\trial\data\raw\Gtex (normal samples)\GTEx_Analysis_v11_Annotations_SampleAttributesDS - LUAD.txt
2026-04-28 09:35:16,577 [INFO]   Raw shape: (1892, 119)  (all assay types)
2026-04-28 09:35:16,595 [INFO]   Retaining 11 QC columns: ['SAMPID', 'SMTS', 'SMTSD', 'SMRIN', 'SMATSSCR', 'SMRDTTL', 'SMMAPRT', 'SMRRNART', 'SMRDLGTH', 'SMNABTCHT', 'SMGEBTCHT']
2026-04-28 09:35:16,597 [INFO]   SMRIN  (RNA integrity) : mean=7.17  min=3.5  max=9.7
2026-04-28 09:35:16,600 [INFO]   SMATSSCR (autolysis)   : {0.0: 43, 1.0: 410, 2.0: 128, 3.0: 10}
2026-04-28 09:35:16,601 [INFO]   SMMAPRT  (map rate)    : mean=0.9836  min=0.8003
2026-04-28 09:35:16,601 [INFO]   Final shape: (604, 10)  (604 RNA-seq samples × 10 QC columns)
2026-04-28 09:35:16,602 [INFO] Loading labeled LUAD gene list from: C:\Users\rahma\Downloads\gloom updated\trial\data\raw\LCGene (Labeled LUAD Data)\LCGene_human_LUAD_filtered.tsv
2026-04-28 09:35:16,609 [INFO]   Raw shape: (517, 10)
2026-04-28 09:35:16,612 [INFO]   Unique labeled LUAD genes loaded: 517
2026-04-28 09:35:16,623 [INFO]   Full LCGene table saved to: C:\Users\rahma\Downloads\gloom updated\trial\data\processed\lcgene_luad_full.csv
2026-04-28 09:35:16,624 [INFO] 
Saving raw-loaded files to processed directory …
2026-04-28 09:35:47,288 [INFO] 
============================================================
2026-04-28 09:35:47,288 [INFO] STEP 1 SUMMARY
2026-04-28 09:35:47,288 [INFO] ============================================================
2026-04-28 09:35:47,288 [INFO]   Tumor expression   :  20512 genes  x  510 samples
2026-04-28 09:35:47,288 [INFO]   Normal expression  :  73321 genes  x  604 samples
2026-04-28 09:35:47,289 [INFO]   Normal metadata    :    604 RNA-seq samples  x  10 QC columns
2026-04-28 09:35:47,289 [INFO]   Labeled LUAD genes :    517 unique gene symbols (LCGene)
2026-04-28 09:35:47,289 [INFO] STEP 1 COMPLETE
2026-04-28 09:35:47,327 [INFO] <<< Step 1  — Data loading DONE (47.3s)
2026-04-28 09:35:47,328 [INFO] >>> Step 2  — Preprocessing
2026-04-28 09:35:48,930 [INFO] ============================================================
2026-04-28 09:35:48,931 [INFO] STEP 2 — DATA PREPROCESSING & QUALITY CONTROL
2026-04-28 09:35:48,931 [INFO] ============================================================
2026-04-28 09:35:54,332 [INFO] 
--- Tumor preprocessing ---
2026-04-28 09:35:54,472 [INFO]   [tumor] Replaced 1463479 zeros and 0 negatives with NaN.
2026-04-28 09:35:54,730 [INFO]   [tumor] log2(x+1) applied. Range: [0.004, 20.450]
2026-04-28 09:35:56,769 [WARNING]   [tumor] No common samples — trying TCGA ID truncation.
2026-04-28 09:35:56,815 [INFO]   [tumor] Retained 510 common samples.
2026-04-28 09:35:56,825 [INFO]   [tumor] Sample count OK: 510 >= 50.
2026-04-28 09:35:56,825 [INFO] 
--- Normal preprocessing ---
2026-04-28 09:35:57,341 [INFO]   [normal] Replaced 21868568 zeros and 0 negatives with NaN.
2026-04-28 09:35:58,542 [INFO]   [normal] log2(x+1) applied. Range: [0.000, 16.393]
2026-04-28 09:36:01,392 [INFO]   [normal] Retained 604 common samples.
2026-04-28 09:36:01,398 [INFO]   [normal] Sample count OK: 604 >= 50.
2026-04-28 09:36:01,398 [INFO] 
Generating QC plots …
2026-04-28 09:36:24,662 [INFO] 
============================================================
2026-04-28 09:36:24,663 [INFO] STEP 2 SUMMARY
2026-04-28 09:36:24,663 [INFO] ============================================================
2026-04-28 09:36:24,664 [INFO]   Tumor  expr :  16570 genes x  510 samples
2026-04-28 09:36:24,664 [INFO]   Normal expr :  21159 genes x  604 samples
2026-04-28 09:36:24,665 [INFO] STEP 2 COMPLETE
2026-04-28 09:36:24,706 [INFO] <<< Step 2  — Preprocessing DONE (37.4s)
2026-04-28 09:36:24,707 [INFO] >>> Step 3  — Harmonization
2026-04-28 09:36:24,714 [INFO] ============================================================
2026-04-28 09:36:24,715 [INFO] STEP 3 — GENE ID HARMONIZATION
2026-04-28 09:36:24,715 [INFO] ============================================================
2026-04-28 09:36:28,499 [WARNING]   [tumor] Dropping 1 invalid symbols.
2026-04-28 09:36:28,573 [INFO]   Common genes: 10986
2026-04-28 09:36:28,581 [INFO]   LCGene retained: 438 / 517 (84.7%)
2026-04-28 09:36:28,581 [WARNING]   LCGene genes lost: ABCB4, AKR1B10, ASCL1, BCL2L14, BPIFA1, BRINP1, BRSK2, C20ORF85, CA9, CASC1, CCKBR, CDX2, CHGA, CHRNA1, CHRNA5, CHRNA9, CLCA2, CLDN2, CSMD1, CYP2C19, CYP2C9, DLK1, DLX5, DPYSL5, DRD2, DSC3, ECE2, ELAVL2, EPHA7, FAM83A, FUT6, FZD9, GABRA3, GATA4, GPR87, HMGA2, HNF4A, HOXB9, IGF2BP3, INSM1, KCNH1, KCNJ3, KIF14, KIF5A, KLK6, KRT81, LEP, LGSN, MAGEA1, MAGEA6, MAGEC1, MMP13, MYO18B, NOV, NR0B1, NR1I2, NRXN1, OPCML, PAEP, PAX5, PITX2, PRAME, PTPRH, RGS17, SCGN, SERPINB4, SERPINB5, T, TERT, TF, TFAP2A, TFAP2B, TRIM31, TRPM8, UGT1A6, VIL1, VTCN1, WISP1, XDH
2026-04-28 09:36:42,798 [INFO]   Common genes: 10986
2026-04-28 09:36:42,798 [INFO] STEP 3 COMPLETE
2026-04-28 09:36:42,804 [INFO] <<< Step 3  — Harmonization DONE (18.1s)
2026-04-28 09:36:42,804 [INFO] >>> Step 4  — Differential expr
2026-04-28 09:36:42,935 [INFO] ============================================================
2026-04-28 09:36:42,936 [INFO] STEP 4 — DIFFERENTIAL EXPRESSION
2026-04-28 09:36:42,936 [INFO] ============================================================
2026-04-28 09:36:45,076 [INFO]   Tumor: (10986, 510)  Normal: (10986, 604)
2026-04-28 09:36:45,210 [INFO]   Running Welch t-test for 10986 genes …
2026-04-28 09:36:48,607 [INFO]   Significant at FDR<=0.001: 10882
2026-04-28 09:36:49,358 [INFO]   Up: 9700  Down: 15  NS: 1271
2026-04-28 09:36:49,358 [INFO] STEP 4 COMPLETE
2026-04-28 09:36:49,364 [INFO] <<< Step 4  — Differential expr DONE (6.6s)
2026-04-28 09:36:49,365 [INFO] >>> Step 5  — Expr features
2026-04-28 09:36:49,370 [INFO] ============================================================
2026-04-28 09:36:49,370 [INFO] STEP 5 — EXPRESSION FEATURE CONSTRUCTION
2026-04-28 09:36:49,371 [INFO] ============================================================
2026-04-28 09:36:51,463 [INFO]   Computing stats for [tumor] ((10986, 510)) …
2026-04-28 09:36:59,763 [INFO]   Computing stats for [normal] ((10986, 604)) …
2026-04-28 09:37:08,194 [INFO]   [expression_features] Validated. Shape: (10986, 29)
2026-04-28 09:37:08,963 [INFO]   Expression features: (10986, 29)
2026-04-28 09:37:08,964 [INFO] STEP 5 COMPLETE
2026-04-28 09:37:08,972 [INFO] <<< Step 5  — Expr features DONE (19.6s)
2026-04-28 09:37:08,972 [INFO] >>> Step 6  — Co-expr network
2026-04-28 09:37:09,283 [INFO] ============================================================
2026-04-28 09:37:09,284 [INFO] STEP 6 — CO-EXPRESSION NETWORK CONSTRUCTION
2026-04-28 09:37:09,284 [INFO] ============================================================
2026-04-28 09:37:10,290 [INFO]   Matrix: 10986 genes x 510 samples | cutoff |r|>=0.6
2026-04-28 09:37:11,164 [INFO]   Chunk 10/22 edges so far: 86,077 (0.8s)
2026-04-28 09:37:12,050 [INFO]   Chunk 20/22 edges so far: 109,749 (1.7s)
2026-04-28 09:37:12,223 [INFO]   Chunk 22/22 edges so far: 110,508 (1.9s)
2026-04-28 09:37:12,281 [INFO]   Total edges: 110,508
2026-04-28 09:37:15,569 [INFO]   Graph: 4,977 nodes, 110,508 edges
2026-04-28 09:37:18,660 [INFO]   Runtime: 2.1s
2026-04-28 09:37:18,661 [INFO] STEP 6 COMPLETE
2026-04-28 09:37:18,670 [INFO] <<< Step 6  — Co-expr network DONE (9.7s)
2026-04-28 09:37:18,670 [INFO] >>> Step 6b — Normal network
2026-04-28 09:37:18,674 [INFO] ============================================================
2026-04-28 09:37:18,674 [INFO] STEP 6b — NORMAL TISSUE CO-EXPRESSION NETWORK
2026-04-28 09:37:18,675 [INFO] ============================================================
2026-04-28 09:37:19,679 [INFO]   Normal expression: 10,986 genes × 604 samples
2026-04-28 09:37:19,681 [INFO]   Correlation cutoff: |r| >= 0.6
2026-04-28 09:37:19,681 [INFO]   Matrix: 10986 genes x 604 samples | cutoff |r|>=0.6
2026-04-28 09:37:20,813 [INFO]   Chunk 10/22 edges so far: 817,242 (1.1s)
2026-04-28 09:37:21,893 [INFO]   Chunk 20/22 edges so far: 1,240,735 (2.2s)
2026-04-28 09:37:22,148 [INFO]   Chunk 22/22 edges so far: 1,276,368 (2.4s)
2026-04-28 09:37:22,231 [INFO]   Total edges: 1,276,368
2026-04-28 09:38:02,700 [INFO]   Graph: 9,338 nodes, 1,276,368 edges
2026-04-28 09:38:29,628 [INFO]   Normal network: 10,986 nodes, 1,276,368 edges
2026-04-28 09:38:29,639 [INFO] STEP 6b COMPLETE
2026-04-28 09:38:29,678 [INFO] <<< Step 6b — Normal network DONE (71.0s)
2026-04-28 09:38:29,678 [INFO] >>> Step 7  — Network features
2026-04-28 09:38:29,682 [INFO] ============================================================
2026-04-28 09:38:29,683 [INFO] STEP 7 — NETWORK FEATURE EXTRACTION
2026-04-28 09:38:29,683 [INFO] ============================================================
2026-04-28 09:38:32,316 [INFO]   Graph: 10,986 nodes, 110,508 edges
2026-04-28 09:38:32,321 [INFO]   Extracting degree features …
2026-04-28 09:38:32,388 [INFO]   Extracting average neighbour degree …
2026-04-28 09:38:32,425 [INFO]   Betweenness centrality (n=10,986) …
2026-04-28 09:38:47,476 [INFO]   Closeness centrality …
2026-04-28 09:40:02,728 [INFO]   Eigenvector centrality …
2026-04-28 09:40:05,214 [INFO]   Clustering coefficient …
2026-04-28 09:40:27,746 [INFO]   Edge weight statistics …
2026-04-28 09:40:28,002 [INFO]   Component features …
2026-04-28 09:40:28,039 [INFO]   All features extracted in 115.7s
2026-04-28 09:40:29,299 [INFO]   Network features: (10986, 13)
2026-04-28 09:40:29,300 [INFO] STEP 7 COMPLETE
2026-04-28 09:40:29,302 [INFO] <<< Step 7  — Network features DONE (119.6s)
2026-04-28 09:40:29,303 [INFO] >>> Step 7b — Diff network feats
2026-04-28 09:40:29,307 [INFO] ============================================================
2026-04-28 09:40:29,307 [INFO] STEP 7b — DIFFERENTIAL CO-EXPRESSION FEATURES
2026-04-28 09:40:29,307 [INFO] ============================================================
2026-04-28 09:40:29,308 [INFO]   Loading Tumor network: C:\Users\rahma\Downloads\gloom updated\trial\outputs\results\network\coexpression_network.graphml
2026-04-28 09:40:31,659 [INFO]     10,986 nodes, 110,508 edges
2026-04-28 09:40:31,659 [INFO]   Loading Normal network: C:\Users\rahma\Downloads\gloom updated\trial\outputs\results\network\normal_coexpression_network.graphml
2026-04-28 09:40:56,830 [INFO]     10,986 nodes, 1,276,368 edges
2026-04-28 09:40:56,837 [INFO]   Gene universe (union): 10,986
2026-04-28 09:40:56,837 [INFO]   Computing degree features …
2026-04-28 09:40:56,849 [INFO]   Computing clustering coefficients …
2026-04-28 09:41:18,979 [WARNING]   Skipping clustering coefficient — graph too dense (1,276,368 edges > 300,000 limit). Set to 0.0.
2026-04-28 09:41:18,981 [INFO]   Computing betweenness centrality …
2026-04-28 09:41:39,875 [WARNING]   Skipping betweenness centrality — graph too dense (1,276,368 edges > 500,000 limit). Set to 0.0.
2026-04-28 09:41:39,877 [INFO]   Computing mean edge weight …
2026-04-28 09:41:42,098 [INFO]   Computing tumor-specific / normal-specific edges …
2026-04-28 09:41:42,606 [INFO]   All features computed in 45.8s
2026-04-28 09:41:42,711 [INFO]   Genes gaining connections in tumor: 1,161  losing: 8,400
2026-04-28 09:41:42,711 [INFO]   Mean rewiring_ratio: 0.8564
2026-04-28 09:41:42,840 [INFO]   Differential features: (10986, 15)
2026-04-28 09:41:42,844 [INFO] STEP 7b COMPLETE
2026-04-28 09:41:42,854 [INFO] <<< Step 7b — Diff network feats DONE (73.5s)
2026-04-28 09:41:42,854 [INFO] >>> Step 8  — Feature integration
2026-04-28 09:41:43,498 [INFO] ============================================================
2026-04-28 09:41:43,499 [INFO] STEP 8 — FEATURE INTEGRATION
2026-04-28 09:41:43,499 [INFO] ============================================================
2026-04-28 09:41:43,618 [INFO]   Expression: (10986, 29)  Network: (10986, 13)
2026-04-28 09:41:43,626 [INFO]   Concatenated: (10986, 42)
2026-04-28 09:41:43,639 [INFO]   Removed 21 collinear features: ['weighted_degree', 'component_size', 'min_edge_weight', 'tumor_median', 'normal_median', 't_stat', 'tumor_iqr_rank', 'tumor_mean_rank', 'cohens_d_rank', 'abs_log2fc_rank', 'neg_log10_padj_rank', 'betweenness_centrality', 'clustering_coefficient', 'max_edge_weight', 'std_edge_weight', 'in_largest_component', 'log2fc', 'iqr_ratio', 'std_ratio', 'tumor_kurtosis', 'normal_kurtosis']
2026-04-28 09:41:43,639 [INFO]   Features after collinearity removal: 21
2026-04-28 09:41:43,663 [INFO]   Highly correlated pairs (|r|>=0.95): 2
2026-04-28 09:41:44,228 [INFO]   Differential network features added: 9 columns (coverage: 10,986/10,986 genes)
2026-04-28 09:41:44,990 [INFO]   Integrated features: (10986, 30)
2026-04-28 09:41:44,990 [INFO] STEP 8 COMPLETE
2026-04-28 09:41:44,993 [INFO] <<< Step 8  — Feature integration DONE (2.1s)
2026-04-28 09:41:44,993 [INFO] >>> Step 9  — Label construction
2026-04-28 09:41:44,996 [INFO] ============================================================
2026-04-28 09:41:44,996 [INFO] STEP 9 — LABEL CONSTRUCTION
2026-04-28 09:41:44,997 [INFO] ============================================================
2026-04-28 09:41:45,096 [INFO]   LCGene symbols: 517
2026-04-28 09:41:45,111 [INFO]   Universe trimming: removing 1190 noisy unlabeled genes (non-expressed + no DE signal)
2026-04-28 09:41:45,122 [INFO]   Total: 9796  Positive (known LCGene): 438 (4.47%)  Unlabeled: 9358
2026-04-28 09:41:45,122 [INFO]   [PU framing] Negatives are UNLABELED — not confirmed non-cancer genes.
2026-04-28 09:41:46,893 [INFO]   LCGene genes unmatched: 79
2026-04-28 09:41:46,893 [INFO] STEP 9 COMPLETE
2026-04-28 09:41:46,897 [INFO] <<< Step 9  — Label construction DONE (1.9s)
2026-04-28 09:41:46,897 [INFO] >>> Step 10 — Train/val split
2026-04-28 09:41:46,899 [INFO] ============================================================
2026-04-28 09:41:46,899 [INFO] STEP 10 — TRAIN/VALIDATION SPLIT
2026-04-28 09:41:46,899 [INFO] ============================================================
2026-04-28 09:41:46,997 [INFO]   Features: (9796, 30)  Labels: 9796
2026-04-28 09:41:47,014 [INFO]   Train: 7836 (pos=350)  Val: 1960 (pos=88)
2026-04-28 09:41:47,026 [INFO]   Feature selection: kept top 20 features from feature_importance.csv
2026-04-28 09:41:47,895 [INFO] STEP 10 COMPLETE
2026-04-28 09:41:47,897 [INFO] <<< Step 10 — Train/val split DONE (1.0s)
2026-04-28 09:41:47,897 [INFO] >>> Step 11 — Model training
2026-04-28 09:41:48,047 [INFO] ============================================================
2026-04-28 09:41:48,048 [INFO] STEP 11 — MODEL TRAINING
2026-04-28 09:41:48,048 [INFO] ============================================================
2026-04-28 09:41:48,127 [INFO]   X_train: (7836, 20)  pos=350
2026-04-28 09:41:48,224 [INFO]   XGBoost added (scale_pos_weight=21.4)
2026-04-28 09:41:48,523 [INFO]   Random undersampling enabled (imbalanced-learn found).
2026-04-28 09:41:48,523 [INFO] 
  [random_forest] CV ...
2026-04-28 09:41:49,714 [INFO]     Fold 1 AUROC=0.9383 AUPRC=0.4225 F1=0.4375 MCC=0.4555
2026-04-28 09:41:50,909 [INFO]     Fold 2 AUROC=0.9255 AUPRC=0.4792 F1=0.4455 MCC=0.4441
2026-04-28 09:41:52,163 [INFO]     Fold 3 AUROC=0.9256 AUPRC=0.4554 F1=0.4237 MCC=0.4275
2026-04-28 09:41:53,571 [INFO]     Fold 4 AUROC=0.9436 AUPRC=0.4370 F1=0.4386 MCC=0.4406
2026-04-28 09:41:54,855 [INFO]     Fold 5 AUROC=0.9389 AUPRC=0.4602 F1=0.4327 MCC=0.4431
2026-04-28 09:41:54,855 [INFO]   [random_forest] AUROC=0.9344±0.0074  AUPRC=0.4508±0.0195  F1=0.4356±0.0072  MCC=0.4422±0.0090
2026-04-28 09:41:54,860 [INFO]   [random_forest] Hyperparameter tuning (RandomizedSearchCV n_iter=50, cv=3, scoring=average_precision) ...
2026-04-28 09:43:22,453 [INFO]   [random_forest] Best params: {'n_estimators': 500, 'min_samples_leaf': 2, 'max_features': 'sqrt', 'max_depth': 20}  CV-AUPRC=0.4936
2026-04-28 09:43:22,658 [INFO] 
  [gradient_boosting] CV ...
2026-04-28 09:43:23,273 [INFO]     Fold 1 AUROC=0.9357 AUPRC=0.3980 F1=0.3865 MCC=0.4309
2026-04-28 09:43:23,906 [INFO]     Fold 2 AUROC=0.9233 AUPRC=0.4723 F1=0.3838 MCC=0.3974
2026-04-28 09:43:24,553 [INFO]     Fold 3 AUROC=0.9318 AUPRC=0.4674 F1=0.3803 MCC=0.4110
2026-04-28 09:43:25,195 [INFO]     Fold 4 AUROC=0.9461 AUPRC=0.4681 F1=0.4240 MCC=0.4551
2026-04-28 09:43:25,802 [INFO]     Fold 5 AUROC=0.9397 AUPRC=0.4884 F1=0.3679 MCC=0.3915
2026-04-28 09:43:25,802 [INFO]   [gradient_boosting] AUROC=0.9353±0.0077  AUPRC=0.4588±0.0314  F1=0.3885±0.0189  MCC=0.4172±0.0233
2026-04-28 09:43:25,808 [INFO]   [gradient_boosting] Hyperparameter tuning (RandomizedSearchCV n_iter=50, cv=3, scoring=average_precision) ...
2026-04-28 09:43:58,264 [INFO]   [gradient_boosting] Best params: {'subsample': 0.8, 'n_estimators': 500, 'max_depth': 3, 'learning_rate': 0.01}  CV-AUPRC=0.4844
2026-04-28 09:43:58,311 [INFO] 
  [logistic_regression] CV ...
2026-04-28 09:43:59,510 [INFO]     Fold 1 AUROC=0.8204 AUPRC=0.1233 F1=0.1222 MCC=0.1433
2026-04-28 09:44:00,750 [INFO]     Fold 2 AUROC=0.7819 AUPRC=0.2641 F1=0.1349 MCC=0.1516
2026-04-28 09:44:01,978 [INFO]     Fold 3 AUROC=0.8264 AUPRC=0.1251 F1=0.1288 MCC=0.1590
2026-04-28 09:44:03,144 [INFO]     Fold 4 AUROC=0.8006 AUPRC=0.2726 F1=0.1347 MCC=0.1537
2026-04-28 09:44:04,326 [INFO]     Fold 5 AUROC=0.7711 AUPRC=0.2537 F1=0.1284 MCC=0.1372
2026-04-28 09:44:04,327 [INFO]   [logistic_regression] AUROC=0.8001±0.0213  AUPRC=0.2077±0.0685  F1=0.1298±0.0047  MCC=0.1490±0.0078
2026-04-28 09:44:11,563 [INFO] 
  [extra_trees] CV ...
2026-04-28 09:44:12,413 [INFO]     Fold 1 AUROC=0.9352 AUPRC=0.4615 F1=0.4173 MCC=0.4297
2026-04-28 09:44:13,352 [INFO]     Fold 2 AUROC=0.9186 AUPRC=0.4234 F1=0.4507 MCC=0.4464
2026-04-28 09:44:14,090 [INFO]     Fold 3 AUROC=0.9351 AUPRC=0.4743 F1=0.4407 MCC=0.4475
2026-04-28 09:44:15,082 [INFO]     Fold 4 AUROC=0.9398 AUPRC=0.4036 F1=0.4464 MCC=0.4525
2026-04-28 09:44:15,999 [INFO]     Fold 5 AUROC=0.9324 AUPRC=0.4132 F1=0.3983 MCC=0.3999
2026-04-28 09:44:16,000 [INFO]   [extra_trees] AUROC=0.9322±0.0072  AUPRC=0.4352±0.0277  F1=0.4307±0.0199  MCC=0.4352±0.0193
2026-04-28 09:44:17,299 [INFO] 
  [xgboost] CV ...
2026-04-28 09:44:17,779 [INFO]     Fold 1 AUROC=0.9381 AUPRC=0.4543 F1=0.3130 MCC=0.3666
2026-04-28 09:44:17,923 [INFO]     Fold 2 AUROC=0.9257 AUPRC=0.4577 F1=0.3658 MCC=0.4095
2026-04-28 09:44:18,069 [INFO]     Fold 3 AUROC=0.9211 AUPRC=0.4604 F1=0.3217 MCC=0.3634
2026-04-28 09:44:18,214 [INFO]     Fold 4 AUROC=0.9446 AUPRC=0.4620 F1=0.3721 MCC=0.4209
2026-04-28 09:44:18,352 [INFO]     Fold 5 AUROC=0.9396 AUPRC=0.5263 F1=0.3233 MCC=0.3621
2026-04-28 09:44:18,353 [INFO]   [xgboost] AUROC=0.9338±0.0089  AUPRC=0.4721±0.0272  F1=0.3392±0.0246  MCC=0.3845±0.0254
2026-04-28 09:44:18,359 [INFO]   [xgboost] Hyperparameter tuning (RandomizedSearchCV n_iter=50, cv=3, scoring=average_precision) ...
2026-04-28 09:44:28,262 [INFO]   [xgboost] Best params: {'subsample': 0.7, 'n_estimators': 200, 'max_depth': 5, 'learning_rate': 0.05, 'colsample_bytree': 0.8}  CV-AUPRC=0.4888
2026-04-28 09:44:28,279 [INFO] 
All models trained in 160.1s
2026-04-28 09:44:28,279 [INFO]   Best: xgboost (AUPRC=0.4721)
2026-04-28 09:44:28,289 [INFO]   Best model (xgboost, already calibrated) saved as best_model.joblib
2026-04-28 09:44:28,562 [INFO] STEP 11 COMPLETE
2026-04-28 09:44:28,603 [INFO] <<< Step 11 — Model training DONE (160.7s)
2026-04-28 09:44:28,604 [INFO] >>> Step 11b— PU bagging
2026-04-28 09:44:28,608 [INFO] ============================================================
2026-04-28 09:44:28,608 [INFO] STEP 11b — MORDELET-VERT PU BAGGING
2026-04-28 09:44:28,609 [INFO]   B=300  subsample_ratio=3.0  base_trees=100
2026-04-28 09:44:28,609 [INFO] ============================================================
2026-04-28 09:44:28,769 [INFO]   Training positives (P): 350
2026-04-28 09:44:28,770 [INFO]   Training unlabeled  (U): 7,486
2026-04-28 09:44:28,770 [INFO]   Subsample per iteration: 1050
2026-04-28 09:44:28,771 [INFO]   Full gene universe to score: 10,986
2026-04-28 09:44:31,539 [INFO]   Iter   10/300  elapsed: 2.8s
2026-04-28 09:44:34,314 [INFO]   Iter   20/300  elapsed: 5.5s
2026-04-28 09:44:37,015 [INFO]   Iter   30/300  elapsed: 8.2s
2026-04-28 09:44:39,243 [INFO]   Iter   40/300  elapsed: 10.5s
2026-04-28 09:44:41,706 [INFO]   Iter   50/300  elapsed: 12.9s
2026-04-28 09:44:44,189 [INFO]   Iter   60/300  elapsed: 15.4s
2026-04-28 09:44:47,050 [INFO]   Iter   70/300  elapsed: 18.3s
2026-04-28 09:44:49,665 [INFO]   Iter   80/300  elapsed: 20.9s
2026-04-28 09:44:52,233 [INFO]   Iter   90/300  elapsed: 23.5s
2026-04-28 09:44:54,994 [INFO]   Iter  100/300  elapsed: 26.2s
2026-04-28 09:44:58,075 [INFO]   Iter  110/300  elapsed: 29.3s
2026-04-28 09:45:00,783 [INFO]   Iter  120/300  elapsed: 32.0s
2026-04-28 09:45:03,405 [INFO]   Iter  130/300  elapsed: 34.6s
2026-04-28 09:45:06,184 [INFO]   Iter  140/300  elapsed: 37.4s
2026-04-28 09:45:08,909 [INFO]   Iter  150/300  elapsed: 40.1s
2026-04-28 09:45:11,255 [INFO]   Iter  160/300  elapsed: 42.5s
2026-04-28 09:45:13,882 [INFO]   Iter  170/300  elapsed: 45.1s
2026-04-28 09:45:16,387 [INFO]   Iter  180/300  elapsed: 47.6s
2026-04-28 09:45:18,832 [INFO]   Iter  190/300  elapsed: 50.1s
2026-04-28 09:45:21,401 [INFO]   Iter  200/300  elapsed: 52.6s
2026-04-28 09:45:24,081 [INFO]   Iter  210/300  elapsed: 55.3s
2026-04-28 09:45:26,785 [INFO]   Iter  220/300  elapsed: 58.0s
2026-04-28 09:45:29,552 [INFO]   Iter  230/300  elapsed: 60.8s
2026-04-28 09:45:32,116 [INFO]   Iter  240/300  elapsed: 63.3s
2026-04-28 09:45:34,759 [INFO]   Iter  250/300  elapsed: 66.0s
2026-04-28 09:45:37,523 [INFO]   Iter  260/300  elapsed: 68.7s
2026-04-28 09:45:40,170 [INFO]   Iter  270/300  elapsed: 71.4s
2026-04-28 09:45:42,642 [INFO]   Iter  280/300  elapsed: 73.9s
2026-04-28 09:45:45,391 [INFO]   Iter  290/300  elapsed: 76.6s
2026-04-28 09:45:48,204 [INFO]   Iter  300/300  elapsed: 79.4s
2026-04-28 09:45:48,205 [INFO]   PU bagging complete in 79.4s
2026-04-28 09:45:48,222 [INFO]   Validation AUROC=0.9306  AUPRC=0.4634
2026-04-28 09:45:48,223 [INFO]   LCGene in top-50: 32  top-100: 59  top-200: 114
2026-04-28 09:45:48,224 [INFO]   Recall@50=0.0731  Recall@100=0.1347  Recall@200=0.2603
2026-04-28 09:45:48,224 [INFO]   Precision@50=0.6400  Precision@100=0.5900
2026-04-28 09:45:48,225 [INFO]   PU novel candidates (score>=0.85): 186
2026-04-28 09:45:48,847 [INFO] STEP 11b COMPLETE
2026-04-28 09:45:48,857 [INFO] <<< Step 11b— PU bagging DONE (80.3s)
2026-04-28 09:45:48,858 [INFO] >>> Step 12 — Model evaluation
2026-04-28 09:45:48,865 [INFO] ============================================================
2026-04-28 09:45:48,865 [INFO] STEP 12 — MODEL EVALUATION
2026-04-28 09:45:48,866 [INFO] ============================================================
2026-04-28 09:45:48,915 [INFO]   Val: 1960 genes  pos=88
2026-04-28 09:45:49,384 [INFO]   [extra_trees           ] AUROC=0.9304 AUPRC=0.5230 F1@0.50=0.4706 MCC@0.50=0.4450 [oracle F1@0.20=0.5089] R@100=0.5000 P@100=0.4400
2026-04-28 09:45:49,419 [INFO]   [gradient_boosting     ] AUROC=0.9279 AUPRC=0.4493 F1@0.50=0.4083 MCC@0.50=0.4059 [oracle F1@0.34=0.4684] R@100=0.4659 P@100=0.4100
2026-04-28 09:45:49,446 [INFO]   [logistic_regression   ] AUROC=0.8617 AUPRC=0.3940 F1@0.50=0.3670 MCC@0.50=0.3382 [oracle F1@0.19=0.4153] R@100=0.4318 P@100=0.3800
2026-04-28 09:45:49,673 [INFO]   [random_forest         ] AUROC=0.9253 AUPRC=0.4608 F1@0.50=0.4293 MCC@0.50=0.4029 [oracle F1@0.34=0.4658] R@100=0.4432 P@100=0.3900
2026-04-28 09:45:49,706 [INFO]   [xgboost               ] AUROC=0.9266 AUPRC=0.4870 F1@0.50=0.4111 MCC@0.50=0.3957 [oracle F1@0.49=0.4662] R@100=0.4545 P@100=0.4000
2026-04-28 09:45:49,709 [INFO]   Ensemble weights (AUPRC): extra_trees=0.215  gradient_boosting=0.227  logistic_regression=0.103  random_forest=0.223  xgboost=0.233
2026-04-28 09:45:49,735 [INFO]   [ensemble_soft_vote    ] AUROC=0.9327 AUPRC=0.5074 F1@0.50=0.4511 MCC@0.50=0.4340 [oracle F1@0.28=0.4970] R@100=0.4886 P@100=0.4300
2026-04-28 09:45:49,758 [INFO]   Classification reports saved to: C:\Users\rahma\Downloads\gloom updated\trial\outputs\results\classification_reports
2026-04-28 09:45:50,843 [INFO]   Confusion matrix grid saved: eval_confusion_matrices.png
2026-04-28 09:45:51,365 [INFO]   Multi-threshold confusion matrices saved: eval_confusion_multithreshold.png
2026-04-28 09:45:51,707 [INFO] STEP 12 COMPLETE
2026-04-28 09:45:51,721 [INFO] <<< Step 12 — Model evaluation DONE (2.9s)
2026-04-28 09:45:51,721 [INFO] >>> Step 13 — Feature importance
2026-04-28 09:45:51,737 [INFO] ============================================================
2026-04-28 09:45:51,738 [INFO] STEP 13 — FEATURE IMPORTANCE
2026-04-28 09:45:51,738 [INFO] ============================================================
2026-04-28 09:45:52,516 [INFO]   [xgboost] Permutation importance (n_repeats=10) …
2026-04-28 09:45:53,046 [INFO]   Top 5: {'tumor_std': 0.9999999999861062, 'normal_std': 0.3656014641212951, 'neg_log10_padj': 0.1568622489836442, 'normal_skewness': 0.09964661926672247, 'tumor_cv': 0.08780541288073132}
2026-04-28 09:45:53,260 [INFO]   Feature importance shape: (20, 10)
2026-04-28 09:45:53,260 [INFO]   Top feature: tumor_std (0.8396)
2026-04-28 09:45:53,260 [INFO] STEP 13 COMPLETE
2026-04-28 09:45:53,277 [INFO] <<< Step 13 — Feature importance DONE (1.6s)
2026-04-28 09:45:53,278 [INFO] >>> Step 14 — Gene ranking
2026-04-28 09:45:53,281 [INFO] ============================================================
2026-04-28 09:45:53,281 [INFO] STEP 14 — GENE PREDICTION & RANKING
2026-04-28 09:45:53,281 [INFO] ============================================================
2026-04-28 09:45:53,384 [INFO]   Using PU bagging scores from step11b for gene ranking.
2026-04-28 09:45:53,402 [INFO]   PU bagging scores loaded: 10,986 genes.
2026-04-28 09:45:53,403 [INFO]   Score source: pu_bagging  |  novel threshold: 0.85
2026-04-28 09:45:53,403 [INFO]   Score source: pu_bagging  |  novel threshold: 0.85
2026-04-28 09:45:53,441 [INFO]   Total: 10,986  Novel candidates (prob>=0.85): 186  Sensitivity list (prob>=0.5): 1,336
2026-04-28 09:45:53,441 [INFO]   Median positive (known) rank: 396
2026-04-28 09:45:53,442 [INFO]   Positive (known) in top-50:  32  top-100: 59  top-200: 114  top-500: 272
2026-04-28 09:45:53,442 [INFO]   Recall@50=0.0731  Recall@100=0.1347  Recall@200=0.2603  Recall@500=0.6210
2026-04-28 09:45:53,442 [INFO]   Precision@50=0.6400  Precision@100=0.5900
2026-04-28 09:45:53,921 [INFO]   High-confidence novel candidates saved: 186 genes (prob>=0.85)
2026-04-28 09:45:53,922 [INFO]   Sensitivity novel candidates saved:     1336 genes (prob>=0.5)
2026-04-28 09:45:53,924 [INFO]   Query gene rankings saved: 0 genes
2026-04-28 09:45:53,926 [INFO] STEP 14 COMPLETE
2026-04-28 09:45:53,929 [INFO] <<< Step 14 — Gene ranking DONE (0.7s)
2026-04-28 09:45:53,929 [INFO] >>> Step 15 — Network annotation
2026-04-28 09:45:53,933 [INFO] ============================================================
2026-04-28 09:45:53,933 [INFO] STEP 15 — NETWORK ANNOTATION
2026-04-28 09:45:53,933 [INFO] ============================================================
2026-04-28 09:45:56,812 [INFO]   Graph: 10,986 nodes, 110,508 edges
2026-04-28 09:45:58,338 [INFO]   Positive edges: 108,468  Negative: 2,040
2026-04-28 09:46:05,125 [INFO]   LCGene nodes: 438  Novel: 186
2026-04-28 09:46:05,126 [INFO] STEP 15 COMPLETE
2026-04-28 09:46:05,148 [INFO] <<< Step 15 — Network annotation DONE (11.2s)
2026-04-28 09:46:05,148 [INFO] >>> Step 16 — Network export
2026-04-28 09:46:05,154 [INFO] ============================================================
2026-04-28 09:46:05,154 [INFO] STEP 16 — NETWORK EXPORT
2026-04-28 09:46:05,155 [INFO] ============================================================
2026-04-28 09:46:08,913 [INFO]   Graph: 10,986 nodes, 110,508 edges
2026-04-28 09:46:15,583 [INFO]   GraphML saved: C:\Users\rahma\Downloads\gloom updated\trial\outputs\results\network\exports/network_full.graphml
2026-04-28 09:46:20,431 [INFO]   Full network exports complete.
2026-04-28 09:46:20,461 [INFO]   [top100] 100 nodes, 15 edges
2026-04-28 09:46:20,556 [INFO]   [lcgene] 438 nodes, 925 edges
2026-04-28 09:46:20,592 [INFO]   [novel] 186 nodes, 49 edges
2026-04-28 09:46:21,221 [INFO]   [candidates] 2291 nodes, 8079 edges
2026-04-28 09:46:26,590 [INFO] 
  Sub-networks:
2026-04-28 09:46:26,591 [INFO]     top100               nodes=  100  edges=     15
2026-04-28 09:46:26,591 [INFO]     lcgene               nodes=  438  edges=    925
2026-04-28 09:46:26,591 [INFO]     novel                nodes=  186  edges=     49
2026-04-28 09:46:26,591 [INFO]     candidates           nodes=2,291  edges=  8,079
2026-04-28 09:46:26,592 [INFO] STEP 16 COMPLETE
2026-04-28 09:46:26,619 [INFO] <<< Step 16 — Network export DONE (21.5s)
2026-04-28 09:46:26,620 [INFO] >>> Step 17 — Visualization
2026-04-28 09:46:26,814 [INFO] ============================================================
2026-04-28 09:46:26,814 [INFO] STEP 17 — INTERACTIVE VISUALIZATION
2026-04-28 09:46:26,815 [INFO] ============================================================
2026-04-28 09:46:27,049 [INFO] [1] Volcano …
2026-04-28 09:46:27,510 [INFO]   Volcano saved: C:\Users\rahma\Downloads\gloom updated\trial\outputs\figures\interactive_volcano.html
2026-04-28 09:46:27,511 [INFO] [2] Ranking …
2026-04-28 09:46:27,774 [INFO]   Ranking plot saved: C:\Users\rahma\Downloads\gloom updated\trial\outputs\figures\interactive_ranking.html
2026-04-28 09:46:27,775 [INFO] [3] Network …
2026-04-28 09:46:27,916 [INFO]   Network plot saved: C:\Users\rahma\Downloads\gloom updated\trial\outputs\figures\interactive_network.html
2026-04-28 09:46:27,917 [INFO] [4] Feature importance …
2026-04-28 09:46:27,969 [INFO]   Feature importance saved: C:\Users\rahma\Downloads\gloom updated\trial\outputs\figures\interactive_feature_importance.html
2026-04-28 09:46:27,969 [INFO] [5] KEGG pathways …
2026-04-28 09:46:28,048 [INFO]   KEGG plot saved: C:\Users\rahma\Downloads\gloom updated\trial\outputs\figures\interactive_kegg.html
2026-04-28 09:46:28,049 [INFO] [6] Dashboard …
2026-04-28 09:46:28,156 [INFO]   Combined dashboard saved: C:\Users\rahma\Downloads\gloom updated\trial\outputs\figures\interactive_dashboard.html
2026-04-28 09:46:28,163 [INFO] STEP 17 COMPLETE
2026-04-28 09:46:28,169 [INFO] <<< Step 17 — Visualization DONE (1.5s)
2026-04-28 09:46:28,169 [INFO] >>> Step 18 — Final report
2026-04-28 09:46:28,175 [INFO] ============================================================
2026-04-28 09:46:28,175 [INFO] STEP 18 — FINAL OUTPUTS & REPORTING
2026-04-28 09:46:28,176 [INFO] ============================================================
2026-04-28 09:46:28,176 [INFO] [1] Building summary table …
2026-04-28 09:46:28,465 [INFO]   Summary table: (10986, 29)
2026-04-28 09:46:28,465 [INFO] [2] Building text report …
2026-04-28 09:46:28,497 [ERROR]   Report failed: 'mcc'
2026-04-28 09:46:28,499 [INFO] [3] Building summary figure …
2026-04-28 09:46:29,340 [INFO]   Summary figure (PNG) saved: C:\Users\rahma\Downloads\gloom updated\trial\outputs\results\reports\pipeline_summary_figure.png
2026-04-28 09:46:30,161 [INFO]   Summary figure (PDF) saved: C:\Users\rahma\Downloads\gloom updated\trial\outputs\results\reports\pipeline_summary_figure.pdf
2026-04-28 09:46:30,163 [INFO] [4] Writing master runner …
2026-04-28 09:46:30,164 [INFO]   Master runner saved: C:\Users\rahma\Downloads\gloom updated\trial\LUAD_ML_Pipeline\run_pipeline.py
2026-04-28 09:46:30,165 [INFO] ============================================================
2026-04-28 09:46:30,165 [INFO] STEP 18 SUMMARY
2026-04-28 09:46:30,166 [INFO] ============================================================
2026-04-28 09:46:30,166 [INFO]   Summary table: C:\Users\rahma\Downloads\gloom updated\trial\outputs\results\reports/pipeline_summary_table.csv
2026-04-28 09:46:30,167 [INFO]   Text report  : C:\Users\rahma\Downloads\gloom updated\trial\outputs\results\reports/pipeline_report.txt
2026-04-28 09:46:30,167 [INFO]   Summary fig  : C:\Users\rahma\Downloads\gloom updated\trial\outputs\results\reports/pipeline_summary_figure.png
2026-04-28 09:46:30,168 [INFO]   Master runner: C:\Users\rahma\Downloads\gloom updated\trial\LUAD_ML_Pipeline\run_pipeline.py
2026-04-28 09:46:30,168 [INFO] 
2026-04-28 09:46:30,169 [INFO]   Key deliverables:
2026-04-28 09:46:30,169 [INFO]     Gene rankings    : C:\Users\rahma\Downloads\gloom updated\trial\outputs\results\gene_rankings.csv
2026-04-28 09:46:30,169 [INFO]     Novel candidates : C:\Users\rahma\Downloads\gloom updated\trial\outputs\results/novel_candidates.csv
2026-04-28 09:46:30,170 [INFO]     Dashboard        : C:\Users\rahma\Downloads\gloom updated\trial\outputs\figures/interactive_dashboard.html
2026-04-28 09:46:30,170 [INFO] STEP 18 COMPLETE
2026-04-28 09:46:30,171 [INFO] <<< Step 18 — Final report DONE (2.0s)
2026-04-28 09:46:30,172 [INFO] ======================================================================
2026-04-28 09:46:30,172 [INFO] EXECUTION SUMMARY
2026-04-28 09:46:30,173 [INFO] ======================================================================
2026-04-28 09:46:30,173 [INFO]   [OK] Step 0  — Config                                  0.0s
2026-04-28 09:46:30,174 [INFO]   [OK] Step 1  — Data loading                           47.3s
2026-04-28 09:46:30,174 [INFO]   [OK] Step 2  — Preprocessing                          37.4s
2026-04-28 09:46:30,174 [INFO]   [OK] Step 3  — Harmonization                          18.1s
2026-04-28 09:46:30,174 [INFO]   [OK] Step 4  — Differential expr                       6.6s
2026-04-28 09:46:30,175 [INFO]   [OK] Step 5  — Expr features                          19.6s
2026-04-28 09:46:30,175 [INFO]   [OK] Step 6  — Co-expr network                         9.7s
2026-04-28 09:46:30,175 [INFO]   [OK] Step 6b — Normal network                         71.0s
2026-04-28 09:46:30,175 [INFO]   [OK] Step 7  — Network features                      119.6s
2026-04-28 09:46:30,176 [INFO]   [OK] Step 7b — Diff network feats                     73.5s
2026-04-28 09:46:30,176 [INFO]   [OK] Step 8  — Feature integration                     2.1s
2026-04-28 09:46:30,177 [INFO]   [OK] Step 9  — Label construction                      1.9s
2026-04-28 09:46:30,177 [INFO]   [OK] Step 10 — Train/val split                         1.0s
2026-04-28 09:46:30,177 [INFO]   [OK] Step 11 — Model training                        160.7s
2026-04-28 09:46:30,177 [INFO]   [OK] Step 11b— PU bagging                             80.3s
2026-04-28 09:46:30,178 [INFO]   [OK] Step 12 — Model evaluation                        2.9s
2026-04-28 09:46:30,178 [INFO]   [OK] Step 13 — Feature importance                      1.6s
2026-04-28 09:46:30,179 [INFO]   [OK] Step 14 — Gene ranking                            0.7s
2026-04-28 09:46:30,179 [INFO]   [OK] Step 15 — Network annotation                     11.2s
2026-04-28 09:46:30,180 [INFO]   [OK] Step 16 — Network export                         21.5s
2026-04-28 09:46:30,180 [INFO]   [OK] Step 17 — Visualization                           1.5s
2026-04-28 09:46:30,180 [INFO]   [OK] Step 18 — Final report                            2.0s
2026-04-28 09:46:30,181 [INFO]   Total: 690.1s (11.5 min)
2026-04-28 09:46:30,181 [INFO]   Pipeline COMPLETE.
2026-04-28 09:46:30,181 [INFO] ======================================================================
2026-04-28 09:58:14,758 [INFO] ======================================================================
2026-04-28 09:58:14,758 [INFO] LUAD ML PIPELINE — FULL RUN
2026-04-28 09:58:14,758 [INFO] ======================================================================
2026-04-28 09:58:14,759 [INFO] >>> Step 0  — Config
2026-04-28 09:58:14,760 [INFO] <<< Step 0  — Config DONE (0.0s)
2026-04-28 09:58:14,760 [INFO] >>> Step 1  — Data loading
2026-04-28 09:58:15,539 [INFO] ============================================================
2026-04-28 09:58:15,539 [INFO] STEP 1 — DATA LOADING
2026-04-28 09:58:15,540 [INFO] ============================================================
2026-04-28 09:58:15,542 [INFO] Loading tumor expression from: C:\Users\rahma\Downloads\gloom updated\trial\data\raw\cBioPortal (RNA Seq Data)\data_mrna_seq_v2_rsem.txt
2026-04-28 09:58:17,932 [INFO]   Raw shape: (20531, 512)
2026-04-28 09:58:18,088 [WARNING]   19 duplicate gene symbols found — keeping highest-mean row.
2026-04-28 09:58:18,246 [INFO]   Final shape: (20512, 510)
2026-04-28 09:58:18,247 [INFO] Loading tumor metadata from: C:\Users\rahma\Downloads\gloom updated\trial\data\raw\cBioPortal (RNA Seq Data)\data_clinical_patient.txt
2026-04-28 09:58:18,270 [INFO]   Raw shape: (566, 38)
2026-04-28 09:58:18,274 [INFO]   Final shape: (566, 35)
2026-04-28 09:58:18,275 [INFO] Loading normal expression from: C:\Users\rahma\Downloads\gloom updated\trial\data\raw\Gtex (normal samples)\gene_tpm_v11_lung.gct.gz
2026-04-28 09:58:18,277 [INFO]   GCT version line : #1.2
2026-04-28 09:58:18,277 [INFO]   GCT dimension line: 74628	604
2026-04-28 09:58:29,429 [INFO]   Raw shape (after preamble skip): (74628, 606)
2026-04-28 09:58:29,887 [WARNING]   1307 duplicate gene symbols — keeping highest-mean row.
2026-04-28 09:58:30,667 [INFO]   Final shape: (73321, 604)
2026-04-28 09:58:30,668 [INFO] Loading normal metadata from: C:\Users\rahma\Downloads\gloom updated\trial\data\raw\Gtex (normal samples)\GTEx_Analysis_v11_Annotations_SampleAttributesDS - LUAD.txt
2026-04-28 09:58:30,701 [INFO]   Raw shape: (1892, 119)  (all assay types)
2026-04-28 09:58:30,719 [INFO]   Retaining 11 QC columns: ['SAMPID', 'SMTS', 'SMTSD', 'SMRIN', 'SMATSSCR', 'SMRDTTL', 'SMMAPRT', 'SMRRNART', 'SMRDLGTH', 'SMNABTCHT', 'SMGEBTCHT']
2026-04-28 09:58:30,722 [INFO]   SMRIN  (RNA integrity) : mean=7.17  min=3.5  max=9.7
2026-04-28 09:58:30,723 [INFO]   SMATSSCR (autolysis)   : {0.0: 43, 1.0: 410, 2.0: 128, 3.0: 10}
2026-04-28 09:58:30,724 [INFO]   SMMAPRT  (map rate)    : mean=0.9836  min=0.8003
2026-04-28 09:58:30,724 [INFO]   Final shape: (604, 10)  (604 RNA-seq samples × 10 QC columns)
2026-04-28 09:58:30,725 [INFO] Loading labeled LUAD gene list from: C:\Users\rahma\Downloads\gloom updated\trial\data\raw\LCGene (Labeled LUAD Data)\LCGene_human_LUAD_filtered.tsv
2026-04-28 09:58:30,735 [INFO]   Raw shape: (517, 10)
2026-04-28 09:58:30,736 [INFO]   Unique labeled LUAD genes loaded: 517
2026-04-28 09:58:30,745 [INFO]   Full LCGene table saved to: C:\Users\rahma\Downloads\gloom updated\trial\data\processed\lcgene_luad_full.csv
2026-04-28 09:58:30,746 [INFO] 
Saving raw-loaded files to processed directory …
2026-04-28 09:59:03,324 [INFO] 
============================================================
2026-04-28 09:59:03,325 [INFO] STEP 1 SUMMARY
2026-04-28 09:59:03,325 [INFO] ============================================================
2026-04-28 09:59:03,325 [INFO]   Tumor expression   :  20512 genes  x  510 samples
2026-04-28 09:59:03,325 [INFO]   Normal expression  :  73321 genes  x  604 samples
2026-04-28 09:59:03,325 [INFO]   Normal metadata    :    604 RNA-seq samples  x  10 QC columns
2026-04-28 09:59:03,326 [INFO]   Labeled LUAD genes :    517 unique gene symbols (LCGene)
2026-04-28 09:59:03,326 [INFO] STEP 1 COMPLETE
2026-04-28 09:59:03,359 [INFO] <<< Step 1  — Data loading DONE (48.6s)
2026-04-28 09:59:03,359 [INFO] >>> Step 2  — Preprocessing
2026-04-28 09:59:05,327 [INFO] ============================================================
2026-04-28 09:59:05,327 [INFO] STEP 2 — DATA PREPROCESSING & QUALITY CONTROL
2026-04-28 09:59:05,327 [INFO] ============================================================
2026-04-28 09:59:10,773 [INFO] 
--- Tumor preprocessing ---
2026-04-28 09:59:10,927 [INFO]   [tumor] Replaced 1463479 zeros and 0 negatives with NaN.
2026-04-28 09:59:11,224 [INFO]   [tumor] log2(x+1) applied. Range: [0.004, 20.450]
2026-04-28 09:59:13,235 [WARNING]   [tumor] No common samples — trying TCGA ID truncation.
2026-04-28 09:59:13,303 [INFO]   [tumor] Retained 510 common samples.
2026-04-28 09:59:13,319 [INFO]   [tumor] Sample count OK: 510 >= 50.
2026-04-28 09:59:13,319 [INFO] 
--- Normal preprocessing ---
2026-04-28 09:59:13,907 [INFO]   [normal] Replaced 21868568 zeros and 0 negatives with NaN.
2026-04-28 09:59:15,374 [INFO]   [normal] log2(x+1) applied. Range: [0.000, 16.393]
2026-04-28 09:59:18,192 [INFO]   [normal] Retained 604 common samples.
2026-04-28 09:59:18,199 [INFO]   [normal] Sample count OK: 604 >= 50.
2026-04-28 09:59:18,199 [INFO] 
Generating QC plots …
2026-04-28 09:59:42,088 [INFO] 
============================================================
2026-04-28 09:59:42,089 [INFO] STEP 2 SUMMARY
2026-04-28 09:59:42,089 [INFO] ============================================================
2026-04-28 09:59:42,090 [INFO]   Tumor  expr :  16570 genes x  510 samples
2026-04-28 09:59:42,090 [INFO]   Normal expr :  21159 genes x  604 samples
2026-04-28 09:59:42,090 [INFO] STEP 2 COMPLETE
2026-04-28 09:59:42,170 [INFO] <<< Step 2  — Preprocessing DONE (38.8s)
2026-04-28 09:59:42,170 [INFO] >>> Step 3  — Harmonization
2026-04-28 09:59:42,173 [INFO] ============================================================
2026-04-28 09:59:42,174 [INFO] STEP 3 — GENE ID HARMONIZATION
2026-04-28 09:59:42,174 [INFO] ============================================================
2026-04-28 09:59:45,779 [WARNING]   [tumor] Dropping 1 invalid symbols.
2026-04-28 09:59:45,855 [INFO]   Common genes: 10986
2026-04-28 09:59:45,864 [INFO]   LCGene retained: 438 / 517 (84.7%)
2026-04-28 09:59:45,864 [WARNING]   LCGene genes lost: ABCB4, AKR1B10, ASCL1, BCL2L14, BPIFA1, BRINP1, BRSK2, C20ORF85, CA9, CASC1, CCKBR, CDX2, CHGA, CHRNA1, CHRNA5, CHRNA9, CLCA2, CLDN2, CSMD1, CYP2C19, CYP2C9, DLK1, DLX5, DPYSL5, DRD2, DSC3, ECE2, ELAVL2, EPHA7, FAM83A, FUT6, FZD9, GABRA3, GATA4, GPR87, HMGA2, HNF4A, HOXB9, IGF2BP3, INSM1, KCNH1, KCNJ3, KIF14, KIF5A, KLK6, KRT81, LEP, LGSN, MAGEA1, MAGEA6, MAGEC1, MMP13, MYO18B, NOV, NR0B1, NR1I2, NRXN1, OPCML, PAEP, PAX5, PITX2, PRAME, PTPRH, RGS17, SCGN, SERPINB4, SERPINB5, T, TERT, TF, TFAP2A, TFAP2B, TRIM31, TRPM8, UGT1A6, VIL1, VTCN1, WISP1, XDH
2026-04-28 10:00:00,275 [INFO]   Common genes: 10986
2026-04-28 10:00:00,275 [INFO] STEP 3 COMPLETE
2026-04-28 10:00:00,294 [INFO] <<< Step 3  — Harmonization DONE (18.1s)
2026-04-28 10:00:00,294 [INFO] >>> Step 4  — Differential expr
2026-04-28 10:00:00,460 [INFO] ============================================================
2026-04-28 10:00:00,461 [INFO] STEP 4 — DIFFERENTIAL EXPRESSION
2026-04-28 10:00:00,461 [INFO] ============================================================
2026-04-28 10:00:02,817 [INFO]   Tumor: (10986, 510)  Normal: (10986, 604)
2026-04-28 10:00:02,987 [INFO]   Running Welch t-test for 10986 genes …
2026-04-28 10:00:06,341 [INFO]   Significant at FDR<=0.001: 10882
2026-04-28 10:00:07,254 [INFO]   Up: 9700  Down: 15  NS: 1271
2026-04-28 10:00:07,254 [INFO] STEP 4 COMPLETE
2026-04-28 10:00:07,269 [INFO] <<< Step 4  — Differential expr DONE (7.0s)
2026-04-28 10:00:07,270 [INFO] >>> Step 5  — Expr features
2026-04-28 10:00:07,275 [INFO] ============================================================
2026-04-28 10:00:07,275 [INFO] STEP 5 — EXPRESSION FEATURE CONSTRUCTION
2026-04-28 10:00:07,276 [INFO] ============================================================
2026-04-28 10:00:09,408 [INFO]   Computing stats for [tumor] ((10986, 510)) …
2026-04-28 10:00:18,109 [INFO]   Computing stats for [normal] ((10986, 604)) …
2026-04-28 10:00:26,996 [INFO]   [expression_features] Validated. Shape: (10986, 29)
2026-04-28 10:00:27,933 [INFO]   Expression features: (10986, 29)
2026-04-28 10:00:27,933 [INFO] STEP 5 COMPLETE
2026-04-28 10:00:27,947 [INFO] <<< Step 5  — Expr features DONE (20.7s)
2026-04-28 10:00:27,948 [INFO] >>> Step 6  — Co-expr network
2026-04-28 10:00:28,320 [INFO] ============================================================
2026-04-28 10:00:28,320 [INFO] STEP 6 — CO-EXPRESSION NETWORK CONSTRUCTION
2026-04-28 10:00:28,321 [INFO] ============================================================
2026-04-28 10:00:29,417 [INFO]   Matrix: 10986 genes x 510 samples | cutoff |r|>=0.6
2026-04-28 10:00:30,569 [INFO]   Chunk 10/22 edges so far: 86,077 (1.1s)
2026-04-28 10:00:31,662 [INFO]   Chunk 20/22 edges so far: 109,749 (2.2s)
2026-04-28 10:00:31,867 [INFO]   Chunk 22/22 edges so far: 110,508 (2.4s)
2026-04-28 10:00:31,915 [INFO]   Total edges: 110,508
2026-04-28 10:00:35,452 [INFO]   Graph: 4,977 nodes, 110,508 edges
2026-04-28 10:00:38,949 [INFO]   Runtime: 2.6s
2026-04-28 10:00:38,950 [INFO] STEP 6 COMPLETE
2026-04-28 10:00:38,956 [INFO] <<< Step 6  — Co-expr network DONE (11.0s)
2026-04-28 10:00:38,956 [INFO] >>> Step 6b — Normal network
2026-04-28 10:00:38,973 [INFO] ============================================================
2026-04-28 10:00:38,973 [INFO] STEP 6b — NORMAL TISSUE CO-EXPRESSION NETWORK
2026-04-28 10:00:38,973 [INFO] ============================================================
2026-04-28 10:00:40,232 [INFO]   Normal expression: 10,986 genes × 604 samples
2026-04-28 10:00:40,233 [INFO]   Correlation cutoff: |r| >= 0.6
2026-04-28 10:00:40,233 [INFO]   Matrix: 10986 genes x 604 samples | cutoff |r|>=0.6
2026-04-28 10:00:41,709 [INFO]   Chunk 10/22 edges so far: 817,242 (1.4s)
2026-04-28 10:00:43,379 [INFO]   Chunk 20/22 edges so far: 1,240,735 (3.1s)
2026-04-28 10:00:43,698 [INFO]   Chunk 22/22 edges so far: 1,276,368 (3.4s)
2026-04-28 10:00:43,765 [INFO]   Total edges: 1,276,368
2026-04-28 10:01:24,770 [INFO]   Graph: 9,338 nodes, 1,276,368 edges
2026-04-28 10:01:52,224 [INFO]   Normal network: 10,986 nodes, 1,276,368 edges
2026-04-28 10:01:52,235 [INFO] STEP 6b COMPLETE
2026-04-28 10:01:52,277 [INFO] <<< Step 6b — Normal network DONE (73.3s)
2026-04-28 10:01:52,278 [INFO] >>> Step 7  — Network features
2026-04-28 10:01:52,281 [INFO] ============================================================
2026-04-28 10:01:52,281 [INFO] STEP 7 — NETWORK FEATURE EXTRACTION
2026-04-28 10:01:52,281 [INFO] ============================================================
2026-04-28 10:01:55,275 [INFO]   Graph: 10,986 nodes, 110,508 edges
2026-04-28 10:01:55,294 [INFO]   Extracting degree features …
2026-04-28 10:01:55,383 [INFO]   Extracting average neighbour degree …
2026-04-28 10:01:55,422 [INFO]   Betweenness centrality (n=10,986) …
2026-04-28 10:02:10,093 [INFO]   Closeness centrality …
2026-04-28 10:03:29,980 [INFO]   Eigenvector centrality …
2026-04-28 10:03:32,538 [INFO]   Clustering coefficient …
2026-04-28 10:03:55,042 [INFO]   Edge weight statistics …
2026-04-28 10:03:55,321 [INFO]   Component features …
2026-04-28 10:03:55,359 [INFO]   All features extracted in 120.1s
2026-04-28 10:03:56,536 [INFO]   Network features: (10986, 13)
2026-04-28 10:03:56,536 [INFO] STEP 7 COMPLETE
2026-04-28 10:03:56,541 [INFO] <<< Step 7  — Network features DONE (124.3s)
2026-04-28 10:03:56,541 [INFO] >>> Step 7b — Diff network feats
2026-04-28 10:03:56,546 [INFO] ============================================================
2026-04-28 10:03:56,547 [INFO] STEP 7b — DIFFERENTIAL CO-EXPRESSION FEATURES
2026-04-28 10:03:56,547 [INFO] ============================================================
2026-04-28 10:03:56,547 [INFO]   Loading Tumor network: C:\Users\rahma\Downloads\gloom updated\trial\outputs\results\network\coexpression_network.graphml
2026-04-28 10:03:58,982 [INFO]     10,986 nodes, 110,508 edges
2026-04-28 10:03:58,983 [INFO]   Loading Normal network: C:\Users\rahma\Downloads\gloom updated\trial\outputs\results\network\normal_coexpression_network.graphml
2026-04-28 10:04:23,638 [INFO]     10,986 nodes, 1,276,368 edges
2026-04-28 10:04:23,646 [INFO]   Gene universe (union): 10,986
2026-04-28 10:04:23,646 [INFO]   Computing degree features …
2026-04-28 10:04:23,660 [INFO]   Computing clustering coefficients …
2026-04-28 10:04:47,193 [WARNING]   Skipping clustering coefficient — graph too dense (1,276,368 edges > 300,000 limit). Set to 0.0.
2026-04-28 10:04:47,195 [INFO]   Computing betweenness centrality …
2026-04-28 10:05:09,321 [WARNING]   Skipping betweenness centrality — graph too dense (1,276,368 edges > 500,000 limit). Set to 0.0.
2026-04-28 10:05:09,323 [INFO]   Computing mean edge weight …
2026-04-28 10:05:11,053 [INFO]   Computing tumor-specific / normal-specific edges …
2026-04-28 10:05:11,367 [INFO]   All features computed in 47.7s
2026-04-28 10:05:11,422 [INFO]   Genes gaining connections in tumor: 1,161  losing: 8,400
2026-04-28 10:05:11,423 [INFO]   Mean rewiring_ratio: 0.8564
2026-04-28 10:05:11,556 [INFO]   Differential features: (10986, 15)
2026-04-28 10:05:11,559 [INFO] STEP 7b COMPLETE
2026-04-28 10:05:11,564 [INFO] <<< Step 7b — Diff network feats DONE (75.0s)
2026-04-28 10:05:11,564 [INFO] >>> Step 8  — Feature integration
2026-04-28 10:05:11,956 [INFO] ============================================================
2026-04-28 10:05:11,957 [INFO] STEP 8 — FEATURE INTEGRATION
2026-04-28 10:05:11,957 [INFO] ============================================================
2026-04-28 10:05:12,076 [INFO]   Expression: (10986, 29)  Network: (10986, 13)
2026-04-28 10:05:12,084 [INFO]   Concatenated: (10986, 42)
2026-04-28 10:05:12,099 [INFO]   Removed 21 collinear features: ['weighted_degree', 'component_size', 'min_edge_weight', 'tumor_median', 'normal_median', 't_stat', 'tumor_iqr_rank', 'tumor_mean_rank', 'cohens_d_rank', 'abs_log2fc_rank', 'neg_log10_padj_rank', 'betweenness_centrality', 'clustering_coefficient', 'max_edge_weight', 'std_edge_weight', 'in_largest_component', 'log2fc', 'iqr_ratio', 'std_ratio', 'tumor_kurtosis', 'normal_kurtosis']
2026-04-28 10:05:12,099 [INFO]   Features after collinearity removal: 21
2026-04-28 10:05:12,119 [INFO]   Highly correlated pairs (|r|>=0.95): 2
2026-04-28 10:05:12,676 [INFO]   Differential network features added: 9 columns (coverage: 10,986/10,986 genes)
2026-04-28 10:05:13,658 [INFO]   Integrated features: (10986, 30)
2026-04-28 10:05:13,659 [INFO] STEP 8 COMPLETE
2026-04-28 10:05:13,662 [INFO] <<< Step 8  — Feature integration DONE (2.1s)
2026-04-28 10:05:13,662 [INFO] >>> Step 9  — Label construction
2026-04-28 10:05:13,667 [INFO] ============================================================
2026-04-28 10:05:13,667 [INFO] STEP 9 — LABEL CONSTRUCTION
2026-04-28 10:05:13,667 [INFO] ============================================================
2026-04-28 10:05:13,772 [INFO]   LCGene symbols: 517
2026-04-28 10:05:13,779 [INFO]   Universe trimming: removing 1190 noisy unlabeled genes (non-expressed + no DE signal)
2026-04-28 10:05:13,784 [INFO]   Total: 9796  Positive (known LCGene): 438 (4.47%)  Unlabeled: 9358
2026-04-28 10:05:13,784 [INFO]   [PU framing] Negatives are UNLABELED — not confirmed non-cancer genes.
2026-04-28 10:05:15,500 [INFO]   LCGene genes unmatched: 79
2026-04-28 10:05:15,500 [INFO] STEP 9 COMPLETE
2026-04-28 10:05:15,502 [INFO] <<< Step 9  — Label construction DONE (1.8s)
2026-04-28 10:05:15,503 [INFO] >>> Step 10 — Train/val split
2026-04-28 10:05:15,506 [INFO] ============================================================
2026-04-28 10:05:15,506 [INFO] STEP 10 — TRAIN/VALIDATION SPLIT
2026-04-28 10:05:15,506 [INFO] ============================================================
2026-04-28 10:05:15,594 [INFO]   Features: (9796, 30)  Labels: 9796
2026-04-28 10:05:15,604 [INFO]   Train: 7836 (pos=350)  Val: 1960 (pos=88)
2026-04-28 10:05:15,612 [INFO]   Feature selection: kept top 20 features from feature_importance.csv
2026-04-28 10:05:16,437 [INFO] STEP 10 COMPLETE
2026-04-28 10:05:16,438 [INFO] <<< Step 10 — Train/val split DONE (0.9s)
2026-04-28 10:05:16,439 [INFO] >>> Step 11 — Model training
2026-04-28 10:05:16,554 [INFO] ============================================================
2026-04-28 10:05:16,555 [INFO] STEP 11 — MODEL TRAINING
2026-04-28 10:05:16,555 [INFO] ============================================================
2026-04-28 10:05:16,626 [INFO]   X_train: (7836, 20)  pos=350
2026-04-28 10:05:16,682 [INFO]   XGBoost added (scale_pos_weight=21.4)
2026-04-28 10:05:16,907 [INFO]   Random undersampling enabled (imbalanced-learn found).
2026-04-28 10:05:16,907 [INFO] 
  [random_forest] CV ...
2026-04-28 10:05:17,764 [INFO]     Fold 1 AUROC=0.9391 AUPRC=0.4297 F1=0.4392 MCC=0.4570
2026-04-28 10:05:18,602 [INFO]     Fold 2 AUROC=0.9239 AUPRC=0.4741 F1=0.4312 MCC=0.4266
2026-04-28 10:05:19,448 [INFO]     Fold 3 AUROC=0.9268 AUPRC=0.4497 F1=0.4219 MCC=0.4259
2026-04-28 10:05:20,301 [INFO]     Fold 4 AUROC=0.9454 AUPRC=0.4233 F1=0.4375 MCC=0.4371
2026-04-28 10:05:21,132 [INFO]     Fold 5 AUROC=0.9386 AUPRC=0.4582 F1=0.4398 MCC=0.4494
2026-04-28 10:05:21,132 [INFO]   [random_forest] AUROC=0.9348±0.0081  AUPRC=0.4470±0.0186  F1=0.4339±0.0067  MCC=0.4392±0.0123
2026-04-28 10:05:21,137 [INFO]   [random_forest] Hyperparameter tuning (RandomizedSearchCV n_iter=50, cv=3, scoring=average_precision) ...
2026-04-28 10:06:51,898 [INFO]   [random_forest] Best params: {'n_estimators': 800, 'min_samples_leaf': 2, 'max_features': 'sqrt', 'max_depth': None}  CV-AUPRC=0.4911
2026-04-28 10:06:52,392 [INFO] 
  [gradient_boosting] CV ...
2026-04-28 10:06:53,034 [INFO]     Fold 1 AUROC=0.9374 AUPRC=0.3990 F1=0.3851 MCC=0.4267
2026-04-28 10:06:53,734 [INFO]     Fold 2 AUROC=0.9278 AUPRC=0.4668 F1=0.4211 MCC=0.4412
2026-04-28 10:06:54,430 [INFO]     Fold 3 AUROC=0.9290 AUPRC=0.4770 F1=0.3851 MCC=0.4124
2026-04-28 10:06:55,134 [INFO]     Fold 4 AUROC=0.9456 AUPRC=0.4908 F1=0.4236 MCC=0.4576
2026-04-28 10:06:55,826 [INFO]     Fold 5 AUROC=0.9404 AUPRC=0.5130 F1=0.3649 MCC=0.3861
2026-04-28 10:06:55,827 [INFO]   [gradient_boosting] AUROC=0.9360±0.0068  AUPRC=0.4693±0.0384  F1=0.3960±0.0228  MCC=0.4248±0.0245
2026-04-28 10:06:55,832 [INFO]   [gradient_boosting] Hyperparameter tuning (RandomizedSearchCV n_iter=50, cv=3, scoring=average_precision) ...
2026-04-28 10:07:29,226 [INFO]   [gradient_boosting] Best params: {'subsample': 0.9, 'n_estimators': 300, 'max_depth': 5, 'learning_rate': 0.05}  CV-AUPRC=0.4872
2026-04-28 10:07:29,273 [INFO] 
  [logistic_regression] CV ...
2026-04-28 10:07:30,314 [INFO]     Fold 1 AUROC=0.8204 AUPRC=0.1233 F1=0.1222 MCC=0.1433
2026-04-28 10:07:31,352 [INFO]     Fold 2 AUROC=0.7819 AUPRC=0.2641 F1=0.1349 MCC=0.1516
2026-04-28 10:07:32,383 [INFO]     Fold 3 AUROC=0.8264 AUPRC=0.1251 F1=0.1288 MCC=0.1590
2026-04-28 10:07:33,425 [INFO]     Fold 4 AUROC=0.8006 AUPRC=0.2726 F1=0.1347 MCC=0.1537
2026-04-28 10:07:34,452 [INFO]     Fold 5 AUROC=0.7711 AUPRC=0.2537 F1=0.1284 MCC=0.1372
2026-04-28 10:07:34,453 [INFO]   [logistic_regression] AUROC=0.8001±0.0213  AUPRC=0.2077±0.0685  F1=0.1298±0.0047  MCC=0.1490±0.0078
2026-04-28 10:07:40,837 [INFO] 
  [extra_trees] CV ...
2026-04-28 10:07:41,405 [INFO]     Fold 1 AUROC=0.9395 AUPRC=0.4534 F1=0.4173 MCC=0.4297
2026-04-28 10:07:42,247 [INFO]     Fold 2 AUROC=0.9214 AUPRC=0.4341 F1=0.4486 MCC=0.4445
2026-04-28 10:07:42,800 [INFO]     Fold 3 AUROC=0.9331 AUPRC=0.4637 F1=0.4388 MCC=0.4459
2026-04-28 10:07:43,390 [INFO]     Fold 4 AUROC=0.9391 AUPRC=0.3921 F1=0.4622 MCC=0.4664
2026-04-28 10:07:43,924 [INFO]     Fold 5 AUROC=0.9316 AUPRC=0.4184 F1=0.4066 MCC=0.4098
2026-04-28 10:07:43,924 [INFO]   [extra_trees] AUROC=0.9330±0.0066  AUPRC=0.4323±0.0255  F1=0.4347±0.0203  MCC=0.4393±0.0188
2026-04-28 10:07:44,892 [INFO] 
  [xgboost] CV ...
2026-04-28 10:07:45,373 [INFO]     Fold 1 AUROC=0.9383 AUPRC=0.4733 F1=0.3194 MCC=0.3756
2026-04-28 10:07:45,511 [INFO]     Fold 2 AUROC=0.9294 AUPRC=0.4849 F1=0.3578 MCC=0.3994
2026-04-28 10:07:45,656 [INFO]     Fold 3 AUROC=0.9256 AUPRC=0.4699 F1=0.3138 MCC=0.3532
2026-04-28 10:07:45,807 [INFO]     Fold 4 AUROC=0.9442 AUPRC=0.4643 F1=0.3860 MCC=0.4392
2026-04-28 10:07:45,943 [INFO]     Fold 5 AUROC=0.9406 AUPRC=0.5096 F1=0.3324 MCC=0.3762
2026-04-28 10:07:45,943 [INFO]   [xgboost] AUROC=0.9356±0.0070  AUPRC=0.4804±0.0161  F1=0.3419±0.0267  MCC=0.3887±0.0292
2026-04-28 10:07:45,949 [INFO]   [xgboost] Hyperparameter tuning (RandomizedSearchCV n_iter=50, cv=3, scoring=average_precision) ...
2026-04-28 10:07:55,012 [INFO]   [xgboost] Best params: {'subsample': 0.8, 'n_estimators': 200, 'max_depth': 5, 'learning_rate': 0.1, 'colsample_bytree': 0.6}  CV-AUPRC=0.4842
2026-04-28 10:07:55,039 [INFO] 
All models trained in 158.4s
2026-04-28 10:07:55,040 [INFO]   Best: xgboost (AUPRC=0.4804)
2026-04-28 10:07:55,047 [INFO]   Best model (xgboost, already calibrated) saved as best_model.joblib
2026-04-28 10:07:55,242 [INFO] STEP 11 COMPLETE
2026-04-28 10:07:55,263 [INFO] <<< Step 11 — Model training DONE (158.8s)
2026-04-28 10:07:55,264 [INFO] >>> Step 11b— PU bagging
2026-04-28 10:07:55,269 [INFO] ============================================================
2026-04-28 10:07:55,269 [INFO] STEP 11b — MORDELET-VERT PU BAGGING
2026-04-28 10:07:55,269 [INFO]   B=300  subsample_ratio=3.0  base_trees=100
2026-04-28 10:07:55,269 [INFO] ============================================================
2026-04-28 10:07:55,395 [INFO]   Training positives (P): 350
2026-04-28 10:07:55,396 [INFO]   Training unlabeled  (U): 7,486
2026-04-28 10:07:55,396 [INFO]   Subsample per iteration: 1050
2026-04-28 10:07:55,396 [INFO]   Full gene universe to score: 10,986
2026-04-28 10:07:57,640 [INFO]   Iter   10/300  elapsed: 2.2s
2026-04-28 10:07:59,737 [INFO]   Iter   20/300  elapsed: 4.3s
2026-04-28 10:08:02,149 [INFO]   Iter   30/300  elapsed: 6.7s
2026-04-28 10:08:03,806 [INFO]   Iter   40/300  elapsed: 8.4s
2026-04-28 10:08:06,069 [INFO]   Iter   50/300  elapsed: 10.7s
2026-04-28 10:08:07,847 [INFO]   Iter   60/300  elapsed: 12.4s
2026-04-28 10:08:10,145 [INFO]   Iter   70/300  elapsed: 14.7s
2026-04-28 10:08:11,992 [INFO]   Iter   80/300  elapsed: 16.6s
2026-04-28 10:08:14,440 [INFO]   Iter   90/300  elapsed: 19.0s
2026-04-28 10:08:16,464 [INFO]   Iter  100/300  elapsed: 21.1s
2026-04-28 10:08:18,736 [INFO]   Iter  110/300  elapsed: 23.3s
2026-04-28 10:08:21,347 [INFO]   Iter  120/300  elapsed: 25.9s
2026-04-28 10:08:23,506 [INFO]   Iter  130/300  elapsed: 28.1s
2026-04-28 10:08:25,713 [INFO]   Iter  140/300  elapsed: 30.3s
2026-04-28 10:08:27,725 [INFO]   Iter  150/300  elapsed: 32.3s
2026-04-28 10:08:30,135 [INFO]   Iter  160/300  elapsed: 34.7s
2026-04-28 10:08:32,296 [INFO]   Iter  170/300  elapsed: 36.9s
2026-04-28 10:08:34,027 [INFO]   Iter  180/300  elapsed: 38.6s
2026-04-28 10:08:36,264 [INFO]   Iter  190/300  elapsed: 40.9s
2026-04-28 10:08:38,510 [INFO]   Iter  200/300  elapsed: 43.1s
2026-04-28 10:08:40,597 [INFO]   Iter  210/300  elapsed: 45.2s
2026-04-28 10:08:42,663 [INFO]   Iter  220/300  elapsed: 47.3s
2026-04-28 10:08:44,729 [INFO]   Iter  230/300  elapsed: 49.3s
2026-04-28 10:08:46,789 [INFO]   Iter  240/300  elapsed: 51.4s
2026-04-28 10:08:48,848 [INFO]   Iter  250/300  elapsed: 53.4s
2026-04-28 10:08:51,242 [INFO]   Iter  260/300  elapsed: 55.8s
2026-04-28 10:08:53,676 [INFO]   Iter  270/300  elapsed: 58.3s
2026-04-28 10:08:55,473 [INFO]   Iter  280/300  elapsed: 60.1s
2026-04-28 10:08:57,542 [INFO]   Iter  290/300  elapsed: 62.1s
2026-04-28 10:08:59,702 [INFO]   Iter  300/300  elapsed: 64.3s
2026-04-28 10:08:59,703 [INFO]   PU bagging complete in 64.3s
2026-04-28 10:08:59,729 [INFO]   Validation AUROC=0.9306  AUPRC=0.4634
2026-04-28 10:08:59,730 [INFO]   LCGene in top-50: 32  top-100: 59  top-200: 114
2026-04-28 10:08:59,731 [INFO]   Recall@50=0.0731  Recall@100=0.1347  Recall@200=0.2603
2026-04-28 10:08:59,731 [INFO]   Precision@50=0.6400  Precision@100=0.5900
2026-04-28 10:08:59,732 [INFO]   PU novel candidates (score>=0.85): 186
2026-04-28 10:08:59,762 [ERROR] <<< Step 11b— PU bagging FAILED: PermissionError: [Errno 13] Permission denied: 'C:\\Users\\rahma\\Downloads\\gloom updated\\trial\\outputs\\results\\pu_bagging_metrics.csv'
2026-04-28 10:08:59,767 [INFO] ======================================================================
2026-04-28 10:08:59,768 [INFO] EXECUTION SUMMARY
2026-04-28 10:08:59,768 [INFO] ======================================================================
2026-04-28 10:08:59,769 [INFO]   [OK] Step 0  — Config                                  0.0s
2026-04-28 10:08:59,769 [INFO]   [OK] Step 1  — Data loading                           48.6s
2026-04-28 10:08:59,770 [INFO]   [OK] Step 2  — Preprocessing                          38.8s
2026-04-28 10:08:59,770 [INFO]   [OK] Step 3  — Harmonization                          18.1s
2026-04-28 10:08:59,770 [INFO]   [OK] Step 4  — Differential expr                       7.0s
2026-04-28 10:08:59,771 [INFO]   [OK] Step 5  — Expr features                          20.7s
2026-04-28 10:08:59,771 [INFO]   [OK] Step 6  — Co-expr network                        11.0s
2026-04-28 10:08:59,772 [INFO]   [OK] Step 6b — Normal network                         73.3s
2026-04-28 10:08:59,772 [INFO]   [OK] Step 7  — Network features                      124.3s
2026-04-28 10:08:59,772 [INFO]   [OK] Step 7b — Diff network feats                     75.0s
2026-04-28 10:08:59,773 [INFO]   [OK] Step 8  — Feature integration                     2.1s
2026-04-28 10:08:59,773 [INFO]   [OK] Step 9  — Label construction                      1.8s
2026-04-28 10:08:59,774 [INFO]   [OK] Step 10 — Train/val split                         0.9s
2026-04-28 10:08:59,774 [INFO]   [OK] Step 11 — Model training                        158.8s
2026-04-28 10:08:59,774 [INFO]   [FAIL] Step 11b— PU bagging                             64.5s
2026-04-28 10:08:59,774 [INFO]   Total: 645.0s (10.8 min)
2026-04-28 10:08:59,775 [ERROR]   STOPPED at: Step 11b— PU bagging
2026-04-28 10:13:00,949 [INFO] ======================================================================
2026-04-28 10:13:00,950 [INFO] LUAD ML PIPELINE — FULL RUN
2026-04-28 10:13:00,950 [INFO] ======================================================================
2026-04-28 10:13:00,950 [INFO] >>> Step 0  — Config
2026-04-28 10:13:00,951 [INFO] <<< Step 0  — Config DONE (0.0s)
2026-04-28 10:13:00,951 [INFO] >>> Step 1  — Data loading
2026-04-28 10:13:01,644 [INFO] ============================================================
2026-04-28 10:13:01,644 [INFO] STEP 1 — DATA LOADING
2026-04-28 10:13:01,645 [INFO] ============================================================
2026-04-28 10:13:01,648 [INFO] Loading tumor expression from: C:\Users\rahma\Downloads\gloom updated\trial\data\raw\cBioPortal (RNA Seq Data)\data_mrna_seq_v2_rsem.txt
2026-04-28 10:13:04,033 [INFO]   Raw shape: (20531, 512)
2026-04-28 10:13:04,176 [WARNING]   19 duplicate gene symbols found — keeping highest-mean row.
2026-04-28 10:13:04,322 [INFO]   Final shape: (20512, 510)
2026-04-28 10:13:04,322 [INFO] Loading tumor metadata from: C:\Users\rahma\Downloads\gloom updated\trial\data\raw\cBioPortal (RNA Seq Data)\data_clinical_patient.txt
2026-04-28 10:13:04,335 [INFO]   Raw shape: (566, 38)
2026-04-28 10:13:04,341 [INFO]   Final shape: (566, 35)
2026-04-28 10:13:04,341 [INFO] Loading normal expression from: C:\Users\rahma\Downloads\gloom updated\trial\data\raw\Gtex (normal samples)\gene_tpm_v11_lung.gct.gz
2026-04-28 10:13:04,344 [INFO]   GCT version line : #1.2
2026-04-28 10:13:04,345 [INFO]   GCT dimension line: 74628	604
2026-04-28 10:13:17,032 [INFO]   Raw shape (after preamble skip): (74628, 606)
2026-04-28 10:13:17,402 [WARNING]   1307 duplicate gene symbols — keeping highest-mean row.
2026-04-28 10:13:17,994 [INFO]   Final shape: (73321, 604)
2026-04-28 10:13:17,995 [INFO] Loading normal metadata from: C:\Users\rahma\Downloads\gloom updated\trial\data\raw\Gtex (normal samples)\GTEx_Analysis_v11_Annotations_SampleAttributesDS - LUAD.txt
2026-04-28 10:13:18,035 [INFO]   Raw shape: (1892, 119)  (all assay types)
2026-04-28 10:13:18,052 [INFO]   Retaining 11 QC columns: ['SAMPID', 'SMTS', 'SMTSD', 'SMRIN', 'SMATSSCR', 'SMRDTTL', 'SMMAPRT', 'SMRRNART', 'SMRDLGTH', 'SMNABTCHT', 'SMGEBTCHT']
2026-04-28 10:13:18,053 [INFO]   SMRIN  (RNA integrity) : mean=7.17  min=3.5  max=9.7
2026-04-28 10:13:18,054 [INFO]   SMATSSCR (autolysis)   : {0.0: 43, 1.0: 410, 2.0: 128, 3.0: 10}
2026-04-28 10:13:18,055 [INFO]   SMMAPRT  (map rate)    : mean=0.9836  min=0.8003
2026-04-28 10:13:18,055 [INFO]   Final shape: (604, 10)  (604 RNA-seq samples × 10 QC columns)
2026-04-28 10:13:18,055 [INFO] Loading labeled LUAD gene list from: C:\Users\rahma\Downloads\gloom updated\trial\data\raw\LCGene (Labeled LUAD Data)\LCGene_human_LUAD_filtered.tsv
2026-04-28 10:13:18,061 [INFO]   Raw shape: (517, 10)
2026-04-28 10:13:18,063 [INFO]   Unique labeled LUAD genes loaded: 517
2026-04-28 10:13:18,070 [INFO]   Full LCGene table saved to: C:\Users\rahma\Downloads\gloom updated\trial\data\processed\lcgene_luad_full.csv
2026-04-28 10:13:18,071 [INFO] 
Saving raw-loaded files to processed directory …
2026-04-28 10:13:52,362 [INFO] 
============================================================
2026-04-28 10:13:52,362 [INFO] STEP 1 SUMMARY
2026-04-28 10:13:52,362 [INFO] ============================================================
2026-04-28 10:13:52,363 [INFO]   Tumor expression   :  20512 genes  x  510 samples
2026-04-28 10:13:52,363 [INFO]   Normal expression  :  73321 genes  x  604 samples
2026-04-28 10:13:52,363 [INFO]   Normal metadata    :    604 RNA-seq samples  x  10 QC columns
2026-04-28 10:13:52,364 [INFO]   Labeled LUAD genes :    517 unique gene symbols (LCGene)
2026-04-28 10:13:52,364 [INFO] STEP 1 COMPLETE
2026-04-28 10:13:52,402 [INFO] <<< Step 1  — Data loading DONE (51.5s)
2026-04-28 10:13:52,403 [INFO] >>> Step 2  — Preprocessing
2026-04-28 10:13:53,914 [INFO] ============================================================
2026-04-28 10:13:53,915 [INFO] STEP 2 — DATA PREPROCESSING & QUALITY CONTROL
2026-04-28 10:13:53,915 [INFO] ============================================================
2026-04-28 10:13:59,785 [INFO] 
--- Tumor preprocessing ---
2026-04-28 10:13:59,921 [INFO]   [tumor] Replaced 1463479 zeros and 0 negatives with NaN.
2026-04-28 10:14:00,220 [INFO]   [tumor] log2(x+1) applied. Range: [0.004, 20.450]
2026-04-28 10:14:02,298 [WARNING]   [tumor] No common samples — trying TCGA ID truncation.
2026-04-28 10:14:02,338 [INFO]   [tumor] Retained 510 common samples.
2026-04-28 10:14:02,344 [INFO]   [tumor] Sample count OK: 510 >= 50.
2026-04-28 10:14:02,345 [INFO] 
--- Normal preprocessing ---
2026-04-28 10:14:03,048 [INFO]   [normal] Replaced 21868568 zeros and 0 negatives with NaN.
2026-04-28 10:14:04,142 [INFO]   [normal] log2(x+1) applied. Range: [0.000, 16.393]
2026-04-28 10:14:06,940 [INFO]   [normal] Retained 604 common samples.
2026-04-28 10:14:06,948 [INFO]   [normal] Sample count OK: 604 >= 50.
2026-04-28 10:14:06,948 [INFO] 
Generating QC plots …
2026-04-28 10:14:29,995 [INFO] 
============================================================
2026-04-28 10:14:29,995 [INFO] STEP 2 SUMMARY
2026-04-28 10:14:29,995 [INFO] ============================================================
2026-04-28 10:14:29,996 [INFO]   Tumor  expr :  16570 genes x  510 samples
2026-04-28 10:14:29,996 [INFO]   Normal expr :  21159 genes x  604 samples
2026-04-28 10:14:29,996 [INFO] STEP 2 COMPLETE
2026-04-28 10:14:30,039 [INFO] <<< Step 2  — Preprocessing DONE (37.6s)
2026-04-28 10:14:30,039 [INFO] >>> Step 3  — Harmonization
2026-04-28 10:14:30,043 [INFO] ============================================================
2026-04-28 10:14:30,044 [INFO] STEP 3 — GENE ID HARMONIZATION
2026-04-28 10:14:30,044 [INFO] ============================================================
2026-04-28 10:14:33,340 [WARNING]   [tumor] Dropping 1 invalid symbols.
2026-04-28 10:14:33,416 [INFO]   Common genes: 10986
2026-04-28 10:14:33,422 [INFO]   LCGene retained: 438 / 517 (84.7%)
2026-04-28 10:14:33,422 [WARNING]   LCGene genes lost: ABCB4, AKR1B10, ASCL1, BCL2L14, BPIFA1, BRINP1, BRSK2, C20ORF85, CA9, CASC1, CCKBR, CDX2, CHGA, CHRNA1, CHRNA5, CHRNA9, CLCA2, CLDN2, CSMD1, CYP2C19, CYP2C9, DLK1, DLX5, DPYSL5, DRD2, DSC3, ECE2, ELAVL2, EPHA7, FAM83A, FUT6, FZD9, GABRA3, GATA4, GPR87, HMGA2, HNF4A, HOXB9, IGF2BP3, INSM1, KCNH1, KCNJ3, KIF14, KIF5A, KLK6, KRT81, LEP, LGSN, MAGEA1, MAGEA6, MAGEC1, MMP13, MYO18B, NOV, NR0B1, NR1I2, NRXN1, OPCML, PAEP, PAX5, PITX2, PRAME, PTPRH, RGS17, SCGN, SERPINB4, SERPINB5, T, TERT, TF, TFAP2A, TFAP2B, TRIM31, TRPM8, UGT1A6, VIL1, VTCN1, WISP1, XDH
2026-04-28 10:14:46,644 [INFO]   Common genes: 10986
2026-04-28 10:14:46,645 [INFO] STEP 3 COMPLETE
2026-04-28 10:14:46,650 [INFO] <<< Step 3  — Harmonization DONE (16.6s)
2026-04-28 10:14:46,650 [INFO] >>> Step 4  — Differential expr
2026-04-28 10:14:46,760 [INFO] ============================================================
2026-04-28 10:14:46,760 [INFO] STEP 4 — DIFFERENTIAL EXPRESSION
2026-04-28 10:14:46,760 [INFO] ============================================================
2026-04-28 10:14:48,663 [INFO]   Tumor: (10986, 510)  Normal: (10986, 604)
2026-04-28 10:14:48,785 [INFO]   Running Welch t-test for 10986 genes …
2026-04-28 10:14:52,002 [INFO]   Significant at FDR<=0.001: 10882
2026-04-28 10:14:52,780 [INFO]   Up: 9700  Down: 15  NS: 1271
2026-04-28 10:14:52,780 [INFO] STEP 4 COMPLETE
2026-04-28 10:14:52,788 [INFO] <<< Step 4  — Differential expr DONE (6.1s)
2026-04-28 10:14:52,788 [INFO] >>> Step 5  — Expr features
2026-04-28 10:14:52,792 [INFO] ============================================================
2026-04-28 10:14:52,792 [INFO] STEP 5 — EXPRESSION FEATURE CONSTRUCTION
2026-04-28 10:14:52,793 [INFO] ============================================================
2026-04-28 10:14:54,899 [INFO]   Computing stats for [tumor] ((10986, 510)) …
2026-04-28 10:15:03,034 [INFO]   Computing stats for [normal] ((10986, 604)) …
2026-04-28 10:15:11,101 [INFO]   [expression_features] Validated. Shape: (10986, 29)
2026-04-28 10:15:11,933 [INFO]   Expression features: (10986, 29)
2026-04-28 10:15:11,933 [INFO] STEP 5 COMPLETE
2026-04-28 10:15:11,944 [INFO] <<< Step 5  — Expr features DONE (19.2s)
2026-04-28 10:15:11,945 [INFO] >>> Step 6  — Co-expr network
2026-04-28 10:15:12,253 [INFO] ============================================================
2026-04-28 10:15:12,253 [INFO] STEP 6 — CO-EXPRESSION NETWORK CONSTRUCTION
2026-04-28 10:15:12,254 [INFO] ============================================================
2026-04-28 10:15:13,223 [INFO]   Matrix: 10986 genes x 510 samples | cutoff |r|>=0.6
2026-04-28 10:15:14,492 [INFO]   Chunk 10/22 edges so far: 86,077 (1.2s)
2026-04-28 10:15:15,588 [INFO]   Chunk 20/22 edges so far: 109,749 (2.3s)
2026-04-28 10:15:15,857 [INFO]   Chunk 22/22 edges so far: 110,508 (2.6s)
2026-04-28 10:15:15,916 [INFO]   Total edges: 110,508
2026-04-28 10:15:19,385 [INFO]   Graph: 4,977 nodes, 110,508 edges
2026-04-28 10:15:22,590 [INFO]   Runtime: 2.8s
2026-04-28 10:15:22,591 [INFO] STEP 6 COMPLETE
2026-04-28 10:15:22,598 [INFO] <<< Step 6  — Co-expr network DONE (10.7s)
2026-04-28 10:15:22,598 [INFO] >>> Step 6b — Normal network
2026-04-28 10:15:22,603 [INFO] ============================================================
2026-04-28 10:15:22,603 [INFO] STEP 6b — NORMAL TISSUE CO-EXPRESSION NETWORK
2026-04-28 10:15:22,604 [INFO] ============================================================
2026-04-28 10:15:23,780 [INFO]   Normal expression: 10,986 genes × 604 samples
2026-04-28 10:15:23,781 [INFO]   Correlation cutoff: |r| >= 0.6
2026-04-28 10:15:23,781 [INFO]   Matrix: 10986 genes x 604 samples | cutoff |r|>=0.6
2026-04-28 10:15:24,952 [INFO]   Chunk 10/22 edges so far: 817,242 (1.1s)
2026-04-28 10:15:26,008 [INFO]   Chunk 20/22 edges so far: 1,240,735 (2.2s)
2026-04-28 10:15:26,201 [INFO]   Chunk 22/22 edges so far: 1,276,368 (2.4s)
2026-04-28 10:15:26,266 [INFO]   Total edges: 1,276,368
2026-04-28 10:16:06,201 [INFO]   Graph: 9,338 nodes, 1,276,368 edges
2026-04-28 10:16:33,164 [INFO]   Normal network: 10,986 nodes, 1,276,368 edges
2026-04-28 10:16:33,174 [INFO] STEP 6b COMPLETE
2026-04-28 10:16:33,208 [INFO] <<< Step 6b — Normal network DONE (70.6s)
2026-04-28 10:16:33,209 [INFO] >>> Step 7  — Network features
2026-04-28 10:16:33,211 [INFO] ============================================================
2026-04-28 10:16:33,212 [INFO] STEP 7 — NETWORK FEATURE EXTRACTION
2026-04-28 10:16:33,212 [INFO] ============================================================
2026-04-28 10:16:35,782 [INFO]   Graph: 10,986 nodes, 110,508 edges
2026-04-28 10:16:35,787 [INFO]   Extracting degree features …
2026-04-28 10:16:35,837 [INFO]   Extracting average neighbour degree …
2026-04-28 10:16:35,868 [INFO]   Betweenness centrality (n=10,986) …
2026-04-28 10:16:49,691 [INFO]   Closeness centrality …
2026-04-28 10:18:11,541 [INFO]   Eigenvector centrality …
2026-04-28 10:18:14,116 [INFO]   Clustering coefficient …
2026-04-28 10:18:37,533 [INFO]   Edge weight statistics …
2026-04-28 10:18:37,807 [INFO]   Component features …
2026-04-28 10:18:37,845 [INFO]   All features extracted in 122.1s
2026-04-28 10:18:39,167 [INFO]   Network features: (10986, 13)
2026-04-28 10:18:39,167 [INFO] STEP 7 COMPLETE
2026-04-28 10:18:39,169 [INFO] <<< Step 7  — Network features DONE (126.0s)
2026-04-28 10:18:39,171 [INFO] >>> Step 7b — Diff network feats
2026-04-28 10:18:39,176 [INFO] ============================================================
2026-04-28 10:18:39,176 [INFO] STEP 7b — DIFFERENTIAL CO-EXPRESSION FEATURES
2026-04-28 10:18:39,177 [INFO] ============================================================
2026-04-28 10:18:39,177 [INFO]   Loading Tumor network: C:\Users\rahma\Downloads\gloom updated\trial\outputs\results\network\coexpression_network.graphml
2026-04-28 10:18:41,666 [INFO]     10,986 nodes, 110,508 edges
2026-04-28 10:18:41,667 [INFO]   Loading Normal network: C:\Users\rahma\Downloads\gloom updated\trial\outputs\results\network\normal_coexpression_network.graphml
2026-04-28 10:19:07,351 [INFO]     10,986 nodes, 1,276,368 edges
2026-04-28 10:19:07,358 [INFO]   Gene universe (union): 10,986
2026-04-28 10:19:07,359 [INFO]   Computing degree features …
2026-04-28 10:19:07,375 [INFO]   Computing clustering coefficients …
2026-04-28 10:19:31,757 [WARNING]   Skipping clustering coefficient — graph too dense (1,276,368 edges > 300,000 limit). Set to 0.0.
2026-04-28 10:19:31,759 [INFO]   Computing betweenness centrality …
2026-04-28 10:19:52,434 [WARNING]   Skipping betweenness centrality — graph too dense (1,276,368 edges > 500,000 limit). Set to 0.0.
2026-04-28 10:19:52,435 [INFO]   Computing mean edge weight …
2026-04-28 10:19:54,168 [INFO]   Computing tumor-specific / normal-specific edges …
2026-04-28 10:19:54,550 [INFO]   All features computed in 47.2s
2026-04-28 10:19:54,613 [INFO]   Genes gaining connections in tumor: 1,161  losing: 8,400
2026-04-28 10:19:54,613 [INFO]   Mean rewiring_ratio: 0.8564
2026-04-28 10:19:54,713 [INFO]   Differential features: (10986, 15)
2026-04-28 10:19:54,719 [INFO] STEP 7b COMPLETE
2026-04-28 10:19:54,727 [INFO] <<< Step 7b — Diff network feats DONE (75.6s)
2026-04-28 10:19:54,728 [INFO] >>> Step 8  — Feature integration
2026-04-28 10:19:55,119 [INFO] ============================================================
2026-04-28 10:19:55,120 [INFO] STEP 8 — FEATURE INTEGRATION
2026-04-28 10:19:55,120 [INFO] ============================================================
2026-04-28 10:19:55,202 [INFO]   Expression: (10986, 29)  Network: (10986, 13)
2026-04-28 10:19:55,208 [INFO]   Concatenated: (10986, 42)
2026-04-28 10:19:55,219 [INFO]   Removed 21 collinear features: ['weighted_degree', 'component_size', 'min_edge_weight', 'tumor_median', 'normal_median', 't_stat', 'tumor_iqr_rank', 'tumor_mean_rank', 'cohens_d_rank', 'abs_log2fc_rank', 'neg_log10_padj_rank', 'betweenness_centrality', 'clustering_coefficient', 'max_edge_weight', 'std_edge_weight', 'in_largest_component', 'log2fc', 'iqr_ratio', 'std_ratio', 'tumor_kurtosis', 'normal_kurtosis']
2026-04-28 10:19:55,220 [INFO]   Features after collinearity removal: 21
2026-04-28 10:19:55,241 [INFO]   Highly correlated pairs (|r|>=0.95): 2
2026-04-28 10:19:55,693 [INFO]   Differential network features added: 9 columns (coverage: 10,986/10,986 genes)
2026-04-28 10:19:56,284 [INFO]   Integrated features: (10986, 30)
2026-04-28 10:19:56,285 [INFO] STEP 8 COMPLETE
2026-04-28 10:19:56,287 [INFO] <<< Step 8  — Feature integration DONE (1.6s)
2026-04-28 10:19:56,288 [INFO] >>> Step 9  — Label construction
2026-04-28 10:19:56,291 [INFO] ============================================================
2026-04-28 10:19:56,291 [INFO] STEP 9 — LABEL CONSTRUCTION
2026-04-28 10:19:56,291 [INFO] ============================================================
2026-04-28 10:19:56,370 [INFO]   LCGene symbols: 517
2026-04-28 10:19:56,379 [INFO]   Universe trimming: removing 1190 noisy unlabeled genes (non-expressed + no DE signal)
2026-04-28 10:19:56,384 [INFO]   Total: 9796  Positive (known LCGene): 438 (4.47%)  Unlabeled: 9358
2026-04-28 10:19:56,384 [INFO]   [PU framing] Negatives are UNLABELED — not confirmed non-cancer genes.
2026-04-28 10:19:57,822 [INFO]   LCGene genes unmatched: 79
2026-04-28 10:19:57,823 [INFO] STEP 9 COMPLETE
2026-04-28 10:19:57,826 [INFO] <<< Step 9  — Label construction DONE (1.5s)
2026-04-28 10:19:57,827 [INFO] >>> Step 10 — Train/val split
2026-04-28 10:19:57,829 [INFO] ============================================================
2026-04-28 10:19:57,829 [INFO] STEP 10 — TRAIN/VALIDATION SPLIT
2026-04-28 10:19:57,831 [INFO] ============================================================
2026-04-28 10:19:57,903 [INFO]   Features: (9796, 30)  Labels: 9796
2026-04-28 10:19:57,912 [INFO]   Train: 7836 (pos=350)  Val: 1960 (pos=88)
2026-04-28 10:19:57,922 [INFO]   Feature selection: kept top 20 features from feature_importance.csv
2026-04-28 10:19:58,739 [INFO] STEP 10 COMPLETE
2026-04-28 10:19:58,741 [INFO] <<< Step 10 — Train/val split DONE (0.9s)
2026-04-28 10:19:58,741 [INFO] >>> Step 11 — Model training
2026-04-28 10:19:58,874 [INFO] ============================================================
2026-04-28 10:19:58,874 [INFO] STEP 11 — MODEL TRAINING
2026-04-28 10:19:58,874 [INFO] ============================================================
2026-04-28 10:19:58,937 [INFO]   X_train: (7836, 20)  pos=350
2026-04-28 10:19:58,998 [INFO]   XGBoost added (scale_pos_weight=21.4)
2026-04-28 10:19:59,199 [INFO]   Random undersampling enabled (imbalanced-learn found).
2026-04-28 10:19:59,199 [INFO] 
  [random_forest] CV ...
2026-04-28 10:19:59,998 [INFO]     Fold 1 AUROC=0.9391 AUPRC=0.4297 F1=0.4392 MCC=0.4570
2026-04-28 10:20:00,797 [INFO]     Fold 2 AUROC=0.9239 AUPRC=0.4741 F1=0.4312 MCC=0.4266
2026-04-28 10:20:01,633 [INFO]     Fold 3 AUROC=0.9268 AUPRC=0.4497 F1=0.4219 MCC=0.4259
2026-04-28 10:20:02,432 [INFO]     Fold 4 AUROC=0.9454 AUPRC=0.4233 F1=0.4375 MCC=0.4371
2026-04-28 10:20:03,250 [INFO]     Fold 5 AUROC=0.9386 AUPRC=0.4582 F1=0.4398 MCC=0.4494
2026-04-28 10:20:03,251 [INFO]   [random_forest] AUROC=0.9348±0.0081  AUPRC=0.4470±0.0186  F1=0.4339±0.0067  MCC=0.4392±0.0123
2026-04-28 10:20:03,255 [INFO]   [random_forest] Hyperparameter tuning (RandomizedSearchCV n_iter=50, cv=3, scoring=average_precision) ...
2026-04-28 10:21:28,291 [INFO]   [random_forest] Best params: {'n_estimators': 800, 'min_samples_leaf': 2, 'max_features': 'sqrt', 'max_depth': None}  CV-AUPRC=0.4911
2026-04-28 10:21:28,767 [INFO] 
  [gradient_boosting] CV ...
2026-04-28 10:21:29,404 [INFO]     Fold 1 AUROC=0.9374 AUPRC=0.3990 F1=0.3851 MCC=0.4267
2026-04-28 10:21:30,024 [INFO]     Fold 2 AUROC=0.9278 AUPRC=0.4668 F1=0.4211 MCC=0.4412
2026-04-28 10:21:30,635 [INFO]     Fold 3 AUROC=0.9290 AUPRC=0.4770 F1=0.3851 MCC=0.4124
2026-04-28 10:21:31,228 [INFO]     Fold 4 AUROC=0.9456 AUPRC=0.4908 F1=0.4236 MCC=0.4576
2026-04-28 10:21:31,829 [INFO]     Fold 5 AUROC=0.9404 AUPRC=0.5130 F1=0.3649 MCC=0.3861
2026-04-28 10:21:31,830 [INFO]   [gradient_boosting] AUROC=0.9360±0.0068  AUPRC=0.4693±0.0384  F1=0.3960±0.0228  MCC=0.4248±0.0245
2026-04-28 10:21:31,835 [INFO]   [gradient_boosting] Hyperparameter tuning (RandomizedSearchCV n_iter=50, cv=3, scoring=average_precision) ...
2026-04-28 10:22:02,588 [INFO]   [gradient_boosting] Best params: {'subsample': 0.9, 'n_estimators': 300, 'max_depth': 5, 'learning_rate': 0.05}  CV-AUPRC=0.4872
2026-04-28 10:22:02,632 [INFO] 
  [logistic_regression] CV ...
2026-04-28 10:22:03,639 [INFO]     Fold 1 AUROC=0.8204 AUPRC=0.1233 F1=0.1222 MCC=0.1433
2026-04-28 10:22:04,685 [INFO]     Fold 2 AUROC=0.7819 AUPRC=0.2641 F1=0.1349 MCC=0.1516
2026-04-28 10:22:05,679 [INFO]     Fold 3 AUROC=0.8264 AUPRC=0.1251 F1=0.1288 MCC=0.1590
2026-04-28 10:22:06,676 [INFO]     Fold 4 AUROC=0.8006 AUPRC=0.2726 F1=0.1347 MCC=0.1537
2026-04-28 10:22:07,726 [INFO]     Fold 5 AUROC=0.7711 AUPRC=0.2537 F1=0.1284 MCC=0.1372
2026-04-28 10:22:07,726 [INFO]   [logistic_regression] AUROC=0.8001±0.0213  AUPRC=0.2077±0.0685  F1=0.1298±0.0047  MCC=0.1490±0.0078
2026-04-28 10:22:13,944 [INFO] 
  [extra_trees] CV ...
2026-04-28 10:22:14,512 [INFO]     Fold 1 AUROC=0.9395 AUPRC=0.4534 F1=0.4173 MCC=0.4297
2026-04-28 10:22:15,011 [INFO]     Fold 2 AUROC=0.9214 AUPRC=0.4341 F1=0.4486 MCC=0.4445
2026-04-28 10:22:15,519 [INFO]     Fold 3 AUROC=0.9331 AUPRC=0.4637 F1=0.4388 MCC=0.4459
2026-04-28 10:22:16,165 [INFO]     Fold 4 AUROC=0.9391 AUPRC=0.3921 F1=0.4622 MCC=0.4664
2026-04-28 10:22:16,702 [INFO]     Fold 5 AUROC=0.9316 AUPRC=0.4184 F1=0.4066 MCC=0.4098
2026-04-28 10:22:16,703 [INFO]   [extra_trees] AUROC=0.9330±0.0066  AUPRC=0.4323±0.0255  F1=0.4347±0.0203  MCC=0.4393±0.0188
2026-04-28 10:22:17,597 [INFO] 
  [xgboost] CV ...
2026-04-28 10:22:18,001 [INFO]     Fold 1 AUROC=0.9383 AUPRC=0.4733 F1=0.3194 MCC=0.3756
2026-04-28 10:22:18,135 [INFO]     Fold 2 AUROC=0.9294 AUPRC=0.4849 F1=0.3578 MCC=0.3994
2026-04-28 10:22:18,274 [INFO]     Fold 3 AUROC=0.9256 AUPRC=0.4699 F1=0.3138 MCC=0.3532
2026-04-28 10:22:18,410 [INFO]     Fold 4 AUROC=0.9442 AUPRC=0.4643 F1=0.3860 MCC=0.4392
2026-04-28 10:22:18,606 [INFO]     Fold 5 AUROC=0.9406 AUPRC=0.5096 F1=0.3324 MCC=0.3762
2026-04-28 10:22:18,607 [INFO]   [xgboost] AUROC=0.9356±0.0070  AUPRC=0.4804±0.0161  F1=0.3419±0.0267  MCC=0.3887±0.0292
2026-04-28 10:22:18,620 [INFO]   [xgboost] Hyperparameter tuning (RandomizedSearchCV n_iter=50, cv=3, scoring=average_precision) ...
2026-04-28 10:22:27,850 [INFO]   [xgboost] Best params: {'subsample': 0.8, 'n_estimators': 200, 'max_depth': 5, 'learning_rate': 0.1, 'colsample_bytree': 0.6}  CV-AUPRC=0.4842
2026-04-28 10:22:27,869 [INFO] 
All models trained in 148.9s
2026-04-28 10:22:27,871 [INFO]   Best: xgboost (AUPRC=0.4804)
2026-04-28 10:22:27,880 [INFO]   Best model (xgboost, already calibrated) saved as best_model.joblib
2026-04-28 10:22:28,096 [INFO] STEP 11 COMPLETE
2026-04-28 10:22:28,121 [INFO] <<< Step 11 — Model training DONE (149.4s)
2026-04-28 10:22:28,121 [INFO] >>> Step 11b— PU bagging
2026-04-28 10:22:28,125 [INFO] ============================================================
2026-04-28 10:22:28,125 [INFO] STEP 11b — MORDELET-VERT PU BAGGING
2026-04-28 10:22:28,126 [INFO]   B=300  subsample_ratio=3.0  base_trees=100
2026-04-28 10:22:28,126 [INFO] ============================================================
2026-04-28 10:22:28,257 [INFO]   Training positives (P): 350
2026-04-28 10:22:28,258 [INFO]   Training unlabeled  (U): 7,486
2026-04-28 10:22:28,258 [INFO]   Subsample per iteration: 1050
2026-04-28 10:22:28,259 [INFO]   Full gene universe to score: 10,986
2026-04-28 10:22:30,149 [INFO]   Iter   10/300  elapsed: 1.9s
2026-04-28 10:22:32,178 [INFO]   Iter   20/300  elapsed: 3.9s
2026-04-28 10:22:33,809 [INFO]   Iter   30/300  elapsed: 5.5s
2026-04-28 10:22:35,855 [INFO]   Iter   40/300  elapsed: 7.6s
2026-04-28 10:22:38,092 [INFO]   Iter   50/300  elapsed: 9.8s
2026-04-28 10:22:40,353 [INFO]   Iter   60/300  elapsed: 12.1s
2026-04-28 10:22:42,479 [INFO]   Iter   70/300  elapsed: 14.2s
2026-04-28 10:22:44,391 [INFO]   Iter   80/300  elapsed: 16.1s
2026-04-28 10:22:46,507 [INFO]   Iter   90/300  elapsed: 18.2s
2026-04-28 10:22:48,898 [INFO]   Iter  100/300  elapsed: 20.6s
2026-04-28 10:22:51,647 [INFO]   Iter  110/300  elapsed: 23.4s
2026-04-28 10:22:54,094 [INFO]   Iter  120/300  elapsed: 25.8s
2026-04-28 10:22:56,363 [INFO]   Iter  130/300  elapsed: 28.1s
2026-04-28 10:22:58,093 [INFO]   Iter  140/300  elapsed: 29.8s
2026-04-28 10:23:00,104 [INFO]   Iter  150/300  elapsed: 31.8s
2026-04-28 10:23:01,851 [INFO]   Iter  160/300  elapsed: 33.6s
2026-04-28 10:23:03,487 [INFO]   Iter  170/300  elapsed: 35.2s
2026-04-28 10:23:05,448 [INFO]   Iter  180/300  elapsed: 37.2s
2026-04-28 10:23:07,638 [INFO]   Iter  190/300  elapsed: 39.4s
2026-04-28 10:23:09,511 [INFO]   Iter  200/300  elapsed: 41.2s
2026-04-28 10:23:11,509 [INFO]   Iter  210/300  elapsed: 43.2s
2026-04-28 10:23:13,154 [INFO]   Iter  220/300  elapsed: 44.9s
2026-04-28 10:23:14,995 [INFO]   Iter  230/300  elapsed: 46.7s
2026-04-28 10:23:17,010 [INFO]   Iter  240/300  elapsed: 48.7s
2026-04-28 10:23:19,120 [INFO]   Iter  250/300  elapsed: 50.9s
2026-04-28 10:23:21,749 [INFO]   Iter  260/300  elapsed: 53.5s
2026-04-28 10:23:23,819 [INFO]   Iter  270/300  elapsed: 55.6s
2026-04-28 10:23:26,154 [INFO]   Iter  280/300  elapsed: 57.9s
2026-04-28 10:23:28,443 [INFO]   Iter  290/300  elapsed: 60.2s
2026-04-28 10:23:30,823 [INFO]   Iter  300/300  elapsed: 62.6s
2026-04-28 10:23:30,823 [INFO]   PU bagging complete in 62.6s
2026-04-28 10:23:30,837 [INFO]   Validation AUROC=0.9306  AUPRC=0.4634
2026-04-28 10:23:30,838 [INFO]   LCGene in top-50: 32  top-100: 59  top-200: 114
2026-04-28 10:23:30,838 [INFO]   Recall@50=0.0731  Recall@100=0.1347  Recall@200=0.2603
2026-04-28 10:23:30,839 [INFO]   Precision@50=0.6400  Precision@100=0.5900
2026-04-28 10:23:30,839 [INFO]   PU novel candidates (score>=0.85): 186
2026-04-28 10:23:31,317 [INFO] STEP 11b COMPLETE
2026-04-28 10:23:31,324 [INFO] <<< Step 11b— PU bagging DONE (63.2s)
2026-04-28 10:23:31,325 [INFO] >>> Step 12 — Model evaluation
2026-04-28 10:23:31,330 [INFO] ============================================================
2026-04-28 10:23:31,331 [INFO] STEP 12 — MODEL EVALUATION
2026-04-28 10:23:31,331 [INFO] ============================================================
2026-04-28 10:23:31,373 [INFO]   Val: 1960 genes  pos=88
2026-04-28 10:23:32,002 [INFO]   [extra_trees           ] AUROC=0.9314 AUPRC=0.5152 F1@0.50=0.4649 MCC@0.50=0.4390 [oracle F1@0.25=0.5000] R@100=0.5000 P@100=0.4400
2026-04-28 10:23:32,037 [INFO]   [gradient_boosting     ] AUROC=0.9223 AUPRC=0.4544 F1@0.50=0.4183 MCC@0.50=0.4073 [oracle F1@0.21=0.4566] R@100=0.4773 P@100=0.4200
2026-04-28 10:23:32,068 [INFO]   [logistic_regression   ] AUROC=0.8617 AUPRC=0.3940 F1@0.50=0.3670 MCC@0.50=0.3382 [oracle F1@0.19=0.4153] R@100=0.4318 P@100=0.3800
2026-04-28 10:23:32,412 [INFO]   [random_forest         ] AUROC=0.9252 AUPRC=0.4651 F1@0.50=0.4039 MCC@0.50=0.3757 [oracle F1@0.29=0.4737] R@100=0.4545 P@100=0.4000
2026-04-28 10:23:32,441 [INFO]   [xgboost               ] AUROC=0.9204 AUPRC=0.4919 F1@0.50=0.4498 MCC@0.50=0.4255 [oracle F1@0.12=0.4771] R@100=0.4659 P@100=0.4100
2026-04-28 10:23:32,444 [INFO]   Ensemble weights (AUPRC): extra_trees=0.212  gradient_boosting=0.230  logistic_regression=0.102  random_forest=0.219  xgboost=0.236
2026-04-28 10:23:32,468 [INFO]   [ensemble_soft_vote    ] AUROC=0.9316 AUPRC=0.5067 F1@0.50=0.4579 MCC@0.50=0.4354 [oracle F1@0.31=0.4805] R@100=0.4886 P@100=0.4300
2026-04-28 10:23:32,495 [INFO]   Classification reports saved to: C:\Users\rahma\Downloads\gloom updated\trial\outputs\results\classification_reports
2026-04-28 10:23:33,614 [INFO]   Confusion matrix grid saved: eval_confusion_matrices.png
2026-04-28 10:23:34,198 [INFO]   Multi-threshold confusion matrices saved: eval_confusion_multithreshold.png
2026-04-28 10:23:34,559 [INFO] STEP 12 COMPLETE
2026-04-28 10:23:34,596 [INFO] <<< Step 12 — Model evaluation DONE (3.3s)
2026-04-28 10:23:34,596 [INFO] >>> Step 13 — Feature importance
2026-04-28 10:23:34,613 [INFO] ============================================================
2026-04-28 10:23:34,613 [INFO] STEP 13 — FEATURE IMPORTANCE
2026-04-28 10:23:34,613 [INFO] ============================================================
2026-04-28 10:23:35,504 [INFO]   [xgboost] Permutation importance (n_repeats=10) …
2026-04-28 10:23:36,093 [INFO]   Top 5: {'tumor_std': 0.9999999999864696, 'normal_std': 0.3249119118170791, 'normal_skewness': 0.13239098831061272, 'tumor_cv': 0.131471093112971, 'neg_log10_padj': 0.12032557719154273}
2026-04-28 10:23:36,284 [INFO]   Feature importance shape: (20, 10)
2026-04-28 10:23:36,285 [INFO]   Top feature: tumor_std (0.8396)
2026-04-28 10:23:36,285 [INFO] STEP 13 COMPLETE
2026-04-28 10:23:36,314 [INFO] <<< Step 13 — Feature importance DONE (1.7s)
2026-04-28 10:23:36,314 [INFO] >>> Step 14 — Gene ranking
2026-04-28 10:23:36,319 [INFO] ============================================================
2026-04-28 10:23:36,319 [INFO] STEP 14 — GENE PREDICTION & RANKING
2026-04-28 10:23:36,319 [INFO] ============================================================
2026-04-28 10:23:36,411 [INFO]   Using PU bagging scores from step11b for gene ranking.
2026-04-28 10:23:36,429 [INFO]   PU bagging scores loaded: 10,986 genes.
2026-04-28 10:23:36,430 [INFO]   Score source: pu_bagging  |  novel threshold: 0.85
2026-04-28 10:23:36,430 [INFO]   Score source: pu_bagging  |  novel threshold: 0.85
2026-04-28 10:23:36,466 [INFO]   Total: 10,986  Novel candidates (prob>=0.85): 186  Sensitivity list (prob>=0.5): 1,336
2026-04-28 10:23:36,466 [INFO]   Median positive (known) rank: 396
2026-04-28 10:23:36,466 [INFO]   Positive (known) in top-50:  32  top-100: 59  top-200: 114  top-500: 272
2026-04-28 10:23:36,466 [INFO]   Recall@50=0.0731  Recall@100=0.1347  Recall@200=0.2603  Recall@500=0.6210
2026-04-28 10:23:36,467 [INFO]   Precision@50=0.6400  Precision@100=0.5900
2026-04-28 10:23:36,938 [INFO]   High-confidence novel candidates saved: 186 genes (prob>=0.85)
2026-04-28 10:23:36,938 [INFO]   Sensitivity novel candidates saved:     1336 genes (prob>=0.5)
2026-04-28 10:23:36,940 [INFO]   Query gene rankings saved: 0 genes
2026-04-28 10:23:36,942 [INFO] STEP 14 COMPLETE
2026-04-28 10:23:36,945 [INFO] <<< Step 14 — Gene ranking DONE (0.6s)
2026-04-28 10:23:36,945 [INFO] >>> Step 15 — Network annotation
2026-04-28 10:23:36,949 [INFO] ============================================================
2026-04-28 10:23:36,949 [INFO] STEP 15 — NETWORK ANNOTATION
2026-04-28 10:23:36,950 [INFO] ============================================================
2026-04-28 10:23:39,362 [INFO]   Graph: 10,986 nodes, 110,508 edges
2026-04-28 10:23:40,498 [INFO]   Positive edges: 108,468  Negative: 2,040
2026-04-28 10:23:46,727 [INFO]   LCGene nodes: 438  Novel: 186
2026-04-28 10:23:46,727 [INFO] STEP 15 COMPLETE
2026-04-28 10:23:46,754 [INFO] <<< Step 15 — Network annotation DONE (9.8s)
2026-04-28 10:23:46,755 [INFO] >>> Step 16 — Network export
2026-04-28 10:23:46,771 [INFO] ============================================================
2026-04-28 10:23:46,771 [INFO] STEP 16 — NETWORK EXPORT
2026-04-28 10:23:46,771 [INFO] ============================================================
2026-04-28 10:23:50,658 [INFO]   Graph: 10,986 nodes, 110,508 edges
2026-04-28 10:23:57,803 [INFO]   GraphML saved: C:\Users\rahma\Downloads\gloom updated\trial\outputs\results\network\exports/network_full.graphml
2026-04-28 10:24:02,864 [INFO]   Full network exports complete.
2026-04-28 10:24:02,891 [INFO]   [top100] 100 nodes, 15 edges
2026-04-28 10:24:02,984 [INFO]   [lcgene] 438 nodes, 925 edges
2026-04-28 10:24:03,021 [INFO]   [novel] 186 nodes, 49 edges
2026-04-28 10:24:03,625 [INFO]   [candidates] 2291 nodes, 8079 edges
2026-04-28 10:24:09,515 [INFO] 
  Sub-networks:
2026-04-28 10:24:09,516 [INFO]     top100               nodes=  100  edges=     15
2026-04-28 10:24:09,516 [INFO]     lcgene               nodes=  438  edges=    925
2026-04-28 10:24:09,517 [INFO]     novel                nodes=  186  edges=     49
2026-04-28 10:24:09,518 [INFO]     candidates           nodes=2,291  edges=  8,079
2026-04-28 10:24:09,518 [INFO] STEP 16 COMPLETE
2026-04-28 10:24:09,554 [INFO] <<< Step 16 — Network export DONE (22.8s)
2026-04-28 10:24:09,554 [INFO] >>> Step 17 — Visualization
2026-04-28 10:24:09,790 [INFO] ============================================================
2026-04-28 10:24:09,791 [INFO] STEP 17 — INTERACTIVE VISUALIZATION
2026-04-28 10:24:09,791 [INFO] ============================================================
2026-04-28 10:24:10,034 [INFO] [1] Volcano …
2026-04-28 10:24:10,540 [INFO]   Volcano saved: C:\Users\rahma\Downloads\gloom updated\trial\outputs\figures\interactive_volcano.html
2026-04-28 10:24:10,541 [INFO] [2] Ranking …
2026-04-28 10:24:10,796 [INFO]   Ranking plot saved: C:\Users\rahma\Downloads\gloom updated\trial\outputs\figures\interactive_ranking.html
2026-04-28 10:24:10,798 [INFO] [3] Network …
2026-04-28 10:24:10,953 [INFO]   Network plot saved: C:\Users\rahma\Downloads\gloom updated\trial\outputs\figures\interactive_network.html
2026-04-28 10:24:10,954 [INFO] [4] Feature importance …
2026-04-28 10:24:10,997 [INFO]   Feature importance saved: C:\Users\rahma\Downloads\gloom updated\trial\outputs\figures\interactive_feature_importance.html
2026-04-28 10:24:10,998 [INFO] [5] KEGG pathways …
2026-04-28 10:24:11,065 [INFO]   KEGG plot saved: C:\Users\rahma\Downloads\gloom updated\trial\outputs\figures\interactive_kegg.html
2026-04-28 10:24:11,065 [INFO] [6] Dashboard …
2026-04-28 10:24:11,189 [INFO]   Combined dashboard saved: C:\Users\rahma\Downloads\gloom updated\trial\outputs\figures\interactive_dashboard.html
2026-04-28 10:24:11,193 [INFO] STEP 17 COMPLETE
2026-04-28 10:24:11,199 [INFO] <<< Step 17 — Visualization DONE (1.6s)
2026-04-28 10:24:11,200 [INFO] >>> Step 18 — Final report
2026-04-28 10:24:11,207 [INFO] ============================================================
2026-04-28 10:24:11,207 [INFO] STEP 18 — FINAL OUTPUTS & REPORTING
2026-04-28 10:24:11,207 [INFO] ============================================================
2026-04-28 10:24:11,208 [INFO] [1] Building summary table …
2026-04-28 10:24:11,474 [INFO]   Summary table: (10986, 29)
2026-04-28 10:24:11,474 [INFO] [2] Building text report …
2026-04-28 10:24:11,506 [ERROR]   Report failed: 'mcc'
2026-04-28 10:24:11,507 [INFO] [3] Building summary figure …
2026-04-28 10:24:12,345 [INFO]   Summary figure (PNG) saved: C:\Users\rahma\Downloads\gloom updated\trial\outputs\results\reports\pipeline_summary_figure.png
2026-04-28 10:24:13,244 [INFO]   Summary figure (PDF) saved: C:\Users\rahma\Downloads\gloom updated\trial\outputs\results\reports\pipeline_summary_figure.pdf
2026-04-28 10:24:13,247 [INFO] [4] Writing master runner …
2026-04-28 10:24:13,249 [INFO]   Master runner saved: C:\Users\rahma\Downloads\gloom updated\trial\LUAD_ML_Pipeline\run_pipeline.py
2026-04-28 10:24:13,249 [INFO] ============================================================
2026-04-28 10:24:13,249 [INFO] STEP 18 SUMMARY
2026-04-28 10:24:13,250 [INFO] ============================================================
2026-04-28 10:24:13,250 [INFO]   Summary table: C:\Users\rahma\Downloads\gloom updated\trial\outputs\results\reports/pipeline_summary_table.csv
2026-04-28 10:24:13,250 [INFO]   Text report  : C:\Users\rahma\Downloads\gloom updated\trial\outputs\results\reports/pipeline_report.txt
2026-04-28 10:24:13,251 [INFO]   Summary fig  : C:\Users\rahma\Downloads\gloom updated\trial\outputs\results\reports/pipeline_summary_figure.png
2026-04-28 10:24:13,251 [INFO]   Master runner: C:\Users\rahma\Downloads\gloom updated\trial\LUAD_ML_Pipeline\run_pipeline.py
2026-04-28 10:24:13,251 [INFO] 
2026-04-28 10:24:13,252 [INFO]   Key deliverables:
2026-04-28 10:24:13,252 [INFO]     Gene rankings    : C:\Users\rahma\Downloads\gloom updated\trial\outputs\results\gene_rankings.csv
2026-04-28 10:24:13,253 [INFO]     Novel candidates : C:\Users\rahma\Downloads\gloom updated\trial\outputs\results/novel_candidates.csv
2026-04-28 10:24:13,253 [INFO]     Dashboard        : C:\Users\rahma\Downloads\gloom updated\trial\outputs\figures/interactive_dashboard.html
2026-04-28 10:24:13,254 [INFO] STEP 18 COMPLETE
2026-04-28 10:24:13,254 [INFO] <<< Step 18 — Final report DONE (2.1s)
2026-04-28 10:24:13,255 [INFO] ======================================================================
2026-04-28 10:24:13,255 [INFO] EXECUTION SUMMARY
2026-04-28 10:24:13,256 [INFO] ======================================================================
2026-04-28 10:24:13,256 [INFO]   [OK] Step 0  — Config                                  0.0s
2026-04-28 10:24:13,256 [INFO]   [OK] Step 1  — Data loading                           51.5s
2026-04-28 10:24:13,257 [INFO]   [OK] Step 2  — Preprocessing                          37.6s
2026-04-28 10:24:13,257 [INFO]   [OK] Step 3  — Harmonization                          16.6s
2026-04-28 10:24:13,257 [INFO]   [OK] Step 4  — Differential expr                       6.1s
2026-04-28 10:24:13,258 [INFO]   [OK] Step 5  — Expr features                          19.2s
2026-04-28 10:24:13,258 [INFO]   [OK] Step 6  — Co-expr network                        10.7s
2026-04-28 10:24:13,258 [INFO]   [OK] Step 6b — Normal network                         70.6s
2026-04-28 10:24:13,259 [INFO]   [OK] Step 7  — Network features                      126.0s
2026-04-28 10:24:13,259 [INFO]   [OK] Step 7b — Diff network feats                     75.6s
2026-04-28 10:24:13,259 [INFO]   [OK] Step 8  — Feature integration                     1.6s
2026-04-28 10:24:13,260 [INFO]   [OK] Step 9  — Label construction                      1.5s
2026-04-28 10:24:13,260 [INFO]   [OK] Step 10 — Train/val split                         0.9s
2026-04-28 10:24:13,260 [INFO]   [OK] Step 11 — Model training                        149.4s
2026-04-28 10:24:13,260 [INFO]   [OK] Step 11b— PU bagging                             63.2s
2026-04-28 10:24:13,261 [INFO]   [OK] Step 12 — Model evaluation                        3.3s
2026-04-28 10:24:13,261 [INFO]   [OK] Step 13 — Feature importance                      1.7s
2026-04-28 10:24:13,261 [INFO]   [OK] Step 14 — Gene ranking                            0.6s
2026-04-28 10:24:13,261 [INFO]   [OK] Step 15 — Network annotation                      9.8s
2026-04-28 10:24:13,262 [INFO]   [OK] Step 16 — Network export                         22.8s
2026-04-28 10:24:13,262 [INFO]   [OK] Step 17 — Visualization                           1.6s
2026-04-28 10:24:13,262 [INFO]   [OK] Step 18 — Final report                            2.1s
2026-04-28 10:24:13,262 [INFO]   Total: 672.3s (11.2 min)
2026-04-28 10:24:13,263 [INFO]   Pipeline COMPLETE.
2026-04-28 10:24:13,263 [INFO] ======================================================================
2026-04-28 10:32:58,891 [INFO] ======================================================================
2026-04-28 10:32:58,891 [INFO] LUAD ML PIPELINE — FULL RUN
2026-04-28 10:32:58,891 [INFO] ======================================================================
2026-04-28 10:32:58,891 [INFO] >>> Step 0  — Config
2026-04-28 10:32:58,906 [INFO] <<< Step 0  — Config DONE (0.0s)
2026-04-28 10:32:58,906 [INFO] >>> Step 1  — Data loading
2026-04-28 10:32:59,822 [INFO] ============================================================
2026-04-28 10:32:59,822 [INFO] STEP 1 — DATA LOADING
2026-04-28 10:32:59,822 [INFO] ============================================================
2026-04-28 10:32:59,837 [INFO] Loading tumor expression from: C:\Users\rahma\Downloads\gloom updated\trial\data\raw\cBioPortal (RNA Seq Data)\data_mrna_seq_v2_rsem.txt
2026-04-28 10:33:03,348 [INFO]   Raw shape: (20531, 512)
2026-04-28 10:33:03,561 [WARNING]   19 duplicate gene symbols found — keeping highest-mean row.
2026-04-28 10:33:03,790 [INFO]   Final shape: (20512, 510)
2026-04-28 10:33:03,790 [INFO] Loading tumor metadata from: C:\Users\rahma\Downloads\gloom updated\trial\data\raw\cBioPortal (RNA Seq Data)\data_clinical_patient.txt
2026-04-28 10:33:03,811 [INFO]   Raw shape: (566, 38)
2026-04-28 10:33:03,817 [INFO]   Final shape: (566, 35)
2026-04-28 10:33:03,817 [INFO] Loading normal expression from: C:\Users\rahma\Downloads\gloom updated\trial\data\raw\Gtex (normal samples)\gene_tpm_v11_lung.gct.gz
2026-04-28 10:33:03,822 [INFO]   GCT version line : #1.2
2026-04-28 10:33:03,822 [INFO]   GCT dimension line: 74628	604
2026-04-28 10:33:17,040 [INFO]   Raw shape (after preamble skip): (74628, 606)
2026-04-28 10:33:17,615 [WARNING]   1307 duplicate gene symbols — keeping highest-mean row.
2026-04-28 10:33:18,476 [INFO]   Final shape: (73321, 604)
2026-04-28 10:33:18,480 [INFO] Loading normal metadata from: C:\Users\rahma\Downloads\gloom updated\trial\data\raw\Gtex (normal samples)\GTEx_Analysis_v11_Annotations_SampleAttributesDS - LUAD.txt
2026-04-28 10:33:18,554 [INFO]   Raw shape: (1892, 119)  (all assay types)
2026-04-28 10:33:18,576 [INFO]   Retaining 11 QC columns: ['SAMPID', 'SMTS', 'SMTSD', 'SMRIN', 'SMATSSCR', 'SMRDTTL', 'SMMAPRT', 'SMRRNART', 'SMRDLGTH', 'SMNABTCHT', 'SMGEBTCHT']
2026-04-28 10:33:18,578 [INFO]   SMRIN  (RNA integrity) : mean=7.17  min=3.5  max=9.7
2026-04-28 10:33:18,578 [INFO]   SMATSSCR (autolysis)   : {0.0: 43, 1.0: 410, 2.0: 128, 3.0: 10}
2026-04-28 10:33:18,578 [INFO]   SMMAPRT  (map rate)    : mean=0.9836  min=0.8003
2026-04-28 10:33:18,578 [INFO]   Final shape: (604, 10)  (604 RNA-seq samples × 10 QC columns)
2026-04-28 10:33:18,578 [INFO] Loading labeled LUAD gene list from: C:\Users\rahma\Downloads\gloom updated\trial\data\raw\LCGene (Labeled LUAD Data)\LCGene_human_LUAD_filtered.tsv
2026-04-28 10:33:18,587 [INFO]   Raw shape: (517, 10)
2026-04-28 10:33:18,589 [INFO]   Unique labeled LUAD genes loaded: 517
2026-04-28 10:33:18,597 [INFO]   Full LCGene table saved to: C:\Users\rahma\Downloads\gloom updated\trial\data\processed\lcgene_luad_full.csv
2026-04-28 10:33:18,597 [INFO] 
Saving raw-loaded files to processed directory …
2026-04-28 10:34:05,413 [INFO] 
============================================================
2026-04-28 10:34:05,413 [INFO] STEP 1 SUMMARY
2026-04-28 10:34:05,413 [INFO] ============================================================
2026-04-28 10:34:05,413 [INFO]   Tumor expression   :  20512 genes  x  510 samples
2026-04-28 10:34:05,416 [INFO]   Normal expression  :  73321 genes  x  604 samples
2026-04-28 10:34:05,416 [INFO]   Normal metadata    :    604 RNA-seq samples  x  10 QC columns
2026-04-28 10:34:05,416 [INFO]   Labeled LUAD genes :    517 unique gene symbols (LCGene)
2026-04-28 10:34:05,417 [INFO] STEP 1 COMPLETE
2026-04-28 10:34:05,487 [INFO] <<< Step 1  — Data loading DONE (66.6s)
2026-04-28 10:34:05,487 [INFO] >>> Step 2  — Preprocessing
2026-04-28 10:34:11,107 [INFO] ============================================================
2026-04-28 10:34:11,107 [INFO] STEP 2 — DATA PREPROCESSING & QUALITY CONTROL
2026-04-28 10:34:11,107 [INFO] ============================================================
2026-04-28 10:34:20,287 [INFO] 
--- Tumor preprocessing ---
2026-04-28 10:34:20,510 [INFO]   [tumor] Replaced 1463479 zeros and 0 negatives with NaN.
2026-04-28 10:34:20,979 [INFO]   [tumor] log2(x+1) applied. Range: [0.004, 20.450]
2026-04-28 10:34:25,099 [WARNING]   [tumor] No common samples — trying TCGA ID truncation.
2026-04-28 10:34:25,163 [INFO]   [tumor] Retained 510 common samples.
2026-04-28 10:34:25,178 [INFO]   [tumor] Sample count OK: 510 >= 50.
2026-04-28 10:34:25,178 [INFO] 
--- Normal preprocessing ---
2026-04-28 10:34:25,902 [INFO]   [normal] Replaced 21868568 zeros and 0 negatives with NaN.
2026-04-28 10:34:27,547 [INFO]   [normal] log2(x+1) applied. Range: [0.000, 16.393]
2026-04-28 10:34:32,017 [INFO]   [normal] Retained 604 common samples.
2026-04-28 10:34:32,028 [INFO]   [normal] Sample count OK: 604 >= 50.
2026-04-28 10:34:32,028 [INFO] 
Generating QC plots …
2026-04-28 10:35:05,579 [INFO] 
============================================================
2026-04-28 10:35:05,579 [INFO] STEP 2 SUMMARY
2026-04-28 10:35:05,579 [INFO] ============================================================
2026-04-28 10:35:05,579 [INFO]   Tumor  expr :  16570 genes x  510 samples
2026-04-28 10:35:05,579 [INFO]   Normal expr :  21159 genes x  604 samples
2026-04-28 10:35:05,579 [INFO] STEP 2 COMPLETE
2026-04-28 10:35:05,653 [INFO] <<< Step 2  — Preprocessing DONE (60.2s)
2026-04-28 10:35:05,653 [INFO] >>> Step 3  — Harmonization
2026-04-28 10:35:05,653 [INFO] ============================================================
2026-04-28 10:35:05,653 [INFO] STEP 3 — GENE ID HARMONIZATION
2026-04-28 10:35:05,653 [INFO] ============================================================
2026-04-28 10:35:10,348 [WARNING]   [tumor] Dropping 1 invalid symbols.
2026-04-28 10:35:10,485 [INFO]   Common genes: 10986
2026-04-28 10:35:10,505 [INFO]   LCGene retained: 438 / 517 (84.7%)
2026-04-28 10:35:10,506 [WARNING]   LCGene genes lost: ABCB4, AKR1B10, ASCL1, BCL2L14, BPIFA1, BRINP1, BRSK2, C20ORF85, CA9, CASC1, CCKBR, CDX2, CHGA, CHRNA1, CHRNA5, CHRNA9, CLCA2, CLDN2, CSMD1, CYP2C19, CYP2C9, DLK1, DLX5, DPYSL5, DRD2, DSC3, ECE2, ELAVL2, EPHA7, FAM83A, FUT6, FZD9, GABRA3, GATA4, GPR87, HMGA2, HNF4A, HOXB9, IGF2BP3, INSM1, KCNH1, KCNJ3, KIF14, KIF5A, KLK6, KRT81, LEP, LGSN, MAGEA1, MAGEA6, MAGEC1, MMP13, MYO18B, NOV, NR0B1, NR1I2, NRXN1, OPCML, PAEP, PAX5, PITX2, PRAME, PTPRH, RGS17, SCGN, SERPINB4, SERPINB5, T, TERT, TF, TFAP2A, TFAP2B, TRIM31, TRPM8, UGT1A6, VIL1, VTCN1, WISP1, XDH
2026-04-28 10:35:30,449 [INFO]   Common genes: 10986
2026-04-28 10:35:30,449 [INFO] STEP 3 COMPLETE
2026-04-28 10:35:30,449 [INFO] <<< Step 3  — Harmonization DONE (24.8s)
2026-04-28 10:35:30,449 [INFO] >>> Step 4  — Differential expr
2026-04-28 10:35:30,639 [INFO] ============================================================
2026-04-28 10:35:30,639 [INFO] STEP 4 — DIFFERENTIAL EXPRESSION
2026-04-28 10:35:30,639 [INFO] ============================================================
2026-04-28 10:35:33,551 [INFO]   Tumor: (10986, 510)  Normal: (10986, 604)
2026-04-28 10:35:33,692 [INFO]   Running Welch t-test for 10986 genes …
2026-04-28 10:35:38,870 [INFO]   Significant at FDR<=0.001: 10882
2026-04-28 10:35:40,018 [INFO]   Up: 9700  Down: 15  NS: 1271
2026-04-28 10:35:40,018 [INFO] STEP 4 COMPLETE
2026-04-28 10:35:40,018 [INFO] <<< Step 4  — Differential expr DONE (9.6s)
2026-04-28 10:35:40,018 [INFO] >>> Step 5  — Expr features
2026-04-28 10:35:40,069 [INFO] ============================================================
2026-04-28 10:35:40,072 [INFO] STEP 5 — EXPRESSION FEATURE CONSTRUCTION
2026-04-28 10:35:40,072 [INFO] ============================================================
2026-04-28 10:35:42,933 [INFO]   Computing stats for [tumor] ((10986, 510)) …
2026-04-28 10:35:55,793 [INFO]   Computing stats for [normal] ((10986, 604)) …
2026-04-28 10:36:08,986 [INFO]   [expression_features] Validated. Shape: (10986, 29)
2026-04-28 10:36:10,162 [INFO]   Expression features: (10986, 29)
2026-04-28 10:36:10,162 [INFO] STEP 5 COMPLETE
2026-04-28 10:36:10,178 [INFO] <<< Step 5  — Expr features DONE (30.2s)
2026-04-28 10:36:10,178 [INFO] >>> Step 6  — Co-expr network
2026-04-28 10:36:10,658 [INFO] ============================================================
2026-04-28 10:36:10,658 [INFO] STEP 6 — CO-EXPRESSION NETWORK CONSTRUCTION
2026-04-28 10:36:10,658 [INFO] ============================================================
2026-04-28 10:36:11,931 [INFO]   Matrix: 10986 genes x 510 samples | cutoff |r|>=0.6
2026-04-28 10:36:13,428 [INFO]   Chunk 10/22 edges so far: 86,077 (1.5s)
2026-04-28 10:36:14,987 [INFO]   Chunk 20/22 edges so far: 109,749 (3.0s)
2026-04-28 10:36:15,283 [INFO]   Chunk 22/22 edges so far: 110,508 (3.3s)
2026-04-28 10:36:15,372 [INFO]   Total edges: 110,508
2026-04-28 10:36:20,784 [INFO]   Graph: 4,977 nodes, 110,508 edges
2026-04-28 10:36:25,360 [INFO]   Runtime: 3.6s
2026-04-28 10:36:25,360 [INFO] STEP 6 COMPLETE
2026-04-28 10:36:25,365 [INFO] <<< Step 6  — Co-expr network DONE (15.2s)
2026-04-28 10:36:25,365 [INFO] >>> Step 6b — Normal network
2026-04-28 10:36:25,400 [INFO] ============================================================
2026-04-28 10:36:25,400 [INFO] STEP 6b — NORMAL TISSUE CO-EXPRESSION NETWORK
2026-04-28 10:36:25,400 [INFO] ============================================================
2026-04-28 10:36:26,870 [INFO]   Normal expression: 10,986 genes × 604 samples
2026-04-28 10:36:26,870 [INFO]   Correlation cutoff: |r| >= 0.6
2026-04-28 10:36:26,870 [INFO]   Matrix: 10986 genes x 604 samples | cutoff |r|>=0.6
2026-04-28 10:36:29,148 [INFO]   Chunk 10/22 edges so far: 817,242 (2.2s)
2026-04-28 10:36:31,073 [INFO]   Chunk 20/22 edges so far: 1,240,735 (4.1s)
2026-04-28 10:36:31,433 [INFO]   Chunk 22/22 edges so far: 1,276,368 (4.5s)
2026-04-28 10:36:31,525 [INFO]   Total edges: 1,276,368
2026-04-28 10:37:32,911 [INFO]   Graph: 9,338 nodes, 1,276,368 edges
2026-04-28 10:38:54,276 [INFO]   Normal network: 10,986 nodes, 1,276,368 edges
2026-04-28 10:38:54,289 [INFO] STEP 6b COMPLETE
2026-04-28 10:38:54,330 [INFO] <<< Step 6b — Normal network DONE (149.0s)
2026-04-28 10:38:54,330 [INFO] >>> Step 7  — Network features
2026-04-28 10:38:54,342 [INFO] ============================================================
2026-04-28 10:38:54,342 [INFO] STEP 7 — NETWORK FEATURE EXTRACTION
2026-04-28 10:38:54,342 [INFO] ============================================================
2026-04-28 10:39:02,186 [INFO]   Graph: 10,986 nodes, 110,508 edges
2026-04-28 10:39:02,227 [INFO]   Extracting degree features …
2026-04-28 10:39:02,398 [INFO]   Extracting average neighbour degree …
2026-04-28 10:39:02,503 [INFO]   Betweenness centrality (n=10,986) …
2026-04-28 10:39:42,485 [INFO]   Closeness centrality …
2026-04-28 10:43:45,529 [INFO]   Eigenvector centrality …
2026-04-28 10:43:53,983 [INFO]   Clustering coefficient …
2026-04-28 10:45:11,043 [INFO]   Edge weight statistics …
2026-04-28 10:45:12,138 [INFO]   Component features …
2026-04-28 10:45:12,261 [INFO]   All features extracted in 370.0s
2026-04-28 10:45:17,240 [INFO]   Network features: (10986, 13)
2026-04-28 10:45:17,240 [INFO] STEP 7 COMPLETE
2026-04-28 10:45:17,240 [INFO] <<< Step 7  — Network features DONE (382.9s)
2026-04-28 10:45:17,240 [INFO] >>> Step 7b — Diff network feats
2026-04-28 10:45:17,249 [INFO] ============================================================
2026-04-28 10:45:17,249 [INFO] STEP 7b — DIFFERENTIAL CO-EXPRESSION FEATURES
2026-04-28 10:45:17,257 [INFO] ============================================================
2026-04-28 10:45:17,257 [INFO]   Loading Tumor network: C:\Users\rahma\Downloads\gloom updated\trial\outputs\results\network\coexpression_network.graphml
2026-04-28 10:45:24,565 [INFO]     10,986 nodes, 110,508 edges
2026-04-28 10:45:24,565 [INFO]   Loading Normal network: C:\Users\rahma\Downloads\gloom updated\trial\outputs\results\network\normal_coexpression_network.graphml
2026-04-28 10:46:48,913 [INFO]     10,986 nodes, 1,276,368 edges
2026-04-28 10:46:48,950 [INFO]   Gene universe (union): 10,986
2026-04-28 10:46:48,950 [INFO]   Computing degree features …
2026-04-28 10:46:49,042 [INFO]   Computing clustering coefficients …
2026-04-28 10:48:13,996 [WARNING]   Skipping clustering coefficient — graph too dense (1,276,368 edges > 300,000 limit). Set to 0.0.
2026-04-28 10:48:14,000 [INFO]   Computing betweenness centrality …
2026-04-28 10:49:07,985 [WARNING]   Skipping betweenness centrality — graph too dense (1,276,368 edges > 500,000 limit). Set to 0.0.
2026-04-28 10:49:07,985 [INFO]   Computing mean edge weight …
2026-04-28 10:49:12,927 [INFO]   Computing tumor-specific / normal-specific edges …
2026-04-28 10:49:14,073 [INFO]   All features computed in 145.1s
2026-04-28 10:49:14,278 [INFO]   Genes gaining connections in tumor: 1,161  losing: 8,400
2026-04-28 10:49:14,278 [INFO]   Mean rewiring_ratio: 0.8564
2026-04-28 10:49:14,830 [INFO]   Differential features: (10986, 15)
2026-04-28 10:49:14,847 [INFO] STEP 7b COMPLETE
2026-04-28 10:49:14,862 [INFO] <<< Step 7b — Diff network feats DONE (237.6s)
2026-04-28 10:49:14,862 [INFO] >>> Step 8  — Feature integration
2026-04-28 10:49:16,234 [INFO] ============================================================
2026-04-28 10:49:16,234 [INFO] STEP 8 — FEATURE INTEGRATION
2026-04-28 10:49:16,234 [INFO] ============================================================
2026-04-28 10:49:16,617 [INFO]   Expression: (10986, 29)  Network: (10986, 13)
2026-04-28 10:49:16,646 [INFO]   Concatenated: (10986, 42)
2026-04-28 10:49:16,679 [INFO]   Removed 21 collinear features: ['weighted_degree', 'component_size', 'min_edge_weight', 'tumor_median', 'normal_median', 't_stat', 'tumor_iqr_rank', 'tumor_mean_rank', 'cohens_d_rank', 'abs_log2fc_rank', 'neg_log10_padj_rank', 'betweenness_centrality', 'clustering_coefficient', 'max_edge_weight', 'std_edge_weight', 'in_largest_component', 'log2fc', 'iqr_ratio', 'std_ratio', 'tumor_kurtosis', 'normal_kurtosis']
2026-04-28 10:49:16,679 [INFO]   Features after collinearity removal: 21
2026-04-28 10:49:16,763 [INFO]   Highly correlated pairs (|r|>=0.95): 2
2026-04-28 10:49:18,866 [INFO]   Differential network features added: 9 columns (coverage: 10,986/10,986 genes)
2026-04-28 10:49:21,493 [INFO]   Integrated features: (10986, 30)
2026-04-28 10:49:21,493 [INFO] STEP 8 COMPLETE
2026-04-28 10:49:21,493 [INFO] <<< Step 8  — Feature integration DONE (6.6s)
2026-04-28 10:49:21,493 [INFO] >>> Step 9  — Label construction
2026-04-28 10:49:21,500 [INFO] ============================================================
2026-04-28 10:49:21,500 [INFO] STEP 9 — LABEL CONSTRUCTION
2026-04-28 10:49:21,500 [INFO] ============================================================
2026-04-28 10:49:21,783 [INFO]   LCGene symbols: 517
2026-04-28 10:49:21,815 [INFO]   Universe trimming: removing 1190 noisy unlabeled genes (non-expressed + no DE signal)
2026-04-28 10:49:21,831 [INFO]   Total: 9796  Positive (known LCGene): 438 (4.47%)  Unlabeled: 9358
2026-04-28 10:49:21,831 [INFO]   [PU framing] Negatives are UNLABELED — not confirmed non-cancer genes.
2026-04-28 10:49:25,530 [INFO]   LCGene genes unmatched: 79
2026-04-28 10:49:25,530 [INFO] STEP 9 COMPLETE
2026-04-28 10:49:25,546 [INFO] <<< Step 9  — Label construction DONE (4.1s)
2026-04-28 10:49:25,546 [INFO] >>> Step 10 — Train/val split
2026-04-28 10:49:25,549 [INFO] ============================================================
2026-04-28 10:49:25,549 [INFO] STEP 10 — TRAIN/VALIDATION SPLIT
2026-04-28 10:49:25,549 [INFO] ============================================================
2026-04-28 10:49:25,793 [INFO]   Features: (9796, 30)  Labels: 9796
2026-04-28 10:49:25,832 [INFO]   Train: 7836 (pos=350)  Val: 1960 (pos=88)
2026-04-28 10:49:25,844 [INFO]   Feature selection: kept top 20 features from feature_importance.csv
2026-04-28 10:49:29,219 [INFO] STEP 10 COMPLETE
2026-04-28 10:49:29,234 [INFO] <<< Step 10 — Train/val split DONE (3.7s)
2026-04-28 10:49:29,234 [INFO] >>> Step 11 — Model training
2026-04-28 10:49:29,540 [INFO] ============================================================
2026-04-28 10:49:29,540 [INFO] STEP 11 — MODEL TRAINING
2026-04-28 10:49:29,540 [INFO] ============================================================
2026-04-28 10:49:29,737 [INFO]   X_train: (7836, 20)  pos=350
2026-04-28 10:49:29,900 [INFO]   XGBoost added (scale_pos_weight=21.4)
2026-04-28 10:49:30,733 [INFO]   Random undersampling enabled (imbalanced-learn found).
2026-04-28 10:49:30,735 [INFO] 
  [random_forest] CV ...
2026-04-28 10:49:34,471 [INFO]     Fold 1 AUROC=0.9378 AUPRC=0.4233 F1=0.4280 MCC=0.4445
2026-04-28 10:49:37,908 [INFO]     Fold 2 AUROC=0.9254 AUPRC=0.4599 F1=0.4495 MCC=0.4478
2026-04-28 10:49:41,390 [INFO]     Fold 3 AUROC=0.9284 AUPRC=0.4551 F1=0.4132 MCC=0.4182
2026-04-28 10:49:44,961 [INFO]     Fold 4 AUROC=0.9443 AUPRC=0.4208 F1=0.4274 MCC=0.4306
2026-04-28 10:49:48,489 [INFO]     Fold 5 AUROC=0.9387 AUPRC=0.4671 F1=0.4327 MCC=0.4431
2026-04-28 10:49:48,489 [INFO]   [random_forest] AUROC=0.9349±0.0070  AUPRC=0.4453±0.0194  F1=0.4302±0.0117  MCC=0.4368±0.0110
2026-04-28 10:49:48,512 [INFO]   [random_forest] Hyperparameter tuning (RandomizedSearchCV n_iter=50, cv=3, scoring=average_precision) ...
2026-04-28 10:53:31,736 [INFO]   [random_forest] Best params: {'n_estimators': 300, 'min_samples_leaf': 2, 'max_features': 'sqrt', 'max_depth': None}  CV-AUPRC=0.4921
2026-04-28 10:53:32,336 [INFO] 
  [gradient_boosting] CV ...
2026-04-28 10:53:35,159 [INFO]     Fold 1 AUROC=0.9349 AUPRC=0.4005 F1=0.3910 MCC=0.4291
2026-04-28 10:53:38,024 [INFO]     Fold 2 AUROC=0.9308 AUPRC=0.4637 F1=0.4014 MCC=0.4240
2026-04-28 10:53:40,699 [INFO]     Fold 3 AUROC=0.9314 AUPRC=0.4581 F1=0.3787 MCC=0.4068
2026-04-28 10:53:43,301 [INFO]     Fold 4 AUROC=0.9467 AUPRC=0.4685 F1=0.4167 MCC=0.4487
2026-04-28 10:53:45,878 [INFO]     Fold 5 AUROC=0.9417 AUPRC=0.5220 F1=0.3741 MCC=0.3971
2026-04-28 10:53:45,878 [INFO]   [gradient_boosting] AUROC=0.9371±0.0062  AUPRC=0.4625±0.0386  F1=0.3924±0.0154  MCC=0.4211±0.0180
2026-04-28 10:53:45,894 [INFO]   [gradient_boosting] Hyperparameter tuning (RandomizedSearchCV n_iter=50, cv=3, scoring=average_precision) ...
2026-04-28 10:55:22,036 [INFO]   [gradient_boosting] Best params: {'subsample': 0.9, 'n_estimators': 500, 'max_depth': 3, 'learning_rate': 0.01}  CV-AUPRC=0.4831
2026-04-28 10:55:22,145 [INFO] 
  [logistic_regression] CV ...
2026-04-28 10:55:26,762 [INFO]     Fold 1 AUROC=0.8204 AUPRC=0.1233 F1=0.1222 MCC=0.1433
2026-04-28 10:55:31,378 [INFO]     Fold 2 AUROC=0.7819 AUPRC=0.2641 F1=0.1349 MCC=0.1516
2026-04-28 10:55:35,597 [INFO]     Fold 3 AUROC=0.8264 AUPRC=0.1251 F1=0.1288 MCC=0.1590
2026-04-28 10:55:39,951 [INFO]     Fold 4 AUROC=0.8006 AUPRC=0.2726 F1=0.1347 MCC=0.1537
2026-04-28 10:55:43,973 [INFO]     Fold 5 AUROC=0.7711 AUPRC=0.2537 F1=0.1284 MCC=0.1372
2026-04-28 10:55:43,973 [INFO]   [logistic_regression] AUROC=0.8001±0.0213  AUPRC=0.2077±0.0685  F1=0.1298±0.0047  MCC=0.1490±0.0078
2026-04-28 10:56:09,585 [INFO] 
  [extra_trees] CV ...
2026-04-28 10:56:11,671 [INFO]     Fold 1 AUROC=0.9358 AUPRC=0.4560 F1=0.4160 MCC=0.4259
2026-04-28 10:56:13,803 [INFO]     Fold 2 AUROC=0.9229 AUPRC=0.4341 F1=0.4507 MCC=0.4464
2026-04-28 10:56:15,909 [INFO]     Fold 3 AUROC=0.9348 AUPRC=0.4854 F1=0.4388 MCC=0.4459
2026-04-28 10:56:18,069 [INFO]     Fold 4 AUROC=0.9378 AUPRC=0.3943 F1=0.4513 MCC=0.4543
2026-04-28 10:56:20,348 [INFO]     Fold 5 AUROC=0.9325 AUPRC=0.4167 F1=0.3948 MCC=0.3918
2026-04-28 10:56:20,348 [INFO]   [extra_trees] AUROC=0.9328±0.0052  AUPRC=0.4373±0.0314  F1=0.4303±0.0219  MCC=0.4329±0.0226
2026-04-28 10:56:23,716 [INFO] 
  [xgboost] CV ...
2026-04-28 10:56:26,476 [INFO]     Fold 1 AUROC=0.9392 AUPRC=0.4670 F1=0.3259 MCC=0.3846
2026-04-28 10:56:27,064 [INFO]     Fold 2 AUROC=0.9269 AUPRC=0.4611 F1=0.3642 MCC=0.4051
2026-04-28 10:56:27,678 [INFO]     Fold 3 AUROC=0.9217 AUPRC=0.4411 F1=0.3316 MCC=0.3783
2026-04-28 10:56:28,243 [INFO]     Fold 4 AUROC=0.9414 AUPRC=0.4428 F1=0.3721 MCC=0.4209
2026-04-28 10:56:28,788 [INFO]     Fold 5 AUROC=0.9404 AUPRC=0.5337 F1=0.3279 MCC=0.3692
2026-04-28 10:56:28,788 [INFO]   [xgboost] AUROC=0.9339±0.0081  AUPRC=0.4691±0.0338  F1=0.3443±0.0197  MCC=0.3916±0.0188
2026-04-28 10:56:28,809 [INFO]   [xgboost] Hyperparameter tuning (RandomizedSearchCV n_iter=50, cv=3, scoring=average_precision) ...
2026-04-28 10:56:55,388 [INFO]   [xgboost] Best params: {'subsample': 0.7, 'n_estimators': 300, 'max_depth': 5, 'learning_rate': 0.1, 'colsample_bytree': 0.6}  CV-AUPRC=0.4870
2026-04-28 10:56:55,453 [INFO] 
All models trained in 445.6s
2026-04-28 10:56:55,453 [INFO]   Best: xgboost (AUPRC=0.4691)
2026-04-28 10:56:55,486 [INFO]   Best model (xgboost, already calibrated) saved as best_model.joblib
2026-04-28 10:56:56,315 [INFO] STEP 11 COMPLETE
2026-04-28 10:56:56,365 [INFO] <<< Step 11 — Model training DONE (447.1s)
2026-04-28 10:56:56,365 [INFO] >>> Step 11b— PU bagging
2026-04-28 10:56:56,374 [INFO] ============================================================
2026-04-28 10:56:56,374 [INFO] STEP 11b — MORDELET-VERT PU BAGGING
2026-04-28 10:56:56,374 [INFO]   B=300  subsample_ratio=1.0  base_trees=50
2026-04-28 10:56:56,380 [INFO] ============================================================
2026-04-28 10:56:56,800 [INFO]   Training positives (P): 350
2026-04-28 10:56:56,800 [INFO]   Training unlabeled  (U): 7,486
2026-04-28 10:56:56,800 [INFO]   Subsample per iteration: 350
2026-04-28 10:56:56,800 [INFO]   Full gene universe to score: 10,986
2026-04-28 10:57:00,520 [INFO]   Iter   10/300  elapsed: 3.7s
2026-04-28 10:57:04,532 [INFO]   Iter   20/300  elapsed: 7.7s
2026-04-28 10:57:08,350 [INFO]   Iter   30/300  elapsed: 11.5s
2026-04-28 10:57:12,516 [INFO]   Iter   40/300  elapsed: 15.7s
2026-04-28 10:57:16,131 [INFO]   Iter   50/300  elapsed: 19.3s
2026-04-28 10:57:19,631 [INFO]   Iter   60/300  elapsed: 22.8s
2026-04-28 10:57:23,203 [INFO]   Iter   70/300  elapsed: 26.4s
2026-04-28 10:57:26,605 [INFO]   Iter   80/300  elapsed: 29.8s
2026-04-28 10:57:30,029 [INFO]   Iter   90/300  elapsed: 33.2s
2026-04-28 10:57:33,552 [INFO]   Iter  100/300  elapsed: 36.7s
2026-04-28 10:57:37,059 [INFO]   Iter  110/300  elapsed: 40.2s
2026-04-28 10:57:40,453 [INFO]   Iter  120/300  elapsed: 43.6s
2026-04-28 10:57:43,793 [INFO]   Iter  130/300  elapsed: 47.0s
2026-04-28 10:57:47,399 [INFO]   Iter  140/300  elapsed: 50.6s
2026-04-28 10:57:50,742 [INFO]   Iter  150/300  elapsed: 53.9s
2026-04-28 10:57:54,123 [INFO]   Iter  160/300  elapsed: 57.3s
2026-04-28 10:57:57,236 [INFO]   Iter  170/300  elapsed: 60.4s
2026-04-28 10:58:00,474 [INFO]   Iter  180/300  elapsed: 63.7s
2026-04-28 10:58:03,800 [INFO]   Iter  190/300  elapsed: 67.0s
2026-04-28 10:58:06,942 [INFO]   Iter  200/300  elapsed: 70.1s
2026-04-28 10:58:10,111 [INFO]   Iter  210/300  elapsed: 73.3s
2026-04-28 10:58:13,387 [INFO]   Iter  220/300  elapsed: 76.6s
2026-04-28 10:58:16,546 [INFO]   Iter  230/300  elapsed: 79.7s
2026-04-28 10:58:20,150 [INFO]   Iter  240/300  elapsed: 83.3s
2026-04-28 10:58:23,634 [INFO]   Iter  250/300  elapsed: 86.8s
2026-04-28 10:58:26,956 [INFO]   Iter  260/300  elapsed: 90.1s
2026-04-28 10:58:30,253 [INFO]   Iter  270/300  elapsed: 93.4s
2026-04-28 10:58:33,460 [INFO]   Iter  280/300  elapsed: 96.6s
2026-04-28 10:58:36,858 [INFO]   Iter  290/300  elapsed: 100.0s
2026-04-28 10:58:40,128 [INFO]   Iter  300/300  elapsed: 103.3s
2026-04-28 10:58:40,128 [INFO]   PU bagging complete in 103.3s
2026-04-28 10:58:40,178 [INFO]   Validation AUROC=0.9294  AUPRC=0.4236
2026-04-28 10:58:40,178 [INFO]   LCGene in top-50: 39  top-100: 70  top-200: 130
2026-04-28 10:58:40,178 [INFO]   Recall@50=0.0890  Recall@100=0.1598  Recall@200=0.2968
2026-04-28 10:58:40,183 [INFO]   Precision@50=0.7800  Precision@100=0.7000
2026-04-28 10:58:40,183 [INFO]   PU novel candidates (score>=0.85): 518
2026-04-28 10:58:41,885 [INFO] STEP 11b COMPLETE
2026-04-28 10:58:41,885 [INFO] <<< Step 11b— PU bagging DONE (105.5s)
2026-04-28 10:58:41,885 [INFO] >>> Step 12 — Model evaluation
2026-04-28 10:58:41,903 [INFO] ============================================================
2026-04-28 10:58:41,909 [INFO] STEP 12 — MODEL EVALUATION
2026-04-28 10:58:41,909 [INFO] ============================================================
2026-04-28 10:58:41,991 [INFO]   Val: 1960 genes  pos=88
2026-04-28 10:58:43,262 [INFO]   [extra_trees           ] AUROC=0.9281 AUPRC=0.5182 F1@0.50=0.4607 MCC@0.50=0.4351 [oracle F1@0.24=0.5128] R@100=0.5000 P@100=0.4400
2026-04-28 10:58:43,376 [INFO]   [gradient_boosting     ] AUROC=0.9277 AUPRC=0.4554 F1@0.50=0.4014 MCC@0.50=0.3959 [oracle F1@0.37=0.4658] R@100=0.4773 P@100=0.4200
2026-04-28 10:58:43,458 [INFO]   [logistic_regression   ] AUROC=0.8617 AUPRC=0.3940 F1@0.50=0.3670 MCC@0.50=0.3382 [oracle F1@0.19=0.4153] R@100=0.4318 P@100=0.3800
2026-04-28 10:58:43,753 [INFO]   [random_forest         ] AUROC=0.9209 AUPRC=0.4743 F1@0.50=0.4455 MCC@0.50=0.4198 [oracle F1@0.31=0.4828] R@100=0.4545 P@100=0.4000
2026-04-28 10:58:43,874 [INFO]   [xgboost               ] AUROC=0.9175 AUPRC=0.4815 F1@0.50=0.4632 MCC@0.50=0.4373 [oracle F1@0.21=0.4767] R@100=0.4886 P@100=0.4300
2026-04-28 10:58:43,882 [INFO]   Ensemble weights (AUPRC): extra_trees=0.216  gradient_boosting=0.229  logistic_regression=0.103  random_forest=0.220  xgboost=0.232
2026-04-28 10:58:43,971 [INFO]   [ensemble_soft_vote    ] AUROC=0.9330 AUPRC=0.5153 F1@0.50=0.4528 MCC@0.50=0.4295 [oracle F1@0.33=0.5106] R@100=0.5000 P@100=0.4400
2026-04-28 10:58:44,036 [INFO]   Classification reports saved to: C:\Users\rahma\Downloads\gloom updated\trial\outputs\results\classification_reports
2026-04-28 10:58:47,476 [INFO]   Confusion matrix grid saved: eval_confusion_matrices.png
2026-04-28 10:58:49,291 [INFO]   Multi-threshold confusion matrices saved: eval_confusion_multithreshold.png
2026-04-28 10:58:50,530 [INFO] STEP 12 COMPLETE
2026-04-28 10:58:50,579 [INFO] <<< Step 12 — Model evaluation DONE (8.7s)
2026-04-28 10:58:50,579 [INFO] >>> Step 13 — Feature importance
2026-04-28 10:58:50,620 [INFO] ============================================================
2026-04-28 10:58:50,620 [INFO] STEP 13 — FEATURE IMPORTANCE
2026-04-28 10:58:50,620 [INFO] ============================================================
2026-04-28 10:58:52,368 [INFO]   [xgboost] Permutation importance (n_repeats=10) …
2026-04-28 10:58:53,984 [INFO]   Top 5: {'tumor_std': 0.9999999999839861, 'normal_std': 0.5714827307896152, 'neg_log10_padj': 0.217495698492691, 'normal_skewness': 0.17024234234837235, 'tumor_mean': 0.16181917158123557}
2026-04-28 10:58:54,496 [INFO]   Feature importance shape: (20, 10)
2026-04-28 10:58:54,496 [INFO]   Top feature: tumor_std (0.8396)
2026-04-28 10:58:54,496 [INFO] STEP 13 COMPLETE
2026-04-28 10:58:54,537 [INFO] <<< Step 13 — Feature importance DONE (4.0s)
2026-04-28 10:58:54,537 [INFO] >>> Step 14 — Gene ranking
2026-04-28 10:58:54,546 [INFO] ============================================================
2026-04-28 10:58:54,546 [INFO] STEP 14 — GENE PREDICTION & RANKING
2026-04-28 10:58:54,546 [INFO] ============================================================
2026-04-28 10:58:54,807 [INFO]   Using PU bagging scores from step11b for gene ranking.
2026-04-28 10:58:54,863 [INFO]   PU bagging scores loaded: 10,986 genes.
2026-04-28 10:58:54,863 [INFO]   Score source: pu_bagging  |  novel threshold: 0.85
2026-04-28 10:58:54,863 [INFO]   Score source: pu_bagging  |  novel threshold: 0.85
2026-04-28 10:58:54,978 [INFO]   Total: 10,986  Novel candidates (prob>=0.85): 518  Sensitivity list (prob>=0.5): 2,588
2026-04-28 10:58:54,978 [INFO]   Median positive (known) rank: 366
2026-04-28 10:58:54,978 [INFO]   Positive (known) in top-50:  39  top-100: 70  top-200: 130  top-500: 272
2026-04-28 10:58:54,982 [INFO]   Recall@50=0.0890  Recall@100=0.1598  Recall@200=0.2968  Recall@500=0.6210
2026-04-28 10:58:54,982 [INFO]   Precision@50=0.7800  Precision@100=0.7000
2026-04-28 10:58:57,257 [INFO]   High-confidence novel candidates saved: 518 genes (prob>=0.85)
2026-04-28 10:58:57,265 [INFO]   Sensitivity novel candidates saved:     2588 genes (prob>=0.5)
2026-04-28 10:58:57,265 [INFO]   Query gene rankings saved: 0 genes
2026-04-28 10:58:57,273 [INFO] STEP 14 COMPLETE
2026-04-28 10:58:57,276 [INFO] <<< Step 14 — Gene ranking DONE (2.7s)
2026-04-28 10:58:57,276 [INFO] >>> Step 15 — Network annotation
2026-04-28 10:58:57,284 [INFO] ============================================================
2026-04-28 10:58:57,284 [INFO] STEP 15 — NETWORK ANNOTATION
2026-04-28 10:58:57,284 [INFO] ============================================================
2026-04-28 10:59:04,879 [INFO]   Graph: 10,986 nodes, 110,508 edges
2026-04-28 10:59:10,029 [INFO]   Positive edges: 108,468  Negative: 2,040
2026-04-28 10:59:29,408 [INFO]   LCGene nodes: 438  Novel: 518
2026-04-28 10:59:29,408 [INFO] STEP 15 COMPLETE
2026-04-28 10:59:29,448 [INFO] <<< Step 15 — Network annotation DONE (32.2s)
2026-04-28 10:59:29,448 [INFO] >>> Step 16 — Network export
2026-04-28 10:59:29,458 [INFO] ============================================================
2026-04-28 10:59:29,458 [INFO] STEP 16 — NETWORK EXPORT
2026-04-28 10:59:29,458 [INFO] ============================================================
2026-04-28 10:59:40,318 [INFO]   Graph: 10,986 nodes, 110,508 edges
2026-04-28 11:00:00,155 [INFO]   GraphML saved: C:\Users\rahma\Downloads\gloom updated\trial\outputs\results\network\exports/network_full.graphml
2026-04-28 11:00:18,997 [INFO]   Full network exports complete.
2026-04-28 11:00:19,129 [INFO]   [top100] 100 nodes, 36 edges
2026-04-28 11:00:19,491 [INFO]   [lcgene] 438 nodes, 925 edges
2026-04-28 11:00:20,044 [INFO]   [novel] 518 nodes, 638 edges
2026-04-28 11:00:23,456 [INFO]   [candidates] 3583 nodes, 28573 edges
2026-04-28 11:00:34,537 [INFO] 
  Sub-networks:
2026-04-28 11:00:34,537 [INFO]     top100               nodes=  100  edges=     36
2026-04-28 11:00:34,537 [INFO]     lcgene               nodes=  438  edges=    925
2026-04-28 11:00:34,545 [INFO]     novel                nodes=  518  edges=    638
2026-04-28 11:00:34,545 [INFO]     candidates           nodes=3,583  edges= 28,573
2026-04-28 11:00:34,545 [INFO] STEP 16 COMPLETE
2026-04-28 11:00:34,594 [INFO] <<< Step 16 — Network export DONE (65.1s)
2026-04-28 11:00:34,594 [INFO] >>> Step 17 — Visualization
2026-04-28 11:00:35,218 [INFO] ============================================================
2026-04-28 11:00:35,218 [INFO] STEP 17 — INTERACTIVE VISUALIZATION
2026-04-28 11:00:35,218 [INFO] ============================================================
2026-04-28 11:00:35,839 [INFO] [1] Volcano …
2026-04-28 11:00:37,719 [INFO]   Volcano saved: C:\Users\rahma\Downloads\gloom updated\trial\outputs\figures\interactive_volcano.html
2026-04-28 11:00:37,720 [INFO] [2] Ranking …
2026-04-28 11:00:38,919 [INFO]   Ranking plot saved: C:\Users\rahma\Downloads\gloom updated\trial\outputs\figures\interactive_ranking.html
2026-04-28 11:00:38,922 [INFO] [3] Network …
2026-04-28 11:00:39,600 [INFO]   Network plot saved: C:\Users\rahma\Downloads\gloom updated\trial\outputs\figures\interactive_network.html
2026-04-28 11:00:39,601 [INFO] [4] Feature importance …
2026-04-28 11:00:39,756 [INFO]   Feature importance saved: C:\Users\rahma\Downloads\gloom updated\trial\outputs\figures\interactive_feature_importance.html
2026-04-28 11:00:39,757 [INFO] [5] KEGG pathways …
2026-04-28 11:00:39,944 [INFO]   KEGG plot saved: C:\Users\rahma\Downloads\gloom updated\trial\outputs\figures\interactive_kegg.html
2026-04-28 11:00:39,944 [INFO] [6] Dashboard …
2026-04-28 11:00:40,310 [INFO]   Combined dashboard saved: C:\Users\rahma\Downloads\gloom updated\trial\outputs\figures\interactive_dashboard.html
2026-04-28 11:00:40,326 [INFO] STEP 17 COMPLETE
2026-04-28 11:00:40,334 [INFO] <<< Step 17 — Visualization DONE (5.7s)
2026-04-28 11:00:40,334 [INFO] >>> Step 18 — Final report
2026-04-28 11:00:40,344 [INFO] ============================================================
2026-04-28 11:00:40,344 [INFO] STEP 18 — FINAL OUTPUTS & REPORTING
2026-04-28 11:00:40,344 [INFO] ============================================================
2026-04-28 11:00:40,344 [INFO] [1] Building summary table …
2026-04-28 11:00:41,481 [INFO]   Summary table: (10986, 29)
2026-04-28 11:00:41,481 [INFO] [2] Building text report …
2026-04-28 11:00:41,572 [ERROR]   Report failed: 'mcc'
2026-04-28 11:00:41,572 [INFO] [3] Building summary figure …
2026-04-28 11:00:45,012 [INFO]   Summary figure (PNG) saved: C:\Users\rahma\Downloads\gloom updated\trial\outputs\results\reports\pipeline_summary_figure.png
2026-04-28 11:00:48,016 [INFO]   Summary figure (PDF) saved: C:\Users\rahma\Downloads\gloom updated\trial\outputs\results\reports\pipeline_summary_figure.pdf
2026-04-28 11:00:48,016 [INFO] [4] Writing master runner …
2026-04-28 11:00:48,024 [INFO]   Master runner saved: C:\Users\rahma\Downloads\gloom updated\trial\LUAD_ML_Pipeline\run_pipeline.py
2026-04-28 11:00:48,024 [INFO] ============================================================
2026-04-28 11:00:48,024 [INFO] STEP 18 SUMMARY
2026-04-28 11:00:48,026 [INFO] ============================================================
2026-04-28 11:00:48,026 [INFO]   Summary table: C:\Users\rahma\Downloads\gloom updated\trial\outputs\results\reports/pipeline_summary_table.csv
2026-04-28 11:00:48,027 [INFO]   Text report  : C:\Users\rahma\Downloads\gloom updated\trial\outputs\results\reports/pipeline_report.txt
2026-04-28 11:00:48,027 [INFO]   Summary fig  : C:\Users\rahma\Downloads\gloom updated\trial\outputs\results\reports/pipeline_summary_figure.png
2026-04-28 11:00:48,027 [INFO]   Master runner: C:\Users\rahma\Downloads\gloom updated\trial\LUAD_ML_Pipeline\run_pipeline.py
2026-04-28 11:00:48,027 [INFO] 
2026-04-28 11:00:48,027 [INFO]   Key deliverables:
2026-04-28 11:00:48,027 [INFO]     Gene rankings    : C:\Users\rahma\Downloads\gloom updated\trial\outputs\results\gene_rankings.csv
2026-04-28 11:00:48,027 [INFO]     Novel candidates : C:\Users\rahma\Downloads\gloom updated\trial\outputs\results/novel_candidates.csv
2026-04-28 11:00:48,027 [INFO]     Dashboard        : C:\Users\rahma\Downloads\gloom updated\trial\outputs\figures/interactive_dashboard.html
2026-04-28 11:00:48,033 [INFO] STEP 18 COMPLETE
2026-04-28 11:00:48,033 [INFO] <<< Step 18 — Final report DONE (7.7s)
2026-04-28 11:00:48,033 [INFO] ======================================================================
2026-04-28 11:00:48,033 [INFO] EXECUTION SUMMARY
2026-04-28 11:00:48,033 [INFO] ======================================================================
2026-04-28 11:00:48,033 [INFO]   [OK] Step 0  — Config                                  0.0s
2026-04-28 11:00:48,033 [INFO]   [OK] Step 1  — Data loading                           66.6s
2026-04-28 11:00:48,033 [INFO]   [OK] Step 2  — Preprocessing                          60.2s
2026-04-28 11:00:48,033 [INFO]   [OK] Step 3  — Harmonization                          24.8s
2026-04-28 11:00:48,033 [INFO]   [OK] Step 4  — Differential expr                       9.6s
2026-04-28 11:00:48,033 [INFO]   [OK] Step 5  — Expr features                          30.2s
2026-04-28 11:00:48,033 [INFO]   [OK] Step 6  — Co-expr network                        15.2s
2026-04-28 11:00:48,041 [INFO]   [OK] Step 6b — Normal network                        149.0s
2026-04-28 11:00:48,041 [INFO]   [OK] Step 7  — Network features                      382.9s
2026-04-28 11:00:48,042 [INFO]   [OK] Step 7b — Diff network feats                    237.6s
2026-04-28 11:00:48,042 [INFO]   [OK] Step 8  — Feature integration                     6.6s
2026-04-28 11:00:48,042 [INFO]   [OK] Step 9  — Label construction                      4.1s
2026-04-28 11:00:48,044 [INFO]   [OK] Step 10 — Train/val split                         3.7s
2026-04-28 11:00:48,044 [INFO]   [OK] Step 11 — Model training                        447.1s
2026-04-28 11:00:48,044 [INFO]   [OK] Step 11b— PU bagging                            105.5s
2026-04-28 11:00:48,044 [INFO]   [OK] Step 12 — Model evaluation                        8.7s
2026-04-28 11:00:48,044 [INFO]   [OK] Step 13 — Feature importance                      4.0s
2026-04-28 11:00:48,044 [INFO]   [OK] Step 14 — Gene ranking                            2.7s
2026-04-28 11:00:48,044 [INFO]   [OK] Step 15 — Network annotation                     32.2s
2026-04-28 11:00:48,044 [INFO]   [OK] Step 16 — Network export                         65.1s
2026-04-28 11:00:48,044 [INFO]   [OK] Step 17 — Visualization                           5.7s
2026-04-28 11:00:48,049 [INFO]   [OK] Step 18 — Final report                            7.7s
2026-04-28 11:00:48,049 [INFO]   Total: 1669.1s (27.8 min)
2026-04-28 11:00:48,049 [INFO]   Pipeline COMPLETE.
2026-04-28 11:00:48,049 [INFO] ======================================================================
2026-04-28 11:44:56,571 [INFO] ======================================================================
2026-04-28 11:44:56,586 [INFO] LUAD ML PIPELINE — FULL RUN  (phases 1–3 fixes applied)
2026-04-28 11:44:56,586 [INFO] Running 25 step(s)
2026-04-28 11:44:56,586 [INFO] ======================================================================
2026-04-28 11:44:56,586 [INFO] >>> Step 0   — Config 
2026-04-28 11:44:56,586 [INFO] <<< Step 0   — Config DONE (0.0s)
2026-04-28 11:44:56,586 [INFO] >>> Step 1   — Data loading 
2026-04-28 11:44:57,234 [INFO] ============================================================
2026-04-28 11:44:57,234 [INFO] STEP 1 — DATA LOADING
2026-04-28 11:44:57,234 [INFO] ============================================================
2026-04-28 11:44:57,234 [INFO] Loading tumor expression from: C:\Users\rahma\Downloads\gloom updated\trial\data\raw\cBioPortal (RNA Seq Data)\data_mrna_seq_v2_rsem.txt
2026-04-28 11:44:59,413 [INFO]   Raw shape: (20531, 512)
2026-04-28 11:44:59,587 [WARNING]   19 duplicate gene symbols found — keeping highest-mean row.
2026-04-28 11:44:59,737 [INFO]   Final shape: (20512, 510)
2026-04-28 11:44:59,737 [INFO] Loading tumor metadata from: C:\Users\rahma\Downloads\gloom updated\trial\data\raw\cBioPortal (RNA Seq Data)\data_clinical_patient.txt
2026-04-28 11:44:59,741 [INFO]   Raw shape: (566, 38)
2026-04-28 11:44:59,749 [INFO]   Final shape: (566, 35)
2026-04-28 11:44:59,750 [INFO] Loading normal expression from: C:\Users\rahma\Downloads\gloom updated\trial\data\raw\Gtex (normal samples)\gene_tpm_v11_lung.gct.gz
2026-04-28 11:44:59,752 [INFO]   GCT version line : #1.2
2026-04-28 11:44:59,752 [INFO]   GCT dimension line: 74628	604
2026-04-28 11:45:07,357 [INFO]   Raw shape (after preamble skip): (74628, 606)
2026-04-28 11:45:07,715 [WARNING]   1307 duplicate gene symbols — keeping highest-mean row.
2026-04-28 11:45:08,252 [INFO]   Final shape: (73321, 604)
2026-04-28 11:45:08,252 [INFO] Loading normal metadata from: C:\Users\rahma\Downloads\gloom updated\trial\data\raw\Gtex (normal samples)\GTEx_Analysis_v11_Annotations_SampleAttributesDS - LUAD.txt
2026-04-28 11:45:08,283 [INFO]   Raw shape: (1892, 119)  (all assay types)
2026-04-28 11:45:08,292 [INFO]   Retaining 11 QC columns: ['SAMPID', 'SMTS', 'SMTSD', 'SMRIN', 'SMATSSCR', 'SMRDTTL', 'SMMAPRT', 'SMRRNART', 'SMRDLGTH', 'SMNABTCHT', 'SMGEBTCHT']
2026-04-28 11:45:08,293 [INFO]   SMRIN  (RNA integrity) : mean=7.17  min=3.5  max=9.7
2026-04-28 11:45:08,296 [INFO]   SMATSSCR (autolysis)   : {0.0: 43, 1.0: 410, 2.0: 128, 3.0: 10}
2026-04-28 11:45:08,296 [INFO]   SMMAPRT  (map rate)    : mean=0.9836  min=0.8003
2026-04-28 11:45:08,297 [INFO]   Final shape: (604, 10)  (604 RNA-seq samples × 10 QC columns)
2026-04-28 11:45:08,297 [INFO] Loading labeled LUAD gene list from: C:\Users\rahma\Downloads\gloom updated\trial\data\raw\LCGene (Labeled LUAD Data)\LCGene_human_LUAD_filtered.tsv
2026-04-28 11:45:08,301 [INFO]   Raw shape: (517, 10)
2026-04-28 11:45:08,302 [INFO]   Unique labeled LUAD genes loaded: 517
2026-04-28 11:45:08,309 [INFO]   Full LCGene table saved to: C:\Users\rahma\Downloads\gloom updated\trial\data\processed\lcgene_luad_full.csv
2026-04-28 11:45:08,310 [INFO] 
Saving raw-loaded files to processed directory …
2026-04-28 11:45:34,984 [INFO] 
============================================================
2026-04-28 11:45:34,984 [INFO] STEP 1 SUMMARY
2026-04-28 11:45:34,984 [INFO] ============================================================
2026-04-28 11:45:34,984 [INFO]   Tumor expression   :  20512 genes  x  510 samples
2026-04-28 11:45:34,984 [INFO]   Normal expression  :  73321 genes  x  604 samples
2026-04-28 11:45:34,984 [INFO]   Normal metadata    :    604 RNA-seq samples  x  10 QC columns
2026-04-28 11:45:34,984 [INFO]   Labeled LUAD genes :    517 unique gene symbols (LCGene)
2026-04-28 11:45:34,984 [INFO] STEP 1 COMPLETE
2026-04-28 11:45:35,017 [INFO] <<< Step 1   — Data loading DONE (38.4s)
2026-04-28 11:45:35,018 [INFO] >>> Step 1b  — Batch correction [optional]
2026-04-28 11:45:35,021 [INFO] ============================================================
2026-04-28 11:45:35,021 [INFO] STEP 1b — BATCH EFFECT CORRECTION (ComBat-seq)
2026-04-28 11:45:35,021 [INFO] ============================================================
2026-04-28 11:45:35,022 [INFO]   Loading harmonized expression matrices …
2026-04-28 11:45:36,696 [INFO]   Tumor:  10,986 genes × 510 samples
2026-04-28 11:45:36,696 [INFO]   Normal: 10,986 genes × 604 samples
2026-04-28 11:45:36,696 [INFO]   Common genes: 10,986
2026-04-28 11:45:36,744 [INFO]   Combined matrix: 10,986 genes × 1,114 samples
2026-04-28 11:45:36,744 [INFO]   Batch 0 (GTEx normal): 604  Batch 1 (TCGA tumor): 510
2026-04-28 11:45:41,704 [INFO]   Using inmoose.pycombat.pycombat_seq …
2026-04-28 11:45:42,620 [INFO]   Imputed 98,365 NaN values with gene-wise median before ComBat-seq.
2026-04-28 11:45:42,646 [INFO] Found 2 batches
2026-04-28 11:45:42,646 [INFO] Adjusting for 0 covariate(s) or covariate level(s)
2026-04-28 11:45:42,836 [INFO] Estimating dispersions
2026-04-28 11:47:32,471 [INFO] Fitting the GLM model
2026-04-28 11:47:41,025 [INFO] shrinkage off - using GLM estimates for parameters
2026-04-28 11:47:41,430 [INFO] Adjusting the data
2026-04-28 11:48:25,127 [INFO]   ComBat-seq correction applied (inmoose).
2026-04-28 11:48:30,087 [INFO]   Sanity check on 200 sample genes: DE-sig before=169 (84.5%)  after=200 (100.0%)
2026-04-28 11:48:30,087 [INFO]   NOTE: For downstream use, point TUMOR_EXPR_HARMONIZED and NORMAL_EXPR_HARMONIZED to the batch-corrected files in config.py before running step2 onward.
2026-04-28 11:48:30,087 [INFO] STEP 1b COMPLETE
2026-04-28 11:48:30,087 [INFO] <<< Step 1b  — Batch correction DONE (175.1s)
2026-04-28 11:48:30,087 [INFO] >>> Step 2   — Preprocessing 
2026-04-28 11:48:30,115 [INFO] ============================================================
2026-04-28 11:48:30,115 [INFO] STEP 2 — DATA PREPROCESSING & QUALITY CONTROL
2026-04-28 11:48:30,115 [INFO] ============================================================
2026-04-28 11:48:34,356 [INFO] 
--- Tumor preprocessing ---
2026-04-28 11:48:34,444 [INFO]   [tumor] Replaced 1463479 zeros and 0 negatives with NaN.
2026-04-28 11:48:34,680 [INFO]   [tumor] log2(x+1) applied. Range: [0.004, 20.450]
2026-04-28 11:48:36,459 [WARNING]   [tumor] No common samples — trying TCGA ID truncation.
2026-04-28 11:48:36,494 [INFO]   [tumor] Retained 510 common samples.
2026-04-28 11:48:36,494 [INFO]   [tumor] Sample count OK: 510 >= 50.
2026-04-28 11:48:36,494 [INFO] 
--- Normal preprocessing ---
2026-04-28 11:48:36,944 [INFO]   [normal] Replaced 21868568 zeros and 0 negatives with NaN.
2026-04-28 11:48:38,057 [INFO]   [normal] log2(x+1) applied. Range: [0.000, 16.393]
2026-04-28 11:48:40,714 [INFO]   [normal] Retained 604 common samples.
2026-04-28 11:48:40,720 [INFO]   [normal] Sample count OK: 604 >= 50.
2026-04-28 11:48:40,720 [INFO] 
Generating QC plots …
2026-04-28 11:49:01,039 [INFO] 
============================================================
2026-04-28 11:49:01,039 [INFO] STEP 2 SUMMARY
2026-04-28 11:49:01,039 [INFO] ============================================================
2026-04-28 11:49:01,039 [INFO]   Tumor  expr :  16570 genes x  510 samples
2026-04-28 11:49:01,039 [INFO]   Normal expr :  21159 genes x  604 samples
2026-04-28 11:49:01,039 [INFO] STEP 2 COMPLETE
2026-04-28 11:49:01,077 [INFO] <<< Step 2   — Preprocessing DONE (31.0s)
2026-04-28 11:49:01,077 [INFO] >>> Step 3   — Harmonization 
2026-04-28 11:49:01,077 [INFO] ============================================================
2026-04-28 11:49:01,077 [INFO] STEP 3 — GENE ID HARMONIZATION
2026-04-28 11:49:01,077 [INFO] ============================================================
2026-04-28 11:49:03,968 [WARNING]   [tumor] Dropping 1 invalid symbols.
2026-04-28 11:49:04,017 [INFO]   Common genes: 10986
2026-04-28 11:49:04,025 [INFO]   LCGene retained: 438 / 517 (84.7%)
2026-04-28 11:49:04,025 [WARNING]   LCGene genes lost: ABCB4, AKR1B10, ASCL1, BCL2L14, BPIFA1, BRINP1, BRSK2, C20ORF85, CA9, CASC1, CCKBR, CDX2, CHGA, CHRNA1, CHRNA5, CHRNA9, CLCA2, CLDN2, CSMD1, CYP2C19, CYP2C9, DLK1, DLX5, DPYSL5, DRD2, DSC3, ECE2, ELAVL2, EPHA7, FAM83A, FUT6, FZD9, GABRA3, GATA4, GPR87, HMGA2, HNF4A, HOXB9, IGF2BP3, INSM1, KCNH1, KCNJ3, KIF14, KIF5A, KLK6, KRT81, LEP, LGSN, MAGEA1, MAGEA6, MAGEC1, MMP13, MYO18B, NOV, NR0B1, NR1I2, NRXN1, OPCML, PAEP, PAX5, PITX2, PRAME, PTPRH, RGS17, SCGN, SERPINB4, SERPINB5, T, TERT, TF, TFAP2A, TFAP2B, TRIM31, TRPM8, UGT1A6, VIL1, VTCN1, WISP1, XDH
2026-04-28 11:49:15,868 [INFO]   Common genes: 10986
2026-04-28 11:49:15,868 [INFO] STEP 3 COMPLETE
2026-04-28 11:49:15,868 [INFO] <<< Step 3   — Harmonization DONE (14.8s)
2026-04-28 11:49:15,868 [INFO] >>> Step 4   — Differential expr 
2026-04-28 11:49:15,882 [INFO] ============================================================
2026-04-28 11:49:15,882 [INFO] STEP 4 — DIFFERENTIAL EXPRESSION
2026-04-28 11:49:15,882 [INFO] ============================================================
2026-04-28 11:49:17,584 [INFO]   Tumor: (10986, 510)  Normal: (10986, 604)
2026-04-28 11:49:17,681 [INFO]   Running Welch t-test for 10986 genes …
2026-04-28 11:49:20,635 [INFO]   Significant at FDR<=0.001: 10882
2026-04-28 11:49:21,465 [INFO]   Up: 9700  Down: 15  NS: 1271
2026-04-28 11:49:21,465 [INFO] STEP 4 COMPLETE
2026-04-28 11:49:21,481 [INFO] <<< Step 4   — Differential expr DONE (5.6s)
2026-04-28 11:49:21,481 [INFO] >>> Step 5   — Expr features 
2026-04-28 11:49:21,486 [INFO] ============================================================
2026-04-28 11:49:21,486 [INFO] STEP 5 — EXPRESSION FEATURE CONSTRUCTION
2026-04-28 11:49:21,486 [INFO] ============================================================
2026-04-28 11:49:23,210 [INFO]   Computing stats for [tumor] ((10986, 510)) …
2026-04-28 11:49:30,336 [INFO]   Computing stats for [normal] ((10986, 604)) …
2026-04-28 11:49:37,496 [INFO]   [expression_features] Validated. Shape: (10986, 29)
2026-04-28 11:49:38,174 [INFO]   Expression features: (10986, 29)
2026-04-28 11:49:38,174 [INFO] STEP 5 COMPLETE
2026-04-28 11:49:38,190 [INFO] <<< Step 5   — Expr features DONE (16.7s)
2026-04-28 11:49:38,190 [INFO] >>> Step 6   — Tumor co-expr network 
2026-04-28 11:49:38,475 [INFO] ============================================================
2026-04-28 11:49:38,475 [INFO] STEP 6 — CO-EXPRESSION NETWORK CONSTRUCTION
2026-04-28 11:49:38,486 [INFO] ============================================================
2026-04-28 11:49:39,282 [INFO]   Matrix: 10986 genes x 510 samples | cutoff |r|>=0.6
2026-04-28 11:49:40,853 [INFO]   Chunk 10/22 edges so far: 86,077 (1.5s)
2026-04-28 11:49:42,244 [INFO]   Chunk 20/22 edges so far: 109,749 (2.9s)
2026-04-28 11:49:42,485 [INFO]   Chunk 22/22 edges so far: 110,508 (3.2s)
2026-04-28 11:49:42,597 [INFO]   Total edges: 110,508
2026-04-28 11:49:45,669 [INFO]   Graph: 4,977 nodes, 110,508 edges
2026-04-28 11:49:48,427 [INFO]   Runtime: 3.4s
2026-04-28 11:49:48,442 [INFO] STEP 6 COMPLETE
2026-04-28 11:49:48,442 [INFO] <<< Step 6   — Tumor co-expr network DONE (10.3s)
2026-04-28 11:49:48,442 [INFO] >>> Step 6b  — Normal co-expr network [optional]
2026-04-28 11:49:48,461 [INFO] ============================================================
2026-04-28 11:49:48,461 [INFO] STEP 6b — NORMAL TISSUE CO-EXPRESSION NETWORK
2026-04-28 11:49:48,461 [INFO] ============================================================
2026-04-28 11:49:49,343 [INFO]   Normal expression: 10,986 genes × 604 samples
2026-04-28 11:49:49,343 [INFO]   Correlation cutoff: |r| >= 0.6
2026-04-28 11:49:49,343 [INFO]   Matrix: 10986 genes x 604 samples | cutoff |r|>=0.6
2026-04-28 11:49:51,527 [INFO]   Chunk 10/22 edges so far: 817,242 (2.1s)
2026-04-28 11:49:53,079 [INFO]   Chunk 20/22 edges so far: 1,240,735 (3.7s)
2026-04-28 11:49:53,371 [INFO]   Chunk 22/22 edges so far: 1,276,368 (4.0s)
2026-04-28 11:49:53,482 [INFO]   Total edges: 1,276,368
2026-04-28 11:50:29,829 [INFO]   Graph: 9,338 nodes, 1,276,368 edges
2026-04-28 11:50:52,919 [INFO]   Normal network: 10,986 nodes, 1,276,368 edges
2026-04-28 11:50:52,919 [INFO] STEP 6b COMPLETE
2026-04-28 11:50:52,956 [INFO] <<< Step 6b  — Normal co-expr network DONE (64.5s)
2026-04-28 11:50:52,956 [INFO] >>> Step 7   — Network features 
2026-04-28 11:50:52,971 [INFO] ============================================================
2026-04-28 11:50:52,971 [INFO] STEP 7 — NETWORK FEATURE EXTRACTION
2026-04-28 11:50:52,971 [INFO] ============================================================
2026-04-28 11:50:55,285 [INFO]   Graph: 10,986 nodes, 110,508 edges
2026-04-28 11:50:55,285 [INFO]   Extracting degree features …
2026-04-28 11:50:55,334 [INFO]   Extracting average neighbour degree …
2026-04-28 11:50:55,367 [INFO]   Betweenness centrality (n=10,986) …
2026-04-28 11:51:09,730 [INFO]   Closeness centrality …
2026-04-28 11:52:10,109 [INFO]   Eigenvector centrality …
2026-04-28 11:52:12,168 [INFO]   Clustering coefficient …
2026-04-28 11:52:30,231 [INFO]   Edge weight statistics …
2026-04-28 11:52:30,464 [INFO]   Component features …
2026-04-28 11:52:30,499 [INFO]   All features extracted in 95.2s
2026-04-28 11:52:31,589 [INFO]   Network features: (10986, 13)
2026-04-28 11:52:31,589 [INFO] STEP 7 COMPLETE
2026-04-28 11:52:31,589 [INFO] <<< Step 7   — Network features DONE (98.6s)
2026-04-28 11:52:31,589 [INFO] >>> Step 7b  — Diff. network features [optional]
2026-04-28 11:52:31,601 [INFO] ============================================================
2026-04-28 11:52:31,601 [INFO] STEP 7b — DIFFERENTIAL CO-EXPRESSION FEATURES
2026-04-28 11:52:31,601 [INFO] ============================================================
2026-04-28 11:52:31,601 [INFO]   Loading Tumor network: C:\Users\rahma\Downloads\gloom updated\trial\outputs\results\network\coexpression_network.graphml
2026-04-28 11:52:33,573 [INFO]     10,986 nodes, 110,508 edges
2026-04-28 11:52:33,573 [INFO]   Loading Normal network: C:\Users\rahma\Downloads\gloom updated\trial\outputs\results\network\normal_coexpression_network.graphml
2026-04-28 11:52:54,549 [INFO]     10,986 nodes, 1,276,368 edges
2026-04-28 11:52:54,549 [INFO]   Gene universe (union): 10,986
2026-04-28 11:52:54,549 [INFO]   Computing degree features …
2026-04-28 11:52:54,565 [INFO]   Computing clustering coefficients …
2026-04-28 11:53:12,895 [WARNING]   Skipping clustering coefficient — graph too dense (1,276,368 edges > 300,000 limit). Set to 0.0.
2026-04-28 11:53:12,895 [INFO]   Computing betweenness centrality …
2026-04-28 11:53:30,684 [WARNING]   Skipping betweenness centrality — graph too dense (1,276,368 edges > 500,000 limit). Set to 0.0.
2026-04-28 11:53:30,684 [INFO]   Computing mean edge weight …
2026-04-28 11:53:32,012 [INFO]   Computing tumor-specific / normal-specific edges …
2026-04-28 11:53:32,287 [INFO]   All features computed in 37.7s
2026-04-28 11:53:32,321 [INFO]   Genes gaining connections in tumor: 1,161  losing: 8,400
2026-04-28 11:53:32,321 [INFO]   Mean rewiring_ratio: 0.8564
2026-04-28 11:53:32,418 [INFO]   Differential features: (10986, 15)
2026-04-28 11:53:32,418 [INFO] STEP 7b COMPLETE
2026-04-28 11:53:32,418 [INFO] <<< Step 7b  — Diff. network features DONE (60.8s)
2026-04-28 11:53:32,418 [INFO] >>> Step 8   — Feature integration 
2026-04-28 11:53:32,436 [INFO] ============================================================
2026-04-28 11:53:32,436 [INFO] STEP 8 — FEATURE INTEGRATION
2026-04-28 11:53:32,437 [INFO] ============================================================
2026-04-28 11:53:32,495 [INFO]   Expression: (10986, 29)  Network: (10986, 13)
2026-04-28 11:53:32,495 [INFO]   Concatenated: (10986, 42)
2026-04-28 11:53:32,516 [INFO]   Removed 21 collinear features: ['weighted_degree', 'component_size', 'min_edge_weight', 'tumor_median', 'normal_median', 't_stat', 'tumor_iqr_rank', 'tumor_mean_rank', 'cohens_d_rank', 'abs_log2fc_rank', 'neg_log10_padj_rank', 'betweenness_centrality', 'clustering_coefficient', 'max_edge_weight', 'std_edge_weight', 'in_largest_component', 'log2fc', 'iqr_ratio', 'std_ratio', 'tumor_kurtosis', 'normal_kurtosis']
2026-04-28 11:53:32,516 [INFO]   Features after collinearity removal: 21
2026-04-28 11:53:32,532 [INFO]   Highly correlated pairs (|r|>=0.95): 2
2026-04-28 11:53:32,889 [INFO]   Differential network features added: 9 columns (coverage: 10,986/10,986 genes)
2026-04-28 11:53:33,413 [INFO]   Integrated features: (10986, 30)
2026-04-28 11:53:33,413 [INFO] STEP 8 COMPLETE
2026-04-28 11:53:33,413 [INFO] <<< Step 8   — Feature integration DONE (1.0s)
2026-04-28 11:53:33,413 [INFO] >>> Step 9   — Label construction 
2026-04-28 11:53:33,418 [INFO] ============================================================
2026-04-28 11:53:33,418 [INFO] STEP 9 — LABEL CONSTRUCTION
2026-04-28 11:53:33,418 [INFO] ============================================================
2026-04-28 11:53:33,479 [INFO]   LCGene symbols: 517
2026-04-28 11:53:33,494 [INFO]   Universe trimming: removing 1190 noisy unlabeled genes (non-expressed + no DE signal)
2026-04-28 11:53:33,497 [INFO]   Total: 9796  Positive (known LCGene): 438 (4.47%)  Unlabeled: 9358
2026-04-28 11:53:33,497 [INFO]   [PU framing] Negatives are UNLABELED — not confirmed non-cancer genes.
2026-04-28 11:53:33,675 [INFO]   LCGene genes unmatched: 79
2026-04-28 11:53:33,675 [INFO] STEP 9 COMPLETE
2026-04-28 11:53:33,675 [INFO] <<< Step 9   — Label construction DONE (0.3s)
2026-04-28 11:53:33,675 [INFO] >>> Step 10  — Train/val split 
2026-04-28 11:53:33,675 [INFO] ============================================================
2026-04-28 11:53:33,675 [INFO] STEP 10 — TRAIN/VALIDATION SPLIT
2026-04-28 11:53:33,675 [INFO] ============================================================
2026-04-28 11:53:33,733 [INFO]   Features: (9796, 30)  Labels: 9796
2026-04-28 11:53:33,755 [INFO]   Train: 7836 (pos=350)  Val: 1960 (pos=88)
2026-04-28 11:53:33,762 [INFO]   Feature selection: kept top 20 features from feature_importance.csv
2026-04-28 11:53:34,442 [INFO] STEP 10 COMPLETE
2026-04-28 11:53:34,442 [INFO] <<< Step 10  — Train/val split DONE (0.8s)
2026-04-28 11:53:34,442 [INFO] >>> Step 11  — Model training 
2026-04-28 11:53:34,518 [INFO] ============================================================
2026-04-28 11:53:34,518 [INFO] STEP 11 — MODEL TRAINING
2026-04-28 11:53:34,518 [INFO] ============================================================
2026-04-28 11:53:34,591 [INFO]   X_train: (7836, 20)  pos=350
2026-04-28 11:53:34,645 [INFO]   XGBoost added (scale_pos_weight=21.4)
2026-04-28 11:53:35,909 [INFO]   Random undersampling enabled (imbalanced-learn found).
2026-04-28 11:53:35,909 [INFO] 
  [random_forest] CV ...
2026-04-28 11:53:36,636 [INFO]     Fold 1 AUROC=0.9391 AUPRC=0.4297 F1=0.4392 MCC=0.4570
2026-04-28 11:53:37,326 [INFO]     Fold 2 AUROC=0.9239 AUPRC=0.4741 F1=0.4312 MCC=0.4266
2026-04-28 11:53:38,024 [INFO]     Fold 3 AUROC=0.9268 AUPRC=0.4497 F1=0.4219 MCC=0.4259
2026-04-28 11:53:38,714 [INFO]     Fold 4 AUROC=0.9454 AUPRC=0.4233 F1=0.4375 MCC=0.4371
2026-04-28 11:53:39,393 [INFO]     Fold 5 AUROC=0.9386 AUPRC=0.4582 F1=0.4398 MCC=0.4494
2026-04-28 11:53:39,393 [INFO]   [random_forest] AUROC=0.9348±0.0081  AUPRC=0.4470±0.0186  F1=0.4339±0.0067  MCC=0.4392±0.0123
2026-04-28 11:53:39,399 [INFO]   [random_forest] Hyperparameter tuning (RandomizedSearchCV n_iter=50, cv=3, scoring=average_precision) ...
2026-04-28 11:55:08,568 [INFO]   [random_forest] Best params: {'n_estimators': 800, 'min_samples_leaf': 2, 'max_features': 'sqrt', 'max_depth': None}  CV-AUPRC=0.4911
2026-04-28 11:55:08,859 [INFO] 
  [gradient_boosting] CV ...
2026-04-28 11:55:09,426 [INFO]     Fold 1 AUROC=0.9374 AUPRC=0.3990 F1=0.3851 MCC=0.4267
2026-04-28 11:55:09,975 [INFO]     Fold 2 AUROC=0.9278 AUPRC=0.4668 F1=0.4211 MCC=0.4412
2026-04-28 11:55:10,533 [INFO]     Fold 3 AUROC=0.9290 AUPRC=0.4770 F1=0.3851 MCC=0.4124
2026-04-28 11:55:11,086 [INFO]     Fold 4 AUROC=0.9456 AUPRC=0.4908 F1=0.4236 MCC=0.4576
2026-04-28 11:55:11,635 [INFO]     Fold 5 AUROC=0.9404 AUPRC=0.5130 F1=0.3649 MCC=0.3861
2026-04-28 11:55:11,635 [INFO]   [gradient_boosting] AUROC=0.9360±0.0068  AUPRC=0.4693±0.0384  F1=0.3960±0.0228  MCC=0.4248±0.0245
2026-04-28 11:55:11,640 [INFO]   [gradient_boosting] Hyperparameter tuning (RandomizedSearchCV n_iter=50, cv=3, scoring=average_precision) ...
2026-04-28 11:55:43,487 [INFO]   [gradient_boosting] Best params: {'subsample': 0.9, 'n_estimators': 300, 'max_depth': 5, 'learning_rate': 0.05}  CV-AUPRC=0.4872
2026-04-28 11:55:43,517 [INFO] 
  [logistic_regression] CV ...
2026-04-28 11:55:44,498 [INFO]     Fold 1 AUROC=0.8204 AUPRC=0.1233 F1=0.1222 MCC=0.1433
2026-04-28 11:55:45,540 [INFO]     Fold 2 AUROC=0.7819 AUPRC=0.2641 F1=0.1349 MCC=0.1516
2026-04-28 11:55:46,521 [INFO]     Fold 3 AUROC=0.8264 AUPRC=0.1251 F1=0.1288 MCC=0.1590
2026-04-28 11:55:47,503 [INFO]     Fold 4 AUROC=0.8006 AUPRC=0.2726 F1=0.1347 MCC=0.1537
2026-04-28 11:55:48,499 [INFO]     Fold 5 AUROC=0.7711 AUPRC=0.2537 F1=0.1284 MCC=0.1372
2026-04-28 11:55:48,500 [INFO]   [logistic_regression] AUROC=0.8001±0.0213  AUPRC=0.2077±0.0685  F1=0.1298±0.0047  MCC=0.1490±0.0078
2026-04-28 11:55:53,977 [INFO] 
  [extra_trees] CV ...
2026-04-28 11:55:54,423 [INFO]     Fold 1 AUROC=0.9395 AUPRC=0.4534 F1=0.4173 MCC=0.4297
2026-04-28 11:55:54,863 [INFO]     Fold 2 AUROC=0.9214 AUPRC=0.4341 F1=0.4486 MCC=0.4445
2026-04-28 11:55:55,302 [INFO]     Fold 3 AUROC=0.9331 AUPRC=0.4637 F1=0.4388 MCC=0.4459
2026-04-28 11:55:55,745 [INFO]     Fold 4 AUROC=0.9391 AUPRC=0.3921 F1=0.4622 MCC=0.4664
2026-04-28 11:55:56,181 [INFO]     Fold 5 AUROC=0.9316 AUPRC=0.4184 F1=0.4066 MCC=0.4098
2026-04-28 11:55:56,182 [INFO]   [extra_trees] AUROC=0.9330±0.0066  AUPRC=0.4323±0.0255  F1=0.4347±0.0203  MCC=0.4393±0.0188
2026-04-28 11:55:56,869 [INFO] 
  [xgboost] CV ...
2026-04-28 11:55:57,188 [INFO]     Fold 1 AUROC=0.9383 AUPRC=0.4733 F1=0.3194 MCC=0.3756
2026-04-28 11:55:57,318 [INFO]     Fold 2 AUROC=0.9294 AUPRC=0.4849 F1=0.3578 MCC=0.3994
2026-04-28 11:55:57,456 [INFO]     Fold 3 AUROC=0.9256 AUPRC=0.4699 F1=0.3138 MCC=0.3532
2026-04-28 11:55:57,605 [INFO]     Fold 4 AUROC=0.9442 AUPRC=0.4643 F1=0.3860 MCC=0.4392
2026-04-28 11:55:57,744 [INFO]     Fold 5 AUROC=0.9406 AUPRC=0.5096 F1=0.3324 MCC=0.3762
2026-04-28 11:55:57,745 [INFO]   [xgboost] AUROC=0.9356±0.0070  AUPRC=0.4804±0.0161  F1=0.3419±0.0267  MCC=0.3887±0.0292
2026-04-28 11:55:57,750 [INFO]   [xgboost] Hyperparameter tuning (RandomizedSearchCV n_iter=50, cv=3, scoring=average_precision) ...
2026-04-28 11:56:06,409 [INFO]   [xgboost] Best params: {'subsample': 0.8, 'n_estimators': 200, 'max_depth': 5, 'learning_rate': 0.1, 'colsample_bytree': 0.6}  CV-AUPRC=0.4842
2026-04-28 11:56:06,425 [INFO] 
All models trained in 151.8s
2026-04-28 11:56:06,426 [INFO]   Best: xgboost (AUPRC=0.4804)
2026-04-28 11:56:06,435 [INFO]   Best model (xgboost, already calibrated) saved as best_model.joblib
2026-04-28 11:56:06,634 [INFO] STEP 11 COMPLETE
2026-04-28 11:56:06,651 [INFO] <<< Step 11  — Model training DONE (152.2s)
2026-04-28 11:56:06,651 [INFO] >>> Step 11b — PU Bagging [optional]
2026-04-28 11:56:06,655 [INFO] ============================================================
2026-04-28 11:56:06,655 [INFO] STEP 11b — MORDELET-VERT PU BAGGING
2026-04-28 11:56:06,655 [INFO]   B=300  subsample_ratio=1.0  base_trees=50
2026-04-28 11:56:06,655 [INFO] ============================================================
2026-04-28 11:56:06,745 [INFO]   Training positives (P): 350
2026-04-28 11:56:06,746 [INFO]   Training unlabeled  (U): 7,486
2026-04-28 11:56:06,746 [INFO]   Subsample per iteration: 350
2026-04-28 11:56:06,746 [INFO]   Full gene universe to score: 10,986
2026-04-28 11:56:07,532 [INFO]   Iter   10/300  elapsed: 0.8s
2026-04-28 11:56:08,307 [INFO]   Iter   20/300  elapsed: 1.6s
2026-04-28 11:56:09,071 [INFO]   Iter   30/300  elapsed: 2.3s
2026-04-28 11:56:09,842 [INFO]   Iter   40/300  elapsed: 3.1s
2026-04-28 11:56:10,609 [INFO]   Iter   50/300  elapsed: 3.9s
2026-04-28 11:56:11,367 [INFO]   Iter   60/300  elapsed: 4.6s
2026-04-28 11:56:12,128 [INFO]   Iter   70/300  elapsed: 5.4s
2026-04-28 11:56:12,902 [INFO]   Iter   80/300  elapsed: 6.2s
2026-04-28 11:56:13,707 [INFO]   Iter   90/300  elapsed: 7.0s
2026-04-28 11:56:14,484 [INFO]   Iter  100/300  elapsed: 7.7s
2026-04-28 11:56:15,392 [INFO]   Iter  110/300  elapsed: 8.6s
2026-04-28 11:56:16,177 [INFO]   Iter  120/300  elapsed: 9.4s
2026-04-28 11:56:16,944 [INFO]   Iter  130/300  elapsed: 10.2s
2026-04-28 11:56:18,038 [INFO]   Iter  140/300  elapsed: 11.3s
2026-04-28 11:56:19,095 [INFO]   Iter  150/300  elapsed: 12.3s
2026-04-28 11:56:19,978 [INFO]   Iter  160/300  elapsed: 13.2s
2026-04-28 11:56:20,789 [INFO]   Iter  170/300  elapsed: 14.0s
2026-04-28 11:56:21,609 [INFO]   Iter  180/300  elapsed: 14.9s
2026-04-28 11:56:22,415 [INFO]   Iter  190/300  elapsed: 15.7s
2026-04-28 11:56:23,199 [INFO]   Iter  200/300  elapsed: 16.4s
2026-04-28 11:56:23,970 [INFO]   Iter  210/300  elapsed: 17.2s
2026-04-28 11:56:24,760 [INFO]   Iter  220/300  elapsed: 18.0s
2026-04-28 11:56:25,581 [INFO]   Iter  230/300  elapsed: 18.8s
2026-04-28 11:56:26,368 [INFO]   Iter  240/300  elapsed: 19.6s
2026-04-28 11:56:27,168 [INFO]   Iter  250/300  elapsed: 20.4s
2026-04-28 11:56:28,291 [INFO]   Iter  260/300  elapsed: 21.5s
2026-04-28 11:56:29,551 [INFO]   Iter  270/300  elapsed: 22.8s
2026-04-28 11:56:30,372 [INFO]   Iter  280/300  elapsed: 23.6s
2026-04-28 11:56:31,277 [INFO]   Iter  290/300  elapsed: 24.5s
2026-04-28 11:56:32,093 [INFO]   Iter  300/300  elapsed: 25.3s
2026-04-28 11:56:32,093 [INFO]   PU bagging complete in 25.3s
2026-04-28 11:56:32,106 [INFO]   Validation AUROC=0.9294  AUPRC=0.4236
2026-04-28 11:56:32,107 [INFO]   LCGene in top-50: 39  top-100: 70  top-200: 130
2026-04-28 11:56:32,108 [INFO]   Recall@50=0.0890  Recall@100=0.1598  Recall@200=0.2968
2026-04-28 11:56:32,108 [INFO]   Precision@50=0.7800  Precision@100=0.7000
2026-04-28 11:56:32,108 [INFO]   PU novel candidates (score>=0.85): 518
2026-04-28 11:56:32,567 [INFO] STEP 11b COMPLETE
2026-04-28 11:56:32,568 [INFO] <<< Step 11b — PU Bagging DONE (25.9s)
2026-04-28 11:56:32,568 [INFO] >>> Step 12  — Model evaluation 
2026-04-28 11:56:32,572 [INFO] ============================================================
2026-04-28 11:56:32,572 [INFO] STEP 12 — MODEL EVALUATION
2026-04-28 11:56:32,573 [INFO] ============================================================
2026-04-28 11:56:32,595 [INFO]   Val: 1960 genes  pos=88
2026-04-28 11:56:33,019 [INFO]   [extra_trees           ] AUROC=0.9314 AUPRC=0.5152 F1@0.50=0.4649 MCC@0.50=0.4390 [oracle F1@0.25=0.5000] R@100=0.5000 P@100=0.4400
2026-04-28 11:56:33,046 [INFO]   [gradient_boosting     ] AUROC=0.9223 AUPRC=0.4544 F1@0.50=0.4183 MCC@0.50=0.4073 [oracle F1@0.21=0.4566] R@100=0.4773 P@100=0.4200
2026-04-28 11:56:33,063 [INFO]   [logistic_regression   ] AUROC=0.8617 AUPRC=0.3940 F1@0.50=0.3670 MCC@0.50=0.3382 [oracle F1@0.19=0.4153] R@100=0.4318 P@100=0.3800
2026-04-28 11:56:33,220 [INFO]   [random_forest         ] AUROC=0.9252 AUPRC=0.4651 F1@0.50=0.4039 MCC@0.50=0.3757 [oracle F1@0.29=0.4737] R@100=0.4545 P@100=0.4000
2026-04-28 11:56:33,254 [INFO]   [xgboost               ] AUROC=0.9204 AUPRC=0.4919 F1@0.50=0.4498 MCC@0.50=0.4255 [oracle F1@0.12=0.4771] R@100=0.4659 P@100=0.4100
2026-04-28 11:56:33,257 [INFO]   Ensemble weights (AUPRC): extra_trees=0.212  gradient_boosting=0.230  logistic_regression=0.102  random_forest=0.219  xgboost=0.236
2026-04-28 11:56:33,283 [INFO]   [ensemble_soft_vote    ] AUROC=0.9316 AUPRC=0.5067 F1@0.50=0.4579 MCC@0.50=0.4354 [oracle F1@0.31=0.4805] R@100=0.4886 P@100=0.4300
2026-04-28 11:56:33,310 [INFO]   Classification reports saved to: C:\Users\rahma\Downloads\gloom updated\trial\outputs\results\classification_reports
2026-04-28 11:56:34,081 [INFO]   Confusion matrix grid saved: eval_confusion_matrices.png
2026-04-28 11:56:34,497 [INFO]   Multi-threshold confusion matrices saved: eval_confusion_multithreshold.png
2026-04-28 11:56:34,792 [INFO] STEP 12 COMPLETE
2026-04-28 11:56:34,812 [INFO] <<< Step 12  — Model evaluation DONE (2.2s)
2026-04-28 11:56:34,812 [INFO] >>> Step 13  — Feature importance 
2026-04-28 11:56:34,823 [INFO] ============================================================
2026-04-28 11:56:34,823 [INFO] STEP 13 — FEATURE IMPORTANCE
2026-04-28 11:56:34,824 [INFO] ============================================================
2026-04-28 11:56:35,421 [INFO]   [xgboost] Permutation importance (n_repeats=10) …
2026-04-28 11:56:35,933 [INFO]   Top 5: {'tumor_std': 0.9999999999864696, 'normal_std': 0.3249119118170791, 'normal_skewness': 0.13239098831061272, 'tumor_cv': 0.131471093112971, 'neg_log10_padj': 0.12032557719154273}
2026-04-28 11:56:36,053 [INFO]   Feature importance shape: (20, 10)
2026-04-28 11:56:36,053 [INFO]   Top feature: tumor_std (0.8396)
2026-04-28 11:56:36,054 [INFO] STEP 13 COMPLETE
2026-04-28 11:56:36,073 [INFO] <<< Step 13  — Feature importance DONE (1.3s)
2026-04-28 11:56:36,073 [INFO] >>> Step 14  — Gene ranking 
2026-04-28 11:56:36,083 [INFO] ============================================================
2026-04-28 11:56:36,083 [INFO] STEP 14 — GENE PREDICTION & RANKING
2026-04-28 11:56:36,083 [INFO] ============================================================
2026-04-28 11:56:36,169 [INFO]   Using PU bagging scores from step11b for gene ranking.
2026-04-28 11:56:36,181 [INFO]   PU bagging scores loaded: 10,986 genes.
2026-04-28 11:56:36,181 [INFO]   Score source: pu_bagging  |  novel threshold: 0.85
2026-04-28 11:56:36,208 [INFO]   Total: 10,986  Novel candidates (prob>=0.85): 518  Sensitivity list (prob>=0.5): 2,588
2026-04-28 11:56:36,208 [INFO]   Median positive (known) rank: 366
2026-04-28 11:56:36,208 [INFO]   Positive (known) in top-50:  39  top-100: 70  top-200: 130  top-500: 272
2026-04-28 11:56:36,208 [INFO]   Recall@50=0.0890  Recall@100=0.1598  Recall@200=0.2968  Recall@500=0.6210
2026-04-28 11:56:36,208 [INFO]   Precision@50=0.7800  Precision@100=0.7000
2026-04-28 11:56:36,868 [INFO]   High-confidence novel candidates saved: 518 genes (prob>=0.85)
2026-04-28 11:56:36,869 [INFO]   Sensitivity novel candidates saved:     2588 genes (prob>=0.5)
2026-04-28 11:56:36,870 [INFO]   Query gene rankings saved: 0 genes
2026-04-28 11:56:36,872 [INFO] STEP 14 COMPLETE
2026-04-28 11:56:36,874 [INFO] <<< Step 14  — Gene ranking DONE (0.8s)
2026-04-28 11:56:36,874 [INFO] >>> Step 15  — Network annotation 
2026-04-28 11:56:36,877 [INFO] ============================================================
2026-04-28 11:56:36,877 [INFO] STEP 15 — NETWORK ANNOTATION
2026-04-28 11:56:36,878 [INFO] ============================================================
2026-04-28 11:56:38,819 [INFO]   Graph: 10,986 nodes, 110,508 edges
2026-04-28 11:56:39,979 [INFO]   Positive edges: 108,468  Negative: 2,040
2026-04-28 11:56:45,386 [INFO]   LCGene nodes: 438  Novel: 518
2026-04-28 11:56:45,386 [INFO] STEP 15 COMPLETE
2026-04-28 11:56:45,410 [INFO] <<< Step 15  — Network annotation DONE (8.5s)
2026-04-28 11:56:45,411 [INFO] >>> Step 16  — Network export 
2026-04-28 11:56:45,416 [INFO] ============================================================
2026-04-28 11:56:45,417 [INFO] STEP 16 — NETWORK EXPORT
2026-04-28 11:56:45,417 [INFO] ============================================================
2026-04-28 11:56:48,548 [INFO]   Graph: 10,986 nodes, 110,508 edges
2026-04-28 11:56:53,899 [INFO]   GraphML saved: C:\Users\rahma\Downloads\gloom updated\trial\outputs\results\network\exports/network_full.graphml
2026-04-28 11:56:58,160 [INFO]   Full network exports complete.
2026-04-28 11:56:58,183 [INFO]   [top100] 100 nodes, 36 edges
2026-04-28 11:56:58,420 [INFO]   [lcgene] 438 nodes, 925 edges
2026-04-28 11:56:58,506 [INFO]   [novel] 518 nodes, 638 edges
2026-04-28 11:57:00,229 [INFO]   [candidates] 3583 nodes, 28573 edges
2026-04-28 11:57:04,699 [INFO] 
  Sub-networks:
2026-04-28 11:57:04,699 [INFO]     top100               nodes=  100  edges=     36
2026-04-28 11:57:04,700 [INFO]     lcgene               nodes=  438  edges=    925
2026-04-28 11:57:04,700 [INFO]     novel                nodes=  518  edges=    638
2026-04-28 11:57:04,700 [INFO]     candidates           nodes=3,583  edges= 28,573
2026-04-28 11:57:04,700 [INFO] STEP 16 COMPLETE
2026-04-28 11:57:04,727 [INFO] <<< Step 16  — Network export DONE (19.3s)
2026-04-28 11:57:04,727 [INFO] >>> Step 17  — Visualization 
2026-04-28 11:57:04,888 [INFO] ============================================================
2026-04-28 11:57:04,888 [INFO] STEP 17 — INTERACTIVE VISUALIZATION
2026-04-28 11:57:04,888 [INFO] ============================================================
2026-04-28 11:57:05,063 [INFO] [1] Volcano …
2026-04-28 11:57:05,412 [INFO]   Volcano saved: C:\Users\rahma\Downloads\gloom updated\trial\outputs\figures\interactive_volcano.html
2026-04-28 11:57:05,412 [INFO] [2] Ranking …
2026-04-28 11:57:05,642 [INFO]   Ranking plot saved: C:\Users\rahma\Downloads\gloom updated\trial\outputs\figures\interactive_ranking.html
2026-04-28 11:57:05,643 [INFO] [3] Network …
2026-04-28 11:57:05,760 [INFO]   Network plot saved: C:\Users\rahma\Downloads\gloom updated\trial\outputs\figures\interactive_network.html
2026-04-28 11:57:05,760 [INFO] [4] Feature importance …
2026-04-28 11:57:05,799 [INFO]   Feature importance saved: C:\Users\rahma\Downloads\gloom updated\trial\outputs\figures\interactive_feature_importance.html
2026-04-28 11:57:05,799 [INFO] [5] KEGG pathways …
2026-04-28 11:57:05,849 [INFO]   KEGG plot saved: C:\Users\rahma\Downloads\gloom updated\trial\outputs\figures\interactive_kegg.html
2026-04-28 11:57:05,850 [INFO] [6] Dashboard …
2026-04-28 11:57:05,953 [INFO]   Combined dashboard saved: C:\Users\rahma\Downloads\gloom updated\trial\outputs\figures\interactive_dashboard.html
2026-04-28 11:57:05,956 [INFO] STEP 17 COMPLETE
2026-04-28 11:57:05,959 [INFO] <<< Step 17  — Visualization DONE (1.2s)
2026-04-28 11:57:05,960 [INFO] >>> Step 18  — Final report 
2026-04-28 11:57:05,965 [INFO] ============================================================
2026-04-28 11:57:05,965 [INFO] STEP 18 — FINAL OUTPUTS & REPORTING
2026-04-28 11:57:05,965 [INFO] ============================================================
2026-04-28 11:57:05,965 [INFO] [1] Building summary table …
2026-04-28 11:57:06,207 [INFO]   Summary table: (10986, 29)
2026-04-28 11:57:06,207 [INFO] [2] Building text report …
2026-04-28 11:57:06,231 [ERROR]   Report failed: 'mcc'
2026-04-28 11:57:06,231 [INFO] [3] Building summary figure …
2026-04-28 11:57:06,992 [INFO]   Summary figure (PNG) saved: C:\Users\rahma\Downloads\gloom updated\trial\outputs\results\reports\pipeline_summary_figure.png
2026-04-28 11:57:07,840 [INFO]   Summary figure (PDF) saved: C:\Users\rahma\Downloads\gloom updated\trial\outputs\results\reports\pipeline_summary_figure.pdf
2026-04-28 11:57:07,842 [INFO] [4] Writing master runner …
2026-04-28 11:57:07,843 [INFO]   Master runner saved: C:\Users\rahma\Downloads\gloom updated\trial\LUAD_ML_Pipeline\run_pipeline.py
2026-04-28 11:57:07,843 [INFO] ============================================================
2026-04-28 11:57:07,843 [INFO] STEP 18 SUMMARY
2026-04-28 11:57:07,843 [INFO] ============================================================
2026-04-28 11:57:07,843 [INFO]   Summary table: C:\Users\rahma\Downloads\gloom updated\trial\outputs\results\reports/pipeline_summary_table.csv
2026-04-28 11:57:07,843 [INFO]   Text report  : C:\Users\rahma\Downloads\gloom updated\trial\outputs\results\reports/pipeline_report.txt
2026-04-28 11:57:07,844 [INFO]   Summary fig  : C:\Users\rahma\Downloads\gloom updated\trial\outputs\results\reports/pipeline_summary_figure.png
2026-04-28 11:57:07,844 [INFO]   Master runner: C:\Users\rahma\Downloads\gloom updated\trial\LUAD_ML_Pipeline\run_pipeline.py
2026-04-28 11:57:07,844 [INFO] 
2026-04-28 11:57:07,844 [INFO]   Key deliverables:
2026-04-28 11:57:07,844 [INFO]     Gene rankings    : C:\Users\rahma\Downloads\gloom updated\trial\outputs\results\gene_rankings.csv
2026-04-28 11:57:07,845 [INFO]     Novel candidates : C:\Users\rahma\Downloads\gloom updated\trial\outputs\results/novel_candidates.csv
2026-04-28 11:57:07,845 [INFO]     Dashboard        : C:\Users\rahma\Downloads\gloom updated\trial\outputs\figures/interactive_dashboard.html
2026-04-28 11:57:07,845 [INFO] STEP 18 COMPLETE
2026-04-28 11:57:07,845 [INFO] <<< Step 18  — Final report DONE (1.9s)
2026-04-28 11:57:07,845 [INFO] >>> Step 19  — KEGG enrichment [optional]
2026-04-28 11:57:07,850 [INFO] ============================================================
2026-04-28 11:57:07,850 [INFO] STEP 19 — KEGG LUNG/CANCER PATHWAY ENRICHMENT
2026-04-28 11:57:07,850 [INFO] ============================================================
2026-04-28 11:57:07,854 [INFO]   Loaded 518 novel candidates
2026-04-28 11:57:07,857 [INFO]   Gene lists — all: 518  up: 196  down: 4
2026-04-28 11:57:07,998 [INFO]   [All candidates] Querying Enrichr (KEGG_2021_Human) with 518 genes …
2026-04-28 11:57:19,907 [INFO]   [All candidates] 117 pathways total -> 24 after lung/cancer filter
2026-04-28 11:57:19,911 [INFO]   [All candidates] Saved 24 lung/cancer pathways -> kegg_all_candidates.csv
2026-04-28 11:57:20,014 [INFO]   [All candidates] Bar-plot -> kegg_barplot_all_candidates.png
2026-04-28 11:57:20,134 [INFO]   [All candidates] Dot-plot -> kegg_dotplot_all_candidates.png
2026-04-28 11:57:20,135 [INFO]   [Upregulated] Querying Enrichr (KEGG_2021_Human) with 196 genes …
2026-04-28 11:57:23,254 [INFO]   [Upregulated] 44 pathways total -> 13 after lung/cancer filter
2026-04-28 11:57:23,256 [INFO]   [Upregulated] Saved 13 lung/cancer pathways -> kegg_upregulated.csv
2026-04-28 11:57:23,362 [INFO]   [Upregulated] Bar-plot -> kegg_barplot_upregulated.png
2026-04-28 11:57:23,486 [INFO]   [Upregulated] Dot-plot -> kegg_dotplot_upregulated.png
2026-04-28 11:57:23,487 [INFO]   [Downregulated] Querying Enrichr (KEGG_2021_Human) with 4 genes …
2026-04-28 11:57:24,738 [WARNING] <<< Step 19  — KEGG enrichment SKIPPED (KeyError: 'padj')
2026-04-28 11:57:24,740 [INFO] >>> Step 20  — Indep. validation [optional]
2026-04-28 11:57:24,745 [INFO] ============================================================
2026-04-28 11:57:24,745 [INFO] STEP 15 — INDEPENDENT COHORT VALIDATION
2026-04-28 11:57:24,745 [INFO] ============================================================
2026-04-28 11:57:24,745 [WARNING]   EXTERNAL_EXPR_FILE not configured or file not found.
  To enable independent validation:
    1. Obtain an external LUAD expression dataset (e.g. GEO GSE30219).
    2. Pre-process to a genes × samples CSV with Hugo Symbol row index.
    3. Set EXTERNAL_EXPR_FILE = '<path>' in config.py.
    4. Optionally set EXTERNAL_LABELS_FILE = '<path>' (gene,label CSV).
    5. Rerun step15.
  Step 15 skipped — no external data available.
2026-04-28 11:57:24,745 [INFO] <<< Step 20  — Indep. validation DONE (0.0s)
2026-04-28 11:57:24,745 [INFO] ======================================================================
2026-04-28 11:57:24,745 [INFO] EXECUTION SUMMARY
2026-04-28 11:57:24,746 [INFO] ======================================================================
2026-04-28 11:57:24,746 [INFO]   [ OK ]       Step 0   — Config                                    0.0s
2026-04-28 11:57:24,746 [INFO]   [ OK ]       Step 1   — Data loading                             38.4s
2026-04-28 11:57:24,746 [INFO]   [ OK ] [opt] Step 1b  — Batch correction                        175.1s
2026-04-28 11:57:24,746 [INFO]   [ OK ]       Step 2   — Preprocessing                            31.0s
2026-04-28 11:57:24,746 [INFO]   [ OK ]       Step 3   — Harmonization                            14.8s
2026-04-28 11:57:24,746 [INFO]   [ OK ]       Step 4   — Differential expr                         5.6s
2026-04-28 11:57:24,747 [INFO]   [ OK ]       Step 5   — Expr features                            16.7s
2026-04-28 11:57:24,747 [INFO]   [ OK ]       Step 6   — Tumor co-expr network                    10.3s
2026-04-28 11:57:24,747 [INFO]   [ OK ] [opt] Step 6b  — Normal co-expr network                   64.5s
2026-04-28 11:57:24,747 [INFO]   [ OK ]       Step 7   — Network features                         98.6s
2026-04-28 11:57:24,747 [INFO]   [ OK ] [opt] Step 7b  — Diff. network features                   60.8s
2026-04-28 11:57:24,747 [INFO]   [ OK ]       Step 8   — Feature integration                       1.0s
2026-04-28 11:57:24,747 [INFO]   [ OK ]       Step 9   — Label construction                        0.3s
2026-04-28 11:57:24,747 [INFO]   [ OK ]       Step 10  — Train/val split                           0.8s
2026-04-28 11:57:24,747 [INFO]   [ OK ]       Step 11  — Model training                          152.2s
2026-04-28 11:57:24,747 [INFO]   [ OK ] [opt] Step 11b — PU Bagging                               25.9s
2026-04-28 11:57:24,747 [INFO]   [ OK ]       Step 12  — Model evaluation                          2.2s
2026-04-28 11:57:24,748 [INFO]   [ OK ]       Step 13  — Feature importance                        1.3s
2026-04-28 11:57:24,748 [INFO]   [ OK ]       Step 14  — Gene ranking                              0.8s
2026-04-28 11:57:24,748 [INFO]   [ OK ]       Step 15  — Network annotation                        8.5s
2026-04-28 11:57:24,748 [INFO]   [ OK ]       Step 16  — Network export                           19.3s
2026-04-28 11:57:24,748 [INFO]   [ OK ]       Step 17  — Visualization                             1.2s
2026-04-28 11:57:24,748 [INFO]   [ OK ]       Step 18  — Final report                              1.9s
2026-04-28 11:57:24,748 [INFO]   [SKIP] [opt] Step 19  — KEGG enrichment                          16.9s
2026-04-28 11:57:24,748 [INFO]   [ OK ] [opt] Step 20  — Indep. validation                         0.0s
2026-04-28 11:57:24,748 [INFO]   Total: 748.2s (12.5 min)
2026-04-28 11:57:24,748 [INFO]   Pipeline COMPLETE.
2026-04-28 11:57:24,748 [INFO] ======================================================================
2026-04-28 12:08:39,018 [INFO] ============================================================
2026-04-28 12:08:39,019 [INFO] STEP 14 — GENE PREDICTION & RANKING
2026-04-28 12:08:39,019 [INFO] ============================================================
2026-04-28 12:08:39,108 [INFO]   Using PU bagging scores from step11b for gene ranking.
2026-04-28 12:08:39,121 [INFO]   PU bagging scores loaded: 10,986 genes.
2026-04-28 12:08:39,121 [INFO]   Score source: pu_bagging  |  novel threshold: 0.85
2026-04-28 12:08:39,148 [INFO]   Total: 10,986  Novel candidates (prob>=0.85): 355  Sensitivity list (prob>=0.5): 2,124
2026-04-28 12:08:39,148 [INFO]   Median positive (known) rank: 366
2026-04-28 12:08:39,148 [INFO]   Positive (known) in top-50:  39  top-100: 70  top-200: 130  top-500: 272
2026-04-28 12:08:39,148 [INFO]   Recall@50=0.0890  Recall@100=0.1598  Recall@200=0.2968  Recall@500=0.6210
2026-04-28 12:08:39,148 [INFO]   Precision@50=0.7800  Precision@100=0.7000
2026-04-28 12:08:39,601 [INFO]   High-confidence novel candidates saved: 355 genes (prob>=0.85)
2026-04-28 12:08:39,602 [INFO]   Sensitivity novel candidates saved:     2124 genes (prob>=0.5)
2026-04-28 12:08:39,603 [INFO]   Query gene rankings saved: 0 genes
2026-04-28 12:08:39,604 [INFO] STEP 14 COMPLETE
2026-04-28 12:11:23,649 [INFO] ======================================================================
2026-04-28 12:11:23,649 [INFO] LUAD ML PIPELINE — FULL RUN
2026-04-28 12:11:23,649 [INFO] ======================================================================
2026-04-28 12:11:23,649 [INFO] >>> Step 0  — Config
2026-04-28 12:11:23,650 [INFO] <<< Step 0  — Config DONE (0.0s)
2026-04-28 12:11:23,650 [INFO] >>> Step 1  — Data loading
2026-04-28 12:11:24,121 [INFO] ============================================================
2026-04-28 12:11:24,121 [INFO] STEP 1 — DATA LOADING
2026-04-28 12:11:24,121 [INFO] ============================================================
2026-04-28 12:11:24,123 [INFO] Loading tumor expression from: C:\Users\rahma\Downloads\gloom updated\trial\data\raw\cBioPortal (RNA Seq Data)\data_mrna_seq_v2_rsem.txt
2026-04-28 12:11:26,019 [INFO]   Raw shape: (20531, 512)
2026-04-28 12:11:26,160 [WARNING]   19 duplicate gene symbols found — keeping highest-mean row.
2026-04-28 12:11:26,287 [INFO]   Final shape: (20512, 510)
2026-04-28 12:11:26,288 [INFO] Loading tumor metadata from: C:\Users\rahma\Downloads\gloom updated\trial\data\raw\cBioPortal (RNA Seq Data)\data_clinical_patient.txt
2026-04-28 12:11:26,294 [INFO]   Raw shape: (566, 38)
2026-04-28 12:11:26,297 [INFO]   Final shape: (566, 35)
2026-04-28 12:11:26,297 [INFO] Loading normal expression from: C:\Users\rahma\Downloads\gloom updated\trial\data\raw\Gtex (normal samples)\gene_tpm_v11_lung.gct.gz
2026-04-28 12:11:26,298 [INFO]   GCT version line : #1.2
2026-04-28 12:11:26,299 [INFO]   GCT dimension line: 74628	604
2026-04-28 12:11:33,640 [INFO]   Raw shape (after preamble skip): (74628, 606)
2026-04-28 12:11:33,985 [WARNING]   1307 duplicate gene symbols — keeping highest-mean row.
2026-04-28 12:11:34,557 [INFO]   Final shape: (73321, 604)
2026-04-28 12:11:34,558 [INFO] Loading normal metadata from: C:\Users\rahma\Downloads\gloom updated\trial\data\raw\Gtex (normal samples)\GTEx_Analysis_v11_Annotations_SampleAttributesDS - LUAD.txt
2026-04-28 12:11:34,585 [INFO]   Raw shape: (1892, 119)  (all assay types)
2026-04-28 12:11:34,593 [INFO]   Retaining 11 QC columns: ['SAMPID', 'SMTS', 'SMTSD', 'SMRIN', 'SMATSSCR', 'SMRDTTL', 'SMMAPRT', 'SMRRNART', 'SMRDLGTH', 'SMNABTCHT', 'SMGEBTCHT']
2026-04-28 12:11:34,593 [INFO]   SMRIN  (RNA integrity) : mean=7.17  min=3.5  max=9.7
2026-04-28 12:11:34,596 [INFO]   SMATSSCR (autolysis)   : {0.0: 43, 1.0: 410, 2.0: 128, 3.0: 10}
2026-04-28 12:11:34,596 [INFO]   SMMAPRT  (map rate)    : mean=0.9836  min=0.8003
2026-04-28 12:11:34,596 [INFO]   Final shape: (604, 10)  (604 RNA-seq samples × 10 QC columns)
2026-04-28 12:11:34,597 [INFO] Loading labeled LUAD gene list from: C:\Users\rahma\Downloads\gloom updated\trial\data\raw\LCGene (Labeled LUAD Data)\LCGene_human_LUAD_filtered.tsv
2026-04-28 12:11:34,601 [INFO]   Raw shape: (517, 10)
2026-04-28 12:11:34,602 [INFO]   Unique labeled LUAD genes loaded: 517
2026-04-28 12:11:34,608 [INFO]   Full LCGene table saved to: C:\Users\rahma\Downloads\gloom updated\trial\data\processed\lcgene_luad_full.csv
2026-04-28 12:11:34,609 [INFO] 
Saving raw-loaded files to processed directory …
2026-04-28 12:12:00,413 [INFO] 
============================================================
2026-04-28 12:12:00,413 [INFO] STEP 1 SUMMARY
2026-04-28 12:12:00,413 [INFO] ============================================================
2026-04-28 12:12:00,413 [INFO]   Tumor expression   :  20512 genes  x  510 samples
2026-04-28 12:12:00,413 [INFO]   Normal expression  :  73321 genes  x  604 samples
2026-04-28 12:12:00,413 [INFO]   Normal metadata    :    604 RNA-seq samples  x  10 QC columns
2026-04-28 12:12:00,413 [INFO]   Labeled LUAD genes :    517 unique gene symbols (LCGene)
2026-04-28 12:12:00,413 [INFO] STEP 1 COMPLETE
2026-04-28 12:12:00,442 [INFO] <<< Step 1  — Data loading DONE (36.8s)
2026-04-28 12:12:00,443 [INFO] >>> Step 2  — Preprocessing
2026-04-28 12:12:01,671 [INFO] ============================================================
2026-04-28 12:12:01,671 [INFO] STEP 2 — DATA PREPROCESSING & QUALITY CONTROL
2026-04-28 12:12:01,671 [INFO] ============================================================
2026-04-28 12:12:05,921 [INFO] 
--- Tumor preprocessing ---
2026-04-28 12:12:06,024 [INFO]   [tumor] Replaced 1463479 zeros and 0 negatives with NaN.
2026-04-28 12:12:06,246 [INFO]   [tumor] log2(x+1) applied. Range: [0.004, 20.450]
2026-04-28 12:12:08,007 [WARNING]   [tumor] No common samples — trying TCGA ID truncation.
2026-04-28 12:12:08,036 [INFO]   [tumor] Retained 510 common samples.
2026-04-28 12:12:08,043 [INFO]   [tumor] Sample count OK: 510 >= 50.
2026-04-28 12:12:08,044 [INFO] 
--- Normal preprocessing ---
2026-04-28 12:12:08,478 [INFO]   [normal] Replaced 21868568 zeros and 0 negatives with NaN.
2026-04-28 12:12:09,500 [INFO]   [normal] log2(x+1) applied. Range: [0.000, 16.393]
2026-04-28 12:12:12,078 [INFO]   [normal] Retained 604 common samples.
2026-04-28 12:12:12,083 [INFO]   [normal] Sample count OK: 604 >= 50.
2026-04-28 12:12:12,083 [INFO] 
Generating QC plots …
2026-04-28 12:12:31,975 [INFO] 
============================================================
2026-04-28 12:12:31,975 [INFO] STEP 2 SUMMARY
2026-04-28 12:12:31,975 [INFO] ============================================================
2026-04-28 12:12:31,976 [INFO]   Tumor  expr :  16570 genes x  510 samples
2026-04-28 12:12:31,976 [INFO]   Normal expr :  21159 genes x  604 samples
2026-04-28 12:12:31,976 [INFO] STEP 2 COMPLETE
2026-04-28 12:12:32,010 [INFO] <<< Step 2  — Preprocessing DONE (31.6s)
2026-04-28 12:12:32,010 [INFO] >>> Step 3  — Harmonization
2026-04-28 12:12:32,014 [INFO] ============================================================
2026-04-28 12:12:32,014 [INFO] STEP 3 — GENE ID HARMONIZATION
2026-04-28 12:12:32,014 [INFO] ============================================================
2026-04-28 12:12:34,866 [WARNING]   [tumor] Dropping 1 invalid symbols.
2026-04-28 12:12:34,925 [INFO]   Common genes: 10986
2026-04-28 12:12:34,931 [INFO]   LCGene retained: 438 / 517 (84.7%)
2026-04-28 12:12:34,931 [WARNING]   LCGene genes lost: ABCB4, AKR1B10, ASCL1, BCL2L14, BPIFA1, BRINP1, BRSK2, C20ORF85, CA9, CASC1, CCKBR, CDX2, CHGA, CHRNA1, CHRNA5, CHRNA9, CLCA2, CLDN2, CSMD1, CYP2C19, CYP2C9, DLK1, DLX5, DPYSL5, DRD2, DSC3, ECE2, ELAVL2, EPHA7, FAM83A, FUT6, FZD9, GABRA3, GATA4, GPR87, HMGA2, HNF4A, HOXB9, IGF2BP3, INSM1, KCNH1, KCNJ3, KIF14, KIF5A, KLK6, KRT81, LEP, LGSN, MAGEA1, MAGEA6, MAGEC1, MMP13, MYO18B, NOV, NR0B1, NR1I2, NRXN1, OPCML, PAEP, PAX5, PITX2, PRAME, PTPRH, RGS17, SCGN, SERPINB4, SERPINB5, T, TERT, TF, TFAP2A, TFAP2B, TRIM31, TRPM8, UGT1A6, VIL1, VTCN1, WISP1, XDH
2026-04-28 12:12:46,917 [INFO]   Common genes: 10986
2026-04-28 12:12:46,917 [INFO] STEP 3 COMPLETE
2026-04-28 12:12:46,922 [INFO] <<< Step 3  — Harmonization DONE (14.9s)
2026-04-28 12:12:46,922 [INFO] >>> Step 4  — Differential expr
2026-04-28 12:12:47,070 [INFO] ============================================================
2026-04-28 12:12:47,070 [INFO] STEP 4 — DIFFERENTIAL EXPRESSION
2026-04-28 12:12:47,070 [INFO] ============================================================
2026-04-28 12:12:48,939 [INFO]   Tumor: (10986, 510)  Normal: (10986, 604)
2026-04-28 12:12:49,062 [INFO]   Running Welch t-test for 10986 genes …
2026-04-28 12:12:52,652 [INFO]   Significant at FDR<=0.001: 10882
2026-04-28 12:12:53,528 [INFO]   Up: 9700  Down: 15  NS: 1271
2026-04-28 12:12:53,528 [INFO] STEP 4 COMPLETE
2026-04-28 12:12:53,535 [INFO] <<< Step 4  — Differential expr DONE (6.6s)
2026-04-28 12:12:53,536 [INFO] >>> Step 5  — Expr features
2026-04-28 12:12:53,538 [INFO] ============================================================
2026-04-28 12:12:53,539 [INFO] STEP 5 — EXPRESSION FEATURE CONSTRUCTION
2026-04-28 12:12:53,539 [INFO] ============================================================
2026-04-28 12:12:55,685 [INFO]   Computing stats for [tumor] ((10986, 510)) …
2026-04-28 12:13:05,534 [INFO]   Computing stats for [normal] ((10986, 604)) …
2026-04-28 12:13:14,115 [INFO]   [expression_features] Validated. Shape: (10986, 29)
2026-04-28 12:13:14,878 [INFO]   Expression features: (10986, 29)
2026-04-28 12:13:14,878 [INFO] STEP 5 COMPLETE
2026-04-28 12:13:14,888 [INFO] <<< Step 5  — Expr features DONE (21.4s)
2026-04-28 12:13:14,889 [INFO] >>> Step 6  — Co-expr network
2026-04-28 12:13:15,232 [INFO] ============================================================
2026-04-28 12:13:15,233 [INFO] STEP 6 — CO-EXPRESSION NETWORK CONSTRUCTION
2026-04-28 12:13:15,233 [INFO] ============================================================
2026-04-28 12:13:16,162 [INFO]   Matrix: 10986 genes x 510 samples | cutoff |r|>=0.6
2026-04-28 12:13:17,293 [INFO]   Chunk 10/22 edges so far: 86,077 (1.1s)
2026-04-28 12:13:18,467 [INFO]   Chunk 20/22 edges so far: 109,749 (2.3s)
2026-04-28 12:13:18,685 [INFO]   Chunk 22/22 edges so far: 110,508 (2.5s)
2026-04-28 12:13:18,741 [INFO]   Total edges: 110,508
2026-04-28 12:13:22,308 [INFO]   Graph: 4,977 nodes, 110,508 edges
2026-04-28 12:13:25,589 [INFO]   Runtime: 2.7s
2026-04-28 12:13:25,589 [INFO] STEP 6 COMPLETE
2026-04-28 12:13:25,595 [INFO] <<< Step 6  — Co-expr network DONE (10.7s)
2026-04-28 12:13:25,595 [INFO] >>> Step 7  — Network features
2026-04-28 12:13:25,601 [INFO] ============================================================
2026-04-28 12:13:25,601 [INFO] STEP 7 — NETWORK FEATURE EXTRACTION
2026-04-28 12:13:25,602 [INFO] ============================================================
2026-04-28 12:13:27,561 [INFO]   Graph: 10,986 nodes, 110,508 edges
2026-04-28 12:13:27,565 [INFO]   Extracting degree features …
2026-04-28 12:13:27,616 [INFO]   Extracting average neighbour degree …
2026-04-28 12:13:27,646 [INFO]   Betweenness centrality (n=10,986) …
2026-04-28 12:13:40,150 [INFO]   Closeness centrality …
2026-04-28 12:14:44,753 [INFO]   Eigenvector centrality …
2026-04-28 12:14:46,742 [INFO]   Clustering coefficient …
2026-04-28 12:15:05,267 [INFO]   Edge weight statistics …
2026-04-28 12:15:05,494 [INFO]   Component features …
2026-04-28 12:15:05,526 [INFO]   All features extracted in 98.0s
2026-04-28 12:15:06,539 [INFO]   Network features: (10986, 13)
2026-04-28 12:15:06,539 [INFO] STEP 7 COMPLETE
2026-04-28 12:15:06,541 [INFO] <<< Step 7  — Network features DONE (100.9s)
2026-04-28 12:15:06,541 [INFO] >>> Step 8  — Feature integration
2026-04-28 12:15:06,812 [INFO] ============================================================
2026-04-28 12:15:06,813 [INFO] STEP 8 — FEATURE INTEGRATION
2026-04-28 12:15:06,813 [INFO] ============================================================
2026-04-28 12:15:06,876 [INFO]   Expression: (10986, 29)  Network: (10986, 13)
2026-04-28 12:15:06,882 [INFO]   Concatenated: (10986, 42)
2026-04-28 12:15:06,892 [INFO]   Removed 21 collinear features: ['weighted_degree', 'component_size', 'min_edge_weight', 'tumor_median', 'normal_median', 't_stat', 'tumor_iqr_rank', 'tumor_mean_rank', 'cohens_d_rank', 'abs_log2fc_rank', 'neg_log10_padj_rank', 'betweenness_centrality', 'clustering_coefficient', 'max_edge_weight', 'std_edge_weight', 'in_largest_component', 'log2fc', 'iqr_ratio', 'std_ratio', 'tumor_kurtosis', 'normal_kurtosis']
2026-04-28 12:15:06,893 [INFO]   Features after collinearity removal: 21
2026-04-28 12:15:06,909 [INFO]   Highly correlated pairs (|r|>=0.95): 2
2026-04-28 12:15:07,289 [INFO]   Differential network features added: 9 columns (coverage: 10,986/10,986 genes)
2026-04-28 12:15:07,787 [INFO]   Integrated features: (10986, 30)
2026-04-28 12:15:07,787 [INFO] STEP 8 COMPLETE
2026-04-28 12:15:07,789 [INFO] <<< Step 8  — Feature integration DONE (1.2s)
2026-04-28 12:15:07,789 [INFO] >>> Step 9  — Label construction
2026-04-28 12:15:07,791 [INFO] ============================================================
2026-04-28 12:15:07,792 [INFO] STEP 9 — LABEL CONSTRUCTION
2026-04-28 12:15:07,792 [INFO] ============================================================
2026-04-28 12:15:07,851 [INFO]   LCGene symbols: 517
2026-04-28 12:15:07,857 [INFO]   Universe trimming: removing 1190 noisy unlabeled genes (non-expressed + no DE signal)
2026-04-28 12:15:07,860 [INFO]   Total: 9796  Positive (known LCGene): 438 (4.47%)  Unlabeled: 9358
2026-04-28 12:15:07,860 [INFO]   [PU framing] Negatives are UNLABELED — not confirmed non-cancer genes.
2026-04-28 12:15:08,035 [INFO]   LCGene genes unmatched: 79
2026-04-28 12:15:08,035 [INFO] STEP 9 COMPLETE
2026-04-28 12:15:08,036 [INFO] <<< Step 9  — Label construction DONE (0.2s)
2026-04-28 12:15:08,036 [INFO] >>> Step 10 — Train/val split
2026-04-28 12:15:08,038 [INFO] ============================================================
2026-04-28 12:15:08,038 [INFO] STEP 10 — TRAIN/VALIDATION SPLIT
2026-04-28 12:15:08,039 [INFO] ============================================================
2026-04-28 12:15:08,092 [INFO]   Features: (9796, 30)  Labels: 9796
2026-04-28 12:15:08,097 [INFO]   Train: 7836 (pos=350)  Val: 1960 (pos=88)
2026-04-28 12:15:08,104 [INFO]   Feature selection: kept top 20 features from feature_importance.csv
2026-04-28 12:15:08,889 [INFO] STEP 10 COMPLETE
2026-04-28 12:15:08,890 [INFO] <<< Step 10 — Train/val split DONE (0.9s)
2026-04-28 12:15:08,890 [INFO] >>> Step 11 — Model training
2026-04-28 12:15:08,981 [INFO] ============================================================
2026-04-28 12:15:08,982 [INFO] STEP 11 — MODEL TRAINING
2026-04-28 12:15:08,982 [INFO] ============================================================
2026-04-28 12:15:09,038 [INFO]   X_train: (7836, 20)  pos=350
2026-04-28 12:15:09,090 [INFO]   XGBoost added (scale_pos_weight=21.4)
2026-04-28 12:15:09,269 [INFO]   Random undersampling enabled (imbalanced-learn found).
2026-04-28 12:15:09,269 [INFO] 
  [random_forest] CV ...
2026-04-28 12:15:09,945 [INFO]     Fold 1 AUROC=0.9378 AUPRC=0.4233 F1=0.4280 MCC=0.4445
2026-04-28 12:15:10,613 [INFO]     Fold 2 AUROC=0.9254 AUPRC=0.4599 F1=0.4495 MCC=0.4478
2026-04-28 12:15:11,277 [INFO]     Fold 3 AUROC=0.9284 AUPRC=0.4551 F1=0.4132 MCC=0.4182
2026-04-28 12:15:11,935 [INFO]     Fold 4 AUROC=0.9443 AUPRC=0.4208 F1=0.4274 MCC=0.4306
2026-04-28 12:15:12,591 [INFO]     Fold 5 AUROC=0.9387 AUPRC=0.4671 F1=0.4327 MCC=0.4431
2026-04-28 12:15:12,591 [INFO]   [random_forest] AUROC=0.9349±0.0070  AUPRC=0.4453±0.0194  F1=0.4302±0.0117  MCC=0.4368±0.0110
2026-04-28 12:15:12,595 [INFO]   [random_forest] Hyperparameter tuning (RandomizedSearchCV n_iter=50, cv=3, scoring=average_precision) ...
2026-04-28 12:16:34,679 [INFO]   [random_forest] Best params: {'n_estimators': 300, 'min_samples_leaf': 2, 'max_features': 'sqrt', 'max_depth': None}  CV-AUPRC=0.4921
2026-04-28 12:16:34,802 [INFO] 
  [gradient_boosting] CV ...
2026-04-28 12:16:35,351 [INFO]     Fold 1 AUROC=0.9349 AUPRC=0.4005 F1=0.3910 MCC=0.4291
2026-04-28 12:16:35,879 [INFO]     Fold 2 AUROC=0.9308 AUPRC=0.4637 F1=0.4014 MCC=0.4240
2026-04-28 12:16:36,407 [INFO]     Fold 3 AUROC=0.9314 AUPRC=0.4581 F1=0.3787 MCC=0.4068
2026-04-28 12:16:36,934 [INFO]     Fold 4 AUROC=0.9467 AUPRC=0.4685 F1=0.4167 MCC=0.4487
2026-04-28 12:16:37,457 [INFO]     Fold 5 AUROC=0.9417 AUPRC=0.5220 F1=0.3741 MCC=0.3971
2026-04-28 12:16:37,458 [INFO]   [gradient_boosting] AUROC=0.9371±0.0062  AUPRC=0.4625±0.0386  F1=0.3924±0.0154  MCC=0.4211±0.0180
2026-04-28 12:16:37,461 [INFO]   [gradient_boosting] Hyperparameter tuning (RandomizedSearchCV n_iter=50, cv=3, scoring=average_precision) ...
2026-04-28 12:17:07,856 [INFO]   [gradient_boosting] Best params: {'subsample': 0.9, 'n_estimators': 500, 'max_depth': 3, 'learning_rate': 0.01}  CV-AUPRC=0.4831
2026-04-28 12:17:07,886 [INFO] 
  [logistic_regression] CV ...
2026-04-28 12:17:08,881 [INFO]     Fold 1 AUROC=0.8204 AUPRC=0.1233 F1=0.1222 MCC=0.1433
2026-04-28 12:17:09,837 [INFO]     Fold 2 AUROC=0.7819 AUPRC=0.2641 F1=0.1349 MCC=0.1516
2026-04-28 12:17:10,829 [INFO]     Fold 3 AUROC=0.8264 AUPRC=0.1251 F1=0.1288 MCC=0.1590
2026-04-28 12:17:11,778 [INFO]     Fold 4 AUROC=0.8006 AUPRC=0.2726 F1=0.1347 MCC=0.1537
2026-04-28 12:17:12,738 [INFO]     Fold 5 AUROC=0.7711 AUPRC=0.2537 F1=0.1284 MCC=0.1372
2026-04-28 12:17:12,738 [INFO]   [logistic_regression] AUROC=0.8001±0.0213  AUPRC=0.2077±0.0685  F1=0.1298±0.0047  MCC=0.1490±0.0078
2026-04-28 12:17:18,184 [INFO] 
  [extra_trees] CV ...
2026-04-28 12:17:18,613 [INFO]     Fold 1 AUROC=0.9358 AUPRC=0.4560 F1=0.4160 MCC=0.4259
2026-04-28 12:17:19,047 [INFO]     Fold 2 AUROC=0.9229 AUPRC=0.4341 F1=0.4507 MCC=0.4464
2026-04-28 12:17:19,476 [INFO]     Fold 3 AUROC=0.9348 AUPRC=0.4854 F1=0.4388 MCC=0.4459
2026-04-28 12:17:19,905 [INFO]     Fold 4 AUROC=0.9378 AUPRC=0.3943 F1=0.4513 MCC=0.4543
2026-04-28 12:17:20,342 [INFO]     Fold 5 AUROC=0.9325 AUPRC=0.4167 F1=0.3948 MCC=0.3918
2026-04-28 12:17:20,342 [INFO]   [extra_trees] AUROC=0.9328±0.0052  AUPRC=0.4373±0.0314  F1=0.4303±0.0219  MCC=0.4329±0.0226
2026-04-28 12:17:21,068 [INFO] 
  [xgboost] CV ...
2026-04-28 12:17:21,445 [INFO]     Fold 1 AUROC=0.9392 AUPRC=0.4670 F1=0.3259 MCC=0.3846
2026-04-28 12:17:21,586 [INFO]     Fold 2 AUROC=0.9269 AUPRC=0.4611 F1=0.3642 MCC=0.4051
2026-04-28 12:17:21,733 [INFO]     Fold 3 AUROC=0.9217 AUPRC=0.4411 F1=0.3316 MCC=0.3783
2026-04-28 12:17:21,873 [INFO]     Fold 4 AUROC=0.9414 AUPRC=0.4428 F1=0.3721 MCC=0.4209
2026-04-28 12:17:22,007 [INFO]     Fold 5 AUROC=0.9404 AUPRC=0.5337 F1=0.3279 MCC=0.3692
2026-04-28 12:17:22,008 [INFO]   [xgboost] AUROC=0.9339±0.0081  AUPRC=0.4691±0.0338  F1=0.3443±0.0197  MCC=0.3916±0.0188
2026-04-28 12:17:22,013 [INFO]   [xgboost] Hyperparameter tuning (RandomizedSearchCV n_iter=50, cv=3, scoring=average_precision) ...
2026-04-28 12:17:30,609 [INFO]   [xgboost] Best params: {'subsample': 0.7, 'n_estimators': 300, 'max_depth': 5, 'learning_rate': 0.1, 'colsample_bytree': 0.6}  CV-AUPRC=0.4870
2026-04-28 12:17:30,625 [INFO] 
All models trained in 141.5s
2026-04-28 12:17:30,626 [INFO]   Best: xgboost (AUPRC=0.4691)
2026-04-28 12:17:30,636 [INFO]   Best model (xgboost, already calibrated) saved as best_model.joblib
2026-04-28 12:17:30,834 [INFO] STEP 11 COMPLETE
2026-04-28 12:17:30,849 [INFO] <<< Step 11 — Model training DONE (142.0s)
2026-04-28 12:17:30,849 [INFO] >>> Step 12 — Model evaluation
2026-04-28 12:17:30,853 [INFO] ============================================================
2026-04-28 12:17:30,853 [INFO] STEP 12 — MODEL EVALUATION
2026-04-28 12:17:30,853 [INFO] ============================================================
2026-04-28 12:17:30,878 [INFO]   Val: 1960 genes  pos=88
2026-04-28 12:17:31,197 [INFO]   [extra_trees           ] AUROC=0.9281 AUPRC=0.5182 F1@0.50=0.4607 MCC@0.50=0.4351 [oracle F1@0.24=0.5128] R@100=0.5000 P@100=0.4400
2026-04-28 12:17:31,225 [INFO]   [gradient_boosting     ] AUROC=0.9277 AUPRC=0.4554 F1@0.50=0.4014 MCC@0.50=0.3959 [oracle F1@0.37=0.4658] R@100=0.4773 P@100=0.4200
2026-04-28 12:17:31,242 [INFO]   [logistic_regression   ] AUROC=0.8617 AUPRC=0.3940 F1@0.50=0.3670 MCC@0.50=0.3382 [oracle F1@0.19=0.4153] R@100=0.4318 P@100=0.3800
2026-04-28 12:17:31,309 [INFO]   [random_forest         ] AUROC=0.9209 AUPRC=0.4743 F1@0.50=0.4455 MCC@0.50=0.4198 [oracle F1@0.31=0.4828] R@100=0.4545 P@100=0.4000
2026-04-28 12:17:31,335 [INFO]   [xgboost               ] AUROC=0.9175 AUPRC=0.4815 F1@0.50=0.4632 MCC@0.50=0.4373 [oracle F1@0.21=0.4767] R@100=0.4886 P@100=0.4300
2026-04-28 12:17:31,338 [INFO]   Ensemble weights (AUPRC): extra_trees=0.216  gradient_boosting=0.229  logistic_regression=0.103  random_forest=0.220  xgboost=0.232
2026-04-28 12:17:31,361 [INFO]   [ensemble_soft_vote    ] AUROC=0.9330 AUPRC=0.5153 F1@0.50=0.4528 MCC@0.50=0.4295 [oracle F1@0.33=0.5106] R@100=0.5000 P@100=0.4400
2026-04-28 12:17:31,387 [INFO]   Classification reports saved to: C:\Users\rahma\Downloads\gloom updated\trial\outputs\results\classification_reports
2026-04-28 12:17:32,124 [INFO]   Confusion matrix grid saved: eval_confusion_matrices.png
2026-04-28 12:17:32,569 [INFO]   Multi-threshold confusion matrices saved: eval_confusion_multithreshold.png
2026-04-28 12:17:32,857 [INFO] STEP 12 COMPLETE
2026-04-28 12:17:32,869 [INFO] <<< Step 12 — Model evaluation DONE (2.0s)
2026-04-28 12:17:32,869 [INFO] >>> Step 13 — Feature importance
2026-04-28 12:17:32,882 [INFO] ============================================================
2026-04-28 12:17:32,882 [INFO] STEP 13 — FEATURE IMPORTANCE
2026-04-28 12:17:32,882 [INFO] ============================================================
2026-04-28 12:17:33,296 [INFO]   [xgboost] Permutation importance (n_repeats=10) …
2026-04-28 12:17:33,927 [INFO]   Top 5: {'tumor_std': 0.9999999999839861, 'normal_std': 0.5714827307896152, 'neg_log10_padj': 0.217495698492691, 'normal_skewness': 0.17024234234837235, 'tumor_mean': 0.16181917158123557}
2026-04-28 12:17:34,049 [INFO]   Feature importance shape: (20, 10)
2026-04-28 12:17:34,049 [INFO]   Top feature: tumor_std (0.8396)
2026-04-28 12:17:34,049 [INFO] STEP 13 COMPLETE
2026-04-28 12:17:34,062 [INFO] <<< Step 13 — Feature importance DONE (1.2s)
2026-04-28 12:17:34,062 [INFO] >>> Step 14 — Gene ranking
2026-04-28 12:17:34,069 [INFO] ============================================================
2026-04-28 12:17:34,069 [INFO] STEP 14 — GENE PREDICTION & RANKING
2026-04-28 12:17:34,069 [INFO] ============================================================
2026-04-28 12:17:34,157 [INFO]   Using PU bagging scores from step11b for gene ranking.
2026-04-28 12:17:34,169 [INFO]   PU bagging scores loaded: 10,986 genes.
2026-04-28 12:17:34,170 [INFO]   Score source: pu_bagging  |  novel threshold: 0.85
2026-04-28 12:17:34,197 [INFO]   Total: 10,986  Novel candidates (prob>=0.85): 355  Sensitivity list (prob>=0.5): 2,124
2026-04-28 12:17:34,197 [INFO]   Median positive (known) rank: 366
2026-04-28 12:17:34,197 [INFO]   Positive (known) in top-50:  39  top-100: 70  top-200: 130  top-500: 272
2026-04-28 12:17:34,197 [INFO]   Recall@50=0.0890  Recall@100=0.1598  Recall@200=0.2968  Recall@500=0.6210
2026-04-28 12:17:34,197 [INFO]   Precision@50=0.7800  Precision@100=0.7000
2026-04-28 12:17:34,598 [INFO]   High-confidence novel candidates saved: 355 genes (prob>=0.85)
2026-04-28 12:17:34,599 [INFO]   Sensitivity novel candidates saved:     2124 genes (prob>=0.5)
2026-04-28 12:17:34,600 [INFO]   Query gene rankings saved: 0 genes
2026-04-28 12:17:34,602 [INFO] STEP 14 COMPLETE
2026-04-28 12:17:34,604 [INFO] <<< Step 14 — Gene ranking DONE (0.5s)
2026-04-28 12:17:34,604 [INFO] >>> Step 15 — Network annotation
2026-04-28 12:17:34,606 [INFO] ============================================================
2026-04-28 12:17:34,606 [INFO] STEP 15 — NETWORK ANNOTATION
2026-04-28 12:17:34,606 [INFO] ============================================================
2026-04-28 12:17:36,461 [INFO]   Graph: 10,986 nodes, 110,508 edges
2026-04-28 12:17:37,468 [INFO]   Positive edges: 108,468  Negative: 2,040
2026-04-28 12:17:42,279 [INFO]   LCGene nodes: 438  Novel: 355
2026-04-28 12:17:42,280 [INFO] STEP 15 COMPLETE
2026-04-28 12:17:42,301 [INFO] <<< Step 15 — Network annotation DONE (7.7s)
2026-04-28 12:17:42,302 [INFO] >>> Step 16 — Network export
2026-04-28 12:17:42,316 [INFO] ============================================================
2026-04-28 12:17:42,316 [INFO] STEP 16 — NETWORK EXPORT
2026-04-28 12:17:42,316 [INFO] ============================================================
2026-04-28 12:17:45,196 [INFO]   Graph: 10,986 nodes, 110,508 edges
2026-04-28 12:17:50,633 [INFO]   GraphML saved: C:\Users\rahma\Downloads\gloom updated\trial\outputs\results\network\exports/network_full.graphml
2026-04-28 12:17:55,235 [INFO]   Full network exports complete.
2026-04-28 12:17:55,265 [INFO]   [top100] 100 nodes, 36 edges
2026-04-28 12:17:55,384 [INFO]   [lcgene] 438 nodes, 925 edges
2026-04-28 12:17:55,478 [INFO]   [novel] 355 nodes, 515 edges
2026-04-28 12:17:57,289 [INFO]   [candidates] 3583 nodes, 28573 edges
2026-04-28 12:18:02,560 [INFO] 
  Sub-networks:
2026-04-28 12:18:02,560 [INFO]     top100               nodes=  100  edges=     36
2026-04-28 12:18:02,560 [INFO]     lcgene               nodes=  438  edges=    925
2026-04-28 12:18:02,560 [INFO]     novel                nodes=  355  edges=    515
2026-04-28 12:18:02,561 [INFO]     candidates           nodes=3,583  edges= 28,573
2026-04-28 12:18:02,561 [INFO] STEP 16 COMPLETE
2026-04-28 12:18:02,600 [INFO] <<< Step 16 — Network export DONE (20.3s)
2026-04-28 12:18:02,601 [INFO] >>> Step 17 — Visualization
2026-04-28 12:18:02,772 [INFO] ============================================================
2026-04-28 12:18:02,772 [INFO] STEP 17 — INTERACTIVE VISUALIZATION
2026-04-28 12:18:02,772 [INFO] ============================================================
2026-04-28 12:18:02,986 [INFO] [1] Volcano …
2026-04-28 12:18:03,399 [INFO]   Volcano saved: C:\Users\rahma\Downloads\gloom updated\trial\outputs\figures\interactive_volcano.html
2026-04-28 12:18:03,400 [INFO] [2] Ranking …
2026-04-28 12:18:03,672 [INFO]   Ranking plot saved: C:\Users\rahma\Downloads\gloom updated\trial\outputs\figures\interactive_ranking.html
2026-04-28 12:18:03,673 [INFO] [3] Network …
2026-04-28 12:18:03,792 [INFO]   Network plot saved: C:\Users\rahma\Downloads\gloom updated\trial\outputs\figures\interactive_network.html
2026-04-28 12:18:03,793 [INFO] [4] Feature importance …
2026-04-28 12:18:03,846 [INFO]   Feature importance saved: C:\Users\rahma\Downloads\gloom updated\trial\outputs\figures\interactive_feature_importance.html
2026-04-28 12:18:03,846 [INFO] [5] KEGG pathways …
2026-04-28 12:18:03,915 [INFO]   KEGG plot saved: C:\Users\rahma\Downloads\gloom updated\trial\outputs\figures\interactive_kegg.html
2026-04-28 12:18:03,915 [INFO] [6] Dashboard …
2026-04-28 12:18:04,009 [INFO]   Combined dashboard saved: C:\Users\rahma\Downloads\gloom updated\trial\outputs\figures\interactive_dashboard.html
2026-04-28 12:18:04,013 [INFO] STEP 17 COMPLETE
2026-04-28 12:18:04,017 [INFO] <<< Step 17 — Visualization DONE (1.4s)
2026-04-28 12:18:04,017 [INFO] >>> Step 18 — Final report
2026-04-28 12:18:04,021 [INFO] ============================================================
2026-04-28 12:18:04,021 [INFO] STEP 18 — FINAL OUTPUTS & REPORTING
2026-04-28 12:18:04,021 [INFO] ============================================================
2026-04-28 12:18:04,022 [INFO] [1] Building summary table …
2026-04-28 12:18:04,276 [INFO]   Summary table: (10986, 29)
2026-04-28 12:18:04,276 [INFO] [2] Building text report …
2026-04-28 12:18:04,301 [ERROR]   Report failed: 'mcc'
2026-04-28 12:18:04,301 [INFO] [3] Building summary figure …
2026-04-28 12:18:05,134 [INFO]   Summary figure (PNG) saved: C:\Users\rahma\Downloads\gloom updated\trial\outputs\results\reports\pipeline_summary_figure.png
2026-04-28 12:18:05,985 [INFO]   Summary figure (PDF) saved: C:\Users\rahma\Downloads\gloom updated\trial\outputs\results\reports\pipeline_summary_figure.pdf
2026-04-28 12:18:05,986 [INFO] [4] Writing master runner …
2026-04-28 12:18:05,987 [INFO]   Master runner saved: C:\Users\rahma\Downloads\gloom updated\trial\LUAD_ML_Pipeline\run_pipeline.py
2026-04-28 12:18:05,987 [INFO] ============================================================
2026-04-28 12:18:05,987 [INFO] STEP 18 SUMMARY
2026-04-28 12:18:05,987 [INFO] ============================================================
2026-04-28 12:18:05,988 [INFO]   Summary table: C:\Users\rahma\Downloads\gloom updated\trial\outputs\results\reports/pipeline_summary_table.csv
2026-04-28 12:18:05,988 [INFO]   Text report  : C:\Users\rahma\Downloads\gloom updated\trial\outputs\results\reports/pipeline_report.txt
2026-04-28 12:18:05,988 [INFO]   Summary fig  : C:\Users\rahma\Downloads\gloom updated\trial\outputs\results\reports/pipeline_summary_figure.png
2026-04-28 12:18:05,988 [INFO]   Master runner: C:\Users\rahma\Downloads\gloom updated\trial\LUAD_ML_Pipeline\run_pipeline.py
2026-04-28 12:18:05,988 [INFO] 
2026-04-28 12:18:05,988 [INFO]   Key deliverables:
2026-04-28 12:18:05,988 [INFO]     Gene rankings    : C:\Users\rahma\Downloads\gloom updated\trial\outputs\results\gene_rankings.csv
2026-04-28 12:18:05,988 [INFO]     Novel candidates : C:\Users\rahma\Downloads\gloom updated\trial\outputs\results/novel_candidates.csv
2026-04-28 12:18:05,988 [INFO]     Dashboard        : C:\Users\rahma\Downloads\gloom updated\trial\outputs\figures/interactive_dashboard.html
2026-04-28 12:18:05,989 [INFO] STEP 18 COMPLETE
2026-04-28 12:18:05,989 [INFO] <<< Step 18 — Final report DONE (2.0s)
2026-04-28 12:18:05,989 [INFO] ======================================================================
2026-04-28 12:18:05,989 [INFO] EXECUTION SUMMARY
2026-04-28 12:18:05,989 [INFO] ======================================================================
2026-04-28 12:18:05,989 [INFO]   [OK] Step 0  — Config                                  0.0s
2026-04-28 12:18:05,989 [INFO]   [OK] Step 1  — Data loading                           36.8s
2026-04-28 12:18:05,990 [INFO]   [OK] Step 2  — Preprocessing                          31.6s
2026-04-28 12:18:05,990 [INFO]   [OK] Step 3  — Harmonization                          14.9s
2026-04-28 12:18:05,990 [INFO]   [OK] Step 4  — Differential expr                       6.6s
2026-04-28 12:18:05,990 [INFO]   [OK] Step 5  — Expr features                          21.4s
2026-04-28 12:18:05,990 [INFO]   [OK] Step 6  — Co-expr network                        10.7s
2026-04-28 12:18:05,990 [INFO]   [OK] Step 7  — Network features                      100.9s
2026-04-28 12:18:05,990 [INFO]   [OK] Step 8  — Feature integration                     1.2s
2026-04-28 12:18:05,990 [INFO]   [OK] Step 9  — Label construction                      0.2s
2026-04-28 12:18:05,990 [INFO]   [OK] Step 10 — Train/val split                         0.9s
2026-04-28 12:18:05,990 [INFO]   [OK] Step 11 — Model training                        142.0s
2026-04-28 12:18:05,990 [INFO]   [OK] Step 12 — Model evaluation                        2.0s
2026-04-28 12:18:05,990 [INFO]   [OK] Step 13 — Feature importance                      1.2s
2026-04-28 12:18:05,991 [INFO]   [OK] Step 14 — Gene ranking                            0.5s
2026-04-28 12:18:05,991 [INFO]   [OK] Step 15 — Network annotation                      7.7s
2026-04-28 12:18:05,991 [INFO]   [OK] Step 16 — Network export                         20.3s
2026-04-28 12:18:05,991 [INFO]   [OK] Step 17 — Visualization                           1.4s
2026-04-28 12:18:05,991 [INFO]   [OK] Step 18 — Final report                            2.0s
2026-04-28 12:18:05,991 [INFO]   Total: 402.3s (6.7 min)
2026-04-28 12:18:05,991 [INFO]   Pipeline COMPLETE.
2026-04-28 12:18:05,991 [INFO] ======================================================================
2026-04-28 12:22:12,906 [INFO] ======================================================================
2026-04-28 12:22:12,906 [INFO] LUAD ML PIPELINE — FULL RUN
2026-04-28 12:22:12,906 [INFO] ======================================================================
2026-04-28 12:22:12,907 [INFO] >>> Step 0  — Config
2026-04-28 12:22:12,907 [INFO] <<< Step 0  — Config DONE (0.0s)
2026-04-28 12:22:12,907 [INFO] >>> Step 1  — Data loading
2026-04-28 12:22:13,474 [INFO] ============================================================
2026-04-28 12:22:13,474 [INFO] STEP 1 — DATA LOADING
2026-04-28 12:22:13,474 [INFO] ============================================================
2026-04-28 12:22:13,474 [INFO] Loading tumor expression from: C:\Users\rahma\Downloads\gloom updated\trial\data\raw\cBioPortal (RNA Seq Data)\data_mrna_seq_v2_rsem.txt
2026-04-28 12:22:15,321 [INFO]   Raw shape: (20531, 512)
2026-04-28 12:22:15,435 [WARNING]   19 duplicate gene symbols found — keeping highest-mean row.
2026-04-28 12:22:15,553 [INFO]   Final shape: (20512, 510)
2026-04-28 12:22:15,554 [INFO] Loading tumor metadata from: C:\Users\rahma\Downloads\gloom updated\trial\data\raw\cBioPortal (RNA Seq Data)\data_clinical_patient.txt
2026-04-28 12:22:15,560 [INFO]   Raw shape: (566, 38)
2026-04-28 12:22:15,562 [INFO]   Final shape: (566, 35)
2026-04-28 12:22:15,562 [INFO] Loading normal expression from: C:\Users\rahma\Downloads\gloom updated\trial\data\raw\Gtex (normal samples)\gene_tpm_v11_lung.gct.gz
2026-04-28 12:22:15,563 [INFO]   GCT version line : #1.2
2026-04-28 12:22:15,564 [INFO]   GCT dimension line: 74628	604
2026-04-28 12:22:25,766 [INFO]   Raw shape (after preamble skip): (74628, 606)
2026-04-28 12:22:26,058 [WARNING]   1307 duplicate gene symbols — keeping highest-mean row.
2026-04-28 12:22:26,570 [INFO]   Final shape: (73321, 604)
2026-04-28 12:22:26,570 [INFO] Loading normal metadata from: C:\Users\rahma\Downloads\gloom updated\trial\data\raw\Gtex (normal samples)\GTEx_Analysis_v11_Annotations_SampleAttributesDS - LUAD.txt
2026-04-28 12:22:26,591 [INFO]   Raw shape: (1892, 119)  (all assay types)
2026-04-28 12:22:26,597 [INFO]   Retaining 11 QC columns: ['SAMPID', 'SMTS', 'SMTSD', 'SMRIN', 'SMATSSCR', 'SMRDTTL', 'SMMAPRT', 'SMRRNART', 'SMRDLGTH', 'SMNABTCHT', 'SMGEBTCHT']
2026-04-28 12:22:26,598 [INFO]   SMRIN  (RNA integrity) : mean=7.17  min=3.5  max=9.7
2026-04-28 12:22:26,598 [INFO]   SMATSSCR (autolysis)   : {0.0: 43, 1.0: 410, 2.0: 128, 3.0: 10}
2026-04-28 12:22:26,598 [INFO]   SMMAPRT  (map rate)    : mean=0.9836  min=0.8003
2026-04-28 12:22:26,598 [INFO]   Final shape: (604, 10)  (604 RNA-seq samples × 10 QC columns)
2026-04-28 12:22:26,598 [INFO] Loading labeled LUAD gene list from: C:\Users\rahma\Downloads\gloom updated\trial\data\raw\LCGene (Labeled LUAD Data)\LCGene_human_LUAD_filtered.tsv
2026-04-28 12:22:26,601 [INFO]   Raw shape: (517, 10)
2026-04-28 12:22:26,602 [INFO]   Unique labeled LUAD genes loaded: 517
2026-04-28 12:22:26,607 [INFO]   Full LCGene table saved to: C:\Users\rahma\Downloads\gloom updated\trial\data\processed\lcgene_luad_full.csv
2026-04-28 12:22:26,607 [INFO] 
Saving raw-loaded files to processed directory …
2026-04-28 12:22:56,362 [INFO] 
============================================================
2026-04-28 12:22:56,362 [INFO] STEP 1 SUMMARY
2026-04-28 12:22:56,362 [INFO] ============================================================
2026-04-28 12:22:56,362 [INFO]   Tumor expression   :  20512 genes  x  510 samples
2026-04-28 12:22:56,362 [INFO]   Normal expression  :  73321 genes  x  604 samples
2026-04-28 12:22:56,362 [INFO]   Normal metadata    :    604 RNA-seq samples  x  10 QC columns
2026-04-28 12:22:56,362 [INFO]   Labeled LUAD genes :    517 unique gene symbols (LCGene)
2026-04-28 12:22:56,363 [INFO] STEP 1 COMPLETE
2026-04-28 12:22:56,385 [INFO] <<< Step 1  — Data loading DONE (43.5s)
2026-04-28 12:22:56,385 [INFO] >>> Step 2  — Preprocessing
2026-04-28 12:22:57,920 [INFO] ============================================================
2026-04-28 12:22:57,921 [INFO] STEP 2 — DATA PREPROCESSING & QUALITY CONTROL
2026-04-28 12:22:57,921 [INFO] ============================================================
2026-04-28 12:23:04,454 [INFO] 
--- Tumor preprocessing ---
2026-04-28 12:23:04,583 [INFO]   [tumor] Replaced 1463479 zeros and 0 negatives with NaN.
2026-04-28 12:23:04,849 [INFO]   [tumor] log2(x+1) applied. Range: [0.004, 20.450]
2026-04-28 12:23:07,031 [WARNING]   [tumor] No common samples — trying TCGA ID truncation.
2026-04-28 12:23:07,063 [INFO]   [tumor] Retained 510 common samples.
2026-04-28 12:23:07,070 [INFO]   [tumor] Sample count OK: 510 >= 50.
2026-04-28 12:23:07,070 [INFO] 
--- Normal preprocessing ---
2026-04-28 12:23:07,630 [INFO]   [normal] Replaced 21868568 zeros and 0 negatives with NaN.
2026-04-28 12:23:08,993 [INFO]   [normal] log2(x+1) applied. Range: [0.000, 16.393]
2026-04-28 12:23:12,049 [INFO]   [normal] Retained 604 common samples.
2026-04-28 12:23:12,055 [INFO]   [normal] Sample count OK: 604 >= 50.
2026-04-28 12:23:12,055 [INFO] 
Generating QC plots …
2026-04-28 12:23:37,261 [INFO] 
============================================================
2026-04-28 12:23:37,261 [INFO] STEP 2 SUMMARY
2026-04-28 12:23:37,261 [INFO] ============================================================
2026-04-28 12:23:37,261 [INFO]   Tumor  expr :  16570 genes x  510 samples
2026-04-28 12:23:37,261 [INFO]   Normal expr :  21159 genes x  604 samples
2026-04-28 12:23:37,261 [INFO] STEP 2 COMPLETE
2026-04-28 12:23:37,300 [INFO] <<< Step 2  — Preprocessing DONE (40.9s)
2026-04-28 12:23:37,300 [INFO] >>> Step 3  — Harmonization
2026-04-28 12:23:37,303 [INFO] ============================================================
2026-04-28 12:23:37,303 [INFO] STEP 3 — GENE ID HARMONIZATION
2026-04-28 12:23:37,303 [INFO] ============================================================
2026-04-28 12:23:40,604 [WARNING]   [tumor] Dropping 1 invalid symbols.
2026-04-28 12:23:40,671 [INFO]   Common genes: 10986
2026-04-28 12:23:40,675 [INFO]   LCGene retained: 438 / 517 (84.7%)
2026-04-28 12:23:40,675 [WARNING]   LCGene genes lost: ABCB4, AKR1B10, ASCL1, BCL2L14, BPIFA1, BRINP1, BRSK2, C20ORF85, CA9, CASC1, CCKBR, CDX2, CHGA, CHRNA1, CHRNA5, CHRNA9, CLCA2, CLDN2, CSMD1, CYP2C19, CYP2C9, DLK1, DLX5, DPYSL5, DRD2, DSC3, ECE2, ELAVL2, EPHA7, FAM83A, FUT6, FZD9, GABRA3, GATA4, GPR87, HMGA2, HNF4A, HOXB9, IGF2BP3, INSM1, KCNH1, KCNJ3, KIF14, KIF5A, KLK6, KRT81, LEP, LGSN, MAGEA1, MAGEA6, MAGEC1, MMP13, MYO18B, NOV, NR0B1, NR1I2, NRXN1, OPCML, PAEP, PAX5, PITX2, PRAME, PTPRH, RGS17, SCGN, SERPINB4, SERPINB5, T, TERT, TF, TFAP2A, TFAP2B, TRIM31, TRPM8, UGT1A6, VIL1, VTCN1, WISP1, XDH
2026-04-28 12:23:54,791 [INFO]   Common genes: 10986
2026-04-28 12:23:54,791 [INFO] STEP 3 COMPLETE
2026-04-28 12:23:54,798 [INFO] <<< Step 3  — Harmonization DONE (17.5s)
2026-04-28 12:23:54,799 [INFO] >>> Step 4  — Differential expr
2026-04-28 12:23:54,893 [INFO] ============================================================
2026-04-28 12:23:54,893 [INFO] STEP 4 — DIFFERENTIAL EXPRESSION
2026-04-28 12:23:54,893 [INFO] ============================================================
2026-04-28 12:23:56,924 [INFO]   Tumor: (10986, 510)  Normal: (10986, 604)
2026-04-28 12:23:57,053 [INFO]   Running Welch t-test for 10986 genes …
2026-04-28 12:24:00,622 [INFO]   Significant at FDR<=0.001: 10882
2026-04-28 12:24:01,437 [INFO]   Up: 9700  Down: 15  NS: 1271
2026-04-28 12:24:01,437 [INFO] STEP 4 COMPLETE
2026-04-28 12:24:01,444 [INFO] <<< Step 4  — Differential expr DONE (6.6s)
2026-04-28 12:24:01,444 [INFO] >>> Step 5  — Expr features
2026-04-28 12:24:01,448 [INFO] ============================================================
2026-04-28 12:24:01,448 [INFO] STEP 5 — EXPRESSION FEATURE CONSTRUCTION
2026-04-28 12:24:01,448 [INFO] ============================================================
2026-04-28 12:24:03,459 [INFO]   Computing stats for [tumor] ((10986, 510)) …
2026-04-28 12:24:12,179 [INFO]   Computing stats for [normal] ((10986, 604)) …
2026-04-28 12:24:20,118 [INFO]   [expression_features] Validated. Shape: (10986, 29)
2026-04-28 12:24:20,865 [INFO]   Expression features: (10986, 29)
2026-04-28 12:24:20,865 [INFO] STEP 5 COMPLETE
2026-04-28 12:24:20,872 [INFO] <<< Step 5  — Expr features DONE (19.4s)
2026-04-28 12:24:20,873 [INFO] >>> Step 6  — Co-expr network
2026-04-28 12:24:21,122 [INFO] ============================================================
2026-04-28 12:24:21,122 [INFO] STEP 6 — CO-EXPRESSION NETWORK CONSTRUCTION
2026-04-28 12:24:21,122 [INFO] ============================================================
2026-04-28 12:24:22,014 [INFO]   Matrix: 10986 genes x 510 samples | cutoff |r|>=0.6
2026-04-28 12:24:22,892 [INFO]   Chunk 10/22 edges so far: 86,077 (0.8s)
2026-04-28 12:24:24,089 [INFO]   Chunk 20/22 edges so far: 109,749 (2.0s)
2026-04-28 12:24:24,361 [INFO]   Chunk 22/22 edges so far: 110,508 (2.3s)
2026-04-28 12:24:24,410 [INFO]   Total edges: 110,508
2026-04-28 12:24:27,917 [INFO]   Graph: 4,977 nodes, 110,508 edges
2026-04-28 12:24:31,145 [INFO]   Runtime: 2.5s
2026-04-28 12:24:31,146 [INFO] STEP 6 COMPLETE
2026-04-28 12:24:31,150 [INFO] <<< Step 6  — Co-expr network DONE (10.3s)
2026-04-28 12:24:31,150 [INFO] >>> Step 7  — Network features
2026-04-28 12:24:31,153 [INFO] ============================================================
2026-04-28 12:24:31,153 [INFO] STEP 7 — NETWORK FEATURE EXTRACTION
2026-04-28 12:24:31,153 [INFO] ============================================================
2026-04-28 12:24:33,201 [INFO]   Graph: 10,986 nodes, 110,508 edges
2026-04-28 12:24:33,204 [INFO]   Extracting degree features …
2026-04-28 12:24:33,245 [INFO]   Extracting average neighbour degree …
2026-04-28 12:24:33,274 [INFO]   Betweenness centrality (n=10,986) …
2026-04-28 12:24:45,327 [INFO]   Closeness centrality …
2026-04-28 12:25:46,790 [INFO]   Eigenvector centrality …
2026-04-28 12:25:48,863 [INFO]   Clustering coefficient …
2026-04-28 12:26:07,725 [INFO]   Edge weight statistics …
2026-04-28 12:26:07,951 [INFO]   Component features …
2026-04-28 12:26:07,981 [INFO]   All features extracted in 94.8s
2026-04-28 12:26:09,020 [INFO]   Network features: (10986, 13)
2026-04-28 12:26:09,021 [INFO] STEP 7 COMPLETE
2026-04-28 12:26:09,021 [INFO] <<< Step 7  — Network features DONE (97.9s)
2026-04-28 12:26:09,021 [INFO] >>> Step 8  — Feature integration
2026-04-28 12:26:09,332 [INFO] ============================================================
2026-04-28 12:26:09,332 [INFO] STEP 8 — FEATURE INTEGRATION
2026-04-28 12:26:09,332 [INFO] ============================================================
2026-04-28 12:26:09,405 [INFO]   Expression: (10986, 29)  Network: (10986, 13)
2026-04-28 12:26:09,409 [INFO]   Concatenated: (10986, 42)
2026-04-28 12:26:09,415 [INFO]   Removed 21 collinear features: ['weighted_degree', 'component_size', 'min_edge_weight', 'tumor_median', 'normal_median', 't_stat', 'tumor_iqr_rank', 'tumor_mean_rank', 'cohens_d_rank', 'abs_log2fc_rank', 'neg_log10_padj_rank', 'betweenness_centrality', 'clustering_coefficient', 'max_edge_weight', 'std_edge_weight', 'in_largest_component', 'log2fc', 'iqr_ratio', 'std_ratio', 'tumor_kurtosis', 'normal_kurtosis']
2026-04-28 12:26:09,416 [INFO]   Features after collinearity removal: 21
2026-04-28 12:26:09,430 [INFO]   Highly correlated pairs (|r|>=0.95): 2
2026-04-28 12:26:09,787 [INFO]   Differential network features added: 9 columns (coverage: 10,986/10,986 genes)
2026-04-28 12:26:10,412 [INFO]   Integrated features: (10986, 30)
2026-04-28 12:26:10,412 [INFO] STEP 8 COMPLETE
2026-04-28 12:26:10,413 [INFO] <<< Step 8  — Feature integration DONE (1.4s)
2026-04-28 12:26:10,413 [INFO] >>> Step 9  — Label construction
2026-04-28 12:26:10,427 [INFO] ============================================================
2026-04-28 12:26:10,427 [INFO] STEP 9 — LABEL CONSTRUCTION
2026-04-28 12:26:10,428 [INFO] ============================================================
2026-04-28 12:26:10,510 [INFO]   LCGene symbols: 517
2026-04-28 12:26:10,518 [INFO]   Universe trimming: removing 1190 noisy unlabeled genes (non-expressed + no DE signal)
2026-04-28 12:26:10,522 [INFO]   Total: 9796  Positive (known LCGene): 438 (4.47%)  Unlabeled: 9358
2026-04-28 12:26:10,522 [INFO]   [PU framing] Negatives are UNLABELED — not confirmed non-cancer genes.
2026-04-28 12:26:10,706 [INFO]   LCGene genes unmatched: 79
2026-04-28 12:26:10,706 [INFO] STEP 9 COMPLETE
2026-04-28 12:26:10,707 [INFO] <<< Step 9  — Label construction DONE (0.3s)
2026-04-28 12:26:10,707 [INFO] >>> Step 10 — Train/val split
2026-04-28 12:26:10,709 [INFO] ============================================================
2026-04-28 12:26:10,709 [INFO] STEP 10 — TRAIN/VALIDATION SPLIT
2026-04-28 12:26:10,709 [INFO] ============================================================
2026-04-28 12:26:10,760 [INFO]   Features: (9796, 30)  Labels: 9796
2026-04-28 12:26:10,767 [INFO]   Train: 7836 (pos=350)  Val: 1960 (pos=88)
2026-04-28 12:26:10,773 [INFO]   Feature selection: kept top 20 features from feature_importance.csv
2026-04-28 12:26:11,595 [INFO] STEP 10 COMPLETE
2026-04-28 12:26:11,597 [INFO] <<< Step 10 — Train/val split DONE (0.9s)
2026-04-28 12:26:11,597 [INFO] >>> Step 11 — Model training
2026-04-28 12:26:11,681 [INFO] ============================================================
2026-04-28 12:26:11,682 [INFO] STEP 11 — MODEL TRAINING
2026-04-28 12:26:11,682 [INFO] ============================================================
2026-04-28 12:26:11,745 [INFO]   X_train: (7836, 20)  pos=350
2026-04-28 12:26:11,783 [INFO]   XGBoost added (scale_pos_weight=21.4)
2026-04-28 12:26:11,976 [INFO]   Random undersampling enabled (imbalanced-learn found).
2026-04-28 12:26:11,976 [INFO] 
  [random_forest] CV ...
2026-04-28 12:26:12,805 [INFO]     Fold 1 AUROC=0.9391 AUPRC=0.4297 F1=0.4392 MCC=0.4570
2026-04-28 12:26:13,614 [INFO]     Fold 2 AUROC=0.9239 AUPRC=0.4741 F1=0.4312 MCC=0.4266
2026-04-28 12:26:14,407 [INFO]     Fold 3 AUROC=0.9268 AUPRC=0.4497 F1=0.4219 MCC=0.4259
2026-04-28 12:26:15,218 [INFO]     Fold 4 AUROC=0.9454 AUPRC=0.4233 F1=0.4375 MCC=0.4371
2026-04-28 12:26:16,121 [INFO]     Fold 5 AUROC=0.9386 AUPRC=0.4582 F1=0.4398 MCC=0.4494
2026-04-28 12:26:16,121 [INFO]   [random_forest] AUROC=0.9348±0.0081  AUPRC=0.4470±0.0186  F1=0.4339±0.0067  MCC=0.4392±0.0123
2026-04-28 12:26:16,125 [INFO]   [random_forest] Hyperparameter tuning (RandomizedSearchCV n_iter=50, cv=3, scoring=average_precision) ...
2026-04-28 12:27:44,140 [INFO]   [random_forest] Best params: {'n_estimators': 800, 'min_samples_leaf': 2, 'max_features': 'sqrt', 'max_depth': None}  CV-AUPRC=0.4911
2026-04-28 12:27:44,411 [INFO] 
  [gradient_boosting] CV ...
2026-04-28 12:27:44,971 [INFO]     Fold 1 AUROC=0.9374 AUPRC=0.3990 F1=0.3851 MCC=0.4267
2026-04-28 12:27:45,508 [INFO]     Fold 2 AUROC=0.9278 AUPRC=0.4668 F1=0.4211 MCC=0.4412
2026-04-28 12:27:46,052 [INFO]     Fold 3 AUROC=0.9290 AUPRC=0.4770 F1=0.3851 MCC=0.4124
2026-04-28 12:27:46,601 [INFO]     Fold 4 AUROC=0.9456 AUPRC=0.4908 F1=0.4236 MCC=0.4576
2026-04-28 12:27:47,164 [INFO]     Fold 5 AUROC=0.9404 AUPRC=0.5130 F1=0.3649 MCC=0.3861
2026-04-28 12:27:47,165 [INFO]   [gradient_boosting] AUROC=0.9360±0.0068  AUPRC=0.4693±0.0384  F1=0.3960±0.0228  MCC=0.4248±0.0245
2026-04-28 12:27:47,168 [INFO]   [gradient_boosting] Hyperparameter tuning (RandomizedSearchCV n_iter=50, cv=3, scoring=average_precision) ...
2026-04-28 12:28:19,103 [INFO]   [gradient_boosting] Best params: {'subsample': 0.9, 'n_estimators': 300, 'max_depth': 5, 'learning_rate': 0.05}  CV-AUPRC=0.4872
2026-04-28 12:28:19,197 [INFO] 
  [logistic_regression] CV ...
2026-04-28 12:28:20,239 [INFO]     Fold 1 AUROC=0.8204 AUPRC=0.1233 F1=0.1222 MCC=0.1433
2026-04-28 12:28:21,233 [INFO]     Fold 2 AUROC=0.7819 AUPRC=0.2641 F1=0.1349 MCC=0.1516
2026-04-28 12:28:22,237 [INFO]     Fold 3 AUROC=0.8264 AUPRC=0.1251 F1=0.1288 MCC=0.1590
2026-04-28 12:28:23,225 [INFO]     Fold 4 AUROC=0.8006 AUPRC=0.2726 F1=0.1347 MCC=0.1537
2026-04-28 12:28:24,241 [INFO]     Fold 5 AUROC=0.7711 AUPRC=0.2537 F1=0.1284 MCC=0.1372
2026-04-28 12:28:24,242 [INFO]   [logistic_regression] AUROC=0.8001±0.0213  AUPRC=0.2077±0.0685  F1=0.1298±0.0047  MCC=0.1490±0.0078
2026-04-28 12:28:29,827 [INFO] 
  [extra_trees] CV ...
2026-04-28 12:28:30,264 [INFO]     Fold 1 AUROC=0.9395 AUPRC=0.4534 F1=0.4173 MCC=0.4297
2026-04-28 12:28:30,702 [INFO]     Fold 2 AUROC=0.9214 AUPRC=0.4341 F1=0.4486 MCC=0.4445
2026-04-28 12:28:31,151 [INFO]     Fold 3 AUROC=0.9331 AUPRC=0.4637 F1=0.4388 MCC=0.4459
2026-04-28 12:28:31,646 [INFO]     Fold 4 AUROC=0.9391 AUPRC=0.3921 F1=0.4622 MCC=0.4664
2026-04-28 12:28:32,160 [INFO]     Fold 5 AUROC=0.9316 AUPRC=0.4184 F1=0.4066 MCC=0.4098
2026-04-28 12:28:32,160 [INFO]   [extra_trees] AUROC=0.9330±0.0066  AUPRC=0.4323±0.0255  F1=0.4347±0.0203  MCC=0.4393±0.0188
2026-04-28 12:28:32,859 [INFO] 
  [xgboost] CV ...
2026-04-28 12:28:33,246 [INFO]     Fold 1 AUROC=0.9383 AUPRC=0.4733 F1=0.3194 MCC=0.3756
2026-04-28 12:28:33,408 [INFO]     Fold 2 AUROC=0.9294 AUPRC=0.4849 F1=0.3578 MCC=0.3994
2026-04-28 12:28:33,558 [INFO]     Fold 3 AUROC=0.9256 AUPRC=0.4699 F1=0.3138 MCC=0.3532
2026-04-28 12:28:33,722 [INFO]     Fold 4 AUROC=0.9442 AUPRC=0.4643 F1=0.3860 MCC=0.4392
2026-04-28 12:28:33,871 [INFO]     Fold 5 AUROC=0.9406 AUPRC=0.5096 F1=0.3324 MCC=0.3762
2026-04-28 12:28:33,871 [INFO]   [xgboost] AUROC=0.9356±0.0070  AUPRC=0.4804±0.0161  F1=0.3419±0.0267  MCC=0.3887±0.0292
2026-04-28 12:28:33,877 [INFO]   [xgboost] Hyperparameter tuning (RandomizedSearchCV n_iter=50, cv=3, scoring=average_precision) ...
2026-04-28 12:28:43,120 [INFO]   [xgboost] Best params: {'subsample': 0.8, 'n_estimators': 200, 'max_depth': 5, 'learning_rate': 0.1, 'colsample_bytree': 0.6}  CV-AUPRC=0.4842
2026-04-28 12:28:43,135 [INFO] 
All models trained in 151.4s
2026-04-28 12:28:43,136 [INFO]   Best: xgboost (AUPRC=0.4804)
2026-04-28 12:28:43,143 [INFO]   Best model (xgboost, already calibrated) saved as best_model.joblib
2026-04-28 12:28:43,340 [INFO] STEP 11 COMPLETE
2026-04-28 12:28:43,358 [INFO] <<< Step 11 — Model training DONE (151.8s)
2026-04-28 12:28:43,358 [INFO] >>> Step 12 — Model evaluation
2026-04-28 12:28:43,361 [INFO] ============================================================
2026-04-28 12:28:43,361 [INFO] STEP 12 — MODEL EVALUATION
2026-04-28 12:28:43,361 [INFO] ============================================================
2026-04-28 12:28:43,389 [INFO]   Val: 1960 genes  pos=88
2026-04-28 12:28:43,824 [INFO]   [extra_trees           ] AUROC=0.9314 AUPRC=0.5152 F1@0.50=0.4649 MCC@0.50=0.4390 [oracle F1@0.25=0.5000] R@100=0.5000 P@100=0.4400
2026-04-28 12:28:43,850 [INFO]   [gradient_boosting     ] AUROC=0.9223 AUPRC=0.4544 F1@0.50=0.4183 MCC@0.50=0.4073 [oracle F1@0.21=0.4566] R@100=0.4773 P@100=0.4200
2026-04-28 12:28:43,867 [INFO]   [logistic_regression   ] AUROC=0.8617 AUPRC=0.3940 F1@0.50=0.3670 MCC@0.50=0.3382 [oracle F1@0.19=0.4153] R@100=0.4318 P@100=0.3800
2026-04-28 12:28:44,008 [INFO]   [random_forest         ] AUROC=0.9252 AUPRC=0.4651 F1@0.50=0.4039 MCC@0.50=0.3757 [oracle F1@0.29=0.4737] R@100=0.4545 P@100=0.4000
2026-04-28 12:28:44,035 [INFO]   [xgboost               ] AUROC=0.9204 AUPRC=0.4919 F1@0.50=0.4498 MCC@0.50=0.4255 [oracle F1@0.12=0.4771] R@100=0.4659 P@100=0.4100
2026-04-28 12:28:44,038 [INFO]   Ensemble weights (AUPRC): extra_trees=0.212  gradient_boosting=0.230  logistic_regression=0.102  random_forest=0.219  xgboost=0.236
2026-04-28 12:28:44,061 [INFO]   [ensemble_soft_vote    ] AUROC=0.9316 AUPRC=0.5067 F1@0.50=0.4579 MCC@0.50=0.4354 [oracle F1@0.31=0.4805] R@100=0.4886 P@100=0.4300
2026-04-28 12:28:44,083 [INFO]   Classification reports saved to: C:\Users\rahma\Downloads\gloom updated\trial\outputs\results\classification_reports
2026-04-28 12:28:44,890 [INFO]   Confusion matrix grid saved: eval_confusion_matrices.png
2026-04-28 12:28:45,270 [INFO]   Multi-threshold confusion matrices saved: eval_confusion_multithreshold.png
2026-04-28 12:28:45,556 [INFO] STEP 12 COMPLETE
2026-04-28 12:28:45,575 [INFO] <<< Step 12 — Model evaluation DONE (2.2s)
2026-04-28 12:28:45,575 [INFO] >>> Step 13 — Feature importance
2026-04-28 12:28:45,583 [INFO] ============================================================
2026-04-28 12:28:45,584 [INFO] STEP 13 — FEATURE IMPORTANCE
2026-04-28 12:28:45,584 [INFO] ============================================================
2026-04-28 12:28:46,152 [INFO]   [xgboost] Permutation importance (n_repeats=10) …
2026-04-28 12:28:46,672 [INFO]   Top 5: {'tumor_std': 0.9999999999864696, 'normal_std': 0.3249119118170791, 'normal_skewness': 0.13239098831061272, 'tumor_cv': 0.131471093112971, 'neg_log10_padj': 0.12032557719154273}
2026-04-28 12:28:46,793 [INFO]   Feature importance shape: (20, 10)
2026-04-28 12:28:46,793 [INFO]   Top feature: tumor_std (0.8396)
2026-04-28 12:28:46,793 [INFO] STEP 13 COMPLETE
2026-04-28 12:28:46,812 [INFO] <<< Step 13 — Feature importance DONE (1.2s)
2026-04-28 12:28:46,813 [INFO] >>> Step 14 — Gene ranking
2026-04-28 12:28:46,815 [INFO] ============================================================
2026-04-28 12:28:46,815 [INFO] STEP 14 — GENE PREDICTION & RANKING
2026-04-28 12:28:46,815 [INFO] ============================================================
2026-04-28 12:28:46,906 [INFO]   Using PU bagging scores from step11b for gene ranking.
2026-04-28 12:28:46,919 [INFO]   PU bagging scores loaded: 10,986 genes.
2026-04-28 12:28:46,919 [INFO]   Score source: pu_bagging  |  novel threshold: 0.85
2026-04-28 12:28:46,942 [INFO]   Total: 10,986  Novel candidates (prob>=0.85): 355  Sensitivity list (prob>=0.5): 2,124
2026-04-28 12:28:46,942 [INFO]   Median positive (known) rank: 366
2026-04-28 12:28:46,942 [INFO]   Positive (known) in top-50:  39  top-100: 70  top-200: 130  top-500: 272
2026-04-28 12:28:46,942 [INFO]   Recall@50=0.0890  Recall@100=0.1598  Recall@200=0.2968  Recall@500=0.6210
2026-04-28 12:28:46,942 [INFO]   Precision@50=0.7800  Precision@100=0.7000
2026-04-28 12:28:47,455 [INFO]   High-confidence novel candidates saved: 355 genes (prob>=0.85)
2026-04-28 12:28:47,455 [INFO]   Sensitivity novel candidates saved:     2124 genes (prob>=0.5)
2026-04-28 12:28:47,456 [INFO]   Query gene rankings saved: 0 genes
2026-04-28 12:28:47,457 [INFO] STEP 14 COMPLETE
2026-04-28 12:28:47,459 [INFO] <<< Step 14 — Gene ranking DONE (0.6s)
2026-04-28 12:28:47,459 [INFO] >>> Step 15 — Network annotation
2026-04-28 12:28:47,461 [INFO] ============================================================
2026-04-28 12:28:47,462 [INFO] STEP 15 — NETWORK ANNOTATION
2026-04-28 12:28:47,462 [INFO] ============================================================
2026-04-28 12:28:49,296 [INFO]   Graph: 10,986 nodes, 110,508 edges
2026-04-28 12:28:50,327 [INFO]   Positive edges: 108,468  Negative: 2,040
2026-04-28 12:28:55,263 [INFO]   LCGene nodes: 438  Novel: 355
2026-04-28 12:28:55,263 [INFO] STEP 15 COMPLETE
2026-04-28 12:28:55,282 [INFO] <<< Step 15 — Network annotation DONE (7.8s)
2026-04-28 12:28:55,282 [INFO] >>> Step 16 — Network export
2026-04-28 12:28:55,285 [INFO] ============================================================
2026-04-28 12:28:55,285 [INFO] STEP 16 — NETWORK EXPORT
2026-04-28 12:28:55,285 [INFO] ============================================================
2026-04-28 12:28:58,207 [INFO]   Graph: 10,986 nodes, 110,508 edges
2026-04-28 12:29:03,673 [INFO]   GraphML saved: C:\Users\rahma\Downloads\gloom updated\trial\outputs\results\network\exports/network_full.graphml
2026-04-28 12:29:07,814 [INFO]   Full network exports complete.
2026-04-28 12:29:07,843 [INFO]   [top100] 100 nodes, 36 edges
2026-04-28 12:29:07,913 [INFO]   [lcgene] 438 nodes, 925 edges
2026-04-28 12:29:07,964 [INFO]   [novel] 355 nodes, 515 edges
2026-04-28 12:29:09,224 [INFO]   [candidates] 3583 nodes, 28573 edges
2026-04-28 12:29:13,668 [INFO] 
  Sub-networks:
2026-04-28 12:29:13,669 [INFO]     top100               nodes=  100  edges=     36
2026-04-28 12:29:13,669 [INFO]     lcgene               nodes=  438  edges=    925
2026-04-28 12:29:13,669 [INFO]     novel                nodes=  355  edges=    515
2026-04-28 12:29:13,669 [INFO]     candidates           nodes=3,583  edges= 28,573
2026-04-28 12:29:13,669 [INFO] STEP 16 COMPLETE
2026-04-28 12:29:13,694 [INFO] <<< Step 16 — Network export DONE (18.4s)
2026-04-28 12:29:13,694 [INFO] >>> Step 17 — Visualization
2026-04-28 12:29:13,826 [INFO] ============================================================
2026-04-28 12:29:13,826 [INFO] STEP 17 — INTERACTIVE VISUALIZATION
2026-04-28 12:29:13,826 [INFO] ============================================================
2026-04-28 12:29:14,013 [INFO] [1] Volcano …
2026-04-28 12:29:14,360 [INFO]   Volcano saved: C:\Users\rahma\Downloads\gloom updated\trial\outputs\figures\interactive_volcano.html
2026-04-28 12:29:14,360 [INFO] [2] Ranking …
2026-04-28 12:29:14,607 [INFO]   Ranking plot saved: C:\Users\rahma\Downloads\gloom updated\trial\outputs\figures\interactive_ranking.html
2026-04-28 12:29:14,607 [INFO] [3] Network …
2026-04-28 12:29:14,730 [INFO]   Network plot saved: C:\Users\rahma\Downloads\gloom updated\trial\outputs\figures\interactive_network.html
2026-04-28 12:29:14,730 [INFO] [4] Feature importance …
2026-04-28 12:29:14,764 [INFO]   Feature importance saved: C:\Users\rahma\Downloads\gloom updated\trial\outputs\figures\interactive_feature_importance.html
2026-04-28 12:29:14,764 [INFO] [5] KEGG pathways …
2026-04-28 12:29:14,812 [INFO]   KEGG plot saved: C:\Users\rahma\Downloads\gloom updated\trial\outputs\figures\interactive_kegg.html
2026-04-28 12:29:14,812 [INFO] [6] Dashboard …
2026-04-28 12:29:14,893 [INFO]   Combined dashboard saved: C:\Users\rahma\Downloads\gloom updated\trial\outputs\figures\interactive_dashboard.html
2026-04-28 12:29:14,896 [INFO] STEP 17 COMPLETE
2026-04-28 12:29:14,899 [INFO] <<< Step 17 — Visualization DONE (1.2s)
2026-04-28 12:29:14,899 [INFO] >>> Step 18 — Final report
2026-04-28 12:29:14,901 [INFO] ============================================================
2026-04-28 12:29:14,901 [INFO] STEP 18 — FINAL OUTPUTS & REPORTING
2026-04-28 12:29:14,901 [INFO] ============================================================
2026-04-28 12:29:14,901 [INFO] [1] Building summary table …
2026-04-28 12:29:15,137 [INFO]   Summary table: (10986, 29)
2026-04-28 12:29:15,137 [INFO] [2] Building text report …
2026-04-28 12:29:15,157 [ERROR]   Report failed: 'mcc'
2026-04-28 12:29:15,157 [INFO] [3] Building summary figure …
2026-04-28 12:29:15,935 [INFO]   Summary figure (PNG) saved: C:\Users\rahma\Downloads\gloom updated\trial\outputs\results\reports\pipeline_summary_figure.png
2026-04-28 12:29:16,879 [INFO]   Summary figure (PDF) saved: C:\Users\rahma\Downloads\gloom updated\trial\outputs\results\reports\pipeline_summary_figure.pdf
2026-04-28 12:29:16,881 [INFO] [4] Writing master runner …
2026-04-28 12:29:16,882 [INFO]   Master runner saved: C:\Users\rahma\Downloads\gloom updated\trial\LUAD_ML_Pipeline\run_pipeline.py
2026-04-28 12:29:16,882 [INFO] ============================================================
2026-04-28 12:29:16,882 [INFO] STEP 18 SUMMARY
2026-04-28 12:29:16,882 [INFO] ============================================================
2026-04-28 12:29:16,882 [INFO]   Summary table: C:\Users\rahma\Downloads\gloom updated\trial\outputs\results\reports/pipeline_summary_table.csv
2026-04-28 12:29:16,882 [INFO]   Text report  : C:\Users\rahma\Downloads\gloom updated\trial\outputs\results\reports/pipeline_report.txt
2026-04-28 12:29:16,882 [INFO]   Summary fig  : C:\Users\rahma\Downloads\gloom updated\trial\outputs\results\reports/pipeline_summary_figure.png
2026-04-28 12:29:16,882 [INFO]   Master runner: C:\Users\rahma\Downloads\gloom updated\trial\LUAD_ML_Pipeline\run_pipeline.py
2026-04-28 12:29:16,882 [INFO] 
2026-04-28 12:29:16,882 [INFO]   Key deliverables:
2026-04-28 12:29:16,882 [INFO]     Gene rankings    : C:\Users\rahma\Downloads\gloom updated\trial\outputs\results\gene_rankings.csv
2026-04-28 12:29:16,882 [INFO]     Novel candidates : C:\Users\rahma\Downloads\gloom updated\trial\outputs\results/novel_candidates.csv
2026-04-28 12:29:16,882 [INFO]     Dashboard        : C:\Users\rahma\Downloads\gloom updated\trial\outputs\figures/interactive_dashboard.html
2026-04-28 12:29:16,882 [INFO] STEP 18 COMPLETE
2026-04-28 12:29:16,883 [INFO] <<< Step 18 — Final report DONE (2.0s)
2026-04-28 12:29:16,883 [INFO] ======================================================================
2026-04-28 12:29:16,883 [INFO] EXECUTION SUMMARY
2026-04-28 12:29:16,883 [INFO] ======================================================================
2026-04-28 12:29:16,883 [INFO]   [OK] Step 0  — Config                                  0.0s
2026-04-28 12:29:16,883 [INFO]   [OK] Step 1  — Data loading                           43.5s
2026-04-28 12:29:16,883 [INFO]   [OK] Step 2  — Preprocessing                          40.9s
2026-04-28 12:29:16,883 [INFO]   [OK] Step 3  — Harmonization                          17.5s
2026-04-28 12:29:16,883 [INFO]   [OK] Step 4  — Differential expr                       6.6s
2026-04-28 12:29:16,883 [INFO]   [OK] Step 5  — Expr features                          19.4s
2026-04-28 12:29:16,883 [INFO]   [OK] Step 6  — Co-expr network                        10.3s
2026-04-28 12:29:16,883 [INFO]   [OK] Step 7  — Network features                       97.9s
2026-04-28 12:29:16,883 [INFO]   [OK] Step 8  — Feature integration                     1.4s
2026-04-28 12:29:16,883 [INFO]   [OK] Step 9  — Label construction                      0.3s
2026-04-28 12:29:16,883 [INFO]   [OK] Step 10 — Train/val split                         0.9s
2026-04-28 12:29:16,883 [INFO]   [OK] Step 11 — Model training                        151.8s
2026-04-28 12:29:16,883 [INFO]   [OK] Step 12 — Model evaluation                        2.2s
2026-04-28 12:29:16,883 [INFO]   [OK] Step 13 — Feature importance                      1.2s
2026-04-28 12:29:16,883 [INFO]   [OK] Step 14 — Gene ranking                            0.6s
2026-04-28 12:29:16,883 [INFO]   [OK] Step 15 — Network annotation                      7.8s
2026-04-28 12:29:16,883 [INFO]   [OK] Step 16 — Network export                         18.4s
2026-04-28 12:29:16,883 [INFO]   [OK] Step 17 — Visualization                           1.2s
2026-04-28 12:29:16,884 [INFO]   [OK] Step 18 — Final report                            2.0s
2026-04-28 12:29:16,884 [INFO]   Total: 424.0s (7.1 min)
2026-04-28 12:29:16,884 [INFO]   Pipeline COMPLETE.
2026-04-28 12:29:16,884 [INFO] ======================================================================
2026-04-28 12:41:05,034 [INFO] ======================================================================
2026-04-28 12:41:05,034 [INFO] LUAD ML PIPELINE — FULL RUN
2026-04-28 12:41:05,034 [INFO] Running 4 step(s)
2026-04-28 12:41:05,034 [INFO] ======================================================================
2026-04-28 12:41:05,034 [INFO] >>> Step 11b — PU Bagging [optional]
2026-04-28 12:41:07,191 [INFO] ============================================================
2026-04-28 12:41:07,191 [INFO] STEP 11b — MORDELET-VERT PU BAGGING
2026-04-28 12:41:07,191 [INFO]   B=300  subsample_ratio=1.0  base_trees=100
2026-04-28 12:41:07,191 [INFO] ============================================================
2026-04-28 12:41:07,245 [INFO]   Scoring universe: 9,796 genes (trimmed universe)
2026-04-28 12:41:07,281 [INFO]   Training positives (P): 350
2026-04-28 12:41:07,281 [INFO]   Training unlabeled  (U): 7,486
2026-04-28 12:41:07,281 [INFO]   Subsample per iteration: 350
2026-04-28 12:41:08,718 [INFO]   Iter   10/300  elapsed: 1.4s
2026-04-28 12:41:10,137 [INFO]   Iter   20/300  elapsed: 2.9s
2026-04-28 12:41:11,473 [INFO]   Iter   30/300  elapsed: 4.2s
2026-04-28 12:41:12,810 [INFO]   Iter   40/300  elapsed: 5.5s
2026-04-28 12:41:14,167 [INFO]   Iter   50/300  elapsed: 6.9s
2026-04-28 12:41:15,480 [INFO]   Iter   60/300  elapsed: 8.2s
2026-04-28 12:41:16,802 [INFO]   Iter   70/300  elapsed: 9.5s
2026-04-28 12:41:18,126 [INFO]   Iter   80/300  elapsed: 10.8s
2026-04-28 12:41:19,462 [INFO]   Iter   90/300  elapsed: 12.2s
2026-04-28 12:41:20,776 [INFO]   Iter  100/300  elapsed: 13.5s
2026-04-28 12:41:22,078 [INFO]   Iter  110/300  elapsed: 14.8s
2026-04-28 12:41:23,410 [INFO]   Iter  120/300  elapsed: 16.1s
2026-04-28 12:41:24,720 [INFO]   Iter  130/300  elapsed: 17.4s
2026-04-28 12:41:26,014 [INFO]   Iter  140/300  elapsed: 18.7s
2026-04-28 12:41:27,359 [INFO]   Iter  150/300  elapsed: 20.1s
2026-04-28 12:41:28,662 [INFO]   Iter  160/300  elapsed: 21.4s
2026-04-28 12:41:29,971 [INFO]   Iter  170/300  elapsed: 22.7s
2026-04-28 12:41:31,283 [INFO]   Iter  180/300  elapsed: 24.0s
2026-04-28 12:41:32,589 [INFO]   Iter  190/300  elapsed: 25.3s
2026-04-28 12:41:33,861 [INFO]   Iter  200/300  elapsed: 26.6s
2026-04-28 12:41:35,160 [INFO]   Iter  210/300  elapsed: 27.9s
2026-04-28 12:41:36,457 [INFO]   Iter  220/300  elapsed: 29.2s
2026-04-28 12:41:37,801 [INFO]   Iter  230/300  elapsed: 30.5s
2026-04-28 12:41:39,092 [INFO]   Iter  240/300  elapsed: 31.8s
2026-04-28 12:41:40,427 [INFO]   Iter  250/300  elapsed: 33.1s
2026-04-28 12:41:41,722 [INFO]   Iter  260/300  elapsed: 34.4s
2026-04-28 12:41:43,045 [INFO]   Iter  270/300  elapsed: 35.8s
2026-04-28 12:41:44,380 [INFO]   Iter  280/300  elapsed: 37.1s
2026-04-28 12:41:45,673 [INFO]   Iter  290/300  elapsed: 38.4s
2026-04-28 12:41:47,008 [INFO]   Iter  300/300  elapsed: 39.7s
2026-04-28 12:41:47,009 [INFO]   PU bagging complete in 39.7s
2026-04-28 12:41:47,016 [INFO]   Validation AUROC=0.9290  AUPRC=0.4255
2026-04-28 12:41:47,017 [INFO]   LCGene in top-50: 50  top-100: 98  top-200: 190
2026-04-28 12:41:47,017 [INFO]   Recall@50=0.1142  Recall@100=0.2237  Recall@200=0.4338
2026-04-28 12:41:47,017 [INFO]   Precision@50=1.0000  Precision@100=0.9800
2026-04-28 12:41:47,017 [INFO]   PU novel candidates (score>=0.85): 203
2026-04-28 12:41:47,394 [INFO] STEP 11b COMPLETE
2026-04-28 12:41:47,396 [INFO] <<< Step 11b — PU Bagging DONE (42.4s)
2026-04-28 12:41:47,396 [INFO] >>> Step 12  — Model evaluation 
2026-04-28 12:41:47,399 [INFO] ============================================================
2026-04-28 12:41:47,399 [INFO] STEP 12 — MODEL EVALUATION
2026-04-28 12:41:47,399 [INFO] ============================================================
2026-04-28 12:41:47,418 [INFO]   Val: 1960 genes  pos=88
2026-04-28 12:41:48,069 [INFO]   [extra_trees           ] AUROC=0.9314 AUPRC=0.5152 F1@0.50=0.4649 MCC@0.50=0.4390 [oracle F1@0.25=0.5000] R@100=0.5000 P@100=0.4400
2026-04-28 12:41:48,097 [INFO]   [gradient_boosting     ] AUROC=0.9223 AUPRC=0.4544 F1@0.50=0.4183 MCC@0.50=0.4073 [oracle F1@0.21=0.4566] R@100=0.4773 P@100=0.4200
2026-04-28 12:41:48,115 [INFO]   [logistic_regression   ] AUROC=0.8617 AUPRC=0.3940 F1@0.50=0.3670 MCC@0.50=0.3382 [oracle F1@0.19=0.4153] R@100=0.4318 P@100=0.3800
2026-04-28 12:41:48,267 [INFO]   [random_forest         ] AUROC=0.9252 AUPRC=0.4651 F1@0.50=0.4039 MCC@0.50=0.3757 [oracle F1@0.29=0.4737] R@100=0.4545 P@100=0.4000
2026-04-28 12:41:48,294 [INFO]   [xgboost               ] AUROC=0.9204 AUPRC=0.4919 F1@0.50=0.4498 MCC@0.50=0.4255 [oracle F1@0.12=0.4771] R@100=0.4659 P@100=0.4100
2026-04-28 12:41:48,297 [INFO]   Ensemble weights (AUPRC): extra_trees=0.212  gradient_boosting=0.230  logistic_regression=0.102  random_forest=0.219  xgboost=0.236
2026-04-28 12:41:48,321 [INFO]   [ensemble_soft_vote    ] AUROC=0.9316 AUPRC=0.5067 F1@0.50=0.4579 MCC@0.50=0.4354 [oracle F1@0.31=0.4805] R@100=0.4886 P@100=0.4300
2026-04-28 12:41:48,344 [INFO]   Classification reports saved to: C:\Users\rahma\Downloads\gloom updated\trial\outputs\results\classification_reports
2026-04-28 12:41:49,086 [INFO]   Confusion matrix grid saved: eval_confusion_matrices.png
2026-04-28 12:41:49,479 [INFO]   Multi-threshold confusion matrices saved: eval_confusion_multithreshold.png
2026-04-28 12:41:49,764 [INFO] STEP 12 COMPLETE
2026-04-28 12:41:49,779 [INFO] <<< Step 12  — Model evaluation DONE (2.4s)
2026-04-28 12:41:49,779 [INFO] >>> Step 13  — Feature importance 
2026-04-28 12:41:49,789 [INFO] ============================================================
2026-04-28 12:41:49,789 [INFO] STEP 13 — FEATURE IMPORTANCE
2026-04-28 12:41:49,789 [INFO] ============================================================
2026-04-28 12:41:50,435 [INFO]   [xgboost] Permutation importance (n_repeats=10) …
2026-04-28 12:41:55,665 [INFO]   Top 5: {'tumor_std': 0.9999999999864696, 'normal_std': 0.3249119118170791, 'normal_skewness': 0.13239098831061272, 'tumor_cv': 0.131471093112971, 'neg_log10_padj': 0.12032557719154273}
2026-04-28 12:41:55,914 [INFO]   Feature importance shape: (20, 10)
2026-04-28 12:41:55,914 [INFO]   Top feature: tumor_std (0.8396)
2026-04-28 12:41:55,914 [INFO] STEP 13 COMPLETE
2026-04-28 12:41:55,936 [INFO] <<< Step 13  — Feature importance DONE (6.2s)
2026-04-28 12:41:55,936 [INFO] >>> Step 14  — Gene ranking 
2026-04-28 12:41:55,941 [INFO] ============================================================
2026-04-28 12:41:55,941 [INFO] STEP 14 — GENE PREDICTION & RANKING
2026-04-28 12:41:55,941 [INFO] ============================================================
2026-04-28 12:41:56,034 [INFO]   Using PU bagging scores from step11b for gene ranking.
2026-04-28 12:41:56,047 [INFO]   PU bagging scores loaded: 10,986 genes.
2026-04-28 12:41:56,047 [INFO]   Score source: pu_bagging  |  novel threshold: 0.85
2026-04-28 12:41:56,075 [INFO]   Total: 10,986  Novel candidates (prob>=0.85): 203  Sensitivity list (prob>=0.5): 1,569
2026-04-28 12:41:56,075 [INFO]   Median positive (known) rank: 232
2026-04-28 12:41:56,075 [INFO]   Positive (known) in top-50:  50  top-100: 98  top-200: 190  top-500: 345
2026-04-28 12:41:56,075 [INFO]   Recall@50=0.1142  Recall@100=0.2237  Recall@200=0.4338  Recall@500=0.7877
2026-04-28 12:41:56,075 [INFO]   Precision@50=1.0000  Precision@100=0.9800
2026-04-28 12:41:56,528 [INFO]   High-confidence novel candidates saved: 203 genes (prob>=0.85)
2026-04-28 12:41:56,528 [INFO]   Sensitivity novel candidates saved:     1569 genes (prob>=0.5)
2026-04-28 12:41:56,530 [INFO]   Query gene rankings saved: 0 genes
2026-04-28 12:41:56,531 [INFO] STEP 14 COMPLETE
2026-04-28 12:41:56,536 [INFO] <<< Step 14  — Gene ranking DONE (0.6s)
2026-04-28 12:41:56,536 [INFO] ======================================================================
2026-04-28 12:41:56,536 [INFO] EXECUTION SUMMARY
2026-04-28 12:41:56,536 [INFO] ======================================================================
2026-04-28 12:41:56,536 [INFO]   [ OK ] [opt] Step 11b — PU Bagging                               42.4s
2026-04-28 12:41:56,536 [INFO]   [ OK ]       Step 12  — Model evaluation                          2.4s
2026-04-28 12:41:56,536 [INFO]   [ OK ]       Step 13  — Feature importance                        6.2s
2026-04-28 12:41:56,536 [INFO]   [ OK ]       Step 14  — Gene ranking                              0.6s
2026-04-28 12:41:56,536 [INFO]   Total: 51.5s (0.9 min)
2026-04-28 12:41:56,536 [INFO]   Pipeline COMPLETE.
2026-04-28 12:41:56,536 [INFO] ======================================================================
2026-04-28 12:42:01,872 [INFO] ======================================================================
2026-04-28 12:42:01,872 [INFO] LUAD ML PIPELINE — FULL RUN
2026-04-28 12:42:01,872 [INFO] Running 25 step(s)
2026-04-28 12:42:01,872 [INFO] ======================================================================
2026-04-28 12:42:01,872 [INFO] >>> Step 0   — Config 
2026-04-28 12:42:01,874 [INFO] <<< Step 0   — Config DONE (0.0s)
2026-04-28 12:42:01,874 [INFO] >>> Step 1   — Data loading 
2026-04-28 12:42:02,337 [INFO] ============================================================
2026-04-28 12:42:02,337 [INFO] STEP 1 — DATA LOADING
2026-04-28 12:42:02,337 [INFO] ============================================================
2026-04-28 12:42:02,338 [INFO] Loading tumor expression from: C:\Users\rahma\Downloads\gloom updated\trial\data\raw\cBioPortal (RNA Seq Data)\data_mrna_seq_v2_rsem.txt
2026-04-28 12:42:04,388 [INFO]   Raw shape: (20531, 512)
2026-04-28 12:42:04,525 [WARNING]   19 duplicate gene symbols found — keeping highest-mean row.
2026-04-28 12:42:04,652 [INFO]   Final shape: (20512, 510)
2026-04-28 12:42:04,653 [INFO] Loading tumor metadata from: C:\Users\rahma\Downloads\gloom updated\trial\data\raw\cBioPortal (RNA Seq Data)\data_clinical_patient.txt
2026-04-28 12:42:04,660 [INFO]   Raw shape: (566, 38)
2026-04-28 12:42:04,663 [INFO]   Final shape: (566, 35)
2026-04-28 12:42:04,663 [INFO] Loading normal expression from: C:\Users\rahma\Downloads\gloom updated\trial\data\raw\Gtex (normal samples)\gene_tpm_v11_lung.gct.gz
2026-04-28 12:42:04,665 [INFO]   GCT version line : #1.2
2026-04-28 12:42:04,665 [INFO]   GCT dimension line: 74628	604
2026-04-28 12:42:13,445 [INFO]   Raw shape (after preamble skip): (74628, 606)
2026-04-28 12:42:13,749 [WARNING]   1307 duplicate gene symbols — keeping highest-mean row.
2026-04-28 12:42:14,278 [INFO]   Final shape: (73321, 604)
2026-04-28 12:42:14,279 [INFO] Loading normal metadata from: C:\Users\rahma\Downloads\gloom updated\trial\data\raw\Gtex (normal samples)\GTEx_Analysis_v11_Annotations_SampleAttributesDS - LUAD.txt
2026-04-28 12:42:14,303 [INFO]   Raw shape: (1892, 119)  (all assay types)
2026-04-28 12:42:14,312 [INFO]   Retaining 11 QC columns: ['SAMPID', 'SMTS', 'SMTSD', 'SMRIN', 'SMATSSCR', 'SMRDTTL', 'SMMAPRT', 'SMRRNART', 'SMRDLGTH', 'SMNABTCHT', 'SMGEBTCHT']
2026-04-28 12:42:14,313 [INFO]   SMRIN  (RNA integrity) : mean=7.17  min=3.5  max=9.7
2026-04-28 12:42:14,316 [INFO]   SMATSSCR (autolysis)   : {0.0: 43, 1.0: 410, 2.0: 128, 3.0: 10}
2026-04-28 12:42:14,316 [INFO]   SMMAPRT  (map rate)    : mean=0.9836  min=0.8003
2026-04-28 12:42:14,316 [INFO]   Final shape: (604, 10)  (604 RNA-seq samples × 10 QC columns)
2026-04-28 12:42:14,317 [INFO] Loading labeled LUAD gene list from: C:\Users\rahma\Downloads\gloom updated\trial\data\raw\LCGene (Labeled LUAD Data)\LCGene_human_LUAD_filtered.tsv
2026-04-28 12:42:14,321 [INFO]   Raw shape: (517, 10)
2026-04-28 12:42:14,322 [INFO]   Unique labeled LUAD genes loaded: 517
2026-04-28 12:42:14,327 [INFO]   Full LCGene table saved to: C:\Users\rahma\Downloads\gloom updated\trial\data\processed\lcgene_luad_full.csv
2026-04-28 12:42:14,328 [INFO] 
Saving raw-loaded files to processed directory …
2026-04-28 12:42:41,629 [INFO] 
============================================================
2026-04-28 12:42:41,629 [INFO] STEP 1 SUMMARY
2026-04-28 12:42:41,629 [INFO] ============================================================
2026-04-28 12:42:41,629 [INFO]   Tumor expression   :  20512 genes  x  510 samples
2026-04-28 12:42:41,630 [INFO]   Normal expression  :  73321 genes  x  604 samples
2026-04-28 12:42:41,630 [INFO]   Normal metadata    :    604 RNA-seq samples  x  10 QC columns
2026-04-28 12:42:41,630 [INFO]   Labeled LUAD genes :    517 unique gene symbols (LCGene)
2026-04-28 12:42:41,630 [INFO] STEP 1 COMPLETE
2026-04-28 12:42:41,661 [INFO] <<< Step 1   — Data loading DONE (39.8s)
2026-04-28 12:42:41,661 [INFO] >>> Step 1b  — Batch correction [optional]
2026-04-28 12:42:41,667 [INFO] ============================================================
2026-04-28 12:42:41,667 [INFO] STEP 1b — BATCH EFFECT CORRECTION (ComBat-seq)
2026-04-28 12:42:41,667 [INFO] ============================================================
2026-04-28 12:42:41,669 [INFO]   Loading harmonized expression matrices …
2026-04-28 12:42:43,489 [INFO]   Tumor:  10,986 genes × 510 samples
2026-04-28 12:42:43,490 [INFO]   Normal: 10,986 genes × 604 samples
2026-04-28 12:42:43,491 [INFO]   Common genes: 10,986
2026-04-28 12:42:43,554 [INFO]   Combined matrix: 10,986 genes × 1,114 samples
2026-04-28 12:42:43,555 [INFO]   Batch 0 (GTEx normal): 604  Batch 1 (TCGA tumor): 510
2026-04-28 12:42:48,544 [INFO]   Using inmoose.pycombat.pycombat_seq …
2026-04-28 12:42:50,129 [INFO]   Imputed 98,365 NaN values with gene-wise median before ComBat-seq.
2026-04-28 12:42:50,147 [INFO] Found 2 batches
2026-04-28 12:42:50,147 [INFO] Adjusting for 0 covariate(s) or covariate level(s)
2026-04-28 12:42:50,324 [INFO] Estimating dispersions
2026-04-28 12:44:41,237 [INFO] Fitting the GLM model
2026-04-28 12:44:49,605 [INFO] shrinkage off - using GLM estimates for parameters
2026-04-28 12:44:50,038 [INFO] Adjusting the data
2026-04-28 12:45:34,094 [INFO]   ComBat-seq correction applied (inmoose).
2026-04-28 12:45:39,121 [INFO]   Sanity check on 200 sample genes: DE-sig before=169 (84.5%)  after=200 (100.0%)
2026-04-28 12:45:39,122 [INFO]   NOTE: For downstream use, point TUMOR_EXPR_HARMONIZED and NORMAL_EXPR_HARMONIZED to the batch-corrected files in config.py before running step2 onward.
2026-04-28 12:45:39,122 [INFO] STEP 1b COMPLETE
2026-04-28 12:45:39,122 [INFO] <<< Step 1b  — Batch correction DONE (177.5s)
2026-04-28 12:45:39,122 [INFO] >>> Step 2   — Preprocessing 
2026-04-28 12:45:39,140 [INFO] ============================================================
2026-04-28 12:45:39,140 [INFO] STEP 2 — DATA PREPROCESSING & QUALITY CONTROL
2026-04-28 12:45:39,141 [INFO] ============================================================
2026-04-28 12:45:43,383 [INFO] 
--- Tumor preprocessing ---
2026-04-28 12:45:43,480 [INFO]   [tumor] Replaced 1463479 zeros and 0 negatives with NaN.
2026-04-28 12:45:43,682 [INFO]   [tumor] log2(x+1) applied. Range: [0.004, 20.450]
2026-04-28 12:45:45,444 [WARNING]   [tumor] No common samples — trying TCGA ID truncation.
2026-04-28 12:45:45,473 [INFO]   [tumor] Retained 510 common samples.
2026-04-28 12:45:45,480 [INFO]   [tumor] Sample count OK: 510 >= 50.
2026-04-28 12:45:45,480 [INFO] 
--- Normal preprocessing ---
2026-04-28 12:45:45,858 [INFO]   [normal] Replaced 21868568 zeros and 0 negatives with NaN.
2026-04-28 12:45:46,795 [INFO]   [normal] log2(x+1) applied. Range: [0.000, 16.393]
2026-04-28 12:45:49,266 [INFO]   [normal] Retained 604 common samples.
2026-04-28 12:45:49,272 [INFO]   [normal] Sample count OK: 604 >= 50.
2026-04-28 12:45:49,272 [INFO] 
Generating QC plots …
2026-04-28 12:46:09,148 [INFO] 
============================================================
2026-04-28 12:46:09,148 [INFO] STEP 2 SUMMARY
2026-04-28 12:46:09,148 [INFO] ============================================================
2026-04-28 12:46:09,149 [INFO]   Tumor  expr :  16570 genes x  510 samples
2026-04-28 12:46:09,149 [INFO]   Normal expr :  21159 genes x  604 samples
2026-04-28 12:46:09,149 [INFO] STEP 2 COMPLETE
2026-04-28 12:46:09,180 [INFO] <<< Step 2   — Preprocessing DONE (30.1s)
2026-04-28 12:46:09,180 [INFO] >>> Step 3   — Harmonization 
2026-04-28 12:46:09,184 [INFO] ============================================================
2026-04-28 12:46:09,184 [INFO] STEP 3 — GENE ID HARMONIZATION
2026-04-28 12:46:09,185 [INFO] ============================================================
2026-04-28 12:46:12,049 [WARNING]   [tumor] Dropping 1 invalid symbols.
2026-04-28 12:46:12,097 [INFO]   Common genes: 10986
2026-04-28 12:46:12,102 [INFO]   LCGene retained: 438 / 517 (84.7%)
2026-04-28 12:46:12,103 [WARNING]   LCGene genes lost: ABCB4, AKR1B10, ASCL1, BCL2L14, BPIFA1, BRINP1, BRSK2, C20ORF85, CA9, CASC1, CCKBR, CDX2, CHGA, CHRNA1, CHRNA5, CHRNA9, CLCA2, CLDN2, CSMD1, CYP2C19, CYP2C9, DLK1, DLX5, DPYSL5, DRD2, DSC3, ECE2, ELAVL2, EPHA7, FAM83A, FUT6, FZD9, GABRA3, GATA4, GPR87, HMGA2, HNF4A, HOXB9, IGF2BP3, INSM1, KCNH1, KCNJ3, KIF14, KIF5A, KLK6, KRT81, LEP, LGSN, MAGEA1, MAGEA6, MAGEC1, MMP13, MYO18B, NOV, NR0B1, NR1I2, NRXN1, OPCML, PAEP, PAX5, PITX2, PRAME, PTPRH, RGS17, SCGN, SERPINB4, SERPINB5, T, TERT, TF, TFAP2A, TFAP2B, TRIM31, TRPM8, UGT1A6, VIL1, VTCN1, WISP1, XDH
2026-04-28 12:46:23,959 [INFO]   Common genes: 10986
2026-04-28 12:46:23,960 [INFO] STEP 3 COMPLETE
2026-04-28 12:46:23,965 [INFO] <<< Step 3   — Harmonization DONE (14.8s)
2026-04-28 12:46:23,965 [INFO] >>> Step 4   — Differential expr 
2026-04-28 12:46:23,975 [INFO] ============================================================
2026-04-28 12:46:23,975 [INFO] STEP 4 — DIFFERENTIAL EXPRESSION
2026-04-28 12:46:23,975 [INFO] ============================================================
2026-04-28 12:46:25,665 [INFO]   Tumor: (10986, 510)  Normal: (10986, 604)
2026-04-28 12:46:25,766 [INFO]   Running Welch t-test for 10986 genes …
2026-04-28 12:46:28,635 [INFO]   Significant at FDR<=0.001: 10882
2026-04-28 12:46:29,433 [INFO]   Up: 9700  Down: 15  NS: 1271
2026-04-28 12:46:29,433 [INFO] STEP 4 COMPLETE
2026-04-28 12:46:29,438 [INFO] <<< Step 4   — Differential expr DONE (5.5s)
2026-04-28 12:46:29,438 [INFO] >>> Step 5   — Expr features 
2026-04-28 12:46:29,443 [INFO] ============================================================
2026-04-28 12:46:29,443 [INFO] STEP 5 — EXPRESSION FEATURE CONSTRUCTION
2026-04-28 12:46:29,443 [INFO] ============================================================
2026-04-28 12:46:31,163 [INFO]   Computing stats for [tumor] ((10986, 510)) …
2026-04-28 12:46:38,477 [INFO]   Computing stats for [normal] ((10986, 604)) …
2026-04-28 12:46:45,647 [INFO]   [expression_features] Validated. Shape: (10986, 29)
2026-04-28 12:46:46,352 [INFO]   Expression features: (10986, 29)
2026-04-28 12:46:46,353 [INFO] STEP 5 COMPLETE
2026-04-28 12:46:46,358 [INFO] <<< Step 5   — Expr features DONE (16.9s)
2026-04-28 12:46:46,358 [INFO] >>> Step 6   — Tumor co-expr network 
2026-04-28 12:46:46,572 [INFO] ============================================================
2026-04-28 12:46:46,572 [INFO] STEP 6 — CO-EXPRESSION NETWORK CONSTRUCTION
2026-04-28 12:46:46,572 [INFO] ============================================================
2026-04-28 12:46:47,355 [INFO]   Matrix: 10986 genes x 510 samples | cutoff |r|>=0.6
2026-04-28 12:46:48,789 [INFO]   Chunk 10/22 edges so far: 86,077 (1.4s)
2026-04-28 12:46:50,313 [INFO]   Chunk 20/22 edges so far: 109,749 (2.9s)
2026-04-28 12:46:50,578 [INFO]   Chunk 22/22 edges so far: 110,508 (3.2s)
2026-04-28 12:46:50,681 [INFO]   Total edges: 110,508
2026-04-28 12:46:53,773 [INFO]   Graph: 4,977 nodes, 110,508 edges
2026-04-28 12:46:56,606 [INFO]   Runtime: 3.4s
2026-04-28 12:46:56,606 [INFO] STEP 6 COMPLETE
2026-04-28 12:46:56,610 [INFO] <<< Step 6   — Tumor co-expr network DONE (10.3s)
2026-04-28 12:46:56,610 [INFO] >>> Step 6b  — Normal co-expr network [optional]
2026-04-28 12:46:56,615 [INFO] ============================================================
2026-04-28 12:46:56,615 [INFO] STEP 6b — NORMAL TISSUE CO-EXPRESSION NETWORK
2026-04-28 12:46:56,615 [INFO] ============================================================
2026-04-28 12:46:57,475 [INFO]   Normal expression: 10,986 genes × 604 samples
2026-04-28 12:46:57,476 [INFO]   Correlation cutoff: |r| >= 0.6
2026-04-28 12:46:57,476 [INFO]   Matrix: 10986 genes x 604 samples | cutoff |r|>=0.6
2026-04-28 12:46:58,973 [INFO]   Chunk 10/22 edges so far: 817,242 (1.5s)
2026-04-28 12:47:00,579 [INFO]   Chunk 20/22 edges so far: 1,240,735 (3.1s)
2026-04-28 12:47:00,879 [INFO]   Chunk 22/22 edges so far: 1,276,368 (3.4s)
2026-04-28 12:47:01,001 [INFO]   Total edges: 1,276,368
2026-04-28 12:47:37,158 [INFO]   Graph: 9,338 nodes, 1,276,368 edges
2026-04-28 12:48:00,501 [INFO]   Normal network: 10,986 nodes, 1,276,368 edges
2026-04-28 12:48:00,505 [INFO] STEP 6b COMPLETE
2026-04-28 12:48:00,527 [INFO] <<< Step 6b  — Normal co-expr network DONE (63.9s)
2026-04-28 12:48:00,527 [INFO] >>> Step 7   — Network features 
2026-04-28 12:48:00,531 [INFO] ============================================================
2026-04-28 12:48:00,531 [INFO] STEP 7 — NETWORK FEATURE EXTRACTION
2026-04-28 12:48:00,532 [INFO] ============================================================
2026-04-28 12:48:02,826 [INFO]   Graph: 10,986 nodes, 110,508 edges
2026-04-28 12:48:02,831 [INFO]   Extracting degree features …
2026-04-28 12:48:02,881 [INFO]   Extracting average neighbour degree …
2026-04-28 12:48:02,912 [INFO]   Betweenness centrality (n=10,986) …
2026-04-28 12:48:17,183 [INFO]   Closeness centrality …
2026-04-28 12:49:19,427 [INFO]   Eigenvector centrality …
2026-04-28 12:49:21,438 [INFO]   Clustering coefficient …
2026-04-28 12:49:39,497 [INFO]   Edge weight statistics …
2026-04-28 12:49:39,725 [INFO]   Component features …
2026-04-28 12:49:39,759 [INFO]   All features extracted in 96.9s
2026-04-28 12:49:40,845 [INFO]   Network features: (10986, 13)
2026-04-28 12:49:40,846 [INFO] STEP 7 COMPLETE
2026-04-28 12:49:40,847 [INFO] <<< Step 7   — Network features DONE (100.3s)
2026-04-28 12:49:40,847 [INFO] >>> Step 7b  — Diff. network features [optional]
2026-04-28 12:49:40,851 [INFO] ============================================================
2026-04-28 12:49:40,851 [INFO] STEP 7b — DIFFERENTIAL CO-EXPRESSION FEATURES
2026-04-28 12:49:40,851 [INFO] ============================================================
2026-04-28 12:49:40,851 [INFO]   Loading Tumor network: C:\Users\rahma\Downloads\gloom updated\trial\outputs\results\network\coexpression_network.graphml
2026-04-28 12:49:42,782 [INFO]     10,986 nodes, 110,508 edges
2026-04-28 12:49:42,783 [INFO]   Loading Normal network: C:\Users\rahma\Downloads\gloom updated\trial\outputs\results\network\normal_coexpression_network.graphml
2026-04-28 12:50:02,678 [INFO]     10,986 nodes, 1,276,368 edges
2026-04-28 12:50:02,682 [INFO]   Gene universe (union): 10,986
2026-04-28 12:50:02,683 [INFO]   Computing degree features …
2026-04-28 12:50:02,693 [INFO]   Computing clustering coefficients …
2026-04-28 12:50:21,716 [WARNING]   Skipping clustering coefficient — graph too dense (1,276,368 edges > 300,000 limit). Set to 0.0.
2026-04-28 12:50:21,717 [INFO]   Computing betweenness centrality …
2026-04-28 12:50:39,652 [WARNING]   Skipping betweenness centrality — graph too dense (1,276,368 edges > 500,000 limit). Set to 0.0.
2026-04-28 12:50:39,653 [INFO]   Computing mean edge weight …
2026-04-28 12:50:40,910 [INFO]   Computing tumor-specific / normal-specific edges …
2026-04-28 12:50:41,182 [INFO]   All features computed in 38.5s
2026-04-28 12:50:41,219 [INFO]   Genes gaining connections in tumor: 1,161  losing: 8,400
2026-04-28 12:50:41,220 [INFO]   Mean rewiring_ratio: 0.8564
2026-04-28 12:50:41,320 [INFO]   Differential features: (10986, 15)
2026-04-28 12:50:41,322 [INFO] STEP 7b COMPLETE
2026-04-28 12:50:41,326 [INFO] <<< Step 7b  — Diff. network features DONE (60.5s)
2026-04-28 12:50:41,326 [INFO] >>> Step 8   — Feature integration 
2026-04-28 12:50:41,330 [INFO] ============================================================
2026-04-28 12:50:41,330 [INFO] STEP 8 — FEATURE INTEGRATION
2026-04-28 12:50:41,330 [INFO] ============================================================
2026-04-28 12:50:41,394 [INFO]   Expression: (10986, 29)  Network: (10986, 13)
2026-04-28 12:50:41,399 [INFO]   Concatenated: (10986, 42)
2026-04-28 12:50:41,407 [INFO]   Removed 21 collinear features: ['weighted_degree', 'component_size', 'min_edge_weight', 'tumor_median', 'normal_median', 't_stat', 'tumor_iqr_rank', 'tumor_mean_rank', 'cohens_d_rank', 'abs_log2fc_rank', 'neg_log10_padj_rank', 'betweenness_centrality', 'clustering_coefficient', 'max_edge_weight', 'std_edge_weight', 'in_largest_component', 'log2fc', 'iqr_ratio', 'std_ratio', 'tumor_kurtosis', 'normal_kurtosis']
2026-04-28 12:50:41,407 [INFO]   Features after collinearity removal: 21
2026-04-28 12:50:41,422 [INFO]   Highly correlated pairs (|r|>=0.95): 2
2026-04-28 12:50:41,778 [INFO]   Differential network features added: 9 columns (coverage: 10,986/10,986 genes)
2026-04-28 12:50:42,297 [INFO]   Integrated features: (10986, 30)
2026-04-28 12:50:42,297 [INFO] STEP 8 COMPLETE
2026-04-28 12:50:42,299 [INFO] <<< Step 8   — Feature integration DONE (1.0s)
2026-04-28 12:50:42,300 [INFO] >>> Step 9   — Label construction 
2026-04-28 12:50:42,303 [INFO] ============================================================
2026-04-28 12:50:42,303 [INFO] STEP 9 — LABEL CONSTRUCTION
2026-04-28 12:50:42,303 [INFO] ============================================================
2026-04-28 12:50:42,365 [INFO]   LCGene symbols: 517
2026-04-28 12:50:42,371 [INFO]   Universe trimming: removing 1190 noisy unlabeled genes (non-expressed + no DE signal)
2026-04-28 12:50:42,375 [INFO]   Total: 9796  Positive (known LCGene): 438 (4.47%)  Unlabeled: 9358
2026-04-28 12:50:42,375 [INFO]   [PU framing] Negatives are UNLABELED — not confirmed non-cancer genes.
2026-04-28 12:50:42,562 [INFO]   LCGene genes unmatched: 79
2026-04-28 12:50:42,563 [INFO] STEP 9 COMPLETE
2026-04-28 12:50:42,564 [INFO] <<< Step 9   — Label construction DONE (0.3s)
2026-04-28 12:50:42,564 [INFO] >>> Step 10  — Train/val split 
2026-04-28 12:50:42,567 [INFO] ============================================================
2026-04-28 12:50:42,567 [INFO] STEP 10 — TRAIN/VALIDATION SPLIT
2026-04-28 12:50:42,567 [INFO] ============================================================
2026-04-28 12:50:42,623 [INFO]   Features: (9796, 30)  Labels: 9796
2026-04-28 12:50:42,631 [INFO]   Train: 7836 (pos=350)  Val: 1960 (pos=88)
2026-04-28 12:50:42,637 [INFO]   Feature selection: kept top 20 features from feature_importance.csv
2026-04-28 12:50:43,273 [INFO] STEP 10 COMPLETE
2026-04-28 12:50:43,275 [INFO] <<< Step 10  — Train/val split DONE (0.7s)
2026-04-28 12:50:43,275 [INFO] >>> Step 11  — Model training 
2026-04-28 12:50:43,339 [INFO] ============================================================
2026-04-28 12:50:43,339 [INFO] STEP 11 — MODEL TRAINING
2026-04-28 12:50:43,339 [INFO] ============================================================
2026-04-28 12:50:43,393 [INFO]   X_train: (7836, 20)  pos=350
2026-04-28 12:50:43,446 [INFO]   XGBoost added (scale_pos_weight=21.4)
2026-04-28 12:50:44,609 [INFO]   Random undersampling enabled (imbalanced-learn found).
2026-04-28 12:50:44,609 [INFO] 
  [random_forest] CV ...
2026-04-28 12:50:45,286 [INFO]     Fold 1 AUROC=0.9378 AUPRC=0.4233 F1=0.4280 MCC=0.4445
2026-04-28 12:50:45,941 [INFO]     Fold 2 AUROC=0.9254 AUPRC=0.4599 F1=0.4495 MCC=0.4478
2026-04-28 12:50:46,618 [INFO]     Fold 3 AUROC=0.9284 AUPRC=0.4551 F1=0.4132 MCC=0.4182
2026-04-28 12:50:47,273 [INFO]     Fold 4 AUROC=0.9443 AUPRC=0.4208 F1=0.4274 MCC=0.4306
2026-04-28 12:50:47,929 [INFO]     Fold 5 AUROC=0.9387 AUPRC=0.4671 F1=0.4327 MCC=0.4431
2026-04-28 12:50:47,930 [INFO]   [random_forest] AUROC=0.9349±0.0070  AUPRC=0.4453±0.0194  F1=0.4302±0.0117  MCC=0.4368±0.0110
2026-04-28 12:50:47,933 [INFO]   [random_forest] Hyperparameter tuning (RandomizedSearchCV n_iter=50, cv=3, scoring=average_precision) ...
2026-04-28 12:52:11,566 [INFO]   [random_forest] Best params: {'n_estimators': 300, 'min_samples_leaf': 2, 'max_features': 'sqrt', 'max_depth': None}  CV-AUPRC=0.4921
2026-04-28 12:52:11,686 [INFO] 
  [gradient_boosting] CV ...
2026-04-28 12:52:12,232 [INFO]     Fold 1 AUROC=0.9349 AUPRC=0.4005 F1=0.3910 MCC=0.4291
2026-04-28 12:52:12,767 [INFO]     Fold 2 AUROC=0.9308 AUPRC=0.4637 F1=0.4014 MCC=0.4240
2026-04-28 12:52:13,312 [INFO]     Fold 3 AUROC=0.9314 AUPRC=0.4581 F1=0.3787 MCC=0.4068
2026-04-28 12:52:13,834 [INFO]     Fold 4 AUROC=0.9467 AUPRC=0.4685 F1=0.4167 MCC=0.4487
2026-04-28 12:52:14,380 [INFO]     Fold 5 AUROC=0.9417 AUPRC=0.5220 F1=0.3741 MCC=0.3971
2026-04-28 12:52:14,381 [INFO]   [gradient_boosting] AUROC=0.9371±0.0062  AUPRC=0.4625±0.0386  F1=0.3924±0.0154  MCC=0.4211±0.0180
2026-04-28 12:52:14,385 [INFO]   [gradient_boosting] Hyperparameter tuning (RandomizedSearchCV n_iter=50, cv=3, scoring=average_precision) ...
2026-04-28 12:52:45,057 [INFO]   [gradient_boosting] Best params: {'subsample': 0.9, 'n_estimators': 500, 'max_depth': 3, 'learning_rate': 0.01}  CV-AUPRC=0.4831
2026-04-28 12:52:45,084 [INFO] 
  [logistic_regression] CV ...
2026-04-28 12:52:46,062 [INFO]     Fold 1 AUROC=0.8204 AUPRC=0.1233 F1=0.1222 MCC=0.1433
2026-04-28 12:52:47,061 [INFO]     Fold 2 AUROC=0.7819 AUPRC=0.2641 F1=0.1349 MCC=0.1516
2026-04-28 12:52:48,052 [INFO]     Fold 3 AUROC=0.8264 AUPRC=0.1251 F1=0.1288 MCC=0.1590
2026-04-28 12:52:49,047 [INFO]     Fold 4 AUROC=0.8006 AUPRC=0.2726 F1=0.1347 MCC=0.1537
2026-04-28 12:52:50,032 [INFO]     Fold 5 AUROC=0.7711 AUPRC=0.2537 F1=0.1284 MCC=0.1372
2026-04-28 12:52:50,032 [INFO]   [logistic_regression] AUROC=0.8001±0.0213  AUPRC=0.2077±0.0685  F1=0.1298±0.0047  MCC=0.1490±0.0078
2026-04-28 12:52:55,448 [INFO] 
  [extra_trees] CV ...
2026-04-28 12:52:55,888 [INFO]     Fold 1 AUROC=0.9358 AUPRC=0.4560 F1=0.4160 MCC=0.4259
2026-04-28 12:52:56,326 [INFO]     Fold 2 AUROC=0.9229 AUPRC=0.4341 F1=0.4507 MCC=0.4464
2026-04-28 12:52:56,773 [INFO]     Fold 3 AUROC=0.9348 AUPRC=0.4854 F1=0.4388 MCC=0.4459
2026-04-28 12:52:57,217 [INFO]     Fold 4 AUROC=0.9378 AUPRC=0.3943 F1=0.4513 MCC=0.4543
2026-04-28 12:52:57,649 [INFO]     Fold 5 AUROC=0.9325 AUPRC=0.4167 F1=0.3948 MCC=0.3918
2026-04-28 12:52:57,650 [INFO]   [extra_trees] AUROC=0.9328±0.0052  AUPRC=0.4373±0.0314  F1=0.4303±0.0219  MCC=0.4329±0.0226
2026-04-28 12:52:58,302 [INFO] 
  [xgboost] CV ...
2026-04-28 12:52:58,620 [INFO]     Fold 1 AUROC=0.9392 AUPRC=0.4670 F1=0.3259 MCC=0.3846
2026-04-28 12:52:58,765 [INFO]     Fold 2 AUROC=0.9269 AUPRC=0.4611 F1=0.3642 MCC=0.4051
2026-04-28 12:52:58,931 [INFO]     Fold 3 AUROC=0.9217 AUPRC=0.4411 F1=0.3316 MCC=0.3783
2026-04-28 12:52:59,078 [INFO]     Fold 4 AUROC=0.9414 AUPRC=0.4428 F1=0.3721 MCC=0.4209
2026-04-28 12:52:59,222 [INFO]     Fold 5 AUROC=0.9404 AUPRC=0.5337 F1=0.3279 MCC=0.3692
2026-04-28 12:52:59,222 [INFO]   [xgboost] AUROC=0.9339±0.0081  AUPRC=0.4691±0.0338  F1=0.3443±0.0197  MCC=0.3916±0.0188
2026-04-28 12:52:59,228 [INFO]   [xgboost] Hyperparameter tuning (RandomizedSearchCV n_iter=50, cv=3, scoring=average_precision) ...
2026-04-28 12:53:08,088 [INFO]   [xgboost] Best params: {'subsample': 0.7, 'n_estimators': 300, 'max_depth': 5, 'learning_rate': 0.1, 'colsample_bytree': 0.6}  CV-AUPRC=0.4870
2026-04-28 12:53:08,105 [INFO] 
All models trained in 144.7s
2026-04-28 12:53:08,106 [INFO]   Best: xgboost (AUPRC=0.4691)
2026-04-28 12:53:08,116 [INFO]   Best model (xgboost, already calibrated) saved as best_model.joblib
2026-04-28 12:53:08,317 [INFO] STEP 11 COMPLETE
2026-04-28 12:53:08,331 [INFO] <<< Step 11  — Model training DONE (145.1s)
2026-04-28 12:53:08,331 [INFO] >>> Step 11b — PU Bagging [optional]
2026-04-28 12:53:08,335 [INFO] ============================================================
2026-04-28 12:53:08,335 [INFO] STEP 11b — MORDELET-VERT PU BAGGING
2026-04-28 12:53:08,335 [INFO]   B=300  subsample_ratio=1.0  base_trees=100
2026-04-28 12:53:08,335 [INFO] ============================================================
2026-04-28 12:53:08,392 [INFO]   Scoring universe: 9,796 genes (trimmed universe)
2026-04-28 12:53:08,432 [INFO]   Training positives (P): 350
2026-04-28 12:53:08,433 [INFO]   Training unlabeled  (U): 7,486
2026-04-28 12:53:08,433 [INFO]   Subsample per iteration: 350
2026-04-28 12:53:09,774 [INFO]   Iter   10/300  elapsed: 1.3s
2026-04-28 12:53:11,122 [INFO]   Iter   20/300  elapsed: 2.7s
2026-04-28 12:53:12,467 [INFO]   Iter   30/300  elapsed: 4.0s
2026-04-28 12:53:13,800 [INFO]   Iter   40/300  elapsed: 5.4s
2026-04-28 12:53:15,152 [INFO]   Iter   50/300  elapsed: 6.7s
2026-04-28 12:53:16,519 [INFO]   Iter   60/300  elapsed: 8.1s
2026-04-28 12:53:17,873 [INFO]   Iter   70/300  elapsed: 9.4s
2026-04-28 12:53:19,186 [INFO]   Iter   80/300  elapsed: 10.8s
2026-04-28 12:53:20,670 [INFO]   Iter   90/300  elapsed: 12.2s
2026-04-28 12:53:22,027 [INFO]   Iter  100/300  elapsed: 13.6s
2026-04-28 12:53:23,391 [INFO]   Iter  110/300  elapsed: 15.0s
2026-04-28 12:53:24,761 [INFO]   Iter  120/300  elapsed: 16.3s
2026-04-28 12:53:26,175 [INFO]   Iter  130/300  elapsed: 17.7s
2026-04-28 12:53:27,538 [INFO]   Iter  140/300  elapsed: 19.1s
2026-04-28 12:53:28,876 [INFO]   Iter  150/300  elapsed: 20.4s
2026-04-28 12:53:30,209 [INFO]   Iter  160/300  elapsed: 21.8s
2026-04-28 12:53:31,533 [INFO]   Iter  170/300  elapsed: 23.1s
2026-04-28 12:53:32,913 [INFO]   Iter  180/300  elapsed: 24.5s
2026-04-28 12:53:34,252 [INFO]   Iter  190/300  elapsed: 25.8s
2026-04-28 12:53:35,600 [INFO]   Iter  200/300  elapsed: 27.2s
2026-04-28 12:53:36,940 [INFO]   Iter  210/300  elapsed: 28.5s
2026-04-28 12:53:38,262 [INFO]   Iter  220/300  elapsed: 29.8s
2026-04-28 12:53:39,606 [INFO]   Iter  230/300  elapsed: 31.2s
2026-04-28 12:53:40,938 [INFO]   Iter  240/300  elapsed: 32.5s
2026-04-28 12:53:42,250 [INFO]   Iter  250/300  elapsed: 33.8s
2026-04-28 12:53:43,600 [INFO]   Iter  260/300  elapsed: 35.2s
2026-04-28 12:53:44,946 [INFO]   Iter  270/300  elapsed: 36.5s
2026-04-28 12:53:46,278 [INFO]   Iter  280/300  elapsed: 37.8s
2026-04-28 12:53:47,626 [INFO]   Iter  290/300  elapsed: 39.2s
2026-04-28 12:53:48,973 [INFO]   Iter  300/300  elapsed: 40.5s
2026-04-28 12:53:48,974 [INFO]   PU bagging complete in 40.5s
2026-04-28 12:53:48,981 [INFO]   Validation AUROC=0.9290  AUPRC=0.4255
2026-04-28 12:53:48,982 [INFO]   LCGene in top-50: 50  top-100: 98  top-200: 190
2026-04-28 12:53:48,982 [INFO]   Recall@50=0.1142  Recall@100=0.2237  Recall@200=0.4338
2026-04-28 12:53:48,983 [INFO]   Precision@50=1.0000  Precision@100=0.9800
2026-04-28 12:53:48,983 [INFO]   PU novel candidates (score>=0.85): 203
2026-04-28 12:53:49,321 [INFO] STEP 11b COMPLETE
2026-04-28 12:53:49,323 [INFO] <<< Step 11b — PU Bagging DONE (41.0s)
2026-04-28 12:53:49,323 [INFO] >>> Step 12  — Model evaluation 
2026-04-28 12:53:49,327 [INFO] ============================================================
2026-04-28 12:53:49,327 [INFO] STEP 12 — MODEL EVALUATION
2026-04-28 12:53:49,327 [INFO] ============================================================
2026-04-28 12:53:49,348 [INFO]   Val: 1960 genes  pos=88
2026-04-28 12:53:49,783 [INFO]   [extra_trees           ] AUROC=0.9281 AUPRC=0.5182 F1@0.50=0.4607 MCC@0.50=0.4351 [oracle F1@0.24=0.5128] R@100=0.5000 P@100=0.4400
2026-04-28 12:53:49,813 [INFO]   [gradient_boosting     ] AUROC=0.9277 AUPRC=0.4554 F1@0.50=0.4014 MCC@0.50=0.3959 [oracle F1@0.37=0.4658] R@100=0.4773 P@100=0.4200
2026-04-28 12:53:49,830 [INFO]   [logistic_regression   ] AUROC=0.8617 AUPRC=0.3940 F1@0.50=0.3670 MCC@0.50=0.3382 [oracle F1@0.19=0.4153] R@100=0.4318 P@100=0.3800
2026-04-28 12:53:49,899 [INFO]   [random_forest         ] AUROC=0.9209 AUPRC=0.4743 F1@0.50=0.4455 MCC@0.50=0.4198 [oracle F1@0.31=0.4828] R@100=0.4545 P@100=0.4000
2026-04-28 12:53:49,925 [INFO]   [xgboost               ] AUROC=0.9175 AUPRC=0.4815 F1@0.50=0.4632 MCC@0.50=0.4373 [oracle F1@0.21=0.4767] R@100=0.4886 P@100=0.4300
2026-04-28 12:53:49,928 [INFO]   Ensemble weights (AUPRC): extra_trees=0.216  gradient_boosting=0.229  logistic_regression=0.103  random_forest=0.220  xgboost=0.232
2026-04-28 12:53:49,952 [INFO]   [ensemble_soft_vote    ] AUROC=0.9330 AUPRC=0.5153 F1@0.50=0.4528 MCC@0.50=0.4295 [oracle F1@0.33=0.5106] R@100=0.5000 P@100=0.4400
2026-04-28 12:53:49,976 [INFO]   Classification reports saved to: C:\Users\rahma\Downloads\gloom updated\trial\outputs\results\classification_reports
2026-04-28 12:53:50,716 [INFO]   Confusion matrix grid saved: eval_confusion_matrices.png
2026-04-28 12:53:51,102 [INFO]   Multi-threshold confusion matrices saved: eval_confusion_multithreshold.png
2026-04-28 12:53:51,372 [INFO] STEP 12 COMPLETE
2026-04-28 12:53:51,383 [INFO] <<< Step 12  — Model evaluation DONE (2.1s)
2026-04-28 12:53:51,384 [INFO] >>> Step 13  — Feature importance 
2026-04-28 12:53:51,405 [INFO] ============================================================
2026-04-28 12:53:51,405 [INFO] STEP 13 — FEATURE IMPORTANCE
2026-04-28 12:53:51,405 [INFO] ============================================================
2026-04-28 12:53:51,813 [INFO]   [xgboost] Permutation importance (n_repeats=10) …
2026-04-28 12:53:52,447 [INFO]   Top 5: {'tumor_std': 0.9999999999839861, 'normal_std': 0.5714827307896152, 'neg_log10_padj': 0.217495698492691, 'normal_skewness': 0.17024234234837235, 'tumor_mean': 0.16181917158123557}
2026-04-28 12:53:52,567 [INFO]   Feature importance shape: (20, 10)
2026-04-28 12:53:52,567 [INFO]   Top feature: tumor_std (0.8396)
2026-04-28 12:53:52,567 [INFO] STEP 13 COMPLETE
2026-04-28 12:53:52,580 [INFO] <<< Step 13  — Feature importance DONE (1.2s)
2026-04-28 12:53:52,580 [INFO] >>> Step 14  — Gene ranking 
2026-04-28 12:53:52,584 [INFO] ============================================================
2026-04-28 12:53:52,584 [INFO] STEP 14 — GENE PREDICTION & RANKING
2026-04-28 12:53:52,584 [INFO] ============================================================
2026-04-28 12:53:52,675 [INFO]   Using PU bagging scores from step11b for gene ranking.
2026-04-28 12:53:52,686 [INFO]   PU bagging scores loaded: 10,986 genes.
2026-04-28 12:53:52,686 [INFO]   Score source: pu_bagging  |  novel threshold: 0.85
2026-04-28 12:53:52,714 [INFO]   Total: 10,986  Novel candidates (prob>=0.85): 203  Sensitivity list (prob>=0.5): 1,569
2026-04-28 12:53:52,714 [INFO]   Median positive (known) rank: 232
2026-04-28 12:53:52,714 [INFO]   Positive (known) in top-50:  50  top-100: 98  top-200: 190  top-500: 345
2026-04-28 12:53:52,714 [INFO]   Recall@50=0.1142  Recall@100=0.2237  Recall@200=0.4338  Recall@500=0.7877
2026-04-28 12:53:52,715 [INFO]   Precision@50=1.0000  Precision@100=0.9800
2026-04-28 12:53:53,117 [INFO]   High-confidence novel candidates saved: 203 genes (prob>=0.85)
2026-04-28 12:53:53,118 [INFO]   Sensitivity novel candidates saved:     1569 genes (prob>=0.5)
2026-04-28 12:53:53,119 [INFO]   Query gene rankings saved: 0 genes
2026-04-28 12:53:53,120 [INFO] STEP 14 COMPLETE
2026-04-28 12:53:53,122 [INFO] <<< Step 14  — Gene ranking DONE (0.5s)
2026-04-28 12:53:53,122 [INFO] >>> Step 15  — Network annotation 
2026-04-28 12:53:53,131 [INFO] ============================================================
2026-04-28 12:53:53,131 [INFO] STEP 15 — NETWORK ANNOTATION
2026-04-28 12:53:53,131 [INFO] ============================================================
2026-04-28 12:53:55,029 [INFO]   Graph: 10,986 nodes, 110,508 edges
2026-04-28 12:53:56,065 [INFO]   Positive edges: 108,468  Negative: 2,040
2026-04-28 12:54:01,147 [INFO]   LCGene nodes: 438  Novel: 203
2026-04-28 12:54:01,147 [INFO] STEP 15 COMPLETE
2026-04-28 12:54:01,167 [INFO] <<< Step 15  — Network annotation DONE (8.0s)
2026-04-28 12:54:01,167 [INFO] >>> Step 16  — Network export 
2026-04-28 12:54:01,171 [INFO] ============================================================
2026-04-28 12:54:01,171 [INFO] STEP 16 — NETWORK EXPORT
2026-04-28 12:54:01,171 [INFO] ============================================================
2026-04-28 12:54:04,078 [INFO]   Graph: 10,986 nodes, 110,508 edges
2026-04-28 12:54:09,274 [INFO]   GraphML saved: C:\Users\rahma\Downloads\gloom updated\trial\outputs\results\network\exports/network_full.graphml
2026-04-28 12:54:13,488 [INFO]   Full network exports complete.
2026-04-28 12:54:13,511 [INFO]   [top100] 100 nodes, 82 edges
2026-04-28 12:54:13,722 [INFO]   [lcgene] 438 nodes, 925 edges
2026-04-28 12:54:13,760 [INFO]   [novel] 203 nodes, 443 edges
2026-04-28 12:54:14,957 [INFO]   [candidates] 2475 nodes, 23112 edges
2026-04-28 12:54:19,350 [INFO] 
  Sub-networks:
2026-04-28 12:54:19,351 [INFO]     top100               nodes=  100  edges=     82
2026-04-28 12:54:19,351 [INFO]     lcgene               nodes=  438  edges=    925
2026-04-28 12:54:19,351 [INFO]     novel                nodes=  203  edges=    443
2026-04-28 12:54:19,352 [INFO]     candidates           nodes=2,475  edges= 23,112
2026-04-28 12:54:19,352 [INFO] STEP 16 COMPLETE
2026-04-28 12:54:19,377 [INFO] <<< Step 16  — Network export DONE (18.2s)
2026-04-28 12:54:19,378 [INFO] >>> Step 17  — Visualization 
2026-04-28 12:54:19,517 [INFO] ============================================================
2026-04-28 12:54:19,517 [INFO] STEP 17 — INTERACTIVE VISUALIZATION
2026-04-28 12:54:19,517 [INFO] ============================================================
2026-04-28 12:54:19,696 [INFO] [1] Volcano …
2026-04-28 12:54:20,047 [INFO]   Volcano saved: C:\Users\rahma\Downloads\gloom updated\trial\outputs\figures\interactive_volcano.html
2026-04-28 12:54:20,048 [INFO] [2] Ranking …
2026-04-28 12:54:20,271 [INFO]   Ranking plot saved: C:\Users\rahma\Downloads\gloom updated\trial\outputs\figures\interactive_ranking.html
2026-04-28 12:54:20,272 [INFO] [3] Network …
2026-04-28 12:54:20,409 [INFO]   Network plot saved: C:\Users\rahma\Downloads\gloom updated\trial\outputs\figures\interactive_network.html
2026-04-28 12:54:20,409 [INFO] [4] Feature importance …
2026-04-28 12:54:20,446 [INFO]   Feature importance saved: C:\Users\rahma\Downloads\gloom updated\trial\outputs\figures\interactive_feature_importance.html
2026-04-28 12:54:20,446 [INFO] [5] KEGG pathways …
2026-04-28 12:54:20,494 [INFO]   KEGG plot saved: C:\Users\rahma\Downloads\gloom updated\trial\outputs\figures\interactive_kegg.html
2026-04-28 12:54:20,494 [INFO] [6] Dashboard …
2026-04-28 12:54:20,580 [INFO]   Combined dashboard saved: C:\Users\rahma\Downloads\gloom updated\trial\outputs\figures\interactive_dashboard.html
2026-04-28 12:54:20,583 [INFO] STEP 17 COMPLETE
2026-04-28 12:54:20,586 [INFO] <<< Step 17  — Visualization DONE (1.2s)
2026-04-28 12:54:20,586 [INFO] >>> Step 18  — Final report 
2026-04-28 12:54:20,599 [INFO] ============================================================
2026-04-28 12:54:20,599 [INFO] STEP 18 — FINAL OUTPUTS & REPORTING
2026-04-28 12:54:20,599 [INFO] ============================================================
2026-04-28 12:54:20,600 [INFO] [1] Building summary table …
2026-04-28 12:54:21,136 [INFO]   Summary table: (10986, 29)
2026-04-28 12:54:21,136 [INFO] [2] Building text report …
2026-04-28 12:54:21,158 [ERROR]   Report failed: 'mcc'
2026-04-28 12:54:21,159 [INFO] [3] Building summary figure …
2026-04-28 12:54:21,931 [INFO]   Summary figure (PNG) saved: C:\Users\rahma\Downloads\gloom updated\trial\outputs\results\reports\pipeline_summary_figure.png
2026-04-28 12:54:22,600 [INFO]   Summary figure (PDF) saved: C:\Users\rahma\Downloads\gloom updated\trial\outputs\results\reports\pipeline_summary_figure.pdf
2026-04-28 12:54:22,602 [INFO] ============================================================
2026-04-28 12:54:22,602 [INFO] STEP 18 SUMMARY
2026-04-28 12:54:22,602 [INFO] ============================================================
2026-04-28 12:54:22,602 [INFO]   Summary table: C:\Users\rahma\Downloads\gloom updated\trial\outputs\results\reports/pipeline_summary_table.csv
2026-04-28 12:54:22,602 [INFO]   Text report  : C:\Users\rahma\Downloads\gloom updated\trial\outputs\results\reports/pipeline_report.txt
2026-04-28 12:54:22,602 [INFO]   Summary fig  : C:\Users\rahma\Downloads\gloom updated\trial\outputs\results\reports/pipeline_summary_figure.png
2026-04-28 12:54:22,602 [INFO] 
2026-04-28 12:54:22,603 [INFO]   Key deliverables:
2026-04-28 12:54:22,603 [INFO]     Gene rankings    : C:\Users\rahma\Downloads\gloom updated\trial\outputs\results\gene_rankings.csv
2026-04-28 12:54:22,603 [INFO]     Novel candidates : C:\Users\rahma\Downloads\gloom updated\trial\outputs\results/novel_candidates.csv
2026-04-28 12:54:22,603 [INFO]     Dashboard        : C:\Users\rahma\Downloads\gloom updated\trial\outputs\figures/interactive_dashboard.html
2026-04-28 12:54:22,603 [INFO] STEP 18 COMPLETE
2026-04-28 12:54:22,603 [INFO] <<< Step 18  — Final report DONE (2.0s)
2026-04-28 12:54:22,603 [INFO] >>> Step 19  — KEGG enrichment [optional]
2026-04-28 12:54:22,607 [INFO] ============================================================
2026-04-28 12:54:22,607 [INFO] STEP 19 — KEGG LUNG/CANCER PATHWAY ENRICHMENT
2026-04-28 12:54:22,607 [INFO] ============================================================
2026-04-28 12:54:22,610 [INFO]   Loaded 203 novel candidates
2026-04-28 12:54:22,613 [INFO]   Gene lists — all: 203  up: 199  down: 4
2026-04-28 12:54:22,744 [INFO]   [All candidates] Querying Enrichr (KEGG_2021_Human) with 203 genes …
2026-04-28 12:54:27,020 [INFO]   [All candidates] 45 pathways total -> 13 after lung/cancer filter
2026-04-28 12:54:27,023 [INFO]   [All candidates] Saved 13 lung/cancer pathways -> kegg_all_candidates.csv
2026-04-28 12:54:27,121 [INFO]   [All candidates] Bar-plot -> kegg_barplot_all_candidates.png
2026-04-28 12:54:27,237 [INFO]   [All candidates] Dot-plot -> kegg_dotplot_all_candidates.png
2026-04-28 12:54:27,237 [INFO]   [Upregulated] Querying Enrichr (KEGG_2021_Human) with 199 genes …
2026-04-28 12:54:29,306 [INFO]   [Upregulated] 45 pathways total -> 13 after lung/cancer filter
2026-04-28 12:54:29,309 [INFO]   [Upregulated] Saved 13 lung/cancer pathways -> kegg_upregulated.csv
2026-04-28 12:54:29,411 [INFO]   [Upregulated] Bar-plot -> kegg_barplot_upregulated.png
2026-04-28 12:54:29,531 [INFO]   [Upregulated] Dot-plot -> kegg_dotplot_upregulated.png
2026-04-28 12:54:29,532 [INFO]   [Downregulated] Querying Enrichr (KEGG_2021_Human) with 4 genes …
2026-04-28 12:54:32,395 [WARNING] <<< Step 19  — KEGG enrichment SKIPPED (KeyError: 'padj')
2026-04-28 12:54:32,397 [INFO] >>> Step 20  — Indep. validation [optional]
2026-04-28 12:54:32,401 [INFO] ============================================================
2026-04-28 12:54:32,401 [INFO] STEP 15 — INDEPENDENT COHORT VALIDATION
2026-04-28 12:54:32,401 [INFO] ============================================================
2026-04-28 12:54:32,401 [WARNING]   EXTERNAL_EXPR_FILE not configured or file not found.
  To enable independent validation:
    1. Obtain an external LUAD expression dataset (e.g. GEO GSE30219).
    2. Pre-process to a genes × samples CSV with Hugo Symbol row index.
    3. Set EXTERNAL_EXPR_FILE = '<path>' in config.py.
    4. Optionally set EXTERNAL_LABELS_FILE = '<path>' (gene,label CSV).
    5. Rerun step15.
  Step 15 skipped — no external data available.
2026-04-28 12:54:32,401 [INFO] <<< Step 20  — Indep. validation DONE (0.0s)
2026-04-28 12:54:32,401 [INFO] ======================================================================
2026-04-28 12:54:32,402 [INFO] EXECUTION SUMMARY
2026-04-28 12:54:32,402 [INFO] ======================================================================
2026-04-28 12:54:32,402 [INFO]   [ OK ]       Step 0   — Config                                    0.0s
2026-04-28 12:54:32,402 [INFO]   [ OK ]       Step 1   — Data loading                             39.8s
2026-04-28 12:54:32,402 [INFO]   [ OK ] [opt] Step 1b  — Batch correction                        177.5s
2026-04-28 12:54:32,402 [INFO]   [ OK ]       Step 2   — Preprocessing                            30.1s
2026-04-28 12:54:32,402 [INFO]   [ OK ]       Step 3   — Harmonization                            14.8s
2026-04-28 12:54:32,403 [INFO]   [ OK ]       Step 4   — Differential expr                         5.5s
2026-04-28 12:54:32,403 [INFO]   [ OK ]       Step 5   — Expr features                            16.9s
2026-04-28 12:54:32,403 [INFO]   [ OK ]       Step 6   — Tumor co-expr network                    10.3s
2026-04-28 12:54:32,403 [INFO]   [ OK ] [opt] Step 6b  — Normal co-expr network                   63.9s
2026-04-28 12:54:32,403 [INFO]   [ OK ]       Step 7   — Network features                        100.3s
2026-04-28 12:54:32,403 [INFO]   [ OK ] [opt] Step 7b  — Diff. network features                   60.5s
2026-04-28 12:54:32,403 [INFO]   [ OK ]       Step 8   — Feature integration                       1.0s
2026-04-28 12:54:32,403 [INFO]   [ OK ]       Step 9   — Label construction                        0.3s
2026-04-28 12:54:32,403 [INFO]   [ OK ]       Step 10  — Train/val split                           0.7s
2026-04-28 12:54:32,403 [INFO]   [ OK ]       Step 11  — Model training                          145.1s
2026-04-28 12:54:32,403 [INFO]   [ OK ] [opt] Step 11b — PU Bagging                               41.0s
2026-04-28 12:54:32,403 [INFO]   [ OK ]       Step 12  — Model evaluation                          2.1s
2026-04-28 12:54:32,403 [INFO]   [ OK ]       Step 13  — Feature importance                        1.2s
2026-04-28 12:54:32,404 [INFO]   [ OK ]       Step 14  — Gene ranking                              0.5s
2026-04-28 12:54:32,404 [INFO]   [ OK ]       Step 15  — Network annotation                        8.0s
2026-04-28 12:54:32,404 [INFO]   [ OK ]       Step 16  — Network export                           18.2s
2026-04-28 12:54:32,404 [INFO]   [ OK ]       Step 17  — Visualization                             1.2s
2026-04-28 12:54:32,404 [INFO]   [ OK ]       Step 18  — Final report                              2.0s
2026-04-28 12:54:32,404 [INFO]   [SKIP] [opt] Step 19  — KEGG enrichment                           9.8s
2026-04-28 12:54:32,404 [INFO]   [ OK ] [opt] Step 20  — Indep. validation                         0.0s
2026-04-28 12:54:32,404 [INFO]   Total: 750.5s (12.5 min)
2026-04-28 12:54:32,404 [INFO]   Pipeline COMPLETE.
2026-04-28 12:54:32,404 [INFO] ======================================================================
