gene,predicted_prob,rank,percentile,predicted_label,label,score_source,oof_score,full_model_score,is_training_positive,is_lcgene_gene,log2fc,pvalue_adj,neg_log10_padj,direction,is_de_significant,mean_tumor,mean_normal,is_query_gene,non_lcgene_candidate,non_lcgene_candidate_sens
ALOX15B,0.9789600000000004,3,99.98,1,0,crossfit_oof_pu_bagging,0.9789600000000004,0.9805666666666668,False,False,-1.7289653019421436,1.1845580840807337e-07,6.926443639054954,ns,False,4.867919483181061,6.596884785123204,False,True,True
C15ORF48,0.9735933333333336,8,99.94,1,0,crossfit_oof_pu_bagging,0.9735933333333336,0.9456333333333335,False,False,2.4312208179264587,2.255283369184547e-12,11.646798882636814,up,True,4.828910634536388,2.3976898166099314,False,True,True
AGR3,0.9690733333333338,18,99.86,1,0,crossfit_oof_pu_bagging,0.9690733333333338,0.9683666666666666,False,False,-1.783834181117234,1.450439821357709e-05,4.838500285333874,ns,False,5.940934495512978,7.724768676630211,False,True,True
DMBT1,0.9683866666666668,19,99.85,1,0,crossfit_oof_pu_bagging,0.9683866666666668,0.968533333333334,False,False,-2.165531354023845,5.354106022479558e-07,6.271313033126312,down,True,4.512228262478182,6.677759616502027,False,True,True
CX3CL1,0.9674400000000002,23,99.82,1,0,crossfit_oof_pu_bagging,0.9674400000000002,0.9509666666666664,False,False,-1.3932708554054158,1.8670261662141409e-07,6.728849595407761,ns,False,5.1426851913864,6.535956046791815,False,True,True
KRT17,0.9671933333333336,25,99.8,1,0,crossfit_oof_pu_bagging,0.9671933333333336,0.9398999999999992,False,False,1.36471249378342,0.0008724987764044,3.059235173424546,ns,False,5.318514759674876,3.953802265891453,False,True,True
CST6,0.96714,26,99.8,1,0,crossfit_oof_pu_bagging,0.96714,0.9464666666666676,False,False,-1.3943930157326252,9.489439755813268e-06,5.022759426997476,ns,False,5.015584168915487,6.409977184648112,False,True,True
QPCT,0.9666866666666672,28,99.78,1,0,crossfit_oof_pu_bagging,0.9666866666666672,0.9417,False,False,1.7638500582533214,2.6465134038785293e-10,9.577325902082409,ns,False,4.992564978710768,3.228714920457445,False,True,True
PPP1R14D,0.96658,29,99.77,1,0,crossfit_oof_pu_bagging,0.96658,0.9374666666666664,False,False,2.962744296651028,3.7431017001178077e-14,13.426768372939025,up,True,3.713965319283176,0.7512210226321466,False,True,True
COMP,0.9649533333333338,34,99.73,1,0,crossfit_oof_pu_bagging,0.9649533333333338,0.932266666666667,False,False,2.5248413262225675,5.03657784502757e-11,10.297864449233291,up,True,4.698181273415502,2.173339947192932,False,True,True
PODXL2,0.964766666666667,35,99.72,1,0,crossfit_oof_pu_bagging,0.964766666666667,0.943,False,False,2.517887006947685,9.577078123592737e-16,15.0187669698728,up,True,5.704879730801642,3.1869927238539573,False,True,True
SPINK1,0.9641600000000002,36,99.71,1,0,crossfit_oof_pu_bagging,0.9641600000000002,0.9169,False,False,3.610409681478696,3.2713904335183524e-11,10.485267620655309,up,True,5.38667802634749,1.7762683448687933,False,True,True
STEAP1,0.9635733333333342,40,99.68,1,0,crossfit_oof_pu_bagging,0.9635733333333342,0.927433333333334,False,False,2.5019282404610688,3.984169402622878e-17,16.39966220411876,up,True,5.396714886627165,2.894786646166096,False,True,True
MEX3A,0.9621200000000004,45,99.64,1,0,crossfit_oof_pu_bagging,0.9621200000000004,0.962966666666667,False,False,2.635231107143226,2.0433992842281427e-16,15.689646763081766,up,True,3.5056535213812534,0.8704224142380271,False,True,True
SYT7,0.9608000000000004,48,99.62,1,0,crossfit_oof_pu_bagging,0.9608000000000004,0.947133333333333,False,False,2.1017487373622483,9.515538777907349e-14,13.021566616557443,up,True,4.018368410158413,1.9166196727961649,False,True,True
DNAJC12,0.9601599999999998,50,99.6,1,0,crossfit_oof_pu_bagging,0.9601599999999998,0.9287000000000004,False,False,2.211383472215398,1.8929306165292338e-13,12.72286530437256,up,True,3.70873122086989,1.4973477486544915,False,True,True
KCNN4,0.9599200000000004,51,99.59,1,0,crossfit_oof_pu_bagging,0.9599200000000004,0.9478000000000004,False,False,2.921440522500069,4.586574969685426e-17,16.338511503354553,up,True,5.463262951633304,2.541822429133234,False,True,True
NRGN,0.9596133333333334,52,99.58,1,0,crossfit_oof_pu_bagging,0.9596133333333334,0.9342,False,False,-2.3500786797878,1.4498221172878318e-14,13.83868527929561,down,True,4.994206761018709,7.344285440806509,False,True,True
SPDEF,0.9590466666666672,53,99.57,1,0,crossfit_oof_pu_bagging,0.9590466666666672,0.9326333333333328,False,False,2.5593060720568133,1.2823043795824897e-13,12.892008874440544,up,True,5.5063656942159085,2.947059622159097,False,True,True
PHLDA2,0.9574666666666668,59,99.53,1,0,crossfit_oof_pu_bagging,0.9574666666666668,0.9349333333333332,False,False,2.143711276171653,1.4858457077007069e-12,11.828026285981352,up,True,6.263671735657888,4.119960459486235,False,True,True
C1ORF116,0.9562333333333336,64,99.48,1,0,crossfit_oof_pu_bagging,0.9562333333333336,0.9188333333333332,False,False,-1.5132148156283731,1.7869474288822944e-07,6.747888224037259,ns,False,6.228727855315403,7.741942670943777,False,True,True
ABCA3,0.9560133333333332,65,99.48,1,0,crossfit_oof_pu_bagging,0.9560133333333332,0.9170666666666664,False,False,-2.9095627473196544,3.7525947093908783e-16,15.425668338059564,down,True,5.791403184634941,8.7009659319546,False,True,True
GCNT3,0.9552133333333334,68,99.45,1,0,crossfit_oof_pu_bagging,0.9552133333333334,0.9474000000000004,False,False,2.563782043962944,7.615124187382967e-13,12.118323009799328,up,True,3.316909977174289,0.7531279332113444,False,True,True
MUC21,0.95358,72,99.42,1,0,crossfit_oof_pu_bagging,0.95358,0.9030666666666652,False,False,1.8199820849374688,9.109237012771512e-06,5.0405179978919925,ns,False,4.350316048364551,2.530333963427082,False,True,True
PGC,0.9531533333333336,74,99.4,1,0,crossfit_oof_pu_bagging,0.9531533333333336,0.9365999999999997,False,False,-3.5904794701494764,2.8458628432313676e-09,8.545786034632323,down,True,5.855877688925228,9.446357159074708,False,True,True
ANLN,0.9501333333333332,78,99.37,1,0,crossfit_oof_pu_bagging,0.9501333333333332,0.9590333333333328,False,False,2.916297259732304,4.460608524289936e-18,17.350605890006758,up,True,4.378522068073774,1.4622248083414695,False,True,True
CFD,0.9497533333333332,79,99.36,1,0,crossfit_oof_pu_bagging,0.9497533333333332,0.9308333333333332,False,False,-2.6691593501195383,3.633512999221768e-19,18.43967328174011,down,True,5.549006718379939,8.218166068499482,False,True,True
LRRK2,0.94952,80,99.35,1,0,crossfit_oof_pu_bagging,0.94952,0.9331999999999996,False,False,-2.970134941715322,1.6080522022778354e-17,16.79369985683557,down,True,3.627519169211186,6.5976541109265066,False,True,True
THBS2,0.9484199999999996,84,99.32,1,0,crossfit_oof_pu_bagging,0.9484199999999996,0.9512999999999996,False,False,2.887955419488005,2.2075245265317679e-16,15.65609446252809,up,True,5.406234870868006,2.51827945138,False,True,True
SLC26A9,0.9484133333333334,85,99.31,1,0,crossfit_oof_pu_bagging,0.9484133333333334,0.9285333333333324,False,False,-1.146516768197413,0.0009665079010548,3.014794591329671,ns,False,3.5881431490723315,4.734659917269742,False,True,True
SCNN1B,0.9474933333333332,92,99.26,1,0,crossfit_oof_pu_bagging,0.9474933333333332,0.9546,False,False,-1.8330155915300927,2.4503596045186748e-11,10.610770175717986,ns,False,4.658580656459277,6.49159624798937,False,True,True
PCSK1N,0.9467066666666668,93,99.25,1,0,crossfit_oof_pu_bagging,0.9467066666666668,0.8990999999999993,False,False,1.4369929602878893,1.0058668413203732e-05,4.997459508253692,ns,False,3.912212463512328,2.475219503224437,False,True,True
CHRDL1,0.9466266666666664,94,99.24,1,0,crossfit_oof_pu_bagging,0.9466266666666664,0.9348000000000004,False,False,-2.6172272353953137,1.0069425704534259e-16,15.99699529811213,down,True,3.6062683484687454,6.223495583864059,False,True,True
SCEL,0.9455333333333332,96,99.22,1,0,crossfit_oof_pu_bagging,0.9455333333333332,0.9224666666666672,False,False,-1.931761645537122,1.1869745299612991e-09,8.925558600014186,ns,False,4.784346727309454,6.716108372846578,False,True,True
CDC20,0.9438399999999996,101,99.18,1,0,crossfit_oof_pu_bagging,0.9438399999999996,0.913699999999999,False,False,3.268280165083881,4.434920711445957e-20,19.353114140181592,up,True,5.449042688212471,2.180762523128588,False,True,True
AOC1,0.943473333333333,103,99.17,1,0,crossfit_oof_pu_bagging,0.943473333333333,0.9471333333333336,False,False,2.3302405199987386,2.1075832796449983e-10,9.676215255528511,up,True,3.350804124906462,1.0205636049077236,False,True,True
KIF2C,0.9418400000000002,106,99.14,1,0,crossfit_oof_pu_bagging,0.9418400000000002,0.9214333333333324,False,False,2.6293423205710407,1.5232353166709421e-18,17.81723299959412,up,True,3.955578725733904,1.3262364051628632,False,True,True
MYH11,0.9416199999999992,108,99.12,1,0,crossfit_oof_pu_bagging,0.9416199999999992,0.938933333333334,False,False,-1.846234858664808,4.647903481968883e-12,11.332742899052224,ns,False,3.805139190198588,5.651374048863396,False,True,True
FNDC1,0.9414466666666664,109,99.12,1,0,crossfit_oof_pu_bagging,0.9414466666666664,0.9108666666666664,False,False,2.2019864378655085,1.0839310516765134e-10,9.964998342178411,up,True,4.252214415769849,2.050227977904341,False,True,True
PDLIM4,0.941413333333333,110,99.11,1,0,crossfit_oof_pu_bagging,0.941413333333333,0.9190333333333328,False,False,1.0503907963878736,1.4387066818085612e-05,4.842027739389762,ns,False,4.193090201863106,3.1426994054752324,False,True,True
ACKR1,0.9409799999999992,112,99.09,1,0,crossfit_oof_pu_bagging,0.9409799999999992,0.9285999999999998,False,False,-2.458533997011222,6.540010281287624e-13,12.184421568938276,down,True,3.878344738020151,6.336878735031374,False,True,True
ITGA11,0.940733333333333,113,99.08,1,0,crossfit_oof_pu_bagging,0.940733333333333,0.9193666666666668,False,False,2.303428273216027,8.70644668058878e-13,12.060159055311118,up,True,3.6507389682534974,1.3473106950374714,False,True,True
PROM2,0.9405999999999995,114,99.08,1,0,crossfit_oof_pu_bagging,0.9405999999999995,0.9500333333333332,False,False,2.234546406715588,2.5047950536274362e-17,16.60122780301827,up,True,5.332228907120562,3.097682500404976,False,True,True
NDNF,0.9404799999999998,116,99.06,1,0,crossfit_oof_pu_bagging,0.9404799999999998,0.9259999999999996,False,False,-2.3605017528816514,1.9984279398223253e-13,12.699311507099525,down,True,5.4281980074546565,7.78869976033631,False,True,True
MUC13,0.940426666666666,117,99.05,1,0,crossfit_oof_pu_bagging,0.940426666666666,0.8908666666666663,False,False,2.347409021909641,2.625222798659856e-07,6.58083383278279,up,True,3.0727009937217304,0.7252919718120882,False,True,True
SFRP2,0.9390399999999998,123,99.0,1,0,crossfit_oof_pu_bagging,0.9390399999999998,0.9039999999999994,False,False,1.4321720056997265,9.09255799944039e-05,4.041313919994826,ns,False,7.33848079425088,5.906308788551154,False,True,True
CPA3,0.9389399999999992,124,98.99,1,0,crossfit_oof_pu_bagging,0.9389399999999992,0.9227333333333332,False,False,-1.981816537234888,1.828353008568008e-13,12.737939949262968,ns,False,5.052439086446713,7.034255623681598,False,True,True
HS6ST2,0.9387133333333328,125,98.99,1,0,crossfit_oof_pu_bagging,0.9387133333333328,0.897599999999999,False,False,2.816484223220509,2.7436844090206737e-16,15.561665844606376,up,True,4.341265340482714,1.5247811172622046,False,True,True
FOSB,0.938686666666666,126,98.98,1,0,crossfit_oof_pu_bagging,0.938686666666666,0.9072333333333332,False,False,-3.5000856841546724,2.4545930544640504e-13,12.61002049899935,down,True,4.415153453132019,7.915239137286693,False,True,True
MT1A,0.938173333333333,128,98.96,1,0,crossfit_oof_pu_bagging,0.938173333333333,0.9260000000000004,False,False,-1.2927478793042513,1.7904414881321413e-05,4.747039867222062,ns,False,3.17634097495902,4.469088854263271,False,True,True
PCP4,0.937453333333333,131,98.94,1,0,crossfit_oof_pu_bagging,0.937453333333333,0.9205999999999992,False,False,2.062455118344058,2.7247709041944357e-08,7.564670006865058,up,True,3.017301039110014,0.9548459207659564,False,True,True
MUC15,0.9367599999999996,132,98.93,1,0,crossfit_oof_pu_bagging,0.9367599999999996,0.9240999999999996,False,False,-1.2021254341136531,2.8392910069958024e-05,4.5467900931185286,ns,False,3.403928281719649,4.606053715833303,False,True,True
ITGA2,0.9365199999999996,134,98.91,1,0,crossfit_oof_pu_bagging,0.9365199999999996,0.9175666666666656,False,False,1.351718583803448,3.811646460803268e-07,6.41888738800293,ns,False,5.350278345346814,3.998559761543366,False,True,True
SLAMF7,0.9363999999999996,135,98.9,1,0,crossfit_oof_pu_bagging,0.9363999999999996,0.9038333333333328,False,False,1.0293706955779545,4.745151749965241e-06,5.323749894275948,ns,False,4.736640858437262,3.7072701628593054,False,True,True
ADGRF1,0.9363466666666662,136,98.9,1,0,crossfit_oof_pu_bagging,0.9363466666666662,0.8803333333333331,False,False,1.3481804722921045,3.505495705511842e-05,4.455250560594212,ns,False,3.497408082570096,2.149227610277991,False,True,True
CRTAC1,0.9362733333333328,137,98.89,1,0,crossfit_oof_pu_bagging,0.9362733333333328,0.9281666666666673,False,False,-3.341957607042284,2.740667167234679e-19,18.56214370295379,down,True,3.7838202788728816,7.125777885915164,False,True,True
DPT,0.9353399999999994,140,98.86,1,0,crossfit_oof_pu_bagging,0.9353399999999994,0.9342333333333332,False,False,-1.2784757647247749,2.399415505680767e-07,6.619894538943768,ns,False,3.676818750061063,4.95529451478584,False,True,True
SLC22A3,0.9351999999999996,141,98.85,1,0,crossfit_oof_pu_bagging,0.9351999999999996,0.908633333333332,False,False,-1.4318500498700977,5.373161558698155e-07,6.269770100991651,ns,False,4.291474410616479,5.723324460486576,False,True,True
METTL7B,0.9350333333333332,143,98.84,1,0,crossfit_oof_pu_bagging,0.9350333333333332,0.9281,False,False,1.7215446373646652,4.545647823502679e-12,11.342404214505056,ns,False,4.515375003709596,2.7938303663449315,False,True,True
CHI3L2,0.9334666666666666,146,98.81,1,0,crossfit_oof_pu_bagging,0.9334666666666666,0.9289333333333332,False,False,-2.04401964441594,2.985464057655244e-13,12.524988152971886,down,True,3.502164740248575,5.546184384664512,False,True,True
CDC45,0.9330733333333328,147,98.81,1,0,crossfit_oof_pu_bagging,0.9330733333333328,0.9201333333333324,False,False,2.096468195533379,4.1135361202509993e-16,15.385784684876125,up,True,3.2056241343328287,1.1091559387994496,False,True,True
MMP11,0.9329133333333328,148,98.79,1,0,crossfit_oof_pu_bagging,0.9329133333333328,0.8923333333333323,False,False,4.341527536036862,1.2729825960509932e-20,19.895177533888123,up,True,5.577895667457248,1.2363681314203852,False,True,True
PDK4,0.932186666666666,151,98.77,1,0,crossfit_oof_pu_bagging,0.932186666666666,0.9106333333333324,False,False,-2.575737580286244,1.123098050957322e-22,21.949582326435937,down,True,4.594561553007426,7.1702991332936685,False,True,True
CEMIP,0.9319799999999994,152,98.76,1,0,crossfit_oof_pu_bagging,0.9319799999999994,0.9227333333333332,False,False,1.7323219286339808,2.054096006943324e-09,8.687379261658268,ns,False,4.511528775652512,2.779206847018532,False,True,True
ADAMDEC1,0.9318066666666668,154,98.75,1,0,crossfit_oof_pu_bagging,0.9318066666666668,0.893233333333333,False,False,1.7880989781340753,2.59973476653454e-09,8.585070957916209,ns,False,3.428211749186292,1.6401127710522163,False,True,True
KIF20A,0.9312199999999996,157,98.72,1,0,crossfit_oof_pu_bagging,0.9312199999999996,0.9027333333333322,False,False,2.5579501296770952,4.235885754471631e-20,19.373055761707057,up,True,4.005963954760191,1.4480138250830987,False,True,True
DLGAP5,0.9307666666666664,159,98.71,1,0,crossfit_oof_pu_bagging,0.9307666666666664,0.9320999999999996,False,False,2.686703334347264,2.8755635264693747e-19,18.541277033599084,up,True,3.756345281372352,1.0696419470250864,False,True,True
BPIFB1,0.9306466666666664,160,98.7,1,0,crossfit_oof_pu_bagging,0.9306466666666664,0.9037666666666666,False,False,-1.1932421198789025,0.0464924256223703,1.3326177950315825,ns,False,4.595547554720992,5.788789674599892,False,True,True
VSIG1,0.9304933333333332,163,98.67,1,0,crossfit_oof_pu_bagging,0.9304933333333332,0.8900333333333328,False,False,1.5086618104378984,0.0003214801961513,3.4928457753590085,ns,False,3.082650721687866,1.5739889112499676,False,True,True
CILP,0.9296999999999996,164,98.67,1,0,crossfit_oof_pu_bagging,0.9296999999999996,0.8959333333333325,False,False,1.6903364994197014,2.317955426435516e-09,8.63489491964042,ns,False,3.1395364728949664,1.4491999734752652,False,True,True
MELK,0.92956,167,98.64,1,0,crossfit_oof_pu_bagging,0.92956,0.940466666666666,False,False,2.658503127457686,4.468857175783696e-18,17.349803525124877,up,True,3.8412097969995753,1.1827066695418915,False,True,True
C2CD4A,0.9287666666666666,170,98.62,1,0,crossfit_oof_pu_bagging,0.9287666666666666,0.9173333333333336,False,False,2.1424029689559685,2.129982845750597e-13,12.671623894225984,up,True,2.9522336394014475,0.8098306704454792,False,True,True
CSF3R,0.9285599999999996,172,98.6,1,0,crossfit_oof_pu_bagging,0.9285599999999996,0.9117666666666666,False,False,-1.9390329543354576,7.683782787287133e-14,13.114424920699458,ns,False,3.6479403035468407,5.586973257882297,False,True,True
CD79A,0.9283799999999996,176,98.57,1,0,crossfit_oof_pu_bagging,0.9283799999999996,0.9072666666666666,False,False,1.8536279774355071,1.5810109884962967e-09,8.801065111581567,ns,False,5.687435556459608,3.833807579024103,False,True,True
TNFRSF18,0.92794,180,98.54,1,0,crossfit_oof_pu_bagging,0.92794,0.891866666666667,False,False,1.9467073024886568,8.288810869876015e-13,12.081507769774648,ns,False,4.0028805023432,2.056173199854542,False,True,True
NT5E,0.9275999999999994,183,98.51,1,0,crossfit_oof_pu_bagging,0.9275999999999994,0.8991666666666667,False,False,1.498327932910133,1.802304872013502e-08,7.7441717433048,ns,False,5.460374160735272,3.962046227825141,False,True,True
KRT6A,0.9271333333333336,186,98.49,1,0,crossfit_oof_pu_bagging,0.9271333333333336,0.8813666666666667,False,False,2.7118366163970333,8.450427597905493e-09,8.073121314871328,up,True,3.573445087072375,0.8616084706753407,False,True,True
TNNT1,0.9269999999999996,187,98.48,1,0,crossfit_oof_pu_bagging,0.9269999999999996,0.8716999999999994,False,False,1.6794433313992918,6.161994921435627e-06,5.210278663953741,ns,False,3.6976649203677527,2.0182215889684594,False,True,True
PKP2,0.92602,190,98.45,1,0,crossfit_oof_pu_bagging,0.92602,0.8890999999999994,False,False,1.0583738874262525,5.924826403470312e-05,4.227324369894972,ns,False,2.9036740285253733,1.8453001410991208,False,True,True
TESC,0.9259799999999998,191,98.45,1,0,crossfit_oof_pu_bagging,0.9259799999999998,0.9060333333333334,False,False,1.6743267032540132,4.831227959566105e-06,5.315942470017943,ns,False,5.303044652504803,3.628717949250791,False,True,True
C7,0.9247666666666662,195,98.41,1,0,crossfit_oof_pu_bagging,0.9247666666666662,0.9208999999999992,False,False,-2.241323882581707,2.635212764871196e-12,11.579184314463143,down,True,4.854638034078755,7.095961916660465,False,True,True
NCCRP1,0.924733333333333,196,98.4,1,0,crossfit_oof_pu_bagging,0.924733333333333,0.9032666666666664,False,False,1.58956019618698,1.521671465820568e-07,6.817679103138871,ns,False,2.493043744346225,0.9034835481592453,False,True,True
PKIB,0.9242999999999996,197,98.4,1,0,crossfit_oof_pu_bagging,0.9242999999999996,0.897899999999999,False,False,1.598219994664693,1.703524479811341e-07,6.768651621197604,ns,False,3.684873902269832,2.08665390760514,False,True,True
SHISA2,0.9237399999999996,198,98.39,1,0,crossfit_oof_pu_bagging,0.9237399999999996,0.9141333333333328,False,False,-1.160773245635469,1.7901152355796263e-05,4.747119011162287,ns,False,2.742213662472073,3.902986908107544,False,True,True
MYBL2,0.9234799999999996,200,98.37,1,0,crossfit_oof_pu_bagging,0.9234799999999996,0.8865666666666656,False,False,3.420135204673319,6.20969341535628e-19,18.206929841257534,up,True,5.426137141975439,2.0060019373021207,False,True,True
SPAG5,0.923133333333333,201,98.36,1,0,crossfit_oof_pu_bagging,0.923133333333333,0.9041666666666656,False,False,2.209751303178862,6.128150222530434e-17,16.21267059715868,up,True,3.7379425783767575,1.528191275197895,False,True,True
CYP4B1,0.9230333333333328,204,98.34,1,0,crossfit_oof_pu_bagging,0.9230333333333328,0.9357666666666664,False,False,-4.463207072774587,1.138992199782267e-18,17.943479250111523,down,True,4.541155645473357,9.004362718247943,False,True,True
COL17A1,0.9221266666666664,208,98.31,1,0,crossfit_oof_pu_bagging,0.9221266666666664,0.8879999999999986,False,False,2.436335321225376,7.39329090891825e-10,9.131162204981663,up,True,3.510688128540697,1.0743528073153237,False,True,True
DDIT4,0.9216199999999992,210,98.29,1,0,crossfit_oof_pu_bagging,0.9216199999999992,0.9090999999999996,False,False,1.179526034384324,1.0798202414288093e-08,7.9666485358586225,ns,False,6.328350211658755,5.148824177274434,False,True,True
UHRF1,0.9212399999999998,212,98.27,1,0,crossfit_oof_pu_bagging,0.9212399999999998,0.889133333333333,False,False,2.3543385543892525,8.650670154936881e-18,17.062950247064965,up,True,3.2997150271842286,0.945376472794975,False,True,True
KRT80,0.9211866666666664,213,98.27,1,0,crossfit_oof_pu_bagging,0.9211866666666664,0.909766666666666,False,False,2.177617360850629,1.6971514184628308e-13,12.7702794085549,up,True,5.296143006308946,3.118525645458317,False,True,True
MT1M,0.920726666666666,215,98.25,1,0,crossfit_oof_pu_bagging,0.920726666666666,0.9216333333333327,False,False,-2.513798718204688,4.295522896846871e-18,17.366983961659827,down,True,3.7862815877756977,6.300080305980384,False,True,True
CCN4,0.9200733333333329,216,98.24,1,0,crossfit_oof_pu_bagging,0.9200733333333329,0.8920666666666658,False,False,1.9816148514044745,1.0602710725770743e-16,15.97458308730683,ns,False,3.796792911091255,1.81517805968678,False,True,True
GGTLC1,0.9199799999999996,217,98.23,1,0,crossfit_oof_pu_bagging,0.9199799999999996,0.9396,False,False,-3.200020798915402,2.1107502389484667e-15,14.675563152890229,down,True,3.244913134692537,6.44493393360794,False,True,True
ID4,0.919826666666666,219,98.22,1,0,crossfit_oof_pu_bagging,0.919826666666666,0.8869999999999999,False,False,-2.28597618855562,3.890445722784053e-18,17.41000063932819,down,True,3.8628088056710266,6.148784994226646,False,True,True
EDN2,0.9177466666666664,224,98.18,1,0,crossfit_oof_pu_bagging,0.9177466666666664,0.8918999999999992,False,False,1.5111442599302574,1.895061675196456e-09,8.722376651257058,ns,False,3.101683821787073,1.5905395618568163,False,True,True
CENPF,0.9170999999999994,225,98.17,1,0,crossfit_oof_pu_bagging,0.9170999999999994,0.9099999999999993,False,False,2.523946044796283,3.0660083624919804e-17,16.51342666494832,up,True,3.745741612633056,1.2217955678367711,False,True,True
SLC7A11,0.9170599999999997,226,98.16,1,0,crossfit_oof_pu_bagging,0.9170599999999997,0.9061666666666666,False,False,1.8030620903664505,3.78601241775291e-10,9.42181796592618,ns,False,3.05378544995711,1.2507233595906586,False,True,True
GNLY,0.9170133333333328,227,98.15,1,0,crossfit_oof_pu_bagging,0.9170133333333328,0.8846666666666666,False,False,-1.024967740590801,0.0001096937658134,3.959818053826802,ns,False,3.285368371974147,4.31033611256495,False,True,True
RCN3,0.9168599999999996,228,98.14,1,0,crossfit_oof_pu_bagging,0.9168599999999996,0.8797333333333334,False,False,1.4546151708808723,1.965233767165684e-09,8.706585782310604,ns,False,6.038851773631302,4.584236602750432,False,True,True
LIFR,0.9161799999999996,230,98.13,1,0,crossfit_oof_pu_bagging,0.9161799999999996,0.895933333333333,False,False,-1.8447191174514064,1.7304378034996453e-15,14.761844005778883,ns,False,3.8900077970900457,5.734726914541453,False,True,True
ANOS1,0.9159599999999992,231,98.12,1,0,crossfit_oof_pu_bagging,0.9159599999999992,0.889666666666666,False,False,-2.628163237933285,1.0927858657962414e-21,20.961464930835305,down,True,4.022224017060701,6.650387254993985,False,True,True
MRC1,0.9155333333333328,232,98.11,1,0,crossfit_oof_pu_bagging,0.9155333333333328,0.9247,False,False,-2.464488579192547,1.0961718029861242e-15,14.960121373551022,down,True,5.602942483783011,8.067431062975558,False,True,True
PLEK2,0.9155199999999992,233,98.1,1,0,crossfit_oof_pu_bagging,0.9155199999999992,0.9089999999999996,False,False,2.37336040692071,1.0706760840157793e-18,17.970341898170833,up,True,5.158288708675854,2.7849283017551425,False,True,True
ALG1L,0.9154733333333328,234,98.09,1,0,crossfit_oof_pu_bagging,0.9154733333333328,0.8781666666666662,False,False,2.120501319114611,5.0710008605635595e-12,11.294906315751088,up,True,3.5395180089052483,1.419016689790637,False,True,True
APOH,0.9152866666666662,237,98.07,1,0,crossfit_oof_pu_bagging,0.9152866666666662,0.9018,False,False,-1.5501798311893138,6.060985893000488e-07,6.21745672681315,ns,False,2.5277877141444995,4.077967545333813,False,True,True
CES1,0.915053333333333,238,98.06,1,0,crossfit_oof_pu_bagging,0.915053333333333,0.8850333333333323,False,False,-2.720062959141151,3.5008785466434765e-18,17.455822955626708,down,True,5.487436609952368,8.20749956909352,False,True,True
GPX2,0.9149266666666662,239,98.05,1,0,crossfit_oof_pu_bagging,0.9149266666666662,0.8541666666666669,False,False,2.4261209736465315,3.469472073936376e-06,5.459736603831328,up,True,4.446480958115364,2.020359984468832,False,True,True
SLC6A20,0.9148933333333328,241,98.04,1,0,crossfit_oof_pu_bagging,0.9148933333333328,0.8689666666666661,False,False,-1.0545865548077304,0.0004133559046523,3.3836758542388568,ns,False,1.6592774767434717,2.713864031551202,False,True,True
FLRT3,0.9143666666666664,242,98.03,1,0,crossfit_oof_pu_bagging,0.9143666666666664,0.9076666666666656,False,False,-2.354529452362629,2.8903560661051547e-14,13.539048652738508,down,True,4.21190267073183,6.56643212309446,False,True,True
FDCSP,0.9141333333333332,243,98.02,1,0,crossfit_oof_pu_bagging,0.9141333333333332,0.8676333333333326,False,False,2.092271204389117,4.971114273220504e-07,6.303546253425338,up,True,3.730912971371496,1.6386417669823796,False,True,True
SERPINE2,0.914066666666666,244,98.01,1,0,crossfit_oof_pu_bagging,0.914066666666666,0.912799999999999,False,False,1.304570997657805,6.290326618589278e-07,6.201326803685371,ns,False,3.7262247822608536,2.421653784603047,False,True,True
AADAC,0.913993333333333,245,98.0,1,0,crossfit_oof_pu_bagging,0.913993333333333,0.884933333333333,False,False,-2.4570599473693653,1.675337065392385e-13,12.775897803007368,down,True,1.9857442804306475,4.442804227800013,False,True,True
ARSL,0.913826666666666,246,98.0,1,0,crossfit_oof_pu_bagging,0.913826666666666,0.8656333333333329,False,False,1.0398907959006576,2.387347929029892e-05,4.622084282859013,ns,False,4.156260702804361,3.1163699069037047,False,True,True
TPSAB1,0.9137399999999994,247,97.99,1,0,crossfit_oof_pu_bagging,0.9137399999999994,0.910366666666666,False,False,-1.9667797871894093,1.2623453996521932e-14,13.8988217983097,ns,False,4.568916972949293,6.535696760138703,False,True,True
SLC1A1,0.9132799999999992,248,97.98,1,0,crossfit_oof_pu_bagging,0.9132799999999992,0.9123999999999984,False,False,-2.4749968957020134,1.0655977080339454e-18,17.972406722285335,down,True,3.6382665680236927,6.113263463725704,False,True,True
AK4,0.9127533333333334,249,97.97,1,0,crossfit_oof_pu_bagging,0.9127533333333334,0.8923999999999999,False,False,1.906157048173384,4.035927382104655e-12,11.394056656566685,ns,False,3.4286956541227727,1.52253860594939,False,True,True
VCAN,0.912453333333333,250,97.96,1,0,crossfit_oof_pu_bagging,0.912453333333333,0.9205333333333334,False,False,1.758369956980738,8.181533747381685e-11,10.087165273885434,ns,False,5.6566886085128205,3.898318651532082,False,True,True
ANKRD22,0.9119599999999992,251,97.95,1,0,crossfit_oof_pu_bagging,0.9119599999999992,0.896899999999999,False,False,2.326500330917184,1.6877034645750508e-17,16.772703858072898,up,True,4.272084478941114,1.9455841480239275,False,True,True
HMMR,0.9115799999999996,252,97.95,1,0,crossfit_oof_pu_bagging,0.9115799999999996,0.9022333333333328,False,False,2.2792348407722973,2.520076937020614e-19,18.5985862001655,up,True,3.493004123202047,1.21376928242975,False,True,True
EPHB2,0.9113199999999994,253,97.94,1,0,crossfit_oof_pu_bagging,0.9113199999999994,0.9188999999999996,False,False,1.7324934689280438,2.106342115669e-14,13.676471088572972,ns,False,3.355159337816973,1.6226658688889295,False,True,True
CST2,0.9112399999999996,254,97.93,1,0,crossfit_oof_pu_bagging,0.9112399999999996,0.8811333333333334,False,False,1.4420744955027935,8.754588259345313e-07,6.057764274583304,ns,False,2.6311106318360853,1.189036136333293,False,True,True
AKAP12,0.9111399999999996,255,97.92,1,0,crossfit_oof_pu_bagging,0.9111399999999996,0.8934666666666657,False,False,-1.228290159490109,3.433068652374748e-06,5.464317511736089,ns,False,4.03153492193282,5.259825081422928,False,True,True
ARNTL2,0.9107399999999994,257,97.91,1,0,crossfit_oof_pu_bagging,0.9107399999999994,0.901566666666666,False,False,1.8275536847585336,4.45981154755861e-13,12.350683492315786,ns,False,3.77577223602886,1.9482185512703256,False,True,True
ATOH8,0.9105599999999996,258,97.9,1,0,crossfit_oof_pu_bagging,0.9105599999999996,0.9335999999999994,False,False,-2.539361725762548,3.4612167729418588e-15,14.460771200375229,down,True,2.655331233294425,5.194692959056973,False,True,True
IL4I1,0.9105466666666662,259,97.89,1,0,crossfit_oof_pu_bagging,0.9105466666666662,0.8777999999999994,False,False,1.6439154324079956,5.1497568868710086e-12,11.288213272936009,ns,False,4.293478500262792,2.649563067854796,False,True,True
TMPRSS2,0.9104999999999996,261,97.87,1,0,crossfit_oof_pu_bagging,0.9104999999999996,0.9126999999999992,False,False,-1.4794334119593444,3.5473461423774925e-08,7.450096431942511,ns,False,5.028462588460152,6.507896000419492,False,True,True
MZB1,0.9103266666666664,262,97.86,1,0,crossfit_oof_pu_bagging,0.9103266666666664,0.8789,False,False,1.738587158238528,4.6344753408653184e-09,8.333999424294925,ns,False,5.255798493540129,3.5172113353015986,False,True,True
GJB3,0.9093733333333331,263,97.86,1,0,crossfit_oof_pu_bagging,0.9093733333333331,0.8672666666666661,False,False,1.9013483596270813,2.3886607905943574e-08,7.621845519246639,ns,False,3.3334985392541188,1.4321501796270375,False,True,True
SMPDL3B,0.9093599999999996,264,97.85,1,0,crossfit_oof_pu_bagging,0.9093599999999996,0.8993999999999996,False,False,1.5406115691537976,4.579662161397083e-14,13.339166558426845,ns,False,5.354085192531203,3.813473623377406,False,True,True
WFDC3,0.908406666666666,270,97.8,1,0,crossfit_oof_pu_bagging,0.908406666666666,0.9309333333333328,False,False,1.8095101854291624,1.5860965875709598e-11,10.799670369242982,ns,False,2.751564307334253,0.9420541219050906,False,True,True
INAVA,0.908346666666666,271,97.79,1,0,crossfit_oof_pu_bagging,0.908346666666666,0.8916333333333332,False,False,1.8517609350133173,9.921534667315565e-16,15.003421145789671,ns,False,4.599438427194864,2.747677492181545,False,True,True
APOC1,0.9082466666666664,272,97.78,1,0,crossfit_oof_pu_bagging,0.9082466666666664,0.8737333333333324,False,False,-1.6765147383885293,3.039507514190626e-11,10.517196778626804,ns,False,6.101388196171369,7.777902934559897,False,True,True
HGD,0.9074000000000002,275,97.76,1,0,crossfit_oof_pu_bagging,0.9074000000000002,0.8933000000000006,False,False,1.5686269282847758,1.0120107102980998e-06,5.994814891252394,ns,False,3.148561204241185,1.579934275956411,False,True,True
MAB21L4,0.9071333333333332,276,97.75,1,0,crossfit_oof_pu_bagging,0.9071333333333332,0.8898666666666663,False,False,-1.6413559351205842,1.0199808537445012e-10,9.991407980386272,ns,False,3.543941036785238,5.185296971905822,False,True,True
DES,0.9069666666666664,277,97.74,1,0,crossfit_oof_pu_bagging,0.9069666666666664,0.9052666666666668,False,False,-3.359377495179974,1.0755509863694704e-21,20.9683689971091,down,True,3.03390209576226,6.393279590942234,False,True,True
ADM2,0.9069066666666664,278,97.73,1,0,crossfit_oof_pu_bagging,0.9069066666666664,0.8710666666666664,False,False,2.391193537346131,2.5359237444885912e-20,19.59586380987774,up,True,3.4447143765881325,1.053520839242002,False,True,True
CDC6,0.90614,282,97.7,1,0,crossfit_oof_pu_bagging,0.90614,0.8930000000000005,False,False,2.360707695227765,2.55171077011397e-18,17.59316855332943,up,True,3.515947287535665,1.1552395923079002,False,True,True
LRRC15,0.9058799999999996,285,97.68,1,0,crossfit_oof_pu_bagging,0.9058799999999996,0.8783666666666669,False,False,2.0275793192283897,2.108642042371515e-09,8.67599713871344,up,True,3.749419135846396,1.7218398166180056,False,True,True
CPXM1,0.9056999999999996,286,97.67,1,0,crossfit_oof_pu_bagging,0.9056999999999996,0.8986333333333328,False,False,2.247428294431877,3.230158599942702e-13,12.490776153399874,up,True,4.454120764714141,2.206692470282265,False,True,True
NUF2,0.9049533333333328,287,97.66,1,0,crossfit_oof_pu_bagging,0.9049533333333328,0.881833333333333,False,False,2.3839531834684955,4.905623792412305e-18,17.309305760480253,up,True,3.3241621967894392,0.9402090133209442,False,True,True
FIBIN,0.9048866666666664,289,97.64,1,0,crossfit_oof_pu_bagging,0.9048866666666664,0.8748666666666658,False,False,-1.819569914107373,4.584942402893948e-12,11.33866611566734,ns,False,3.512225137758287,5.33179505186566,False,True,True
CP,0.9045266666666664,291,97.63,1,0,crossfit_oof_pu_bagging,0.9045266666666664,0.8826666666666659,False,False,2.65586511406054,2.805258625000353e-10,9.552027093683096,up,True,6.182660393242502,3.526795279181964,False,True,True
RAMP1,0.9037733333333328,293,97.61,1,0,crossfit_oof_pu_bagging,0.9037733333333328,0.9001666666666658,False,False,1.6173724045024391,5.339882258557017e-13,12.272468318818394,ns,False,5.991964266375693,4.374591861873253,False,True,True
TPPP,0.9036599999999992,294,97.6,1,0,crossfit_oof_pu_bagging,0.9036599999999992,0.8972333333333324,False,False,-2.180390195668569,1.1312643504135692e-14,13.946435898601417,down,True,2.7515744364514148,4.931964632119984,False,True,True
TUBB2B,0.9035599999999996,296,97.59,1,0,crossfit_oof_pu_bagging,0.9035599999999996,0.8989,False,False,1.8210545488447325,1.236183871015556e-07,6.907916927120701,ns,False,3.010658212777301,1.1896036639325689,False,True,True
AURKA,0.9034666666666664,298,97.57,1,0,crossfit_oof_pu_bagging,0.9034666666666664,0.8759666666666666,False,False,2.075073453472942,8.118357380510092e-17,16.0905318343975,up,True,4.4555056827263,2.380432229253359,False,True,True
PRRX2,0.903393333333333,299,97.56,1,0,crossfit_oof_pu_bagging,0.903393333333333,0.8496999999999995,False,False,1.4178343191850415,8.16227682002919e-08,7.0881886804065966,ns,False,3.324753168447602,1.9069188492625595,False,True,True
RBP4,0.9029799999999996,301,97.55,1,0,crossfit_oof_pu_bagging,0.9029799999999996,0.922233333333333,False,False,-2.936784666280381,2.3082669771451364e-17,16.636713961549496,down,True,2.8382752186887723,5.775059884969153,False,True,True
ERN2,0.9028533333333328,302,97.54,1,0,crossfit_oof_pu_bagging,0.9028533333333328,0.8898666666666666,False,False,1.0062168808498368,0.0029434015048537,2.5311504924199184,ns,False,2.393632760014012,1.3874158791641755,False,True,True
LAMP3,0.9025133333333328,304,97.52,1,0,crossfit_oof_pu_bagging,0.9025133333333328,0.916433333333333,False,False,-3.2733801274848933,2.978532538272556e-20,19.52599765119212,down,True,5.914808202318314,9.188188329803207,False,True,True
OLR1,0.9022399999999996,306,97.5,1,0,crossfit_oof_pu_bagging,0.9022399999999996,0.8717666666666669,False,False,-2.841262091983892,2.651849468876929e-18,17.576451132111742,down,True,4.745388152727984,7.586650244711877,False,True,True
FAXDC2,0.9017733333333332,308,97.49,1,0,crossfit_oof_pu_bagging,0.9017733333333332,0.8401666666666667,False,False,-1.5453428620095848,1.869455647368576e-11,10.728284833976774,ns,False,3.905393688075191,5.450736550084775,False,True,True
LRRN4,0.90148,310,97.47,1,0,crossfit_oof_pu_bagging,0.90148,0.8883,False,False,-1.8139879269841503,4.2628841181533444e-08,7.370296473013339,ns,False,3.6695379449537273,5.483525871937875,False,True,True
FCN3,0.90116,312,97.46,1,0,crossfit_oof_pu_bagging,0.90116,0.8669666666666658,False,False,-4.622417693140439,8.961104451058315e-22,21.04763846048964,down,True,3.087626961053131,7.710044654193568,False,True,True
SERPINA1,0.9010533333333326,313,97.45,1,0,crossfit_oof_pu_bagging,0.9010533333333326,0.8934333333333331,False,False,-1.2513779538906946,1.000207744158899e-05,4.999909787228407,ns,False,8.390259053539925,9.64163700743062,False,True,True
MAMDC2,0.8999333333333329,319,97.4,1,0,crossfit_oof_pu_bagging,0.8999333333333329,0.9093666666666652,False,False,-2.782377985417785,2.0106736779459944e-21,20.69665840745744,down,True,2.765724297216811,5.548102282634594,False,True,True
SCTR,0.8983133333333331,324,97.36,1,0,crossfit_oof_pu_bagging,0.8983133333333331,0.8824333333333332,False,False,-1.8241332233862424,1.105741208809354e-08,7.956346504801012,ns,False,2.6787654040473607,4.502898627433602,False,True,True
NKG7,0.8979666666666664,326,97.34,1,0,crossfit_oof_pu_bagging,0.8979666666666664,0.8841999999999995,False,False,-1.387557971130008,1.1121993918724131e-08,7.953817346722279,ns,False,4.822588125172517,6.210146096302524,False,True,True
COL5A2,0.897913333333333,327,97.33,1,0,crossfit_oof_pu_bagging,0.897913333333333,0.893699999999999,False,False,2.2228409627025125,1.1022373113563096e-13,12.957724891947914,up,True,6.534107864570794,4.311266901868282,False,True,True
HSD17B6,0.8976266666666662,328,97.32,1,0,crossfit_oof_pu_bagging,0.8976266666666662,0.8952666666666662,False,False,-3.063523654923445,3.643980858234181e-19,18.43842391303414,down,True,4.183556132381385,7.24707978730483,False,True,True
AHNAK2,0.8975733333333331,329,97.32,1,0,crossfit_oof_pu_bagging,0.8975733333333331,0.8561666666666664,False,False,1.3482172960306502,2.38593144428446e-07,6.622342039205787,ns,False,3.58203783953446,2.2338205435038097,False,True,True
SCG5,0.8974,331,97.3,1,0,crossfit_oof_pu_bagging,0.8974,0.8662000000000002,False,False,1.8172429944302373,5.0337730500755264e-11,10.298106368708536,ns,False,3.326066657464447,1.5088236630342085,False,True,True
IRX2,0.8961466666666663,335,97.27,1,0,crossfit_oof_pu_bagging,0.8961466666666663,0.9196,False,False,-2.33813330942854,3.5309461362012826e-13,12.45210890745219,down,True,3.573783803190278,5.911917112618816,False,True,True
AQP1,0.8951799999999996,338,97.24,1,0,crossfit_oof_pu_bagging,0.8951799999999996,0.8952999999999998,False,False,-2.3047602510343297,1.455767695055962e-12,11.836907922278872,down,True,7.73259997441756,10.03736022545189,False,True,True
SDR16C5,0.8951799999999996,338,97.24,1,0,crossfit_oof_pu_bagging,0.8951799999999996,0.8881333333333333,False,False,-1.0366002670105774,9.754585055665664e-05,4.010791200064187,ns,False,5.406315745580401,6.442916012590977,False,True,True
FAM167A,0.8950799999999995,340,97.23,1,0,crossfit_oof_pu_bagging,0.8950799999999995,0.8830333333333334,False,False,-2.04972620896979,1.293899569864642e-13,12.888099431508328,down,True,2.83432454401176,4.8840507529815484,False,True,True
NCAPG,0.8949933333333329,341,97.22,1,0,crossfit_oof_pu_bagging,0.8949933333333329,0.8507666666666668,False,False,2.151371566838895,5.102100478847848e-16,15.292250992809828,up,True,3.0913317730173016,0.9399602061784073,False,True,True
MDFI,0.8947199999999997,343,97.2,1,0,crossfit_oof_pu_bagging,0.8947199999999997,0.8910333333333333,False,False,1.1653745725491442,4.573061610868879e-07,6.339792947519355,ns,False,4.729030485009099,3.5636559124599545,False,True,True
TCN1,0.8941399999999998,344,97.19,1,0,crossfit_oof_pu_bagging,0.8941399999999998,0.8610999999999998,False,False,2.511664857605541,3.041605980138904e-08,7.516897046606074,up,True,3.0626143424743435,0.550949484868803,False,True,True
NDC80,0.8934466666666662,349,97.15,1,0,crossfit_oof_pu_bagging,0.8934466666666662,0.8938666666666664,False,False,2.097340655375536,5.550962322156668e-17,16.255631720485646,up,True,3.243901778718361,1.1465611233428257,False,True,True
FSCN1,0.8933133333333327,351,97.14,1,0,crossfit_oof_pu_bagging,0.8933133333333327,0.8750999999999991,False,False,1.0150089562943254,2.3281455157622627e-05,4.632989878524919,ns,False,6.595320490240584,5.580311533946259,False,True,True
GBP4,0.892973333333333,352,97.13,1,0,crossfit_oof_pu_bagging,0.892973333333333,0.8890333333333329,False,False,-1.465885233004809,1.917129924794647e-09,8.717348453783732,ns,False,4.735462118785275,6.201347351790086,False,True,True
P3H2,0.8927866666666666,355,97.1,1,0,crossfit_oof_pu_bagging,0.8927866666666666,0.8897999999999996,False,False,-2.600074726642285,9.054988755678526e-18,17.04311208464863,down,True,3.521888172614841,6.121962899257126,False,True,True
SLC29A4,0.8916666666666664,361,97.05,1,0,crossfit_oof_pu_bagging,0.8916666666666664,0.9101999999999992,False,False,1.6603590231034109,2.777282089809714e-11,10.556380006520593,ns,False,3.140873640339457,1.4805146172360475,False,True,True
GGT6,0.8913533333333328,363,97.04,1,0,crossfit_oof_pu_bagging,0.8913533333333328,0.878566666666666,False,False,-1.1868156915822237,7.732602248052115e-06,5.11167432861916,ns,False,2.7694507482858985,3.956266439868122,False,True,True
ARHGAP40,0.8910599999999997,366,97.01,1,0,crossfit_oof_pu_bagging,0.8910599999999997,0.8622666666666657,False,False,1.9133178952656555,3.969599341991077e-12,11.401253325061404,ns,False,2.701950329060161,0.7886324337945043,False,True,True
PRSS2,0.8898666666666666,370,96.98,1,0,crossfit_oof_pu_bagging,0.8898666666666666,0.8381333333333331,False,False,2.238404022002652,4.448980183144292e-06,5.35173952870245,up,True,2.9106084412675584,0.6722044192649079,False,True,True
PODNL1,0.889833333333333,371,96.97,1,0,crossfit_oof_pu_bagging,0.889833333333333,0.8732666666666662,False,False,1.723284509376645,6.918622421502652e-13,12.159980370037111,ns,False,3.122768664309499,1.3994841549328547,False,True,True
SIX2,0.8896199999999996,373,96.96,1,0,crossfit_oof_pu_bagging,0.8896199999999996,0.8619333333333329,False,False,1.1265809910983755,3.421358123176486e-05,4.465801464610852,ns,False,2.0116075762153947,0.8850265851170189,False,True,True
CAVIN2,0.889493333333333,374,96.95,1,0,crossfit_oof_pu_bagging,0.889493333333333,0.872033333333333,False,False,-3.308615768533095,1.984399583036924e-24,23.702370872890025,down,True,5.149610777839315,8.458226546372408,False,True,True
BMP5,0.8884933333333329,380,96.9,1,0,crossfit_oof_pu_bagging,0.8884933333333329,0.8555666666666667,False,False,-1.5910489664580698,2.5840542303339862e-11,10.587698376246744,ns,False,2.993847050084576,4.584896016542646,False,True,True
ASPHD1,0.8878533333333329,383,96.87,1,0,crossfit_oof_pu_bagging,0.8878533333333329,0.8543999999999996,False,False,1.5304406160973192,6.731962746585333e-10,9.17185829599348,ns,False,3.165530300020557,1.6350896839232374,False,True,True
CBLC,0.887473333333333,384,96.87,1,0,crossfit_oof_pu_bagging,0.887473333333333,0.8646666666666663,False,False,2.5451695256934017,7.128815641965697e-19,18.14698261641512,up,True,4.951053554754591,2.405884029061188,False,True,True
HJURP,0.8873866666666667,385,96.86,1,0,crossfit_oof_pu_bagging,0.8873866666666667,0.8439666666666661,False,False,2.4982804968142025,1.9513530966965857e-17,16.709664138051952,up,True,3.3915464331750163,0.8932659363608145,False,True,True
EPHX4,0.8869066666666663,387,96.84,1,0,crossfit_oof_pu_bagging,0.8869066666666663,0.869533333333333,False,False,1.847469551453954,1.5289899040589842e-13,12.81559538223055,ns,False,2.732489267456453,0.8850197160025002,False,True,True
SPINK2,0.8867066666666663,388,96.83,1,0,crossfit_oof_pu_bagging,0.8867066666666663,0.8680999999999996,False,False,1.0187851291944785,7.625582560966823e-06,5.117726972525588,ns,False,1.7403051884477516,0.7215200592532736,False,True,True
FPR1,0.8866199999999995,390,96.82,1,0,crossfit_oof_pu_bagging,0.8866199999999995,0.8478000000000002,False,False,-1.4205842392989352,2.367545857999194e-14,13.625701600209329,ns,False,4.289338266497528,5.70992250579646,False,True,True
PIMREG,0.8857399999999995,394,96.78,1,0,crossfit_oof_pu_bagging,0.8857399999999995,0.8505666666666667,False,False,2.003415286600991,4.627167293308539e-16,15.334684798479929,up,True,2.823241901151236,0.8198266145502442,False,True,True
FBXO32,0.8853266666666663,396,96.77,1,0,crossfit_oof_pu_bagging,0.8853266666666663,0.9128999999999996,False,False,1.8083602171117603,2.077787213517407e-13,12.682398930660948,ns,False,4.78609812599117,2.9777379088794094,False,True,True
POF1B,0.884893333333333,399,96.74,1,0,crossfit_oof_pu_bagging,0.884893333333333,0.8433999999999995,False,False,1.064168699442572,6.118574505311202e-05,4.213349747231617,ns,False,3.1931068731740706,2.128938173731499,False,True,True
IGSF9,0.8848799999999996,400,96.74,1,0,crossfit_oof_pu_bagging,0.8848799999999996,0.841933333333333,False,False,2.582229133670879,2.0403828618265691e-19,18.69028833297726,up,True,3.7530183459716,1.1707892123007198,False,True,True
CCL7,0.8848199999999995,401,96.73,1,0,crossfit_oof_pu_bagging,0.8848199999999995,0.8675000000000002,False,False,1.355977781635789,1.9217222339705526e-09,8.716309385123004,ns,False,2.078384151551107,0.7224063699153181,False,True,True
LEMD1,0.8837133333333332,405,96.69,1,0,crossfit_oof_pu_bagging,0.8837133333333332,0.8799999999999992,False,False,1.5703628244073935,6.321196755326593e-09,8.199200691491136,ns,False,2.804812640561817,1.2344498161544224,False,True,True
PLA2G1B,0.8836466666666662,406,96.69,1,0,crossfit_oof_pu_bagging,0.8836466666666662,0.8700333333333329,False,False,-3.861025994443657,1.1102331822677285e-21,20.95458579676599,down,True,2.682997504622896,6.544023499066554,False,True,True
CLEC3B,0.8835933333333331,407,96.68,1,0,crossfit_oof_pu_bagging,0.8835933333333331,0.852833333333333,False,False,-4.047967282519142,1.788433009400852e-27,26.74752732288568,down,True,3.380936890712155,7.428904173231297,False,True,True
C16ORF89,0.8835399999999994,409,96.66,1,0,crossfit_oof_pu_bagging,0.8835399999999994,0.8837999999999996,False,False,-2.0666489932335512,1.838814784824056e-07,6.735462013002167,down,True,6.601584302050065,8.668233295283615,False,True,True
VSTM2L,0.8834866666666663,410,96.65,1,0,crossfit_oof_pu_bagging,0.8834866666666663,0.8415333333333332,False,False,1.243707473565924,2.0988489806895204e-05,4.678018809255972,ns,False,5.928789645785365,4.685082172219441,False,True,True
CILP2,0.8830933333333333,412,96.64,1,0,crossfit_oof_pu_bagging,0.8830933333333333,0.8584000000000002,False,False,2.4023650181755536,1.0400444113479318e-15,14.982948115324747,up,True,3.0986049070310684,0.696239888855516,False,True,True
CACNG4,0.8829466666666661,413,96.63,1,0,crossfit_oof_pu_bagging,0.8829466666666661,0.8681666666666662,False,False,-1.5895880068344137,2.593150077126422e-06,5.586172347950368,ns,False,2.876507613825064,4.466095620659477,False,True,True
BHMT2,0.8824333333333332,416,96.6,1,0,crossfit_oof_pu_bagging,0.8824333333333332,0.8361000000000001,False,False,1.061439056963549,0.0005014053292287,3.299811054417832,ns,False,2.8170228580073906,1.7555838010438425,False,True,True
DIRAS1,0.8823999999999999,417,96.6,1,0,crossfit_oof_pu_bagging,0.8823999999999999,0.8825999999999997,False,False,1.5719870480604103,3.9015110078624844e-10,9.408767163412756,ns,False,2.465061281519826,0.8930742334594151,False,True,True
NMNAT2,0.8816533333333325,418,96.59,1,0,crossfit_oof_pu_bagging,0.8816533333333325,0.8856333333333327,False,False,1.111323661756666,1.0884714075755844e-05,4.9631829747030345,ns,False,2.3365536196323613,1.2252299578756969,False,True,True
MACROD2,0.8816399999999998,419,96.58,1,0,crossfit_oof_pu_bagging,0.8816399999999998,0.8707666666666656,False,False,-1.6964894390217082,8.691632612640598e-12,11.060898639194008,ns,False,2.099478555063797,3.795967994085506,False,True,True
SOCS2,0.8814933333333329,420,96.57,1,0,crossfit_oof_pu_bagging,0.8814933333333329,0.8109333333333332,False,False,-1.9266304026694272,4.3438023604859445e-14,13.362129943019353,ns,False,3.235343203702873,5.161973606372302,False,True,True
B3GNT3,0.8811599999999997,421,96.56,1,0,crossfit_oof_pu_bagging,0.8811599999999997,0.858666666666666,False,False,3.577352280127672,1.3138067864125412e-22,21.881468499132968,up,True,5.3365163617533735,1.7591640816257004,False,True,True
PRG4,0.8810599999999997,423,96.55,1,0,crossfit_oof_pu_bagging,0.8810599999999997,0.8943999999999996,False,False,-2.514550711786392,2.423329106102095e-12,11.615587601438946,down,True,1.7817709787796772,4.296321690566068,False,True,True
CNFN,0.8808399999999995,425,96.53,1,0,crossfit_oof_pu_bagging,0.8808399999999995,0.8653999999999996,False,False,1.7741378075268666,2.972373978924525e-14,13.526896549297287,ns,False,3.330401924190448,1.5562641166635791,False,True,True
MARCO,0.88018,430,96.49,1,0,crossfit_oof_pu_bagging,0.88018,0.8641999999999996,False,False,-3.5485553856453382,1.4442140531211e-18,17.84036843335929,down,True,5.830984914987922,9.37954030063326,False,True,True
NPR3,0.8801133333333331,431,96.48,1,0,crossfit_oof_pu_bagging,0.8801133333333331,0.8567999999999993,False,False,-1.589634706388047,1.8818986213630168e-11,10.725403775897345,ns,False,2.769001821157451,4.3586365275455,False,True,True
ZG16B,0.8800866666666662,432,96.47,1,0,crossfit_oof_pu_bagging,0.8800866666666662,0.8490333333333329,False,False,1.0634389869678036,9.155579257917512e-05,4.038314173420302,ns,False,2.284658661339892,1.221219674372089,False,True,True
PCDH7,0.8800733333333334,434,96.46,1,0,crossfit_oof_pu_bagging,0.8800733333333334,0.8786333333333327,False,False,1.0854671335608137,4.428429112273286e-06,5.353750302864911,ns,False,2.747270124489848,1.6618029909290355,False,True,True
TMEM132A,0.879933333333333,436,96.44,1,0,crossfit_oof_pu_bagging,0.879933333333333,0.8415333333333329,False,False,1.6877165320302976,1.3002439488217964e-11,10.88597515870246,ns,False,4.473557102162046,2.785840570131749,False,True,True
NPTX2,0.8791266666666665,437,96.43,1,0,crossfit_oof_pu_bagging,0.8791266666666665,0.8648333333333327,False,False,1.4785644599198686,4.086489196465837e-06,5.388649644896772,ns,False,2.537528714871025,1.058964254951157,False,True,True
KCNJ15,0.8791066666666664,438,96.42,1,0,crossfit_oof_pu_bagging,0.8791066666666664,0.9029666666666666,False,False,-1.955421113517632,1.3833992106110325e-13,12.85905247647241,ns,False,3.4910500303459027,5.446471143863534,False,True,True
MFAP2,0.8789933333333331,440,96.41,1,0,crossfit_oof_pu_bagging,0.8789933333333331,0.8322333333333332,False,False,1.5107045900485063,3.9357160940132496e-11,10.404976237286032,ns,False,4.54521012738227,3.034505537333763,False,True,True
TBX15,0.8786266666666662,441,96.4,1,0,crossfit_oof_pu_bagging,0.8786266666666662,0.8570666666666665,False,False,1.6717700037410128,4.867522888296112e-13,12.312691997643096,ns,False,2.332461029402643,0.6606910256616294,False,True,True
PRELP,0.878146666666666,442,96.39,1,0,crossfit_oof_pu_bagging,0.878146666666666,0.8469333333333334,False,False,-1.5438859765719886,1.6091856204951202e-09,8.793393856890935,ns,False,5.366566555722927,6.910452532294913,False,True,True
REEP6,0.8781133333333331,443,96.38,1,0,crossfit_oof_pu_bagging,0.8781133333333331,0.8500333333333323,False,False,1.3234672038995905,2.1057008444788952e-08,7.676603328696851,ns,False,4.327636666395974,3.004169462496383,False,True,True
S100A12,0.8774999999999998,447,96.35,1,0,crossfit_oof_pu_bagging,0.8774999999999998,0.8458666666666665,False,False,-1.5590410535480954,8.249178764730865e-11,10.083589284868069,ns,False,2.135160465818123,3.694201519366218,False,True,True
SLC2A3,0.8774599999999998,448,96.34,1,0,crossfit_oof_pu_bagging,0.8774599999999998,0.8735999999999999,False,False,-1.1737052724113817,6.588967168639006e-09,8.181182656440084,ns,False,4.939090256465872,6.112795528877252,False,True,True
IL37,0.8769133333333331,451,96.32,1,0,crossfit_oof_pu_bagging,0.8769133333333331,0.8650999999999998,False,False,1.7489950472209088,1.3531865115871777e-07,6.868642339861632,ns,False,2.220314654624726,0.4713196074038172,False,True,True
EMCN,0.8768733333333335,452,96.31,1,0,crossfit_oof_pu_bagging,0.8768733333333335,0.8364333333333333,False,False,-2.6004649165065024,7.330138817506049e-26,25.134887800651367,down,True,3.00192883220699,5.602393748713492,False,True,True
PLAC8,0.8767599999999997,453,96.3,1,0,crossfit_oof_pu_bagging,0.8767599999999997,0.8797333333333331,False,False,-1.7107351386044911,1.4415712696396467e-09,8.841163881721075,ns,False,3.402184428970594,5.112919567575083,False,True,True
INMT,0.8765466666666664,454,96.29,1,0,crossfit_oof_pu_bagging,0.8765466666666664,0.8319,False,False,-3.7554105985542416,2.5753455575658822e-26,25.589164489467368,down,True,4.144882735840847,7.900293334395087,False,True,True
CDCA7,0.8761399999999998,455,96.29,1,0,crossfit_oof_pu_bagging,0.8761399999999998,0.8825999999999994,False,False,1.9886997621410385,8.177522604545022e-14,13.087378246711928,ns,False,3.696436114777214,1.7077363526361746,False,True,True
SRPX2,0.8761199999999997,456,96.28,1,0,crossfit_oof_pu_bagging,0.8761199999999997,0.8422333333333337,False,False,1.6235677746554131,3.214024692066061e-11,10.492950791049076,ns,False,3.917077225006552,2.293509450351141,False,True,True
RFLNA,0.8752933333333329,461,96.24,1,0,crossfit_oof_pu_bagging,0.8752933333333329,0.878633333333333,False,False,1.4655698449504742,6.503428556169033e-09,8.186857626363176,ns,False,2.526842897808885,1.0612730528584091,False,True,True
COL15A1,0.8751666666666665,462,96.23,1,0,crossfit_oof_pu_bagging,0.8751666666666665,0.8338333333333342,False,False,1.164176589199876,8.077096489930382e-06,5.0927447289554895,ns,False,5.10951094784707,3.9453343586471954,False,True,True
SLC16A14,0.8745066666666663,464,96.21,1,0,crossfit_oof_pu_bagging,0.8745066666666663,0.8402666666666669,False,False,1.4857243020418112,8.439785074998679e-08,7.073668612844793,ns,False,3.535936213391717,2.050211911349906,False,True,True
PTPRB,0.8744133333333333,465,96.2,1,0,crossfit_oof_pu_bagging,0.8744133333333333,0.8632333333333329,False,False,-2.457648288834046,4.3686190538227066e-24,23.35965582437623,down,True,2.853117787312314,5.310766076146363,False,True,True
AKR7A3,0.8740666666666662,467,96.19,1,0,crossfit_oof_pu_bagging,0.8740666666666662,0.861533333333333,False,False,1.62518437545201,1.345142440733851e-07,6.871231724621224,ns,False,2.3830947841136547,0.7579104086616442,False,True,True
ZWINT,0.8739866666666665,468,96.18,1,0,crossfit_oof_pu_bagging,0.8739866666666665,0.8787333333333336,False,False,2.2339322543536926,8.700990032078963e-19,18.06043132887491,up,True,5.184514915645267,2.950582661291574,False,True,True
PRODH,0.8734666666666662,471,96.15,1,0,crossfit_oof_pu_bagging,0.8734666666666662,0.8692333333333327,False,False,-1.0439768748942015,1.1264599097911569e-05,4.948284260013208,ns,False,2.5536546679964034,3.5976315428906047,False,True,True
OGN,0.873413333333333,472,96.15,1,0,crossfit_oof_pu_bagging,0.873413333333333,0.8555999999999995,False,False,-2.2948463074884944,4.1937032290624903e-17,16.377402305997716,down,True,2.102835807460066,4.39768211494856,False,True,True
PCOLCE2,0.873,473,96.14,1,0,crossfit_oof_pu_bagging,0.873,0.8914999999999983,False,False,-2.4900849696629987,1.9316850810863052e-19,18.714063674346164,down,True,2.4500800682380834,4.940165037901084,False,True,True
NR4A3,0.8718799999999998,475,96.12,1,0,crossfit_oof_pu_bagging,0.8718799999999998,0.8391333333333334,False,False,-1.959252568905777,6.297764362535238e-11,10.20081359297943,ns,False,2.594686416048493,4.55393898495427,False,True,True
BMP6,0.870966666666666,480,96.08,1,0,crossfit_oof_pu_bagging,0.870966666666666,0.8354999999999994,False,False,-1.436361994329606,7.608054056368972e-08,7.118726410332031,ns,False,2.660606566563479,4.096968560893085,False,True,True
NXPH4,0.8708599999999999,481,96.07,1,0,crossfit_oof_pu_bagging,0.8708599999999999,0.846533333333333,False,False,1.4326614094353838,2.020540302916821e-07,6.694532482434987,ns,False,1.97201590285889,0.5393544934235059,False,True,True
TGFB2,0.8708466666666667,482,96.06,1,0,crossfit_oof_pu_bagging,0.8708466666666667,0.7917000000000002,False,False,-1.094339756889227,6.624872381675204e-06,5.1788224833486,ns,False,2.8844754692263166,3.978815226115543,False,True,True
IVL,0.8707399999999994,483,96.05,1,0,crossfit_oof_pu_bagging,0.8707399999999994,0.831833333333333,False,False,1.62852712794775,2.083398325136268e-06,5.681227689307845,ns,False,2.288796685168513,0.6602695572207631,False,True,True
BUB1B,0.8707399999999994,483,96.05,1,0,crossfit_oof_pu_bagging,0.8707399999999994,0.8479999999999993,False,False,2.271765958703262,6.2176359867758456e-18,17.206374707439526,up,True,3.110576974169382,0.838811015466119,False,True,True
DIO2,0.8705933333333331,485,96.04,1,0,crossfit_oof_pu_bagging,0.8705933333333331,0.8625999999999999,False,False,1.6515351209115132,1.8840392549186864e-11,10.724910052701864,ns,False,2.617649967418896,0.9661148465073836,False,True,True
COL5A1,0.8703199999999998,487,96.02,1,0,crossfit_oof_pu_bagging,0.8703199999999998,0.8614666666666663,False,False,2.1070722912694984,2.4215453434676497e-12,11.615907394371554,up,True,6.51751374435232,4.4104414530828215,False,True,True
MYRF,0.8702199999999998,488,96.02,1,0,crossfit_oof_pu_bagging,0.8702199999999998,0.8494333333333332,False,False,-2.382717866568296,8.371893754796531e-15,14.077176291799953,down,True,2.7812481275645253,5.163965994132822,False,True,True
PPBP,0.8701866666666662,489,96.01,1,0,crossfit_oof_pu_bagging,0.8701866666666662,0.8468,False,False,-1.8865132550167187,3.264052965073987e-08,7.486242802659373,ns,False,1.7494561242679465,3.635969379284668,False,True,True
IQCN,0.8692666666666662,490,96.0,1,0,crossfit_oof_pu_bagging,0.8692666666666662,0.820233333333333,False,False,-2.1035897860524804,2.1922288287916792e-15,14.659114115381708,down,True,1.2120472279501675,3.315637014002648,False,True,True
H2AW,0.8691799999999994,491,95.99,1,0,crossfit_oof_pu_bagging,0.8691799999999994,0.8358333333333332,False,False,1.0348893424007652,0.0005101542834453,3.292298462498114,ns,False,3.752565395581237,2.7176760531804693,False,True,True
FMO2,0.8688866666666668,492,95.98,1,0,crossfit_oof_pu_bagging,0.8688866666666668,0.8589666666666664,False,False,-3.1672762213088923,6.717306442912029e-26,25.17280483877441,down,True,3.90777744169575,7.075053663004639,False,True,True
SLC16A9,0.8687866666666663,493,95.97,1,0,crossfit_oof_pu_bagging,0.8687866666666663,0.8482666666666671,False,False,1.2145896688016289,1.1367416769078502e-05,4.944338216965587,ns,False,2.8104594335265647,1.5958697647249358,False,True,True
ALOX5AP,0.8687333333333331,494,95.97,1,0,crossfit_oof_pu_bagging,0.8687333333333331,0.8403666666666667,False,False,-2.016768499832092,3.984753048563054e-14,13.39959858843842,down,True,6.110142187003657,8.126910686835748,False,True,True
AGTR2,0.8682466666666666,497,95.94,1,0,crossfit_oof_pu_bagging,0.8682466666666666,0.8576666666666669,False,False,-3.07602755697638,3.252847774527852e-14,13.487736260182473,down,True,1.8954468837991385,4.97147444077552,False,True,True
KRT15,0.8682199999999998,498,95.93,1,0,crossfit_oof_pu_bagging,0.8682199999999998,0.8428666666666663,False,False,1.6147737064015777,7.254606497399562e-09,8.139386139483,ns,False,3.8446748312946415,2.2299011248930647,False,True,True
HORMAD1,0.8670866666666661,503,95.89,1,0,crossfit_oof_pu_bagging,0.8670866666666661,0.8652999999999997,False,False,1.6543701977840564,2.320310820037953e-08,7.634453834770419,ns,False,2.094169702308464,0.4397995045244076,False,True,True
RTN4RL2,0.866886666666667,505,95.88,1,0,crossfit_oof_pu_bagging,0.866886666666667,0.8859333333333327,False,False,1.5701080495676347,7.6966772354429e-10,9.113696725445877,ns,False,3.1433064564088453,1.5731984068412104,False,True,True
SUSD2,0.8667133333333336,506,95.87,1,0,crossfit_oof_pu_bagging,0.8667133333333336,0.8877333333333335,False,False,-3.5608488160991896,1.3024562057050257e-17,16.88523687066982,down,True,5.339196391545284,8.900045207644473,False,True,True
HILPDA,0.86628,508,95.85,1,0,crossfit_oof_pu_bagging,0.86628,0.846966666666667,False,False,1.2426952285148394,2.2721474509456326e-10,9.64356348851817,ns,False,4.807106127760756,3.5644108992459165,False,True,True
SSTR1,0.8662266666666667,509,95.84,1,0,crossfit_oof_pu_bagging,0.8662266666666667,0.8255666666666666,False,False,-2.438532253025276,3.1581145485809123e-20,19.500572121663257,down,True,1.354876585167863,3.7934088381931392,False,True,True
MS4A15,0.8660733333333329,510,95.84,1,0,crossfit_oof_pu_bagging,0.8660733333333329,0.8712999999999994,False,False,-4.334576907543484,1.1614382048506725e-19,18.93500389219719,down,True,2.47803846614876,6.812615373692244,False,True,True
MAOA,0.8658599999999996,511,95.83,1,0,crossfit_oof_pu_bagging,0.8658599999999996,0.8867666666666664,False,False,-1.5380970566518566,5.297860283906097e-09,8.275899499177465,ns,False,5.65680997770276,7.1949070343546175,False,True,True
FAM107A,0.8657866666666665,512,95.82,1,0,crossfit_oof_pu_bagging,0.8657866666666665,0.798833333333333,False,False,-4.188562197890864,8.949173254234032e-25,24.048217083981136,down,True,2.76870886802718,6.957271065918044,False,True,True
MAL,0.8652466666666664,516,95.79,1,0,crossfit_oof_pu_bagging,0.8652466666666664,0.8445333333333334,False,False,-1.5822457261221776,3.3763693122272934e-11,10.471550055680792,ns,False,3.333379413130326,4.915625139252501,False,True,True
PLOD2,0.8652000000000001,517,95.78,1,0,crossfit_oof_pu_bagging,0.8652000000000001,0.8617333333333335,False,False,1.4900527717517182,3.844170432667544e-08,7.415197365975859,ns,False,5.3197501655559964,3.829697393804278,False,True,True
BUB1,0.8647599999999993,519,95.76,1,0,crossfit_oof_pu_bagging,0.8647599999999993,0.845933333333333,False,False,1.9855093907708985,5.707537342001155e-17,16.24355123842345,ns,False,3.546374128588899,1.5608647378180014,False,True,True
RCOR2,0.864693333333333,520,95.75,1,0,crossfit_oof_pu_bagging,0.864693333333333,0.8825999999999995,False,False,1.4169841664296854,2.2117417906834782e-09,8.655265576023263,ns,False,2.2431855359281,0.8262013694984145,False,True,True
SFTPC,0.8639266666666663,522,95.74,1,0,crossfit_oof_pu_bagging,0.8639266666666663,0.8460666666666666,False,False,-7.69247710595705,1.5748677275472529e-18,17.802755916546552,down,True,6.977292362414541,14.669769468371594,False,True,True
FOXA3,0.863213333333333,523,95.73,1,0,crossfit_oof_pu_bagging,0.863213333333333,0.8650999999999993,False,False,1.4141135601568258,3.688665715460629e-07,6.433130700834187,ns,False,2.630024483248689,1.2159109230918632,False,True,True
TOX3,0.8631266666666667,524,95.72,1,0,crossfit_oof_pu_bagging,0.8631266666666667,0.8308000000000005,False,False,1.5118623464966032,2.863690982507628e-09,8.543073848037512,ns,False,3.0380110244704257,1.5261486779738227,False,True,True
LAMP5,0.8630866666666666,525,95.71,1,0,crossfit_oof_pu_bagging,0.8630866666666666,0.8188000000000002,False,False,1.2181803964567317,1.4457438906617893e-08,7.839908634236181,ns,False,3.116941543257706,1.898761146800975,False,True,True
STEAP2,0.86304,527,95.7,1,0,crossfit_oof_pu_bagging,0.86304,0.8161666666666674,False,False,1.3252475237975156,2.533271824736725e-10,9.596318207110604,ns,False,3.843374483085802,2.5181269592882867,False,True,True
FCER1A,0.8623200000000001,532,95.66,1,0,crossfit_oof_pu_bagging,0.8623200000000001,0.8418666666666671,False,False,-1.5726287737158582,8.90022672318757e-08,7.050598930054511,ns,False,3.2852165635451858,4.857845337261042,False,True,True
BCHE,0.8621866666666665,534,95.64,1,0,crossfit_oof_pu_bagging,0.8621866666666665,0.8520333333333334,False,False,-2.2612185476743383,3.256193925868796e-21,20.48728973817266,down,True,1.6595152714922918,3.920733819166632,False,True,True
HIGD1B,0.8620599999999999,535,95.63,1,0,crossfit_oof_pu_bagging,0.8620599999999999,0.8303333333333339,False,False,-2.633126456932797,2.5753455575658822e-26,25.589164489467368,down,True,2.69131748383116,5.324443940763957,False,True,True
SEZ6L2,0.86144,537,95.61,1,0,crossfit_oof_pu_bagging,0.86144,0.8309999999999996,False,False,1.2780105694711608,8.610302676138173e-08,7.064981581616478,ns,False,5.888732262233424,4.610721692762265,False,True,True
CRLF1,0.8612800000000002,539,95.6,1,0,crossfit_oof_pu_bagging,0.8612800000000002,0.8202666666666659,False,False,1.890092177253821,6.036011363010328e-06,5.219249951320563,ns,False,4.67430865854122,2.784216481287398,False,True,True
SKA1,0.8609599999999997,540,95.59,1,0,crossfit_oof_pu_bagging,0.8609599999999997,0.8154333333333339,False,False,1.8948317988992605,1.428329409619983e-14,13.845171621493863,ns,False,2.7205837140091176,0.8257519151098573,False,True,True
GSDMC,0.8608866666666668,541,95.58,1,0,crossfit_oof_pu_bagging,0.8608866666666668,0.8503000000000001,False,False,1.361036321280507,3.4378606448377823e-08,7.463711731606089,ns,False,2.6097359651281127,1.248699643847606,False,True,True
GRAMD2A,0.8606399999999997,542,95.57,1,0,crossfit_oof_pu_bagging,0.8606399999999997,0.8505666666666666,False,False,-1.9014987929767304,1.0777909911342834e-14,13.967465450835578,ns,False,3.21014950313581,5.111648296112541,False,True,True
UNC5CL,0.8605933333333333,544,95.56,1,0,crossfit_oof_pu_bagging,0.8605933333333333,0.8777999999999988,False,False,1.7599133536668452,5.968650616360907e-13,12.22412384242303,ns,False,3.255662340873436,1.495748987206592,False,True,True
MMP19,0.860506666666667,545,95.55,1,0,crossfit_oof_pu_bagging,0.860506666666667,0.8595999999999996,False,False,-1.594432341588756,6.242238998357214e-14,13.20465960739759,ns,False,3.610674513240052,5.205106854828806,False,True,True
MATN3,0.8604999999999998,546,95.54,1,0,crossfit_oof_pu_bagging,0.8604999999999998,0.8255666666666667,False,False,-1.6547097823705037,2.1596762781732744e-11,10.665611341969122,ns,False,2.8138978996117263,4.468607681982231,False,True,True
TFF1,0.8601266666666664,548,95.52,1,0,crossfit_oof_pu_bagging,0.8601266666666664,0.8301666666666665,False,False,2.524750067410996,4.790508498496662e-07,6.319618385046797,up,True,3.0563549452811154,0.5316048778701201,False,True,True
RAMP3,0.8599933333333329,549,95.52,1,0,crossfit_oof_pu_bagging,0.8599933333333329,0.861633333333333,False,False,-3.1969772577883235,6.6983524251830425e-25,24.17403200635038,down,True,4.5762306063323885,7.773207864120717,False,True,True
VGLL1,0.8597133333333332,550,95.51,1,0,crossfit_oof_pu_bagging,0.8597133333333332,0.8099666666666666,False,False,-1.142433231933956,1.2343447541890464e-05,4.908563524313481,ns,False,1.9144577800386493,3.056891011972605,False,True,True
H2BC4,0.8597066666666665,551,95.5,1,0,crossfit_oof_pu_bagging,0.8597066666666665,0.8351333333333337,False,False,1.278595348997452,4.4040753175780414e-09,8.356145262423077,ns,False,4.1994427657207325,2.9208474167232823,False,True,True
GALNT5,0.8596666666666664,552,95.49,1,0,crossfit_oof_pu_bagging,0.8596666666666664,0.8786333333333336,False,False,-1.2852847158691287,1.2251803848077168e-07,6.911799964883717,ns,False,3.612675750077477,4.897960465946608,False,True,True
SLC44A5,0.8594866666666666,554,95.48,1,0,crossfit_oof_pu_bagging,0.8594866666666666,0.8546666666666668,False,False,1.1534464365518482,1.3938183688157345e-06,5.855793816310062,ns,False,2.1483046719318235,0.9948582353799748,False,True,True
ERICH2,0.85946,556,95.46,1,0,crossfit_oof_pu_bagging,0.85946,0.8461333333333337,False,False,-1.6110755667925536,9.819747357320713e-14,13.007899685607445,ns,False,3.317248315917769,4.928323882710323,False,True,True
GKN2,0.8591133333333332,560,95.43,1,0,crossfit_oof_pu_bagging,0.8591133333333332,0.8412999999999994,False,False,-4.375701610272956,2.7530250611918322e-18,17.560189835142165,down,True,2.346910665555197,6.722612275828151,False,True,True
KIF4A,0.858893333333333,561,95.42,1,0,crossfit_oof_pu_bagging,0.858893333333333,0.8318999999999995,False,False,2.7378528277661776,1.9260909729989512e-18,17.71532320415936,up,True,3.6874861985117575,0.9496333707455814,False,True,True
MMRN1,0.8587066666666665,563,95.4,1,0,crossfit_oof_pu_bagging,0.8587066666666665,0.8597999999999998,False,False,-2.0417997089944864,6.241765723400184e-16,15.2046925360462,down,True,2.5004262900962537,4.542225999090739,False,True,True
POU2AF1,0.8583799999999998,566,95.38,1,0,crossfit_oof_pu_bagging,0.8583799999999998,0.8286999999999991,False,False,1.4080248016022452,7.625347238910347e-10,9.117740374865242,ns,False,3.3523085226473825,1.944283721045136,False,True,True
XKRX,0.858273333333333,568,95.36,1,0,crossfit_oof_pu_bagging,0.858273333333333,0.8184666666666665,False,False,1.5799144623982926,1.672761934797542e-09,8.77656586283952,ns,False,3.2024547874628384,1.6225403250645456,False,True,True
HK3,0.8576599999999999,570,95.34,1,0,crossfit_oof_pu_bagging,0.8576599999999999,0.8648666666666666,False,False,-1.909868211611908,1.032510558068305e-16,15.98610549871528,ns,False,3.677116485705011,5.586984697316923,False,True,True
HLF,0.8570799999999998,572,95.33,1,0,crossfit_oof_pu_bagging,0.8570799999999998,0.8459666666666675,False,False,-2.12341641459941,6.694991995427317e-16,15.174249937896755,down,True,2.633625391342801,4.75704180594221,False,True,True
SCARA5,0.8566800000000002,573,95.32,1,0,crossfit_oof_pu_bagging,0.8566800000000002,0.8492999999999998,False,False,-2.487079426615965,2.0130887645505362e-14,13.69613707503456,down,True,1.6927635330690194,4.179842959684984,False,True,True
CCN5,0.8563266666666663,574,95.31,1,0,crossfit_oof_pu_bagging,0.8563266666666663,0.8576000000000005,False,False,-1.958301919992944,7.656091626271604e-14,13.115992877667727,ns,False,2.828207980341706,4.786509900334647,False,True,True
TPSB2,0.8556799999999996,576,95.3,1,0,crossfit_oof_pu_bagging,0.8556799999999996,0.8719999999999993,False,False,-1.9821887706050203,1.8656317753459605e-14,13.729174069976455,ns,False,4.604976050650089,6.587164821255109,False,True,True
CAPN9,0.8553533333333332,578,95.28,1,0,crossfit_oof_pu_bagging,0.8553533333333332,0.8243666666666664,False,False,-1.6030509435885127,1.486827723918156e-08,7.827739349491554,ns,False,2.34699345230146,3.950044395889974,False,True,True
GALNT6,0.8550199999999999,579,95.27,1,0,crossfit_oof_pu_bagging,0.8550199999999999,0.8477333333333329,False,False,1.330690696308158,2.9799128265876937e-08,7.525796440449143,ns,False,4.689935865126059,3.359245168817902,False,True,True
RHBDL2,0.8548799999999999,582,95.25,1,0,crossfit_oof_pu_bagging,0.8548799999999999,0.8452666666666663,False,False,1.8563663801404169,2.881094566155437e-15,14.540442486639591,ns,False,3.246747339734245,1.3903809595938277,False,True,True
IRX6,0.8546399999999998,583,95.24,1,0,crossfit_oof_pu_bagging,0.8546399999999998,0.7835666666666664,False,False,-1.0519623535625235,1.2679655673822484e-05,4.896892539907699,ns,False,1.5197019322224603,2.5716642857849843,False,True,True
SLCO4C1,0.8545200000000002,584,95.23,1,0,crossfit_oof_pu_bagging,0.8545200000000002,0.8650999999999999,False,False,-1.930046705974725,6.583715422759454e-13,12.181528949514538,ns,False,2.8439717222821623,4.774018428256886,False,True,True
AQP4,0.8544933333333333,585,95.22,1,0,crossfit_oof_pu_bagging,0.8544933333333333,0.8869,False,False,-4.068646465811744,7.278674646941275e-18,17.137947692928844,down,True,4.408668065932205,8.477314531743948,False,True,True
FAM83D,0.8541733333333331,586,95.21,1,0,crossfit_oof_pu_bagging,0.8541733333333331,0.8379666666666665,False,False,1.9917491257290976,1.6943337210209174e-13,12.77100104564421,ns,False,4.168210348110134,2.1764612223810373,False,True,True
GJB5,0.8540799999999997,587,95.21,1,0,crossfit_oof_pu_bagging,0.8540799999999997,0.8167333333333336,False,False,1.0890295323046573,3.094323793953697e-05,4.509434243135139,ns,False,2.09406246542462,1.0050329331199628,False,True,True
VEGFD,0.8540466666666664,588,95.2,1,0,crossfit_oof_pu_bagging,0.8540466666666664,0.8334999999999991,False,False,-4.037444945646151,1.519448874624862e-23,22.8183139081815,down,True,2.235514896185441,6.27295984183159,False,True,True
PCSK9,0.8539,589,95.19,1,0,crossfit_oof_pu_bagging,0.8539,0.8384333333333337,False,False,-2.507378541303236,2.4737103531776417e-18,17.60665115328445,down,True,1.9783668434359825,4.485745384739217,False,True,True
SMOC1,0.8533533333333334,592,95.16,1,0,crossfit_oof_pu_bagging,0.8533533333333334,0.8431666666666667,False,False,1.651294555274341,8.532729640151928e-07,6.068912014785771,ns,False,2.8347752698157933,1.1834807145414523,False,True,True
PALM3,0.8524200000000001,593,95.16,1,0,crossfit_oof_pu_bagging,0.8524200000000001,0.8481333333333332,False,False,-1.052579213383308,7.048321356367787e-07,6.151914303217514,ns,False,2.649923357921715,3.702502571305024,False,True,True
LRRC4,0.8521133333333335,594,95.15,1,0,crossfit_oof_pu_bagging,0.8521133333333335,0.8248333333333336,False,False,-1.2830679921982804,2.779945001501759e-09,8.555963796089324,ns,False,2.659931258169468,3.9429992503677456,False,True,True
KCNK3,0.8516933333333332,598,95.12,1,0,crossfit_oof_pu_bagging,0.8516933333333332,0.8662666666666671,False,False,-2.719969914017822,1.27249936415506e-17,16.895342426000255,down,True,2.2549372247492467,4.974907138767068,False,True,True
BAIAP2L2,0.8511333333333333,600,95.1,1,0,crossfit_oof_pu_bagging,0.8511333333333333,0.8394999999999999,False,False,1.2542079611457575,4.2275642552624854e-08,7.373909782785487,ns,False,2.106696604142737,0.8524886429969808,False,True,True
MAP7D2,0.8508533333333336,601,95.09,1,0,crossfit_oof_pu_bagging,0.8508533333333336,0.8255666666666674,False,False,1.971789508250144,2.086564375426324e-11,10.680568211737734,ns,False,2.7263334603720013,0.7545439521218578,False,True,True
AC136428.1,0.8504799999999996,604,95.07,1,0,crossfit_oof_pu_bagging,0.8504799999999996,0.8036000000000003,False,False,1.4464923479603962,4.666579817837407e-08,7.3310013015382,ns,False,2.4200630883640835,0.9735707404036876,False,True,True
PPP1R14A,0.8501866666666664,605,95.06,1,0,crossfit_oof_pu_bagging,0.8501866666666664,0.8313666666666668,False,False,-1.868327272913062,7.531399355005811e-17,16.123124323175848,ns,False,4.031376495342339,5.899703768255401,False,True,True
TBX4,0.8498733333333334,607,95.04,1,0,crossfit_oof_pu_bagging,0.8498733333333334,0.8002666666666669,False,False,-2.123823720084408,6.675576591938654e-20,19.17551121687237,down,True,2.98183971940204,5.105663439486446,False,False,True
FNDC4,0.84946,609,95.03,1,0,crossfit_oof_pu_bagging,0.84946,0.8513333333333333,False,False,1.4394985502144722,1.2975065180921879e-10,9.886890451772867,ns,False,4.134273374749231,2.6947748245347616,False,False,True
BEX5,0.84932,610,95.02,1,0,crossfit_oof_pu_bagging,0.84932,0.8278000000000002,False,False,-1.4668545323997548,4.147584845886496e-10,9.382204720982102,ns,False,3.0917181827599185,4.5585727151596735,False,False,True
ALDH3B2,0.8492666666666666,611,95.01,1,0,crossfit_oof_pu_bagging,0.8492666666666666,0.8393333333333328,False,False,1.6096551141115203,6.196054403272133e-11,10.20788477765635,ns,False,2.906454995002405,1.296799880890884,False,False,True
MUC3A,0.8480466666666668,615,94.98,1,0,crossfit_oof_pu_bagging,0.8480466666666668,0.7846333333333335,False,False,1.4273190953253083,1.461207759066007e-07,6.835288030334604,ns,False,2.0625358930164395,0.6352167976911312,False,False,True
TMEM171,0.8471733333333331,616,94.97,1,0,crossfit_oof_pu_bagging,0.8471733333333331,0.8589999999999995,False,False,1.5489866347092724,9.324360487001083e-10,9.030380944665724,ns,False,2.193227630915992,0.6442409962067198,False,False,True
GJA5,0.8470666666666666,617,94.96,1,0,crossfit_oof_pu_bagging,0.8470666666666666,0.8320666666666667,False,False,-1.2041399585128172,4.590773987451341e-07,6.338114087852339,ns,False,4.548190999423639,5.752330957936456,False,False,True
MYBPH,0.8461333333333336,621,94.93,1,0,crossfit_oof_pu_bagging,0.8461333333333336,0.8474999999999998,False,False,1.0503101159531931,2.9944172348542247e-05,4.523687686234088,ns,False,1.6290930246486073,0.5787829086954139,False,False,True
EPHX3,0.8459666666666665,623,94.91,1,0,crossfit_oof_pu_bagging,0.8459666666666665,0.8575999999999994,False,False,1.6771905513843024,1.0749205996946485e-13,12.968623614248854,ns,False,4.533138421607468,2.855947870223168,False,False,True
CCL23,0.8455533333333332,625,94.89,1,0,crossfit_oof_pu_bagging,0.8455533333333332,0.8335333333333336,False,False,-2.3225785891184927,1.7721999913339277e-17,16.751487269902803,down,True,2.36287838313856,4.685456972257052,False,False,True
EPN3,0.8452066666666666,626,94.89,1,0,crossfit_oof_pu_bagging,0.8452066666666666,0.8235000000000001,False,False,2.1653505482684343,9.571831947581096e-20,19.01900493488924,up,True,3.345073404176921,1.1797228559084867,False,False,True
RHOV,0.8448333333333331,628,94.87,1,0,crossfit_oof_pu_bagging,0.8448333333333331,0.7873666666666669,False,False,2.376049767686138,1.4011980304595944e-09,8.853500481803339,up,True,4.617147939087346,2.241098171401209,False,False,True
IGLL5,0.8446333333333331,630,94.85,1,0,crossfit_oof_pu_bagging,0.8446333333333331,0.8207000000000003,False,False,1.4480267704459064,6.295726577874123e-11,10.200954141560524,ns,False,2.5388059539896632,1.0907791835437564,False,False,True
C1ORF115,0.8437533333333336,633,94.83,1,0,crossfit_oof_pu_bagging,0.8437533333333336,0.833466666666667,False,False,-1.7686267997185023,5.909538745284526e-14,13.22844641559848,ns,False,4.496700718011445,6.265327517729946,False,False,True
SYT13,0.8435999999999997,636,94.8,1,0,crossfit_oof_pu_bagging,0.8435999999999997,0.799366666666667,False,False,1.2809476876756518,3.3133901724332765e-05,4.479727420212972,ns,False,1.8033139700923515,0.522366282416699,False,False,True
CD36,0.84358,637,94.8,1,0,crossfit_oof_pu_bagging,0.84358,0.8253000000000005,False,False,-3.100070851740872,1.982763210484574e-24,23.702729147882565,down,True,2.813992280337433,5.914063132078305,False,False,True
SELENBP1,0.8430066666666669,639,94.78,1,0,crossfit_oof_pu_bagging,0.8430066666666669,0.8625,False,False,-2.201620313148442,1.3644801264913656e-14,13.865032785401189,down,True,6.576260174729455,8.7778804878779,False,False,True
KRT16,0.8424933333333332,642,94.76,1,0,crossfit_oof_pu_bagging,0.8424933333333332,0.8247333333333331,False,False,2.460284808138981,5.431761514804593e-11,10.26505930630452,up,True,2.877568127532755,0.4172833193937746,False,False,True
B3GNT8,0.8418266666666667,643,94.75,1,0,crossfit_oof_pu_bagging,0.8418266666666667,0.8301,False,False,-1.1602292912303989,7.077860613587224e-07,6.150097994304605,ns,False,3.670955524203284,4.831184815433684,False,False,True
PALMD,0.8416666666666666,644,94.74,1,0,crossfit_oof_pu_bagging,0.8416666666666666,0.7564666666666662,False,False,-1.7696560573957885,1.6548163985608401e-19,18.78125018407264,ns,False,2.5385783947647083,4.308234452160496,False,False,True
C1QTNF6,0.8411533333333333,645,94.73,1,0,crossfit_oof_pu_bagging,0.8411533333333333,0.8532333333333331,False,False,1.8221394019340256,3.269457848238185e-14,13.48552425744346,ns,False,3.6564273578208346,1.834287955886808,False,False,True
TNXB,0.8397666666666666,652,94.67,1,0,crossfit_oof_pu_bagging,0.8397666666666666,0.8475000000000006,False,False,-2.7514589852367832,3.5143344125382e-19,18.45415691483565,down,True,2.078253176216178,4.829712161452961,False,False,True
MAP1LC3C,0.8396866666666665,653,94.67,1,0,crossfit_oof_pu_bagging,0.8396866666666665,0.8440666666666663,False,False,-1.4990121582881313,3.210863950551483e-10,9.493378095796473,ns,False,2.402406683008948,3.9014188412970783,False,False,True
CBX2,0.8394666666666666,655,94.64,1,0,crossfit_oof_pu_bagging,0.8394666666666666,0.8310666666666662,False,False,1.5235396547882465,2.2854914899967487e-09,8.641020391462524,ns,False,3.022845391661958,1.4993057368737115,False,False,True
KCNE4,0.8390733333333337,658,94.62,1,0,crossfit_oof_pu_bagging,0.8390733333333337,0.8179000000000006,False,False,1.2522560050862013,4.361245491434269e-08,7.360389466508288,ns,False,3.3420975274172378,2.089841522331035,False,False,True
HES6,0.8386266666666666,659,94.62,1,0,crossfit_oof_pu_bagging,0.8386266666666666,0.8503999999999997,False,False,1.5073167002447014,5.1611462698823225e-08,7.287253832597827,ns,False,4.200989774464346,2.6936730742196446,False,False,True
MCEMP1,0.8384133333333331,660,94.61,1,0,crossfit_oof_pu_bagging,0.8384133333333331,0.7845333333333331,False,False,-4.34168244658869,6.372223050092986e-24,23.19570903077907,down,True,2.9264188428811377,7.268101289469827,False,False,True
TROAP,0.8380799999999997,661,94.6,1,0,crossfit_oof_pu_bagging,0.8380799999999997,0.8386999999999994,False,False,2.1057951398293566,6.824699951578114e-16,15.165916437655472,up,True,2.8738878921448454,0.7680927523154886,False,False,True
JSRP1,0.8377000000000001,663,94.58,1,0,crossfit_oof_pu_bagging,0.8377000000000001,0.8194333333333332,False,False,1.2320459301039832,2.755991112618872e-09,8.559722187253094,ns,False,2.1616485880127483,0.9296026579087652,False,False,True
PLA2G4F,0.8376800000000001,664,94.58,1,0,crossfit_oof_pu_bagging,0.8376800000000001,0.8113666666666667,False,False,-3.275738565648708,8.181876948996038e-23,22.08714705634264,down,True,2.3063142916065784,5.582052857255289,False,False,True
CENPA,0.8372199999999994,665,94.57,1,0,crossfit_oof_pu_bagging,0.8372199999999994,0.8113333333333326,False,False,2.3317268552183954,3.2781976522260644e-17,16.484364865078117,up,True,3.1901364465648263,0.8584095913464308,False,False,True
BHLHA15,0.8371066666666668,666,94.56,1,0,crossfit_oof_pu_bagging,0.8371066666666668,0.823766666666667,False,False,1.6314648974125223,1.604177352429045e-15,14.794747619266682,ns,False,3.099181485798548,1.4677165883860257,False,False,True
GPRIN2,0.8369533333333333,668,94.54,1,0,crossfit_oof_pu_bagging,0.8369533333333333,0.8270333333333334,False,False,-2.3097574749179928,3.3748039603916454e-17,16.47175144991234,down,True,3.222623013736087,5.532380488654079,False,False,True
COX4I2,0.8366466666666671,669,94.53,1,0,crossfit_oof_pu_bagging,0.8366466666666671,0.8093333333333338,False,False,-2.308097331874464,3.266199889242659e-23,22.485957240255,down,True,4.054442295729081,6.362539627603545,False,False,True
FOS,0.8362933333333334,671,94.52,1,0,crossfit_oof_pu_bagging,0.8362933333333334,0.8257000000000003,False,False,-1.6360157271954294,2.9362236442018547e-09,8.532210868461787,ns,False,7.850321741789097,9.48633746898453,False,False,True
CHEK1,0.8359800000000005,673,94.5,1,0,crossfit_oof_pu_bagging,0.8359800000000005,0.8043333333333336,False,False,1.8893370196217776,5.040100625700029e-16,15.297560792770742,ns,False,3.315972894051641,1.4266358744298626,False,False,True
SCNN1G,0.8357533333333331,674,94.49,1,0,crossfit_oof_pu_bagging,0.8357533333333331,0.8400999999999993,False,False,-1.941698447603932,1.0094555210847438e-12,11.99591281230531,ns,False,2.8939146003823155,4.835613047986249,False,False,True
BARX2,0.8357266666666667,675,94.49,1,0,crossfit_oof_pu_bagging,0.8357266666666667,0.7971000000000007,False,False,2.1047642856848,1.4194192612249706e-11,10.847889305781104,up,True,2.797451742299538,0.6926874566147382,False,False,True
SLC5A1,0.8350733333333334,679,94.45,1,0,crossfit_oof_pu_bagging,0.8350733333333334,0.7945333333333332,False,False,-1.1339343920004952,3.33278160850074e-05,4.477193143984388,ns,False,1.8141206635251323,2.948055055525628,False,False,True
ZBED2,0.8349733333333333,680,94.44,1,0,crossfit_oof_pu_bagging,0.8349733333333333,0.8308999999999997,False,False,-2.302726875739603,4.5230217942637896e-14,13.344571319593085,down,True,2.550167704853532,4.852894580593136,False,False,True
IGFBPL1,0.8348133333333336,682,94.43,1,0,crossfit_oof_pu_bagging,0.8348133333333336,0.8058333333333333,False,False,1.197169178918192,1.7021803665852634e-07,6.768994423063164,ns,False,2.9881448369051573,1.790975657986965,False,False,True
HCAR2,0.8344599999999998,683,94.42,1,0,crossfit_oof_pu_bagging,0.8344599999999998,0.8330666666666676,False,False,-1.9496641597699536,2.980412462272161e-13,12.52572362931528,ns,False,2.7940242381968443,4.743688397966799,False,False,True
HBB,0.8343800000000001,684,94.41,1,0,crossfit_oof_pu_bagging,0.8343800000000001,0.799266666666667,False,False,-3.9068013522570704,1.1104606495014552e-20,19.95449682658617,down,True,6.264288192734305,10.171089544991377,False,False,True
HTR1D,0.8343066666666665,685,94.4,1,0,crossfit_oof_pu_bagging,0.8343066666666665,0.8227333333333332,False,False,1.1223048347301534,2.768772306104714e-06,5.557712757605165,ns,False,1.7464960719947442,0.6241912372645911,False,False,True
FHL5,0.8343000000000002,686,94.4,1,0,crossfit_oof_pu_bagging,0.8343000000000002,0.7886666666666664,False,False,-2.501409895736564,4.8258114334152914e-23,22.316429651972854,down,True,1.996884979322736,4.498294875059299,False,False,True
ACTG2,0.834093333333333,687,94.39,1,0,crossfit_oof_pu_bagging,0.834093333333333,0.8177999999999999,False,False,-1.040660365643933,7.756749210975416e-06,5.110320249815349,ns,False,3.905980100821476,4.946640466465409,False,False,True
GPRIN1,0.8340800000000002,688,94.38,1,0,crossfit_oof_pu_bagging,0.8340800000000002,0.8099666666666666,False,False,1.9977635236255649,1.904084561528507e-18,17.72031376824686,ns,False,3.097848035110568,1.1000845114850026,False,False,True
OSCAR,0.8336133333333333,690,94.36,1,0,crossfit_oof_pu_bagging,0.8336133333333333,0.8456999999999996,False,False,-2.227708711173607,2.748068000447203e-20,19.56097252494088,down,True,4.00584645795794,6.233555169131547,False,False,True
ADAMTS12,0.8330666666666666,692,94.35,1,0,crossfit_oof_pu_bagging,0.8330666666666666,0.8195999999999999,False,False,1.6214433770019168,1.0941487111825967e-11,10.960923646872054,ns,False,3.502958926796356,1.8815155497944385,False,False,True
PDGFRL,0.8328600000000004,693,94.34,1,0,crossfit_oof_pu_bagging,0.8328600000000004,0.7731666666666669,False,False,1.3404540587987508,4.2056187245496715e-09,8.376170102389075,ns,False,4.397155406515894,3.056701347717143,False,False,True
C6ORF141,0.8328399999999998,694,94.33,1,0,crossfit_oof_pu_bagging,0.8328399999999998,0.8114000000000006,False,False,1.016781104033833,1.0628212902791371e-06,5.973539754451696,ns,False,2.251646975764312,1.2348658717304788,False,False,True
ALKAL2,0.832306666666667,696,94.31,1,0,crossfit_oof_pu_bagging,0.832306666666667,0.8490666666666669,False,False,-2.4971258758982504,5.89611167978803e-25,24.229434298986124,down,True,0.9476723737971228,3.444798249695375,False,False,True
RNF128,0.8320400000000001,697,94.31,1,0,crossfit_oof_pu_bagging,0.8320400000000001,0.8167000000000005,False,False,-1.7090101921773462,9.143305148664787e-10,9.038896785846257,ns,False,3.6861861005049694,5.395196292682319,False,False,True
IL1RL1,0.8316266666666665,698,94.3,1,0,crossfit_oof_pu_bagging,0.8316266666666665,0.8080333333333333,False,False,-2.5417269201910164,1.2265966724973573e-12,11.91129821779788,down,True,1.6426383873738843,4.184365307564903,False,False,True
TNFRSF17,0.8313733333333332,700,94.28,1,0,crossfit_oof_pu_bagging,0.8313733333333332,0.7929000000000005,False,False,1.336421501282899,5.2474283124737015e-09,8.280053485801256,ns,False,3.1951804185640955,1.8587589172811965,False,False,True
BASP1,0.8308600000000002,701,94.27,1,0,crossfit_oof_pu_bagging,0.8308600000000002,0.8468999999999998,False,False,1.49119024992328,2.902799586115836e-09,8.537182947512648,ns,False,6.812131208538926,5.320940958615645,False,False,True
GZMH,0.8304400000000001,703,94.26,1,0,crossfit_oof_pu_bagging,0.8304400000000001,0.8019000000000007,False,False,-1.0776618716994213,8.240550663558419e-08,7.084043766196793,ns,False,3.50532651727604,4.582988388975462,False,False,True
KLF15,0.8303533333333333,704,94.25,1,0,crossfit_oof_pu_bagging,0.8303533333333333,0.8317333333333331,False,False,-1.888795775073688,2.777940014464894e-13,12.556277136448712,ns,False,2.636093562531044,4.524889337604732,False,False,True
CTSH,0.8298933333333334,707,94.22,1,0,crossfit_oof_pu_bagging,0.8298933333333334,0.8544999999999994,False,False,-1.6471627956803914,2.4182174323864257e-11,10.616504652424712,ns,False,6.2696740266251565,7.916836822305547,False,False,True
ALDH3B1,0.8297466666666669,708,94.22,1,0,crossfit_oof_pu_bagging,0.8297466666666669,0.7996333333333338,False,False,-1.5056940471383895,6.365014187936069e-10,9.196200623945051,ns,False,5.273481179566561,6.779175226704949,False,False,True
MELTF,0.8290666666666671,712,94.18,1,0,crossfit_oof_pu_bagging,0.8290666666666671,0.8362333333333334,False,False,1.543064577933959,4.833682326309625e-09,8.315721895191139,ns,False,2.7884788491088983,1.24541427117494,False,False,True
NOTUM,0.828813333333334,713,94.17,1,0,crossfit_oof_pu_bagging,0.828813333333334,0.7948000000000002,False,False,-1.1519740713021749,5.667912700754808e-06,5.24657684753404,ns,False,1.8614330941683257,3.0134071654705004,False,False,True
STX1A,0.828606666666667,714,94.17,1,0,crossfit_oof_pu_bagging,0.828606666666667,0.8258666666666669,False,False,2.1460987408177137,8.62717814460429e-18,17.06413123402195,up,True,3.529448048366832,1.3833493075491183,False,False,True
SFRP5,0.82844,717,94.14,1,0,crossfit_oof_pu_bagging,0.82844,0.7889000000000004,False,False,-2.0959814850275844,2.684555352135524e-12,11.57112763700557,down,True,1.4189748593557443,3.514956344383331,False,False,True
COL6A6,0.8277066666666668,720,94.12,1,0,crossfit_oof_pu_bagging,0.8277066666666668,0.8360666666666662,False,False,-2.4922147216945105,2.388245380314878e-20,19.62192105365577,down,True,1.6678547639077217,4.160069485602233,False,False,True
SFTPB,0.8276333333333332,721,94.11,1,0,crossfit_oof_pu_bagging,0.8276333333333332,0.8371000000000004,False,False,-2.6412213798795574,2.1218035108103844e-08,7.673294836326223,down,True,10.99667756050014,13.637898940379705,False,False,True
SPRR1B,0.8273666666666664,723,94.09,1,0,crossfit_oof_pu_bagging,0.8273666666666664,0.7848,False,False,2.327410998946449,7.897539961691272e-09,8.102508167879527,up,True,2.7212758206199226,0.3938648216734737,False,False,True
TTK,0.8268866666666661,724,94.08,1,0,crossfit_oof_pu_bagging,0.8268866666666661,0.7800000000000001,False,False,2.034922140765677,8.0385347348607e-16,15.094823107291171,up,True,2.849548380902684,0.8146262401370072,False,False,True
OASL,0.8266866666666667,725,94.08,1,0,crossfit_oof_pu_bagging,0.8266866666666667,0.805166666666667,False,False,-1.3335825018036265,2.4016671416447676e-10,9.619487183679157,ns,False,3.403039517904044,4.736622019707672,False,False,True
CXCL17,0.8257133333333334,727,94.06,1,0,crossfit_oof_pu_bagging,0.8257133333333334,0.811966666666667,False,False,-1.0975006086986736,0.0009041105666028,3.043778455001193,ns,False,8.364802553204449,9.462303161903124,False,False,True
PER1,0.8256066666666667,728,94.05,1,0,crossfit_oof_pu_bagging,0.8256066666666667,0.8092666666666671,False,False,-1.4164770715861872,1.4312678752479535e-14,13.844279076334852,ns,False,5.216106921451978,6.632583993038164,False,False,True
CPNE7,0.8251200000000001,731,94.03,1,0,crossfit_oof_pu_bagging,0.8251200000000001,0.8127999999999993,False,False,1.5532620062023297,4.3112694321676e-11,10.365394835126349,ns,False,2.454347283155585,0.9010852769532562,False,False,True
TBX3,0.8249933333333337,732,94.01,1,0,crossfit_oof_pu_bagging,0.8249933333333337,0.7772333333333333,False,False,-1.8573012984505028,3.479157008452408e-17,16.4585259718371,ns,False,2.680815786435735,4.538117084886238,False,False,True
CXCL3,0.8249533333333335,735,93.99,1,0,crossfit_oof_pu_bagging,0.8249533333333335,0.7902999999999998,False,False,-1.5855816003499583,3.45427810293334e-09,8.461642700437553,ns,False,2.719942104284778,4.305523704634735,False,False,True
CCBE1,0.8247933333333333,736,93.99,1,0,crossfit_oof_pu_bagging,0.8247933333333333,0.7714666666666663,False,False,-2.162204308715303,4.115666814163e-15,14.385559791010545,down,True,1.8532378292821408,4.015442137997445,False,False,True
TSPAN7,0.8242533333333337,739,93.96,1,0,crossfit_oof_pu_bagging,0.8242533333333337,0.8575666666666664,False,False,-2.589724596715548,4.243311322078487e-18,17.37229510386836,down,True,3.561547907636376,6.151272504351923,False,False,True
ANKRD1,0.8233333333333335,742,93.94,1,0,crossfit_oof_pu_bagging,0.8233333333333335,0.8193333333333334,False,False,-4.428118797604118,1.941602056980502e-19,18.71183977657373,down,True,2.059560575251256,6.487679372855376,False,False,True
ATP8A1,0.8233000000000003,743,93.93,1,0,crossfit_oof_pu_bagging,0.8233000000000003,0.8146333333333338,False,False,-1.4203527999656234,1.01240820359108e-11,10.994644344391002,ns,False,3.367197742059812,4.787550542025437,False,False,True
TPPP3,0.8229800000000006,744,93.92,1,0,crossfit_oof_pu_bagging,0.8229800000000006,0.7882333333333338,False,False,-3.075170416020746,9.633723745323033e-20,19.0162058115821,down,True,4.765462590056693,7.840633006077441,False,False,True
GYG2,0.8222533333333338,748,93.89,1,0,crossfit_oof_pu_bagging,0.8222533333333338,0.805666666666667,False,False,1.7381346723773214,6.31552013114541e-18,17.19959087618004,ns,False,3.4374879260796445,1.6993532537023237,False,False,True
DOK5,0.8220133333333333,749,93.88,1,0,crossfit_oof_pu_bagging,0.8220133333333333,0.8328666666666664,False,False,1.3120118450189695,4.698507744981285e-10,9.328040052920612,ns,False,2.21709676536536,0.90508492034639,False,False,True
PFKP,0.8216333333333339,754,93.84,1,0,crossfit_oof_pu_bagging,0.8216333333333339,0.8621000000000002,False,False,1.8743407411476924,1.5112674607367156e-14,13.820658668392348,ns,False,5.699620718491106,3.825279977343413,False,False,True
HOXB7,0.8213933333333333,755,93.83,1,0,crossfit_oof_pu_bagging,0.8213933333333333,0.8257000000000002,False,False,1.363880441142275,1.9572645326659112e-08,7.708350473619907,ns,False,4.071043584801092,2.7071631436588173,False,False,True
FPR2,0.821226666666667,757,93.81,1,0,crossfit_oof_pu_bagging,0.821226666666667,0.8113000000000006,False,False,-2.164621501076481,5.697031385071191e-20,19.24435138799888,down,True,1.9115750642479536,4.076196565324435,False,False,True
VSIG2,0.8210799999999999,760,93.79,1,0,crossfit_oof_pu_bagging,0.8210799999999999,0.8388000000000001,False,False,-2.9744750552731425,1.5502160927173755e-14,13.809607759033929,down,True,4.30126140695441,7.275736462227554,False,False,True
HIF3A,0.8210666666666668,761,93.78,1,0,crossfit_oof_pu_bagging,0.8210666666666668,0.8039666666666662,False,False,-1.679279256637955,7.819396856692057e-13,12.106826744627176,ns,False,1.8216767812143937,3.500956037852348,False,False,True
ROBO4,0.8209333333333335,762,93.77,1,0,crossfit_oof_pu_bagging,0.8209333333333335,0.832433333333334,False,False,-2.492119610175912,8.576186368162518e-22,21.06670578994315,down,True,3.264299055519428,5.756418665695339,False,False,True
HBA2,0.8208866666666669,763,93.77,1,0,crossfit_oof_pu_bagging,0.8208866666666669,0.7895666666666671,False,False,-3.9200832066855,3.5729988562202498e-22,21.44696712282284,down,True,4.501251617654134,8.421334824339635,False,False,True
VIPR1,0.820406666666667,766,93.74,1,0,crossfit_oof_pu_bagging,0.820406666666667,0.7944666666666665,False,False,-3.1864774591925635,3.7900430855318655e-21,20.42135585290729,down,True,2.2092831003876903,5.395760559580254,False,False,True
CLIC5,0.8204066666666664,767,93.73,1,0,crossfit_oof_pu_bagging,0.8204066666666664,0.7931000000000004,False,False,-4.133734491934813,2.2719871507151246e-26,25.64359412911828,down,True,2.8945705231660583,7.028305015100875,False,False,True
ST8SIA6,0.8193600000000002,772,93.69,1,0,crossfit_oof_pu_bagging,0.8193600000000002,0.8373666666666667,False,False,-2.811260993912515,4.461218695630014e-28,27.350546486469813,down,True,0.9798453947785696,3.7911063886910847,False,False,True
HSD17B13,0.8191733333333333,773,93.68,1,0,crossfit_oof_pu_bagging,0.8191733333333333,0.8054333333333332,False,False,-1.6962659907687638,3.1888721551936522e-09,8.496362891671714,ns,False,1.0664265844941412,2.762692575262906,False,False,True
CNN1,0.8189333333333335,774,93.68,1,0,crossfit_oof_pu_bagging,0.8189333333333335,0.7874333333333337,False,False,-1.273110264428888,8.219806308498273e-09,8.085138416053804,ns,False,3.950914034738656,5.224024299167544,False,False,True
RTKN2,0.8189333333333334,775,93.67,1,0,crossfit_oof_pu_bagging,0.8189333333333334,0.7647999999999999,False,False,-4.181566630470145,7.864757789252191e-30,29.10431464779098,down,True,2.2404055112922787,6.421972141762423,False,False,True
SIGLEC1,0.8182866666666667,779,93.63,1,0,crossfit_oof_pu_bagging,0.8182866666666667,0.7899333333333326,False,False,-1.442037546848267,7.023544210533157e-10,9.153443679515544,ns,False,3.4807187025922177,4.922756249440483,False,False,True
CR2,0.8182200000000002,780,93.63,1,0,crossfit_oof_pu_bagging,0.8182200000000002,0.7810000000000001,False,False,1.4769294212716388,4.7290703166266134e-07,6.32522422840456,ns,False,2.6075389319780395,1.1306095107064005,False,False,True
FHL2,0.81816,781,93.62,1,0,crossfit_oof_pu_bagging,0.81816,0.8288333333333331,False,False,2.3205189174805607,9.38734165361849e-18,17.027457375637812,up,True,5.134879273220021,2.814360355739463,False,False,True
TMEM156,0.8180066666666669,783,93.6,1,0,crossfit_oof_pu_bagging,0.8180066666666669,0.790966666666667,False,False,1.5299830892730943,6.844313807717761e-13,12.164670086530723,ns,False,2.797427558209356,1.2674444689362625,False,False,True
TMEM158,0.8178933333333334,784,93.59,1,0,crossfit_oof_pu_bagging,0.8178933333333334,0.8047666666666667,False,False,1.2055892148862724,6.1881660064134255e-09,8.20843804424509,ns,False,2.928460677748084,1.7228714628618125,False,False,True
MS4A1,0.8177800000000002,786,93.58,1,0,crossfit_oof_pu_bagging,0.8177800000000002,0.7717333333333337,False,False,1.0578601478391505,6.776910644508062e-05,4.168968240618336,ns,False,2.5535426132467234,1.495682465407571,False,False,True
CDT1,0.8175066666666669,788,93.56,1,0,crossfit_oof_pu_bagging,0.8175066666666669,0.7940000000000003,False,False,2.1443948295499777,5.001188899488878e-16,15.300926741441872,up,True,4.013602375805807,1.8692075462558289,False,False,True
FAM162B,0.8174733333333334,789,93.55,1,0,crossfit_oof_pu_bagging,0.8174733333333334,0.7920333333333339,False,False,-2.100993013193828,2.8022036928409425e-21,20.552500298935485,down,True,2.86055499236195,4.961548005555779,False,False,True
SCN4B,0.8173200000000003,790,93.54,1,0,crossfit_oof_pu_bagging,0.8173200000000003,0.7860999999999998,False,False,-2.5830567560667435,1.6674148875062125e-22,21.77795632522537,down,True,1.95510167076747,4.538158426834213,False,False,True
B3GNT6,0.8172066666666664,791,93.54,1,0,crossfit_oof_pu_bagging,0.8172066666666664,0.814733333333333,False,False,2.204322424643053,5.596748295380978e-09,8.252064224339506,up,True,2.5669400887504,0.3626176641073466,False,False,True
CARD11,0.8170733333333333,792,93.53,1,0,crossfit_oof_pu_bagging,0.8170733333333333,0.7517000000000004,False,False,1.426824172196567,2.0764031481577292e-10,9.682688321333115,ns,False,4.136552761341242,2.709728589144675,False,False,True
PRX,0.8169599999999999,793,93.52,1,0,crossfit_oof_pu_bagging,0.8169599999999999,0.7911666666666666,False,False,-3.236322969275442,8.958119728360899e-26,25.04778313735695,down,True,2.3112069689051435,5.547529938180585,False,False,True
LGI2,0.8167266666666665,796,93.5,1,0,crossfit_oof_pu_bagging,0.8167266666666665,0.839133333333333,False,False,1.6068266562550422,1.4501589790922765e-13,12.838584384001036,ns,False,2.65069664372832,1.0438699874732789,False,False,True
SEMA3G,0.8163533333333334,797,93.48,1,0,crossfit_oof_pu_bagging,0.8163533333333334,0.8173666666666668,False,False,-2.763671371459185,4.215204515878384e-21,20.37518134916197,down,True,2.515143071772688,5.278814443231871,False,False,True
GPA33,0.8158933333333331,799,93.47,1,0,crossfit_oof_pu_bagging,0.8158933333333331,0.8283000000000003,False,False,-2.8725714161815614,4.8258114334152914e-23,22.316429651972854,down,True,1.192051683055051,4.064623099236614,False,False,True
COL1A1,0.8158200000000002,800,93.46,1,0,crossfit_oof_pu_bagging,0.8158200000000002,0.8197000000000003,False,False,3.130114413834069,4.6251372291658396e-14,13.334875377090285,up,True,9.772069589103422,6.641955175269351,False,False,True
SMIM31,0.8152733333333337,803,93.44,1,0,crossfit_oof_pu_bagging,0.8152733333333337,0.7597666666666661,False,False,1.1282883577442526,1.4383392870605196e-06,5.842138656986734,ns,False,1.879401889501994,0.7511135317577413,False,False,True
LILRA5,0.81518,804,93.43,1,0,crossfit_oof_pu_bagging,0.81518,0.8047333333333332,False,False,-1.8121622091464364,3.943306082031713e-20,19.404139511392867,ns,False,2.7496557015985763,4.561817910745013,False,False,True
PANX2,0.8149266666666668,805,93.42,1,0,crossfit_oof_pu_bagging,0.8149266666666668,0.7964999999999999,False,False,1.4780665748338264,4.341032473637317e-10,9.362406965354864,ns,False,3.515912388372117,2.037845813538291,False,False,True
APOBEC3B,0.8147533333333337,806,93.41,1,0,crossfit_oof_pu_bagging,0.8147533333333337,0.8023333333333339,False,False,1.49933071466885,2.0784230256980195e-11,10.682266054936273,ns,False,2.9898399717525983,1.4905092570837486,False,False,True
SCN7A,0.8144866666666669,807,93.41,1,0,crossfit_oof_pu_bagging,0.8144866666666669,0.7989666666666669,False,False,-2.3173605330830096,1.0830273285256096e-19,18.965360584484444,down,True,2.51772484469511,4.835085377778121,False,False,True
CLEC4E,0.8137399999999999,809,93.39,1,0,crossfit_oof_pu_bagging,0.8137399999999999,0.7940999999999999,False,False,-1.4969289686912863,2.633692104811668e-13,12.579434998165876,ns,False,2.4470455937134137,3.9439745624047,False,False,True
MROH6,0.8136733333333332,810,93.38,1,0,crossfit_oof_pu_bagging,0.8136733333333332,0.8253000000000004,False,False,1.5286253561134615,1.4816284058365222e-10,9.829260704271888,ns,False,4.363290829806581,2.834665473693121,False,False,True
FAM111B,0.8136533333333338,811,93.37,1,0,crossfit_oof_pu_bagging,0.8136533333333338,0.8416666666666671,False,False,2.046866838295995,2.6578565588907806e-16,15.575468461076955,up,True,3.330950554377416,1.2840837160814207,False,False,True
C5AR1,0.8136133333333333,813,93.36,1,0,crossfit_oof_pu_bagging,0.8136133333333333,0.8121000000000004,False,False,-1.751348730187946,2.123269431281077e-15,14.672994892742064,ns,False,4.912456802833399,6.663805533021347,False,False,True
CPAMD8,0.8132400000000006,816,93.33,1,0,crossfit_oof_pu_bagging,0.8132400000000006,0.8257000000000001,False,False,-2.209315632592173,5.894027501813548e-16,15.229587842042593,down,True,2.621079100803489,4.830394733395663,False,False,True
LARGE2,0.8130200000000001,817,93.32,1,0,crossfit_oof_pu_bagging,0.8130200000000001,0.8150999999999996,False,False,1.5404562102231485,2.5807000498855e-12,11.588262469787637,ns,False,4.485120896638916,2.944664686415772,False,False,True
BAALC,0.8128400000000002,819,93.31,1,0,crossfit_oof_pu_bagging,0.8128400000000002,0.7767333333333332,False,False,-1.1559720770588964,4.817399103530434e-06,5.317187372518664,ns,False,1.7354578499570696,2.891429927015965,False,False,True
HLA-DQB1,0.8126933333333335,821,93.29,1,0,crossfit_oof_pu_bagging,0.8126933333333335,0.8140666666666659,False,False,-1.1274799999664304,1.500671197801295e-08,7.823714452742104,ns,False,6.909181538501604,8.036661538468035,False,False,True
CAPS,0.8126466666666667,822,93.28,1,0,crossfit_oof_pu_bagging,0.8126466666666667,0.7485333333333339,False,False,-1.4578698608224476,1.5411661818546406e-06,5.812150529372933,ns,False,4.3948398684713,5.852709729293747,False,False,True
CCL24,0.8126466666666665,823,93.27,1,0,crossfit_oof_pu_bagging,0.8126466666666665,0.8162666666666666,False,False,-1.7119141018982849,5.021206774285051e-09,8.299191893925004,ns,False,2.247225743151108,3.959139845049392,False,False,True
MFAP4,0.8125800000000003,824,93.27,1,0,crossfit_oof_pu_bagging,0.8125800000000003,0.8085666666666669,False,False,-2.746480857232114,4.452165662988776e-20,19.35142868414341,down,True,6.7701240413191695,9.516604898551282,False,False,True
S100A3,0.8119933333333336,826,93.25,1,0,crossfit_oof_pu_bagging,0.8119933333333336,0.8088000000000002,False,False,-2.0261978268136844,4.20745303927934e-17,16.375980722623837,down,True,2.715328790366952,4.741526617180637,False,False,True
NCAPH,0.8118866666666664,828,93.23,1,0,crossfit_oof_pu_bagging,0.8118866666666664,0.7898666666666663,False,False,1.9226817562707403,1.4565808108680167e-16,15.83666541578023,ns,False,2.866204622828952,0.9435228665582116,False,False,True
TNNC1,0.8105733333333329,834,93.18,1,0,crossfit_oof_pu_bagging,0.8105733333333329,0.7823333333333334,False,False,-4.409781830810844,6.469141842447843e-28,27.189153326411365,down,True,3.298185273198863,7.707967104009705,False,False,True
MMP28,0.8102200000000002,837,93.16,1,0,crossfit_oof_pu_bagging,0.8102200000000002,0.8143999999999997,False,False,-2.474489331044825,3.720504966977922e-14,13.429398111330793,down,True,3.702331799674634,6.176821130719462,False,False,True
STEAP4,0.8100333333333338,839,93.14,1,0,crossfit_oof_pu_bagging,0.8100333333333338,0.7967000000000007,False,False,-1.0281323908286786,2.237494356221097e-05,4.650238051460152,ns,False,4.941418598438007,5.969550989266688,False,False,True
TMEM59L,0.8093533333333335,843,93.11,1,0,crossfit_oof_pu_bagging,0.8093533333333335,0.7688666666666666,False,False,1.7060493301064386,1.824990930098761e-07,6.73873928957345,ns,False,2.910590189428956,1.2045408593225166,False,False,True
CLDN6,0.8084,846,93.09,1,0,crossfit_oof_pu_bagging,0.8084,0.7648666666666664,False,False,1.3144585388468957,0.0002469584336535,3.607376138052111,ns,False,1.9008516939288127,0.5863931550819174,False,False,True
PLXNB3,0.8083600000000004,847,93.08,1,0,crossfit_oof_pu_bagging,0.8083600000000004,0.7744999999999999,False,False,1.6452226529428864,2.4921884196330672e-12,11.603419126333286,ns,False,2.557588342948846,0.9123656900059604,False,False,True
CD27,0.8082799999999999,849,93.06,1,0,crossfit_oof_pu_bagging,0.8082799999999999,0.7837999999999999,False,False,1.0684938603035914,9.097254000814992e-09,8.041089679356244,ns,False,3.50157874611019,2.4330848858065988,False,False,True
PKMYT1,0.80794,850,93.05,1,0,crossfit_oof_pu_bagging,0.80794,0.7589333333333337,False,False,1.7764632311389836,1.1895626804558556e-15,14.924612669171983,ns,False,2.6060674687285226,0.8296042375895394,False,False,True
XAGE2,0.8074999999999999,852,93.04,1,0,crossfit_oof_pu_bagging,0.8074999999999999,0.7931333333333341,False,False,-2.3320363338383365,1.225422569555267e-12,11.911714125193026,down,True,1.425834233990264,3.7578705678286015,False,False,True
ANKRD29,0.806526666666667,857,93.0,1,0,crossfit_oof_pu_bagging,0.806526666666667,0.8314333333333337,False,False,-2.7752626235868,2.0058798903977552e-20,19.69769507555248,down,True,2.533273659125554,5.308536282712354,False,False,True
RSPO2,0.8062600000000002,858,92.99,1,0,crossfit_oof_pu_bagging,0.8062600000000002,0.7852999999999998,False,False,-1.9497402488003104,7.306258102193218e-18,17.136304989887808,ns,False,0.9007051808055498,2.850445429605861,False,False,True
RBP2,0.8059266666666669,859,92.98,1,0,crossfit_oof_pu_bagging,0.8059266666666669,0.7655333333333338,False,False,-2.6512509783413245,5.339515533159818e-21,20.27249814574676,down,True,0.8776453002976675,3.5288962786389915,False,False,True
STAC,0.8059133333333337,860,92.97,1,0,crossfit_oof_pu_bagging,0.8059133333333337,0.8010666666666676,False,False,-2.0130341372613136,4.541233900327941e-16,15.342826128795869,down,True,2.482098900675285,4.495133037936598,False,False,True
SHE,0.8054466666666669,862,92.96,1,0,crossfit_oof_pu_bagging,0.8054466666666669,0.7979000000000009,False,False,-1.5812279237883708,6.685939773035873e-11,10.174837539851737,ns,False,2.7440786148566305,4.325306538645002,False,False,True
GPIHBP1,0.8051333333333333,863,92.95,1,0,crossfit_oof_pu_bagging,0.8051333333333333,0.7606666666666664,False,False,-3.662006540336753,2.217290055511778e-25,24.654177490796886,down,True,2.3834321931656945,6.045438733502448,False,False,True
UPK3B,0.8047266666666664,866,92.92,1,0,crossfit_oof_pu_bagging,0.8047266666666664,0.7639666666666662,False,False,-5.304230927473934,7.864757789252191e-30,29.10431464779098,down,True,2.268789458469303,7.573020385943236,False,False,True
DNASE2B,0.8046933333333334,868,92.91,1,0,crossfit_oof_pu_bagging,0.8046933333333334,0.7912333333333338,False,False,-2.082299512179203,5.306091989271752e-16,15.275225225125116,down,True,0.9021378290643398,2.984437341243542,False,False,True
TAMALIN,0.8045133333333332,870,92.89,1,0,crossfit_oof_pu_bagging,0.8045133333333332,0.8036999999999999,False,False,-2.2388107147807816,3.5264701733967996e-24,23.4526597850319,down,True,3.283845058747815,5.522655773528595,False,False,True
CHIA,0.8038466666666666,872,92.87,1,0,crossfit_oof_pu_bagging,0.8038466666666666,0.7694333333333333,False,False,-1.55382805722206,4.038095842502499e-09,8.393823377473607,ns,False,1.3896711242269553,2.9434991814490137,False,False,True
RECQL4,0.8035266666666667,873,92.87,1,0,crossfit_oof_pu_bagging,0.8035266666666667,0.806733333333334,False,False,1.9689895492678915,3.4653051731089226e-17,16.460258513098005,ns,False,3.5355486621777144,1.5665591129098235,False,False,True
SEMA5A,0.8032733333333335,875,92.85,1,0,crossfit_oof_pu_bagging,0.8032733333333335,0.7755666666666674,False,False,-2.2486902485808984,2.0663776835958893e-18,17.68479029709001,down,True,2.7390652208381274,4.987755469419025,False,False,True
CYS1,0.8031133333333335,876,92.84,1,0,crossfit_oof_pu_bagging,0.8031133333333335,0.7787666666666665,False,False,-2.085562131507571,1.4916368335551822e-16,15.826336900979635,down,True,2.295828865322312,4.381390996829881,False,False,True
PLAC9,0.8030333333333335,877,92.83,1,0,crossfit_oof_pu_bagging,0.8030333333333335,0.7875333333333336,False,False,-2.650818832491035,1.4724914439964436e-26,25.83194722002876,down,True,3.2848991095209503,5.935717942011987,False,False,True
H2BC8,0.8029066666666667,878,92.82,1,0,crossfit_oof_pu_bagging,0.8029066666666667,0.7815000000000002,False,False,1.5452285203050844,6.181646527882836e-09,8.208895831912452,ns,False,2.2866741716567813,0.7414456513516967,False,False,True
ATP13A4,0.8026733333333335,879,92.82,1,0,crossfit_oof_pu_bagging,0.8026733333333335,0.7893666666666672,False,False,-2.5753453196942,2.1621884597086268e-14,13.66510645495049,down,True,3.354073603490144,5.9294189231843415,False,False,True
FA2H,0.80242,880,92.81,1,0,crossfit_oof_pu_bagging,0.80242,0.8337333333333334,False,False,1.530642667774753,1.8917737898578617e-11,10.723130795888723,ns,False,4.048125054101686,2.517482386326936,False,False,True
SLC6A8,0.8021266666666669,885,92.77,1,0,crossfit_oof_pu_bagging,0.8021266666666669,0.765166666666667,False,False,1.5127380405883883,1.2060565940147192e-10,9.918632312517904,ns,False,4.414549894774428,2.901811854186039,False,False,True
DERL3,0.8016866666666671,887,92.75,1,0,crossfit_oof_pu_bagging,0.8016866666666671,0.7810000000000007,False,False,1.5602071561706254,2.101871655827108e-14,13.677393806322907,ns,False,2.8874109428851087,1.327203786714483,False,False,True
H2AC8,0.8015400000000001,889,92.73,1,0,crossfit_oof_pu_bagging,0.8015400000000001,0.7787000000000003,False,False,1.5032455996934635,6.309641080794394e-08,7.199995344569467,ns,False,2.421094125689065,0.9178485259956012,False,False,True
CHGB,0.8014733333333333,890,92.73,1,0,crossfit_oof_pu_bagging,0.8014733333333333,0.777533333333333,False,False,1.1850976689805823,8.296191971506113e-05,4.081121207052818,ns,False,1.7303953683005115,0.545297699319929,False,False,True
NRN1,0.80144,891,92.72,1,0,crossfit_oof_pu_bagging,0.80144,0.7443666666666666,False,False,-1.991766201466188,3.3788000366823647e-16,15.47123750977442,ns,False,3.16571387436182,5.157480075828008,False,False,True
PRAM1,0.8009733333333335,895,92.69,1,0,crossfit_oof_pu_bagging,0.8009733333333335,0.7614666666666664,False,False,-2.1513747321834784,4.0149805853721776e-20,19.396316550431656,down,True,2.3129752538205453,4.464349986004025,False,False,True
PLA1A,0.800846666666667,896,92.68,1,0,crossfit_oof_pu_bagging,0.800846666666667,0.7317999999999997,False,False,-1.652618281194899,2.907898612944678e-13,12.53642073969961,ns,False,2.9720810857213387,4.62469936691624,False,False,True
IL20RA,0.8006333333333338,897,92.67,1,0,crossfit_oof_pu_bagging,0.8006333333333338,0.7930666666666666,False,False,-1.402938175639581,7.347285692020941e-09,8.133873072710962,ns,False,2.8247244386399264,4.227662614279507,False,False,True
GPR37,0.8003533333333334,899,92.65,1,0,crossfit_oof_pu_bagging,0.8003533333333334,0.7677333333333333,False,False,1.3832602843142257,1.4977040921819023e-10,9.824573983583791,ns,False,2.1555871656279786,0.7723268813137522,False,False,True
PPP1R14C,0.8002933333333339,900,92.64,1,0,crossfit_oof_pu_bagging,0.8002933333333339,0.7749999999999995,False,False,-1.0982918286633043,9.302011947337273e-08,7.031423107024103,ns,False,4.377916049308149,5.476207877971453,False,False,True
DDIT4L,0.8001799999999999,901,92.64,1,0,crossfit_oof_pu_bagging,0.8001799999999999,0.7728333333333339,False,False,1.5886287827799763,7.779114305935022e-13,12.109069846961674,ns,False,2.785448474394642,1.196819691614666,False,False,True
FKBP10,0.7994200000000002,905,92.6,1,0,crossfit_oof_pu_bagging,0.7994200000000002,0.7603999999999999,False,False,1.3189247417134575,5.9473369519590234e-08,7.225677455442041,ns,False,6.246407018870086,4.92748227715663,False,False,True
ORC1,0.7992466666666665,907,92.59,1,0,crossfit_oof_pu_bagging,0.7992466666666665,0.811333333333333,False,False,1.8778431651172387,7.265341318404415e-17,16.138743978170137,ns,False,2.9500074723016185,1.0721643071843805,False,False,True
PGAP4,0.7988800000000003,909,92.57,1,0,crossfit_oof_pu_bagging,0.7988800000000003,0.7742666666666671,False,False,-1.1862360983153903,1.5342290869089258e-07,6.81410978787584,ns,False,2.3052055317846096,3.4914416301000006,False,False,True
ZNF385B,0.7987333333333336,910,92.56,1,0,crossfit_oof_pu_bagging,0.7987333333333336,0.8127666666666663,False,False,-2.637094686269013,3.13463874018736e-17,16.50381250337668,down,True,2.273284240742138,4.91037892701115,False,False,True
AGRP,0.7980933333333333,913,92.54,1,0,crossfit_oof_pu_bagging,0.7980933333333333,0.8054333333333337,False,False,-2.7930399099735808,7.938294580111484e-21,20.10027278900871,down,True,1.5184323001567446,4.311472210130328,False,False,True
IL20RB,0.7980599999999999,914,92.53,1,0,crossfit_oof_pu_bagging,0.7980599999999999,0.7675333333333331,False,False,1.607716773641033,4.544059465956712e-07,6.342555993853403,ns,False,2.517234271555004,0.909517497913971,False,False,True
ZDHHC11B,0.7978333333333335,916,92.51,1,0,crossfit_oof_pu_bagging,0.7978333333333335,0.7735333333333332,False,False,-1.2460146865067203,9.55885081627293e-09,8.019594316317058,ns,False,1.461529953737676,2.707544640244397,False,False,True
SLC46A2,0.7977133333333332,917,92.51,1,0,crossfit_oof_pu_bagging,0.7977133333333332,0.8046666666666666,False,False,-2.647928800409318,1.5761596655095673e-18,17.802399790439445,down,True,1.9009192868968792,4.548848087306196,False,False,True
IL2RA,0.7974066666666666,919,92.49,1,0,crossfit_oof_pu_bagging,0.7974066666666666,0.7433666666666674,False,False,1.3404379340468984,1.9784338775482667e-12,11.70367845997758,ns,False,3.157889974797566,1.817452040750669,False,False,True
MCM2,0.7972866666666668,920,92.48,1,0,crossfit_oof_pu_bagging,0.7972866666666668,0.769066666666667,False,False,1.6739534135177478,7.566903019681901e-13,12.121081832080655,ns,False,4.256751460259306,2.5827980467415568,False,False,True
EGR2,0.7969066666666674,923,92.46,1,0,crossfit_oof_pu_bagging,0.7969066666666674,0.7786666666666666,False,False,-1.5582446294739094,4.1250859118640245e-11,10.384567002105586,ns,False,3.645538640906138,5.203783270380046,False,False,True
HCAR1,0.7966266666666668,924,92.45,1,0,crossfit_oof_pu_bagging,0.7966266666666668,0.7779333333333339,False,False,1.0092647843503249,2.460899853672849e-05,4.608906059552877,ns,False,2.002934894765806,0.9936701104154818,False,False,True
ADAMTS16,0.796586666666667,925,92.44,1,0,crossfit_oof_pu_bagging,0.796586666666667,0.7750333333333338,False,False,1.4489904912043814,5.2764999824172665e-11,10.277654058971606,ns,False,2.0708363559499485,0.6218458647455666,False,False,True
FCGR3B,0.7959933333333337,927,92.42,1,0,crossfit_oof_pu_bagging,0.7959933333333337,0.7853666666666669,False,False,-1.5028103831595947,1.1629586480987744e-12,11.934435727422713,ns,False,1.9147460191429493,3.4175564023025458,False,False,True
C5ORF46,0.7952933333333334,928,92.42,1,0,crossfit_oof_pu_bagging,0.7952933333333334,0.812033333333333,False,False,1.1173073167969585,1.1492900474296994e-07,6.939570354164812,ns,False,1.862253685258848,0.7449463684618894,False,False,True
CPS1,0.7946600000000003,930,92.4,1,0,crossfit_oof_pu_bagging,0.7946600000000003,0.7374000000000003,False,False,1.1045865126271868,0.0017219271579126,2.763985224302618,ns,False,1.8942781810038365,0.7896916683766498,False,False,True
ADGRE1,0.7944866666666669,933,92.37,1,0,crossfit_oof_pu_bagging,0.7944866666666669,0.7987000000000004,False,False,-2.0977577179484896,4.574672761903663e-16,15.339639966686583,down,True,1.4243376797012055,3.522095397649696,False,False,True
RASGRF1,0.7940200000000004,935,92.36,1,0,crossfit_oof_pu_bagging,0.7940200000000004,0.8004666666666668,False,False,-2.42985405785996,2.906978124552844e-15,14.536558236348505,down,True,1.9490247612253548,4.3788788190853145,False,False,True
FAM177B,0.79402,936,92.35,1,0,crossfit_oof_pu_bagging,0.79402,0.7468999999999996,False,False,1.0318191126584026,5.480413334996239e-06,5.261186685614436,ns,False,1.6855131965410364,0.6536940838826343,False,False,True
GPER1,0.7936266666666665,939,92.33,1,0,crossfit_oof_pu_bagging,0.7936266666666665,0.7874333333333337,False,False,-1.9112325038842228,1.652835656473569e-15,14.781770326727964,ns,False,1.8066000797227948,3.71783258360702,False,False,True
SAPCD2,0.7929,943,92.29,1,0,crossfit_oof_pu_bagging,0.7929,0.7791333333333337,False,False,2.241645704842413,3.8161182477652113e-19,18.41837817653705,up,True,2.9337050612732187,0.6920593564308057,False,False,True
VPREB3,0.7928133333333333,944,92.28,1,0,crossfit_oof_pu_bagging,0.7928133333333333,0.7644333333333332,False,False,1.5984054697444066,2.2051517706109086e-10,9.656561514644885,ns,False,2.985867369563152,1.3874618998187451,False,False,True
TMEM88,0.7927933333333336,945,92.28,1,0,crossfit_oof_pu_bagging,0.7927933333333336,0.7909333333333337,False,False,-2.34367894558419,8.86387804951993e-25,24.052376227659067,down,True,2.6287802486180523,4.972459194202242,False,False,True
IER3,0.7926133333333336,946,92.27,1,0,crossfit_oof_pu_bagging,0.7926133333333336,0.7979333333333339,False,False,1.05423767136802,6.8916591863807485e-06,5.161676207883033,ns,False,6.2102665632369884,5.156028891868969,False,False,True
CA3,0.7912933333333332,951,92.23,1,0,crossfit_oof_pu_bagging,0.7912933333333332,0.7991333333333336,False,False,-1.8668242421480683,1.990898010458848e-15,14.70095098740074,ns,False,1.7205643423456944,3.587388584493763,False,False,True
BTNL9,0.790493333333333,953,92.21,1,0,crossfit_oof_pu_bagging,0.790493333333333,0.7903666666666664,False,False,-3.5371688382078017,1.49714792015863e-27,26.82473528867832,down,True,1.523096674366779,5.06026551257458,False,False,True
MUC20,0.7904333333333334,954,92.2,1,0,crossfit_oof_pu_bagging,0.7904333333333334,0.7741999999999999,False,False,1.204293562652415,3.304379182988707e-07,6.480910122480354,ns,False,3.634239913637917,2.4299463509855013,False,False,True
CACHD1,0.7902266666666669,955,92.19,1,0,crossfit_oof_pu_bagging,0.7902266666666669,0.7632999999999999,False,False,-1.5071837058448494,1.1596176600571868e-11,10.935685179306189,ns,False,2.9523915617865253,4.459575267631374,False,False,True
ARC,0.7892733333333334,958,92.17,1,0,crossfit_oof_pu_bagging,0.7892733333333334,0.8281000000000005,False,False,-2.349914559729472,1.819780796635129e-17,16.739980922204584,down,True,1.0183106828325683,3.36822524256204,False,False,True
S100A4,0.7877266666666671,969,92.08,1,0,crossfit_oof_pu_bagging,0.7877266666666671,0.8377999999999997,False,False,-1.5429979085643684,2.7376771960039887e-10,9.56261776155594,ns,False,8.791567567806583,10.334565476370951,False,False,True
HKDC1,0.7877266666666667,970,92.07,1,0,crossfit_oof_pu_bagging,0.7877266666666667,0.7478000000000004,False,False,1.1130110275573812,2.423876806063526e-06,5.615489457033156,ns,False,3.610335760167045,2.497324732609662,False,False,True
ERFE,0.7875866666666669,971,92.06,1,0,crossfit_oof_pu_bagging,0.7875866666666669,0.7898000000000005,False,False,1.2306633978512824,7.026969434954531e-09,8.153231935499276,ns,False,1.7967863745557997,0.5661229767045164,False,False,True
RSPO4,0.7874933333333334,972,92.06,1,0,crossfit_oof_pu_bagging,0.7874933333333334,0.7655333333333334,False,False,-2.010452700426658,1.608598237799113e-13,12.793552411397831,down,True,1.621523478479714,3.6319761789063705,False,False,True
GPX3,0.7868066666666671,973,92.05,1,0,crossfit_oof_pu_bagging,0.7868066666666671,0.7737000000000003,False,False,-2.4271978489616206,1.3290423772527241e-19,18.87646117111626,down,True,7.4506321554368435,9.877830004398463,False,False,True
SBK1,0.7861800000000004,978,92.01,1,0,crossfit_oof_pu_bagging,0.7861800000000004,0.7500333333333332,False,False,1.669665975516252,5.1359561995413216e-11,10.289378688673358,ns,False,3.785917740652396,2.1162517651361443,False,False,True
EFCC1,0.7858733333333336,979,92.0,1,0,crossfit_oof_pu_bagging,0.7858733333333336,0.7301666666666673,False,False,-2.655925534678872,1.4724914439964436e-26,25.83194722002876,down,True,2.0752011862017845,4.731126720880657,False,False,True
VMO1,0.7856133333333336,980,91.99,1,0,crossfit_oof_pu_bagging,0.7856133333333336,0.7704,False,False,-1.235770024461749,2.847799601874239e-12,11.545490575028971,ns,False,3.956323357641828,5.192093382103576,False,False,True
ASF1B,0.7854800000000002,981,91.98,1,0,crossfit_oof_pu_bagging,0.7854800000000002,0.7916000000000005,False,False,2.070379007469976,2.0609320868959965e-17,16.685936319124362,up,True,4.800152087911761,2.729773080441783,False,False,True
CDO1,0.7854066666666665,982,91.97,1,0,crossfit_oof_pu_bagging,0.7854066666666665,0.7418000000000007,False,False,-2.404412326090504,8.793650346949069e-24,23.05583080678653,down,True,1.8839031520698368,4.288315478160341,False,False,True
SFTA2,0.7853200000000005,983,91.97,1,0,crossfit_oof_pu_bagging,0.7853200000000005,0.7680000000000005,False,False,-1.168983279217361,0.0002038087721251,3.690777127476068,ns,False,7.5485550821681615,8.71753836138552,False,False,True
SFTPA2,0.7852199999999999,984,91.96,1,0,crossfit_oof_pu_bagging,0.7852199999999999,0.7447000000000006,False,False,-4.752182380088435,1.3067707957977776e-13,12.883800579863571,down,True,9.783351683184176,14.535534063272609,False,False,True
GINS2,0.7848466666666667,986,91.94,1,0,crossfit_oof_pu_bagging,0.7848466666666667,0.7797333333333331,False,False,2.0500387704225487,9.310914034421586e-20,19.0310076830766,up,True,3.427363891864664,1.377325121442116,False,False,True
FABP5,0.7848133333333336,987,91.93,1,0,crossfit_oof_pu_bagging,0.7848133333333336,0.766933333333334,False,False,-1.8822708500395309,3.792706159082619e-16,15.421050803074245,ns,False,3.6903245616750784,5.572595411714611,False,False,True
FCGR3A,0.7846466666666667,988,91.92,1,0,crossfit_oof_pu_bagging,0.7846466666666667,0.7916333333333334,False,False,-1.3747400332101494,1.6254377257169945e-08,7.789029664676346,ns,False,6.805201231745153,8.179941264955303,False,False,True
NR0B2,0.7845866666666669,989,91.92,1,0,crossfit_oof_pu_bagging,0.7845866666666669,0.7623666666666673,False,False,-2.0862863295564886,1.157797900776904e-12,11.936367242195224,down,True,1.8247855934526176,3.911071923009105,False,False,True
TRIP13,0.7844733333333338,990,91.91,1,0,crossfit_oof_pu_bagging,0.7844733333333338,0.7271666666666667,False,False,2.083776454779467,1.0699482432605524e-11,10.97063722998768,up,True,4.10802374158678,2.0242472868073134,False,False,True
DNASE1L3,0.784326666666667,991,91.9,1,0,crossfit_oof_pu_bagging,0.784326666666667,0.7815666666666662,False,False,-2.748003273892785,1.0208313230925989e-17,16.991046012567303,down,True,1.6007509487436782,4.348754222636464,False,False,True
CX3CR1,0.7840866666666667,992,91.89,1,0,crossfit_oof_pu_bagging,0.7840866666666667,0.7964666666666664,False,False,-1.5253941374250324,1.4424850095828644e-12,11.840888691371031,ns,False,2.054298345815473,3.579692483240505,False,False,True
SEMA3E,0.7840533333333336,993,91.88,1,0,crossfit_oof_pu_bagging,0.7840533333333336,0.7522666666666665,False,False,-1.276084140288396,3.4923610442753085e-08,7.456880864785726,ns,False,1.780975850804918,3.0570599910933143,False,False,True
FABP4,0.7839666666666663,994,91.88,1,0,crossfit_oof_pu_bagging,0.7839666666666663,0.7553666666666671,False,False,-5.503267327350038,4.693848479491704e-30,29.328470933821947,down,True,2.756761623364537,8.260028950714572,False,False,True
COL7A1,0.7829133333333335,998,91.84,1,0,crossfit_oof_pu_bagging,0.7829133333333335,0.7621999999999999,False,False,1.373066443588585,1.1510476142923924e-09,8.938906710951665,ns,False,2.275626145963748,0.902559702375163,False,False,True
ITGA8,0.7811266666666666,1000,91.83,1,0,crossfit_oof_pu_bagging,0.7811266666666666,0.7864666666666674,False,False,-2.0024825085244733,1.0454731578630612e-19,18.980687113053488,down,True,2.984220894546708,4.986703403071182,False,False,True
PNMT,0.7808666666666667,1001,91.82,1,0,crossfit_oof_pu_bagging,0.7808666666666667,0.7757999999999998,False,False,-1.144154527609217,6.760397513414453e-08,7.170027766660923,ns,False,1.031714385507631,2.175868913116848,False,False,True
ABCA4,0.7808266666666666,1002,91.81,1,0,crossfit_oof_pu_bagging,0.7808266666666666,0.7515333333333328,False,False,1.1130320628337749,2.965464440928884e-05,4.527907279251943,ns,False,1.848921127371988,0.7358890645382133,False,False,True
COLEC12,0.780786666666667,1003,91.8,1,0,crossfit_oof_pu_bagging,0.780786666666667,0.7939333333333332,False,False,-1.7220442629857595,1.898859850363393e-14,13.721507088164485,ns,False,4.218141527602739,5.940185790588499,False,False,True
SPRR1A,0.7805333333333333,1005,91.79,1,0,crossfit_oof_pu_bagging,0.7805333333333333,0.7796666666666671,False,False,1.283877827065879,6.157842424281781e-06,5.210571428641735,ns,False,1.788593007863741,0.5047151807978617,False,False,True
BMP8A,0.7802066666666669,1011,91.74,1,0,crossfit_oof_pu_bagging,0.7802066666666669,0.7826333333333335,False,False,1.5480500117990403,2.432052862925903e-13,12.614026989503124,ns,False,2.531415159237444,0.9833651474384032,False,False,True
DTL,0.7801400000000003,1012,91.73,1,0,crossfit_oof_pu_bagging,0.7801400000000003,0.7645333333333335,False,False,1.6445276315375297,8.475230126910792e-11,10.071848500618612,ns,False,3.4895257527369914,1.844998121199462,False,False,True
SPRR2D,0.7795799999999998,1017,91.69,1,0,crossfit_oof_pu_bagging,0.7795799999999998,0.7832333333333336,False,False,1.2171324131103731,3.9552650343939e-05,4.402824409987217,ns,False,1.6138913477965682,0.3967589346861954,False,False,True
ADAMTS8,0.7793800000000004,1018,91.68,1,0,crossfit_oof_pu_bagging,0.7793800000000004,0.752,False,False,-3.5060757306681567,1.779346244566956e-25,24.749739533943423,down,True,1.872245503176004,5.378321233844159,False,False,True
PRRT1B,0.7782400000000002,1022,91.65,1,0,crossfit_oof_pu_bagging,0.7782400000000002,0.7398666666666662,False,False,-2.06536190776629,7.147731374757826e-15,14.145831777466414,down,True,1.8881683681547607,3.95353027592105,False,False,True
NOSTRIN,0.7777466666666668,1024,91.63,1,0,crossfit_oof_pu_bagging,0.7777466666666668,0.7424999999999995,False,False,-1.688695202345954,1.566127921025395e-17,16.805172767740075,ns,False,2.826561668505705,4.515256870851657,False,False,True
CTSW,0.7776466666666668,1025,91.62,1,0,crossfit_oof_pu_bagging,0.7776466666666668,0.7552333333333331,False,False,-1.3262315656455628,1.3664067788912228e-13,12.864419992068015,ns,False,3.9396631666773616,5.265894732322924,False,False,True
FAM183A,0.7775533333333332,1026,91.61,1,0,crossfit_oof_pu_bagging,0.7775533333333332,0.7229000000000007,False,False,-1.7942743750220438,9.552805918547994e-07,6.019869045593497,ns,False,2.6293686907528926,4.423643065774939,False,False,True
ATP1A2,0.7774533333333334,1027,91.61,1,0,crossfit_oof_pu_bagging,0.7774533333333334,0.7440666666666668,False,False,-1.6796178497551095,3.794814241144637e-19,18.420809478271885,ns,False,0.9179710857211844,2.5975889354762955,False,False,True
GINS1,0.7769800000000001,1028,91.6,1,0,crossfit_oof_pu_bagging,0.7769800000000001,0.7875666666666675,False,False,2.106557027446033,5.143133197164146e-18,17.288772228149387,up,True,3.4178020941568223,1.3112450667107884,False,False,True
PXDN,0.7763066666666673,1032,91.56,1,0,crossfit_oof_pu_bagging,0.7763066666666673,0.7431999999999996,False,False,1.0138939542742371,2.989114336907584e-05,4.524457472401893,ns,False,5.415410788212659,4.401516833938423,False,False,True
C5ORF38,0.7759333333333337,1033,91.56,1,0,crossfit_oof_pu_bagging,0.7759333333333337,0.7816333333333341,False,False,-2.3082179256632767,7.379070076723945e-15,14.131998365276406,down,True,2.7046355797415504,5.01285350540483,False,False,True
SCD5,0.7741333333333337,1038,91.52,1,0,crossfit_oof_pu_bagging,0.7741333333333337,0.7963333333333332,False,False,-1.7544476738370518,1.5029999400169365e-13,12.823041036745304,ns,False,3.593468275861606,5.347915949698657,False,False,True
LAMA3,0.7740666666666668,1039,91.51,1,0,crossfit_oof_pu_bagging,0.7740666666666668,0.7535333333333328,False,False,-1.424729707688802,6.405270527971137e-07,6.193462523011575,ns,False,3.901793702941629,5.326523410630431,False,False,True
NPNT,0.77394,1040,91.5,1,0,crossfit_oof_pu_bagging,0.77394,0.7375000000000006,False,False,-2.264070135347324,1.0947127877360888e-19,18.960699808735107,down,True,4.842692080808262,7.106762216155586,False,False,True
KIF26B,0.7725866666666668,1041,91.49,1,0,crossfit_oof_pu_bagging,0.7725866666666668,0.8316,False,False,2.416224622130234,5.0422721934729935e-22,21.2973737138098,up,True,3.517119780720084,1.1008951585898503,False,False,True
MNDA,0.7724866666666671,1042,91.48,1,0,crossfit_oof_pu_bagging,0.7724866666666671,0.8081666666666665,False,False,-1.4749530340132364,8.44322217893096e-13,12.073491782346569,ns,False,4.837136019303703,6.312089053316938,False,False,True
TENT5B,0.7723933333333335,1044,91.47,1,0,crossfit_oof_pu_bagging,0.7723933333333335,0.786333333333333,False,False,-2.733773271536697,3.6436697732501744e-24,23.438460990138648,down,True,2.950698569508466,5.6844718410451645,False,False,True
NPR1,0.7717666666666669,1050,91.42,1,0,crossfit_oof_pu_bagging,0.7717666666666669,0.7559333333333341,False,False,-2.7520394427397576,4.362386904373211e-25,24.36027581904556,down,True,2.9667220830492247,5.718761525788983,False,False,True
CD52,0.771366666666667,1051,91.41,1,0,crossfit_oof_pu_bagging,0.771366666666667,0.7790000000000006,False,False,-2.519762002718419,4.599817216054221e-20,19.33725942563065,down,True,6.351520976802837,8.871282979521258,False,False,True
GPR84,0.7713599999999999,1052,91.4,1,0,crossfit_oof_pu_bagging,0.7713599999999999,0.7352333333333338,False,False,1.3078004162587562,6.026328074756357e-12,11.21994722892255,ns,False,2.500909747437716,1.193109331178961,False,False,True
C11ORF96,0.771026666666667,1054,91.38,1,0,crossfit_oof_pu_bagging,0.771026666666667,0.7118000000000002,False,False,-1.848379157711055,3.754550285109237e-15,14.425442074742882,ns,False,4.720385205927391,6.568764363638447,False,False,True
BEAN1,0.7704866666666665,1056,91.37,1,0,crossfit_oof_pu_bagging,0.7704866666666665,0.7148333333333338,False,False,1.397556875700253,1.9391138810572656e-11,10.712396684751909,ns,False,2.021558671178078,0.6240017954778249,False,False,True
ACY3,0.7701,1057,91.36,1,0,crossfit_oof_pu_bagging,0.7701,0.7519333333333335,False,False,1.459723056010533,2.626937374075919e-13,12.5805502806275,ns,False,2.576505719302229,1.1167826632916968,False,False,True
MUCL3,0.7699066666666669,1061,91.33,1,0,crossfit_oof_pu_bagging,0.7699066666666669,0.7264333333333343,False,False,-1.7611581378597894,4.595358070484425e-07,6.337680642716006,ns,False,1.8453666908260715,3.60652482868586,False,False,True
RHOBTB2,0.7693466666666666,1062,91.32,1,0,crossfit_oof_pu_bagging,0.7693466666666666,0.7768333333333336,False,False,-1.494552076339394,1.6800660427788483e-11,10.774673645982068,ns,False,4.711601771917469,6.206153848256862,False,False,True
LGR4,0.768946666666667,1063,91.31,1,0,crossfit_oof_pu_bagging,0.768946666666667,0.8116666666666669,False,False,2.3349152513670264,3.0727668307467013e-20,19.51247039384777,up,True,5.038682141012934,2.7037668896459093,False,False,True
PRSS12,0.7682400000000003,1066,91.29,1,0,crossfit_oof_pu_bagging,0.7682400000000003,0.7649666666666668,False,False,-1.2778842094299037,7.255805310520931e-09,8.139314378883574,ns,False,1.7017324988092877,2.979616708239192,False,False,True
SOX17,0.7680200000000001,1067,91.28,1,0,crossfit_oof_pu_bagging,0.7680200000000001,0.7494000000000004,False,False,-2.131073268989554,3.99720661806546e-18,17.39824340221113,down,True,1.9842934446184133,4.115366713607968,False,False,True
SFTPA1,0.7675933333333337,1069,91.26,1,0,crossfit_oof_pu_bagging,0.7675933333333337,0.7457666666666668,False,False,-4.982547580555966,1.894418127484992e-14,13.722524159219718,down,True,9.46528569872462,14.447833279280584,False,False,True
CERCAM,0.7671466666666669,1071,91.25,1,0,crossfit_oof_pu_bagging,0.7671466666666669,0.7502666666666674,False,False,1.3756552831826634,5.0712038859917687e-11,10.294888928442235,ns,False,4.963967297666356,3.5883120144836904,False,False,True
C9ORF24,0.7671466666666665,1072,91.24,1,0,crossfit_oof_pu_bagging,0.7671466666666665,0.7185000000000001,False,False,-2.459060183379242,4.0225017476246783e-10,9.395503758544386,down,True,2.0518321912267834,4.510892374606026,False,False,True
CD69,0.7663666666666665,1074,91.22,1,0,crossfit_oof_pu_bagging,0.7663666666666665,0.8092333333333332,False,False,-1.0414148025487502,2.752956771770368e-06,5.560200608050545,ns,False,3.6965284801932,4.73794328274195,False,False,True
HSPB6,0.76628,1075,91.21,1,0,crossfit_oof_pu_bagging,0.76628,0.7309999999999998,False,False,-2.33384186893367,7.934749717566433e-19,18.10046676745911,down,True,1.9107219148163808,4.244563783750049,False,False,True
APOLD1,0.7662733333333336,1076,91.2,1,0,crossfit_oof_pu_bagging,0.7662733333333336,0.6852666666666664,False,False,-1.3420073444958671,1.7447101078372055e-09,8.758276722874086,ns,False,3.381780204055414,4.723787548551282,False,False,True
ADAMTSL4,0.766126666666667,1077,91.2,1,0,crossfit_oof_pu_bagging,0.766126666666667,0.741866666666667,False,False,-1.9923427616706504,3.2023480241416765e-21,20.494531471682507,ns,False,3.1656189644878427,5.157961726158492,False,False,True
CASQ2,0.7660266666666669,1078,91.19,1,0,crossfit_oof_pu_bagging,0.7660266666666669,0.7610666666666674,False,False,-1.8700863067250704,7.846141041160242e-17,16.105343889317997,ns,False,0.9907217871953216,2.8608080939203937,False,False,True
CENPU,0.7653466666666668,1080,91.17,1,0,crossfit_oof_pu_bagging,0.7653466666666668,0.7944333333333339,False,False,1.8402790767519048,5.012042969528324e-17,16.29998521434408,ns,False,3.788633819619592,1.9483547428676864,False,False,True
HCK,0.7653133333333334,1081,91.16,1,0,crossfit_oof_pu_bagging,0.7653133333333334,0.7771333333333336,False,False,-1.2939652299330304,2.0990985019979256e-09,8.677967181298294,ns,False,5.201527917931893,6.49549314786492,False,False,True
MGAT3,0.7648666666666667,1084,91.14,1,0,crossfit_oof_pu_bagging,0.7648666666666667,0.7341000000000005,False,False,-3.290314077032412,4.146615076091228e-25,24.38230627765464,down,True,1.9959213987346096,5.286235475767022,False,False,True
KCNQ3,0.76476,1086,91.12,1,0,crossfit_oof_pu_bagging,0.76476,0.7356000000000008,False,False,1.2558397158751358,5.791640229558055e-09,8.237198423877642,ns,False,2.890727340753183,1.6348876248780455,False,False,True
UPK3A,0.7647066666666668,1087,91.11,1,0,crossfit_oof_pu_bagging,0.7647066666666668,0.7322333333333332,False,False,1.0006303975527242,2.412875265374997e-06,5.617465128551027,ns,False,1.6194842716636324,0.6188538741109081,False,False,True
KLRF1,0.7641199999999999,1088,91.11,1,0,crossfit_oof_pu_bagging,0.7641199999999999,0.7492,False,False,-1.2648676621172084,2.9445274041314536e-08,7.530984399433058,ns,False,1.625500478528041,2.890368140645248,False,False,True
DCSTAMP,0.7638933333333333,1089,91.1,1,0,crossfit_oof_pu_bagging,0.7638933333333333,0.7624666666666666,False,False,-1.671715427066459,5.104861832461268e-14,13.292016007977011,ns,False,1.3289143528528908,3.000629779919349,False,False,True
FCRL5,0.7638200000000004,1091,91.08,1,0,crossfit_oof_pu_bagging,0.7638200000000004,0.7477333333333335,False,False,1.345426032528514,8.791245248788145e-13,12.055949604292104,ns,False,1.98234379966206,0.6369177671335461,False,False,True
ABCC3,0.7634933333333337,1092,91.07,1,0,crossfit_oof_pu_bagging,0.7634933333333337,0.7802666666666671,False,False,1.8749498503944533,1.479823479714817e-14,13.829790086198225,ns,False,5.775307559896789,3.900357709502337,False,False,True
NECTIN4,0.7631333333333336,1094,91.06,1,0,crossfit_oof_pu_bagging,0.7631333333333336,0.792533333333333,False,False,1.8559685371889807,2.0612393018748344e-14,13.68587158539171,ns,False,5.5725703064605545,3.716601769271577,False,False,True
OTULINL,0.7628133333333336,1098,91.02,1,0,crossfit_oof_pu_bagging,0.7628133333333336,0.7717333333333335,False,False,-1.6624043440592584,1.7442739559890183e-14,13.75838530367495,ns,False,3.882560240944984,5.544964585004243,False,False,True
SOSTDC1,0.7619800000000002,1102,90.99,1,0,crossfit_oof_pu_bagging,0.7619800000000002,0.742933333333333,False,False,-3.7880492228350406,8.125880362022269e-22,21.09012957611446,down,True,1.3810018573775544,5.169051080212597,False,False,True
TDRD10,0.7617200000000002,1105,90.97,1,0,crossfit_oof_pu_bagging,0.7617200000000002,0.7244999999999998,False,False,-1.4381910021930866,9.427719154675674e-09,8.025593363291467,ns,False,1.7107025907119584,3.1488935929050466,False,False,True
HRCT1,0.7612800000000004,1107,90.95,1,0,crossfit_oof_pu_bagging,0.7612800000000004,0.7614333333333339,False,False,-1.737388693524733,1.1395931049244492e-18,17.943250187110976,ns,False,2.232659115390989,3.970047808915723,False,False,True
ST6GALNAC5,0.7610666666666667,1109,90.93,1,0,crossfit_oof_pu_bagging,0.7610666666666667,0.745833333333334,False,False,-1.755956091799783,2.045423977000892e-12,11.689216657442834,ns,False,2.5898983356466854,4.345854427446466,False,False,True
ADGRF5,0.7610600000000006,1110,90.93,1,0,crossfit_oof_pu_bagging,0.7610600000000006,0.7606666666666668,False,False,-1.6678842318468918,3.21305521644881e-10,9.49308181102085,ns,False,6.339727728478651,8.007611960325542,False,False,True
GDF10,0.7607800000000002,1111,90.92,1,0,crossfit_oof_pu_bagging,0.7607800000000002,0.7358333333333342,False,False,-3.2932977218658546,3.4123098277174747e-26,25.466951543049888,down,True,1.775658987355302,5.068956709221156,False,False,True
HLA-DRB5,0.7586733333333335,1118,90.86,1,0,crossfit_oof_pu_bagging,0.7586733333333335,0.7669999999999999,False,False,-1.3028250292466828,7.287873099473646e-10,9.137399198147868,ns,False,9.364488335299464,10.667313364546146,False,False,True
SVEP1,0.7582733333333332,1120,90.84,1,0,crossfit_oof_pu_bagging,0.7582733333333332,0.7064666666666666,False,False,-1.6909699462347012,1.3644801264913656e-14,13.865032785401189,ns,False,2.7162734702667515,4.407243416501452,False,False,True
SKA3,0.7580800000000001,1122,90.83,1,0,crossfit_oof_pu_bagging,0.7580800000000001,0.7358999999999999,False,False,2.0172888700741445,7.936732777032209e-18,17.100358241769964,up,True,2.860149815167449,0.8428609450933044,False,False,True
CTSV,0.7555133333333336,1124,90.81,1,0,crossfit_oof_pu_bagging,0.7555133333333336,0.7285000000000004,False,False,1.1487651713464426,1.7780654261807157e-06,5.750052262653498,ns,False,2.251374670720552,1.1026094993741082,False,False,True
MS4A2,0.7540733333333334,1127,90.79,1,0,crossfit_oof_pu_bagging,0.7540733333333334,0.7408333333333337,False,False,-1.782873773202446,6.74040462916891e-17,16.171314031811765,ns,False,1.867597320737432,3.650471093939878,False,False,True
SPTBN2,0.7539800000000002,1128,90.78,1,0,crossfit_oof_pu_bagging,0.7539800000000002,0.7396000000000007,False,False,1.93109184446746,4.6663967369730096e-18,17.33101834026292,ns,False,3.902970977872932,1.971879133405473,False,False,True
ARHGEF26,0.7538066666666667,1129,90.77,1,0,crossfit_oof_pu_bagging,0.7538066666666667,0.7231999999999997,False,False,-2.793469171267071,9.342066427579192e-24,23.029557048948416,down,True,3.060749936765768,5.854219108032837,False,False,True
SLC15A2,0.7536333333333332,1130,90.76,1,0,crossfit_oof_pu_bagging,0.7536333333333332,0.7618666666666676,False,False,-1.9198104133585536,6.325657232718174e-15,14.19889434482184,ns,False,3.5339685161472403,5.453778929505794,False,False,True
CTSG,0.7531333333333337,1132,90.75,1,0,crossfit_oof_pu_bagging,0.7531333333333337,0.7214666666666668,False,False,-1.2803438975477794,2.792400077499381e-10,9.554022358612375,ns,False,1.8462918874168053,3.1266357849645856,False,False,True
ATF3,0.7528,1134,90.73,1,0,crossfit_oof_pu_bagging,0.7528,0.700666666666667,False,False,-1.675581989073336,9.058267674491443e-11,10.04295484993293,ns,False,5.047329758687428,6.722911747760768,False,False,True
UNC13D,0.7520533333333336,1137,90.71,1,0,crossfit_oof_pu_bagging,0.7520533333333336,0.7394333333333332,False,False,-1.2982192838921065,1.3334417445999704e-11,10.875025953016038,ns,False,4.4483441428041,5.746563426696205,False,False,True
SNX22,0.7516200000000002,1140,90.68,1,0,crossfit_oof_pu_bagging,0.7516200000000002,0.7110999999999996,False,False,-2.048294029297295,6.165492597117425e-23,22.210032219366138,down,True,1.3272974571339713,3.375591486431266,False,False,True
GOLGA7B,0.7515333333333336,1141,90.67,1,0,crossfit_oof_pu_bagging,0.7515333333333336,0.7772333333333339,False,False,1.501662588636563,3.66222547573332e-12,11.436254920588045,ns,False,3.0133054211034507,1.5116428324668878,False,False,True
CAMK2N1,0.7513066666666667,1143,90.66,1,0,crossfit_oof_pu_bagging,0.7513066666666667,0.7074333333333332,False,False,-1.2578212155852335,9.044750752367484e-09,8.04360339656126,ns,False,5.352189868240607,6.610011083825839,False,False,True
PTGIS,0.7512800000000001,1144,90.65,1,0,crossfit_oof_pu_bagging,0.7512800000000001,0.748733333333333,False,False,-1.146159700493707,1.0611427417036333e-07,6.974226192192387,ns,False,4.043284015069073,5.189443715562783,False,False,True
PI16,0.751026666666667,1145,90.64,1,0,crossfit_oof_pu_bagging,0.751026666666667,0.7523333333333335,False,False,-2.631487061482508,4.06277144700569e-18,17.391177608413468,down,True,0.9015889892151324,3.53307605069764,False,False,True
CPM,0.7509066666666667,1146,90.63,1,0,crossfit_oof_pu_bagging,0.7509066666666667,0.7783333333333331,False,False,-1.09192166919152,1.6961999735111403e-06,5.770522947909035,ns,False,5.916920212315394,7.008841881506913,False,False,True
GPM6A,0.7502933333333333,1149,90.61,1,0,crossfit_oof_pu_bagging,0.7502933333333333,0.7154333333333338,False,False,-3.804321924209336,9.790463168908888e-28,27.009196762033103,down,True,1.0004947746135089,4.804816698822844,False,False,True
AC007906.2,0.7496933333333333,1152,90.58,1,0,crossfit_oof_pu_bagging,0.7496933333333333,0.656233333333333,False,False,-1.8708437918033207,2.376063091432849e-08,7.62414203174751,ns,False,2.3812950058354008,4.252138797638723,False,False,True
H3C10,0.7496800000000002,1153,90.57,1,0,crossfit_oof_pu_bagging,0.7496800000000002,0.7571333333333335,False,False,1.2932820278101165,6.051129458036382e-11,10.218163555659636,ns,False,2.8280530543437603,1.5347710265336436,False,False,True
FSTL3,0.74926,1155,90.56,1,0,crossfit_oof_pu_bagging,0.74926,0.7224000000000006,False,False,-1.0351933740305128,2.878158122701949e-08,7.540885350103892,ns,False,5.313755474788151,6.348948848818663,False,False,True
FOXF1,0.7485133333333333,1160,90.52,1,0,crossfit_oof_pu_bagging,0.7485133333333333,0.7587666666666667,False,False,-2.412129588802978,1.829255451364995e-21,20.73772564205146,down,True,3.08219893065744,5.494328519460417,False,False,True
ADRB1,0.7476733333333334,1165,90.48,1,0,crossfit_oof_pu_bagging,0.7476733333333334,0.74,False,False,-3.2669267252381187,8.706341147088142e-24,23.060164319559146,down,True,1.6418521283108736,4.908778853548993,False,False,True
LDLR,0.7474800000000001,1166,90.47,1,0,crossfit_oof_pu_bagging,0.7474800000000001,0.7028666666666663,False,False,-1.9472949486075544,1.7617321567714581e-15,14.754060118442837,ns,False,5.214061596240225,7.16135654484778,False,False,True
ABCA8,0.7472933333333334,1167,90.46,1,0,crossfit_oof_pu_bagging,0.7472933333333334,0.7136999999999994,False,False,-2.658934919045506,1.8150439905063874e-24,23.74111284467599,down,True,1.5963798029428582,4.255314721988363,False,False,True
C14ORF132,0.7462466666666667,1172,90.42,1,0,crossfit_oof_pu_bagging,0.7462466666666667,0.7093333333333331,False,False,-2.412820833751945,1.5115059667486475e-20,19.82059013408266,down,True,2.905098116734649,5.317918950486595,False,False,True
FCRLA,0.7461866666666668,1173,90.41,1,0,crossfit_oof_pu_bagging,0.7461866666666668,0.7217333333333334,False,False,1.184098285610259,9.73849383604074e-10,9.011508206291513,ns,False,2.180623171054929,0.9965248854446708,False,False,True
KRT4,0.7461466666666668,1174,90.4,1,0,crossfit_oof_pu_bagging,0.7461466666666668,0.705733333333333,False,False,-3.9266997703186033,6.1762457153670535e-24,23.209275434384548,down,True,1.4806318154623523,5.4073315857809545,False,False,True
SELENOP,0.7461066666666667,1175,90.39,1,0,crossfit_oof_pu_bagging,0.7461066666666667,0.7714666666666675,False,False,-1.738430135393844,3.044845543318148e-13,12.51643473304292,ns,False,4.608269585589066,6.34669972098291,False,False,True
SLC17A9,0.7449933333333332,1179,90.36,1,0,crossfit_oof_pu_bagging,0.7449933333333332,0.7565666666666667,False,False,1.3773551471040066,1.783109908497143e-12,11.748821886671696,ns,False,3.231754033807682,1.854398886703676,False,False,True
PF4,0.7447799999999999,1181,90.35,1,0,crossfit_oof_pu_bagging,0.7447799999999999,0.7347333333333338,False,False,-1.5050689934665509,3.1603723957556875e-10,9.500261740200305,ns,False,0.9091030102688582,2.414172003735408,False,False,True
VEPH1,0.7447333333333336,1182,90.34,1,0,crossfit_oof_pu_bagging,0.7447333333333336,0.7447333333333338,False,False,-2.998136927461503,4.45391340786794e-22,21.351258230690103,down,True,2.3215310658770827,5.3196679933385855,False,False,True
APOBR,0.7440800000000001,1184,90.32,1,0,crossfit_oof_pu_bagging,0.7440800000000001,0.7326000000000003,False,False,-1.7678440550546943,8.176813750764207e-16,15.087415894376615,ns,False,3.575341350817661,5.343185405872355,False,False,True
C8B,0.7435066666666671,1185,90.31,1,0,crossfit_oof_pu_bagging,0.7435066666666671,0.7651333333333332,False,False,-2.876909996579268,2.4547088057202375e-19,18.610000019455303,down,True,1.0001771639525716,3.8770871605318393,False,False,True
PRR11,0.7434933333333333,1186,90.3,1,0,crossfit_oof_pu_bagging,0.7434933333333333,0.7840666666666665,False,False,1.7080038367349724,1.177059597045774e-13,12.929201547341052,ns,False,3.3889396383258275,1.6809358015908542,False,False,True
CD101,0.7433866666666666,1188,90.29,1,0,crossfit_oof_pu_bagging,0.7433866666666666,0.7412999999999997,False,False,-2.134398576416559,9.9933685136767e-19,18.00028809732794,down,True,1.9043390413151229,4.038737617731681,False,False,True
IGSF10,0.7428866666666668,1189,90.28,1,0,crossfit_oof_pu_bagging,0.7428866666666668,0.7259333333333332,False,False,-2.455619338182495,8.561120863358998e-22,21.067469371665805,down,True,1.1758896213037786,3.631508959486274,False,False,True
LDB2,0.7426266666666668,1191,90.26,1,0,crossfit_oof_pu_bagging,0.7426266666666668,0.726,False,False,-2.3614322320016896,5.630059180018013e-24,23.24948704006514,down,True,3.2334857045100343,5.594917936511722,False,False,True
GFRA1,0.7425400000000002,1192,90.26,1,0,crossfit_oof_pu_bagging,0.7425400000000002,0.7106333333333337,False,False,-1.2766802926033416,8.340836708263388e-12,11.078790381070284,ns,False,1.2746749196587026,2.5513552122620444,False,False,True
LRP2,0.7422666666666669,1193,90.25,1,0,crossfit_oof_pu_bagging,0.7422666666666669,0.7253666666666669,False,False,-1.1954533942327683,6.395265028691733e-07,6.1941414530440655,ns,False,1.7049479780322665,2.9004013722650344,False,False,True
LHFPL3,0.742006666666667,1194,90.24,1,0,crossfit_oof_pu_bagging,0.742006666666667,0.7423999999999998,False,False,-2.18912919221964,9.460480891160229e-24,23.024086787163835,down,True,0.7554475394962207,2.944576731715861,False,False,True
F2RL3,0.7418800000000001,1196,90.22,1,0,crossfit_oof_pu_bagging,0.7418800000000001,0.7132666666666672,False,False,-1.2920451711996157,3.11940865614611e-10,9.50592772704356,ns,False,2.5824733168292577,3.8745184880288734,False,False,True
ITM2A,0.7418666666666667,1198,90.21,1,0,crossfit_oof_pu_bagging,0.7418666666666667,0.7250000000000004,False,False,-2.005210000822017,3.356486462927777e-19,18.47411510003205,down,True,4.721964066443096,6.727174067265118,False,False,True
TNNI2,0.7416933333333334,1199,90.2,1,0,crossfit_oof_pu_bagging,0.7416933333333334,0.7447666666666669,False,False,-2.008078580313492,3.5042409554792693e-19,18.45540603890888,down,True,2.0241231647157067,4.032201745029197,False,False,True
STRIP2,0.7413400000000003,1201,90.18,1,0,crossfit_oof_pu_bagging,0.7413400000000003,0.7487333333333334,False,False,1.4097937229835673,6.198958246997528e-10,9.207681288823398,ns,False,2.456530216737741,1.0467364937541732,False,False,True
FOXO6,0.7411333333333335,1203,90.17,1,0,crossfit_oof_pu_bagging,0.7411333333333335,0.7283666666666669,False,False,1.0071988236933382,5.09291998592636e-07,6.293033146903269,ns,False,2.22689682785158,1.219698004158242,False,False,True
MYOZ1,0.74054,1208,90.12,1,0,crossfit_oof_pu_bagging,0.74054,0.7428333333333335,False,False,-2.0973719539040734,7.481712991055711e-18,17.12599895596026,down,True,1.874124169475978,3.971496123380053,False,False,True
DBNDD1,0.7401266666666665,1212,90.09,1,0,crossfit_oof_pu_bagging,0.7401266666666665,0.7868333333333338,False,False,1.7323347417317685,3.722442521093245e-17,16.429171999543485,ns,False,4.541296383053015,2.808961641321245,False,False,True
SLC51B,0.7397333333333334,1215,90.07,1,0,crossfit_oof_pu_bagging,0.7397333333333334,0.7319666666666667,False,False,-2.1224953027358366,8.862991225099288e-16,15.052419680673433,down,True,2.045964110559253,4.16845941329509,False,False,True
GATA6,0.7395533333333335,1216,90.06,1,0,crossfit_oof_pu_bagging,0.7395533333333335,0.7161666666666668,False,False,-2.005717856922149,4.641097040537275e-19,18.33337935083776,down,True,3.011156859909771,5.016874716831923,False,False,True
BNIPL,0.7393466666666668,1219,90.03,1,0,crossfit_oof_pu_bagging,0.7393466666666668,0.7143666666666664,False,False,-1.211402420869147,1.348815741643903e-07,6.870047374162698,ns,False,2.5795898132609034,3.790992234130048,False,False,True
CYBB,0.7391133333333333,1220,90.03,1,0,crossfit_oof_pu_bagging,0.7391133333333333,0.7138000000000002,False,False,-1.266912213638909,1.0630894992543692e-08,7.973430171604539,ns,False,6.333133602682,7.600045816320913,False,False,True
ITLN2,0.7387533333333337,1221,90.02,1,0,crossfit_oof_pu_bagging,0.7387533333333337,0.728266666666667,False,False,-4.909026149877782,2.8706168796957277e-32,31.54202476575385,down,True,0.7016871435291855,5.610713293406966,False,False,True
HMGCS2,0.7383800000000003,1222,90.01,1,0,crossfit_oof_pu_bagging,0.7383800000000003,0.7114333333333335,False,False,-1.6392513178877532,6.855452200948508e-08,7.163963892894979,ns,False,0.8722113690356172,2.511462686923371,False,False,True
DUOXA1,0.7373333333333333,1225,89.99,1,0,crossfit_oof_pu_bagging,0.7373333333333333,0.7576999999999995,False,False,-2.614798749075269,3.9962286235499787e-19,18.398349673822946,down,True,2.7158776275270404,5.33067637660231,False,False,True
FGFBP2,0.7371000000000001,1227,89.97,1,0,crossfit_oof_pu_bagging,0.7371000000000001,0.6911666666666672,False,False,-2.587625916030889,9.509803884062438e-19,18.02182843920851,down,True,1.0802235949837315,3.667849511014624,False,False,True
SMIM22,0.7368599999999998,1229,89.95,1,0,crossfit_oof_pu_bagging,0.7368599999999998,0.6683333333333332,False,False,1.3565551666604367,3.246288720329626e-10,9.48861285725476,ns,False,4.08864211771988,2.732086951059443,False,False,True
ITLN1,0.7365066666666666,1231,89.94,1,0,crossfit_oof_pu_bagging,0.7365066666666666,0.7243999999999999,False,False,-3.0025466141221395,8.275337357487046e-10,9.082214292475676,down,True,1.03734048097315,4.039887095095289,False,False,True
BIK,0.736006666666667,1232,89.93,1,0,crossfit_oof_pu_bagging,0.736006666666667,0.698866666666667,False,False,1.2178565009439577,4.944911502820731e-09,8.305841476398559,ns,False,4.078227616553408,2.86037111560945,False,False,True
FOLR3,0.7360066666666668,1233,89.92,1,0,crossfit_oof_pu_bagging,0.7360066666666668,0.7519333333333326,False,False,-2.4638601746926776,1.2176585727546497e-23,22.914474469301894,down,True,0.6645504713598287,3.1284106460525063,False,False,True
LRRC36,0.7360000000000001,1234,89.91,1,0,crossfit_oof_pu_bagging,0.7360000000000001,0.7280333333333334,False,False,-3.1949439849689334,9.63545526798776e-26,25.016127760437307,down,True,1.2553895829401849,4.450333567909118,False,False,True
LDLRAD1,0.7357333333333335,1236,89.9,1,0,crossfit_oof_pu_bagging,0.7357333333333335,0.7022666666666665,False,False,-1.7437326812544849,2.448785658920664e-06,5.611049226807429,ns,False,2.215280956003124,3.959013637257609,False,False,True
RASSF9,0.73558,1237,89.89,1,0,crossfit_oof_pu_bagging,0.73558,0.6952000000000002,False,False,-1.179786318374075,8.671435454814995e-10,9.061909004195854,ns,False,2.358544527396922,3.538330845770996,False,False,True
S1PR1,0.7355333333333334,1238,89.88,1,0,crossfit_oof_pu_bagging,0.7355333333333334,0.7208666666666669,False,False,-2.5515328799850416,3.5862592288176017e-25,24.445358321138585,down,True,4.044290839463728,6.595823719448769,False,False,True
COX7A1,0.7347066666666666,1240,89.86,1,0,crossfit_oof_pu_bagging,0.7347066666666666,0.7017,False,False,-1.705782549395415,6.632877902289442e-18,17.178297997100838,ns,False,4.79786849150756,6.503651040902974,False,False,True
NFKBIZ,0.7345733333333334,1241,89.85,1,0,crossfit_oof_pu_bagging,0.7345733333333334,0.6969666666666665,False,False,-1.2260362485779142,1.4644242941693328e-07,6.8343330749720375,ns,False,4.295155287235461,5.521191535813376,False,False,True
DCDC2,0.734226666666667,1242,89.85,1,0,crossfit_oof_pu_bagging,0.734226666666667,0.6791999999999997,False,False,-1.6043320578206302,8.794898621743284e-13,12.05576916226351,ns,False,1.719205249825085,3.323537307645714,False,False,True
FFAR4,0.7337733333333336,1245,89.82,1,0,crossfit_oof_pu_bagging,0.7337733333333336,0.7408666666666669,False,False,-2.1330535610653776,1.3364135861000037e-19,18.87405911793493,down,True,1.278184272424025,3.411237833489406,False,False,True
SGCG,0.7335466666666667,1247,89.81,1,0,crossfit_oof_pu_bagging,0.7335466666666667,0.6954666666666663,False,False,-2.7665400948287604,2.5328957011948493e-30,29.596382693086724,down,True,0.7727441584000203,3.5392842532287827,False,False,True
SEC14L4,0.7334600000000001,1248,89.8,1,0,crossfit_oof_pu_bagging,0.7334600000000001,0.7488666666666658,False,False,-1.7130248778213095,1.5806929715361353e-13,12.801152477769648,ns,False,1.8784785615249344,3.591503439346244,False,False,True
GPX8,0.7332266666666666,1252,89.76,1,0,crossfit_oof_pu_bagging,0.7332266666666666,0.6671666666666665,False,False,1.283387720231569,3.6271082397683237e-10,9.440439484057642,ns,False,4.741889211401625,3.458501491170056,False,False,True
KPNA7,0.7327333333333333,1254,89.75,1,0,crossfit_oof_pu_bagging,0.7327333333333333,0.7200666666666673,False,False,1.240194026242766,6.822349382798884e-08,7.166066043483844,ns,False,2.53724284625065,1.2970488200078842,False,False,True
BEX1,0.7323066666666668,1257,89.72,1,0,crossfit_oof_pu_bagging,0.7323066666666668,0.6927333333333334,False,False,-1.5189988634476848,3.7156009682709526e-08,7.429970932617902,ns,False,1.1445574577402005,2.6635563211878863,False,False,True
SGPP2,0.7322400000000001,1258,89.72,1,0,crossfit_oof_pu_bagging,0.7322400000000001,0.7169000000000004,False,False,1.2502023418894863,2.647518089455418e-07,6.577161063846037,ns,False,6.27742225062118,5.027219908731696,False,False,True
LYZ,0.7321733333333331,1260,89.7,1,0,crossfit_oof_pu_bagging,0.7321733333333331,0.7487000000000001,False,False,-1.291803845710453,2.3983700669787045e-06,5.620083804703891,ns,False,9.188773910840174,10.480577756550629,False,False,True
GPT2,0.7317466666666667,1263,89.67,1,0,crossfit_oof_pu_bagging,0.7317466666666667,0.7214666666666667,False,False,2.3455267051202435,5.948336145516843e-20,19.22560449710736,up,True,4.532201219212704,2.186674514092459,False,False,True
CA4,0.7310733333333334,1264,89.67,1,0,crossfit_oof_pu_bagging,0.7310733333333334,0.6815000000000004,False,False,-4.480976248746602,7.864757789252191e-30,29.10431464779098,down,True,1.2118166476861925,5.692792896432793,False,False,True
HAS1,0.7308200000000001,1265,89.66,1,0,crossfit_oof_pu_bagging,0.7308200000000001,0.7330000000000002,False,False,-1.2520923843232954,0.0001028159126146,3.987939665244192,ns,False,0.995986266570758,2.248078650894053,False,False,True
SLCO2B1,0.7308133333333332,1266,89.65,1,0,crossfit_oof_pu_bagging,0.7308133333333332,0.7414666666666663,False,False,-1.407507754488232,1.0325673826195964e-10,9.986081597836206,ns,False,4.779434337471527,6.186942091959758,False,False,True
RASIP1,0.7308000000000001,1267,89.64,1,0,crossfit_oof_pu_bagging,0.7308000000000001,0.6909000000000003,False,False,-2.2336825830409075,1.1657411551143765e-23,22.93339787100501,down,True,3.0973019857985524,5.330984568839458,False,False,True
IL18R1,0.7305600000000001,1269,89.63,1,0,crossfit_oof_pu_bagging,0.7305600000000001,0.7081,False,False,-1.1040854061759848,9.87797359366636e-07,6.005332139152433,ns,False,2.17005806994385,3.274143476119834,False,False,True
RSPO1,0.7300266666666669,1272,89.6,1,0,crossfit_oof_pu_bagging,0.7300266666666669,0.7455999999999997,False,False,-2.273927729423906,5.69973149634851e-25,24.24414560264344,down,True,0.7270165544129402,3.000944283836847,False,False,True
ECRG4,0.7295933333333335,1274,89.58,1,0,crossfit_oof_pu_bagging,0.7295933333333335,0.7211000000000002,False,False,-2.690862548351207,5.148745649529071e-22,21.288298561995724,down,True,1.741877300774208,4.432739849125415,False,False,True
HNF4G,0.7291866666666668,1277,89.56,1,0,crossfit_oof_pu_bagging,0.7291866666666668,0.6963333333333336,False,False,1.8388896468531943,7.087445685541362e-18,17.14951025629093,ns,False,2.435801362496657,0.5969117156434645,False,False,True
MYZAP,0.7289466666666667,1279,89.54,1,0,crossfit_oof_pu_bagging,0.7289466666666667,0.7030333333333335,False,False,-2.7435767978270174,3.0095780520446876e-26,25.521494388962303,down,True,1.324214192913025,4.067790990740043,False,False,True
F11,0.7283333333333334,1282,89.52,1,0,crossfit_oof_pu_bagging,0.7283333333333334,0.7524333333333335,False,False,-2.397153906132413,1.7178248762554257e-22,21.76502111242126,down,True,0.648083310990846,3.04523721712326,False,False,True
SUGCT,0.7282400000000001,1283,89.51,1,0,crossfit_oof_pu_bagging,0.7282400000000001,0.7230333333333331,False,False,1.3281421065141454,1.3468098690140139e-11,10.870693709894118,ns,False,2.5107420755823693,1.1825999690682227,False,False,True
ANXA8,0.72756,1284,89.5,1,0,crossfit_oof_pu_bagging,0.72756,0.6943666666666662,False,False,-1.3974195176754285,3.234806528516683e-09,8.490151689063365,ns,False,0.9298808343157128,2.327300351991141,False,False,True
HLA-DOA,0.7270200000000002,1287,89.48,1,0,crossfit_oof_pu_bagging,0.7270200000000002,0.7744333333333333,False,False,-1.326085709763866,1.7075408909543548e-10,9.767628887351732,ns,False,5.521096392989045,6.847182102752909,False,False,True
SLC34A2,0.7266466666666668,1288,89.47,1,0,crossfit_oof_pu_bagging,0.7266466666666668,0.7492999999999997,False,False,-1.384765625714172,2.6979340171682547e-06,5.568968675987369,ns,False,9.579587294712567,10.96435292042674,False,False,True
AFF3,0.72664,1289,89.46,1,0,crossfit_oof_pu_bagging,0.72664,0.6841000000000006,False,False,-2.0487001307009938,6.455597278459323e-22,21.19006357016922,down,True,1.1139870613414071,3.162687192042401,False,False,True
GRIA1,0.7259066666666671,1290,89.45,1,0,crossfit_oof_pu_bagging,0.7259066666666671,0.685866666666667,False,False,-2.7078094314799115,3.30867790674638e-29,28.480345508491755,down,True,0.603662348624538,3.3114717801044504,False,False,True
ZP3,0.7249133333333335,1292,89.44,1,0,crossfit_oof_pu_bagging,0.7249133333333335,0.7359333333333331,False,False,1.378893770033499,8.06791603186978e-14,13.093238630425232,ns,False,2.839847679475107,1.4609539094416069,False,False,True
EGR3,0.7244666666666664,1295,89.41,1,0,crossfit_oof_pu_bagging,0.7244666666666664,0.6915333333333337,False,False,-1.209114380013375,1.0771228690234629e-07,6.967734753252374,ns,False,2.5442918322233425,3.7534062122367176,False,False,True
ART4,0.7235000000000001,1302,89.36,1,0,crossfit_oof_pu_bagging,0.7235000000000001,0.6886333333333338,False,False,-1.4719463580828565,5.2923840854256956e-20,19.276348645185976,ns,False,0.7580278849365969,2.229974243019453,False,False,True
ALOX5,0.723013333333333,1304,89.34,1,0,crossfit_oof_pu_bagging,0.723013333333333,0.7525999999999998,False,False,-1.969680102460651,9.529991868911374e-17,16.020907469906106,ns,False,5.230964764188932,7.200644866649583,False,False,True
P4HA3,0.7228866666666665,1305,89.33,1,0,crossfit_oof_pu_bagging,0.7228866666666665,0.7328,False,False,1.538378226430791,2.5044637988962934e-15,14.60128524149621,ns,False,2.6364553989195114,1.0980771724887202,False,False,True
PIFO,0.7223933333333334,1312,89.27,1,0,crossfit_oof_pu_bagging,0.7223933333333334,0.6913333333333337,False,False,-1.429158745230976,5.4915840819900664e-08,7.260302362501691,ns,False,3.041987332063013,4.471146077293988,False,False,True
ELAPOR2,0.7221333333333334,1315,89.25,1,0,crossfit_oof_pu_bagging,0.7221333333333334,0.668533333333333,False,False,-2.0669716475112803,6.0579003999750816e-18,17.217677871329478,down,True,2.917195681996628,4.984167329507907,False,False,True
LMNB1,0.7219600000000002,1317,89.23,1,0,crossfit_oof_pu_bagging,0.7219600000000002,0.7663666666666665,False,False,1.7194598408848374,1.961070679367608e-14,13.707506753549872,ns,False,5.282556263024873,3.563096422140035,False,False,True
GPD1,0.7219333333333334,1318,89.22,1,0,crossfit_oof_pu_bagging,0.7219333333333334,0.7081333333333335,False,False,-4.076661664640423,2.086966228177195e-26,25.680484578742384,down,True,1.675617443373438,5.752279108013862,False,False,True
CDCA3,0.7214200000000003,1321,89.2,1,0,crossfit_oof_pu_bagging,0.7214200000000003,0.6937000000000001,False,False,1.83264214664266,2.7734375272163363e-16,15.556981612330947,ns,False,2.6141717891932554,0.7815296425505961,False,False,True
CENPM,0.7204133333333329,1324,89.18,1,0,crossfit_oof_pu_bagging,0.7204133333333329,0.6902666666666668,False,False,1.4442353749454075,2.678936829509652e-11,10.572037527122973,ns,False,3.776171858139032,2.331936483193625,False,False,True
LAMC3,0.7202399999999998,1325,89.17,1,0,crossfit_oof_pu_bagging,0.7202399999999998,0.6716333333333333,False,False,-1.5848689518077688,1.9362758588283407e-12,11.713032769221652,ns,False,2.634287343536689,4.219156295344456,False,False,True
SLAMF9,0.7201866666666666,1326,89.16,1,0,crossfit_oof_pu_bagging,0.7201866666666666,0.7038333333333336,False,False,1.099557532628277,1.8150690062396323e-09,8.741106859079993,ns,False,1.8898314755784005,0.7902739429501234,False,False,True
PRR36,0.7201333333333336,1327,89.15,1,0,crossfit_oof_pu_bagging,0.7201333333333336,0.6735666666666673,False,False,1.2550019497835023,1.370531836042173e-10,9.863110871794053,ns,False,3.2482080053730296,1.9932060555895263,False,False,True
HSPB3,0.7200066666666667,1328,89.14,1,0,crossfit_oof_pu_bagging,0.7200066666666667,0.6943666666666664,False,False,-1.563420749205782,1.0671694698084661e-17,16.97176660779351,ns,False,0.7917546541056547,2.3551754033114367,False,False,True
SEMA6D,0.7198133333333335,1333,89.1,1,0,crossfit_oof_pu_bagging,0.7198133333333335,0.6940666666666669,False,False,-1.8973023857342968,7.395870897402007e-19,18.13101067850736,ns,False,1.3735343102765822,3.27083669601088,False,False,True
P3H4,0.7195599999999999,1334,89.09,1,0,crossfit_oof_pu_bagging,0.7195599999999999,0.7324666666666665,False,False,1.698896238977234,5.724607245888029e-16,15.242254304061388,ns,False,4.969530475605527,3.270634236628291,False,False,True
SYNDIG1,0.7193599999999998,1335,89.09,1,0,crossfit_oof_pu_bagging,0.7193599999999998,0.7134666666666664,False,False,1.16904317688915,4.480878035459351e-08,7.348636876941199,ns,False,2.340966457225866,1.171923280336716,False,False,True
SEC14L6,0.7193266666666669,1336,89.08,1,0,crossfit_oof_pu_bagging,0.7193266666666669,0.7331666666666663,False,False,-2.540433989129688,6.658166654513579e-22,21.17664533861314,down,True,2.2003636421767405,4.740797631306427,False,False,True
AARD,0.7190466666666671,1337,89.07,1,0,crossfit_oof_pu_bagging,0.7190466666666671,0.7121999999999995,False,False,-2.0295563644338923,2.4737103531776417e-18,17.60665115328445,down,True,1.3701590133671495,3.399715377801044,False,False,True
ADAMTS14,0.7187466666666668,1338,89.06,1,0,crossfit_oof_pu_bagging,0.7187466666666668,0.7040000000000006,False,False,1.4891827855795383,1.992804825086032e-15,14.70053523393316,ns,False,2.2249924310608447,0.7358096454813065,False,False,True
DACH1,0.71814,1341,89.04,1,0,crossfit_oof_pu_bagging,0.71814,0.6476999999999994,False,False,-2.136533182486511,2.8297341671137843e-22,21.548254361358484,down,True,1.6003717155051982,3.736904897991709,False,False,True
ADGRE3,0.7168066666666668,1345,89.0,1,0,crossfit_oof_pu_bagging,0.7168066666666668,0.7293666666666673,False,False,-1.7342823107257987,2.205375961451e-18,17.656517363536107,ns,False,1.0520529293434056,2.7863352400692047,False,False,True
STXBP6,0.7161333333333334,1347,88.99,1,0,crossfit_oof_pu_bagging,0.7161333333333334,0.7294000000000002,False,False,-3.0292226729167635,1.718749512342219e-28,27.76478741204725,down,True,1.0914500112284171,4.120672684145179,False,False,True
CALCRL,0.7154600000000002,1349,88.97,1,0,crossfit_oof_pu_bagging,0.7154600000000002,0.7123999999999996,False,False,-2.4313631321253366,5.879124597797862e-23,22.230687335598866,down,True,4.047187647814187,6.478550779939527,False,False,True
MS4A8,0.7154466666666666,1350,88.96,1,0,crossfit_oof_pu_bagging,0.7154466666666666,0.6579666666666668,False,False,-2.18496324487522,2.9135016840702247e-08,7.535584726541672,down,True,1.962133875293079,4.147097120168299,False,False,True
H2BC5,0.7148799999999998,1352,88.95,1,0,crossfit_oof_pu_bagging,0.7148799999999998,0.732533333333333,False,False,2.0699957216897267,4.025055654917203e-15,14.395228110213797,up,True,5.833811867272368,3.7638161455826418,False,False,True
SGCA,0.7147133333333334,1354,88.93,1,0,crossfit_oof_pu_bagging,0.7147133333333334,0.7374333333333332,False,False,-1.8328027313339967,1.9604589602949665e-19,18.70764224466905,ns,False,2.570319801730065,4.403122533064064,False,False,True
SBSPON,0.7139333333333333,1357,88.91,1,0,crossfit_oof_pu_bagging,0.7139333333333333,0.7271333333333329,False,False,-2.460499555613759,6.912154139242508e-25,24.160386585767,down,True,1.4717235577744765,3.9322231133882384,False,False,True
ALDH1A2,0.7137333333333336,1358,88.9,1,0,crossfit_oof_pu_bagging,0.7137333333333336,0.7384333333333327,False,False,-1.5800396401899262,8.806674567267494e-14,13.055188051828836,ns,False,1.4909762311840489,3.071015871373976,False,False,True
EFNA5,0.7129866666666669,1364,88.85,1,0,crossfit_oof_pu_bagging,0.7129866666666669,0.6976333333333335,False,False,1.0867618340824752,3.2712046838746394e-08,7.485292280608693,ns,False,4.237579428107017,3.150817594024541,False,False,True
ARHGEF15,0.7129266666666669,1365,88.84,1,0,crossfit_oof_pu_bagging,0.7129266666666669,0.7158666666666667,False,False,-2.192697289490466,8.784304885866038e-23,22.05629259912903,down,True,2.706962230295867,4.899659519786335,False,False,True
STK32A,0.7128333333333334,1366,88.83,1,0,crossfit_oof_pu_bagging,0.7128333333333334,0.681233333333333,False,False,1.1085297578489095,1.2557985818296664e-10,9.901080011725112,ns,False,2.8080520639822195,1.69952230613331,False,False,True
COL3A1,0.7118200000000001,1370,88.8,1,0,crossfit_oof_pu_bagging,0.7118200000000001,0.7210333333333335,False,False,2.851297418232304,2.0376388940712787e-14,13.69087277823323,up,True,9.948872906110848,7.097575487878544,False,False,True
NGEF,0.7115533333333334,1372,88.78,1,0,crossfit_oof_pu_bagging,0.7115533333333334,0.7006000000000003,False,False,1.822685185868795,6.759493259225043e-10,9.170085860710923,ns,False,2.662705207246983,0.8400200213781879,False,False,True
SPOCK2,0.7106333333333333,1377,88.74,1,0,crossfit_oof_pu_bagging,0.7106333333333333,0.7026666666666667,False,False,-3.4826294498542656,2.719994238511659e-26,25.56543201588685,down,True,4.859143775660174,8.341773225514443,False,False,True
HLA-DQA1,0.7089000000000005,1379,88.73,1,0,crossfit_oof_pu_bagging,0.7089000000000005,0.7249666666666666,False,False,-1.1022790773619329,2.5621402736772325e-07,6.591397096911277,ns,False,6.687515885656847,7.78979496301878,False,False,True
C1QA,0.7089000000000001,1380,88.72,1,0,crossfit_oof_pu_bagging,0.7089000000000001,0.7373000000000005,False,False,-1.825492689221139,1.8047598000310546e-13,12.743580591244582,ns,False,8.688434367112176,10.513927056333314,False,False,True
TMEM150B,0.7076133333333334,1384,88.68,1,0,crossfit_oof_pu_bagging,0.7076133333333334,0.7149666666666668,False,False,-1.765177288234664,6.813521779660866e-18,17.166628351505263,ns,False,2.621148672629991,4.3863259608646565,False,False,True
AOX1,0.7071200000000001,1387,88.66,1,0,crossfit_oof_pu_bagging,0.7071200000000001,0.712833333333333,False,False,-1.3469771226025655,2.399540741535532e-10,9.619871871831224,ns,False,2.4915332681132125,3.83851039071578,False,False,True
LGI3,0.7065266666666666,1388,88.65,1,0,crossfit_oof_pu_bagging,0.7065266666666666,0.6579666666666663,False,False,-4.624267996652447,9.195392956597222e-28,27.036429706857085,down,True,1.3774895489220411,6.001757545574487,False,False,True
MS4A14,0.7064933333333334,1389,88.64,1,0,crossfit_oof_pu_bagging,0.7064933333333334,0.7179000000000002,False,False,-1.2817480440570657,9.533167103363905e-13,12.020762794323613,ns,False,1.2870103043142556,2.5687583483713223,False,False,True
ADGRD1,0.70626,1392,88.62,1,0,crossfit_oof_pu_bagging,0.70626,0.7005666666666664,False,False,-1.981285674147992,2.8988160045481474e-16,15.53777934957959,ns,False,2.333392676504827,4.314678350652816,False,False,True
FYB2,0.7058333333333334,1393,88.61,1,0,crossfit_oof_pu_bagging,0.7058333333333334,0.6791666666666667,False,False,-1.4083875964847714,7.663642646711073e-14,13.115564754474892,ns,False,0.8343794955282026,2.2427670920129748,False,False,True
RHBDL1,0.70566,1394,88.6,1,0,crossfit_oof_pu_bagging,0.70566,0.7314000000000003,False,False,1.573402824497261,1.0673239665040136e-14,13.971703738485669,ns,False,2.586008869375607,1.0126060448783456,False,False,True
PTTG1,0.7055533333333334,1395,88.59,1,0,crossfit_oof_pu_bagging,0.7055533333333334,0.7188666666666662,False,False,1.955532840832124,8.134447729021349e-19,18.089671927223787,ns,False,5.069653851079598,3.114121010247474,False,False,True
CLEC12A,0.7036933333333332,1398,88.57,1,0,crossfit_oof_pu_bagging,0.7036933333333332,0.7176333333333331,False,False,-1.8109631890104043,7.990771427635778e-14,13.097411291950944,ns,False,2.221218346714485,4.032181535724889,False,False,True
NETO2,0.7035866666666666,1399,88.56,1,0,crossfit_oof_pu_bagging,0.7035866666666666,0.6754999999999993,False,False,1.4283468582985046,5.0951698440942895e-11,10.292841334498869,ns,False,3.8049527328775112,2.376605874579008,False,False,True
CADM1,0.7034799999999999,1401,88.55,1,0,crossfit_oof_pu_bagging,0.7034799999999999,0.7629333333333338,False,False,-1.6799040618417866,2.149451416000017e-13,12.667672366784034,ns,False,4.645917080930201,6.325821142771988,False,False,True
CORO2B,0.7024866666666667,1406,88.5,1,0,crossfit_oof_pu_bagging,0.7024866666666667,0.6894333333333335,False,False,-1.773744142004263,5.951858436082248e-20,19.22534740695805,ns,False,1.7930131844088584,3.5667573264131214,False,False,True
TRPC6,0.7022133333333332,1407,88.5,1,0,crossfit_oof_pu_bagging,0.7022133333333332,0.7061666666666666,False,False,-1.0618832486440517,1.1473565869605652e-08,7.940301586735397,ns,False,3.1925685711884326,4.254451819832485,False,False,True
CLIC3,0.7021266666666668,1409,88.48,1,0,crossfit_oof_pu_bagging,0.7021266666666668,0.6579000000000002,False,False,-2.6767983950640035,2.9893278435124282e-18,17.524426452702254,down,True,5.100686750883208,7.777485145947214,False,False,True
SPAG6,0.7006200000000001,1412,88.46,1,0,crossfit_oof_pu_bagging,0.7006200000000001,0.6842333333333338,False,False,-1.314876441041903,2.0626737585254096e-05,4.6855694565039885,ns,False,2.0713984152946288,3.386274856336531,False,False,True
LMOD1,0.7002733333333332,1414,88.44,1,0,crossfit_oof_pu_bagging,0.7002733333333332,0.6773333333333328,False,False,-1.52970622745201,2.099467357255841e-13,12.677890873430838,ns,False,3.6283737888578713,5.158080016309882,False,False,True
PLAAT1,0.7002266666666667,1415,88.43,1,0,crossfit_oof_pu_bagging,0.7002266666666667,0.6940333333333333,False,False,1.1840244102262738,4.1403052544078505e-08,7.382967638246795,ns,False,1.9303125655935047,0.7462881553672315,False,False,True
STARD8,0.7002000000000002,1416,88.42,1,0,crossfit_oof_pu_bagging,0.7002000000000002,0.7000333333333331,False,False,-1.7735593143409252,7.952834393676321e-20,19.09947806101026,ns,False,3.021133281957009,4.794692596297934,False,False,True
SULT2B1,0.6998466666666665,1417,88.41,1,0,crossfit_oof_pu_bagging,0.6998466666666665,0.698566666666667,False,False,-1.1036227937611882,3.186322622705828e-07,6.496710252964505,ns,False,2.8870406376982065,3.990663431459395,False,False,True
CD19,0.6996533333333333,1418,88.41,1,0,crossfit_oof_pu_bagging,0.6996533333333333,0.6869000000000004,False,False,1.1174825511467243,1.3730435656514618e-08,7.862315682703621,ns,False,2.1436410682895244,1.0261585171427996,False,False,True
DKK2,0.6988200000000004,1419,88.4,1,0,crossfit_oof_pu_bagging,0.6988200000000004,0.7206333333333335,False,False,-1.847414859882815,6.69153339969099e-17,16.174474349987648,ns,False,1.95700264373371,3.804417503616525,False,False,True
SFN,0.6987333333333332,1420,88.39,1,0,crossfit_oof_pu_bagging,0.6987333333333332,0.6053333333333336,False,False,1.1076297261958965,1.385274534774434e-05,4.858464149254836,ns,False,8.398296691146014,7.290666964950115,False,False,True
PIP5K1B,0.69868,1421,88.38,1,0,crossfit_oof_pu_bagging,0.69868,0.7117333333333329,False,False,-2.141447422869579,1.2394885544687309e-18,17.90675747918581,down,True,2.5301725118372227,4.671619934706799,False,False,True
PHLDB2,0.6984666666666662,1422,88.37,1,0,crossfit_oof_pu_bagging,0.6984666666666662,0.6650333333333333,False,False,-1.2934763976118815,5.2982832485349285e-11,10.275864827845602,ns,False,3.0095113653233523,4.302987762935234,False,False,True
CST5,0.6983600000000001,1423,88.37,1,0,crossfit_oof_pu_bagging,0.6983600000000001,0.6900666666666665,False,False,-1.6490171786985468,1.0460770633700288e-14,13.98043632028371,ns,False,1.1193278199719787,2.7683449986705253,False,False,True
IRX1,0.6982266666666668,1425,88.35,1,0,crossfit_oof_pu_bagging,0.6982266666666668,0.6492666666666663,False,False,-1.959125293982921,1.3587596723064072e-16,15.86685735137715,ns,False,1.0892328780840612,3.0483581720669823,False,False,True
RAD51AP1,0.6980200000000003,1426,88.34,1,0,crossfit_oof_pu_bagging,0.6980200000000003,0.7276333333333336,False,False,1.4709807042857597,4.735748891490429e-13,12.324611333719952,ns,False,3.4386636089279734,1.967682904642215,False,False,True
GLDN,0.6970600000000002,1433,88.28,1,0,crossfit_oof_pu_bagging,0.6970600000000002,0.7045999999999998,False,False,-2.335632869273877,4.970276228593917e-21,20.303619474200183,down,True,1.5775183034698026,3.9131511727436807,False,False,True
C1QB,0.6967466666666666,1435,88.27,1,0,crossfit_oof_pu_bagging,0.6967466666666666,0.6933000000000006,False,False,-1.8499755413674217,1.1914511027715498e-12,11.923923776424742,ns,False,8.63116214643502,10.481137687802446,False,False,True
WDR38,0.6966333333333333,1436,88.26,1,0,crossfit_oof_pu_bagging,0.6966333333333333,0.590166666666667,False,False,-2.13610657629589,6.2077025689752804e-09,8.207069099698849,down,True,1.683125100120662,3.819231676416552,False,False,True
CAPN5,0.6966333333333331,1437,88.25,1,0,crossfit_oof_pu_bagging,0.6966333333333331,0.7193333333333335,False,False,1.0042372134052209,3.100972105608291e-06,5.508502140384693,ns,False,4.136355119094047,3.1321179056888258,False,False,True
TDO2,0.6964533333333336,1438,88.24,1,0,crossfit_oof_pu_bagging,0.6964533333333336,0.6597333333333335,False,False,1.1335416601544146,3.5335196363723006e-10,9.45179249089392,ns,False,2.1176497730434742,0.98410811288906,False,False,True
ODF3L1,0.6959466666666667,1439,88.23,1,0,crossfit_oof_pu_bagging,0.6959466666666667,0.7084999999999999,False,False,-1.7344416722003266,4.79838520509454e-16,15.318904890646674,ns,False,1.1968359556151658,2.931277627815491,False,False,True
LAD1,0.6959200000000001,1440,88.23,1,0,crossfit_oof_pu_bagging,0.6959200000000001,0.7523333333333323,False,False,1.7067597554584797,4.4899597504575535e-14,13.347757552144234,ns,False,6.334559038558783,4.6277992831003045,False,False,True
TCEAL2,0.6958333333333336,1441,88.22,1,0,crossfit_oof_pu_bagging,0.6958333333333336,0.7061666666666664,False,False,-2.043709209501554,3.6884514292484586e-21,20.4331559311017,down,True,0.797765716167223,2.841474925668778,False,False,True
FGR,0.6944999999999999,1444,88.19,1,0,crossfit_oof_pu_bagging,0.6944999999999999,0.7104000000000003,False,False,-2.1301093269938804,1.687950540500161e-21,20.772640283008084,down,True,4.228919197220569,6.359028524214449,False,False,True
COL1A2,0.6944466666666668,1445,88.19,1,0,crossfit_oof_pu_bagging,0.6944466666666668,0.7022666666666664,False,False,1.6263471516735273,7.052247529267355e-08,7.151672452653444,ns,False,9.102273486708077,7.475926335034548,False,False,True
RHEX,0.6944199999999998,1446,88.18,1,0,crossfit_oof_pu_bagging,0.6944199999999998,0.6637333333333333,False,False,-1.5058427567021984,7.070129015837613e-15,14.15057266111751,ns,False,1.6864526195280245,3.1922953762302235,False,False,True
PHYHD1,0.6931933333333333,1449,88.15,1,0,crossfit_oof_pu_bagging,0.6931933333333333,0.6962999999999999,False,False,-1.5576986717315098,9.097812246072803e-12,11.04106303006222,ns,False,3.17186380472541,4.72956247645692,False,False,True
SCUBE1,0.6931466666666667,1450,88.14,1,0,crossfit_oof_pu_bagging,0.6931466666666667,0.6580333333333334,False,False,-2.807675563922648,7.450875734914023e-25,24.12779267966928,down,True,0.7282386592518064,3.535914223174456,False,False,True
SPC25,0.6925266666666664,1453,88.12,1,0,crossfit_oof_pu_bagging,0.6925266666666664,0.7259000000000003,False,False,1.706204530544906,5.175149955728079e-14,13.286077061522892,ns,False,3.091969932186454,1.3857654016415497,False,False,True
KCNK1,0.6919466666666668,1456,88.1,1,0,crossfit_oof_pu_bagging,0.6919466666666668,0.7196000000000004,False,False,1.1508613134719872,2.1011106657585587e-08,7.677551072647568,ns,False,5.102918832619193,3.952057519147204,False,False,True
MS4A7,0.6917266666666666,1457,88.09,1,0,crossfit_oof_pu_bagging,0.6917266666666666,0.6893,False,False,-2.257188415604253,1.2099574447661576e-19,18.91722990392176,down,True,4.377282232819808,6.6344706484240605,False,False,True
SEMA6A,0.6899466666666667,1464,88.03,1,0,crossfit_oof_pu_bagging,0.6899466666666667,0.6698,False,False,-2.153774422760023,1.2877199181854387e-19,18.8901785866764,down,True,1.6305167519081756,3.7842911746682,False,False,True
LRRC32,0.6895200000000001,1466,88.01,1,0,crossfit_oof_pu_bagging,0.6895200000000001,0.6671999999999999,False,False,-1.9767171769758656,7.468159696075252e-16,15.126786403847928,ns,False,4.622760387598579,6.599477564574448,False,False,True
UBE2S,0.6893466666666664,1467,88.01,1,0,crossfit_oof_pu_bagging,0.6893466666666664,0.7039666666666667,False,False,1.3646668801443065,7.015246614243298e-11,10.153957057162714,ns,False,4.344896063950875,2.980229183806568,False,False,True
TINCR,0.6892466666666665,1468,88.0,1,0,crossfit_oof_pu_bagging,0.6892466666666665,0.6240666666666664,False,False,-2.007693968273642,2.2916115311737403e-16,15.639859001087933,down,True,1.2333718444151829,3.241065812688825,False,False,True
PLEKHN1,0.6888466666666667,1470,87.98,1,0,crossfit_oof_pu_bagging,0.6888466666666667,0.6515000000000001,False,False,1.8705894704011352,5.830726368699165e-20,19.234277339191618,ns,False,2.727320957327805,0.8567314869266693,False,False,True
FMO1,0.6887199999999998,1471,87.97,1,0,crossfit_oof_pu_bagging,0.6887199999999998,0.6833000000000006,False,False,1.0719338013923747,8.90097461467644e-10,9.0505624375571,ns,False,2.1211704300105403,1.0492366286181658,False,False,True
PGM2L1,0.6880133333333331,1474,87.95,1,0,crossfit_oof_pu_bagging,0.6880133333333331,0.7153333333333339,False,False,1.710181725076071,1.8049233784211506e-17,16.7435412297889,ns,False,4.181449753550499,2.47126802847443,False,False,True
PRSS22,0.6879533333333334,1475,87.94,1,0,crossfit_oof_pu_bagging,0.6879533333333334,0.7111999999999998,False,False,1.0592798942987898,2.68646699155681e-07,6.570818491210233,ns,False,4.801248360866418,3.741968466567628,False,False,True
RASSF8,0.6879199999999999,1476,87.93,1,0,crossfit_oof_pu_bagging,0.6879199999999999,0.6413666666666669,False,False,-1.2598290412143605,1.0100761437902196e-09,8.995645886037696,ns,False,3.4808920196291813,4.740721060843542,False,False,True
NCKAP5,0.6870799999999999,1482,87.88,1,0,crossfit_oof_pu_bagging,0.6870799999999999,0.6398333333333338,False,False,-3.179630198029188,9.597459244343926e-28,27.01784372344021,down,True,1.2516026974067098,4.431232895435896,False,False,True
ANXA8L1,0.6870266666666666,1483,87.87,1,0,crossfit_oof_pu_bagging,0.6870266666666666,0.7046333333333333,False,False,-2.1665801413094976,5.701187321671844e-19,18.24403468931828,down,True,0.8841778934008032,3.0507580347103005,False,False,True
FAM171A2,0.6869733333333332,1484,87.87,1,0,crossfit_oof_pu_bagging,0.6869733333333332,0.6668,False,False,1.1465870198384471,5.6165938279638665e-08,7.250526981616486,ns,False,2.310930412199203,1.1643433923607551,False,False,True
COL6A3,0.6855466666666665,1491,87.81,1,0,crossfit_oof_pu_bagging,0.6855466666666665,0.7020333333333335,False,False,1.4150970050520313,3.735085423297965e-09,8.427699461199936,ns,False,7.022144780399582,5.60704777534755,False,False,True
ICAM5,0.68492,1492,87.8,1,0,crossfit_oof_pu_bagging,0.68492,0.6421333333333333,False,False,-1.402706003071697,1.5124078568064274e-09,8.820331075187568,ns,False,2.274596527348328,3.677302530420025,False,False,True
DBN1,0.68482,1493,87.79,1,0,crossfit_oof_pu_bagging,0.68482,0.6766666666666665,False,False,1.2079901326732054,1.1389025192127924e-09,8.943513446403522,ns,False,6.154814614061103,4.946824481387898,False,False,True
FAM189A2,0.6848066666666668,1494,87.78,1,0,crossfit_oof_pu_bagging,0.6848066666666668,0.6590666666666656,False,False,-3.012739863860572,9.195392956597222e-28,27.036429706857085,down,True,1.9772499750004449,4.98998983886102,False,False,True
NMUR1,0.6838599999999999,1499,87.74,1,0,crossfit_oof_pu_bagging,0.6838599999999999,0.6541333333333332,False,False,-1.958765280618834,5.809129378692202e-24,23.235888950976623,ns,False,0.885972953106286,2.8447382337251206,False,False,True
FAM110D,0.68376,1500,87.74,1,0,crossfit_oof_pu_bagging,0.68376,0.6603666666666667,False,False,-1.7267088077260206,1.2842249565243599e-20,19.891358894631715,ns,False,1.4927677117190643,3.2194765194450845,False,False,True
GNG11,0.6831666666666667,1501,87.73,1,0,crossfit_oof_pu_bagging,0.6831666666666667,0.6623000000000001,False,False,-1.925273252228072,2.123269431281077e-15,14.672994892742064,ns,False,4.9446251806295125,6.869898432857583,False,False,True
VWF,0.6824066666666666,1504,87.7,1,0,crossfit_oof_pu_bagging,0.6824066666666666,0.7047333333333329,False,False,-2.1565619494054915,3.167697597490796e-15,14.4992562847876,down,True,5.995661485900008,8.152223435305501,False,False,True
GAREM2,0.6820066666666668,1505,87.69,1,0,crossfit_oof_pu_bagging,0.6820066666666668,0.6644999999999998,False,False,1.358339869072287,2.3224129512669345e-11,10.634060555264533,ns,False,2.518679298645481,1.160339429573194,False,False,True
SPC24,0.6817733333333333,1506,87.69,1,0,crossfit_oof_pu_bagging,0.6817733333333333,0.717366666666667,False,False,1.881706291437363,1.1653859637064673e-17,16.933530217000577,ns,False,3.166699963987539,1.2849936725501754,False,False,True
MAOB,0.6814199999999999,1508,87.67,1,0,crossfit_oof_pu_bagging,0.6814199999999999,0.6559000000000005,False,False,-1.5533380370069982,1.6785176931745704e-14,13.775074076514516,ns,False,4.391100380759864,5.944438417766861,False,False,True
GIMAP8,0.681253333333333,1509,87.66,1,0,crossfit_oof_pu_bagging,0.681253333333333,0.6814333333333334,False,False,-2.291138504009472,1.0092239986304496e-20,19.99601243081711,down,True,3.755566865202879,6.046705369212348,False,False,True
ALPP,0.6808066666666666,1512,87.64,1,0,crossfit_oof_pu_bagging,0.6808066666666666,0.6338000000000003,False,False,-1.7577224634584323,4.730927126939309e-13,12.32505374157559,ns,False,0.838618821448775,2.5963412849072074,False,False,True
ADGRG1,0.6806866666666667,1513,87.63,1,0,crossfit_oof_pu_bagging,0.6806866666666667,0.7000333333333335,False,False,1.0590716539682714,1.5483674556635368e-08,7.810125965468736,ns,False,5.738601527507968,4.679529873539697,False,False,True
HPGDS,0.6797133333333334,1516,87.6,1,0,crossfit_oof_pu_bagging,0.6797133333333334,0.6985333333333326,False,False,-1.5286045953731775,1.6059049548670462e-12,11.794280161920508,ns,False,2.195839385259704,3.7244439806328815,False,False,True
SLC19A3,0.6796466666666665,1517,87.6,1,0,crossfit_oof_pu_bagging,0.6796466666666665,0.6871999999999997,False,False,-2.580769876124881,9.14039712230435e-25,24.03903493508906,down,True,1.0485454804393883,3.62931535656427,False,False,True
C1ORF194,0.6796200000000001,1518,87.59,1,0,crossfit_oof_pu_bagging,0.6796200000000001,0.5909666666666668,False,False,-2.237546053537383,6.481499029432647e-10,9.188324539666194,down,True,1.6989401060806566,3.936486159618039,False,False,True
ACP5,0.6795466666666667,1519,87.58,1,0,crossfit_oof_pu_bagging,0.6795466666666667,0.7121000000000005,False,False,-1.899245519593585,2.876204207961135e-18,17.541180282669448,ns,False,6.591736810766584,8.49098233036017,False,False,True
CDK5R1,0.6791266666666664,1521,87.56,1,0,crossfit_oof_pu_bagging,0.6791266666666664,0.6996,False,False,1.3377045500994642,7.155184878022941e-11,10.145379140315402,ns,False,2.780624533980457,1.442919983880994,False,False,True
KNDC1,0.6789533333333335,1522,87.56,1,0,crossfit_oof_pu_bagging,0.6789533333333335,0.6848666666666666,False,False,-1.2484062500243542,3.3911239491701114e-10,9.469656336008754,ns,False,1.8652720419341813,3.113678291958536,False,False,True
C9ORF135,0.6788199999999998,1524,87.54,1,0,crossfit_oof_pu_bagging,0.6788199999999998,0.6397333333333335,False,False,-1.2930507268247542,2.168116103367074e-06,5.6639174648912425,ns,False,1.5296744907973754,2.82272521762213,False,False,True
KIF15,0.6777400000000001,1525,87.53,1,0,crossfit_oof_pu_bagging,0.6777400000000001,0.6429666666666667,False,False,1.6162240466558673,2.6705612911826595e-14,13.573397450229216,ns,False,2.4570738601949564,0.8408498135390895,False,False,True
C1QC,0.6764200000000001,1527,87.51,1,0,crossfit_oof_pu_bagging,0.6764200000000001,0.6840333333333336,False,False,-1.268795776444226,3.8954481148824096e-08,7.409442575828,ns,False,8.660531859929026,9.929327636373255,False,False,True
TAL1,0.67444,1534,87.46,1,0,crossfit_oof_pu_bagging,0.67444,0.6348,False,False,-2.146995483847024,3.860461748307065e-26,25.413360746429703,down,True,1.1931873245781088,3.340182808425132,False,False,True
SIX1,0.6743200000000001,1535,87.45,1,0,crossfit_oof_pu_bagging,0.6743200000000001,0.6363999999999995,False,False,1.7225325850894189,9.118552378096795e-10,9.040074102911298,ns,False,3.4505735508282487,1.7280409657388307,False,False,True
PCDH17,0.6742333333333335,1536,87.44,1,0,crossfit_oof_pu_bagging,0.6742333333333335,0.6141333333333335,False,False,-1.3641965495900423,1.6890947695705385e-13,12.772345982905666,ns,False,3.210234353874959,4.574430903465003,False,False,True
SMKR1,0.6741333333333335,1538,87.42,1,0,crossfit_oof_pu_bagging,0.6741333333333335,0.6459666666666674,False,False,1.6611330570108895,1.578764306829556e-10,9.801682700823642,ns,False,3.118028733703621,1.4568956766927306,False,False,True
PFN2,0.6736599999999998,1542,87.39,1,0,crossfit_oof_pu_bagging,0.6736599999999998,0.6136666666666666,False,False,1.1148284426636823,8.3303474056452e-06,5.079336886563368,ns,False,5.898963962404038,4.784135519740357,False,False,True
SIGLEC14,0.6735266666666666,1544,87.38,1,0,crossfit_oof_pu_bagging,0.6735266666666666,0.6355000000000002,False,False,-1.0764537975351858,1.49163673634336e-10,9.82633692928315,ns,False,2.906782394866429,3.9832361924016144,False,False,True
KPNA2,0.673393333333333,1545,87.37,1,0,crossfit_oof_pu_bagging,0.673393333333333,0.6948,False,False,1.8254502521271407,7.009065170245013e-17,16.15433990193025,ns,False,5.530798606998477,3.705348354871336,False,False,True
CNTFR,0.6731999999999999,1546,87.36,1,0,crossfit_oof_pu_bagging,0.6731999999999999,0.6629000000000002,False,False,-1.5901172160168509,1.1895626804558556e-15,14.924612669171983,ns,False,0.6760777082343302,2.2661949242511805,False,False,True
TEDC2,0.6731133333333333,1547,87.35,1,0,crossfit_oof_pu_bagging,0.6731133333333333,0.6512666666666663,False,False,1.936253786077112,7.693419697444641e-20,19.11388057494397,ns,False,2.618163001225227,0.6819092151481145,False,False,True
C1QTNF7,0.6729733333333333,1548,87.34,1,0,crossfit_oof_pu_bagging,0.6729733333333333,0.6894666666666662,False,False,-2.03822406973271,7.537914194832068e-21,20.122748810495203,down,True,1.5664434147398574,3.604667484472569,False,False,True
MS4A4A,0.6728333333333333,1549,87.33,1,0,crossfit_oof_pu_bagging,0.6728333333333333,0.6735333333333332,False,False,-1.1404239866587194,9.200198719988613e-09,8.036202791995484,ns,False,4.646292129435532,5.786716116094253,False,False,True
KLB,0.672153333333333,1552,87.31,1,0,crossfit_oof_pu_bagging,0.672153333333333,0.6733000000000001,False,False,-1.864886073083296,2.2076109810860935e-18,17.656077454336238,ns,False,0.7264605327915168,2.591346605874812,False,False,True
CABCOCO1,0.6717666666666666,1555,87.29,1,0,crossfit_oof_pu_bagging,0.6717666666666666,0.6201000000000004,False,False,-1.8202864642968428,1.906573130837398e-12,11.719746531743567,ns,False,1.6676595131698848,3.4879459774667274,False,False,True
AGTR1,0.67056,1560,87.24,1,0,crossfit_oof_pu_bagging,0.67056,0.6463999999999996,False,False,-1.8855460428299005,2.7943982530920737e-20,19.553711698867943,ns,False,1.1413595980590787,3.026905640888978,False,False,True
LST1,0.67056,1560,87.24,1,0,crossfit_oof_pu_bagging,0.67056,0.7338333333333334,False,False,-1.4937860309643776,1.7946594661253505e-13,12.74601794597865,ns,False,4.408054180188981,5.90184021115336,False,False,True
HMGA1,0.6705599999999996,1562,87.23,1,0,crossfit_oof_pu_bagging,0.6705599999999996,0.6946333333333334,False,False,2.0622535380412192,3.222032112074308e-16,15.491870135540893,up,True,8.304776968579521,6.242523430538301,False,False,True
RERGL,0.6704200000000002,1563,87.22,1,0,crossfit_oof_pu_bagging,0.6704200000000002,0.6587333333333336,False,False,-1.039184960037837,9.53503227652863e-08,7.020677832508426,ns,False,0.759001839323179,1.7981867993610152,False,False,True
MARCKSL1,0.6696066666666669,1567,87.19,1,0,crossfit_oof_pu_bagging,0.6696066666666669,0.6705666666666664,False,False,1.947208917604501,2.2294703985682693e-14,13.65179828955066,ns,False,8.69194140252034,6.744732484915836,False,False,True
THSD1,0.668266666666667,1570,87.16,1,0,crossfit_oof_pu_bagging,0.668266666666667,0.6516,False,False,-1.9107180993934407,1.405639945499739e-20,19.852125909549464,ns,False,2.1750327529699414,4.085750852363383,False,False,True
LILRA6,0.6675466666666665,1571,87.15,1,0,crossfit_oof_pu_bagging,0.6675466666666665,0.6859333333333328,False,False,-1.2454025126472132,3.860804702481892e-13,12.41332216646184,ns,False,2.667615042408064,3.913017555055277,False,False,True
ADTRP,0.6668666666666667,1575,87.12,1,0,crossfit_oof_pu_bagging,0.6668666666666667,0.6619000000000002,False,False,-1.8744615144537604,7.026441587235963e-18,17.153264559799698,ns,False,1.760853980164072,3.635315494617832,False,False,True
PILRA,0.6663266666666665,1577,87.11,1,0,crossfit_oof_pu_bagging,0.6663266666666665,0.6984999999999999,False,False,-1.4087486148697574,2.143023422684537e-14,13.668973082207328,ns,False,4.255995255835843,5.664743870705599,False,False,True
LINGO1,0.66632,1578,87.1,1,0,crossfit_oof_pu_bagging,0.66632,0.6338,False,False,1.1424669211297132,3.0957419648285834e-11,10.509235245638138,ns,False,1.798899933195514,0.6564330120658015,False,False,True
CENPW,0.6654133333333334,1579,87.09,1,0,crossfit_oof_pu_bagging,0.6654133333333334,0.6342666666666668,False,False,1.2105865934868312,3.734260823503588e-10,9.4277953515577,ns,False,4.601349120090695,3.390762526603865,False,False,True
NECTIN1,0.6650466666666669,1581,87.07,1,0,crossfit_oof_pu_bagging,0.6650466666666669,0.7083999999999997,False,False,1.3527386379459276,9.554469362000103e-12,11.019793427871615,ns,False,4.3981578878603935,3.045419249914468,False,False,True
KLRG2,0.6647266666666667,1582,87.06,1,0,crossfit_oof_pu_bagging,0.6647266666666667,0.6517666666666668,False,False,-1.4354896710685543,1.168844125976202e-13,12.932243401363428,ns,False,1.80748195477692,3.242971625845475,False,False,True
ZFP36,0.6634399999999999,1585,87.04,1,0,crossfit_oof_pu_bagging,0.6634399999999999,0.665466666666667,False,False,-1.6501623468397424,1.5477117188204409e-12,11.810309929043791,ns,False,8.42847600647937,10.078638353319109,False,False,True
EGR1,0.6627533333333331,1587,87.02,1,0,crossfit_oof_pu_bagging,0.6627533333333331,0.667066666666666,False,False,-1.535534817918459,2.3191198341257672e-08,7.6346768098118,ns,False,7.644200803301091,9.179735621219548,False,False,True
ALOX15,0.662706666666667,1588,87.02,1,0,crossfit_oof_pu_bagging,0.662706666666667,0.5979666666666662,False,False,-2.188548751230976,3.8428767015904117e-10,9.415343549617864,down,True,1.633269200235531,3.821817951466508,False,False,True
F2RL1,0.6624533333333332,1590,87.0,1,0,crossfit_oof_pu_bagging,0.6624533333333332,0.7155666666666669,False,False,1.0282262065464542,6.8235103504829e-08,7.165992145338926,ns,False,4.933626623805507,3.905400417259052,False,False,True
CASS4,0.6622866666666666,1591,86.99,1,0,crossfit_oof_pu_bagging,0.6622866666666666,0.6607000000000002,False,False,-1.4560508359165594,8.997754783505246e-14,13.045865846869686,ns,False,2.551865010943957,4.007915846860518,False,False,True
SIRPB1,0.6622199999999998,1592,86.98,1,0,crossfit_oof_pu_bagging,0.6622199999999998,0.6656,False,False,-2.186603512679753,2.9187015889448843e-27,26.534810305457167,down,True,1.6391217835731324,3.825725296252884,False,False,True
WFDC12,0.6618133333333335,1594,86.97,1,0,crossfit_oof_pu_bagging,0.6618133333333335,0.6158999999999999,False,False,-1.7573190255143891,7.20315028009997e-11,10.142477524396249,ns,False,0.6902137981018136,2.447532823616203,False,False,True
LGALSL,0.6601666666666668,1599,86.93,1,0,crossfit_oof_pu_bagging,0.6601666666666668,0.6396999999999999,False,False,-1.7643810692573536,1.532079302866825e-16,15.81471875434696,ns,False,4.0530512773286524,5.8174323465860045,False,False,True
BLACAT1,0.6596733333333332,1601,86.91,1,0,crossfit_oof_pu_bagging,0.6596733333333332,0.6198333333333335,False,False,1.3774896478203578,3.3190865306523244e-15,14.478981425116269,ns,False,1.998282988304147,0.6207933404837892,False,False,True
PLLP,0.6595533333333334,1603,86.89,1,0,crossfit_oof_pu_bagging,0.6595533333333334,0.6558333333333329,False,False,-1.9440948868582104,2.7944048059012093e-18,17.55371068045709,ns,False,3.1046090611705885,5.048703948028799,False,False,True
RASL11A,0.6592333333333331,1604,86.88,1,0,crossfit_oof_pu_bagging,0.6592333333333331,0.6798333333333336,False,False,-1.146987603769514,4.721653705594556e-10,9.325905868012129,ns,False,3.35966237640121,4.506649980170724,False,False,True
CXCL12,0.6587466666666666,1605,86.88,1,0,crossfit_oof_pu_bagging,0.6587466666666666,0.6857333333333337,False,False,-1.0955893085087456,4.743364544568535e-08,7.323913496977762,ns,False,4.491170275514292,5.586759584023036,False,False,True
JCAD,0.6586133333333334,1606,86.87,1,0,crossfit_oof_pu_bagging,0.6586133333333334,0.6359000000000006,False,False,-1.786308111506221,1.312806664770923e-15,14.881799227151577,ns,False,4.125156479445557,5.911464590951775,False,False,True
CLEC1A,0.6583400000000001,1607,86.86,1,0,crossfit_oof_pu_bagging,0.6583400000000001,0.6469999999999997,False,False,-1.832936767950733,8.125880362022269e-22,21.09012957611446,ns,False,2.026347085498331,3.859283853449064,False,False,True
CAV2,0.6581066666666666,1608,86.85,1,0,crossfit_oof_pu_bagging,0.6581066666666666,0.6503999999999999,False,False,-2.466723349923123,8.462958047193496e-24,23.07247781201609,down,True,5.278872755708654,7.745596105631773,False,False,True
IGFALS,0.6571866666666666,1610,86.84,1,0,crossfit_oof_pu_bagging,0.6571866666666666,0.6164000000000003,False,False,-1.462648710715374,3.957465018275784e-09,8.402582915363128,ns,False,1.3323927873274788,2.795041498042854,False,False,True
HPSE2,0.6566133333333333,1614,86.8,1,0,crossfit_oof_pu_bagging,0.6566133333333333,0.6083333333333338,False,False,-1.3274535468591029,1.923660739857375e-13,12.71587151847262,ns,False,0.7851669184974346,2.112620465356537,False,False,True
MCM4,0.6565000000000001,1616,86.79,1,0,crossfit_oof_pu_bagging,0.6565000000000001,0.7045333333333332,False,False,1.9331620334727468,2.478728566261408e-16,15.605771028145044,ns,False,5.281133171461015,3.347971137988268,False,False,True
DUSP1,0.6558799999999998,1619,86.76,1,0,crossfit_oof_pu_bagging,0.6558799999999998,0.6600000000000001,False,False,-1.4871960570793443,1.4329348790539559e-10,9.843773546036818,ns,False,8.931482631503751,10.418678688583098,False,False,True
PDZD2,0.6555933333333333,1621,86.75,1,0,crossfit_oof_pu_bagging,0.6555933333333333,0.6417999999999994,False,False,-2.3332432904622213,1.6061963533128158e-23,22.794201364444813,down,True,2.2812510116309674,4.614494302093186,False,False,True
S1PR4,0.6547666666666665,1624,86.72,1,0,crossfit_oof_pu_bagging,0.6547666666666665,0.6458000000000003,False,False,-1.8657398735091093,2.8460412217486956e-20,19.54575881393257,ns,False,3.376388258909833,5.242128132418944,False,False,True
CD300LF,0.6544866666666666,1626,86.7,1,0,crossfit_oof_pu_bagging,0.6544866666666666,0.6673666666666668,False,False,-1.9117797797496665,7.095705403075287e-18,17.149004423682907,ns,False,3.5599426849654536,5.471722464715118,False,False,True
KANK3,0.6542,1630,86.67,1,0,crossfit_oof_pu_bagging,0.6542,0.6402666666666667,False,False,-2.638714415270995,2.7129450816770643e-28,27.566558997600737,down,True,1.8717345944890649,4.510449009760061,False,False,True
TPBG,0.653593333333333,1633,86.65,1,0,crossfit_oof_pu_bagging,0.653593333333333,0.726566666666666,False,False,1.6885083908180183,1.0191814849719948e-14,13.991748474576555,ns,False,5.271577824342045,3.583069433524028,False,False,True
SPAG4,0.6533599999999997,1634,86.64,1,0,crossfit_oof_pu_bagging,0.6533599999999997,0.6652,False,False,2.091739937613069,1.183178186395601e-22,21.92694984578546,up,True,4.057831728213006,1.9660917905999349,False,False,True
SCARA3,0.6516866666666666,1640,86.59,1,0,crossfit_oof_pu_bagging,0.6516866666666666,0.6568666666666669,False,False,-1.3176612443855025,1.2338504811345287e-10,9.90873746522377,ns,False,3.591883653590429,4.909544897975932,False,False,True
CCDC68,0.6514533333333332,1641,86.58,1,0,crossfit_oof_pu_bagging,0.6514533333333332,0.6092999999999996,False,False,-1.3053172205546038,1.1062857518110202e-11,10.956132680982616,ns,False,2.794126121274158,4.099443341828764,False,False,True
TBX2,0.65112,1643,86.57,1,0,crossfit_oof_pu_bagging,0.65112,0.6040333333333333,False,False,-1.8242814465056765,1.5503851246677753e-18,17.809560407157146,ns,False,3.686533183562681,5.510814630068356,False,False,True
CD24,0.6505133333333329,1645,86.55,1,0,crossfit_oof_pu_bagging,0.6505133333333329,0.6855000000000002,False,False,1.2676492255978835,4.682846128196548e-08,7.329490112295445,ns,False,7.978191144098424,6.710541918500541,False,False,True
LRRC10B,0.6502333333333332,1646,86.54,1,0,crossfit_oof_pu_bagging,0.6502333333333332,0.6225666666666663,False,False,-1.358203724393353,6.910392846023555e-06,5.160497262899219,ns,False,2.1576147827862595,3.515818507179611,False,False,True
TMEM213,0.65004,1647,86.53,1,0,crossfit_oof_pu_bagging,0.65004,0.6281666666666662,False,False,-1.2417524955975012,9.374154502007124e-07,6.0280678928452325,ns,False,1.2310160915915411,2.472768587189042,False,False,True
SHROOM4,0.6500199999999998,1648,86.52,1,0,crossfit_oof_pu_bagging,0.6500199999999998,0.6080333333333336,False,False,-1.7329214012457623,1.0794236544705212e-17,16.966808069045072,ns,False,2.9380949193191097,4.671016320564871,False,False,True
LIMS2,0.6499999999999997,1649,86.52,1,0,crossfit_oof_pu_bagging,0.6499999999999997,0.663333333333333,False,False,-2.61836896090001,8.40797898639475e-27,26.07530838238707,down,True,2.719947776460084,5.338316737360092,False,False,True
FAM81B,0.64842,1658,86.44,1,0,crossfit_oof_pu_bagging,0.64842,0.6311333333333335,False,False,-1.2046811561398565,3.681401760417031e-05,4.433986784343343,ns,False,1.8540072253025843,3.0586883814424413,False,False,True
F10,0.6483133333333334,1659,86.43,1,0,crossfit_oof_pu_bagging,0.6483133333333334,0.6034666666666666,False,False,-1.654223167697719,1.1088331483242515e-20,19.95513379939973,ns,False,1.997065607518262,3.651288775215981,False,False,True
OMG,0.6475133333333334,1661,86.42,1,0,crossfit_oof_pu_bagging,0.6475133333333334,0.6242333333333331,False,False,-1.5021650156055673,1.11000534696927e-10,9.954674929183025,ns,False,1.4029062888288124,2.9050713044343803,False,False,True
NDN,0.6459666666666667,1663,86.4,1,0,crossfit_oof_pu_bagging,0.6459666666666667,0.6716,False,False,-1.1049740687615646,4.092536550975662e-09,8.388007433158256,ns,False,4.726044387937169,5.831018456698735,False,False,True
ACADL,0.6457600000000003,1664,86.39,1,0,crossfit_oof_pu_bagging,0.6457600000000003,0.6426,False,False,-3.168886305737158,1.2937039388304618e-28,27.88816509958963,down,True,1.1793339114584187,4.348220217195576,False,False,True
FRAS1,0.6457333333333334,1665,86.39,1,0,crossfit_oof_pu_bagging,0.6457333333333334,0.6462666666666661,False,False,-1.4629799035577724,3.01714676561734e-12,11.52040356355804,ns,False,1.6883967669007798,3.15137667045855,False,False,True
HBA1,0.6455599999999998,1666,86.38,1,0,crossfit_oof_pu_bagging,0.6455599999999998,0.6445333333333332,False,False,-2.2520891932887936,1.279729042727184e-18,17.892881973871848,down,True,0.7386579471480735,2.990747140436867,False,False,True
KCNK17,0.6455066666666666,1667,86.37,1,0,crossfit_oof_pu_bagging,0.6455066666666666,0.6430333333333335,False,False,-1.363898528884628,2.771691106026331e-12,11.557255171759826,ns,False,1.5557277318278415,2.919626260712469,False,False,True
GJA1,0.64516,1669,86.35,1,0,crossfit_oof_pu_bagging,0.64516,0.6814333333333331,False,False,-1.0616813403636822,1.7917952636186252e-06,5.746711615745541,ns,False,6.838129271749093,7.899810612112774,False,False,True
STIL,0.6451599999999998,1670,86.34,1,0,crossfit_oof_pu_bagging,0.6451599999999998,0.6091666666666669,False,False,1.6910353323848115,1.8505947155723336e-16,15.732688682307458,ns,False,2.706830370535,1.0157950381501883,False,False,True
TMEM178A,0.6450066666666668,1672,86.33,1,0,crossfit_oof_pu_bagging,0.6450066666666668,0.675766666666667,False,False,-1.7517716793184857,3.56579815880691e-17,16.447843243605217,ns,False,1.552119532273613,3.303891211592099,False,False,True
CTXND1,0.6448800000000002,1673,86.32,1,0,crossfit_oof_pu_bagging,0.6448800000000002,0.6763666666666669,False,False,-2.09840067611797,5.0422721934729935e-22,21.2973737138098,down,True,0.5199176131406221,2.618318289258593,False,False,True
CNR1,0.6448066666666665,1674,86.31,1,0,crossfit_oof_pu_bagging,0.6448066666666665,0.6273333333333331,False,False,-1.4228128481014632,7.912984437430125e-11,10.101659688404284,ns,False,1.6342510087028588,3.057063856804321,False,False,True
CD300C,0.6443333333333332,1677,86.29,1,0,crossfit_oof_pu_bagging,0.6443333333333332,0.6666666666666666,False,False,-1.8471896412929616,1.3897099171511044e-19,18.85707584329129,ns,False,3.04532892649561,4.892518567788573,False,False,True
ACKR4,0.6443066666666665,1678,86.28,1,0,crossfit_oof_pu_bagging,0.6443066666666665,0.6427333333333328,False,False,-2.067952489891335,3.3535708013428635e-22,21.47449252030352,down,True,1.0290177512419312,3.096970241133268,False,False,True
FAM166B,0.6440400000000002,1679,86.27,1,0,crossfit_oof_pu_bagging,0.6440400000000002,0.5151666666666667,False,False,-1.7451330026641394,2.6492096774025292e-08,7.576883667170808,ns,False,1.774571581366058,3.519704584030197,False,False,True
SHC3,0.6435133333333334,1681,86.25,1,0,crossfit_oof_pu_bagging,0.6435133333333334,0.6081666666666661,False,False,-1.7788896964814065,2.334162322207032e-14,13.631868945553911,ns,False,1.7065604739489069,3.4854501704303127,False,False,True
ORC6,0.6427933333333333,1687,86.21,1,0,crossfit_oof_pu_bagging,0.6427933333333333,0.6389666666666666,False,False,1.6520277242326449,3.3164158675149977e-15,14.479331015623991,ns,False,2.413800985409328,0.7617732611766831,False,False,True
ITIH5,0.6427866666666667,1688,86.2,1,0,crossfit_oof_pu_bagging,0.6427866666666667,0.6369666666666668,False,False,-2.0792983018075555,3.7900430855318655e-21,20.42135585290729,down,True,2.088008374331532,4.167306676139088,False,False,True
ESPN,0.6427333333333333,1689,86.19,1,0,crossfit_oof_pu_bagging,0.6427333333333333,0.5977666666666667,False,False,1.1890748385352323,2.3191198341257672e-08,7.6346768098118,ns,False,2.3285630572809826,1.139488218745751,False,False,True
TMEM184A,0.6426799999999997,1690,86.18,1,0,crossfit_oof_pu_bagging,0.6426799999999997,0.6629333333333333,False,False,2.009986829460437,2.590607763651228e-21,20.58659833729477,up,True,3.631819093716375,1.6218322642559375,False,False,True
CDC25A,0.6425066666666663,1691,86.17,1,0,crossfit_oof_pu_bagging,0.6425066666666663,0.5740000000000001,False,False,1.3842954311385351,6.16697750885382e-13,12.209927635455402,ns,False,2.233011419708117,0.8487159885695819,False,False,True
C13ORF46,0.6424333333333333,1693,86.16,1,0,crossfit_oof_pu_bagging,0.6424333333333333,0.6017333333333332,False,False,-2.4676071492135967,8.158675404785073e-21,20.088380345055988,down,True,1.1458463803939292,3.613453529607526,False,False,True
PCLAF,0.6417066666666663,1695,86.14,1,0,crossfit_oof_pu_bagging,0.6417066666666663,0.6240666666666667,False,False,1.5908424024000734,2.0599624960827988e-17,16.686140686374806,ns,False,2.481770613330257,0.8909282109301829,False,False,True
BACE2,0.6416533333333334,1696,86.13,1,0,crossfit_oof_pu_bagging,0.6416533333333334,0.662633333333334,False,False,1.0098127820248295,1.424890796112951e-07,6.846218418787327,ns,False,4.891648879115449,3.8818360970906194,False,False,True
NDRG4,0.6416466666666667,1697,86.12,1,0,crossfit_oof_pu_bagging,0.6416466666666667,0.6353999999999997,False,False,-1.853068171684508,8.685253218084833e-14,13.06121751520032,ns,False,1.7036731731980947,3.556741344882602,False,False,True
FAM216B,0.6415066666666667,1698,86.12,1,0,crossfit_oof_pu_bagging,0.6415066666666667,0.5993666666666667,False,False,-2.271918915664686,8.608390350116836e-10,9.065078048013875,down,True,1.7725168697091187,4.044435785373804,False,False,True
GALNT13,0.6412666666666664,1699,86.11,1,0,crossfit_oof_pu_bagging,0.6412666666666664,0.6465000000000001,False,False,-1.4511648718153785,3.969599341991077e-12,11.401253325061404,ns,False,1.0853035475105923,2.53646841932597,False,False,True
CYP27A1,0.6411266666666666,1701,86.09,1,0,crossfit_oof_pu_bagging,0.6411266666666666,0.6990666666666661,False,False,-1.917341757053136,7.537067812406227e-20,19.1227975772821,ns,False,5.862657943355389,7.779999700408522,False,False,True
SYNDIG1L,0.6397266666666669,1705,86.06,1,0,crossfit_oof_pu_bagging,0.6397266666666669,0.6238666666666668,False,False,-1.6646979735359442,3.119555756247953e-16,15.5059072477594,ns,False,0.7679917428312535,2.432689716367197,False,False,True
OVOL1,0.6394866666666665,1706,86.05,1,0,crossfit_oof_pu_bagging,0.6394866666666665,0.6089333333333337,False,False,1.1280024808859246,2.1273226739210263e-12,11.672166630983549,ns,False,1.8167557996861337,0.6887533188002096,False,False,True
RXFP1,0.6393600000000002,1707,86.04,1,0,crossfit_oof_pu_bagging,0.6393600000000002,0.6725333333333329,False,False,-2.007483442432157,2.5542917254328487e-24,23.59272950350544,down,True,0.7077472544454436,2.715230696877601,False,False,True
SHCBP1,0.63888,1710,86.02,1,0,crossfit_oof_pu_bagging,0.63888,0.6535333333333339,False,False,1.623961606162316,5.6279780129639255e-15,14.249647607908772,ns,False,2.76889040790937,1.144928801747055,False,False,True
TYRP1,0.6383466666666668,1714,85.98,1,0,crossfit_oof_pu_bagging,0.6383466666666668,0.617266666666666,False,False,-1.0809446728890986,1.1156498458179939e-11,10.952472090246705,ns,False,1.174282443907938,2.255227116797036,False,False,True
CDHR3,0.6378333333333333,1715,85.98,1,0,crossfit_oof_pu_bagging,0.6378333333333333,0.5728333333333333,False,False,-1.82668315956738,3.901492917476685e-11,10.408769177138446,ns,False,1.480252512484958,3.306935672052337,False,False,True
WNT9A,0.6372133333333332,1716,85.97,1,0,crossfit_oof_pu_bagging,0.6372133333333332,0.5871666666666662,False,False,-1.356857075824565,6.860400759794804e-11,10.163650513639643,ns,False,2.807940936529506,4.164798012354071,False,False,True
RETREG1,0.6363666666666667,1721,85.93,1,0,crossfit_oof_pu_bagging,0.6363666666666667,0.653333333333333,False,False,-1.3144066358821596,1.3459599241627091e-11,10.870967870999191,ns,False,3.341267831118123,4.6556744670002805,False,False,True
WWC2,0.6358666666666666,1723,85.91,1,0,crossfit_oof_pu_bagging,0.6358666666666666,0.5911333333333334,False,False,-2.245589962823942,5.018970182468303e-25,24.29938538443908,down,True,3.3792998377301617,5.624889800554104,False,False,True
PTCRA,0.6353200000000001,1727,85.88,1,0,crossfit_oof_pu_bagging,0.6353200000000001,0.6485999999999992,False,False,-1.819425844605256,5.78293135167187e-22,21.23785196311177,ns,False,1.012138226096594,2.83156407070185,False,False,True
ERG,0.63514,1729,85.86,1,0,crossfit_oof_pu_bagging,0.63514,0.6287333333333336,False,False,-1.8233631433607635,1.1919724370773848e-21,20.923733787014907,ns,False,3.0597861698126727,4.883149313173437,False,False,True
SLC5A9,0.6336400000000001,1739,85.78,1,0,crossfit_oof_pu_bagging,0.6336400000000001,0.6387333333333332,False,False,-2.231880641827948,1.412838936770374e-21,20.84990734477479,down,True,0.7658822106914183,2.997762852519368,False,False,True
ASPG,0.63348,1740,85.77,1,0,crossfit_oof_pu_bagging,0.63348,0.6141666666666667,False,False,-1.1325610968805488,3.1076301888636455e-07,6.507570668279,ns,False,0.694221456016379,1.8267825528969284,False,False,True
HROB,0.6334733333333332,1741,85.76,1,0,crossfit_oof_pu_bagging,0.6334733333333332,0.6065666666666665,False,False,1.620138305990201,1.9210851897893346e-15,14.716453376088284,ns,False,2.694601877177037,1.0744635711868349,False,False,True
MORN5,0.6327599999999999,1742,85.76,1,0,crossfit_oof_pu_bagging,0.6327599999999999,0.5585666666666668,False,False,-2.0778181022100304,8.721336390176165e-10,9.059416962038776,down,True,1.4805251773496648,3.558343279559696,False,False,True
RFX2,0.6326133333333332,1743,85.75,1,0,crossfit_oof_pu_bagging,0.6326133333333332,0.6350666666666666,False,False,-1.5103609619454104,2.6689618779672484e-14,13.573657629399715,ns,False,2.257558027376229,3.767918989321639,False,False,True
NDRG2,0.6315200000000001,1747,85.71,1,0,crossfit_oof_pu_bagging,0.6315200000000001,0.6286666666666667,False,False,-1.6690079193961695,2.77584343691024e-17,16.55660503259882,ns,False,3.893727193711883,5.562735113108053,False,False,True
SYNPO2,0.62988,1753,85.67,1,0,crossfit_oof_pu_bagging,0.62988,0.624533333333333,False,False,-1.361507722840762,9.194744603698051e-14,13.036460329367182,ns,False,2.0299584238375976,3.391466146678359,False,False,True
FRMD3,0.6295799999999998,1755,85.65,1,0,crossfit_oof_pu_bagging,0.6295799999999998,0.5717666666666669,False,False,-1.9324539341910127,1.0414810811113192e-20,19.982348614764323,ns,False,1.4666021430235618,3.3990560772145737,False,False,True
APBA2,0.6295666666666669,1756,85.64,1,0,crossfit_oof_pu_bagging,0.6295666666666669,0.6335666666666666,False,False,1.0783175058332284,1.608631930240662e-07,6.7935433151002815,ns,False,2.793201047407702,1.7148835415744736,False,False,True
LTBP4,0.6294333333333334,1757,85.63,1,0,crossfit_oof_pu_bagging,0.6294333333333334,0.5963666666666665,False,False,-2.214442254472521,4.0785679444369597e-20,19.389492298430188,down,True,5.163497429965071,7.377939684437591,False,False,True
SULT1C4,0.6293799999999999,1760,85.61,1,0,crossfit_oof_pu_bagging,0.6293799999999999,0.6141333333333331,False,False,-1.932611889605374,5.592607186639577e-18,17.25238568356213,ns,False,2.092367675486664,4.024979565092037,False,False,True
THBD,0.6292933333333331,1762,85.59,1,0,crossfit_oof_pu_bagging,0.6292933333333331,0.6284666666666664,False,False,-2.2339276467297053,9.31894895183796e-23,22.030633067276646,down,True,5.124138712187349,7.358066358917052,False,False,True
TYROBP,0.6287199999999997,1766,85.56,1,0,crossfit_oof_pu_bagging,0.6287199999999997,0.6455000000000002,False,False,-1.6158986096509638,2.2082174054709784e-14,13.655958171274197,ns,False,7.860636577446129,9.47653518709709,False,False,True
SNTN,0.6285666666666669,1767,85.55,1,0,crossfit_oof_pu_bagging,0.6285666666666669,0.5016666666666668,False,False,-1.9268249176343488,4.676707848509777e-10,9.330059759392984,ns,False,1.4298124273483177,3.3566373449826674,False,False,True
MMP17,0.6276800000000001,1769,85.53,1,0,crossfit_oof_pu_bagging,0.6276800000000001,0.661833333333333,False,False,1.2967808419660527,3.352695982943365e-12,11.474605825907949,ns,False,2.3148814570390392,1.0181006150729868,False,False,True
RNASE1,0.6275866666666665,1771,85.52,1,0,crossfit_oof_pu_bagging,0.6275866666666665,0.6687333333333333,False,False,-1.2904553206074525,1.713294715220547e-07,6.76616792472573,ns,False,10.103208635769455,11.393663956376908,False,False,True
ALAS2,0.6274733333333331,1772,85.51,1,0,crossfit_oof_pu_bagging,0.6274733333333331,0.6069000000000002,False,False,-1.4003745409349255,5.076978166799723e-13,12.294394704245343,ns,False,0.5238035828406251,1.9241781237755509,False,False,True
CFAP221,0.6270866666666668,1775,85.49,1,0,crossfit_oof_pu_bagging,0.6270866666666668,0.6358000000000003,False,False,-1.1491938313111556,5.909442393018854e-09,8.228453496624638,ns,False,1.9754020682315307,3.124595899542685,False,False,True
FAM181A,0.6267,1776,85.48,1,0,crossfit_oof_pu_bagging,0.6267,0.5860666666666665,False,False,-1.453077185415621,1.3269930851254016e-11,10.877131340209948,ns,False,0.6071656291205487,2.060242814536169,False,False,True
CAPSL,0.6256933333333334,1779,85.45,1,0,crossfit_oof_pu_bagging,0.6256933333333334,0.5766333333333333,False,False,-2.124568847531595,2.2793532631247e-09,8.642188360937979,down,True,1.6444011879169598,3.768970035448555,False,False,True
CDKL2,0.6254866666666665,1783,85.42,1,0,crossfit_oof_pu_bagging,0.6254866666666665,0.658133333333333,False,False,-1.1204321851303611,2.2743229548527112e-08,7.643147865263213,ns,False,2.732473955944501,3.852906141074864,False,False,True
ICAM1,0.6254799999999998,1784,85.41,1,0,crossfit_oof_pu_bagging,0.6254799999999998,0.6497666666666664,False,False,-1.0208114286129826,3.598533722115381e-05,4.443874423152948,ns,False,7.546307758887717,8.5671191875007,False,False,True
NIM1K,0.6251133333333332,1785,85.4,1,0,crossfit_oof_pu_bagging,0.6251133333333332,0.6330000000000001,False,False,-1.6613787406895062,1.827444208181437e-16,15.738155873165615,ns,False,1.0363290088628028,2.6977077495523094,False,False,True
GIMAP1,0.6235933333333333,1790,85.36,1,0,crossfit_oof_pu_bagging,0.6235933333333333,0.6043000000000004,False,False,-1.7916208711741812,1.7832284961716633e-19,18.74879300440264,ns,False,2.267066097543448,4.058686968717629,False,False,True
WFDC1,0.6235266666666668,1791,85.35,1,0,crossfit_oof_pu_bagging,0.6235266666666668,0.6120333333333331,False,False,-1.3627633456354815,3.45950304594386e-13,12.46098628268268,ns,False,1.5200545582563336,2.882817903891815,False,False,True
KCNJ5,0.6235133333333329,1792,85.35,1,0,crossfit_oof_pu_bagging,0.6235133333333329,0.640766666666667,False,False,-1.7781937886355417,4.5515569532995695e-14,13.341840018603673,ns,False,2.0777810422070875,3.8559748308426274,False,False,True
SPI1,0.62348,1793,85.34,1,0,crossfit_oof_pu_bagging,0.62348,0.668566666666667,False,False,-1.6735406382645306,3.935345421119901e-15,14.405017141855762,ns,False,5.825665600379406,7.499206238643941,False,False,True
SLC6A4,0.6230999999999998,1795,85.32,1,0,crossfit_oof_pu_bagging,0.6230999999999998,0.6634666666666668,False,False,-5.212980557583591,3.4123098277174747e-26,25.466951543049888,down,True,0.5995955775825903,5.81257613516618,False,False,True
RAC3,0.6225466666666666,1797,85.31,1,0,crossfit_oof_pu_bagging,0.6225466666666666,0.5673666666666665,False,False,1.6846162245735996,7.111947041126334e-15,14.148011485985007,ns,False,4.5859369925140365,2.901320767940435,False,False,True
PTPN21,0.6206733333333334,1802,85.26,1,0,crossfit_oof_pu_bagging,0.6206733333333334,0.5975666666666665,False,False,-2.266070045464807,1.5556735589573594e-26,25.80808152972233,down,True,3.0245271687879374,5.290597214252746,False,False,True
ATAD2,0.6202533333333333,1805,85.24,1,0,crossfit_oof_pu_bagging,0.6202533333333333,0.6275666666666675,False,False,1.4373606249089903,2.665249417891807e-11,10.574262142830454,ns,False,4.321190566144629,2.8838299412356387,False,False,True
C5ORF49,0.6198066666666666,1807,85.22,1,0,crossfit_oof_pu_bagging,0.6198066666666666,0.5996999999999999,False,False,-1.7687945964636742,5.9784487101240874e-09,8.22341149227137,ns,False,2.268108411775617,4.03690300823929,False,False,True
NKD1,0.6194,1808,85.22,1,0,crossfit_oof_pu_bagging,0.6194,0.6033999999999996,False,False,-1.7994098326472996,5.21303842105136e-19,18.28290907423103,ns,False,1.3467383070681378,3.1461481397154385,False,False,True
CPED1,0.6190800000000001,1810,85.2,1,0,crossfit_oof_pu_bagging,0.6190800000000001,0.6562333333333331,False,False,-1.7459956048532066,2.612695258474297e-18,17.58291124288697,ns,False,2.487786083788037,4.233781688641245,False,False,True
PLPPR1,0.61866,1811,85.19,1,0,crossfit_oof_pu_bagging,0.61866,0.6295999999999998,False,False,-1.2078047079237335,2.85820452528784e-09,8.543906697509417,ns,False,1.6251820709805749,2.832986778904309,False,False,True
CMTM2,0.6179133333333334,1813,85.17,1,0,crossfit_oof_pu_bagging,0.6179133333333334,0.5986000000000004,False,False,-1.3166769392738664,6.037747963912937e-18,17.219125019859856,ns,False,0.9867465922893648,2.303423531563232,False,False,True
ABCG2,0.6175733333333333,1814,85.17,1,0,crossfit_oof_pu_bagging,0.6175733333333333,0.6300333333333332,False,False,-1.5709269655203912,2.514322228897828e-18,17.59957906504921,ns,False,1.942097483087761,3.513024448608151,False,False,True
COL4A5,0.6153266666666667,1821,85.11,1,0,crossfit_oof_pu_bagging,0.6153266666666667,0.5899333333333333,False,False,-1.171429403743042,2.0714407462550088e-10,9.683727485219917,ns,False,2.140685036270749,3.312114440013791,False,False,True
SPATA18,0.6148666666666666,1822,85.1,1,0,crossfit_oof_pu_bagging,0.6148666666666666,0.6108000000000002,False,False,-1.4293376805768176,6.28243675722391e-09,8.20187187458209,ns,False,2.7015772460441987,4.130914926621014,False,False,True
AOC3,0.6148066666666667,1823,85.09,1,0,crossfit_oof_pu_bagging,0.6148066666666667,0.6014999999999999,False,False,-2.448861427271013,5.557938586246961e-23,22.255086256371424,down,True,5.324793021313476,7.773654448584488,False,False,True
HS3ST1,0.6134866666666665,1831,85.03,1,0,crossfit_oof_pu_bagging,0.6134866666666665,0.5795666666666669,False,False,1.01487554634153,2.3484250284126486e-08,7.629223299762786,ns,False,3.20409041434798,2.189214868006452,False,False,True
RGCC,0.6133466666666666,1833,85.01,1,0,crossfit_oof_pu_bagging,0.6133466666666666,0.5875333333333329,False,False,-2.8827875192092254,4.693848479491704e-30,29.328470933821947,down,True,6.991130204148389,9.873917723357613,False,False,True
JAML,0.6131066666666666,1835,84.99,1,0,crossfit_oof_pu_bagging,0.6131066666666666,0.6006333333333331,False,False,-1.849437488936412,7.087445685541362e-18,17.14951025629093,ns,False,3.1031280909144225,4.952565579850833,False,False,True
CLDN11,0.6130466666666665,1837,84.98,1,0,crossfit_oof_pu_bagging,0.6130466666666665,0.5752333333333333,False,False,-1.442268778757341,4.131434119306946e-13,12.383899168200912,ns,False,1.6113169668197949,3.053585745577136,False,False,True
P3H3,0.6128866666666667,1838,84.97,1,0,crossfit_oof_pu_bagging,0.6128866666666667,0.6035000000000001,False,False,1.0312490636368694,4.636589855172777e-07,6.333801319353984,ns,False,4.1409496506554255,3.109700587018557,False,False,True
HSPB8,0.6124066666666664,1840,84.95,1,0,crossfit_oof_pu_bagging,0.6124066666666664,0.6271000000000003,False,False,-2.198242230772564,3.3853315592517856e-20,19.470398790109755,down,True,4.334235964655389,6.532478195427955,False,False,True
RSPH1,0.6116466666666664,1842,84.94,1,0,crossfit_oof_pu_bagging,0.6116466666666664,0.5365999999999999,False,False,-1.5689778307440894,2.548717205370555e-07,6.593678349293542,ns,False,2.466022967245991,4.035000797990082,False,False,True
LEFTY2,0.61076,1848,84.89,1,0,crossfit_oof_pu_bagging,0.61076,0.6238666666666668,False,False,-1.311955511150578,2.225931578543755e-12,11.65248818929043,ns,False,0.9227841878799404,2.2347396990305195,False,False,True
CIBAR2,0.6105866666666665,1849,84.88,1,0,crossfit_oof_pu_bagging,0.6105866666666665,0.5392,False,False,-1.8971201650780287,9.43801264117002e-09,8.025119445303442,ns,False,1.7966414377510886,3.693761602829118,False,False,True
TMEM125,0.6104399999999999,1851,84.86,1,0,crossfit_oof_pu_bagging,0.6104399999999999,0.6783666666666659,False,False,-1.3367868088577286,2.915091209873602e-12,11.5353478521142,ns,False,6.575567454412746,7.9123542632704735,False,False,True
TTLL7,0.60998,1853,84.85,1,0,crossfit_oof_pu_bagging,0.60998,0.624033333333333,False,False,-1.334716905209964,8.184071289791248e-12,11.087030596227946,ns,False,1.3642757210721137,2.698992626282078,False,False,True
AHNAK,0.6078533333333331,1856,84.82,1,0,crossfit_oof_pu_bagging,0.6078533333333331,0.5742666666666663,False,False,-1.945956660560124,1.5419854235695745e-18,17.811919731663284,ns,False,6.679001308271563,8.624957968831687,False,False,True
KDELR3,0.6073133333333333,1857,84.81,1,0,crossfit_oof_pu_bagging,0.6073133333333333,0.6919666666666667,False,False,2.0099845122741664,1.1534215965058472e-18,17.938011921179406,up,True,6.305105744557983,4.295121232283814,False,False,True
MGP,0.6063666666666667,1860,84.79,1,0,crossfit_oof_pu_bagging,0.6063666666666667,0.6020333333333331,False,False,-1.2374609367356657,1.9073900347667278e-10,9.719560490684032,ns,False,6.907740008979137,8.145200945714802,False,False,True
ROPN1L,0.6052466666666666,1863,84.77,1,0,crossfit_oof_pu_bagging,0.6052466666666666,0.5019333333333333,False,False,-1.80099249509546,3.2336943068445204e-09,8.49030103796257,ns,False,1.6045391188033185,3.405531613898777,False,False,True
RADIL,0.6051666666666666,1864,84.76,1,0,crossfit_oof_pu_bagging,0.6051666666666666,0.5484000000000002,False,False,-1.80308858028241,1.2572206791700908e-19,18.90058848418039,ns,False,1.0654339706839702,2.86852255096638,False,False,True
MDGA1,0.6048133333333333,1866,84.74,1,0,crossfit_oof_pu_bagging,0.6048133333333333,0.6248666666666668,False,False,-1.365198134147825,8.974580622901015e-15,14.04698583661208,ns,False,1.1204600023848592,2.485658136532684,False,False,True
CCN2,0.6045933333333331,1867,84.73,1,0,crossfit_oof_pu_bagging,0.6045933333333331,0.6296000000000004,False,False,-1.1310690014416789,1.3470059749098728e-07,6.870630477874169,ns,False,8.281117678692262,9.412186680133935,False,False,True
HEG1,0.6031933333333335,1874,84.68,1,0,crossfit_oof_pu_bagging,0.6031933333333335,0.5852333333333335,False,False,-1.8326207360075064,7.47123803840151e-15,14.12660742647168,ns,False,4.841582504412479,6.674203240419984,False,False,True
RTN4RL1,0.6025333333333334,1877,84.65,1,0,crossfit_oof_pu_bagging,0.6025333333333334,0.586833333333333,False,False,-1.3566681652567978,1.909003386363361e-10,9.719193301214704,ns,False,1.8608661694370208,3.2175343346938177,False,False,True
FREM2,0.6022866666666665,1878,84.64,1,0,crossfit_oof_pu_bagging,0.6022866666666665,0.5728000000000002,False,False,-1.3901328545911071,3.50785308100113e-11,10.454958604429905,ns,False,1.6293202200153758,3.019453074606484,False,False,True
TMEM37,0.6022266666666667,1879,84.63,1,0,crossfit_oof_pu_bagging,0.6022266666666667,0.6145666666666664,False,False,-1.144581888547587,6.29184450520527e-10,9.20122201894223,ns,False,4.255248001483872,5.399829890031458,False,False,True
PTH1R,0.6014000000000002,1883,84.6,1,0,crossfit_oof_pu_bagging,0.6014000000000002,0.5398,False,False,-1.6918279070801725,4.215204515878384e-21,20.37518134916197,ns,False,1.7710475067692968,3.4628754138494693,False,False,True
SRD5A3,0.6007266666666666,1888,84.56,1,0,crossfit_oof_pu_bagging,0.6007266666666666,0.6318666666666667,False,False,1.2941876662660414,1.0877681761474124e-11,10.963463651097005,ns,False,4.56640151524261,3.272213848976569,False,False,True
GLB1L2,0.6004466666666666,1891,84.54,1,0,crossfit_oof_pu_bagging,0.6004466666666666,0.5140333333333332,False,False,1.0622432211297448,1.9608016620282897e-08,7.707566333636125,ns,False,3.8711137412811714,2.8088705201514257,False,False,True
SPAAR,0.6004200000000001,1892,84.53,1,0,crossfit_oof_pu_bagging,0.6004200000000001,0.6064333333333333,False,False,-1.85207909788086,5.89611167978803e-25,24.229434298986124,ns,False,0.9709450724864916,2.823024170367351,False,False,True
GSTM5,0.5999133333333335,1896,84.5,1,0,crossfit_oof_pu_bagging,0.5999133333333335,0.5394333333333338,False,False,-1.685983280262647,2.4423857669968188e-20,19.612185739553137,ns,False,1.4951999466937806,3.181183226956428,False,False,True
SMAD9,0.5997133333333332,1898,84.48,1,0,crossfit_oof_pu_bagging,0.5997133333333332,0.5674666666666667,False,False,-1.699659323971173,1.006597368876154e-15,14.997144209130674,ns,False,2.1467424194260856,3.846401743397257,False,False,True
NEXN,0.5992066666666668,1901,84.45,1,0,crossfit_oof_pu_bagging,0.5992066666666668,0.5537000000000002,False,False,-1.178975975633868,1.1480623842560888e-10,9.940034512284685,ns,False,3.4062675766667514,4.585243552300621,False,False,True
PKDCC,0.5975800000000001,1908,84.4,1,0,crossfit_oof_pu_bagging,0.5975800000000001,0.6115666666666667,False,False,-1.6210845510972898,1.6770110935421046e-13,12.775464064496964,ns,False,3.1872767331267524,4.808361284224045,False,False,True
THEM5,0.5970799999999998,1909,84.39,1,0,crossfit_oof_pu_bagging,0.5970799999999998,0.5858999999999998,False,False,1.0357269770474238,3.090116803958923e-07,6.510025104278697,ns,False,3.6367557293779846,2.6010287523305604,False,False,True
CYYR1,0.59676,1911,84.37,1,0,crossfit_oof_pu_bagging,0.59676,0.5960333333333336,False,False,-1.966400788356548,2.497608154745446e-21,20.602475696298328,ns,False,3.815580825707315,5.781981614063862,False,False,True
TENM4,0.5967066666666665,1912,84.36,1,0,crossfit_oof_pu_bagging,0.5967066666666665,0.5758333333333336,False,False,1.2314607053649522,5.3257352190088346e-12,11.273620429294354,ns,False,2.2072454875599363,0.9757847821949844,False,False,True
NXPH3,0.5955266666666665,1916,84.33,1,0,crossfit_oof_pu_bagging,0.5955266666666665,0.5928000000000003,False,False,-1.6973961818839447,1.688442532631638e-18,17.77251371630526,ns,False,1.3442671390088343,3.0416633208927792,False,False,True
TSKU,0.5949866666666666,1919,84.31,1,0,crossfit_oof_pu_bagging,0.5949866666666666,0.664733333333333,False,False,1.4975225192047843,1.631506204315019e-13,12.787411270331727,ns,False,5.711190830612053,4.213668311407268,False,False,True
SAMD5,0.594673333333333,1921,84.29,1,0,crossfit_oof_pu_bagging,0.594673333333333,0.5497666666666667,False,False,-1.2915556256489034,1.2439212951112111e-11,10.905207097282036,ns,False,1.87816494204886,3.169720567697763,False,False,True
NKD2,0.5945933333333333,1922,84.28,1,0,crossfit_oof_pu_bagging,0.5945933333333333,0.531366666666667,False,False,-1.2391254872134774,5.277402481178221e-10,9.277579783084729,ns,False,3.465413488434486,4.7045389756479645,False,False,True
TEKT2,0.5942466666666665,1925,84.26,1,0,crossfit_oof_pu_bagging,0.5942466666666665,0.5301666666666665,False,False,-1.7594493829388902,5.808261730726883e-09,8.23595382177605,ns,False,1.7232775776631204,3.48272696060201,False,False,True
LOXL1,0.5929066666666666,1934,84.18,1,0,crossfit_oof_pu_bagging,0.5929066666666666,0.5278999999999994,False,False,1.1847839322711229,4.9458484362813876e-11,10.305759196566555,ns,False,4.682452426318368,3.497668494047244,False,False,True
TIMP3,0.5909799999999998,1940,84.14,1,0,crossfit_oof_pu_bagging,0.5909799999999998,0.5639333333333333,False,False,-1.7151872177865355,4.350627991971974e-12,11.361448050226215,ns,False,8.47095867820407,10.186145895990606,False,False,True
INKA1,0.5906799999999999,1942,84.12,1,0,crossfit_oof_pu_bagging,0.5906799999999999,0.5820666666666664,False,False,-1.2075350874529456,1.1739534535023936e-12,11.93034912224327,ns,False,2.538283999269104,3.7458190867220496,False,False,True
JAM2,0.5900800000000002,1944,84.1,1,0,crossfit_oof_pu_bagging,0.5900800000000002,0.5926333333333333,False,False,-2.2666714495149387,1.788433009400852e-27,26.74752732288568,down,True,2.751874618565418,5.018546068080357,False,False,True
PRKG2,0.5895533333333334,1945,84.09,1,0,crossfit_oof_pu_bagging,0.5895533333333334,0.5866333333333335,False,False,-1.9608657863597283,3.6941480786462992e-22,21.432485700002967,ns,False,1.2540614322852008,3.21492721864493,False,False,True
MAPK4,0.5888333333333333,1948,84.07,1,0,crossfit_oof_pu_bagging,0.5888333333333333,0.5430666666666665,False,False,-1.896465351154319,1.1117392087104254e-14,13.95399707741333,ns,False,0.8760030065536284,2.772468357707947,False,False,True
PID1,0.5887666666666664,1949,84.06,1,0,crossfit_oof_pu_bagging,0.5887666666666664,0.6107999999999998,False,False,-1.985633804558963,8.408583485129016e-19,18.07527715954172,ns,False,3.836111987948201,5.821745792507165,False,False,True
DYDC2,0.5884133333333332,1950,84.05,1,0,crossfit_oof_pu_bagging,0.5884133333333332,0.543133333333333,False,False,-1.292211323874696,7.212230356204183e-07,6.1419304105088885,ns,False,1.27870754466031,2.5709188685350064,False,False,True
FAM167B,0.5859533333333333,1957,84.0,1,0,crossfit_oof_pu_bagging,0.5859533333333333,0.5893666666666668,False,False,-1.272101439571104,9.291663687608636e-12,11.031906517905275,ns,False,3.870741515440359,5.142842955011463,False,False,True
TEKT1,0.5858599999999999,1958,83.99,1,0,crossfit_oof_pu_bagging,0.5858599999999999,0.4707333333333334,False,False,-2.100003850627456,1.4074942582341572e-09,8.85155336814433,down,True,1.2983983926997624,3.3984022433272165,False,False,True
F8,0.5848666666666666,1964,83.94,1,0,crossfit_oof_pu_bagging,0.5848666666666666,0.6063333333333328,False,False,-1.4261793053732783,1.6009049708455978e-16,15.79563444688286,ns,False,2.644538140066876,4.070717445440154,False,False,True
GPM6B,0.5846399999999999,1968,83.91,1,0,crossfit_oof_pu_bagging,0.5846399999999999,0.5873333333333332,False,False,-1.9149720750398167,1.2823862474521697e-18,17.891981148083467,ns,False,2.445284357012695,4.360256432052511,False,False,True
MESP1,0.5844933333333333,1970,83.89,1,0,crossfit_oof_pu_bagging,0.5844933333333333,0.5808,False,False,1.1815474248975868,1.7212782328241838e-11,10.764148923272888,ns,False,2.2731233799368,1.091575955039213,False,False,True
SH2D3C,0.5844400000000002,1971,83.88,1,0,crossfit_oof_pu_bagging,0.5844400000000002,0.5775333333333333,False,False,-2.1291198907849305,1.941031146505232e-22,21.71196749570549,down,True,3.687787914958774,5.816907805743703,False,False,True
MYADM,0.58382,1974,83.86,1,0,crossfit_oof_pu_bagging,0.58382,0.6031333333333339,False,False,-1.6958745859564943,1.323600155055679e-13,12.87824319063592,ns,False,6.18761700335265,7.883491589309141,False,False,True
NFE2L3,0.58282,1978,83.82,1,0,crossfit_oof_pu_bagging,0.58282,0.6454,False,False,1.261796934867712,1.490471190168356e-10,9.826676414178031,ns,False,4.4165211164886,3.154724181620889,False,False,True
CGNL1,0.5823133333333335,1981,83.8,1,0,crossfit_oof_pu_bagging,0.5823133333333335,0.5750666666666668,False,False,-2.408822845921217,5.0422721934729935e-22,21.2973737138098,down,True,3.5426714927274583,5.951494338648676,False,False,True
RUNX2,0.5821533333333333,1982,83.79,1,0,crossfit_oof_pu_bagging,0.5821533333333333,0.616433333333333,False,False,1.3339150706969416,1.431936372483949e-13,12.84407627929984,ns,False,3.1542244871985905,1.820309416501649,False,False,True
BTG2,0.5819466666666666,1986,83.76,1,0,crossfit_oof_pu_bagging,0.5819466666666666,0.6125666666666668,False,False,-1.491645352754773,2.2849569270607232e-12,11.64112198225328,ns,False,7.13005736127872,8.621702714033495,False,False,True
ADA2,0.5816999999999999,1988,83.74,1,0,crossfit_oof_pu_bagging,0.5816999999999999,0.6172000000000002,False,False,-1.0205697862336462,7.364546876394718e-09,8.132853969138425,ns,False,5.060579814475581,6.081149600709227,False,False,True
MYCT1,0.5815466666666669,1989,83.73,1,0,crossfit_oof_pu_bagging,0.5815466666666669,0.5888000000000003,False,False,-1.99590411155586,4.423695250480196e-23,22.354214799333004,ns,False,3.3145843378927764,5.310488449448634,False,False,True
CLEC14A,0.5815066666666666,1990,83.73,1,0,crossfit_oof_pu_bagging,0.5815066666666666,0.5812666666666666,False,False,-2.1825682019224866,1.2108455183247001e-21,20.916911261331528,down,True,5.190853514479961,7.373421716402444,False,False,True
ADAMTSL3,0.5812400000000001,1992,83.71,1,0,crossfit_oof_pu_bagging,0.5812400000000001,0.5628666666666667,False,False,-1.8512490656877327,1.0715818188638371e-20,19.96997466351669,ns,False,1.6717529435363183,3.523002009224052,False,False,True
WDR62,0.5806800000000002,1994,83.69,1,0,crossfit_oof_pu_bagging,0.5806800000000002,0.5068666666666667,False,False,1.2311663105638606,1.3816115239178203e-11,10.859614053007878,ns,False,2.1208849416016147,0.8897186310377545,False,False,True
SLA,0.5804600000000001,1995,83.69,1,0,crossfit_oof_pu_bagging,0.5804600000000001,0.5705333333333333,False,False,-1.045111812618161,1.4609860410211903e-10,9.835353933508843,ns,False,3.918574735651765,4.963686548269926,False,False,True
RSPH4A,0.5792866666666668,1999,83.65,1,0,crossfit_oof_pu_bagging,0.5792866666666668,0.4965666666666662,False,False,-1.8553312623919405,2.1382524794502022e-10,9.669941015704351,ns,False,1.7078931405995352,3.5632244029914752,False,False,True
SLC16A3,0.57774,2002,83.63,1,0,crossfit_oof_pu_bagging,0.57774,0.6371666666666667,False,False,1.1728917252793207,2.619967703646417e-10,9.581704062197277,ns,False,5.576998207502448,4.404106482223125,False,False,True
BMX,0.5774133333333333,2005,83.6,1,0,crossfit_oof_pu_bagging,0.5774133333333333,0.6063000000000001,False,False,-1.6168277129708604,6.600949318979927e-19,18.180393601678325,ns,False,0.9613357805254674,2.578163493496328,False,False,True
RMI2,0.5771133333333334,2006,83.6,1,0,crossfit_oof_pu_bagging,0.5771133333333334,0.6235666666666665,False,False,1.7375835012257368,5.8056266087652684e-18,17.23615089943226,ns,False,3.6323190283457736,1.894735527120038,False,False,True
PPP4R4,0.5769400000000001,2008,83.58,1,0,crossfit_oof_pu_bagging,0.5769400000000001,0.6070333333333331,False,False,-1.369271483161696,2.7734375272163363e-16,15.556981612330947,ns,False,0.769599617863372,2.1388711010250683,False,False,True
BCL6B,0.5767733333333332,2010,83.56,1,0,crossfit_oof_pu_bagging,0.5767733333333332,0.5659000000000002,False,False,-1.564348256883552,5.254480614154567e-16,15.279470205906811,ns,False,3.3948617612471845,4.959210018130736,False,False,True
TOX2,0.5763400000000001,2011,83.55,1,0,crossfit_oof_pu_bagging,0.5763400000000001,0.5291666666666669,False,False,-1.3167789960078775,2.1795508050166164e-10,9.661633003186234,ns,False,3.0626151425333803,4.379394138541259,False,False,True
SIX4,0.5758466666666668,2014,83.53,1,0,crossfit_oof_pu_bagging,0.5758466666666668,0.5456333333333332,False,False,1.5256345860704623,1.7420203385749212e-13,12.75894677878915,ns,False,3.0682155240713844,1.542580938000922,False,False,True
PPP1R16B,0.5756933333333334,2016,83.51,1,0,crossfit_oof_pu_bagging,0.5756933333333334,0.5560666666666672,False,False,-1.1310911489584532,3.652089778302229e-09,8.437458554866653,ns,False,3.129618150052134,4.2607092990105855,False,False,True
NEDD9,0.5750866666666669,2021,83.47,1,0,crossfit_oof_pu_bagging,0.5750866666666669,0.5507666666666665,False,False,-1.6840496528736073,1.1725512902544464e-15,14.930868151097066,ns,False,5.290299116836426,6.974348769710032,False,False,True
FAM184A,0.5745133333333333,2024,83.45,1,0,crossfit_oof_pu_bagging,0.5745133333333333,0.5538000000000003,False,False,-1.6054070257912314,4.755435164727222e-15,14.322809735089896,ns,False,1.972709636872289,3.578116662663521,False,False,True
SIRPG,0.5740933333333336,2025,83.44,1,0,crossfit_oof_pu_bagging,0.5740933333333336,0.5546999999999996,False,False,1.0111958721112244,4.5654200557155047e-10,9.340519257672584,ns,False,2.459392105420726,1.4481962333095026,False,False,True
ECT2,0.5736999999999999,2027,83.42,1,0,crossfit_oof_pu_bagging,0.5736999999999999,0.6099999999999994,False,False,1.8621327396158576,4.2916847587955326e-17,16.367372186180376,ns,False,4.880493124833303,3.018360385217445,False,False,True
DAPK2,0.5736333333333334,2028,83.42,1,0,crossfit_oof_pu_bagging,0.5736333333333334,0.5467666666666668,False,False,-2.138166107198507,7.45069872820498e-24,23.1278029971075,down,True,2.019794695245288,4.157960802443795,False,False,True
IHH,0.5727733333333334,2032,83.38,1,0,crossfit_oof_pu_bagging,0.5727733333333334,0.5533666666666668,False,False,-2.144788321480682,3.890445722784053e-18,17.41000063932819,down,True,0.6831715233600957,2.8279598448407786,False,False,True
P2RY1,0.5714066666666667,2038,83.33,1,0,crossfit_oof_pu_bagging,0.5714066666666667,0.5629000000000001,False,False,-1.4143566803400671,4.354859780631839e-16,15.361025824003786,ns,False,2.0999720117908764,3.5143286921309445,False,False,True
HOXA5,0.5699800000000003,2041,83.31,1,0,crossfit_oof_pu_bagging,0.5699800000000003,0.5158666666666671,False,False,-1.4838883372670555,1.3006397889529854e-13,12.88584296426138,ns,False,3.318946431995556,4.802834769262612,False,False,True
MYL9,0.5699733333333334,2042,83.3,1,0,crossfit_oof_pu_bagging,0.5699733333333334,0.6054333333333334,False,False,-1.6861788543969771,1.911380457645032e-14,13.718652858622498,ns,False,7.47441126446447,9.160590118861446,False,False,True
CSRNP1,0.5696933333333332,2045,83.28,1,0,crossfit_oof_pu_bagging,0.5696933333333332,0.5452666666666663,False,False,-2.075366520428584,1.785999671756466e-18,17.74811862526515,down,True,5.594374823010975,7.669741343439559,False,False,True
PGM5,0.5695733333333333,2046,83.27,1,0,crossfit_oof_pu_bagging,0.5695733333333333,0.5849666666666665,False,False,-1.9176207987496368,1.5914924287033063e-20,19.7981954231317,ns,False,2.1023745310603688,4.019995329810007,False,False,True
CPNE5,0.5682266666666667,2055,83.19,1,0,crossfit_oof_pu_bagging,0.5682266666666667,0.5679666666666668,False,False,1.0050298362125258,1.5514520683327901e-10,9.809261637276164,ns,False,2.578908579252631,1.5738787430401062,False,False,True
PKNOX2,0.5681799999999997,2056,83.19,1,0,crossfit_oof_pu_bagging,0.5681799999999997,0.545566666666667,False,False,-1.9045993954784248,9.42266132683802e-23,22.02582641819189,ns,False,1.3650552327737864,3.2696546282522108,False,False,True
H4C8,0.5663066666666665,2061,83.15,1,0,crossfit_oof_pu_bagging,0.5663066666666665,0.5642999999999998,False,False,1.02837449818995,4.4227110578159323e-08,7.354311432797507,ns,False,3.2197965504764605,2.191422052286512,False,False,True
WASF3,0.5634466666666667,2074,83.04,1,0,crossfit_oof_pu_bagging,0.5634466666666667,0.5148666666666664,False,False,-1.654765042031756,5.5694904389540754e-21,20.2541845372632,ns,False,1.7914534542735217,3.4462184963052773,False,False,True
ESYT3,0.5630333333333335,2076,83.02,1,0,crossfit_oof_pu_bagging,0.5630333333333335,0.5690000000000003,False,False,-1.5604375038940068,1.659818778554337e-13,12.77993932627933,ns,False,2.257881857116292,3.8183193610102975,False,False,True
IL1RL2,0.5627333333333333,2077,83.01,1,0,crossfit_oof_pu_bagging,0.5627333333333333,0.5273666666666665,False,False,1.1350531890609803,7.097816730049782e-11,10.148875218591645,ns,False,2.011061155659231,0.8760079665982505,False,False,True
LRRN3,0.56172,2081,82.98,1,0,crossfit_oof_pu_bagging,0.56172,0.5517333333333331,False,False,-2.4363745227022457,6.139740327909082e-23,22.211849996373648,down,True,1.225726547782776,3.6621010704850216,False,False,True
C11ORF16,0.5614266666666665,2082,82.97,1,0,crossfit_oof_pu_bagging,0.5614266666666665,0.5199666666666665,False,False,-1.1797187241501024,3.545040767916396e-06,5.450378766072078,ns,False,1.1853324913012375,2.36505121545134,False,False,True
NR3C2,0.5614,2083,82.97,1,0,crossfit_oof_pu_bagging,0.5614,0.5695666666666668,False,False,-1.234586486159319,3.9005305215978514e-12,11.408876319400957,ns,False,2.91603034942499,4.15061683558431,False,False,True
C4ORF48,0.560686666666667,2086,82.94,1,0,crossfit_oof_pu_bagging,0.560686666666667,0.4991000000000001,False,False,1.1863369282451433,7.130208347265618e-13,12.146897779720955,ns,False,4.199030274719024,3.0126933464738817,False,False,True
PEAR1,0.5606333333333333,2087,82.93,1,0,crossfit_oof_pu_bagging,0.5606333333333333,0.5514333333333332,False,False,-1.7720487425830256,2.266408802063488e-20,19.64466175181264,ns,False,2.253041742249052,4.025090484832076,False,False,True
ACVRL1,0.5602666666666666,2089,82.92,1,0,crossfit_oof_pu_bagging,0.5602666666666666,0.5898333333333334,False,False,-2.3278410727850862,8.289285650646612e-24,23.0814828942205,down,True,4.517882473213273,6.845723545998361,False,False,True
CDH5,0.5601333333333334,2091,82.9,1,0,crossfit_oof_pu_bagging,0.5601333333333334,0.5636666666666668,False,False,-2.3309627991930464,5.78293135167187e-22,21.23785196311177,down,True,4.708061808168771,7.039024607361821,False,False,True
DSG2,0.5600733333333332,2092,82.89,1,0,crossfit_oof_pu_bagging,0.5600733333333332,0.6468333333333335,False,False,1.3766087843879666,1.3999354620539059e-11,10.853891985121702,ns,False,6.691910223879034,5.315301439491071,False,False,True
MFAP3L,0.5588666666666666,2100,82.83,1,0,crossfit_oof_pu_bagging,0.5588666666666666,0.6075333333333334,False,False,-1.4351028815517408,2.8988160045481474e-16,15.53777934957959,ns,False,1.293335687974696,2.728438569526437,False,False,True
OTX1,0.5577866666666668,2103,82.8,1,0,crossfit_oof_pu_bagging,0.5577866666666668,0.5920666666666665,False,False,1.4330079768857344,1.78516142684963e-13,12.748322505815006,ns,False,1.8942704308040323,0.4612624539182977,False,False,True
EPOP,0.55756,2104,82.79,1,0,crossfit_oof_pu_bagging,0.55756,0.5708666666666674,False,False,1.1588683059217515,9.020711248422692e-11,10.044759218656786,ns,False,3.041100735249374,1.882232429327622,False,False,True
CHML,0.5573666666666667,2105,82.79,1,0,crossfit_oof_pu_bagging,0.5573666666666667,0.5301000000000001,False,False,1.051801901969815,5.6348169429827994e-09,8.249120188214821,ns,False,4.123343751694406,3.071541849724592,False,False,True
FBLN1,0.5571600000000001,2107,82.77,1,0,crossfit_oof_pu_bagging,0.5571600000000001,0.5816333333333337,False,False,-1.124086415146053,7.05441756127076e-08,7.151538837383497,ns,False,6.265718097419112,7.389804512565163,False,False,True
MTURN,0.5566733333333331,2109,82.75,1,0,crossfit_oof_pu_bagging,0.5566733333333331,0.5509666666666668,False,False,-1.595193347281386,1.6911245803711878e-17,16.771824397975973,ns,False,3.8514826627686434,5.44667601005003,False,False,True
PAFAH1B3,0.5566533333333336,2110,82.74,1,0,crossfit_oof_pu_bagging,0.5566533333333336,0.5402666666666671,False,False,1.9171437668426985,5.067229273803314e-21,20.29522944500972,ns,False,5.675406449253467,3.758262682410765,False,False,True
RAD51,0.5560933333333333,2114,82.71,1,0,crossfit_oof_pu_bagging,0.5560933333333333,0.5753666666666665,False,False,1.4744557320390284,1.40822078019076e-14,13.851329251371553,ns,False,2.8129000476965804,1.3384443156575512,False,False,True
A2M,0.55604,2115,82.7,1,0,crossfit_oof_pu_bagging,0.55604,0.5576666666666671,False,False,-1.871126967834367,2.8988160045481474e-16,15.53777934957959,ns,False,8.933340051475252,10.80446701930962,False,False,True
FMO3,0.5560399999999998,2116,82.7,1,0,crossfit_oof_pu_bagging,0.5560399999999998,0.5342666666666663,False,False,-1.105128768991641,1.7237275761776508e-10,9.763531370478546,ns,False,3.4234245619381567,4.528553330929797,False,False,True
ODAM,0.5553799999999998,2121,82.65,1,0,crossfit_oof_pu_bagging,0.5553799999999998,0.5740000000000002,False,False,-2.195670916040467,8.955948205414594e-22,21.047888426724057,down,True,0.6802266053044621,2.8758975213449283,False,False,True
HDC,0.5551466666666667,2122,82.65,1,0,crossfit_oof_pu_bagging,0.5551466666666667,0.5592666666666668,False,False,-1.0622468994681964,1.3833864736163398e-11,10.859056475052093,ns,False,1.428373888031838,2.4906207875000352,False,False,True
TSPAN18,0.5550999999999997,2123,82.64,1,0,crossfit_oof_pu_bagging,0.5550999999999997,0.5396333333333333,False,False,-1.6282636835770576,9.005847921630244e-14,13.045475391078888,ns,False,3.445988157697869,5.074251841274927,False,False,True
DNA2,0.5544466666666666,2125,82.62,1,0,crossfit_oof_pu_bagging,0.5544466666666666,0.5490666666666664,False,False,1.3248426612035764,3.094927214733632e-15,14.50934956008853,ns,False,2.512044737148451,1.187202075944875,False,False,True
GIPC2,0.5542266666666668,2127,82.61,1,0,crossfit_oof_pu_bagging,0.5542266666666668,0.5280000000000002,False,False,-1.6468376824680055,6.061664024489159e-14,13.217408138630558,ns,False,1.59088392578768,3.237721608255686,False,False,True
NCF1,0.5539933333333333,2129,82.59,1,0,crossfit_oof_pu_bagging,0.5539933333333333,0.5452333333333338,False,False,-1.1046363441301528,3.8938257495115456e-12,11.409623487258424,ns,False,2.3403544279978994,3.444990772128052,False,False,True
PLBD1,0.5536266666666669,2134,82.55,1,0,crossfit_oof_pu_bagging,0.5536266666666669,0.5920999999999998,False,False,-1.2571535361015398,1.3312556721416088e-10,9.875738528794988,ns,False,5.412087856463897,6.669241392565436,False,False,True
C1QTNF2,0.55338,2137,82.52,1,0,crossfit_oof_pu_bagging,0.55338,0.5303000000000003,False,False,-1.3942757393723897,8.650670154936881e-18,17.062950247064965,ns,False,1.4629580233868482,2.857233762759237,False,False,True
ITGAX,0.5519066666666667,2142,82.48,1,0,crossfit_oof_pu_bagging,0.5519066666666667,0.5857333333333334,False,False,-1.0311306822282322,1.732673856334809e-08,7.761283177461523,ns,False,4.111236812706695,5.142367494934925,False,False,True
ARHGAP11A,0.5515866666666667,2143,82.47,1,0,crossfit_oof_pu_bagging,0.5515866666666667,0.5403666666666669,False,False,1.4324517634320713,7.006547129634239e-13,12.154495952358992,ns,False,2.8237285601626043,1.391276796730534,False,False,True
PAX9,0.5513733333333335,2147,82.44,1,0,crossfit_oof_pu_bagging,0.5513733333333335,0.5537000000000002,False,False,1.048015168568243,6.974652082662795e-08,7.156477451473473,ns,False,2.092596611393967,1.0445814428257236,False,False,True
STOML3,0.5513533333333335,2148,82.43,1,0,crossfit_oof_pu_bagging,0.5513533333333335,0.4725000000000001,False,False,-1.760409821240751,8.337018383134667e-09,8.078989240882102,ns,False,1.1527824421948174,2.9131922634355694,False,False,True
MTHFD2,0.5511466666666667,2150,82.42,1,0,crossfit_oof_pu_bagging,0.5511466666666667,0.5601666666666664,False,False,1.4046629740505958,7.10933986848309e-16,15.148170723431267,ns,False,4.235214185239083,2.8305512111884856,False,False,True
CYBRD1,0.5508466666666669,2152,82.4,1,0,crossfit_oof_pu_bagging,0.5508466666666669,0.5392,False,False,-1.9263448903447145,8.6346979550509995e-19,18.06375284961348,ns,False,6.23881292532672,8.165157815671437,False,False,True
GLIPR2,0.5507066666666666,2153,82.39,1,0,crossfit_oof_pu_bagging,0.5507066666666666,0.5536000000000001,False,False,-2.087269140426552,1.6058067204726217e-22,21.794306728847904,down,True,5.248972111470372,7.336241251896921,False,False,True
PDZD4,0.5505533333333333,2155,82.38,1,0,crossfit_oof_pu_bagging,0.5505533333333333,0.5848666666666662,False,False,-1.034398378204334,1.5568095087529335e-08,7.807764524463752,ns,False,1.6267427667352303,2.661141144939564,False,False,True
TGFA,0.5498133333333335,2160,82.34,1,0,crossfit_oof_pu_bagging,0.5498133333333335,0.592133333333333,False,False,1.2317212879222992,2.0505206909245256e-10,9.688135844075102,ns,False,4.747941784525199,3.5162204966029,False,False,True
RNF182,0.5496866666666668,2165,82.29,1,0,crossfit_oof_pu_bagging,0.5496866666666668,0.5433999999999999,False,False,-1.5226641529112273,1.0190288105419389e-13,12.991813537207994,ns,False,0.8827495589684016,2.405413711879629,False,False,True
SYNJ2,0.5481800000000001,2170,82.25,1,0,crossfit_oof_pu_bagging,0.5481800000000001,0.5754333333333336,False,False,1.422216672995804,7.340569791772702e-16,15.134270227847097,ns,False,3.318853102532586,1.896636429536781,False,False,True
SPEF1,0.5476266666666667,2172,82.24,1,0,crossfit_oof_pu_bagging,0.5476266666666667,0.4663666666666664,False,False,-1.1986835675566954,3.686194935616604e-06,5.433421701883068,ns,False,1.4613771197575474,2.660060687314243,False,False,True
AFAP1L1,0.5475266666666667,2173,82.23,1,0,crossfit_oof_pu_bagging,0.5475266666666667,0.5455666666666669,False,False,-1.4071599473888354,1.3671820625780606e-13,12.864173648191407,ns,False,2.9891052826394366,4.396265230028274,False,False,True
CCND2,0.5473866666666666,2174,82.22,1,0,crossfit_oof_pu_bagging,0.5473866666666666,0.5347333333333333,False,False,-1.383951834671496,4.0659735061980016e-14,13.390835455542913,ns,False,3.867868060020319,5.251819894691814,False,False,True
PALM2AKAP2,0.5471733333333333,2177,82.2,1,0,crossfit_oof_pu_bagging,0.5471733333333333,0.5188999999999997,False,False,-2.167982821786388,1.3838052467394966e-19,18.858925027088723,down,True,4.270381563612793,6.438364385399181,False,False,True
ROBO2,0.5467733333333332,2180,82.17,1,0,crossfit_oof_pu_bagging,0.5467733333333332,0.5522666666666669,False,False,-1.301540751302238,4.181353730921092e-15,14.378683090787574,ns,False,1.1332906458185392,2.4348313971207776,False,False,True
TCTEX1D4,0.5457333333333334,2184,82.14,1,0,crossfit_oof_pu_bagging,0.5457333333333334,0.4449666666666666,False,False,-1.1787447357585403,2.514293707237737e-11,10.599583991573626,ns,False,1.1646119774362598,2.3433567131948,False,False,True
C1ORF189,0.5455866666666664,2185,82.13,1,0,crossfit_oof_pu_bagging,0.5455866666666664,0.4710999999999999,False,False,-1.677203899186518,4.401579139667195e-09,8.356391485194326,ns,False,1.2677838367117813,2.9449877358982985,False,False,True
SLC47A1,0.5455533333333331,2186,82.12,1,0,crossfit_oof_pu_bagging,0.5455533333333331,0.5342333333333337,False,False,-1.3452232027385909,4.530639330946817e-12,11.343840509176824,ns,False,2.2735622880778075,3.618785490816399,False,False,True
VGLL3,0.5448066666666664,2189,82.1,1,0,crossfit_oof_pu_bagging,0.5448066666666664,0.5378666666666665,False,False,-1.148035424116359,2.1069947133013431e-10,9.676336554086696,ns,False,2.7915233888288467,3.939558812945207,False,False,True
DYNLRB2,0.5444266666666666,2191,82.08,1,0,crossfit_oof_pu_bagging,0.5444266666666666,0.4747999999999999,False,False,-1.6523154895670245,3.040179436553632e-09,8.517100782836865,ns,False,1.310508544964351,2.9628240345313754,False,False,True
NOTCH4,0.5443933333333334,2192,82.07,1,0,crossfit_oof_pu_bagging,0.5443933333333334,0.5354999999999998,False,False,-1.6844361780835422,1.1965217456785385e-17,16.922079404077394,ns,False,2.9277432214588184,4.612179399542361,False,False,True
HSPB7,0.5439666666666666,2193,82.07,1,0,crossfit_oof_pu_bagging,0.5439666666666666,0.5550333333333338,False,False,-1.3602419607627043,8.349173955942873e-15,14.078356490279502,ns,False,2.373344658720109,3.733586619482815,False,False,True
TMEM45B,0.5439133333333334,2194,82.06,1,0,crossfit_oof_pu_bagging,0.5439133333333334,0.6508666666666666,False,False,1.031793420422361,7.050071020865805e-08,7.151806507999416,ns,False,5.290042056482711,4.258248636060348,False,False,True
NTN4,0.5433133333333332,2196,82.04,1,0,crossfit_oof_pu_bagging,0.5433133333333332,0.603366666666667,False,False,-1.697379183399622,1.406056266281204e-15,14.85199729976676,ns,False,5.22867493261417,6.926054116013793,False,False,True
DENND3,0.5429533333333332,2198,82.02,1,0,crossfit_oof_pu_bagging,0.5429533333333332,0.5444000000000001,False,False,-1.92185630937916,3.95404613714348e-23,22.40295826749833,ns,False,3.136873906465856,5.058730215845014,False,False,True
JPH1,0.5425600000000002,2202,81.99,1,0,crossfit_oof_pu_bagging,0.5425600000000002,0.5384000000000001,False,False,-1.2615593611970082,9.406277942785459e-11,10.026582192586048,ns,False,2.67449721821155,3.936056579408559,False,False,True
GIMAP7,0.5422066666666666,2203,81.98,1,0,crossfit_oof_pu_bagging,0.5422066666666666,0.5549000000000003,False,False,-1.8290153665056108,1.3722002808792684e-17,16.862582496112726,ns,False,5.047160157941295,6.876175524446904,False,False,True
DEPTOR,0.5409800000000002,2208,81.94,1,0,crossfit_oof_pu_bagging,0.5409800000000002,0.5136666666666669,False,False,1.262395101375364,2.859964353596155e-12,11.543639379854511,ns,False,4.849879307236472,3.587484205861108,False,False,True
CDH24,0.5408866666666665,2209,81.93,1,0,crossfit_oof_pu_bagging,0.5408866666666665,0.5191333333333337,False,False,1.0424316204478876,2.580982507001725e-07,6.588214938942519,ns,False,3.3611303662753325,2.318698745827444,False,False,True
SIGLEC6,0.5399800000000001,2210,81.93,1,0,crossfit_oof_pu_bagging,0.5399800000000001,0.5531,False,False,-1.1873181549624494,8.21962018513347e-14,13.085148250016116,ns,False,1.130697930938125,2.3180160859005743,False,False,True
E2F2,0.5399333333333335,2211,81.92,1,0,crossfit_oof_pu_bagging,0.5399333333333335,0.527,False,False,1.338065197476274,5.162661726673196e-13,12.287126330318284,ns,False,2.1678528707380704,0.8297876732617963,False,False,True
KIF26A,0.5399066666666668,2212,81.91,1,0,crossfit_oof_pu_bagging,0.5399066666666668,0.5120000000000001,False,False,-1.266188348070414,4.2409791598485735e-10,9.372533861656066,ns,False,1.483083484922519,2.749271832992933,False,False,True
ADGRL2,0.5391066666666667,2217,81.87,1,0,crossfit_oof_pu_bagging,0.5391066666666667,0.5309999999999998,False,False,-1.4991005206351835,3.835333675086056e-13,12.416196846331768,ns,False,2.80413635969823,4.3032368803334125,False,False,True
ECSCR,0.5390733333333333,2220,81.84,1,0,crossfit_oof_pu_bagging,0.5390733333333333,0.4973000000000001,False,False,-1.6912363723186117,2.717255732554976e-22,21.56586948634803,ns,False,1.7295663543027062,3.420802726621317,False,False,True
TMOD1,0.5387666666666665,2222,81.83,1,0,crossfit_oof_pu_bagging,0.5387666666666665,0.5139666666666666,False,False,-1.568510213012426,2.051007493815873e-15,14.688032752836444,ns,False,1.7746376297195143,3.3431478427319417,False,False,True
CFAP45,0.5383799999999997,2225,81.8,1,0,crossfit_oof_pu_bagging,0.5383799999999997,0.5337333333333334,False,False,-1.109020007462013,7.74886444604219e-06,5.110761936326119,ns,False,2.2049886830477887,3.3140086905098007,False,False,True
CEACAM21,0.5383199999999998,2226,81.8,1,0,crossfit_oof_pu_bagging,0.5383199999999998,0.5558333333333333,False,False,-1.3253039607760764,7.186763574835581e-11,10.143466642026958,ns,False,2.395725571019593,3.721029531795671,False,False,True
PLA2G3,0.5380600000000001,2228,81.78,1,0,crossfit_oof_pu_bagging,0.5380600000000001,0.5355666666666665,False,False,-1.896784340153763,1.828421831361529e-17,16.73792360187448,ns,False,1.0755622773261837,2.9723466174799467,False,False,True
GSTA3,0.5380066666666667,2229,81.77,1,0,crossfit_oof_pu_bagging,0.5380066666666667,0.4607999999999998,False,False,-1.733333579138518,5.269035761301613e-11,10.278268853831223,ns,False,0.6900341509884289,2.4233677301269463,False,False,True
TMTC1,0.538,2230,81.76,1,0,crossfit_oof_pu_bagging,0.538,0.5004333333333338,False,False,-1.1977322875009428,5.304406681462779e-12,11.275363186574548,ns,False,1.7703971006149686,2.9681293881159125,False,False,True
AATK,0.5376466666666669,2232,81.75,1,0,crossfit_oof_pu_bagging,0.5376466666666669,0.5075333333333334,False,False,-1.911834741215348,2.608667971851108e-20,19.58358119386612,ns,False,1.7170641172636538,3.6288988584790034,False,False,True
LRRC46,0.5373666666666667,2235,81.72,1,0,crossfit_oof_pu_bagging,0.5373666666666667,0.4787666666666665,False,False,-1.5950873337246507,1.359697035358141e-07,6.866557849372285,ns,False,2.22460708871451,3.8196944224391616,False,False,True
HELLS,0.5373266666666665,2236,81.71,1,0,crossfit_oof_pu_bagging,0.5373266666666665,0.4816999999999999,False,False,1.3956259066343673,3.0836182552808165e-15,14.510939391933272,ns,False,2.3751747811680697,0.9795488745337028,False,False,True
MYO7A,0.5368333333333335,2240,81.68,1,0,crossfit_oof_pu_bagging,0.5368333333333335,0.5409666666666664,False,False,1.2912393528359414,5.46114836800558e-17,16.26271602442933,ns,False,2.5103740035507625,1.219134650714822,False,False,True
GPR4,0.5363999999999999,2241,81.67,1,0,crossfit_oof_pu_bagging,0.5363999999999999,0.5233999999999996,False,False,-1.2031044722970852,5.424635408775057e-10,9.265629445549122,ns,False,2.9990880262605746,4.202192498557661,False,False,True
SMOX,0.53626,2244,81.65,1,0,crossfit_oof_pu_bagging,0.53626,0.5175000000000002,False,False,1.196789151722902,2.561204095457299e-10,9.591555812394846,ns,False,3.902605281114445,2.705816129391544,False,False,True
C2CD4D,0.5361333333333334,2246,81.63,1,0,crossfit_oof_pu_bagging,0.5361333333333334,0.482433333333333,False,False,1.0631775768357512,4.573275097728479e-10,9.339772673574046,ns,False,1.7711089093100127,0.7079313324742617,False,False,True
BLM,0.5357200000000001,2251,81.59,1,0,crossfit_oof_pu_bagging,0.5357200000000001,0.4412666666666668,False,False,1.218908286423848,3.420628591049726e-14,13.46589407858146,ns,False,2.074615448992568,0.8557071625687194,False,False,True
MANEAL,0.5352266666666667,2253,81.57,1,0,crossfit_oof_pu_bagging,0.5352266666666667,0.5408333333333334,False,False,1.4993018328154082,6.062022204044736e-18,17.217382477226653,ns,False,3.3868593315240374,1.8875574987086288,False,False,True
BICDL1,0.5350933333333334,2254,81.57,1,0,crossfit_oof_pu_bagging,0.5350933333333334,0.5369999999999998,False,False,1.224111795442461,9.863283513057218e-11,10.00597848321151,ns,False,3.243397103555779,2.019285308113317,False,False,True
CCNO,0.5350333333333331,2255,81.56,1,0,crossfit_oof_pu_bagging,0.5350333333333331,0.5552333333333334,False,False,1.4279648818189392,1.974892962709855e-07,6.704456437740906,ns,False,3.34785443338785,1.9198895515689112,False,False,True
SLC39A8,0.5349866666666666,2256,81.55,1,0,crossfit_oof_pu_bagging,0.5349866666666666,0.5405999999999994,False,False,-2.5643777279156224,2.865133683181775e-21,20.542855109642947,down,True,5.820221494680262,8.384599222595888,False,False,True
CD93,0.5349266666666668,2257,81.54,1,0,crossfit_oof_pu_bagging,0.5349266666666668,0.5252999999999998,False,False,-1.8688123424572192,2.4094454000827993e-16,15.61808291070389,ns,False,5.655360402485153,7.5241727449423745,False,False,True
EIF4EBP1,0.53466,2262,81.5,1,0,crossfit_oof_pu_bagging,0.53466,0.5321666666666665,False,False,1.177559141315513,2.302829290015174e-09,8.63773825532813,ns,False,6.901375248826311,5.7238161075108,False,False,True
CENPK,0.5336666666666667,2267,81.46,1,0,crossfit_oof_pu_bagging,0.5336666666666667,0.5285000000000004,False,False,1.3356434112774114,6.130389988514999e-13,12.21251189669322,ns,False,2.422464111504272,1.08682070022686,False,False,True
PPARGC1A,0.5334533333333333,2269,81.44,1,0,crossfit_oof_pu_bagging,0.5334533333333333,0.5455333333333339,False,False,-1.0612348973236674,5.703472357050323e-09,8.243860659001365,ns,False,1.347757168980681,2.4089920663043496,False,False,True
AKAP14,0.5333600000000002,2270,81.44,1,0,crossfit_oof_pu_bagging,0.5333600000000002,0.4684999999999998,False,False,-1.4734920351340102,5.2855504474878653e-08,7.276909777730589,ns,False,0.934458071792302,2.407950106926313,False,False,True
PLEKHA6,0.53332,2271,81.43,1,0,crossfit_oof_pu_bagging,0.53332,0.5215666666666666,False,False,1.2010051372328272,2.449380688248812e-10,9.61094371060535,ns,False,4.075846040123753,2.8748409028909263,False,False,True
FBP1,0.53274,2274,81.4,1,0,crossfit_oof_pu_bagging,0.53274,0.5560333333333335,False,False,-1.8960530970822096,8.365529188094979e-16,15.077506581157024,ns,False,6.177305667144708,8.073358764226919,False,False,True
GAS6,0.5311933333333336,2280,81.35,1,0,crossfit_oof_pu_bagging,0.5311933333333336,0.5602666666666667,False,False,-1.823783725675223,1.1579000955374094e-16,15.936328910235993,ns,False,5.274909984800367,7.098693710475592,False,False,True
GFOD1,0.5310266666666664,2281,81.35,1,0,crossfit_oof_pu_bagging,0.5310266666666664,0.5096666666666668,False,False,-1.451200833851363,7.200014220168314e-18,17.142666645827823,ns,False,1.7804406807782058,3.231641514629569,False,False,True
CCDC170,0.53096,2282,81.34,1,0,crossfit_oof_pu_bagging,0.53096,0.5358333333333334,False,False,-1.22607538030703,1.8130706619764365e-07,6.741585269534704,ns,False,2.261190621164951,3.4872660014719794,False,False,True
GRK5,0.5303266666666666,2283,81.33,1,0,crossfit_oof_pu_bagging,0.5303266666666666,0.5435333333333333,False,False,-2.512171982640842,3.2069838390522548e-25,24.493903228605426,down,True,3.2484057623540905,5.760577744994935,False,False,True
CHST9,0.5299666666666669,2284,81.32,1,0,crossfit_oof_pu_bagging,0.5299666666666669,0.5002000000000003,False,False,-1.0928935999202345,2.781078689177415e-05,4.555786722825139,ns,False,0.8804800080019948,1.9733736079222288,False,False,True
IL34,0.5295133333333333,2288,81.29,1,0,crossfit_oof_pu_bagging,0.5295133333333333,0.5110333333333332,False,False,-1.2877779818989623,9.93588073854879e-12,11.002793630019852,ns,False,2.6417218614244944,3.9294998433234567,False,False,True
PLK4,0.5294133333333335,2289,81.28,1,0,crossfit_oof_pu_bagging,0.5294133333333335,0.5061999999999999,False,False,1.3690194828021878,4.693606609985538e-12,11.328493313176288,ns,False,2.759278238529929,1.390258755727742,False,False,True
PYCR1,0.5293400000000001,2290,81.27,1,0,crossfit_oof_pu_bagging,0.5293400000000001,0.5305333333333335,False,False,3.3850099964210303,4.693848479491704e-30,29.328470933821947,up,True,6.380512600692254,2.9955026042712234,False,False,True
CNTN6,0.5291066666666667,2291,81.26,1,0,crossfit_oof_pu_bagging,0.5291066666666667,0.5238666666666669,False,False,-2.812138102069808,5.82587055347594e-27,26.234639169302525,down,True,0.6712571622440261,3.483395264313836,False,False,True
LIMCH1,0.5285866666666666,2293,81.25,1,0,crossfit_oof_pu_bagging,0.5285866666666666,0.4944333333333334,False,False,-1.8746888381402336,1.5663769503658468e-19,18.80510371624738,ns,False,5.198635416652035,7.07332425479227,False,False,True
SRGN,0.5284133333333335,2295,81.23,1,0,crossfit_oof_pu_bagging,0.5284133333333335,0.5478999999999994,False,False,-1.036559966296673,2.0737140662327425e-08,7.683251126451389,ns,False,8.62907190140911,9.665631867705782,False,False,True
C5ORF34,0.5280733333333332,2297,81.21,1,0,crossfit_oof_pu_bagging,0.5280733333333332,0.4292333333333336,False,False,1.066378073222988,1.7097512829574157e-12,11.767067061710378,ns,False,1.956996122375464,0.8906180491524756,False,False,True
PLAAT5,0.5278466666666668,2300,81.19,1,0,crossfit_oof_pu_bagging,0.5278466666666668,0.5363999999999995,False,False,-1.1213523781444203,4.079939386372861e-08,7.389346288958977,ns,False,1.1506925083507469,2.2720448864951672,False,False,True
S100A16,0.5275333333333334,2302,81.17,1,0,crossfit_oof_pu_bagging,0.5275333333333334,0.5128666666666662,False,False,1.0275238234527326,5.950814347130051e-07,6.225423598596685,ns,False,8.430133402008204,7.402609578555471,False,False,True
GADD45B,0.52738,2303,81.17,1,0,crossfit_oof_pu_bagging,0.52738,0.4865666666666666,False,False,-1.3382133260086868,1.4609860410211903e-10,9.835353933508843,ns,False,6.52267233074388,7.860885656752569,False,False,True
CDCP1,0.5272533333333334,2305,81.15,1,0,crossfit_oof_pu_bagging,0.5272533333333334,0.5981333333333338,False,False,1.0041716917215198,4.917263480155025e-08,7.308276520424159,ns,False,5.392881718659233,4.388710026937714,False,False,True
SLC35F2,0.52708,2307,81.13,1,0,crossfit_oof_pu_bagging,0.52708,0.5500333333333338,False,False,1.8357028854671769,1.4744335210667584e-18,17.831374804044522,ns,False,5.37716940531595,3.5414665198487736,False,False,True
SOWAHB,0.5270266666666666,2308,81.12,1,0,crossfit_oof_pu_bagging,0.5270266666666666,0.527,False,False,1.0634711193683568,4.05171834189363e-08,7.392360752554835,ns,False,3.8424456526124735,2.7789745332441176,False,False,True
RBBP8NL,0.5251333333333335,2311,81.1,1,0,crossfit_oof_pu_bagging,0.5251333333333335,0.5133333333333332,False,False,1.0744112970482391,7.229030496138476e-15,14.14091994314946,ns,False,2.297120503582532,1.2227092065342928,False,False,True
TTYH3,0.5245600000000001,2312,81.09,1,0,crossfit_oof_pu_bagging,0.5245600000000001,0.5763666666666667,False,False,1.5245272583586635,1.983729383064061e-13,12.702517573844172,ns,False,6.474615095579202,4.95008783722054,False,False,True
FCER1G,0.5229799999999999,2320,81.03,1,0,crossfit_oof_pu_bagging,0.5229799999999999,0.5428000000000003,False,False,-1.2528277467190525,4.5968129608751026e-10,9.337543166841902,ns,False,7.380029384907414,8.63285713162647,False,False,True
FGF2,0.5229133333333335,2321,81.02,1,0,crossfit_oof_pu_bagging,0.5229133333333335,0.5467000000000003,False,False,-1.4908613604181966,2.4281081160078415e-18,17.614731979400638,ns,False,1.4799962605230954,2.9708576209412927,False,False,True
MT-ND6,0.5227066666666669,2322,81.01,1,0,crossfit_oof_pu_bagging,0.5227066666666669,0.5236000000000002,False,False,-1.5106700679790137,2.4907661879484947e-11,10.603667038440866,ns,False,11.69424148354155,13.204911551520562,False,False,True
SYNM,0.5225466666666664,2323,81.0,1,0,crossfit_oof_pu_bagging,0.5225466666666664,0.4983666666666666,False,False,-1.5137990827840146,6.979672609436437e-17,16.156164948043,ns,False,2.3867392316557967,3.900538314439813,False,False,True
ENKUR,0.5217933333333333,2324,80.99,1,0,crossfit_oof_pu_bagging,0.5217933333333333,0.4647333333333334,False,False,-1.2358904523356382,2.824324836129057e-06,5.549085354920054,ns,False,1.362735373055583,2.59862582539122,False,False,True
CCM2L,0.5216399999999999,2325,80.99,1,0,crossfit_oof_pu_bagging,0.5216399999999999,0.5440333333333334,False,False,-2.0389623386017184,2.1026858319002765e-24,23.677225611605,down,True,1.488009726769196,3.5269720653709147,False,False,True
CLIC2,0.5216,2326,80.98,1,0,crossfit_oof_pu_bagging,0.5216,0.6121999999999997,False,False,-1.150528872747671,6.405100329446073e-09,8.193474063080334,ns,False,5.121347392970924,6.271876265718596,False,False,True
PLEKHH2,0.5201533333333332,2333,80.92,1,0,crossfit_oof_pu_bagging,0.5201533333333332,0.5263333333333332,False,False,-1.687334782289135,7.873217251955196e-17,16.103847764559053,ns,False,2.407298751609565,4.094633533898701,False,False,True
EFNA4,0.5196133333333334,2338,80.88,1,0,crossfit_oof_pu_bagging,0.5196133333333334,0.5376333333333333,False,False,1.9289095742080444,1.6160475023713784e-20,19.79154587764896,ns,False,5.315031429345539,3.3861218551374943,False,False,True
GAS2L2,0.51928,2340,80.86,1,0,crossfit_oof_pu_bagging,0.51928,0.4586000000000002,False,False,-1.3291577366989995,4.677117889076161e-08,7.330021683345717,ns,False,1.104137458393978,2.433295195092977,False,False,True
S1PR5,0.5191333333333334,2341,80.85,1,0,crossfit_oof_pu_bagging,0.5191333333333334,0.4989666666666666,False,False,-1.0182353475612305,6.779952861181007e-10,9.168773325631484,ns,False,1.0414428846113195,2.05967823217255,False,False,True
EPAS1,0.5184066666666667,2347,80.81,1,0,crossfit_oof_pu_bagging,0.5184066666666667,0.5231333333333335,False,False,-2.6792003803708804,6.6983524251830425e-25,24.17403200635038,down,True,7.26154042607397,9.940740806444849,False,False,True
TNS1,0.5174399999999999,2352,80.76,1,0,crossfit_oof_pu_bagging,0.5174399999999999,0.4924000000000001,False,False,-2.292181527209316,2.395913184116848e-21,20.620528922652543,down,True,5.431422198298194,7.723603725507511,False,False,True
PDE2A,0.5173066666666666,2354,80.75,1,0,crossfit_oof_pu_bagging,0.5173066666666666,0.4830000000000002,False,False,-1.289217393565324,3.85125325511914e-13,12.414397921604651,ns,False,1.8435757693466293,3.1327931629119528,False,False,True
NCAPG2,0.5171399999999998,2355,80.74,1,0,crossfit_oof_pu_bagging,0.5171399999999998,0.525366666666666,False,False,1.5055956971185709,3.0344389676483856e-14,13.517921593148,ns,False,3.8974305983150574,2.391834901196489,False,False,True
ANGPTL1,0.5156399999999998,2358,80.72,1,0,crossfit_oof_pu_bagging,0.5156399999999998,0.5274,False,False,-2.1796821168874763,2.1088993372169592e-24,23.67594414967472,down,True,1.4913246527583774,3.671006769645852,False,False,True
DSCC1,0.5151933333333334,2361,80.69,1,0,crossfit_oof_pu_bagging,0.5151933333333334,0.5037999999999998,False,False,1.3517424305848804,3.1469606158710195e-11,10.50210869223674,ns,False,3.322133751696964,1.9703913211120825,False,False,True
FGF10,0.5142733333333334,2365,80.66,1,0,crossfit_oof_pu_bagging,0.5142733333333334,0.5133333333333338,False,False,-1.5588905789029452,2.8940170582682e-17,16.53849891333795,ns,False,0.5025004715658101,2.061391050468756,False,False,True
TIMP1,0.5131066666666666,2371,80.61,1,0,crossfit_oof_pu_bagging,0.5131066666666666,0.5643333333333332,False,False,1.6250696584349684,1.883241432436693e-16,15.725093999657457,ns,False,10.027236968242388,8.40216730980742,False,False,True
DEPP1,0.5123133333333333,2376,80.57,1,0,crossfit_oof_pu_bagging,0.5123133333333333,0.4567666666666664,False,False,-1.0712174925657334,3.255418389266993e-07,6.48739318759562,ns,False,6.961681273695454,8.03289876626119,False,False,True
MMP14,0.5111933333333333,2379,80.54,1,0,crossfit_oof_pu_bagging,0.5111933333333333,0.5903999999999998,False,False,1.1912829272062269,3.6297296308082918e-09,8.440125723234157,ns,False,7.941734928717019,6.75045200151079,False,False,True
GIMAP6,0.5107666666666668,2383,80.51,1,0,crossfit_oof_pu_bagging,0.5107666666666668,0.5258666666666659,False,False,-1.96952669079978,8.605837693784736e-19,18.065206848976025,ns,False,4.290799594430191,6.260326285229971,False,False,True
TMEM52,0.5100866666666667,2384,80.5,1,0,crossfit_oof_pu_bagging,0.5100866666666667,0.4944333333333334,False,False,1.0650224189539497,1.262506698442055e-09,8.898766308980624,ns,False,2.28945885103948,1.2244364320855294,False,False,True
AVPR2,0.5098133333333332,2386,80.49,1,0,crossfit_oof_pu_bagging,0.5098133333333332,0.5298666666666669,False,False,-1.5431132019288325,1.0755509863694704e-21,20.9683689971091,ns,False,0.7406483558306306,2.2837615577594628,False,False,True
STMND1,0.50976,2387,80.48,1,0,crossfit_oof_pu_bagging,0.50976,0.4283333333333333,False,False,-1.1289524881657371,1.1105439598511083e-06,5.954464245631584,ns,False,1.0346435910794518,2.163596079245188,False,False,True
OTUD1,0.5097399999999999,2388,80.47,1,0,crossfit_oof_pu_bagging,0.5097399999999999,0.5456666666666663,False,False,-2.001848518020457,3.3018558409549463e-24,23.48124189195889,down,True,4.35211443151636,6.353962949536818,False,False,True
CCDC173,0.50956,2391,80.45,1,0,crossfit_oof_pu_bagging,0.50956,0.3953333333333335,False,False,-1.5286960206577658,1.44632722684084e-11,10.839733438207592,ns,False,1.2255694900148884,2.754265510672653,False,False,True
CD302,0.5095200000000002,2392,80.44,1,0,crossfit_oof_pu_bagging,0.5095200000000002,0.5138,False,False,-1.4279454511295555,1.1129670829047714e-14,13.953517680161449,ns,False,2.6617052092689333,4.089650660398488,False,False,True
TUBA4B,0.5094400000000001,2393,80.43,1,0,crossfit_oof_pu_bagging,0.5094400000000001,0.4571666666666665,False,False,-1.949332933124004,1.5545055208768507e-09,8.808407731207092,ns,False,1.310697006616746,3.260029939740751,False,False,True
VTN,0.509413333333333,2394,80.42,1,0,crossfit_oof_pu_bagging,0.509413333333333,0.4620999999999996,False,False,-1.124364444790882,2.6209208387580135e-12,11.581546096111682,ns,False,1.0982881903604222,2.222652635151305,False,False,True
ADAMTS15,0.5080399999999999,2399,80.38,1,0,crossfit_oof_pu_bagging,0.5080399999999999,0.5007333333333335,False,False,-1.195052801682856,2.578447599932156e-10,9.58864169004418,ns,False,1.92480139719382,3.119854198876675,False,False,True
CIP2A,0.5070933333333333,2404,80.34,1,0,crossfit_oof_pu_bagging,0.5070933333333333,0.490966666666667,False,False,1.317519281036259,9.412030245203212e-12,11.026316685904884,ns,False,2.804576725231611,1.487057444195351,False,False,True
MSRB3,0.5068533333333333,2405,80.33,1,0,crossfit_oof_pu_bagging,0.5068533333333333,0.5262000000000001,False,False,-1.6319060685958944,1.797323441947965e-15,14.745373761280996,ns,False,3.539322886141834,5.171228954737727,False,False,True
GCOM1,0.5066,2407,80.31,1,0,crossfit_oof_pu_bagging,0.5066,0.4834333333333336,False,False,-1.5368513363168197,5.001703065622148e-20,19.300882094450696,ns,False,0.7580051381212631,2.294856474438084,False,False,True
REEP1,0.5064466666666666,2408,80.31,1,0,crossfit_oof_pu_bagging,0.5064466666666666,0.5356000000000001,False,False,-1.5708227166264983,5.655896865891961e-18,17.247498518408893,ns,False,1.2656667667734232,2.8364894833999217,False,False,True
ARHGEF37,0.5063000000000001,2410,80.29,1,0,crossfit_oof_pu_bagging,0.5063000000000001,0.5069000000000006,False,False,-1.3081839592438689,7.394297218285532e-15,14.13110309668054,ns,False,2.465017890105319,3.7732018493491872,False,False,True
CCN1,0.5062666666666666,2412,80.27,1,0,crossfit_oof_pu_bagging,0.5062666666666666,0.4337,False,False,-1.149265121877295,3.737747110262762e-07,6.42739008560372,ns,False,7.514267673955952,8.66353279583325,False,False,True
MMRN2,0.5061199999999999,2414,80.26,1,0,crossfit_oof_pu_bagging,0.5061199999999999,0.5150999999999999,False,False,-1.8562812041756187,1.5761596655095673e-18,17.802399790439445,ns,False,4.038722619673466,5.895003823849086,False,False,True
KCNT2,0.50512,2420,80.21,1,0,crossfit_oof_pu_bagging,0.50512,0.5256000000000001,False,False,-1.8164516127675072,2.460239076423736e-23,22.60902268780453,ns,False,0.721322052764029,2.5377736655315366,False,False,True
DTHD1,0.5049133333333333,2422,80.19,1,0,crossfit_oof_pu_bagging,0.5049133333333333,0.4140000000000002,False,False,-1.3455977887058497,1.5145157026814212e-08,7.819726219490228,ns,False,1.093686027743484,2.439283816449334,False,False,True
NECAB1,0.5047866666666667,2423,80.18,1,0,crossfit_oof_pu_bagging,0.5047866666666667,0.5602333333333335,False,False,-2.451289968542932,1.7777383974248102e-26,25.750132147141823,down,True,1.0533795953324814,3.504669563875414,False,False,True
STX11,0.5045466666666667,2424,80.18,1,0,crossfit_oof_pu_bagging,0.5045466666666667,0.5000999999999998,False,False,-2.902038942652412,9.597459244343926e-28,27.01784372344021,down,True,2.7285629301357144,5.630601872788126,False,False,True
ROR1,0.5044533333333334,2425,80.17,1,0,crossfit_oof_pu_bagging,0.5044533333333334,0.4830333333333337,False,False,-1.390429185626145,2.6401467524797118e-11,10.578371932213203,ns,False,2.6862980031356987,4.076727188761844,False,False,True
METTL7A,0.5043066666666667,2426,80.16,1,0,crossfit_oof_pu_bagging,0.5043066666666667,0.5291000000000001,False,False,-2.044038320720507,1.9798685187457122e-22,21.70336364987948,down,True,5.71718266584668,7.761220986567186,False,False,True
DNTTIP1,0.5043,2427,80.15,1,0,crossfit_oof_pu_bagging,0.5043,0.5692999999999998,False,False,1.218067948119005,1.5220703220641158e-10,9.817565282007704,ns,False,6.643335225380327,5.425267277261319,False,False,True
IER5L,0.5023733333333334,2430,80.13,1,0,crossfit_oof_pu_bagging,0.5023733333333334,0.5134333333333331,False,False,1.1431689276559398,3.899812683367128e-10,9.40895625259753,ns,False,3.3377071705883257,2.1945382429323863,False,False,True
CACNG6,0.5017066666666669,2435,80.09,1,0,crossfit_oof_pu_bagging,0.5017066666666669,0.4616666666666665,False,False,-1.4771821314202938,1.7022117977386e-08,7.768986403789357,ns,False,1.0166928025884856,2.493874934008779,False,False,True
TNFRSF21,0.5016200000000001,2437,80.07,1,0,crossfit_oof_pu_bagging,0.5016200000000001,0.5543333333333336,False,False,1.864218975478633,2.247494415277093e-18,17.648301378757072,ns,False,7.410524183625988,5.546305208147356,False,False,True
TIE1,0.5015200000000001,2438,80.06,1,0,crossfit_oof_pu_bagging,0.5015200000000001,0.5179666666666669,False,False,-1.7848152197892535,3.520468118007057e-19,18.45339958437692,ns,False,3.775608926470464,5.560424146259717,False,False,True
GJA4,0.5006333333333334,2444,80.01,1,0,crossfit_oof_pu_bagging,0.5006333333333334,0.480933333333333,False,False,-1.3116397089171352,9.507512485828188e-13,12.021933095574784,ns,False,4.06333919657755,5.374978905494686,False,False,True
