gene,predicted_prob,rank,percentile,predicted_label,label,is_lcgene_gene,log2fc,pvalue_adj,neg_log10_padj,direction,is_de_significant,mean_tumor,mean_normal,is_query_gene,novel_candidate,novel_candidate_sens
CDC20,0.9735666666666672,68,99.39,1,0,False,6.832255208252132,0.0,300.0,up,True,8.932691089946207,2.100435881694075,False,True,True
MYBL2,0.9684666666666676,93,99.16,1,0,False,7.393345041203434,0.0,300.0,up,True,9.342192341375384,1.9488473001719504,False,True,True
MARCO,0.9643000000000004,104,99.06,1,0,False,2.0487101621909263,1.2268479984786506e-66,65.9112092412756,up,True,9.023294522272222,6.974584360081296,False,True,True
RASD1,0.9576666666666664,132,98.81,1,0,False,4.45570881547039,1.0176707887964426e-211,210.9923926912845,up,True,9.837367021681894,5.381658206211504,False,True,True
CTSE,0.947499999999999,171,98.45,1,0,False,5.210954621992344,4.748497294115498e-158,157.3234438051385,up,True,10.587478823685448,5.376524201693104,False,True,True
CHI3L2,0.947033333333332,172,98.44,1,0,False,2.3114956491993555,1.349418287324388e-81,80.86985340857953,up,True,7.4482628795125585,5.136767230313203,False,True,True
C15ORF48,0.9436666666666664,183,98.34,1,0,False,6.398675045418138,0.0,300.0,up,True,9.24208570366082,2.8434106582426826,False,True,True
TPSAB1,0.9425666666666666,188,98.3,1,0,False,2.194082451580427,7.045919427137236e-111,110.15206232745476,up,True,8.467643799327654,6.2735613477472265,False,True,True
COMP,0.9422666666666664,189,98.29,1,0,False,5.028367402617793,1.7314351678634592e-201,200.7615937656024,up,True,8.452316496350477,3.423949093732684,False,True,True
PKP1,0.942166666666666,190,98.28,1,0,False,4.050089469292162,2.266520063171436e-115,114.6446404322258,up,True,6.970202253776819,2.9201127844846564,False,True,True
KRT17,0.9342333333333324,225,97.96,1,0,False,6.21767384175,1.7315126481105012e-232,231.7615743317296,up,True,9.055993481320572,2.838319639570572,False,True,True
MFAP5,0.9337666666666666,228,97.93,1,0,False,2.705070813875549,4.030505873112654e-93,92.39464044167192,up,True,5.530226949245777,2.825156135370228,False,True,True
BUB1B,0.9329333333333328,231,97.91,1,0,False,6.377430915872426,0.0,300.0,up,True,7.8488970551654464,1.4714661392930204,False,True,True
GDF15,0.9307666666666664,240,97.82,1,0,False,4.845336771774726,2.5217633115649726e-278,277.59829567799494,up,True,9.941252217260434,5.095915445485708,False,True,True
RARRES1,0.9300333333333324,243,97.8,1,0,False,2.466273609804488,2.377924041795213e-129,128.62380202219674,up,True,8.656707922360896,6.190434312556408,False,True,True
H19,0.9252000000000002,259,97.65,1,0,False,6.197697251795526,4.8228743979994844e-220,219.31669404825143,up,True,9.847182479893815,3.649485228098289,False,True,True
CHIT1,0.9239333333333328,264,97.61,1,0,False,6.837525966295534,7.834845583425519e-270,269.105969558599,up,True,8.964363891771281,2.1268379254757472,False,True,True
FOSB,0.9234333333333328,266,97.59,1,0,False,4.462119728310552,7.141653306341882e-157,156.14620123658474,up,True,9.155754428675532,4.6936347003649805,False,True,True
KIF2C,0.9233999999999992,267,97.58,1,0,False,6.791534105543639,0.0,300.0,up,True,8.36553219575095,1.5739980902073103,False,True,True
STEAP4,0.9226,270,97.55,1,0,False,6.961046069588273,0.0,300.0,up,True,11.27105782977505,4.310011760186776,False,True,True
FCER1A,0.9214999999999994,274,97.52,1,0,False,2.958341049293819,9.842655167914622e-110,109.0068877298994,up,True,5.526761905095096,2.568420855801277,False,True,True
CST6,0.9192999999999988,282,97.44,1,0,False,2.192600427976973,1.4605822654981266e-76,75.83547397689946,up,True,6.92987443720748,4.737274009230506,False,True,True
TROAP,0.9183,284,97.42,1,0,False,5.763478109326205,0.0,300.0,up,True,7.439419176598941,1.675941067272736,False,True,True
ADRA2A,0.9176333333333332,285,97.41,1,0,False,4.036691255773958,2.6709679236039218e-186,185.57333132751043,up,True,7.144467499751701,3.107776243977744,False,True,True
AGR3,0.9175666666666662,286,97.41,1,0,False,3.067880659797101,1.668450959378965e-96,95.77768655399817,up,True,8.970498919318374,5.902618259521272,False,True,True
CILP,0.9157333333333324,288,97.39,1,0,False,5.057464475261781,1.0832758003144536e-227,226.9652609586049,up,True,7.443020775388424,2.3855563001266424,False,True,True
KRT6A,0.9153333333333336,290,97.37,1,0,False,4.50912441682135,5.250514561963166e-97,96.2797981326949,up,True,6.498028228952579,1.9889038121312297,False,True,True
CLIC6,0.9146999999999996,293,97.34,1,0,False,6.819068882723076,0.0,300.0,up,True,10.705827317382091,3.8867584346590176,False,True,True
LAMC3,0.9139666666666668,294,97.33,1,0,False,2.349876433734992,4.4098550116239774e-148,147.35557568914595,up,True,7.855027140139235,5.505150706404243,False,True,True
CDT1,0.9138666666666672,295,97.32,1,0,False,6.123064245630564,0.0,300.0,up,True,8.019656451336562,1.896592205705998,False,True,True
ORM2,0.9134999999999992,296,97.31,1,0,False,3.1641884378349365,3.030815207501648e-97,96.5184405422892,up,True,5.406104616263228,2.2419161784282915,False,True,True
NCAPG,0.9121000000000008,301,97.27,1,0,False,6.728382890171696,0.0,300.0,up,True,8.081914578734262,1.353531688562565,False,True,True
HJURP,0.911466666666666,302,97.26,1,0,False,6.282895154225592,0.0,300.0,up,True,7.8003727322965135,1.5174775780709209,False,True,True
DMBT1,0.9111999999999992,303,97.25,1,0,False,6.022942164734199,1.8097097964166886e-162,161.74239106265549,up,True,9.590637624205325,3.567695459471124,False,True,True
MELK,0.9100333333333332,305,97.23,1,0,False,6.359033017473038,0.0,300.0,up,True,7.697321722539835,1.3382887050667966,False,True,True
MUC21,0.9097666666666656,308,97.21,1,0,False,7.346981346213644,4.073887486988066e-209,208.3899909695565,up,True,8.863196646264997,1.516215300051354,False,True,True
EPHA2,0.9096999999999998,309,97.2,1,0,False,4.954563033110557,0.0,300.0,up,True,10.128664139395452,5.174101106284895,False,True,True
NDC80,0.9086000000000002,311,97.18,1,0,False,6.037289561219589,0.0,300.0,up,True,7.321669940421259,1.2843803792016697,False,True,True
MS4A1,0.9080666666666666,313,97.16,1,0,False,4.318781295336258,1.7262795847886546e-172,171.7628888654587,up,True,6.684798148058773,2.366016852722515,False,True,True
SLITRK6,0.9059999999999988,317,97.12,1,0,False,5.454063951865616,1.2132000626376743e-206,205.91606757593868,up,True,6.855313485709069,1.4012495338434527,False,True,True
NRGN,0.9056999999999994,318,97.11,1,0,False,3.077454092248619,1.5626550177990649e-164,163.80613688916128,up,True,8.26888086444785,5.191426772199231,False,True,True
CPA3,0.9048666666666658,321,97.09,1,0,False,2.0271303193867425,4.1031559046025547e-82,81.38688198115099,up,True,8.111021843400437,6.083891524013694,False,True,True
ITGA11,0.9045333333333327,323,97.07,1,0,False,7.188182038042579,0.0,300.0,up,True,8.881436118942565,1.693254080899986,False,True,True
RAMP1,0.9043999999999994,324,97.06,1,0,False,3.508230436479677,6.159932576907498e-221,220.2104240413481,up,True,8.839991204892403,5.3317607684127255,False,True,True
TNFRSF6B,0.9025999999999996,333,96.98,1,0,False,2.8294346208454817,3.1655568194668074e-136,135.49954988679914,up,True,6.841830882584212,4.01239626173873,False,True,True
BUB1,0.9017333333333324,335,96.96,1,0,False,6.991486855180769,0.0,300.0,up,True,8.414178047030113,1.422691191849344,False,True,True
TPSB2,0.901666666666666,336,96.95,1,0,False,3.204135818895041,7.908975578952964e-162,161.10187976545552,up,True,9.117698704924214,5.9135628860291725,False,True,True
MYH11,0.901299999999999,338,96.93,1,0,False,2.6247025369656223,1.1922332181903881e-135,134.92363878195647,up,True,10.315016995125031,7.690314458159409,False,True,True
ALDH1A2,0.9005333333333332,342,96.9,1,0,False,3.224498188557792,7.664879480426121e-132,131.11549466943288,up,True,5.990082653266368,2.765584464708577,False,True,True
CDC45,0.9001666666666666,343,96.89,1,0,False,5.673024352804835,0.0,300.0,up,True,7.100593985250882,1.4275696324460465,False,True,True
TNFRSF11B,0.8997333333333326,344,96.88,1,0,False,2.356160540577779,1.914564195035952e-125,124.71793006724656,up,True,6.369989840833592,4.0138293002558125,False,True,True
PRSS21,0.898866666666666,347,96.85,1,0,False,2.694631461080087,1.8464075257541082e-75,74.73367243838419,up,True,4.775883923387932,2.081252462307845,False,True,True
AQP3,0.8987333333333326,348,96.84,1,0,False,5.903754002695103,2.5621895256024385e-303,300.0,up,True,12.525476210486298,6.621722207791195,False,True,True
IL1RL1,0.8975666666666655,351,96.81,1,0,False,-2.315582132324492,3.9379071677324686e-76,75.40473452614019,down,True,4.79236193404338,7.107944066367872,False,True,True
IFIT1,0.8974999999999996,352,96.81,1,0,False,5.474634545311118,0.0,300.0,up,True,8.988083175254136,3.513448629943018,False,True,True
SHISA3,0.8971666666666666,353,96.8,1,0,False,2.45864085863588,1.0839405371046586e-60,59.96499454170506,up,True,5.785124526734176,3.326483668098296,False,True,True
IFI44L,0.8969666666666658,355,96.78,1,0,False,5.529245124880182,0.0,300.0,up,True,8.903312821010159,3.374067696129977,False,True,True
ALDH1A3,0.8959333333333329,356,96.77,1,0,False,5.76251238868603,0.0,300.0,up,True,8.821648397569831,3.0591360088838004,False,True,True
NUF2,0.8957333333333325,357,96.76,1,0,False,6.149481895037159,0.0,300.0,up,True,7.417404638325711,1.267922743288552,False,True,True
CH25H,0.8955666666666662,358,96.75,1,0,False,2.6038304491208653,5.226289748058552e-118,117.28180651644284,up,True,7.144867790756666,4.541037341635801,False,True,True
LRRN4,0.8947999999999998,359,96.74,1,0,False,3.3679747085087017,6.374358184101607e-119,118.19556353656228,up,True,7.172382009591657,3.8044073010829553,False,True,True
KIT,0.8939666666666667,361,96.72,1,0,False,5.291298483678263,1.834324655132729e-256,255.73652379655337,up,True,9.518788964779135,4.227490481100874,False,True,True
SFRP2,0.8936333333333321,362,96.71,1,0,False,4.585443007966906,1.4247055149148442e-196,195.84627489457776,up,True,10.528006240223547,5.942563232256643,False,True,True
MT1M,0.8935666666666653,363,96.7,1,0,False,-2.4427570697072536,1.286692884310392e-104,103.89052510077693,down,True,4.956857627940837,7.399614697648091,False,True,True
CCL14,0.8933,365,96.69,1,0,False,2.555153406722285,7.837511609929132e-126,125.10582180282796,up,True,6.889433990610992,4.334280583888707,False,True,True
TSPAN8,0.8929333333333324,366,96.68,1,0,False,4.1773121163558,1.502561501443752e-136,135.82316774282538,up,True,8.855094715305125,4.6777825989493245,False,True,True
CD36,0.8925999999999994,368,96.66,1,0,False,2.9159624262346124,2.634802008728726e-174,173.57925201413158,up,True,8.192195538411957,5.276233112177344,False,True,True
CP,0.8924333333333329,370,96.64,1,0,False,9.369765551241018,0.0,300.0,up,True,12.28276247551122,2.912996924270204,False,True,True
AQP4,0.8921666666666662,371,96.63,1,0,False,3.5432261399840232,6.754078128822109e-100,99.17043391990433,up,True,9.185938945127583,5.642712805143562,False,True,True
PPP1R1B,0.8919333333333327,372,96.62,1,0,False,5.314647629675168,2.1751178387470974e-175,174.66251720982137,up,True,8.70431649200811,3.389668862332942,False,True,True
KCNN4,0.891566666666666,373,96.61,1,0,False,5.71708917006232,1.8214778264202814e-291,290.7395761112307,up,True,9.342292882496242,3.6252037124339216,False,True,True
KIF18B,0.8907999999999995,379,96.56,1,0,False,6.14540763501243,0.0,300.0,up,True,7.4249473563225585,1.279539721310129,False,True,True
SUSD2,0.8907666666666659,380,96.55,1,0,False,3.1841964555855817,1.053370014917626e-122,121.97741904836808,up,True,10.419377001535814,7.235180545950232,False,True,True
FADS2,0.8901999999999997,382,96.53,1,0,False,5.393779545708362,0.0,300.0,up,True,10.524515009410525,5.130735463702161,False,True,True
ANLN,0.8898333333333335,383,96.52,1,0,False,7.896444347929424,0.0,300.0,up,True,9.304448811478482,1.4080044635490578,False,True,True
CCL13,0.8894999999999995,385,96.5,1,0,False,2.8387549574288986,3.95696583739719e-130,129.40263769921438,up,True,7.214609406706035,4.375854449277137,False,True,True
SLC16A9,0.8890333333333327,386,96.5,1,0,False,6.193031415159769,5.234850211355362e-233,232.2810957405969,up,True,7.478290606545015,1.2852591913852467,False,True,True
SLC7A11,0.8889666666666668,387,96.49,1,0,False,6.629279455763168,1.62103874932848e-309,300.0,up,True,8.641494410427345,2.0122149546641777,False,True,True
PKMYT1,0.8887999999999996,388,96.48,1,0,False,5.971797497439272,0.0,300.0,up,True,7.560626094639358,1.5888285972000864,False,True,True
TCN1,0.8886666666666669,389,96.47,1,0,False,3.865134562676811,1.7001559643103963e-81,80.76951123666146,up,True,5.331019331443809,1.4658847687669974,False,True,True
NLRP2,0.8879999999999996,391,96.45,1,0,False,5.005821216675487,8.227338269314626e-166,165.08474064618758,up,True,7.169285833256475,2.163464616580988,False,True,True
MMRN1,0.8876999999999995,392,96.44,1,0,False,2.3862921148423126,2.387178835578672e-134,133.62211504458952,up,True,6.890674927850354,4.504382813008041,False,True,True
TSPAN11,0.885,397,96.4,1,0,False,5.635636799945074,1.8390144278926246e-268,267.73541486351365,up,True,8.028532492771914,2.392895692826841,False,True,True
ELFN2,0.883833333333333,400,96.37,1,0,False,6.14495600527612,1.0064008912920201e-245,244.9972289872773,up,True,7.23249488192299,1.08753887664687,False,True,True
AKR1C2,0.8835666666666658,401,96.36,1,0,False,5.256040945172743,2.7432299587418983e-116,115.56173778494863,up,True,8.68291853377302,3.426877588600276,False,True,True
COL5A3,0.8819999999999991,407,96.3,1,0,False,2.8460185276498207,9.09009551668376e-179,178.0414315532851,up,True,7.899245704446179,5.053227176796359,False,True,True
CA4,0.8814999999999994,409,96.29,1,0,False,-2.200846329981881,4.2528500362380406e-69,68.3713199310839,down,True,3.9559874383104994,6.156833768292381,False,True,True
BMP6,0.8812000000000001,411,96.27,1,0,False,2.844588166278622,2.8922559446190646e-133,132.53876327762325,up,True,6.889158872610282,4.04457070633166,False,True,True
FAM3D,0.8808666666666667,412,96.26,1,0,False,2.349608758827153,1.193721314020369e-69,68.92309705169079,up,True,4.635505951702619,2.285897192875466,False,True,True
SLC7A2,0.8805333333333333,413,96.25,1,0,False,5.628906487908922,2.81844721831421e-228,227.54999009389667,up,True,9.691884151633449,4.062977663724527,False,True,True
RAD54L,0.8804999999999994,414,96.24,1,0,False,5.715511982858684,0.0,300.0,up,True,6.760984929773563,1.045472946914879,False,True,True
PRELP,0.8796666666666658,416,96.22,1,0,False,2.388779358281369,5.76253808745321e-146,145.2393861911266,up,True,10.254119223666423,7.865339865385055,False,True,True
COL15A1,0.8795999999999998,417,96.21,1,0,False,5.247964361060305,0.0,300.0,up,True,9.721839539883431,4.473875178823127,False,True,True
GNLY,0.8791999999999994,418,96.2,1,0,False,2.026979914350317,4.5399448775663405e-79,78.34294942016362,up,True,6.935482472747383,4.908502558397066,False,True,True
ATF3,0.8790999999999991,419,96.2,1,0,False,3.0611444592629145,5.3679288754418774e-194,193.2701932471624,up,True,9.5779074701384,6.516763010875486,False,True,True
ITGA2,0.8788333333333329,421,96.18,1,0,False,5.711745614942789,0.0,300.0,up,True,10.38531093010584,4.673565315163051,False,True,True
CAPN9,0.8782666666666656,423,96.16,1,0,False,3.12279886350293,3.181740001553359e-107,106.49733531196289,up,True,5.751171799144448,2.6283729356415177,False,True,True
SCEL,0.8779666666666657,424,96.15,1,0,False,3.322583577607409,9.009824807004776e-147,146.0452836536481,up,True,9.219475417137335,5.896891839529928,False,True,True
COL7A1,0.8774000000000001,425,96.14,1,0,False,4.272807946684964,1.7241629440810413e-170,169.76342169305235,up,True,7.149510529638362,2.8767025829533988,False,True,True
TMEM130,0.8773999999999993,426,96.13,1,0,False,4.465662068746462,4.3520889888387513e-210,209.36130223303263,up,True,7.102836504033457,2.637174435286995,False,True,True
VSTM2L,0.8768666666666654,427,96.12,1,0,False,5.243104880462804,5.94379590446529e-241,240.2259361116106,up,True,9.60276126719356,4.359656386730755,False,True,True
PCP4L1,0.8766666666666665,428,96.11,1,0,False,4.702755558993496,2.894447201137636e-165,164.53843436817826,up,True,7.246029690307919,2.543274131314424,False,True,True
ALOX15,0.8766666666666663,429,96.1,1,0,False,2.631900899265436,1.3076807287460562e-66,65.883498276401,up,True,4.709955418020005,2.0780545187545694,False,True,True
THBS2,0.8764333333333322,431,96.09,1,0,False,7.208593490810938,0.0,300.0,up,True,11.408215198990682,4.199621708179744,False,True,True
TNNT1,0.875966666666666,432,96.08,1,0,False,4.794449553973782,5.692080519205452e-141,140.24472896508823,up,True,6.6708248435994415,1.87637528962566,False,True,True
ERAP2,0.8753333333333324,433,96.07,1,0,False,5.204230298207964,1.9631433419050856e-276,275.7070479885683,up,True,9.338923832305092,4.134693534097128,False,True,True
CENPF,0.8748000000000004,436,96.04,1,0,False,8.67394824297784,0.0,300.0,up,True,9.640638270719448,0.966690027741608,False,True,True
AHNAK2,0.8746666666666664,437,96.03,1,0,False,8.69790447500339,0.0,300.0,up,True,10.574369849110385,1.876465374106992,False,True,True
FLNC,0.8744666666666658,438,96.02,1,0,False,3.636387036713258,5.464134166256909e-183,182.2624786455364,up,True,7.89641921841347,4.260032181700213,False,True,True
CDC6,0.8739666666666659,440,96.0,1,0,False,6.911268369422044,0.0,300.0,up,True,8.32650668889454,1.4152383194724958,False,True,True
NMNAT2,0.8728999999999998,441,95.99,1,0,False,6.119495077984172,5.249770388779272e-226,225.27985969108292,up,True,7.014422439417077,0.894927361432905,False,True,True
LRRK2,0.872766666666666,442,95.99,1,0,False,5.017955864866591,1.531419987151162e-225,224.8149056890608,up,True,9.705944996415228,4.687989131548637,False,True,True
MT1A,0.8727333333333329,443,95.98,1,0,False,-2.373553026501415,1.213455002263565e-75,74.91597632368389,down,True,3.5176851893488217,5.891238215850237,False,True,True
HHLA2,0.8720666666666667,444,95.97,1,0,False,4.596334166775929,1.7550757380521446e-111,110.75570413737002,up,True,5.8256784121673535,1.2293442453914252,False,True,True
CRYM,0.8716333333333328,445,95.96,1,0,False,5.699469133543778,3.76572200207236e-208,207.42415174417656,up,True,7.446667455890796,1.7471983223470176,False,True,True
HAS3,0.8707666666666664,446,95.95,1,0,False,6.378772442759838,0.0,300.0,up,True,8.758726570728006,2.379954127968168,False,True,True
SPINK1,0.8696333333333327,449,95.92,1,0,False,7.093345616527588,9.679363779206045e-172,171.01415318775986,up,True,8.193869135469685,1.1005235189420963,False,True,True
LRRC36,0.8692333333333329,451,95.9,1,0,False,2.0165007013874963,2.443639431438772e-77,76.61196287555259,up,True,4.62672291832134,2.610222216933844,False,True,True
CREB3L1,0.8686999999999997,452,95.89,1,0,False,5.929127877573149,0.0,300.0,up,True,10.289133835349176,4.360005957776028,False,True,True
HOXD1,0.8680333333333337,453,95.89,1,0,False,5.740448833926039,1.2609849657109381e-222,221.89929009133945,up,True,6.665135523373508,0.9246866894474696,False,True,True
CRLF1,0.8677999999999993,454,95.88,1,0,False,4.240961020871325,9.35453199970016e-114,113.0289779350514,up,True,8.398142809947316,4.157181789075992,False,True,True
AADAC,0.8674666666666665,455,95.87,1,0,False,2.676348690056305,1.5884990795254058e-82,81.79901303249383,up,True,4.4769807119615175,1.8006320219052123,False,True,True
MSMB,0.8674333333333328,456,95.86,1,0,False,3.778076284831986,7.475109921594936e-68,67.1263824166502,up,True,5.84301082525521,2.0649345404232244,False,True,True
KRT23,0.8674333333333326,457,95.85,1,0,False,2.7695773196802485,8.538165232621547e-71,70.06863544487976,up,True,3.95473483433364,1.185157514653392,False,True,True
HLF,0.8671333333333329,458,95.84,1,0,False,4.281758593346964,1.0383564248049965e-196,195.98365354556665,up,True,7.68174276508398,3.3999841717370165,False,True,True
TBX15,0.8669333333333329,460,95.82,1,0,False,5.630255176686443,6.4763203063337765e-245,244.18867168001853,up,True,6.620286272912969,0.9900310962265256,False,True,True
HLA-DRB5,0.8667666666666664,461,95.81,1,0,False,3.208837820212601,5.601300508292377e-162,161.251711126922,up,True,11.324578140231052,8.115740320018451,False,True,True
PKP2,0.8666999999999998,462,95.8,1,0,False,6.020837565355103,1.1458941609345537e-261,260.940855493577,up,True,7.372175870677911,1.3513383053228083,False,True,True
ANXA8,0.8660999999999995,464,95.79,1,0,False,3.5762226418504444,4.968813477554994e-124,123.30374730576786,up,True,5.512003436124163,1.9357807942737189,False,True,True
SPOCD1,0.8657000000000001,465,95.78,1,0,False,3.421692938113296,1.9194608205156256e-217,216.71682074815064,up,True,6.857491632281691,3.4357986941683945,False,True,True
FNDC1,0.8656666666666657,466,95.77,1,0,False,7.36041646357563,0.0,300.0,up,True,8.687319526640485,1.3269030630648548,False,True,True
TTK,0.8653333333333331,469,95.74,1,0,False,6.273293800141343,0.0,300.0,up,True,7.059389268216721,0.7860954680753777,False,True,True
PRR15,0.8653333333333325,470,95.73,1,0,False,4.417582999640427,1.1738349984837146e-179,178.93039294591995,up,True,6.049788767988674,1.632205768348247,False,True,True
HLA-DQB2,0.865133333333333,471,95.72,1,0,False,4.661322938153721,3.67223093073687e-212,211.43507001570848,up,True,8.750430208071128,4.089107269917407,False,True,True
PLA2G3,0.8650333333333339,472,95.71,1,0,False,2.0105299635821074,2.723677882577811e-59,58.56484425582349,up,True,4.075354137355966,2.064824173773858,False,True,True
UHRF1,0.8649999999999991,473,95.7,1,0,False,6.757381743322893,0.0,300.0,up,True,7.940276129940676,1.1828943866177837,False,True,True
PCSK1N,0.864933333333333,474,95.69,1,0,False,4.075391627923321,3.5986489694651617e-146,145.44386051457505,up,True,6.277983617916186,2.2025919899928645,False,True,True
FGFBP1,0.8644999999999995,476,95.68,1,0,False,3.855227171587207,1.266318893671428e-135,134.89745691333755,up,True,5.991740202551828,2.136513030964621,False,True,True
KIF4A,0.8640999999999993,479,95.65,1,0,False,7.169007206921832,0.0,300.0,up,True,8.098401203909537,0.9293939969877052,False,True,True
KRT14,0.8639666666666669,480,95.64,1,0,False,2.2216594343410634,1.8931768569931e-51,50.72280881317384,up,True,3.818095185278215,1.5964357509371514,False,True,True
CX3CL1,0.8637666666666662,481,95.63,1,0,False,3.8604345714340456,2.2102452655749598e-229,228.65555953103183,up,True,10.33108456005816,6.470649988624113,False,True,True
RND1,0.8637333333333326,482,95.62,1,0,False,3.82443672837186,1.309648607310792e-188,187.88284521455583,up,True,8.67132557973735,4.846888851365489,False,True,True
DLGAP5,0.8635666666666666,483,95.61,1,0,False,6.752179204418237,0.0,300.0,up,True,7.80100179157242,1.048822587154183,False,True,True
FER1L4,0.8625666666666657,485,95.59,1,0,False,4.243236190612633,9.315881660819109e-200,199.0307760369235,up,True,7.253111613588081,3.009875422975449,False,True,True
ANKRD22,0.8624666666666663,486,95.59,1,0,False,7.125569383347267,0.0,300.0,up,True,8.511080968049354,1.3855115847020865,False,True,True
SFTA2,0.8624333333333336,487,95.58,1,0,False,2.840972035687929,7.057821293844045e-113,112.1513293423036,up,True,10.52958365792079,7.688611622232861,False,True,True
KRT80,0.8624,488,95.56,1,0,False,7.103954487290434,0.0,300.0,up,True,9.940470942806224,2.836516455515792,False,True,True
INHBB,0.8624,488,95.56,1,0,False,5.3397000651073645,0.0,300.0,up,True,8.517659669048157,3.177959603940793,False,True,True
CLDN8,0.8621999999999993,490,95.55,1,0,False,3.275034763885486,6.37955824886981e-105,104.19520939286512,up,True,4.423462175747934,1.1484274118624476,False,True,True
NCAPH,0.8619999999999999,491,95.54,1,0,False,6.732264588146212,0.0,300.0,up,True,7.712188153418861,0.9799235652726488,False,True,True
SFTPA2,0.8615999999999997,492,95.53,1,0,False,3.910286533430012,3.432858085472075e-74,73.46434414995913,up,True,14.052705783301288,10.142419249871276,False,True,True
PDZK1IP1,0.8615333333333327,493,95.52,1,0,False,5.193640018547141,1.6919426470334155e-276,275.77161436263214,up,True,9.940610111607784,4.746970093060643,False,True,True
FOXQ1,0.8613666666666656,494,95.51,1,0,False,4.854268105251244,3.0997139298382976e-191,190.50867838501264,up,True,8.127530858819885,3.2732627535686403,False,True,True
BCAT1,0.8609666666666665,496,95.49,1,0,False,6.147570519566035,0.0,300.0,up,True,10.12311427290247,3.975543753336435,False,True,True
BMP3,0.8606333333333331,500,95.46,1,0,False,6.716252351302399,8.409872226995675e-264,263.0752106024818,up,True,7.866918211634527,1.1506658603321285,False,True,True
HS3ST2,0.8605999999999998,501,95.45,1,0,False,2.857429236296094,9.380473962503339e-157,156.0277752176871,up,True,6.5015681118195685,3.6441388755234745,False,True,True
VWA3B,0.8605666666666661,502,95.44,1,0,False,3.28930706154061,1.0386835393136911e-132,131.98351675086872,up,True,4.637575445568263,1.3482683840276537,False,True,True
NR0B2,0.8603333333333332,503,95.43,1,0,False,3.091316089452264,5.819530299462207e-92,91.23511206630948,up,True,4.578123809712046,1.4868077202597816,False,True,True
SLC16A12,0.8600666666666664,504,95.42,1,0,False,2.263714460395124,4.319141519287375e-86,85.36460256579768,up,True,4.737567082462522,2.473852622067398,False,True,True
PHGDH,0.8599000000000003,505,95.41,1,0,False,4.668011949189869,3.8517431805302044e-268,267.4143426776734,up,True,8.53118691120064,3.8631749620107714,False,True,True
SKA3,0.8593999999999994,507,95.39,1,0,False,6.003375488643774,0.0,300.0,up,True,6.706873058107557,0.7034975694637831,False,True,True
SCNN1G,0.8591666666666669,508,95.39,1,0,False,3.3237698763306422,4.21784095139236e-149,148.37490980089692,up,True,7.284664232454891,3.960894356124249,False,True,True
DPP4,0.8588999999999999,509,95.38,1,0,False,7.343416265802848,0.0,300.0,up,True,10.501693366683304,3.1582771008804564,False,True,True
COL17A1,0.8584666666666669,510,95.37,1,0,False,7.156861505731388,6.529223255343876e-218,217.18513848120315,up,True,7.947125474105477,0.7902639683740896,False,True,True
HMMR,0.8583333333333322,511,95.36,1,0,False,6.637126194697269,0.0,300.0,up,True,7.775370815821872,1.1382446211246025,False,True,True
IDO1,0.8582333333333336,512,95.35,1,0,False,4.594676097730805,8.887578749083316e-243,242.05121653814507,up,True,8.738007634823186,4.14333153709238,False,True,True
SLC6A3,0.8582333333333331,513,95.34,1,0,False,3.946046737320618,1.2137559846464996e-109,108.91586861571008,up,True,4.699294602571488,0.7532478652508703,False,True,True
EMCN,0.8581666666666666,514,95.33,1,0,False,2.418836617046148,4.748145004177448e-183,182.3234760265429,up,True,7.491494442806796,5.072657825760648,False,True,True
DNAJC12,0.858066666666666,515,95.32,1,0,False,6.1172364876765855,7.459182908047514e-242,241.12730874329964,up,True,7.622881285669885,1.5056447979933003,False,True,True
LRRC15,0.8578999999999998,516,95.31,1,0,False,6.982238892453111,0.0,300.0,up,True,8.126907914392227,1.1446690219391156,False,True,True
POU2AF1,0.8573999999999994,518,95.29,1,0,False,6.226278615280199,0.0,300.0,up,True,8.274391823173751,2.048113207893552,False,True,True
AURKA,0.8568999999999994,520,95.28,1,0,False,6.686513446518683,0.0,300.0,up,True,8.516981624479584,1.830468177960901,False,True,True
CXCL10,0.8561,522,95.26,1,0,False,4.689798857949995,7.228608265699115e-234,233.1409453099957,up,True,8.61367460171208,3.923875743762085,False,True,True
CKAP2L,0.8560666666666656,523,95.25,1,0,False,6.237196061797864,0.0,300.0,up,True,6.910370556318891,0.6731744945210268,False,True,True
SFTA3,0.8555999999999995,524,95.24,1,0,False,4.25950044369108,6.640638653153415e-178,177.17779015102315,up,True,10.682342850730592,6.422842407039512,False,True,True
SLC46A2,0.8548333333333333,525,95.23,1,0,False,3.6742297096637184,1.9718727289931743e-154,153.70512111925265,up,True,6.191523368315544,2.517293658651826,False,True,True
DHRS9,0.8548000000000002,526,95.22,1,0,False,4.488769655159539,3.1297026055781194e-230,229.50449692855344,up,True,6.716106791740695,2.227337136581156,False,True,True
AGTR2,0.8546666666666662,528,95.2,1,0,False,3.004761877860462,1.1017326116918367e-75,74.95792379510067,up,True,4.791843244790691,1.7870813669302288,False,True,True
KRT15,0.8544999999999991,529,95.19,1,0,False,6.227643936411825,7.697752608798146e-294,293.1136360504199,up,True,8.776846489426232,2.549202553014408,False,True,True
PCOLCE2,0.8544333333333337,530,95.18,1,0,False,2.2730171955674163,3.022365625785555e-93,92.51965299874746,up,True,6.019997270962846,3.7469800753954297,False,True,True
LAMA3,0.8544333333333327,531,95.18,1,0,False,4.932295920240644,6.044639325245867e-226,225.21862960774425,up,True,9.741977805635107,4.809681885394464,False,True,True
STC1,0.8538666666666668,532,95.17,1,0,False,5.197798858690062,0.0,300.0,up,True,8.587938963377837,3.3901401046877755,False,True,True
ZG16B,0.8538333333333329,533,95.16,1,0,False,3.8737882748878336,9.120866748785792e-139,138.03996388904784,up,True,5.041733272459824,1.1679449975719904,False,True,True
CIT,0.8537333333333328,534,95.15,1,0,False,8.134663685745378,0.0,300.0,up,True,10.518951451940994,2.3842877661956163,False,True,True
OLR1,0.8533000000000002,535,95.14,1,0,False,2.6879337768314704,1.0301666793233982e-152,151.98709250145603,up,True,8.701511074646989,6.013577297815519,False,True,True
SFTPA1,0.8530666666666655,536,95.13,1,0,False,2.824007723633576,3.692273611156992e-42,41.43270612362316,up,True,12.979492939334929,10.155485215701352,False,True,True
SFTPB,0.8528999999999992,537,95.12,1,0,False,4.443094849332686,6.488604231721681e-128,127.18784871454848,up,True,15.931888315104583,11.488793465771897,False,True,True
MMP11,0.852833333333333,538,95.11,1,0,False,8.927223937944145,0.0,300.0,up,True,10.15384533053152,1.226621392587374,False,True,True
CD109,0.8527666666666663,539,95.1,1,0,False,4.934094174149089,1.9014602008300999e-298,297.720912760308,up,True,8.851785478057925,3.917691303908837,False,True,True
PLA2G10,0.8527333333333336,540,95.09,1,0,False,4.347259043813885,2.514324250033196e-180,179.59957871594216,up,True,6.726425210912368,2.379166167098484,False,True,True
DERL3,0.8526999999999995,541,95.08,1,0,False,5.989710300119755,0.0,300.0,up,True,9.189339574730672,3.1996292746109174,False,True,True
FSTL4,0.8526000000000005,542,95.08,1,0,False,5.817561857488438,4.1719471563628256e-204,203.3796612011672,up,True,6.5503959724707705,0.7328341149823323,False,True,True
CD207,0.8524666666666665,543,95.07,1,0,False,4.937820127841643,2.059428453821364e-170,169.6862532911804,up,True,5.921426106530097,0.9836059786884536,False,True,True
NGFR,0.8524333333333332,544,95.06,1,0,False,2.647378038196832,1.7205263904865949e-155,154.76433866151746,up,True,5.302066059296355,2.654688021099524,False,True,True
SULT1C2,0.852366666666666,545,95.05,1,0,False,5.171880230334755,3.7025058474560364e-236,235.43150424691456,up,True,6.842785889716075,1.6709056593813207,False,True,True
TMED6,0.8523,546,95.04,1,0,False,3.0597188707979543,4.4149436556506385e-113,112.3550748345997,up,True,4.510298863291342,1.4505799924933878,False,True,True
PRODH,0.8516666666666666,547,95.03,1,0,False,4.974478355747746,4.8990197282177794e-197,196.30989081164824,up,True,9.680118501768638,4.705640146020891,False,True,True
LY6K,0.8515666666666668,548,95.02,1,0,False,5.138349897220978,9.586763106538461e-153,152.01832800411867,up,True,6.233573842939676,1.0952239457186983,False,True,True
SPDEF,0.8513000000000002,550,95.0,1,0,False,7.350876040060628,0.0,300.0,up,True,8.911202895695547,1.5603268556349192,False,True,True
CXCL6,0.8511666666666671,551,94.99,1,0,False,3.281031993624709,2.94347052432633e-110,109.53114030881954,up,True,4.870470724182599,1.5894387305578903,False,True,True
CD69,0.8509333333333335,552,94.98,1,0,False,2.3129185813037587,3.065721810747539e-144,143.51346725637617,up,True,7.298244851220445,4.985326269916686,False,True,True
ALOX5AP,0.8504333333333333,553,94.98,1,0,False,2.3363718832953264,5.067190551625283e-165,164.29523276376472,up,True,9.313086774967068,6.976714891671742,False,True,True
TNNC2,0.850433333333333,554,94.97,1,0,False,2.04681420280161,7.840790668745306e-53,52.10564014066262,up,True,4.355728172666371,2.308913969864761,False,True,True
FGL1,0.8497666666666663,556,94.95,1,0,False,5.244745899584636,5.087643649695957e-119,118.29348331528227,up,True,6.12247015642967,0.8777242568450334,False,False,True
CHIA,0.8496666666666665,557,94.94,1,0,False,3.868712679336841,2.8927485158536944e-113,112.53868932056024,up,True,5.761811867443036,1.893099188106196,False,False,True
SLC6A20,0.8489666666666664,558,94.93,1,0,False,4.266473265112492,1.548055480470367e-152,151.81021347877564,up,True,5.586432603516842,1.3199593384043506,False,False,True
SIGLEC12,0.8488666666666663,559,94.92,1,0,False,2.326644444585858,1.841388636104377e-97,96.7348545413694,up,True,4.203758688720954,1.877114244135096,False,False,True
IL1RN,0.8486666666666662,560,94.91,1,0,False,4.382553545292248,6.312691401978489e-303,300.0,up,True,8.119237597123243,3.7366840518309954,False,False,True
CD79A,0.8485999999999998,561,94.9,1,0,False,5.581779977059026,1.578245176968248e-293,292.801825529179,up,True,8.497920895091926,2.9161409180329008,False,False,True
C16ORF89,0.8484000000000002,562,94.89,1,0,False,4.858171119819476,1.9041699265724083e-161,160.72029429813654,up,True,10.62129803258636,5.763126912766884,False,False,True
KIF12,0.8481999999999995,563,94.88,1,0,False,5.064217606461278,3.1761422631606026e-217,216.49810005324684,up,True,6.490019694204518,1.4258020877432405,False,False,True
C2CD4A,0.8475666666666664,564,94.88,1,0,False,6.403580454678637,5.027395303834193e-300,299.2986569648765,up,True,7.1797868478159,0.7762063931372637,False,False,True
APOH,0.8473666666666659,565,94.87,1,0,False,3.3980577930261013,7.623973170574102e-100,99.11781864068716,up,True,5.227985038911301,1.8299272458852,False,False,True
SLC26A9,0.8473333333333332,566,94.86,1,0,False,4.9232064928025405,3.484085767359492e-179,178.45791116255288,up,True,8.54396812422135,3.6207616314188087,False,False,True
CLIC5,0.8472333333333337,567,94.85,1,0,False,3.252627825536009,3.6704803609332494e-164,163.43527709529806,up,True,8.48118118659917,5.2285533610631605,False,False,True
BAMBI,0.8471999999999996,568,94.84,1,0,False,2.898514369470369,5.330049834659987e-140,139.27326873040744,up,True,7.895259091373594,4.996744721903225,False,False,True
FCN3,0.8468999999999991,570,94.82,1,0,False,-3.035643764556246,3.5597451025241865e-147,146.44858109880536,down,True,6.539786476416527,9.575430240972771,False,False,True
MUC15,0.8463999999999998,571,94.81,1,0,False,5.128530616944883,1.3962402961788791e-216,215.8550398321973,up,True,7.4931287309687775,2.3645981140238943,False,False,True
CDCA2,0.8463666666666666,572,94.8,1,0,False,5.760539752202684,0.0,300.0,up,True,6.424706987583966,0.6641672353812823,False,False,True
LAMC2,0.8454666666666669,574,94.78,1,0,False,7.283975264879733,0.0,300.0,up,True,11.776264945497514,4.492289680617781,False,False,True
LIF,0.8452666666666663,575,94.78,1,0,False,4.474346971687134,4.519273570011835e-254,253.3449313682616,up,True,9.043972829220754,4.56962585753362,False,False,True
C4BPB,0.8451333333333328,577,94.76,1,0,False,3.3968624165789465,5.762108808620231e-115,114.2394185449905,up,True,5.5175060595703584,2.120643642991412,False,False,True
F3,0.8448666666666664,578,94.75,1,0,False,4.184735612686588,2.0707677239601738e-279,278.6838686127723,up,True,10.803296336540331,6.618560723853744,False,False,True
CXCL9,0.8441333333333327,579,94.74,1,0,False,6.306794882723589,4.587896135109783e-304,300.0,up,True,9.931848749496424,3.625053866772835,False,False,True
CACNG4,0.843033333333333,580,94.73,1,0,False,3.457160233385528,7.735690567474987e-113,112.11150091063212,up,True,6.807390663215303,3.3502304298297747,False,False,True
TUBB2B,0.8422333333333339,582,94.71,1,0,False,4.421032539965925,4.90140456131563e-150,149.309679449396,up,True,5.752212850745031,1.331180310779106,False,False,True
IRX3,0.8421666666666667,583,94.7,1,0,False,5.053588938304111,0.0,300.0,up,True,9.260072190183854,4.206483251879742,False,False,True
LY6D,0.8414666666666666,584,94.69,1,0,False,3.9908257727873,2.828389391052945e-106,105.54846080041116,up,True,4.717635199864562,0.7268094270772616,False,False,True
EFHD1,0.8413999999999997,585,94.68,1,0,False,2.97497337865102,5.541002597850725e-154,153.25641164622488,up,True,7.182773811501426,4.207800432850407,False,False,True
RSAD2,0.8412000000000005,586,94.68,1,0,False,5.352310009907745,0.0,300.0,up,True,8.305885104247759,2.953575094340014,False,False,True
PGC,0.8397999999999999,588,94.66,1,0,False,2.6451105878708185,9.471471968925787e-29,28.023582521703712,up,True,9.245562111942808,6.600451524071988,False,False,True
CXCL17,0.8393666666666658,589,94.65,1,0,False,5.356060115245827,5.342599679220538e-241,240.27224736626607,up,True,11.644653343947454,6.288593228701626,False,False,True
ABCA3,0.8393333333333333,590,94.64,1,0,False,4.777838551078836,8.563469702699477e-237,236.06735023445583,up,True,11.512929173342958,6.735090622264122,False,False,True
EDN2,0.839333333333333,591,94.63,1,0,False,3.9396364300679982,4.0541766105313685e-166,165.39209733622798,up,True,5.609050427164942,1.669413997096944,False,False,True
S100A14,0.8392333333333328,593,94.61,1,0,False,5.037345030132099,1.947275736462542e-305,300.0,up,True,11.275018021215416,6.2376729910833175,False,False,True
FZD10,0.8385000000000006,595,94.59,1,0,False,3.211096868878566,9.167635904842542e-119,118.03774264315786,up,True,4.620684161745876,1.4095872928673103,False,False,True
AKAP12,0.8383333333333333,596,94.58,1,0,False,2.90615948563012,1.0859928440195998e-170,169.96417303645347,up,True,9.159943251961394,6.253783766331274,False,False,True
NGEF,0.8382333333333333,597,94.57,1,0,False,5.953402501982965,5.165934947550854e-267,266.2868510670163,up,True,6.685911458456922,0.732508956473957,False,False,True
ATP13A4,0.8381666666666665,598,94.57,1,0,False,2.827194927249475,7.676809667667299e-95,94.11481922679012,up,True,8.022984258967183,5.195789331717708,False,False,True
TPPP3,0.8378999999999999,599,94.56,1,0,False,2.7297218494634112,1.2922825290886898e-137,136.88864252704502,up,True,8.904366990025844,6.174645140562433,False,False,True
GJB3,0.8377333333333328,600,94.55,1,0,False,5.344808438051423,4.202228064168248e-190,189.3765203811728,up,True,6.308147393351045,0.963338955299622,False,False,True
ST6GALNAC1,0.8369999999999999,602,94.53,1,0,False,6.841667408054471,1.8857392765405e-310,300.0,up,True,9.57597108567479,2.73430367762032,False,False,True
HPN,0.8368666666666665,603,94.52,1,0,False,5.461776078947158,2.855788706786767e-301,300.0,up,True,9.587614516509488,4.12583843756233,False,False,True
MACC1,0.8367333333333332,604,94.51,1,0,False,7.49539968452475,0.0,300.0,up,True,10.044466717309597,2.549067032784847,False,False,True
SPRR1B,0.8365666666666662,605,94.5,1,0,False,3.4909835277408168,1.6964442044869253e-74,73.77046041959206,up,True,4.287339694568649,0.7963561668278322,False,False,True
GADD45G,0.8363333333333335,606,94.49,1,0,False,2.7919606692861123,5.3584120191017865e-195,194.2709638956657,up,True,8.077344946440586,5.285384277154474,False,False,True
TEKT1,0.8359333333333335,607,94.48,1,0,False,2.235251817316798,1.3030681418492722e-47,46.885032872963286,up,True,4.137092444134793,1.9018406268179944,False,False,True
LAMP3,0.8359000000000001,608,94.47,1,0,False,4.699634492188598,1.802019000562065e-217,216.744240634114,up,True,10.39635220482714,5.696717712638542,False,False,True
GAS1,0.8358666666666674,609,94.47,1,0,False,3.1620945343638063,1.0532619838277389e-209,208.97746359084755,up,True,6.906215509638298,3.744120975274492,False,False,True
CHST9,0.8356666666666672,610,94.46,1,0,False,3.603473170796101,1.527121909484584e-96,95.81612629201815,up,True,4.535381521452199,0.9319083506560976,False,False,True
OASL,0.8356,611,94.45,1,0,False,4.70891512735289,0.0,300.0,up,True,7.588775085241337,2.879859957888446,False,False,True
LRRN1,0.8355999999999998,612,94.44,1,0,False,5.454817861309385,8.212830542034309e-236,235.0855071380176,up,True,6.738012176875039,1.2831943155656536,False,False,True
NOTUM,0.8354666666666669,613,94.43,1,0,False,3.271592059608458,7.026557339615312e-120,119.1532574053667,up,True,5.262230701167114,1.9906386415586563,False,False,True
B3GNT3,0.8354,614,94.42,1,0,False,8.494901183959788,0.0,300.0,up,True,9.302929006506105,0.8080278225463158,False,False,True
CPXM1,0.8348999999999998,615,94.41,1,0,False,4.963434622270194,4.80312702947198e-307,300.0,up,True,7.642374579188029,2.678939956917836,False,False,True
CYP1B1,0.8346999999999998,616,94.4,1,0,False,5.255605884276398,0.0,300.0,up,True,10.137766328651477,4.882160444375077,False,False,True
KIF20A,0.8338333333333334,618,94.38,1,0,False,6.992052895265802,0.0,300.0,up,True,8.268704139885317,1.2766512446195153,False,False,True
CILP2,0.8337333333333338,619,94.37,1,0,False,6.424429817994794,0.0,300.0,up,True,7.179192161106526,0.7547623431117326,False,False,True
CBS,0.833633333333333,620,94.37,1,0,False,7.304680476665116,0.0,300.0,up,True,8.726516096871498,1.4218356202063822,False,False,True
RAP1GAP,0.8332999999999999,623,94.34,1,0,False,6.433398251163007,0.0,300.0,up,True,10.177836308632653,3.7444380574696434,False,False,True
SPINK5,0.8326666666666674,625,94.32,1,0,False,5.071000283557432,1.8512091544856216e-177,176.73254451074067,up,True,6.794519350146954,1.7235190665895217,False,False,True
MAP1B,0.8324666666666667,626,94.31,1,0,False,5.444655087542567,0.0,300.0,up,True,9.457329866830086,4.01267477928752,False,False,True
CD27,0.8324666666666665,627,94.3,1,0,False,5.24022910825544,0.0,300.0,up,True,7.781729753650397,2.5415006453949576,False,False,True
VNN1,0.8319333333333331,628,94.29,1,0,False,3.17773088589746,4.6821422576451786e-157,156.32955539525884,up,True,6.085573444641619,2.9078425587441585,False,False,True
ARL4D,0.8318333333333332,630,94.27,1,0,False,2.4702540722778785,1.0098401295824556e-193,192.99574737506464,up,True,7.405376644464332,4.935122572186454,False,False,True
C1ORF116,0.8315666666666669,631,94.27,1,0,False,5.89688258028551,0.0,300.0,up,True,11.579263994052214,5.682381413766704,False,False,True
MCM10,0.8313333333333334,632,94.26,1,0,False,6.1937153766184005,0.0,300.0,up,True,6.846093755496854,0.6523783788784534,False,False,True
PIP,0.8312666666666658,633,94.25,1,0,False,2.060338056402842,2.252323517957473e-45,44.64736922839771,up,True,3.96376344984506,1.9034253934422176,False,False,True
SCGB2A1,0.8309999999999993,634,94.24,1,0,False,2.34327152353241,7.0039915387677735e-62,61.15465438724146,up,True,3.8933643083623983,1.5500927848299886,False,False,True
SYT8,0.8308333333333332,635,94.23,1,0,False,2.479195426450489,5.049514396607486e-74,73.29675038525048,up,True,5.798516749394592,3.319321322944103,False,False,True
CDCA7,0.8304999999999993,638,94.2,1,0,False,7.141742380574849,0.0,300.0,up,True,8.483406503294699,1.3416641227198496,False,False,True
PALM3,0.8304666666666666,639,94.19,1,0,False,3.899939045560267,3.382547765496067e-176,175.47075606194545,up,True,6.70128853741094,2.8013494918506727,False,False,True
IFI44,0.8302000000000003,640,94.18,1,0,False,3.0825427981937548,7.577783955594402e-218,217.1204577807225,up,True,9.010991713604962,5.928448915411208,False,False,True
THBS4,0.8301999999999996,641,94.17,1,0,False,4.527593537905266,2.5540121862648764e-169,168.5927770348663,up,True,5.800859230454784,1.2732656925495185,False,False,True
UPK1B,0.8299666666666669,642,94.17,1,0,False,2.2040146817776463,4.46279015180873e-34,33.35039353396479,up,True,2.899680771922018,0.6956660901443715,False,False,True
SLC2A3,0.8295333333333329,643,94.16,1,0,False,2.68177221834076,3.1280185202959616e-196,195.5047306842444,up,True,9.993970178890075,7.312197960549316,False,False,True
RGS1,0.8290999999999993,644,94.15,1,0,False,3.482899878489817,1.5967982978090434e-241,240.79674993901543,up,True,10.297715482664024,6.814815604174207,False,False,True
GP2,0.8290333333333328,645,94.14,1,0,False,2.101072515178511,4.133112475781951e-18,17.38372277595546,up,True,3.131428820434065,1.0303563052555542,False,False,True
IRX2,0.8290000000000002,646,94.13,1,0,False,3.4435690654589104,3.192655310761024e-114,113.49584796674556,up,True,7.819528657052341,4.375959591593431,False,False,True
RSPO3,0.8289000000000002,647,94.12,1,0,False,3.0220405379804487,4.0623624006361208e-137,136.39122133608237,up,True,5.605141300922484,2.583100762942036,False,False,True
MLPH,0.8287,648,94.11,1,0,False,5.621508798494306,0.0,300.0,up,True,11.461963883473029,5.840455084978723,False,False,True
CAPN8,0.8281333333333328,649,94.1,1,0,False,4.922675170242778,9.308214825314291e-231,230.0311336021395,up,True,8.922649440921631,3.999974270678854,False,False,True
PLN,0.8275666666666665,650,94.09,1,0,False,2.2335195260087115,1.9143768185791232e-121,120.71797257328728,up,True,6.583474230152335,4.349954704143624,False,False,True
KCNMB4,0.8272333333333332,651,94.08,1,0,False,3.33990458661422,1.2224548518916147e-185,184.9127671714161,up,True,7.106290958692689,3.766386372078469,False,False,True
SERPINE2,0.8260666666666668,653,94.07,1,0,False,4.917721480960788,0.0,300.0,up,True,8.749884917594544,3.8321634366337567,False,False,True
CITED4,0.8256999999999994,654,94.06,1,0,False,2.248192433997697,2.894467024858001e-153,152.53843139375783,up,True,6.636053819889693,4.387861385891996,False,False,True
KCNE4,0.8256666666666662,655,94.05,1,0,False,5.327598941906691,1.0767451836131055e-292,291.96788706220286,up,True,7.704663522999019,2.377064581092328,False,False,True
TTR,0.8255666666666672,656,94.04,1,0,False,2.065179888433068,4.9838341813460125e-29,28.30243641565154,up,True,2.817720481411098,0.7525405929780302,False,False,True
SLC34A2,0.825433333333334,657,94.03,1,0,False,6.1699661587639785,9.466854669061004e-285,284.023794289927,up,True,14.437636682360647,8.267670523596669,False,False,True
VCAN,0.8254333333333332,658,94.02,1,0,False,6.300214779741208,0.0,300.0,up,True,11.778005906081663,5.477791126340457,False,False,True
CD1A,0.8251999999999998,659,94.01,1,0,False,5.030574107700793,3.6763026323257266e-184,183.43458874479973,up,True,5.887936606365153,0.85736249866436,False,False,True
KIF15,0.825033333333333,660,94.0,1,0,False,5.860800256930904,0.0,300.0,up,True,6.742348256985652,0.8815480000547488,False,False,True
ERN2,0.8243333333333336,661,93.99,1,0,False,5.120729492988808,5.801323715248173e-132,131.2364729001205,up,True,6.193166741776452,1.072437248787645,False,False,True
FCRL5,0.8243000000000004,662,93.98,1,0,False,6.021234074184392,2.112527135296029e-288,287.6751977038535,up,True,7.200007976047257,1.178773901862865,False,False,True
HSPA6,0.8239333333333335,663,93.97,1,0,False,3.291895447090745,7.366932686351806e-187,186.13271329839264,up,True,8.407862844733616,5.115967397642871,False,False,True
SCNN1B,0.8239000000000004,664,93.97,1,0,False,4.378661194191994,7.062649948444553e-214,213.1510323184871,up,True,9.529939945507016,5.151278751315023,False,False,True
ADAMDEC1,0.8238333333333338,665,93.96,1,0,False,5.705442292978286,6.320142383600012e-259,258.19927313758546,up,True,6.781395097057128,1.0759528040788418,False,False,True
GZMB,0.8238000000000002,666,93.95,1,0,False,3.1431323419531623,3.821566052347639e-177,176.41775862962285,up,True,7.03686277368973,3.893730431736568,False,False,True
BDKRB2,0.8229666666666668,667,93.94,1,0,False,6.384354723559064,0.0,300.0,up,True,8.146705980486827,1.7623512569277626,False,False,True
VSIG1,0.8229666666666664,668,93.93,1,0,False,6.278902100407883,3.562569622462584e-188,187.4482366395853,up,True,6.953177194887156,0.6742750944792719,False,False,True
IRS2,0.8223999999999994,670,93.91,1,0,False,5.091289893273125,0.0,300.0,up,True,9.737112850079528,4.645822956806403,False,False,True
TM4SF19,0.8217333333333328,672,93.89,1,0,False,3.155032858565764,1.087827781705166e-160,159.9634398540636,up,True,4.83373334656025,1.678700487994487,False,False,True
RHOV,0.8217000000000003,673,93.88,1,0,False,6.24913528673551,0.0,300.0,up,True,8.01904766225392,1.7699123755184096,False,False,True
FOS,0.8214666666666657,674,93.87,1,0,False,3.988026785259125,3.776168597923786e-265,264.422948623613,up,True,12.096543720859485,8.108516935600358,False,False,True
SCG5,0.8209333333333337,676,93.86,1,0,False,5.657407593589493,2.911392242677077e-268,267.5358992794961,up,True,6.759782430617916,1.1023748370284223,False,False,True
GLDN,0.8208333333333333,677,93.85,1,0,False,2.767996415139664,3.237401895836019e-161,160.48980338329451,up,True,6.263752228147808,3.495755813008144,False,False,True
HSD17B6,0.8205333333333329,678,93.84,1,0,False,3.342796951679386,2.925753191592365e-166,165.533762312541,up,True,7.741687402454849,4.398890450775463,False,False,True
PLA2G4F,0.8203666666666666,679,93.83,1,0,False,3.329697701646209,5.89762821936106e-116,115.22932260841512,up,True,6.886028713879424,3.556331012233214,False,False,True
SPAG6,0.8201333333333335,680,93.82,1,0,False,3.2193884781249604,3.1413981343806745e-89,88.50287701851803,up,True,5.252582455949647,2.033193977824687,False,False,True
SIX1,0.8199666666666671,681,93.81,1,0,False,7.220684228711553,0.0,300.0,up,True,8.33441144292211,1.1137272142105574,False,False,True
SMOC1,0.8198999999999997,682,93.8,1,0,False,5.090822583551098,1.0368047798090926e-153,152.98430300931307,up,True,6.203692007434062,1.1128694238829628,False,False,True
CAMK2N1,0.8194,683,93.79,1,0,False,2.0975614052871983,5.398783028935176e-129,128.2677041259886,up,True,9.015056141161246,6.917494735874048,False,False,True
CPE,0.8191333333333334,684,93.78,1,0,False,5.013487800211883,4.585542996729572e-291,290.33860923000043,up,True,10.7008858953895,5.687398095177618,False,False,True
QPCT,0.8190666666666669,685,93.77,1,0,False,5.48672096414256,1.5826678732811e-256,255.80061021333404,up,True,8.747405246640914,3.2606842824983544,False,False,True
FLRT3,0.8187999999999996,686,93.76,1,0,False,5.140549854430665,1.0119504760770266e-295,294.99484074094755,up,True,9.133032497151431,3.992482642720768,False,False,True
GDF5,0.8186,687,93.76,1,0,False,2.471535388977596,9.325402609979262e-108,107.03033240911522,up,True,4.2556648183517,1.784129429374104,False,False,True
SLC6A14,0.8185999999999993,688,93.75,1,0,False,6.483261893915195,4.6934123957956866e-287,286.3285112839828,up,True,9.765086639825226,3.2818247459100305,False,False,True
PRR15L,0.8183333333333339,689,93.74,1,0,False,4.536587980989611,1.433879590807012e-300,299.84348731676005,up,True,9.762435567252393,5.225847586262781,False,False,True
HLA-DRB6,0.8183000000000004,690,93.73,1,0,False,3.755896434850693,1.654067018139885e-171,170.781446898037,up,True,9.113456949392909,5.357560514542214,False,False,True
SDS,0.8182333333333331,691,93.72,1,0,False,4.079814084356718,3.7852992580078256e-255,254.42189978037425,up,True,7.002486191347122,2.922672106990404,False,False,True
CD24,0.8177666666666669,692,93.71,1,0,False,7.472571418351732,0.0,300.0,up,True,12.408563245911754,4.935991827560022,False,False,True
CYP4X1,0.8177666666666668,693,93.7,1,0,False,3.128963138292275,2.303477059841813e-143,142.63761610849647,up,True,7.168550973986032,4.039587835693757,False,False,True
SLC5A1,0.8174000000000007,694,93.69,1,0,False,4.1940836527081045,5.4098886297000434e-127,126.26681167537488,up,True,5.554713559514949,1.360629906806844,False,False,True
SYT7,0.8172666666666669,695,93.68,1,0,False,7.741086166023976,0.0,300.0,up,True,9.659895237697285,1.9188090716733088,False,False,True
SKA1,0.8164000000000001,696,93.67,1,0,False,5.625591558086163,0.0,300.0,up,True,6.386592061802241,0.7610005037160776,False,False,True
POF1B,0.8159333333333337,698,93.66,1,0,False,5.5726074883810455,7.000860255063895e-200,199.1548485912612,up,True,6.777794968096164,1.205187479715119,False,False,True
C2,0.8157999999999999,699,93.65,1,0,False,5.706221084532859,0.0,300.0,up,True,11.190077742139014,5.483856657606155,False,False,True
PAX9,0.8156999999999999,700,93.64,1,0,False,6.144208983571002,6.18990820491698e-300,299.2083157914312,up,True,6.966574939491949,0.8223659559209463,False,False,True
FAM3B,0.8154999999999998,701,93.63,1,0,False,6.072529252773082,8.347724530012558e-244,243.07843189083195,up,True,8.151441011717347,2.078911758944265,False,False,True
PPP1R14C,0.8145666666666666,702,93.62,1,0,False,3.942980333373624,2.324496934944764e-196,195.6336710221363,up,True,7.657836176047958,3.7148558426743343,False,False,True
PER3,0.8143000000000002,703,93.61,1,0,False,5.159908564372224,0.0,300.0,up,True,8.905335687183694,3.7454271228114697,False,False,True
TMPRSS2,0.8138666666666668,704,93.6,1,0,False,5.3634068272607625,1.6210528151971e-309,300.0,up,True,10.584460042489605,5.221053215228842,False,False,True
NPTX2,0.8137999999999999,705,93.59,1,0,False,4.152612471573056,3.6496650027243415e-189,188.4377469969532,up,True,5.402028438352191,1.249415966779135,False,False,True
CXCL11,0.8127666666666669,706,93.58,1,0,False,4.533873865804741,1.809189822868661e-229,228.742515863931,up,True,6.293883988734771,1.76001012293003,False,False,True
IFI27,0.8126000000000004,707,93.57,1,0,False,3.164470873159811,1.4427621980186206e-180,179.84080524520522,up,True,11.532640052338794,8.368169179178983,False,False,True
DIO2,0.8119666666666667,708,93.56,1,0,False,6.323160915143921,0.0,300.0,up,True,7.317266026263629,0.9941051111197072,False,False,True
SHISA2,0.8118000000000001,709,93.56,1,0,False,5.356166195197434,5.04805949856566e-230,229.2968755349552,up,True,6.79157161458979,1.4354054193923556,False,False,True
DDIT4L,0.8116333333333337,710,93.55,1,0,False,5.70344279576989,1.9186536900732587e-257,256.7170034067459,up,True,6.787879755312666,1.0844369595427756,False,False,True
HMGCS2,0.811566666666667,711,93.54,1,0,False,2.851729818876728,4.039742970977253e-64,63.39364626603725,up,True,3.56460713718754,0.7128773183108119,False,False,True
APOC1,0.8115000000000008,712,93.53,1,0,False,3.4627252983153047,1.7938787871107326e-237,236.74620690569964,up,True,10.58345865203948,7.120733353724174,False,False,True
PRSS12,0.8113000000000002,714,93.51,1,0,False,3.835004728052813,4.970746978414149e-161,160.30357834281054,up,True,6.432547404423937,2.597542676371124,False,False,True
BNIPL,0.8111666666666667,715,93.5,1,0,False,4.121047210085645,7.953565674324282e-184,183.0994381285115,up,True,6.787189513126691,2.6661423030410463,False,False,True
NR4A3,0.8109000000000003,716,93.49,1,0,False,3.33064886782128,4.4104103516850675e-178,177.35552100119395,up,True,7.187690391015726,3.857041523194447,False,False,True
MACROD2,0.8106333333333338,717,93.48,1,0,False,4.860278496182279,4.981049447560533e-221,220.30267914694537,up,True,7.255031995382113,2.394753499199835,False,False,True
ITGBL1,0.810466666666666,718,93.47,1,0,False,4.302914288410957,0.0,300.0,up,True,9.23065809732732,4.927743808916363,False,False,True
NOS3,0.8103333333333339,719,93.46,1,0,False,4.327780040849406,3.334902868794092e-302,300.0,up,True,8.28626215348773,3.958482112638324,False,False,True
TFCP2L1,0.8103000000000006,720,93.46,1,0,False,6.60494203263932,0.0,300.0,up,True,9.81518380865261,3.2102417760132904,False,False,True
CADM3,0.8101000000000002,721,93.45,1,0,False,2.625013939992946,1.879985711607533e-129,128.7258454514776,up,True,5.492410731034512,2.8673967910415654,False,False,True
RGS2,0.8097999999999997,722,93.44,1,0,False,2.4336334198282747,9.956434706163153e-195,194.00189614999368,up,True,9.733116985896968,7.299483566068694,False,False,True
GFPT2,0.8094999999999997,723,93.43,1,0,False,2.707243323464936,4.085403467890839e-197,196.3887650467874,up,True,7.917125479058752,5.209882155593816,False,False,True
SMPD3,0.8088666666666664,725,93.41,1,0,False,5.529283641740311,0.0,300.0,up,True,7.220495987099047,1.6912123453587355,False,False,True
SLC44A4,0.8088333333333337,726,93.4,1,0,False,6.49980797813501,0.0,300.0,up,True,10.835452584118606,4.335644605983596,False,False,True
GINS1,0.8086666666666666,728,93.38,1,0,False,7.112067252681112,0.0,300.0,up,True,7.876130815776737,0.7640635630956242,False,False,True
FABP6,0.8085333333333329,729,93.37,1,0,False,2.7890552928502808,4.4764180140895424e-97,96.34906936523218,up,True,4.894304802765461,2.1052495099151805,False,False,True
MYBPHL,0.8081666666666671,730,93.36,1,0,False,3.306652457018545,2.0796010375552186e-103,102.68201997456006,up,True,4.497829025521301,1.191176568502756,False,False,True
ATOH8,0.8080000000000003,731,93.36,1,0,False,3.8207067028155706,1.0554498790162971e-173,172.97656238555243,up,True,8.382177249642917,4.561470546827346,False,False,True
CYP4F11,0.8079666666666666,732,93.35,1,0,False,4.51555434704627,2.732812289514249e-118,117.5633901979553,up,True,5.49468821478036,0.9791338677340896,False,False,True
GPX2,0.8079333333333331,733,93.34,1,0,False,5.664923940389321,4.1060376513659776e-125,124.38657707257246,up,True,7.482065946433284,1.8171420060439631,False,False,True
SLC29A4,0.8078666666666673,734,93.33,1,0,False,7.100115434575878,0.0,300.0,up,True,8.189897387063064,1.0897819524871866,False,False,True
ALDH1L1,0.8076333333333341,735,93.32,1,0,False,3.088234551286289,4.487815160494691e-106,105.34796503865704,up,True,4.927650075655528,1.839415524369239,False,False,True
AQP1,0.807633333333333,736,93.31,1,0,False,2.2740791012767243,6.126008849186271e-101,100.2128223801788,up,True,12.333289945346475,10.059210844069751,False,False,True
LGR5,0.8076,737,93.3,1,0,False,2.9248087363758177,8.413199736474273e-119,118.07503880044383,up,True,4.17455819402152,1.2497494576457024,False,False,True
CAPN13,0.8075999999999998,738,93.29,1,0,False,5.810319848199875,6.426878288988219e-260,259.1919999245989,up,True,8.455124665792695,2.6448048175928203,False,False,True
GAS2L2,0.8073000000000002,739,93.28,1,0,False,2.5353635717539635,3.399542029335167e-89,88.46857958517218,up,True,4.284032099648327,1.7486685278943634,False,False,True
COL12A1,0.8073000000000001,740,93.27,1,0,False,5.7606049875903365,2.322543465827629e-294,293.6340361495443,up,True,10.469626486629014,4.709021499038678,False,False,True
ECEL1,0.8071666666666666,741,93.26,1,0,False,3.382101941591791,2.8672640755224034e-116,115.5425323066138,up,True,3.992186743167197,0.6100848015754061,False,False,True
CHL1,0.8068666666666666,742,93.26,1,0,False,6.148885764077123,1.1645502436396183e-266,265.9338417694181,up,True,8.322636966400085,2.1737512023229613,False,False,True
PLCXD3,0.8066333333333336,743,93.25,1,0,False,2.582295828493042,5.046569385164649e-109,108.297003751265,up,True,4.798628994975361,2.2163331664823187,False,False,True
EPHB6,0.8065666666666671,744,93.24,1,0,False,2.156779877630215,2.446706037443667e-114,113.6114182063675,up,True,6.161104054404775,4.00432417677456,False,False,True
SNTN,0.8062666666666665,745,93.23,1,0,False,3.434559660832706,2.970954221878192e-122,121.5271040399967,up,True,5.2849391672721255,1.8503795064394195,False,False,True
PHLDA2,0.8061000000000009,746,93.22,1,0,False,5.339538762410108,0.0,300.0,up,True,8.867344356974593,3.527805594564485,False,False,True
RHCG,0.8058333333333342,747,93.21,1,0,False,2.034054817470146,1.6157761162164822e-56,55.79161881573204,up,True,2.7881257955553576,0.7540709780852113,False,False,True
LGR6,0.8056666666666664,748,93.2,1,0,False,2.930746171683648,1.8100799143560785e-125,124.74230225076744,up,True,5.680167034904143,2.749420863220496,False,False,True
COL9A2,0.8056000000000001,749,93.19,1,0,False,4.91914386032221,1.908735863901232e-261,260.7192541663088,up,True,8.206255837674991,3.2871119773527813,False,False,True
PTGIS,0.8053666666666672,750,93.18,1,0,False,3.397880307611164,1.2477533124784274e-230,229.9038712685152,up,True,8.524228927641587,5.126348620030424,False,False,True
KNDC1,0.8053666666666667,751,93.17,1,0,False,4.862478846260338,1.054135260814762e-202,201.97710365927853,up,True,6.678288390241407,1.81580954398107,False,False,True
CD300E,0.8046333333333341,753,93.15,1,0,False,-2.369429159698443,4.391906494792601e-146,145.35734691473917,down,True,2.403320477690973,4.772749637389416,False,False,True
TMEM59L,0.8039333333333339,754,93.15,1,0,False,4.382275291476111,4.102189858726858e-134,133.3869842433608,up,True,6.2855087670912,1.90323347561509,False,False,True
HGD,0.8039333333333333,755,93.14,1,0,False,5.291362210437192,1.770941556261777e-162,161.75179577094534,up,True,6.568468077610143,1.2771058671729512,False,False,True
PDGFD,0.8036333333333339,756,93.13,1,0,False,5.008062771029735,0.0,300.0,up,True,7.477035136214446,2.4689723651847104,False,False,True
BMP5,0.8029333333333332,757,93.12,1,0,False,2.241492392010396,7.73188610571803e-91,90.11171455195628,up,True,6.344640698398124,4.1031483063877285,False,False,True
KCNK5,0.8028666666666666,758,93.11,1,0,False,6.34747929339312,0.0,300.0,up,True,9.936564021982967,3.589084728589848,False,False,True
CEACAM6,0.8024333333333343,759,93.1,1,0,False,6.346807832885612,7.670002540098323e-282,281.11520449222434,up,True,14.329416792977929,7.982608960092315,False,False,True
FSCN1,0.8021666666666667,760,93.09,1,0,False,5.029492513964513,0.0,300.0,up,True,10.688296468359988,5.658803954395474,False,False,True
GPC6,0.8017000000000009,761,93.08,1,0,False,5.155166655361752,5.310949397588911e-295,294.2748278364932,up,True,7.862095793132596,2.7069291377708447,False,False,True
FOXC1,0.8016333333333332,762,93.07,1,0,False,4.732156852581207,0.0,300.0,up,True,7.547043661171448,2.8148868085902405,False,False,True
MATN3,0.801433333333333,763,93.06,1,0,False,3.238298865619846,2.6427817020414893e-210,209.5779387087995,up,True,6.942063046247986,3.70376418062814,False,False,True
GABRP,0.8012999999999999,765,93.05,1,0,False,4.054984496717487,5.300652252929348e-125,124.2756706865466,up,True,4.694492616371083,0.6395081196535964,False,False,True
ADH7,0.8012999999999998,766,93.04,1,0,False,2.210775084808249,1.6998528535962535e-52,51.7695886713494,up,True,2.874594363908942,0.6638192791006935,False,False,True
RDH10,0.8007333333333331,767,93.03,1,0,False,5.966877219071409,0.0,300.0,up,True,10.609653781770506,4.642776562699097,False,False,True
BAALC,0.8006000000000004,768,93.02,1,0,False,2.9798442622229566,4.280805139470543e-128,127.36847454062604,up,True,6.059612782038234,3.079768519815277,False,False,True
KCNJ15,0.8003666666666668,769,93.01,1,0,False,5.341754948435666,3.45381266068957e-265,264.46170122282973,up,True,8.486804293026301,3.145049344590636,False,False,True
PLEKHH2,0.8000666666666671,770,93.0,1,0,False,2.280418628136947,1.8758870280280406e-154,153.72679331978495,up,True,8.171621458293627,5.89120283015668,False,False,True
HKDC1,0.8000333333333337,771,92.99,1,0,False,6.541065748609434,0.0,300.0,up,True,8.072011399613423,1.5309456510039892,False,False,True
NT5E,0.7998666666666672,772,92.98,1,0,False,6.808861381733076,0.0,300.0,up,True,9.82474510128038,3.015883719547306,False,False,True
SLC22A3,0.7997000000000002,773,92.97,1,0,False,4.868564733351205,4.263025665571669e-236,235.37028205267245,up,True,8.66022032451232,3.791655591161116,False,False,True
OMD,0.7995000000000003,774,92.96,1,0,False,2.4261846787093715,8.861369547784534e-112,111.0524991515802,up,True,5.421329120545221,2.995144441835849,False,False,True
RAD51AP1,0.7991666666666667,775,92.95,1,0,False,5.574206213745703,0.0,300.0,up,True,7.22226747336948,1.6480612596237771,False,False,True
SLC16A14,0.7990666666666673,776,92.95,1,0,False,6.10779695894413,3.946258542231009e-276,275.4038144650073,up,True,8.195499304055913,2.087702345111783,False,False,True
EGR3,0.798366666666667,778,92.93,1,0,False,4.045582037965037,9.501406726659358e-284,283.0222120906693,up,True,6.943397614122413,2.897815576157377,False,False,True
EGR1,0.798,780,92.91,1,0,False,3.8225444054906657,4.01926798228765e-251,250.3958530365179,up,True,11.646448386937315,7.82390398144665,False,False,True
ZBED2,0.7979666666666665,781,92.9,1,0,False,2.7085301870328733,7.564094528202073e-158,157.12124305243142,up,True,5.844701231376349,3.136171044343476,False,False,True
STEAP1,0.7979333333333333,782,92.89,1,0,False,3.6085914965409,7.225052217438584e-205,204.14115900979445,up,True,8.235058765970853,4.626467269429954,False,False,True
SLAMF7,0.7978666666666663,783,92.88,1,0,False,6.033784720414225,0.0,300.0,up,True,9.377441675715044,3.3436569553008195,False,False,True
C7ORF57,0.7976999999999999,784,92.87,1,0,False,3.0340681155114235,5.3810068067345916e-135,134.26913645858994,up,True,4.471148230947716,1.437080115436292,False,False,True
MYCN,0.7976333333333336,785,92.86,1,0,False,3.766357613632013,2.432070929378048e-153,152.61402376336792,up,True,4.425560479677454,0.659202866045441,False,False,True
BASP1,0.7973999999999991,786,92.85,1,0,False,4.447511918435804,9.367958665744386e-304,300.0,up,True,10.076023919518908,5.628512001083102,False,False,True
VMO1,0.7967333333333334,787,92.85,1,0,False,2.1673353212565467,6.365830916671509e-141,140.19614490089123,up,True,6.030700913652413,3.863365592395866,False,False,True
TRIP13,0.7967000000000003,788,92.84,1,0,False,6.624888779292638,0.0,300.0,up,True,8.277168506410442,1.652279727117804,False,False,True
SERPINA5,0.7966333333333329,789,92.83,1,0,False,3.6363070201855465,1.2291802484001193e-140,139.91038442700315,up,True,4.38931075231764,0.7530037321320938,False,False,True
IL4I1,0.7962999999999998,790,92.82,1,0,False,6.1500065585393,0.0,300.0,up,True,8.163533142983065,2.0135265844437646,False,False,True
VGLL1,0.7962333333333343,791,92.81,1,0,False,3.1679737360878866,8.971841962043276e-106,105.04711838506869,up,True,4.308789816601155,1.140816080513268,False,False,True
GBP3,0.7962000000000008,792,92.8,1,0,False,4.312230328119505,4.4938978358288064e-293,292.34737680504554,up,True,9.543803428264034,5.231573100144529,False,False,True
TNXB,0.7961666666666668,793,92.79,1,0,False,3.27601196136808,2.8124259936924545e-187,186.5509188967753,up,True,8.849378697046811,5.573366735678731,False,False,True
F13A1,0.7960666666666667,794,92.78,1,0,False,4.0094882379998005,3.388868063501665e-232,231.4699453389256,up,True,9.4346719175177,5.4251836795178985,False,False,True
SNAI2,0.7959666666666675,795,92.77,1,0,False,2.8751732789529303,1.0011336328839237e-213,212.9995079483443,up,True,7.2920201859354385,4.416846906982508,False,False,True
CDCA3,0.795833333333334,796,92.76,1,0,False,5.029032055526264,0.0,300.0,up,True,7.158426382600181,2.129394327073918,False,False,True
PTTG1,0.795666666666667,797,92.75,1,0,False,5.396155664830992,0.0,300.0,up,True,8.560328506234624,3.1641728414036323,False,False,True
SLC26A4,0.7955666666666669,798,92.75,1,0,False,3.64053729844824,1.9514721899584976e-140,139.70963763338278,up,True,4.687309999015264,1.0467727005670249,False,False,True
SMOC2,0.7952333333333335,800,92.73,1,0,False,4.126053904973574,1.1029808656512746e-276,275.9574320215708,up,True,8.47719722019419,4.351143315220616,False,False,True
TMPRSS6,0.7937666666666675,801,92.72,1,0,False,4.936900121564645,8.049572838233454e-172,171.09422716546075,up,True,5.987403583839445,1.0505034622747995,False,False,True
CHRDL2,0.7935000000000001,802,92.71,1,0,False,3.553017447626812,2.8795938766228173e-164,163.54066875862227,up,True,4.830041829769179,1.277024382142367,False,False,True
SCG2,0.7932333333333336,803,92.7,1,0,False,4.005888965273702,1.810490375233021e-196,195.7422037795983,up,True,5.419224399966383,1.4133354346926812,False,False,True
IFI6,0.792966666666666,804,92.69,1,0,False,3.672725396052053,2.0446447589538844e-247,246.68938213637435,up,True,11.498787370237048,7.826061974184995,False,False,True
IRX6,0.7926333333333329,805,92.68,1,0,False,2.8754863660239147,3.494775809058306e-89,88.45658067914914,up,True,4.557957846769585,1.6824714807456704,False,False,True
MIAT,0.7925000000000006,806,92.67,1,0,False,5.03292815736018,6.578132506396448e-276,275.1818973825686,up,True,8.088674325995076,3.055746168634896,False,False,True
ZNF385B,0.7921000000000002,807,92.66,1,0,False,2.831956486484396,7.179220847489213e-92,91.14392268667656,up,True,6.484729733646638,3.652773247162242,False,False,True
FAM81B,0.7919999999999999,808,92.65,1,0,False,3.339351648847231,8.115255633488523e-137,136.09069779518896,up,True,4.930059062128422,1.5907074132811916,False,False,True
ERP27,0.7915666666666665,809,92.65,1,0,False,4.159217226752617,3.762927409964445e-269,268.4244741595053,up,True,7.467418295702953,3.308201068950336,False,False,True
CCDC80,0.7914333333333335,810,92.64,1,0,False,5.67742106264527,0.0,300.0,up,True,10.657636724771242,4.980215662125972,False,False,True
COL14A1,0.7909999999999999,811,92.63,1,0,False,4.857628277705727,1.836113462148376e-299,298.7361004851923,up,True,9.292300771133206,4.434672493427479,False,False,True
SORCS2,0.7907666666666673,812,92.62,1,0,False,5.692375533348682,5.4257555888127715e-264,263.2655397735712,up,True,7.714764284407338,2.0223887510586565,False,False,True
SIK1,0.7905666666666674,813,92.61,1,0,False,9.387788394232963,0.0,300.0,up,True,11.31080509902842,1.923016704795456,False,False,True
KIF26B,0.7902333333333335,814,92.6,1,0,False,7.10147067080098,0.0,300.0,up,True,8.521826280674462,1.4203556098734822,False,False,True
CENPA,0.7900000000000006,815,92.59,1,0,False,5.401110119328589,0.0,300.0,up,True,6.398621411184975,0.9975112918563868,False,False,True
PRSS3,0.7893000000000004,816,92.58,1,0,False,3.357577209887714,1.1556556320544978e-103,102.93717155984208,up,True,3.925061535889835,0.5674843260021212,False,False,True
GGT6,0.7887333333333328,817,92.57,1,0,False,4.677851194196526,3.146293425393401e-170,169.50220077723506,up,True,6.749184601643698,2.071333407447172,False,False,True
CHST6,0.7878000000000001,818,92.56,1,0,False,5.793099030755696,3.3839735297010085e-306,300.0,up,True,6.89691433442334,1.1038153036676444,False,False,True
NWD1,0.7876666666666665,821,92.54,1,0,False,4.110687054264923,3.779880236706164e-152,151.42252196031134,up,True,4.95423559529336,0.8435485410284375,False,False,True
FBXO2,0.7874333333333338,822,92.53,1,0,False,5.053971749874004,9.926632933394782e-296,295.0031980371462,up,True,7.979982397100501,2.926010647226497,False,False,True
HSD11B2,0.7873666666666668,823,92.52,1,0,False,4.139541120824317,4.389355828271485e-307,300.0,up,True,6.921372884456365,2.781831763632048,False,False,True
CDC25A,0.7871000000000006,824,92.51,1,0,False,5.660511353921323,0.0,300.0,up,True,6.342621739048076,0.6821103851267522,False,False,True
CHIAP2,0.7862333333333331,826,92.49,1,0,False,2.103181822894964,1.9850692090660737e-50,49.70222434704116,up,True,3.12793968265769,1.024757859762726,False,False,True
MFAP2,0.7861333333333337,827,92.48,1,0,False,5.3569117646210085,0.0,300.0,up,True,9.072557305417622,3.7156455407966136,False,False,True
IL13RA2,0.7860333333333331,828,92.47,1,0,False,2.0518156899940174,8.832390135676626e-71,70.05392175596118,up,True,3.5495594282463427,1.497743738252325,False,False,True
GBP5,0.7856999999999995,829,92.46,1,0,False,5.672556260975515,0.0,300.0,up,True,8.822090003293681,3.149533742318165,False,False,True
FMO5,0.7849666666666666,830,92.45,1,0,False,5.807220577119001,4.766344824242003e-301,300.0,up,True,9.181062466382118,3.373841889263117,False,False,True
C8B,0.7846666666666665,832,92.44,1,0,False,2.3204394274098346,1.3586265129460338e-63,62.86689991461368,up,True,3.573563096524575,1.2531236691147405,False,False,True
RNF128,0.7840666666666666,833,92.43,1,0,False,5.060766955071944,3.7504445996338046e-228,227.425917245413,up,True,8.064250172593276,3.003483217521332,False,False,True
ATP2C2,0.7838666666666672,834,92.42,1,0,False,5.30164791259207,0.0,300.0,up,True,9.031261698005869,3.729613785413798,False,False,True
PLXNB3,0.7836666666666672,835,92.41,1,0,False,6.047464472620241,4.260444922420556e-269,268.3705450447324,up,True,8.3471337512625,2.299669278642259,False,False,True
TNIP3,0.7836666666666665,836,92.4,1,0,False,3.5826060779129225,5.030997944812396e-182,181.29834586008567,up,True,4.788866955002516,1.2062608770895935,False,False,True
SP6,0.7835666666666666,837,92.39,1,0,False,3.521922134902501,2.030939569555163e-238,237.6923029988006,up,True,6.217203450356006,2.695281315453505,False,False,True
NTM,0.7833999999999997,839,92.37,1,0,False,4.159843991065352,7.2597036107001485e-255,254.13908110972207,up,True,7.561345446951201,3.4015014558858487,False,False,True
CPAMD8,0.7831333333333332,841,92.35,1,0,False,3.7034135142427127,8.719388471040422e-171,170.05951397297633,up,True,8.103288209668309,4.399874695425596,False,False,True
MIR205HG,0.7830999999999997,842,92.34,1,0,False,2.785168771330634,8.534691420853166e-83,82.06881217655784,up,True,3.7739219988237465,0.9887532274931122,False,False,True
RAD51,0.7825333333333337,843,92.34,1,0,False,5.62390688494163,0.0,300.0,up,True,6.737245216342249,1.1133383314006189,False,False,True
PON3,0.7824,845,92.32,1,0,False,5.426185497907199,1.0607675903933414e-299,298.97437975772544,up,True,9.146415085514093,3.720229587606892,False,False,True
MEX3A,0.7819666666666664,846,92.31,1,0,False,7.682781899153952,0.0,300.0,up,True,8.648114367105556,0.965332467951605,False,False,True
TNNI3,0.7815666666666667,847,92.3,1,0,False,2.3103582206377835,1.3820964281083615e-60,59.85946165541738,up,True,4.255671024124687,1.945312803486903,False,False,True
CCDC74B,0.7814666666666668,848,92.29,1,0,False,2.579816260917773,3.2913980295505448e-136,135.48261959519425,up,True,4.346708883262236,1.7668926223444636,False,False,True
ALOX15B,0.7808999999999997,849,92.28,1,0,False,4.503348515312102,1.6094771617323088e-163,162.7933151815158,up,True,9.151935089635671,4.648586574323569,False,False,True
BARX2,0.7808666666666666,850,92.27,1,0,False,5.90689846769406,3.2952835901304665e-244,243.4821072043389,up,True,6.498451986345026,0.5915535186509672,False,False,True
FBN3,0.7806333333333332,851,92.26,1,0,False,2.824778590834372,3.457110924527322e-90,89.46128668550323,up,True,4.192334446114565,1.367555855280193,False,False,True
DIAPH3,0.7802666666666673,852,92.25,1,0,False,5.344843935418459,0.0,300.0,up,True,6.587956501213265,1.243112565794806,False,False,True
CLEC5A,0.7798333333333332,853,92.24,1,0,False,4.350543385040296,1.0301615778775003e-284,283.9870946521131,up,True,7.275783288912612,2.925239903872316,False,False,True
ATP12A,0.7797333333333328,854,92.24,1,0,False,2.579878476669787,4.8597109103491776e-70,69.31338956484765,up,True,3.3561085502907404,0.7762300736209533,False,False,True
PROK2,0.7794333333333333,855,92.23,1,0,False,-2.0008200358083807,3.497597917427421e-102,101.456230118322,down,True,2.015076795165679,4.01589683097406,False,False,True
AIF1L,0.7793000000000002,856,92.22,1,0,False,4.583612794409705,0.0,300.0,up,True,8.749729559017648,4.166116764607944,False,False,True
MOXD1,0.7792000000000002,857,92.21,1,0,False,4.437448693825821,0.0,300.0,up,True,9.391329148788548,4.953880454962728,False,False,True
PDLIM4,0.7791000000000001,858,92.2,1,0,False,4.371355677839289,1.2024136142289963e-276,275.91994611512985,up,True,8.019988594437423,3.6486329165981344,False,False,True
APOBEC3B,0.7787666666666667,859,92.19,1,0,False,5.692333795587756,7.23533816907638e-309,300.0,up,True,7.090930083028976,1.3985962874412197,False,False,True
CTSW,0.7787000000000007,860,92.18,1,0,False,2.7741919602149085,4.2988542502376137e-172,171.36664727909573,up,True,7.257396994942535,4.483205034727627,False,False,True
TOX3,0.7785666666666669,861,92.17,1,0,False,7.289903853502983,7.645800951298976e-277,276.1165770124742,up,True,8.1874404430762,0.8975365895732179,False,False,True
AMN,0.7780000000000001,862,92.16,1,0,False,2.5197394124355763,2.003411451553612e-96,95.698229848116,up,True,5.552554901119431,3.032815488683855,False,False,True
XIST,0.7776666666666671,863,92.15,1,0,False,6.680586952134041,6.293699105089471e-104,103.2010940240734,up,True,8.47295343191622,1.79236647978218,False,False,True
CAPN12,0.7773333333333338,864,92.14,1,0,False,6.913973116001522,0.0,300.0,up,True,8.549800758580686,1.6358276425791642,False,False,True
ADAMTS4,0.7768666666666676,866,92.13,1,0,False,3.3956687475819907,2.3115428262556477e-153,152.6360980559208,up,True,8.137810083450427,4.742141335868436,False,False,True
STEAP2,0.7766333333333337,867,92.12,1,0,False,4.419068771340091,2.38919829080596e-289,288.62174780461214,up,True,9.035133979662696,4.616065208322605,False,False,True
GZMA,0.7763666666666666,868,92.11,1,0,False,3.064456303883654,6.725305789021105e-200,199.1722879641932,up,True,7.2475965912720275,4.183140287388373,False,False,True
FIBCD1,0.7760999999999999,869,92.1,1,0,False,2.329051501362125,1.212218408758501e-96,95.91641912507644,up,True,4.490852605189511,2.1618011038273863,False,False,True
DNAH3,0.775533333333333,870,92.09,1,0,False,4.366416808334916,2.062246908011197e-219,218.6856593388744,up,True,5.731621059799883,1.3652042514649667,False,False,True
SLC7A8,0.7753000000000004,872,92.07,1,0,False,4.836578653741605,0.0,300.0,up,True,9.478976497380463,4.642397843638858,False,False,True
MLLT11,0.7746333333333337,873,92.06,1,0,False,4.695685860929709,1.0117688930640443e-271,270.99491867714954,up,True,6.917250990248828,2.221565129319119,False,False,True
CRTAC1,0.7733999999999999,874,92.05,1,0,False,3.865996887062796,9.539967253343732e-128,127.02045311604188,up,True,7.639345584293074,3.773348697230278,False,False,True
MET,0.7732000000000002,875,92.04,1,0,False,8.164008906765627,0.0,300.0,up,True,11.654155084094436,3.4901461773288083,False,False,True
KCNE1,0.7730000000000004,876,92.04,1,0,False,2.127470505235876,1.1851146305753496e-94,93.92623964035548,up,True,4.184007874973182,2.0565373697373066,False,False,True
CRABP1,0.7729333333333337,877,92.03,1,0,False,2.949949709892117,3.0688720769599508e-77,76.51302121434703,up,True,3.673653616222361,0.7237039063302437,False,False,True
ASPN,0.7725000000000003,879,92.01,1,0,False,4.461570085626108,3.112021672876827e-289,288.50695738713927,up,True,8.736306286543483,4.274736200917375,False,False,True
CARD11,0.7725000000000001,880,92.0,1,0,False,5.445842631156372,0.0,300.0,up,True,8.88071328164284,3.434870650486468,False,False,True
QPRT,0.7723333333333329,881,91.99,1,0,False,4.414134394847584,1.7836736550877842e-230,229.74868460217928,up,True,8.82629898453108,4.4121645896834965,False,False,True
ID4,0.7721666666666674,882,91.98,1,0,False,2.053984451887449,2.4907606914339267e-120,119.60366799682411,up,True,7.72338601825123,5.669401566363781,False,False,True
XKRX,0.7721666666666671,883,91.97,1,0,False,5.607420434020383,1.1034010693490547e-268,267.9572665994864,up,True,7.29020113395528,1.6827806999348975,False,False,True
WDR62,0.7714999999999996,884,91.96,1,0,False,5.801914203557751,0.0,300.0,up,True,7.315585476224656,1.5136712726669046,False,False,True
TMEM40,0.7713666666666664,885,91.95,1,0,False,2.1693179108881875,1.7232032631471638e-80,79.76366349164273,up,True,3.788573069366109,1.619255158477921,False,False,True
MUC20,0.7709666666666674,886,91.94,1,0,False,7.323138172647793,0.0,300.0,up,True,10.20391620734406,2.880778034696268,False,False,True
CES1,0.7700666666666671,887,91.94,1,0,False,2.4462569047818805,1.8148471608322272e-91,90.7411599436318,up,True,9.907856509531223,7.461599604749344,False,False,True
GFRA3,0.7698666666666665,888,91.93,1,0,False,5.801478867679952,5.70782836339037e-172,171.2435290947643,up,True,6.42989591040161,0.6284170427216581,False,False,True
RPS4Y1,0.7696666666666663,889,91.92,1,0,False,2.5523365771519506,6.6541504791602084e-18,17.17690738207706,up,True,7.608458632524972,5.056122055373021,False,False,True
COL11A1,0.768866666666667,890,91.91,1,0,False,7.762482111688184,3.599570340605883e-224,223.4437493352994,up,True,8.165756376861365,0.4032742651731807,False,False,True
WFDC3,0.7682999999999996,892,91.89,1,0,False,5.100310962420874,7.90298458826414e-214,213.10220886498453,up,True,6.018944131895682,0.918633169474808,False,False,True
AHRR,0.7681000000000002,893,91.88,1,0,False,3.409143754609091,1.5377752632496776e-209,208.81310712946447,up,True,5.147302684325734,1.7381589297166429,False,False,True
B4GALNT3,0.7680666666666665,894,91.87,1,0,False,5.698008574168227,0.0,300.0,up,True,9.222520598239925,3.524512024071696,False,False,True
SLC28A3,0.7680000000000005,895,91.86,1,0,False,2.706043634020742,1.009384143504935e-114,113.995943521915,up,True,4.143671010291476,1.4376273762707337,False,False,True
MS4A2,0.7675666666666673,896,91.85,1,0,False,2.8962686794090766,1.567228833588848e-149,148.80486758686953,up,True,5.727379052474813,2.8311103730657363,False,False,True
B4GALNT4,0.7673666666666664,897,91.84,1,0,False,5.021518472809126,3.964701112587943e-173,172.40178954732406,up,True,6.132804721160308,1.111286248351181,False,False,True
SCTR,0.7669666666666664,898,91.84,1,0,False,4.245176858795487,2.448406836653523e-137,136.61111641649651,up,True,6.90854644163502,2.663369582839533,False,False,True
SPAG17,0.7669333333333334,899,91.83,1,0,False,4.002754847439729,4.747702028818915e-182,181.323516545678,up,True,5.556839695255627,1.5540848478158975,False,False,True
KCNH2,0.7668666666666669,900,91.82,1,0,False,4.052871253894664,2.971916723601845e-181,180.5269633641533,up,True,6.415201649594731,2.3623303957000665,False,False,True
CPXM2,0.7666666666666667,901,91.81,1,0,False,4.8028698206843945,4.287339323993367e-286,285.3678121426368,up,True,8.136167191258878,3.333297370574483,False,False,True
NME5,0.766566666666667,902,91.8,1,0,False,2.841775781080013,4.188446934007513e-160,159.37794698252878,up,True,5.203019233125763,2.3612434520457506,False,False,True
TMEM213,0.7665333333333335,903,91.79,1,0,False,3.908177448542686,1.7375576993715577e-146,145.7600607648083,up,True,4.549091663177803,0.6409142146351171,False,False,True
C4A,0.7663000000000004,904,91.78,1,0,False,9.568631860665567,0.0,300.0,up,True,12.489751784836338,2.92111992417077,False,False,True
KLHDC7B,0.7662666666666671,905,91.77,1,0,False,5.456748374157568,0.0,300.0,up,True,6.401583024101082,0.9448346499435138,False,False,True
RYR1,0.7655333333333331,906,91.76,1,0,False,6.150735564899551,1.8111438638238228e-254,253.74204705118603,up,True,7.150713433403525,0.9999778685039742,False,False,True
LRP2,0.7655000000000004,907,91.75,1,0,False,5.501385399307879,1.6024151969571456e-187,186.79522494494057,up,True,7.028900063273277,1.5275146639653985,False,False,True
SPAG5,0.7653333333333336,909,91.73,1,0,False,6.09185212959115,0.0,300.0,up,True,9.051235588617342,2.959383459026192,False,False,True
GREM2,0.7650333333333339,910,91.73,1,0,False,3.299605695751317,6.270063203116154e-132,131.20272808139796,up,True,4.906840976603358,1.607235280852041,False,False,True
F11,0.7647000000000004,911,91.72,1,0,False,2.215401813717561,4.014101330995407e-61,60.39641166848613,up,True,3.558739323411777,1.343337509694216,False,False,True
SDR16C5,0.764666666666667,912,91.71,1,0,False,4.782646690127115,7.386678920942357e-261,260.1315507781813,up,True,9.572233969195183,4.789587279068068,False,False,True
HPCAL4,0.7639333333333332,913,91.7,1,0,False,3.2125074115988435,1.5165320504266085e-139,138.8191484068658,up,True,4.14456471380088,0.9320573022020364,False,False,True
UCN3,0.7637666666666665,914,91.69,1,0,False,2.858098138439714,6.5880643672235396e-80,79.18124216630352,up,True,3.591714507341603,0.7336163689018893,False,False,True
CLSPN,0.7637000000000004,915,91.68,1,0,False,5.723833557250138,0.0,300.0,up,True,6.4787719232337375,0.7549383659835991,False,False,True
ZNF750,0.7633333333333332,916,91.67,1,0,False,5.496019652771621,2.8957130474994645e-237,236.53824447702672,up,True,7.217127275149093,1.7211076223774722,False,False,True
APOC2,0.7632666666666669,917,91.66,1,0,False,3.3757708373046897,2.126592956326716e-177,176.67231562892107,up,True,7.007135035783984,3.631364198479294,False,False,True
PRRX2,0.7629666666666666,919,91.64,1,0,False,2.7580536883189115,6.800374630442615e-124,123.16746716149194,up,True,5.810181899562712,3.052128211243801,False,False,True
PADI2,0.762933333333333,920,91.63,1,0,False,4.217096366032208,1.0140774327082167e-278,277.9939288819712,up,True,7.511722742095831,3.294626376063623,False,False,True
FAM83D,0.7626666666666667,921,91.63,1,0,False,4.612462582373137,0.0,300.0,up,True,7.893955400466283,3.281492818093146,False,False,True
PRSS22,0.7618666666666669,922,91.61,1,0,False,4.719009733144328,0.0,300.0,up,True,8.35495344317037,3.6359437100260417,False,False,True
ZDHHC11,0.7618666666666669,922,91.61,1,0,False,3.467558716443225,1.999486130416556e-192,191.6990816040358,up,True,6.279448344455282,2.8118896280120573,False,False,True
TSPAN1,0.7617666666666667,924,91.6,1,0,False,5.762811383591552,6.849043702955519e-279,278.16437006259844,up,True,10.346863883700973,4.584052500109419,False,False,True
SERPINA1,0.7613333333333336,925,91.59,1,0,False,5.640324894962873,4.6335946760984e-294,293.3340819588138,up,True,13.463107637186296,7.822782742223424,False,False,True
TNFAIP6,0.7611000000000006,926,91.58,1,0,False,2.414838577237712,2.0799114599950617e-133,132.68195515217857,up,True,6.250103704037736,3.835265126800024,False,False,True
MMP28,0.7610666666666663,927,91.57,1,0,False,3.0735834547086265,2.5662605469029167e-115,114.59069925273978,up,True,7.8217357374174705,4.748152282708844,False,False,True
FBLN2,0.7610333333333337,928,91.56,1,0,False,4.500806674361678,0.0,300.0,up,True,10.084428964782488,5.583622290420809,False,False,True
CATSPERB,0.7610000000000002,929,91.55,1,0,False,3.151091207285223,6.440811025846065e-132,131.1910594429084,up,True,4.333923214535665,1.182832007250442,False,False,True
COL1A1,0.7608666666666674,930,91.54,1,0,False,7.329033999802889,0.0,300.0,up,True,15.21317669483219,7.884142695029301,False,False,True
DNAH5,0.7605000000000003,931,91.53,1,0,False,6.715573306636847,0.0,300.0,up,True,8.64245388455643,1.9268805779195828,False,False,True
IRF4,0.7595666666666664,933,91.52,1,0,False,4.995920643028356,1.15619385882814e-310,300.0,up,True,7.522132484000685,2.526211840972329,False,False,True
IL20RB,0.7595333333333337,934,91.51,1,0,False,3.98251116978528,5.758807461783127e-159,158.23966744129697,up,True,5.560329154971456,1.5778179851861769,False,False,True
ANKRD65,0.7591999999999999,935,91.5,1,0,False,4.726185936703425,2.458654100103916e-278,277.6093025664149,up,True,8.702049283792347,3.975863347088922,False,False,True
WNT2,0.7591333333333339,936,91.49,1,0,False,2.961329023507393,3.859272309138301e-197,196.4134945766544,up,True,7.031881279499163,4.07055225599177,False,False,True
IGSF9,0.7590666666666671,937,91.48,1,0,False,7.651858742541128,0.0,300.0,up,True,8.6281958158658,0.9763370733246712,False,False,True
ISM1,0.7588000000000001,938,91.47,1,0,False,3.813914111782492,6.853687750205329e-230,229.1640756856447,up,True,6.884481608819616,3.0705674970371244,False,False,True
APLNR,0.7586000000000004,939,91.46,1,0,False,5.222048422888856,0.0,300.0,up,True,7.82829663072308,2.606248207834224,False,False,True
PNMA3,0.7585333333333338,940,91.45,1,0,False,2.905371671534548,7.276479695125851e-125,124.1380786782068,up,True,4.208687492308176,1.3033158207736275,False,False,True
SEC14L4,0.7582,941,91.44,1,0,False,2.772754158012644,1.8392977853876217e-129,128.73534795206643,up,True,5.368150625466787,2.5953964674541425,False,False,True
SPTB,0.7581666666666668,942,91.43,1,0,False,6.613921729199982,7.698525607632584e-259,258.1135924412926,up,True,8.301524865593922,1.6876031363939412,False,False,True
CHAD,0.7579000000000001,943,91.43,1,0,False,2.7359905678018825,1.4199256235539696e-126,125.84773440359304,up,True,4.549921387618136,1.8139308198162536,False,False,True
SFRP5,0.7573999999999999,944,91.42,1,0,False,2.094047966601763,2.295335701529532e-69,68.63915378827055,up,True,3.4628857059939424,1.3688377393921796,False,False,True
CGREF1,0.7564666666666665,947,91.39,1,0,False,5.042781918760239,8.19127485834645e-225,224.08664850106524,up,True,6.018721184202748,0.9759392654425096,False,False,True
GZMH,0.7559333333333336,949,91.37,1,0,False,2.354108594823294,5.261392622846983e-129,128.27889928847588,up,True,5.817663308124546,3.463554713301252,False,False,True
CCR6,0.7557666666666671,950,91.36,1,0,False,5.3540728739481365,0.0,300.0,up,True,6.476594599677247,1.122521725729111,False,False,True
SDCBP2,0.7555333333333332,951,91.35,1,0,False,2.8639390335234927,3.220480468104391e-141,140.49207933045318,up,True,7.9302196509726945,5.066280617449202,False,False,True
STAC,0.7554333333333336,952,91.34,1,0,False,3.030652709458072,3.099819737045677e-149,148.50866356083753,up,True,6.246015822561849,3.2153631131037765,False,False,True
HLA-DQB1,0.7551999999999999,953,91.33,1,0,False,4.249463688910432,1.3576153424157758e-260,259.8672232626992,up,True,11.87554451881261,7.626080829902178,False,False,True
CCDC33,0.7549333333333346,954,91.33,1,0,False,2.085982325031778,2.619854828201532e-64,63.58172277320612,up,True,3.21702948432035,1.131047159288572,False,False,True
HBA1,0.7539333333333336,955,91.32,1,0,False,4.837423403930515,1.7581564613582385e-155,154.7549424789318,up,True,5.8713338045680645,1.0339104006375497,False,False,True
NPC1L1,0.7533666666666667,956,91.31,1,0,False,3.322373644711191,1.0030109038566804e-113,112.9986943456844,up,True,3.880589539562494,0.5582158948513027,False,False,True
CEL,0.7530666666666672,957,91.3,1,0,False,2.527879077981712,2.662700322387976e-103,102.5746777091363,up,True,4.244548924362552,1.7166698463808394,False,False,True
KIAA1549,0.7530333333333332,958,91.29,1,0,False,6.366456520839781,0.0,300.0,up,True,8.43611025570964,2.0696537348698576,False,False,True
PCSK9,0.7529333333333341,959,91.28,1,0,False,3.334827336231422,1.303835998528131e-115,114.88477703238748,up,True,6.38263290120041,3.0478055649689884,False,False,True
NAPSB,0.7525999999999999,960,91.27,1,0,False,6.946522577808872,0.0,300.0,up,True,8.08500576589559,1.1384831880867174,False,False,True
BCAS1,0.752533333333334,961,91.26,1,0,False,6.45095212659793,1.399125509490129e-233,232.8541433250836,up,True,7.452976732416242,1.0020246058183115,False,False,True
FGB,0.7523999999999995,962,91.25,1,0,False,5.822898374323371,1.7181179495586146e-92,91.7649470249727,up,True,6.383630095075077,0.5607317207517063,False,False,True
RASGRF1,0.7523000000000001,963,91.24,1,0,False,4.881553169039911,7.82382224757877e-213,212.10658102501145,up,True,6.784700502433658,1.903147333393748,False,False,True
ADCYAP1,0.7521333333333333,964,91.23,1,0,False,2.0286811967224354,1.5886093057767396e-79,78.79898289776318,up,True,3.490043273911096,1.4613620771886604,False,False,True
SRD5A2,0.7520999999999995,965,91.23,1,0,False,2.9833396148519915,1.99735584124862e-116,115.69954455599871,up,True,3.79659055105572,0.813250936203729,False,False,True
FAM111B,0.7517666666666671,966,91.22,1,0,False,6.617805517131607,0.0,300.0,up,True,7.556956047527245,0.9391505303956386,False,False,True
CRISPLD1,0.7515333333333335,967,91.21,1,0,False,5.41710417091362,7.382436948060019e-263,262.1318002535707,up,True,6.959244783766999,1.5421406128533786,False,False,True
ITGB6,0.7513666666666672,968,91.2,1,0,False,6.578193044239372,0.0,300.0,up,True,11.252775579126975,4.674582534887604,False,False,True
PI15,0.751333333333334,969,91.19,1,0,False,4.341012241053714,1.335072084455692e-242,241.8744952848341,up,True,6.1333867509598745,1.7923745099061603,False,False,True
GABBR2,0.7513333333333334,970,91.18,1,0,False,3.933062802766726,4.590626513824009e-146,145.33812803931488,up,True,4.493350999827076,0.5602881970603497,False,False,True
TLR7,0.7510666666666664,972,91.16,1,0,False,5.693468486415707,0.0,300.0,up,True,6.733679915631539,1.0402114292158315,False,False,True
MAPK4,0.7508999999999998,973,91.15,1,0,False,2.4387746242689325,6.673330416614124e-76,75.17565737139384,up,True,4.275195852764554,1.8364212284956216,False,False,True
CD38,0.7507333333333336,974,91.14,1,0,False,4.225986417667915,8.971586960000777e-271,270.04713072897243,up,True,7.208658655957392,2.982672238289477,False,False,True
DDIT4,0.7505333333333337,975,91.13,1,0,False,3.234403170832984,1.9907906226021475e-242,241.70097441361904,up,True,11.63817045932739,8.403767288494405,False,False,True
MRC1,0.7505333333333334,976,91.13,1,0,False,3.780970351000384,1.0024057040689492e-218,217.9989564707064,up,True,9.908961341742948,6.127990990742564,False,False,True
MYBPH,0.7503000000000006,977,91.12,1,0,False,2.982114992278475,5.845122720199592e-93,92.23320636625644,up,True,3.7028507743355097,0.7207357820570346,False,False,True
P4HA3,0.7500333333333332,978,91.11,1,0,False,5.061790960279326,0.0,300.0,up,True,6.653787509633469,1.5919965493541433,False,False,True
KCNMA1,0.7499666666666666,979,91.1,1,0,False,6.125485444967937,0.0,300.0,up,True,7.53421046132191,1.4087250163539735,False,False,True
FHL2,0.7496333333333335,980,91.09,1,0,False,6.696148183608537,0.0,300.0,up,True,9.89746753974463,3.2013193561360933,False,False,True
ATP6V0D2,0.7495666666666666,981,91.08,1,0,False,3.917918325017865,3.873969183672802e-222,221.41184383829275,up,True,5.302936415891605,1.3850180908737393,False,False,True
POLR2J2,0.7492333333333336,982,91.07,1,0,False,6.647176246965946,0.0,300.0,up,True,7.537847105823016,0.8906708588570701,False,False,True
CLGN,0.7491333333333331,983,91.06,1,0,False,4.444988169582177,1.4583118295936633e-187,186.8361496012637,up,True,5.368905789670934,0.9239176200887568,False,False,True
GABRB2,0.7488666666666666,984,91.05,1,0,False,3.4010849233813194,1.1905212506389188e-149,148.92426284809375,up,True,4.241736706910537,0.8406517835292174,False,False,True
USP9Y,0.748833333333333,985,91.04,1,0,False,4.161414670040493,8.663200077579928e-63,62.06232165540528,up,True,6.665997505427504,2.504582835387012,False,False,True
CCL5,0.7487333333333339,986,91.03,1,0,False,3.7081187800152016,1.1688348070772377e-262,261.93224686389743,up,True,9.606663628889317,5.898544848874115,False,False,True
RNASE1,0.7485666666666665,987,91.02,1,0,False,3.066435597468761,2.6633467713781248e-191,190.5745722841464,up,True,12.907373436364791,9.840937838896032,False,False,True
DDX3Y,0.7485333333333334,988,91.02,1,0,False,2.445389179075557,3.248135569772068e-21,20.488365852591205,up,True,6.8059390557162285,4.360549876640671,False,False,True
DUSP6,0.7480999999999998,989,91.01,1,0,False,5.533228894357304,0.0,300.0,up,True,11.805396534304194,6.27216763994689,False,False,True
REEP6,0.7476333333333339,990,91.0,1,0,False,5.826179878851548,0.0,300.0,up,True,8.10346022521986,2.277280346368313,False,False,True
THBS1,0.7471666666666671,991,90.99,1,0,False,3.5708398881879955,7.876146294036569e-252,251.1036862257357,up,True,12.40407664784489,8.833236759656895,False,False,True
MUC13,0.7468333333333331,992,90.98,1,0,False,6.06893621045519,6.1075682956355396e-139,138.2141316679891,up,True,6.683552755280907,0.6146165448257164,False,False,True
PLIN5,0.7467666666666662,993,90.97,1,0,False,2.19229733254205,4.427522799959655e-115,114.35383919369042,up,True,5.732680479010592,3.5403831464685425,False,False,True
PAX8-AS1,0.7461999999999999,994,90.96,1,0,False,3.397227913261859,9.216443408520754e-148,147.03543663925493,up,True,6.5845191944297286,3.187291281167869,False,False,True
OLFM2,0.7461000000000003,995,90.95,1,0,False,3.99162210434379,0.0,300.0,up,True,7.903970180739354,3.912348076395564,False,False,True
HTRA4,0.7460999999999998,996,90.94,1,0,False,2.317428959382368,9.552972248674576e-138,137.0198614838752,up,True,4.2678064066077885,1.950377447225421,False,False,True
SVEP1,0.7459666666666668,997,90.93,1,0,False,2.850684858054014,1.6772053727556594e-178,177.77541375504833,up,True,8.146186487233496,5.2955016291794825,False,False,True
SEZ6L2,0.7458333333333333,998,90.92,1,0,False,8.020394498972731,0.0,300.0,up,True,10.469426677821636,2.449032178848906,False,False,True
COL5A2,0.745266666666667,999,90.92,1,0,False,5.727444765981727,0.0,300.0,up,True,11.49645120394005,5.769006437958322,False,False,True
DYDC2,0.7450666666666664,1001,90.9,1,0,False,2.427383181469498,8.098380661316848e-97,96.09160181324012,up,True,3.982811379377461,1.555428197907963,False,False,True
SGPP2,0.7448333333333342,1002,90.89,1,0,False,5.317789347393793,0.0,300.0,up,True,8.61611019097396,3.2983208435801656,False,False,True
DPYSL4,0.7441333333333335,1003,90.88,1,0,False,2.8593723786587733,6.531310236742417e-175,174.18499968679424,up,True,4.436080511924845,1.5767081332660722,False,False,True
IL22RA1,0.7441333333333333,1004,90.87,1,0,False,3.830807859112236,6.233788537529727e-192,191.20524793393943,up,True,5.200020479108355,1.3692126199961197,False,False,True
AKR7A3,0.7438666666666665,1005,90.86,1,0,False,4.318334984374546,4.206116253111753e-141,140.3761187279913,up,True,5.838679244611284,1.5203442602367372,False,False,True
GOLT1A,0.7430000000000002,1006,90.85,1,0,False,5.118163286908912,0.0,300.0,up,True,7.868333344581016,2.750170057672104,False,False,True
FBXO32,0.743,1007,90.84,1,0,False,5.669903456225372,0.0,300.0,up,True,8.77219661112471,3.1022931548993373,False,False,True
SPON2,0.7426,1008,90.83,1,0,False,3.651426534122861,7.754148586058621e-277,276.11046588123867,up,True,9.479254414471932,5.827827880349071,False,False,True
KDM5D,0.7425333333333329,1009,90.82,1,0,False,3.1274189347753083,1.1380078064839941e-33,32.94385475876582,up,True,7.052645511380508,3.9252265766052,False,False,True
SCARA3,0.7420666666666664,1010,90.82,1,0,False,3.4196882832038407,1.2000363427153742e-239,238.92080560128423,up,True,8.18179444702946,4.76210616382562,False,False,True
TYRP1,0.741266666666666,1011,90.81,1,0,False,2.4006296888929834,6.060041372951314e-109,108.21752441082,up,True,4.483023819955487,2.082394131062504,False,False,True
GJB5,0.7412000000000007,1012,90.8,1,0,False,3.1945947674392623,2.734973269398238e-107,106.563046913941,up,True,3.852597524297236,0.6580027568579737,False,False,True
LGALS2,0.7405333333333343,1013,90.79,1,0,False,2.5826862456743607,2.2925933175542013e-129,128.63967297780667,up,True,4.487019989337615,1.904333743663254,False,False,True
HS6ST2,0.7405000000000002,1014,90.78,1,0,False,8.611276466369413,0.0,300.0,up,True,9.152760483727134,0.5414840173577219,False,False,True
CD8A,0.7404,1015,90.77,1,0,False,3.976501158276007,1.1123476952070784e-269,268.9537594407149,up,True,7.960092105977328,3.983590947701321,False,False,True
MAT1A,0.7400333333333335,1017,90.75,1,0,False,3.4790223663733992,4.590081469271994e-147,146.33817960610952,up,True,4.4592854266784325,0.9802630603050332,False,False,True
HAMP,0.7391000000000005,1018,90.74,1,0,False,2.5195742507387133,8.081888347577394e-130,129.0924871536912,up,True,4.079857168828775,1.5602829180900613,False,False,True
GSDMC,0.738966666666667,1019,90.73,1,0,False,5.122561937259556,6.938841931841521e-233,232.1587130057092,up,True,5.846924708553886,0.7243627712943299,False,False,True
ENPP3,0.7385333333333335,1020,90.72,1,0,False,4.688311477260738,4.000747284157221e-152,151.39785888090353,up,True,5.718413885109504,1.0301024078487662,False,False,True
C2ORF72,0.7384000000000003,1022,90.71,1,0,False,3.620063013445261,4.8842345960410025e-141,140.3112034845062,up,True,5.195956319447918,1.5758933060026568,False,False,True
TLR2,0.7383000000000003,1023,90.7,1,0,False,3.646485776073957,2.821754608701782e-287,286.54948075696035,up,True,9.53085748750306,5.884371711429103,False,False,True
TMPRSS3,0.7378999999999998,1024,90.69,1,0,False,4.553624876184374,8.600014018419314e-194,193.06550084083585,up,True,6.729919089075995,2.1762942128916207,False,False,True
TMC5,0.7378666666666662,1025,90.68,1,0,False,6.638783916205998,0.0,300.0,up,True,11.10250569252499,4.463721776318991,False,False,True
TNFRSF19,0.7378,1026,90.67,1,0,False,4.8297703265597685,0.0,300.0,up,True,8.862298277694304,4.032527951134536,False,False,True
PLEKHG4B,0.7377666666666662,1028,90.65,1,0,False,5.822983089941302,1.5110414848689235e-215,214.82072361216507,up,True,6.704151222321612,0.8811681323803103,False,False,True
LRG1,0.7374000000000006,1029,90.64,1,0,False,5.5332371374526605,0.0,300.0,up,True,9.5000182683358,3.96678113088314,False,False,True
PLA2G12B,0.7372666666666667,1030,90.63,1,0,False,3.627089578116261,8.946230137308114e-120,119.04835993401072,up,True,4.35030092862903,0.7232113505127695,False,False,True
MYO15B,0.7371666666666665,1031,90.62,1,0,False,2.35832818943742,3.448331814526744e-134,133.46239095100145,up,True,8.887664352657717,6.5293361632202975,False,False,True
TMEM163,0.7369000000000004,1032,90.62,1,0,False,4.897482821309087,2.9384850501941206e-263,262.53187651445603,up,True,8.605326146684275,3.707843325375189,False,False,True
PDIA2,0.7361333333333333,1034,90.6,1,0,False,2.080903124091912,3.494676715423837e-52,51.4565929936526,up,True,3.345418599270477,1.2645154751785652,False,False,True
ALDH3B2,0.7357999999999997,1035,90.59,1,0,False,6.400766055195122,1.34499603211068e-309,300.0,up,True,7.09167522493881,0.690909169743688,False,False,True
S100A12,0.7357333333333335,1036,90.58,1,0,False,-4.332798908738326,6.412926204594918e-242,241.1929437576068,down,True,2.544853505965304,6.877652414703629,False,False,True
SORBS2,0.7356666666666669,1037,90.57,1,0,False,5.839453076817819,0.0,300.0,up,True,8.93544256121764,3.09598948439982,False,False,True
NOS2,0.7355999999999996,1038,90.56,1,0,False,2.5548754062802894,1.8940104411831012e-143,142.7226176311745,up,True,4.280915650169949,1.7260402438896596,False,False,True
HLA-DQA2,0.7353333333333332,1039,90.55,1,0,False,4.571808863424241,4.244216350229504e-233,232.37220248591208,up,True,9.205321405149563,4.633512541725324,False,False,True
C3,0.7351333333333336,1040,90.54,1,0,False,5.864869369652835,0.0,300.0,up,True,13.87209521017627,8.007225840523434,False,False,True
FAIM2,0.7348,1041,90.53,1,0,False,3.83668587364984,4.275537251135436e-178,177.3690093053701,up,True,5.117945703774794,1.281259830124954,False,False,True
TNFSF9,0.7342000000000003,1042,90.52,1,0,False,3.229521616394821,7.273638460639766e-220,219.1382482895408,up,True,6.262051215275997,3.032529598881175,False,False,True
CA8,0.7341000000000002,1043,90.52,1,0,False,3.7442963161445055,7.788384410915516e-152,151.1085526211711,up,True,5.213139483674128,1.4688431675296227,False,False,True
CPNE7,0.7340333333333333,1044,90.51,1,0,False,4.274913618404727,9.088474239375846e-246,245.0415090194224,up,True,6.072414709178579,1.797501090773852,False,False,True
DUOXA2,0.7336666666666669,1045,90.5,1,0,False,2.7510569907278777,6.966036728543147e-123,122.15701424004696,up,True,4.115029221270231,1.3639722305423536,False,False,True
GINS2,0.733533333333334,1046,90.49,1,0,False,6.435900772832539,0.0,300.0,up,True,7.503561608492478,1.0676608356599395,False,False,True
SPC25,0.7332999999999994,1047,90.48,1,0,False,4.812168268305957,0.0,300.0,up,True,6.14997136668797,1.3378030983820133,False,False,True
ADORA1,0.7332666666666668,1048,90.47,1,0,False,5.102560276723862,4.7213654396869885e-245,244.3259323833228,up,True,6.5994702267027945,1.496909949978933,False,False,True
TESC,0.7328999999999998,1049,90.46,1,0,False,4.981817565878467,2.9460577589389794e-174,173.53075874284892,up,True,8.950268715382398,3.9684511495039314,False,False,True
CDC20B,0.732633333333334,1050,90.45,1,0,False,2.427402284961504,5.634996978581603e-72,71.24910631248135,up,True,2.936160501808163,0.5087582168466589,False,False,True
PCP4,0.7324333333333334,1051,90.44,1,0,False,4.799635644286892,1.436258077620591e-133,132.8427675157928,up,True,5.4802815797767535,0.6806459354898616,False,False,True
WNT5A,0.7324000000000002,1052,90.43,1,0,False,6.018044895325005,0.0,300.0,up,True,8.792307815304103,2.7742629199790976,False,False,True
KLK12,0.7321666666666666,1053,90.42,1,0,False,3.904939151840259,1.7887138667214211e-68,67.74745912619764,up,True,4.372472697414854,0.4675335455745948,False,False,True
GPR171,0.7320666666666665,1054,90.42,1,0,False,2.8753552272873457,7.935794892919952e-185,184.10040956540328,up,True,5.809164744045264,2.933809516757918,False,False,True
SCN4B,0.7319666666666665,1055,90.41,1,0,False,2.3033627463958286,5.568842947060952e-125,124.25423502994408,up,True,6.342644036341866,4.039281289946038,False,False,True
LGI2,0.7318666666666668,1056,90.4,1,0,False,5.722841269447519,0.0,300.0,up,True,7.344059870543771,1.6212186010962517,False,False,True
LILRA6,0.731233333333334,1057,90.39,1,0,False,2.071396818510133,8.650229862048654e-139,138.06297235190016,up,True,6.880654807255375,4.809257988745243,False,False,True
DPEP1,0.7300000000000002,1058,90.38,1,0,False,3.474523280017546,3.4097990937421373e-180,179.4672712089986,up,True,4.728749160680108,1.254225880662562,False,False,True
PPP1R3C,0.7295666666666666,1059,90.37,1,0,False,3.192094746463744,6.583921220708218e-218,217.1815153742746,up,True,7.25169358003708,4.059598833573336,False,False,True
XRCC2,0.729466666666667,1060,90.36,1,0,False,5.131125709850957,0.0,300.0,up,True,5.8556203255250745,0.724494615674118,False,False,True
KCNK15,0.729066666666667,1061,90.35,1,0,False,2.2393586805963674,1.5634352521597545e-115,114.80592009984603,up,True,4.507665606551184,2.2683069259548163,False,False,True
MST1P2,0.7286666666666668,1062,90.34,1,0,False,4.2886237537926695,6.561880774867983e-216,215.18297166472829,up,True,7.1354919682081,2.84686821441543,False,False,True
SLC17A9,0.7285666666666661,1063,90.33,1,0,False,3.893542438427004,1.4395258280659727e-248,247.84178053857616,up,True,8.107647629566571,4.214105191139567,False,False,True
CKMT1B,0.7283999999999997,1064,90.32,1,0,False,6.932552315244725,1.9096752416219406e-257,256.71904048236667,up,True,7.433436235397277,0.5008839201525526,False,False,True
HAS2,0.7283666666666676,1065,90.31,1,0,False,3.60773428957812,2.227640678566794e-232,231.6521548601324,up,True,6.20231937415105,2.59458508457293,False,False,True
CD1C,0.7274666666666676,1066,90.31,1,0,False,4.448626719245027,8.305883053705047e-227,226.0806141880213,up,True,5.871030791166003,1.4224040719209758,False,False,True
ASPHD1,0.7271666666666674,1067,90.3,1,0,False,5.127256498142992,6.775062479769716e-258,257.1690866953622,up,True,6.624966178284534,1.4977096801415424,False,False,True
MATN2,0.7270333333333332,1068,90.29,1,0,False,4.111783644824449,3.08130505855982e-262,261.5112653030817,up,True,8.13425474928095,4.022471104456502,False,False,True
GPAT2,0.7265333333333336,1069,90.28,1,0,False,4.030123929656007,1.6879431649519199e-140,139.7726421806744,up,True,5.642081906899995,1.6119579772439885,False,False,True
CD52,0.7265000000000001,1070,90.27,1,0,False,2.3797909528257613,7.130130807340764e-176,175.14690250263268,up,True,9.284042320468656,6.904251367642896,False,False,True
OSR2,0.7264333333333336,1071,90.26,1,0,False,3.723078190294447,9.11109179933768e-222,221.0404295775806,up,True,6.030895496516238,2.307817306221791,False,False,True
SCUBE2,0.7261333333333329,1072,90.25,1,0,False,5.636418104819306,7.858979984257947e-253,252.1046338173136,up,True,7.375962497741022,1.7395443929217165,False,False,True
GAL,0.7259000000000003,1073,90.24,1,0,False,2.8540633548688565,9.15986385851064e-79,78.03811098112877,up,True,3.524689852225351,0.6706264973564945,False,False,True
CTSH,0.7253333333333333,1074,90.23,1,0,False,6.451652035259664,0.0,300.0,up,True,12.74532781755924,6.293675782299576,False,False,True
APOBEC4,0.7253,1075,90.22,1,0,False,2.143077868524212,3.054262314029918e-68,67.51509366647949,up,True,3.041208642526098,0.8981307740018865,False,False,True
MAOB,0.7247999999999994,1076,90.21,1,0,False,2.0771477511068,7.644209396235526e-128,127.11666742491582,up,True,8.07035881020342,5.99321105909662,False,False,True
B3GAT1,0.7239999999999999,1077,90.21,1,0,False,4.087865035251633,4.55792986087961e-163,162.3412323621893,up,True,5.046833466028975,0.9589684307773424,False,False,True
SRPX2,0.7237666666666667,1078,90.19,1,0,False,3.922057211504554,1.3900109816484814e-248,247.85698176863045,up,True,8.55803560642419,4.635978394919635,False,False,True
PDE4C,0.7237666666666667,1078,90.19,1,0,False,3.687884668563428,1.1626334903710703e-214,213.93455717108043,up,True,6.174016876820637,2.4861322082572097,False,False,True
SLC7A4,0.7231333333333333,1080,90.18,1,0,False,3.2520710420255337,1.4637364744687591e-133,132.83453710496192,up,True,4.250059530295032,0.9979884882694986,False,False,True
CST2,0.7230000000000006,1081,90.17,1,0,False,3.2620143144440856,1.3792676891027378e-141,140.86035143750948,up,True,4.342974500361444,1.080960185917358,False,False,True
CD19,0.722966666666667,1082,90.16,1,0,False,3.834335464898329,2.305614480508697e-171,170.63721330891676,up,True,5.280336491088576,1.446001026190247,False,False,True
ABCA13,0.7227666666666672,1083,90.15,1,0,False,5.307577268723636,5.9691266928216575e-208,207.2240892032478,up,True,6.265605520242174,0.9580282515185378,False,False,True
MDFI,0.7226666666666667,1084,90.14,1,0,False,3.889770774859597,4.012633471862078e-281,280.396570508449,up,True,8.422688517189817,4.532917742330221,False,False,True
HSD17B2,0.7226,1085,90.13,1,0,False,3.840157112836104,1.4234756255706848e-125,124.84664996495592,up,True,4.460780459273024,0.6206233464369204,False,False,True
INHA,0.7221000000000004,1086,90.12,1,0,False,2.9493509582075204,4.1183741388281957e-75,74.38527420190262,up,True,4.328280303579144,1.3789293453716234,False,False,True
CX3CR1,0.7220999999999999,1087,90.11,1,0,False,4.379606305777166,8.820440230149139e-256,255.0545097385923,up,True,5.969239440301017,1.5896331345238504,False,False,True
ANKRD36BP2,0.7220000000000002,1088,90.11,1,0,False,4.809620622088214,4.5913140294447945e-227,226.3380630020301,up,True,5.721400463640208,0.9117798415519948,False,False,True
EPPK1,0.7218333333333332,1089,90.1,1,0,False,7.933493921435471,0.0,300.0,up,True,8.841450839323244,0.9079569178877728,False,False,True
CYP26B1,0.7210666666666665,1090,90.09,1,0,False,4.019651321147847,4.0603378143670868e-289,288.3914378322326,up,True,6.355441504636483,2.335790183488636,False,False,True
TNFSF10,0.7206000000000001,1091,90.08,1,0,False,3.5889593560124435,5.1027787935035955e-289,288.29219325801364,up,True,11.016954067736275,7.427994711723832,False,False,True
PHACTR3,0.7202999999999998,1092,90.07,1,0,False,2.702296371071647,4.026411239871634e-82,81.39508187026057,up,True,6.071421858808592,3.369125487736945,False,False,True
KLHDC7A,0.720166666666667,1093,90.06,1,0,False,6.29012172922733,2.944027658261691e-305,300.0,up,True,7.225548800884278,0.9354270716569476,False,False,True
SLC27A2,0.720033333333333,1094,90.05,1,0,False,5.782759763385053,0.0,300.0,up,True,7.604570023945206,1.8218102605601525,False,False,True
TMEM158,0.719733333333333,1095,90.04,1,0,False,3.806332020945048,9.167286008390022e-248,247.0377592189687,up,True,5.741452362276774,1.9351203413317253,False,False,True
GALNT13,0.7197000000000001,1096,90.03,1,0,False,3.1462878854355587,1.4804596706704798e-125,124.82960341876696,up,True,4.315226305253065,1.168938419817506,False,False,True
ZFY,0.7195000000000003,1097,90.02,1,0,False,3.2634849191247164,7.76600038684142e-51,50.10980259215682,up,True,5.3667695871501415,2.103284668025425,False,False,True
COL5A1,0.7194000000000004,1098,90.01,1,0,False,6.438765294116849,0.0,300.0,up,True,12.16385799381222,5.725092699695371,False,False,True
SLCO1A2,0.7190666666666665,1100,90.0,1,0,False,2.2462883580595987,3.1454195168103444e-60,59.5023214228148,up,True,2.9224615025671445,0.6761731445075456,False,False,True
NPNT,0.7189666666666666,1101,89.99,1,0,False,2.701925534161292,3.765813634805069e-165,164.42414117645384,up,True,9.987478589498432,7.285553055337141,False,False,True
SLC1A7,0.7189333333333336,1102,89.98,1,0,False,4.203706658704999,1.0741930171312819e-118,117.96891767511376,up,True,6.320737990087853,2.1170313313828544,False,False,True
PLEKHA6,0.7187333333333336,1103,89.97,1,0,False,7.2674091843635455,0.0,300.0,up,True,9.731535042706156,2.464125858342611,False,False,True
BIRC3,0.718633333333333,1104,89.96,1,0,False,4.899095538653958,0.0,300.0,up,True,9.80971850244616,4.910622963792202,False,False,True
TMEM63C,0.7171333333333337,1105,89.95,1,0,False,5.908656074272825,4.32445867543875e-219,218.3640682486578,up,True,6.574238607008346,0.6655825327355215,False,False,True
RECQL4,0.7171000000000007,1106,89.94,1,0,False,5.85106649128988,0.0,300.0,up,True,8.371660674788012,2.520594183498132,False,False,True
SYTL5,0.7167999999999995,1107,89.93,1,0,False,4.693042117689938,3.262998088180073e-204,203.4863831806691,up,True,5.528986358086411,0.835944240396473,False,False,True
EGFL6,0.7165,1108,89.92,1,0,False,2.504395839619299,3.855929915280583e-200,199.4138708683593,up,True,7.9993673120305635,5.494971472411264,False,False,True
IGFBP5,0.7163999999999999,1109,89.91,1,0,False,5.2574138022291,0.0,300.0,up,True,12.545026710105551,7.2876129078764516,False,False,True
NR1D1,0.7158666666666669,1110,89.91,1,0,False,2.3572049078673425,1.240474470838083e-167,166.90641216914932,up,True,8.635365827412055,6.278160919544713,False,False,True
VCAM1,0.715766666666667,1111,89.9,1,0,False,4.972625420514222,1.6786559062973026e-307,300.0,up,True,9.278970638436776,4.306345217922554,False,False,True
HAPLN1,0.7152666666666666,1112,89.89,1,0,False,3.313208459095769,6.437758429069148e-143,142.19126532384342,up,True,3.912083531691721,0.5988750725959522,False,False,True
SERPINF2,0.7144666666666676,1113,89.88,1,0,False,3.6852326997444127,8.329661678810214e-219,218.07937263773,up,True,7.988731264243996,4.303498564499583,False,False,True
LINC01002,0.7142999999999999,1114,89.87,1,0,False,5.768312874411613,0.0,300.0,up,True,6.713884607648917,0.945571733237304,False,False,True
AHCYL2,0.7136333333333335,1115,89.86,1,0,False,6.380270917895574,0.0,300.0,up,True,11.234211312723325,4.853940394827751,False,False,True
CCNO,0.7134000000000004,1116,89.85,1,0,False,5.00200579634053,1.73893284428803e-298,297.7597171896582,up,True,6.828592672399564,1.8265868760590336,False,False,True
GALNT5,0.7125666666666668,1117,89.84,1,0,False,5.1799528250160485,2.7562860251979712e-294,293.5596757168371,up,True,7.992864573282529,2.8129117482664805,False,False,True
CDC25C,0.7117333333333338,1118,89.83,1,0,False,5.323060153994277,0.0,300.0,up,True,5.894509441952793,0.5714492879585162,False,False,True
SLC16A1,0.7116333333333332,1119,89.82,1,0,False,5.144434649558855,0.0,300.0,up,True,8.249876396989654,3.1054417474307985,False,False,True
TM4SF18,0.7115333333333331,1120,89.81,1,0,False,3.132959165735952,6.48241950400326e-220,219.18826286741387,up,True,5.814435993200646,2.6814768274646936,False,False,True
STC2,0.7113000000000006,1121,89.81,1,0,False,3.759211361364759,1.0362468046225477e-237,236.9845367956329,up,True,7.948400372401378,4.1891890110366194,False,False,True
LTB,0.7112999999999995,1122,89.8,1,0,False,4.0124540823678,7.486396223826459e-280,279.12572719121204,up,True,8.012309595084037,3.999855512716237,False,False,True
SH3RF2,0.7106333333333332,1124,89.78,1,0,False,4.655445968385883,2.8980307008164418e-208,207.53789701806272,up,True,7.024085930826093,2.36863996244021,False,False,True
NCKAP5,0.7102666666666664,1125,89.77,1,0,False,2.625041091182591,5.104575593535318e-127,126.29204036034452,up,True,5.513736563479045,2.888695472296454,False,False,True
TNFAIP2,0.7101666666666668,1126,89.76,1,0,False,3.1934286697781937,8.206807263973462e-248,247.0858257658184,up,True,11.005016678792062,7.811588009013868,False,False,True
GOLGA8B,0.7098666666666664,1128,89.74,1,0,False,3.240839869067128,5.716568024254658e-192,191.2428646242577,up,True,8.575275123393592,5.334435254326464,False,False,True
LINC01089,0.7095000000000001,1129,89.73,1,0,False,2.1314487033827376,1.221981394359553e-165,164.91293540652268,up,True,7.33455276609489,5.2031040627121525,False,False,True
MLXIPL,0.7091999999999999,1130,89.72,1,0,False,2.25080110168492,1.4845545763832883e-105,104.82840383189318,up,True,4.810017243788481,2.559216142103561,False,False,True
BHLHA15,0.7091999999999998,1131,89.71,1,0,False,2.9227773900159386,5.411845882698005e-171,170.26665457963665,up,True,4.421553302911403,1.498775912895464,False,False,True
DUSP2,0.7088666666666673,1134,89.69,1,0,False,2.358087119341163,1.856923777270296e-164,163.73120592274935,up,True,7.297653695521447,4.939566576180284,False,False,True
GPA33,0.7081666666666665,1135,89.68,1,0,False,2.699759664679422,1.3960207432471506e-128,127.85510812855324,up,True,4.106767884874905,1.4070082201954837,False,False,True
TDO2,0.7080333333333331,1136,89.67,1,0,False,4.1039278510856905,7.775084926602533e-248,247.1092948585129,up,True,6.032360849588504,1.9284329985028128,False,False,True
SLC1A1,0.7077666666666667,1137,89.66,1,0,False,3.590972606733612,3.1200401895800602e-223,222.50583981175063,up,True,7.924981450638501,4.33400884390489,False,False,True
FAM167A,0.7077666666666667,1137,89.66,1,0,False,3.682459224665488,2.543090552329585e-203,202.59463817553925,up,True,7.226237428701292,3.543778204035804,False,False,True
NXPH4,0.7076666666666668,1139,89.64,1,0,False,4.503573843514855,4.627281758662671e-193,192.3346740551777,up,True,5.154807369115352,0.6512335256004966,False,False,True
CD209,0.7072666666666667,1140,89.63,1,0,False,4.5774985804797055,0.0,300.0,up,True,7.170302290916329,2.592803710436623,False,False,True
SPEG,0.7070666666666668,1141,89.62,1,0,False,3.3944832648718624,8.713084079812746e-185,184.05982809507617,up,True,6.510633059180782,3.11614979430892,False,False,True
CLDN9,0.7070666666666667,1142,89.61,1,0,False,4.125929157505371,3.911869147459479e-180,179.40761568084935,up,True,6.038254250639909,1.9123250931345384,False,False,True
COLEC11,0.7067333333333335,1144,89.6,1,0,False,2.5607903030099246,1.2291460838624208e-142,141.91039649819973,up,True,4.325181231730746,1.7643909287208217,False,False,True
TBX1,0.706633333333334,1145,89.59,1,0,False,2.6266046333694946,2.5155233370719447e-123,122.5993716492726,up,True,5.704662183022435,3.0780575496529408,False,False,True
PCDH7,0.7065666666666668,1146,89.58,1,0,False,6.439078959569918,0.0,300.0,up,True,8.177606960880327,1.738528001310409,False,False,True
PRAP1,0.7065666666666665,1147,89.57,1,0,False,2.028329602796186,5.1101372160656135e-37,36.29156743814708,up,True,2.7528072111748,0.7244776083786141,False,False,True
ITIH5,0.7060000000000002,1148,89.56,1,0,False,3.3621267109934774,1.2788674260787792e-193,192.89317447436937,up,True,7.688711468768145,4.3265847577746674,False,False,True
PARM1,0.7058666666666663,1149,89.55,1,0,False,5.928188923976846,0.0,300.0,up,True,11.398784009444515,5.470595085467672,False,False,True
SYT1,0.7057999999999993,1150,89.54,1,0,False,5.342062333645617,5.059936850743747e-229,228.2958549032283,up,True,6.1416036710358375,0.79954133739022,False,False,True
VANGL2,0.7057,1151,89.53,1,0,False,4.59217601019648,5.168818558793732e-258,257.2866087126181,up,True,8.244405471389712,3.652229461193232,False,False,True
BLK,0.7056666666666664,1152,89.52,1,0,False,3.4405598323033058,4.579006173520043e-159,158.33922877094622,up,True,4.840542764758384,1.3999829324550783,False,False,True
UTY,0.7056333333333336,1153,89.51,1,0,False,3.9587534721887634,4.841473868563135e-67,66.31502240787134,up,True,6.515826132280564,2.557072660091801,False,False,True
LAMB3,0.7051666666666667,1154,89.5,1,0,False,7.322927478360024,0.0,300.0,up,True,12.581663426383027,5.258735948023003,False,False,True
SBK1,0.7049666666666665,1155,89.5,1,0,False,7.383312192559101,0.0,300.0,up,True,8.82191403530625,1.4386018427471488,False,False,True
NTN1,0.7048999999999999,1156,89.49,1,0,False,4.34999961561684,6.253944615044767e-261,260.2038459691895,up,True,7.586988238487242,3.2369886228704026,False,False,True
IER5L,0.7048666666666666,1157,89.48,1,0,False,3.8734859423868313,0.0,300.0,up,True,8.325399080877238,4.451913138490407,False,False,True
CXCL12,0.7045666666666668,1158,89.47,1,0,False,4.061103036359587,3.765528492165722e-306,300.0,up,True,9.190227934588965,5.129124898229378,False,False,True
KIAA0408,0.7043333333333343,1159,89.46,1,0,False,2.538206192630806,4.1546300870818e-82,81.38146763813519,up,True,5.864104337017973,3.3258981443871667,False,False,True
RTKN2,0.7042333333333329,1160,89.45,1,0,False,3.823313160034437,1.2715977177185193e-251,250.8956502602344,up,True,7.756429601161544,3.933116441127107,False,False,True
C9ORF152,0.7041,1161,89.44,1,0,False,5.489349007305044,5.768585458746035e-296,295.2389306691278,up,True,8.309217991680912,2.819868984375867,False,False,True
GPRC5C,0.7039999999999998,1162,89.43,1,0,False,6.224995219366771,0.0,300.0,up,True,10.42046955123767,4.195474331870899,False,False,True
SLC47A1,0.7029333333333332,1163,89.42,1,0,False,4.713975286445625,1.139856756606578e-261,260.94314972210566,up,True,7.328062443711395,2.61408715726577,False,False,True
BCL2L15,0.7029,1164,89.41,1,0,False,6.656517123392433,2.852297811756464e-300,299.544805131257,up,True,7.528512743656893,0.8719956202644606,False,False,True
HLA-DOB,0.7027666666666669,1165,89.4,1,0,False,3.925512839731169,1.2071990420489221e-275,274.9182211178589,up,True,7.1378745242023,3.212361684471132,False,False,True
LILRB5,0.7016666666666663,1166,89.4,1,0,False,2.305548354870428,5.014607948007663e-137,136.29976301532005,up,True,6.398981072488894,4.093432717618466,False,False,True
ITM2A,0.7011999999999997,1168,89.38,1,0,False,2.2880865307439286,3.592809478874844e-191,190.44456581214885,up,True,8.130153462243676,5.842066931499748,False,False,True
SLC4A11,0.7011666666666662,1169,89.37,1,0,False,4.6165652860184565,9.090241572037422e-228,227.04142457530293,up,True,6.83291016713182,2.2163448811133644,False,False,True
FOLR2,0.7011333333333339,1170,89.36,1,0,False,3.406685987513253,6.330027769020914e-228,227.1985943847842,up,True,8.229889942275156,4.823203954761903,False,False,True
COL3A1,0.7006000000000007,1171,89.35,1,0,False,6.69431338990082,0.0,300.0,up,True,14.823758095639452,8.129444705738631,False,False,True
KLRG2,0.6999666666666667,1172,89.34,1,0,False,2.320024525797852,1.2890084415137688e-106,105.88974423851096,up,True,3.987330373589671,1.6673058477918197,False,False,True
GTSF1,0.6997999999999998,1173,89.33,1,0,False,2.4422459811836634,7.3083653178379475e-84,83.13617975202068,up,True,3.1005798631533663,0.6583338819697029,False,False,True
FOXJ1,0.6993000000000006,1174,89.32,1,0,False,5.3523858867416525,7.09016993250449e-249,248.14934335580924,up,True,8.8577096088261,3.5053237220844484,False,False,True
TXNRD1,0.6991999999999996,1175,89.31,1,0,False,5.860669913927734,0.0,300.0,up,True,12.255076078019496,6.394406164091763,False,False,True
RCN3,0.6986333333333332,1176,89.3,1,0,False,3.136115043344592,2.167939737333865e-231,230.6639527941388,up,True,9.244121258821805,6.108006215477211,False,False,True
NTNG2,0.6986000000000006,1177,89.3,1,0,False,2.332746730875826,8.228177178778289e-135,134.0846963651376,up,True,4.828711494200266,2.49596476332444,False,False,True
ZNF683,0.6985666666666672,1178,89.29,1,0,False,4.054262375483752,7.946271557935589e-222,221.0998365973353,up,True,5.246017283366339,1.191754907882587,False,False,True
B3GNT7,0.6985666666666661,1179,89.28,1,0,False,6.675914449002228,0.0,300.0,up,True,10.381493682138217,3.705579233135989,False,False,True
SCN1A,0.6983999999999998,1180,89.27,1,0,False,3.370380554150987,1.9245513794465922e-143,142.7156704901229,up,True,4.634941860590849,1.264561306439862,False,False,True
BHMT2,0.6980333333333333,1181,89.26,1,0,False,3.17685365736632,1.4665813972569502e-91,90.83369382808164,up,True,6.087196959592088,2.910343302225768,False,False,True
XIRP1,0.6975999999999996,1182,89.25,1,0,False,2.9120084944899443,7.36524392318895e-156,155.13281286555716,up,True,3.977664490241411,1.0656559957514666,False,False,True
GGH,0.6975666666666666,1183,89.24,1,0,False,5.586325454952739,0.0,300.0,up,True,8.491849718152066,2.905524263199327,False,False,True
DCLK1,0.6975666666666666,1183,89.24,1,0,False,6.091389202268975,0.0,300.0,up,True,7.789635134410895,1.6982459321419203,False,False,True
SIX2,0.6973333333333332,1185,89.22,1,0,False,4.81700425324806,3.318388552142299e-181,180.47907276352817,up,True,5.428121119355138,0.6111168661070789,False,False,True
SELL,0.6972333333333334,1186,89.21,1,0,False,3.26648590773308,4.40146457602143e-224,223.3564027890935,up,True,8.265100065111909,4.998614157378829,False,False,True
DKK2,0.6965666666666673,1188,89.2,1,0,False,3.078726736018936,4.5271934212411e-224,223.3441709501738,up,True,5.882625328196034,2.803898592177098,False,False,True
CACNA1I,0.6963666666666665,1189,89.19,1,0,False,2.982162765078882,1.2795248491501648e-141,140.89295127543213,up,True,4.01999580260696,1.0378330375280789,False,False,True
ECT2L,0.6961000000000003,1190,89.18,1,0,False,2.634873300611013,3.1417342125954952e-130,129.50283055859765,up,True,3.758229489936879,1.1233561893258657,False,False,True
RHOBTB2,0.6954666666666672,1191,89.17,1,0,False,4.889284766391793,0.0,300.0,up,True,11.017830279997016,6.128545513605223,False,False,True
PCDH20,0.6951333333333337,1192,89.16,1,0,False,5.1687540843645845,1.0480651578606577e-203,202.97961171657013,up,True,6.539921886916497,1.3711678025519127,False,False,True
HELLS,0.6950999999999999,1193,89.15,1,0,False,5.493580702923117,0.0,300.0,up,True,6.715316607120897,1.2217359041977804,False,False,True
MAOA,0.6948999999999999,1194,89.14,1,0,False,4.289178934964104,1.327258316390568e-280,279.8770445447578,up,True,10.92663706480043,6.637458129836325,False,False,True
FKBP5,0.6947333333333334,1195,89.13,1,0,False,4.791770886257955,0.0,300.0,up,True,10.734936097697116,5.943165211439163,False,False,True
GSTT2,0.6944000000000006,1196,89.12,1,0,False,5.5713582929024295,0.0,300.0,up,True,6.363087290315601,0.791728997413172,False,False,True
TGFB2,0.6943666666666665,1197,89.11,1,0,False,4.838831655456588,1.52805561283456e-298,297.81586083953806,up,True,8.094037573900902,3.255205918444314,False,False,True
SYT13,0.6941333333333334,1198,89.1,1,0,False,4.91333645759226,6.067979985122686e-118,117.21695586037792,up,True,5.379123106369314,0.4657866487770535,False,False,True
PLA2G2D,0.6939333333333327,1199,89.1,1,0,False,5.998910366407904,2.4667399518436743e-253,252.60787663220145,up,True,6.512602028081926,0.5136916616740217,False,False,True
SELENBP1,0.6938666666666674,1200,89.09,1,0,False,3.755244164582757,5.732359564811525e-241,240.2416665761052,up,True,11.357536151786697,7.60229198720394,False,False,True
CD22,0.6935333333333338,1201,89.08,1,0,False,3.638857713657541,2.256778798118967e-213,212.6465110069232,up,True,6.772308638919228,3.133450925261687,False,False,True
ALPK3,0.6935333333333337,1202,89.07,1,0,False,5.578050936439463,7.822916732914675e-302,300.0,up,True,9.396218920503443,3.818167984063982,False,False,True
ANKRD45,0.6928666666666663,1204,89.05,1,0,False,3.8264765288653058,1.9239662736679984e-190,189.71580254523388,up,True,4.839033006340701,1.0125564774753952,False,False,True
GZMK,0.6927666666666664,1205,89.04,1,0,False,4.179850203774672,3.0274155226817897e-255,254.5189279666143,up,True,6.602725006528232,2.4228748027535603,False,False,True
VEPH1,0.6926666666666667,1206,89.03,1,0,False,3.0773281224623044,3.757961332290612e-135,134.4250476929048,up,True,6.523221003683362,3.445892881221058,False,False,True
NNMT,0.6926000000000004,1207,89.02,1,0,False,4.061211814769643,9.608750447911978e-304,300.0,up,True,11.29481973365504,7.233607918885396,False,False,True
KCNS1,0.6925666666666672,1208,89.01,1,0,False,2.465170590474787,2.148208269585181e-98,97.66792361592088,up,True,3.735513129433797,1.27034253895901,False,False,True
SFN,0.6924333333333333,1209,89.0,1,0,False,5.269968452902431,0.0,300.0,up,True,11.512898109413385,6.242929656510952,False,False,True
RGS16,0.6924000000000002,1210,89.0,1,0,False,3.67354698360846,5.300453771943903e-293,292.2756869488491,up,True,9.065089854885365,5.391542871276903,False,False,True
GBP4,0.6919666666666664,1211,88.99,1,0,False,4.411862383882638,0.0,300.0,up,True,9.84730878642953,5.435446402546892,False,False,True
TRIL,0.6913666666666669,1212,88.98,1,0,False,5.226036407620791,0.0,300.0,up,True,7.196946491703947,1.9709100840831568,False,False,True
LIPG,0.6910999999999998,1213,88.97,1,0,False,4.788899856768362,0.0,300.0,up,True,7.008877671821939,2.2199778150535776,False,False,True
SULT2B1,0.6909666666666672,1214,88.96,1,0,False,3.6924328080297593,7.724513888105505e-204,203.11212884165795,up,True,7.207881005346988,3.515448197317229,False,False,True
COL25A1,0.6909666666666664,1215,88.95,1,0,False,2.970998288701637,2.3382457528225902e-67,66.63110984583206,up,True,3.5524852951192325,0.581487006417595,False,False,True
SLC44A5,0.6906333333333333,1216,88.94,1,0,False,5.816523780369726,1.6847176743012438e-203,202.77347286794767,up,True,6.274465185315896,0.4579414049461697,False,False,True
ZFP57,0.6906333333333332,1217,88.93,1,0,False,2.350165215736729,9.366260769161364e-86,85.02843375504942,up,True,3.49090932378809,1.1407441080513607,False,False,True
GEM,0.6905666666666672,1218,88.92,1,0,False,3.757967003073931,5.437136786751942e-265,264.26462974093903,up,True,9.473950911480324,5.715983908406393,False,False,True
APOE,0.6904666666666669,1219,88.91,1,0,False,3.940216077768904,8.146004474145764e-286,285.08905535571625,up,True,12.192198387588174,8.25198230981927,False,False,True
STOX1,0.6903666666666667,1220,88.9,1,0,False,5.193567648074514,0.0,300.0,up,True,6.388480758432656,1.194913110358142,False,False,True
MAPK8IP1P2,0.6898333333333337,1221,88.89,1,0,False,2.7106841349283224,1.8771812942295207e-124,123.72649378210356,up,True,3.913548094946669,1.202863960018347,False,False,True
CAPN5,0.6895333333333331,1222,88.89,1,0,False,6.038245183497367,0.0,300.0,up,True,9.597663047084977,3.559417863587608,False,False,True
TMEM176A,0.6894000000000006,1223,88.88,1,0,False,3.5206395118180485,1.6825308896542994e-277,276.7740369538004,up,True,10.039739605535576,6.519100093717526,False,False,True
NUPR2,0.6891000000000004,1224,88.87,1,0,False,2.0927940522436854,6.82009193864137e-53,52.16620977077233,up,True,3.646132333096915,1.5533382808532294,False,False,True
LONRF2,0.6890999999999997,1225,88.86,1,0,False,5.31198893770135,2.724480872946655e-258,257.56471623668733,up,True,7.489445114380054,2.177456176678704,False,False,True
DNALI1,0.6889333333333325,1226,88.85,1,0,False,4.76210029517385,1.3705556547777179e-294,293.8631033241726,up,True,8.620448389346933,3.858348094173083,False,False,True
NDUFA4L2,0.6889000000000003,1227,88.84,1,0,False,2.587542627527995,7.554492779826448e-170,169.12179468954037,up,True,8.310738975294164,5.723196347766169,False,False,True
CBX2,0.6881666666666667,1228,88.83,1,0,False,6.321131753178378,0.0,300.0,up,True,7.834746853973565,1.5136151007951872,False,False,True
PDGFRL,0.6873333333333339,1229,88.82,1,0,False,5.2283272727833054,0.0,300.0,up,True,8.065525602824,2.837198330040694,False,False,True
BEX2,0.6872333333333337,1230,88.81,1,0,False,3.242572619601913,4.2424685617984416e-179,178.372381367275,up,True,7.372441977512689,4.129869357910776,False,False,True
EPHB2,0.6871000000000003,1231,88.8,1,0,False,7.635097348014136,0.0,300.0,up,True,9.03604241225204,1.4009450642379029,False,False,True
FNDC4,0.6870333333333337,1232,88.79,1,0,False,3.865270899812136,9.298259000701436e-253,252.03159836081923,up,True,7.363153269870199,3.4978823700580626,False,False,True
IER3,0.6869999999999993,1233,88.79,1,0,False,3.8381834872792826,2.845481728592526e-268,267.54584419873845,up,True,10.809355059071528,6.971171571792246,False,False,True
GPR68,0.6867666666666664,1234,88.78,1,0,False,4.564012466914578,0.0,300.0,up,True,7.856757556395792,3.2927450894812145,False,False,True
WNT10A,0.6866333333333329,1235,88.77,1,0,False,5.133875212526905,2.220881377988354e-246,245.6534746374267,up,True,5.891916948264731,0.7580417357378254,False,False,True
MT1F,0.6865999999999995,1236,88.76,1,0,False,3.078965334970562,1.9091557834468235e-248,247.71915863256444,up,True,6.826497960782077,3.747532625811514,False,False,True
ABCC6,0.686433333333333,1237,88.75,1,0,False,5.295034047436701,0.0,300.0,up,True,8.224505087633316,2.929471040196615,False,False,True
RASAL1,0.6863666666666667,1238,88.74,1,0,False,6.155510211023873,0.0,300.0,up,True,6.7861993262473,0.6306891152234276,False,False,True
IL20RA,0.6863333333333334,1239,88.73,1,0,False,4.461139872635815,5.5524833246245136e-245,244.25551273706304,up,True,6.721453034812132,2.2603131621763173,False,False,True
GPRIN2,0.6861666666666664,1240,88.72,1,0,False,3.718794884752689,2.4168803578934947e-220,219.61674484781028,up,True,7.795384294837728,4.076589410085039,False,False,True
AFAP1-AS1,0.6860333333333336,1241,88.71,1,0,False,8.556758556179325,2.176829907772559e-242,241.66217550435428,up,True,9.077192007883337,0.5204334517040125,False,False,True
IYD,0.6858,1242,88.7,1,0,False,5.743439225297287,5.86692699284679e-211,210.23158931604496,up,True,6.360033084757887,0.6165938594606002,False,False,True
DIRAS1,0.6850333333333337,1244,88.69,1,0,False,5.123898792888857,1.744995987622192e-233,232.758205567304,up,True,6.1016756678736765,0.9777768749848192,False,False,True
LRRC4,0.6850333333333328,1245,88.68,1,0,False,4.542660365667095,2.7299811727086227e-271,270.563840348057,up,True,6.728911428339842,2.186251062672747,False,False,True
GBP1,0.6848000000000005,1246,88.67,1,0,False,4.33503786315306,0.0,300.0,up,True,10.275560388050494,5.940522524897434,False,False,True
EDA2R,0.6847666666666665,1247,88.66,1,0,False,2.976052404921902,3.0307330899104355e-160,159.51845230932133,up,True,5.17446561554446,2.1984132106225585,False,False,True
C4ORF19,0.6843666666666662,1248,88.65,1,0,False,5.091891014872864,1.721965015220305e-238,237.763975676257,up,True,6.866555336364549,1.7746643214916848,False,False,True
TMTC1,0.6842999999999995,1249,88.64,1,0,False,3.423659385875874,9.007053885458746e-217,216.04541723904515,up,True,7.37973509562355,3.956075709747676,False,False,True
TREM2,0.6840333333333336,1250,88.63,1,0,False,4.242132589021448,1.891649122628947e-305,300.0,up,True,8.505722491586628,4.26358990256518,False,False,True
BAIAP3,0.6839999999999997,1251,88.62,1,0,False,4.378087262126588,6.597736002801827e-271,270.180605065999,up,True,7.899665096479713,3.5215778343531245,False,False,True
CDHR3,0.6837333333333335,1252,88.61,1,0,False,3.0686933093358624,3.415744171035032e-85,84.46651466411546,up,True,5.75431519902465,2.685621889688788,False,False,True
PLEKHB1,0.6836333333333331,1253,88.6,1,0,False,5.758919120299435,0.0,300.0,up,True,9.229219195218064,3.470300074918628,False,False,True
CYP2S1,0.6834333333333329,1254,88.59,1,0,False,4.825581933361205,6.360916451975118e-284,283.1964803086656,up,True,8.325939694028207,3.5003577606670024,False,False,True
FREM2,0.6829666666666668,1255,88.59,1,0,False,6.2528812223944366,3.7771498002020505e-279,278.42283579089104,up,True,7.4662691486000945,1.213387926205658,False,False,True
SPHK1,0.6824000000000002,1256,88.58,1,0,False,2.671124910790314,1.5849895391471077e-185,184.79997359975897,up,True,7.672739204039228,5.001614293248914,False,False,True
ARX,0.6823999999999996,1257,88.57,1,0,False,3.865267424332076,5.416868932353086e-142,141.26625167256205,up,True,4.424846532346365,0.5595791080142893,False,False,True
MALL,0.682033333333333,1258,88.56,1,0,False,10.182874676437244,0.0,300.0,up,True,12.336856716567768,2.1539820401305243,False,False,True
SSC5D,0.6819999999999997,1259,88.55,1,0,False,4.710749419302687,0.0,300.0,up,True,8.568798537720248,3.858049118417562,False,False,True
CNTN1,0.6816666666666665,1261,88.53,1,0,False,3.331622290136892,7.968289890177752e-123,122.09863487445703,up,True,4.871867549761512,1.5402452596246197,False,False,True
HOXD9,0.6816000000000002,1262,88.52,1,0,False,2.9435910575399715,1.829631161914484e-138,137.73763645152098,up,True,4.184578455703959,1.2409873981639874,False,False,True
FRAS1,0.6814333333333334,1263,88.51,1,0,False,4.809085672776862,2.7287819077397004e-266,265.56403117303296,up,True,7.4701486145599425,2.66106294178308,False,False,True
NPW,0.6812666666666666,1264,88.5,1,0,False,3.267511227049666,4.2907864056025813e-110,109.36746310401242,up,True,3.853843889495022,0.586332662445356,False,False,True
GRHL1,0.6806666666666663,1265,88.49,1,0,False,5.510764909321599,0.0,300.0,up,True,8.46787530075382,2.9571103914322205,False,False,True
CXCR6,0.6804333333333331,1266,88.49,1,0,False,4.928919499450365,0.0,300.0,up,True,7.065272580479933,2.136353081029568,False,False,True
RASL10B,0.6801333333333333,1267,88.48,1,0,False,3.6151079832042425,6.28405220938799e-225,224.2017602153961,up,True,5.25552400048493,1.6404160172806872,False,False,True
SIGLEC1,0.6799333333333331,1268,88.47,1,0,False,4.317188051340163,4.240690991457284e-301,300.0,up,True,8.86012146066242,4.542933409322257,False,False,True
FGF7,0.679833333333333,1269,88.46,1,0,False,2.645439932338453,4.852531817621699e-182,181.31403160829976,up,True,7.446561984481963,4.801122052143509,False,False,True
VASN,0.6797000000000004,1270,88.45,1,0,False,2.927343607766213,1.708084903051903e-244,243.76749054581884,up,True,9.450230813589002,6.522887205822789,False,False,True
JSRP1,0.6796999999999994,1271,88.44,1,0,False,4.333807569103012,1.9601391776627091e-193,192.70771309091649,up,True,5.351450714009746,1.017643144906734,False,False,True
LILRB4,0.6795999999999999,1272,88.43,1,0,False,5.3681884227186805,0.0,300.0,up,True,8.790377600543225,3.422189177824545,False,False,True
TNFRSF12A,0.6795999999999999,1272,88.43,1,0,False,3.76020881984699,2.6987999151974235e-304,300.0,up,True,10.451964100589787,6.691755280742798,False,False,True
PCDHAC2,0.6795000000000003,1274,88.41,1,0,False,5.381499914621839,4.483135603136657e-271,270.3484181246624,up,True,6.388362697072348,1.0068627824505083,False,False,True
GLI1,0.6793666666666667,1275,88.4,1,0,False,2.760400929567038,1.6077570863495323e-174,173.7937795675448,up,True,4.698790650585286,1.938389721018248,False,False,True
LILRB2,0.6789000000000003,1276,88.39,1,0,False,2.1371221649518013,1.2864847483934806e-157,156.89059535809554,up,True,7.564200509703528,5.427078344751727,False,False,True
KCTD14,0.6781999999999998,1278,88.38,1,0,False,5.092174672036128,0.0,300.0,up,True,7.831773686428946,2.7395990143928173,False,False,True
FLRT2,0.6777000000000001,1279,88.37,1,0,False,6.255773277544303,0.0,300.0,up,True,7.3762427806913555,1.120469503147053,False,False,True
HAL,0.677633333333334,1280,88.36,1,0,False,3.2788884275245818,2.9083031929597003e-119,118.53636031990187,up,True,5.535324733461933,2.256436305937352,False,False,True
CERKL,0.6774333333333333,1282,88.34,1,0,False,6.196816708724903,0.0,300.0,up,True,7.139473607868735,0.9426568991438318,False,False,True
PLOD2,0.6766666666666665,1283,88.33,1,0,False,6.550534915040618,0.0,300.0,up,True,10.683349363996086,4.132814448955468,False,False,True
TRIM16L,0.6764,1284,88.32,1,0,False,5.952562664294613,0.0,300.0,up,True,7.555227003967789,1.602664339673176,False,False,True
IRX5,0.6758333333333335,1285,88.31,1,0,False,5.287507381990739,4.9929383524093816e-279,278.3016437961267,up,True,7.6944544945593,2.4069471125685613,False,False,True
CADM1,0.6752666666666667,1286,88.3,1,0,False,5.979353792326179,0.0,300.0,up,True,10.391299623240348,4.411945830914168,False,False,True
MFSD4A-AS1,0.6751666666666666,1287,88.29,1,0,False,4.195975928736238,1.005496367920041e-177,176.99761949383415,up,True,5.070127439490132,0.8741515107538941,False,False,True
GREB1,0.6750666666666668,1288,88.29,1,0,False,5.57096878256345,1.2161760527976467e-293,292.915003552346,up,True,6.612854016016038,1.0418852334525874,False,False,True
FGF11,0.6746333333333332,1289,88.28,1,0,False,5.93963147384045,0.0,300.0,up,True,7.257854324084914,1.3182228502444633,False,False,True
SUSD5,0.6744333333333331,1290,88.27,1,0,False,3.997607776752096,1.746963829872784e-274,273.7577160868026,up,True,5.904424912733607,1.9068171359815105,False,False,True
B3GNT8,0.6743333333333333,1291,88.26,1,0,False,4.004674113475342,2.9109934810367365e-255,254.53595876713177,up,True,8.034153302186303,4.029479188710961,False,False,True
NGF,0.6737333333333339,1292,88.25,1,0,False,3.059607832636904,5.08858955454897e-136,135.29340257789136,up,True,4.019907525343365,0.9602996927064612,False,False,True
MYO1G,0.6731666666666666,1293,88.24,1,0,False,3.7270706270001392,2.6844428792267983e-230,229.57114583271417,up,True,9.101698730252604,5.374628103252465,False,False,True
MRAP2,0.6728000000000002,1294,88.23,1,0,False,2.263389397731438,8.356984903776355e-97,96.07795038235032,up,True,3.48897895605036,1.2255895583189214,False,False,True
DOK5,0.6727000000000004,1295,88.22,1,0,False,3.7843854500247054,1.9693337069887045e-217,216.70568068567803,up,True,4.999357281240225,1.2149718312155178,False,False,True
PODNL1,0.6721333333333331,1297,88.2,1,0,False,5.209922919260446,3.3589258689039217e-280,279.4737995808803,up,True,7.311464324118205,2.1015414048577594,False,False,True
DNAH11,0.6718666666666668,1298,88.19,1,0,False,5.223037909659455,3.401491527260791e-216,215.4683306064816,up,True,6.615769378898541,1.3927314692390866,False,False,True
AQP7,0.6714333333333333,1299,88.18,1,0,False,3.121828751557804,6.890539743871981e-130,129.16174675797564,up,True,4.57771606821947,1.4558873166616662,False,False,True
CDKL2,0.6714333333333329,1300,88.18,1,0,False,5.340553117589303,1.1096192149965746e-287,286.9548260313015,up,True,7.585214499949641,2.2446613823603387,False,False,True
THNSL2,0.6710666666666673,1301,88.17,1,0,False,4.912549291416375,4.573023425247377e-282,281.3397965739464,up,True,8.793625823016875,3.8810765316005,False,False,True
CDON,0.6710666666666667,1302,88.16,1,0,False,6.21371871794402,0.0,300.0,up,True,7.515915688729225,1.3021969707852052,False,False,True
IL2RA,0.6704333333333329,1303,88.15,1,0,False,4.6996946876099885,3.4490515227706e-310,300.0,up,True,6.644236581448759,1.9445418938387704,False,False,True
HNF1B,0.6703333333333333,1304,88.14,1,0,False,5.399498620942024,2.3396645487358782e-284,283.630846405443,up,True,8.712823915981842,3.3133252950398173,False,False,True
CARMN,0.6700666666666667,1305,88.13,1,0,False,3.19733695302809,3.786546379697947e-245,244.4217567193297,up,True,6.728825537929202,3.531488584901112,False,False,True
HPGDS,0.6696000000000003,1306,88.12,1,0,False,2.5978121423296425,1.5674882863674397e-131,130.80479569591031,up,True,5.586039422995766,2.9882272806661234,False,False,True
NEFH,0.669533333333333,1307,88.11,1,0,False,4.14345697920106,1.1580821460181914e-163,162.93626063378898,up,True,4.965602198120031,0.8221452189189704,False,False,True
TMEM139,0.6692333333333333,1308,88.1,1,0,False,3.1121387776958165,8.001231643138002e-136,135.0968431561771,up,True,5.969029576000711,2.8568907983048946,False,False,True
PRMT8,0.6692,1309,88.09,1,0,False,2.71970973657391,6.258063382575822e-95,94.20356004256988,up,True,3.6758609282939,0.9561511917199896,False,False,True
CPNE5,0.6692,1309,88.09,1,0,False,4.59802948374014,0.0,300.0,up,True,7.00192381122994,2.4038943274898004,False,False,True
EYA1,0.6686999999999994,1311,88.08,1,0,False,3.6441246886994,1.770448539382144e-154,153.75191669211242,up,True,4.227215894347881,0.5830912056484819,False,False,True
CD1E,0.668666666666667,1312,88.07,1,0,False,4.24045649948492,9.857727358050104e-196,195.00622319759657,up,True,5.191011124369093,0.9505546248841732,False,False,True
PODN,0.6685999999999994,1313,88.06,1,0,False,3.1395749533622093,3.4908940721965444e-256,255.4570633292318,up,True,9.542604724842732,6.403029771480523,False,False,True
GNG11,0.6679666666666663,1314,88.05,1,0,False,2.626164657274445,2.5962129929466804e-208,207.5856596809522,up,True,9.053630066635746,6.427465409361301,False,False,True
KLRB1,0.6677,1315,88.04,1,0,False,2.2555469425436367,6.412103657573146e-147,146.19299946549006,up,True,6.145503912023883,3.889956969480246,False,False,True
SYBU,0.6676333333333335,1316,88.03,1,0,False,5.069458487114965,1.999644298351851e-288,287.6990472508369,up,True,8.263080618512387,3.1936221313974213,False,False,True
SLCO4C1,0.6674666666666665,1317,88.02,1,0,False,5.031527266637422,5.647112627900636e-253,252.24817355046247,up,True,7.499540435300281,2.468013168662859,False,False,True
GFRA1,0.6673666666666663,1318,88.01,1,0,False,2.8777113459815085,1.336763817294918e-123,122.87394531817289,up,True,5.49256271075583,2.614851364774321,False,False,True
HLA-DQA1,0.6670000000000004,1319,88.0,1,0,False,4.904890130526942,1.4016681545610338e-292,291.85335479357457,up,True,11.448648051334596,6.5437579208076535,False,False,True
LY6H,0.666666666666667,1320,87.99,1,0,False,2.048521935464261,2.411820122234709e-115,114.61765508576651,up,True,3.4826393104511446,1.4341173749868834,False,False,True
PCDHA12,0.6663999999999997,1321,87.98,1,0,False,4.79303946346572,1.550128069633105e-221,220.80963241948308,up,True,5.634819006803048,0.8417795433373282,False,False,True
CAPS,0.6661000000000001,1322,87.98,1,0,False,3.8341140795755217,1.019291279526526e-208,207.9917016913474,up,True,9.203598550030923,5.3694844704554034,False,False,True
FAM20A,0.6659666666666664,1323,87.97,1,0,False,4.620812714821886,0.0,300.0,up,True,9.65018741194054,5.029374697118653,False,False,True
RSPH1,0.6659666666666663,1324,87.96,1,0,False,2.426612930788555,3.424914087359105e-80,79.46535031814348,up,True,6.169775323488648,3.7431623927000928,False,False,True
CD3D,0.6652999999999998,1325,87.95,1,0,False,5.233826887032405,0.0,300.0,up,True,7.186839039648222,1.9530121526158168,False,False,True
PAMR1,0.6646,1326,87.94,1,0,False,3.252799871357568,1.958391887376893e-212,211.7081003985923,up,True,6.184802487796005,2.932002616438437,False,False,True
CCL7,0.6643666666666664,1327,87.93,1,0,False,2.583227231394721,3.7200281217172107e-113,112.42945377703734,up,True,3.5883715081306176,1.005144276735896,False,False,True
ZNF469,0.6638333333333334,1328,87.92,1,0,False,6.256133892752587,0.0,300.0,up,True,7.132677561730653,0.8765436689780665,False,False,True
NRIP3,0.6636999999999997,1329,87.91,1,0,False,5.587467851041312,3.352621258472506e-308,300.0,up,True,6.725466537790639,1.137998686749326,False,False,True
RUNDC3A,0.663333333333333,1330,87.9,1,0,False,2.8076799869435773,4.7158199472204095e-130,129.3264427848792,up,True,3.758639738635624,0.9509597516920462,False,False,True
BDKRB1,0.6632999999999999,1331,87.89,1,0,False,3.3840024725033464,7.605166434986884e-207,206.11889127720528,up,True,4.330700015759606,0.94669754325626,False,False,True
ALDH1L2,0.6630333333333333,1332,87.88,1,0,False,4.839620854019067,0.0,300.0,up,True,7.494398458191744,2.6547776041726774,False,False,True
NEB,0.6630333333333328,1333,87.88,1,0,False,4.3277997561876616,8.803870492533375e-197,196.0553263546684,up,True,5.071690578481813,0.7438908222941515,False,False,True
LRRC26,0.6627,1334,87.87,1,0,False,2.408149926617128,2.487189534185053e-100,99.60429111842356,up,True,2.993749976712094,0.585600050094966,False,False,True
FCRL2,0.6622666666666664,1335,87.86,1,0,False,3.5721841474074782,1.2131510622986153e-173,172.91608511715657,up,True,5.008906668048127,1.4367225206406484,False,False,True
KCP,0.6618333333333333,1336,87.85,1,0,False,3.2589425789165016,4.816647249784613e-174,173.3172551583527,up,True,4.532072063265923,1.2731294843494207,False,False,True
PTGFR,0.6617000000000004,1337,87.84,1,0,False,3.0746094446449392,7.458582352593276e-153,152.12734371072477,up,True,4.801777129086007,1.7271676844410682,False,False,True
HLA-DOA,0.6617000000000002,1338,87.83,1,0,False,5.421444061396806,0.0,300.0,up,True,10.014776903192365,4.593332841795559,False,False,True
CPM,0.6612666666666669,1339,87.82,1,0,False,6.134848881183076,0.0,300.0,up,True,11.452656660291971,5.317807779108898,False,False,True
MCOLN3,0.6611666666666666,1340,87.81,1,0,False,2.182579951686694,4.830112352345103e-96,95.31604276708782,up,True,5.6878293330379375,3.5052493813512435,False,False,True
EIF1AY,0.6610666666666667,1341,87.8,1,0,False,4.0439690209721295,7.29608107187833e-71,70.13691034890198,up,True,7.095521753490143,3.051552732518014,False,False,True
COL21A1,0.6609999999999999,1342,87.79,1,0,False,3.2662473785750654,9.887004283996896e-157,156.00493527766588,up,True,6.722103687461681,3.455856308886616,False,False,True
ADAMTS14,0.660533333333333,1343,87.78,1,0,False,4.701263814255161,0.0,300.0,up,True,6.69704783159641,1.9957840173412489,False,False,True
C12ORF75,0.6601666666666668,1344,87.78,1,0,False,3.8324328665696585,2.4829615781758728e-231,230.6050300007496,up,True,7.56830464126118,3.735871774691521,False,False,True
CRIP1,0.658666666666667,1345,87.77,1,0,False,4.096799675607547,0.0,300.0,up,True,11.07575890098705,6.978959225379504,False,False,True
HMOX1,0.658233333333333,1346,87.76,1,0,False,2.941979313528289,3.990055605914619e-217,216.3990210518888,up,True,10.183209944447006,7.241230630918716,False,False,True
CPLX1,0.6578999999999996,1347,87.75,1,0,False,2.0037033620319304,4.792793702456956e-121,120.31941126406323,up,True,6.110627359602801,4.106923997570871,False,False,True
RGS4,0.6575666666666664,1348,87.74,1,0,False,4.955893059976525,0.0,300.0,up,True,6.025724605343315,1.0698315453667904,False,False,True
OSGIN1,0.6575333333333337,1349,87.73,1,0,False,5.005198446184576,1.6856851317840586e-283,282.77322354376776,up,True,8.11938145599627,3.1141830098116943,False,False,True
PER1,0.6572999999999997,1350,87.72,1,0,False,3.2024620447166825,3.308966769194243e-269,268.4803075942871,up,True,10.666332951776177,7.463870907059494,False,False,True
ULBP1,0.6570999999999992,1351,87.71,1,0,False,2.440596320816375,2.7535202283226175e-157,156.56011172869182,up,True,4.56143777930651,2.1208414584901347,False,False,True
SEMA3E,0.6570666666666665,1352,87.7,1,0,False,4.931291548537822,2.1060368018194307e-190,189.67653404403012,up,True,6.34074290675462,1.4094513582167982,False,False,True
ZNF474,0.6570333333333332,1353,87.69,1,0,False,2.2897251071746227,5.746304738151762e-134,133.2406113462194,up,True,3.4678689603341,1.178143853159477,False,False,True
RORC,0.6568666666666668,1354,87.68,1,0,False,6.484260430614556,0.0,300.0,up,True,9.763277510685455,3.279017080070901,False,False,True
SPOCK2,0.6566000000000002,1355,87.68,1,0,False,3.376675614150135,9.888465741256e-271,270.0048710867441,up,True,10.14781170689029,6.7711360927401545,False,False,True
CAPN6,0.6565333333333339,1356,87.67,1,0,False,4.228697398237136,2.3730194639558e-136,135.62469869960233,up,True,4.724490816484878,0.4957934182477422,False,False,True
PLAC8,0.6565000000000002,1357,87.66,1,0,False,3.815723635275447,3.8615973579292086e-197,196.4132330113297,up,True,7.415389220510892,3.5996655852354458,False,False,True
TSPAN7,0.6562333333333331,1358,87.65,1,0,False,2.0640038973846897,3.6330109005398185e-95,94.43973329907172,up,True,8.35325342978708,6.28924953240239,False,False,True
MNDA,0.6555666666666667,1359,87.64,1,0,False,2.576148360476284,3.215519648498941e-185,184.4927488323077,up,True,8.149325000370899,5.573176639894616,False,False,True
TIMP3,0.6554666666666664,1360,87.63,1,0,False,2.477696335327904,2.6726842848913248e-199,198.5730523399444,up,True,12.840348751088683,10.36265241576078,False,False,True
CIITA,0.6553666666666664,1361,87.62,1,0,False,4.890641995524525,0.0,300.0,up,True,9.014453780165136,4.123811784640613,False,False,True
TPPP,0.6553333333333334,1362,87.61,1,0,False,3.9747039476809167,1.3965989612641998e-233,232.85492828530616,up,True,8.077070503135872,4.102366555454955,False,False,True
PKIB,0.6549666666666664,1363,87.6,1,0,False,5.805792150004388,0.0,300.0,up,True,7.224161236441343,1.4183690864369551,False,False,True
KANK4,0.6549,1364,87.59,1,0,False,3.376440478464022,6.39682202257943e-178,177.19403573239748,up,True,5.216764228639345,1.8403237501753231,False,False,True
KCNJ16,0.6548999999999998,1365,87.58,1,0,False,2.5837679940524656,5.52340226454583e-97,96.25779332633805,up,True,3.2746284885670955,0.6908604945146298,False,False,True
AFF3,0.6541999999999999,1366,87.58,1,0,False,3.032803730310601,7.095103831081333e-150,149.14904124461302,up,True,6.0359021955136605,3.0030984652030592,False,False,True
DEGS2,0.6540666666666669,1367,87.57,1,0,False,5.008080970559244,6.082934859794666e-237,236.21588683423292,up,True,6.426690102299634,1.4186091317403902,False,False,True
GPR84,0.653866666666666,1368,87.56,1,0,False,3.626922391502087,1.6780705962369795e-254,253.77518977240408,up,True,5.537655942048103,1.910733550546016,False,False,True
ATP6V0A4,0.6537000000000003,1369,87.55,1,0,False,5.049469577176586,3.970810031875991e-174,173.4011208895872,up,True,5.544394637421528,0.4949250602449413,False,False,True
SLC4A4,0.6534666666666665,1370,87.54,1,0,False,6.201475666420666,0.0,300.0,up,True,8.725033737602342,2.523558071181676,False,False,True
SHCBP1,0.6530999999999998,1371,87.53,1,0,False,6.234421124809547,0.0,300.0,up,True,7.482073474091912,1.247652349282365,False,False,True
CYBB,0.6529999999999997,1372,87.52,1,0,False,5.115783587026177,0.0,300.0,up,True,10.690970337308286,5.575186750282109,False,False,True
EGR2,0.6529333333333333,1373,87.51,1,0,False,4.622135753689115,0.0,300.0,up,True,7.8235156791438305,3.201379925454716,False,False,True
DSCAML1,0.6520666666666669,1374,87.5,1,0,False,2.621949039786214,1.2306578289051629e-116,115.90986268116713,up,True,3.809210303621659,1.187261263835445,False,False,True
HOXC6,0.6520333333333332,1375,87.49,1,0,False,3.9004031407707753,2.071664950850989e-173,172.6836804814377,up,True,4.6951561563373705,0.794753015566595,False,False,True
MX1,0.6519333333333335,1376,87.48,1,0,False,6.281761842147634,0.0,300.0,up,True,10.950819346998356,4.669057504850723,False,False,True
E2F7,0.6518000000000005,1377,87.47,1,0,False,5.082237421302081,6.904469277690892e-308,300.0,up,True,5.766802252915341,0.6845648316132603,False,False,True
KLRK1,0.6516999999999997,1378,87.47,1,0,False,2.300703714686337,8.312700849250573e-137,136.08025784825517,up,True,6.132631715426292,3.831928000739955,False,False,True
MAMDC4,0.6497666666666665,1380,87.45,1,0,False,2.521815920073037,1.3290567044331704e-142,141.87645648941313,up,True,6.185942819430183,3.664126899357146,False,False,True
CES3,0.6497333333333335,1381,87.44,1,0,False,4.9440285303026,1.3020461410464847e-216,215.88537362525568,up,True,5.80084674021961,0.8568182099170104,False,False,True
VWA2,0.6493666666666663,1382,87.43,1,0,False,6.036419333536003,0.0,300.0,up,True,8.085606651825845,2.049187318289842,False,False,True
MSC,0.6491666666666673,1383,87.42,1,0,False,2.8806044749997826,1.347896462322118e-208,207.87034346653152,up,True,7.004244625654366,4.123640150654583,False,False,True
FA2H,0.6477999999999996,1385,87.4,1,0,False,6.815768360047114,0.0,300.0,up,True,8.364306090655505,1.5485377306083914,False,False,True
CASS4,0.6476666666666661,1387,87.38,1,0,False,2.2340999228886584,1.9223227312930898e-159,158.71617369853345,up,True,6.307389599397032,4.073289676508374,False,False,True
GPM6B,0.6472666666666668,1388,87.37,1,0,False,2.109039635102441,2.185281185113921e-150,149.66049267343658,up,True,6.526986439320232,4.417946804217791,False,False,True
TNFRSF17,0.6472666666666668,1388,87.37,1,0,False,4.352911062371973,2.8567007934718494e-231,230.54413524458363,up,True,5.514307275215989,1.1613962128440158,False,False,True
PLA2G4E,0.6470666666666668,1390,87.36,1,0,False,2.822073052176229,6.473029500234457e-113,112.18889241372057,up,True,3.354066432068092,0.5319933798918626,False,False,True
RHBDL2,0.6469999999999995,1391,87.35,1,0,False,6.42050152871706,0.0,300.0,up,True,7.306404234475958,0.8859027057588984,False,False,True
FCRL6,0.6465999999999997,1392,87.34,1,0,False,2.3246080936401614,7.809974984801545e-148,147.1073503571573,up,True,4.585944636083633,2.261336542443472,False,False,True
GJB7,0.6464666666666669,1393,87.33,1,0,False,2.6558135631633024,9.574423864601122e-80,79.01888734999146,up,True,3.1127879236973945,0.4569743605340922,False,False,True
CSPG5,0.6463000000000004,1394,87.32,1,0,False,4.283743372659143,1.837060998848796e-265,264.7358764228866,up,True,6.260800085820495,1.9770567131613528,False,False,True
C10ORF95,0.6462999999999995,1395,87.31,1,0,False,3.7218487353226064,1.4172353109048349e-269,268.84855803560777,up,True,5.5855904204475495,1.863741685124943,False,False,True
RELN,0.6460333333333336,1396,87.3,1,0,False,3.5543632953788125,3.062241638542901e-174,173.51396054252567,up,True,4.607478620897774,1.0531153255189614,False,False,True
LRRC17,0.6459666666666662,1397,87.29,1,0,False,4.07600023084454,0.0,300.0,up,True,6.009196023160337,1.9331957923157967,False,False,True
ETV1,0.6457,1398,87.28,1,0,False,4.944361099208223,0.0,300.0,up,True,9.181604041932196,4.237242942723972,False,False,True
COL27A1,0.6454000000000004,1399,87.27,1,0,False,3.79418856844739,1.9692937028165826e-230,229.70568950783328,up,True,7.354254521902471,3.5600659534550805,False,False,True
SPATA18,0.6454,1400,87.27,1,0,False,3.7279973514553424,4.656851140557343e-191,190.33190764436657,up,True,6.891121122531303,3.163123771075961,False,False,True
C6,0.6449999999999996,1401,87.26,1,0,False,2.624024562538461,3.0227238597852218e-83,82.5196015258785,up,True,4.382964662091824,1.758940099553363,False,False,True
LYZ,0.6446000000000004,1402,87.25,1,0,False,4.813878550043684,1.1461003962101592e-291,290.94077733733343,up,True,13.07974128202307,8.265862731979386,False,False,True
ITGA7,0.6442999999999998,1403,87.24,1,0,False,2.135148874187146,1.5196177853006477e-180,179.81826563219238,up,True,7.177245072480744,5.042096198293598,False,False,True
KYNU,0.644166666666667,1404,87.23,1,0,False,6.312857235185801,1.381784453590402e-289,288.859559697857,up,True,8.093744540556402,1.7808873053706018,False,False,True
DRD1,0.643933333333333,1405,87.22,1,0,False,2.008428275227128,3.4577286560383125e-80,79.46120909082178,up,True,3.301450570637724,1.293022295410596,False,False,True
FMO1,0.6434000000000001,1406,87.21,1,0,False,3.9345843597997696,8.424418169213426e-232,231.074460083884,up,True,5.116950890961459,1.1823665311616898,False,False,True
IL34,0.6432333333333331,1407,87.2,1,0,False,2.497185968095123,2.0853374267746603e-190,189.6808236621628,up,True,5.825178189616956,3.327992221521833,False,False,True
PRUNE2,0.6429666666666665,1408,87.19,1,0,False,4.942618307588974,1.8846466604165063e-299,298.7247700607449,up,True,7.390122432878625,2.4475041252896514,False,False,True
NLRP12,0.6427,1409,87.18,1,0,False,2.59540353884896,1.524359147851271e-126,125.8169126986433,up,True,4.414518331989985,1.8191147931410256,False,False,True
IL2RB,0.6418333333333335,1410,87.17,1,0,False,5.596198644583354,0.0,300.0,up,True,8.705393545545627,3.109194900962273,False,False,True
CPVL,0.6414333333333331,1411,87.17,1,0,False,4.838221802131594,0.0,300.0,up,True,9.070307647734726,4.232085845603132,False,False,True
CR1,0.6414,1412,87.16,1,0,False,4.563064657093534,1.400799816093714e-293,292.85362392394165,up,True,6.954435306443815,2.3913706493502804,False,False,True
CLDN11,0.641133333333333,1413,87.15,1,0,False,2.614288407375622,8.519570955413005e-162,161.0695822757014,up,True,5.868447899651369,3.254159492275748,False,False,True
GPR183,0.6409333333333335,1414,87.14,1,0,False,3.0717831569546625,9.802910513603953e-244,243.0086449618245,up,True,8.339065799132632,5.267282642177969,False,False,True
GALNT6,0.6406666666666667,1415,87.13,1,0,False,7.34840344262705,0.0,300.0,up,True,9.803576007749893,2.455172565122843,False,False,True
ALDOB,0.6403666666666665,1416,87.12,1,0,False,2.424345691668884,3.799086610667177e-91,90.42032080539076,up,True,3.223666870736728,0.7993211790678441,False,False,True
EHF,0.6402999999999998,1417,87.11,1,0,False,6.75882408585635,0.0,300.0,up,True,10.30776054096216,3.548936455105809,False,False,True
WNT7B,0.6401666666666664,1418,87.1,1,0,False,7.420758230025995,0.0,300.0,up,True,9.197559577659044,1.776801347633049,False,False,True
GGTLC2,0.6397999999999996,1419,87.09,1,0,False,5.365179038109125,0.0,300.0,up,True,6.426439636703269,1.061260598594144,False,False,True
SYNPO2,0.6393333333333335,1420,87.08,1,0,False,4.000480931891091,0.0,300.0,up,True,7.982085939630233,3.981605007739142,False,False,True
COL8A2,0.6393000000000003,1421,87.07,1,0,False,5.553860571592164,0.0,300.0,up,True,8.73388359962368,3.1800230280315147,False,False,True
HUNK,0.6390000000000001,1422,87.07,1,0,False,5.7217492391046,4.37619270791211e-298,297.3589035618711,up,True,6.725417286212431,1.0036680471078303,False,False,True
GPT2,0.638633333333333,1423,87.06,1,0,False,7.620787797811738,0.0,300.0,up,True,9.97722591687072,2.3564381190589825,False,False,True
C1QTNF7,0.6379666666666668,1424,87.05,1,0,False,2.271613099155545,7.8182453782337955e-106,105.10689070321298,up,True,5.320855815434314,3.0492427162787683,False,False,True
ULBP2,0.6376999999999996,1425,87.04,1,0,False,2.1256156279230933,2.678060120340617e-118,117.57217967764548,up,True,5.03156126060741,2.905945632684317,False,False,True
ACAN,0.6376666666666668,1426,87.03,1,0,False,4.52448597320436,2.348749702219289e-254,253.6291632619524,up,True,5.408355134083198,0.8838691608788383,False,False,True
ZCCHC12,0.6376666666666665,1427,87.02,1,0,False,2.549538923926644,1.859172941319664e-127,126.73068021003044,up,True,3.23908431557746,0.6895453916508169,False,False,True
CPS1,0.6369000000000005,1428,87.01,1,0,False,5.283007215835248,6.014759897901889e-116,115.22078170449996,up,True,6.745647599416779,1.4626403835815316,False,False,True
CCR7,0.6367999999999997,1430,86.99,1,0,False,4.944616018214321,0.0,300.0,up,True,6.859060489854705,1.914444471640384,False,False,True
MFSD6L,0.6367666666666664,1431,86.98,1,0,False,4.766795530335068,2.7614215917097523e-203,202.5588672836992,up,True,5.618564053995088,0.8517685236600192,False,False,True
LRRC31,0.6367333333333333,1432,86.97,1,0,False,4.581423243665164,1.6437084356923204e-153,152.7841752159929,up,True,5.084195033913003,0.5027717902478397,False,False,True
TRPV4,0.6363666666666665,1433,86.97,1,0,False,4.91173582891561,0.0,300.0,up,True,7.172909206341432,2.261173377425822,False,False,True
NID2,0.6359666666666667,1434,86.96,1,0,False,4.755753467709566,0.0,300.0,up,True,8.319882371638272,3.5641289039287063,False,False,True
CLEC10A,0.6358333333333335,1435,86.95,1,0,False,3.5439450579546667,2.2505934614312846e-222,221.64770294720404,up,True,6.833106209641334,3.289161151686668,False,False,True
FMO3,0.6355000000000002,1436,86.94,1,0,False,2.68166516146666,1.1960974096917271e-191,190.9222334501395,up,True,7.310787290025543,4.629122128558884,False,False,True
ABO,0.6350666666666668,1437,86.93,1,0,False,2.656090351898677,7.896730750599988e-132,131.1025526695749,up,True,6.2871274044746,3.6310370525759215,False,False,True
CMBL,0.6341666666666671,1439,86.91,1,0,False,6.331971353693133,0.0,300.0,up,True,9.543757926672148,3.211786572979016,False,False,True
APOL4,0.634066666666667,1440,86.9,1,0,False,4.871292971038261,0.0,300.0,up,True,8.079387534974344,3.208094563936084,False,False,True
GJA1,0.6340666666666666,1441,86.89,1,0,False,4.039416723611223,3.71693936874352e-303,300.0,up,True,10.688579475419584,6.649162751808363,False,False,True
FCGR3A,0.6340333333333333,1442,86.88,1,0,False,5.259234605028047,0.0,300.0,up,True,10.913784906700853,5.6545503016728045,False,False,True
RASGRF2,0.6337666666666665,1443,86.87,1,0,False,3.870264367183665,0.0,300.0,up,True,6.229180580919918,2.3589162137362534,False,False,True
UBXN10,0.6337333333333333,1444,86.87,1,0,False,5.624763330550033,0.0,300.0,up,True,7.922521833497218,2.2977585029471843,False,False,True
CLSTN2,0.6331666666666669,1446,86.85,1,0,False,2.5432085277518466,7.901386634610973e-148,147.10229668656837,up,True,4.149476937081551,1.6062684093297046,False,False,True
PLCH2,0.6324333333333336,1448,86.83,1,0,False,3.5048411289445225,7.22747098354668e-181,180.14101364323542,up,True,5.957181000960239,2.452339872015717,False,False,True
PLD4,0.6324000000000001,1449,86.82,1,0,False,5.0017502408251655,1.6385518516045568e-278,277.785539810913,up,True,6.031049921137906,1.0292996803127403,False,False,True
ESYT3,0.6322000000000003,1450,86.81,1,0,False,3.863721698888548,1.1231867161610915e-222,221.94954804154972,up,True,7.377797659902779,3.5140759610142305,False,False,True
CPZ,0.6318333333333329,1451,86.8,1,0,False,6.690424066129859,0.0,300.0,up,True,7.974651043451555,1.284226977321696,False,False,True
HAVCR1,0.6308000000000002,1452,86.79,1,0,False,3.1356654176605696,9.68915024737397e-90,89.01371430953941,up,True,3.880147832620601,0.7444824149600311,False,False,True
FAM83E,0.6308,1453,86.78,1,0,False,4.399897243800245,6.601607829642694e-301,300.0,up,True,8.616609022341716,4.216711778541471,False,False,True
SPESP1,0.6307666666666668,1454,86.77,1,0,False,2.0302866395097205,3.61722283014464e-90,89.44162473676744,up,True,3.655765361246991,1.6254787217372706,False,False,True
C1QTNF3,0.6306666666666665,1455,86.76,1,0,False,4.358622411427299,2.479619439668493e-299,298.60561496753434,up,True,7.235808755509623,2.8771863440823244,False,False,True
DUSP5,0.6306333333333327,1456,86.76,1,0,False,4.254995219666854,0.0,300.0,up,True,9.57163413534593,5.316638915679076,False,False,True
FBLN1,0.6300999999999999,1457,86.75,1,0,False,2.9499909091682195,1.88870730377983e-242,241.72383534022663,up,True,11.33747097820635,8.38748006903813,False,False,True
CEACAM19,0.6298666666666668,1458,86.74,1,0,False,2.4199737298844024,2.838463050083418e-175,174.54691675486444,up,True,6.705757977545479,4.285784247661076,False,False,True
HSPA4L,0.6296666666666663,1459,86.73,1,0,False,5.087108274661726,0.0,300.0,up,True,6.468199031744352,1.3810907570826263,False,False,True
EGFLAM,0.6293999999999998,1460,86.72,1,0,False,4.77955946904015,0.0,300.0,up,True,6.31001795716264,1.5304584881224903,False,False,True
OVOL1,0.6288999999999996,1461,86.71,1,0,False,6.148827326496834,0.0,300.0,up,True,6.723429477480996,0.5746021509841627,False,False,True
ACAP1,0.6288999999999992,1462,86.7,1,0,False,2.5555013251609635,5.192934996469686e-189,188.28458711373293,up,True,7.77916048761489,5.223659162453926,False,False,True
GABRB3,0.6286333333333328,1463,86.69,1,0,False,4.814907506105095,1.9693251444441388e-159,158.70568257396843,up,True,5.420081991151818,0.6051744850467238,False,False,True
PCSK6,0.6280999999999999,1464,86.68,1,0,False,6.865930048387037,0.0,300.0,up,True,8.328534257617353,1.4626042092303153,False,False,True
LST1,0.627833333333333,1465,86.67,1,0,False,2.201111205154721,6.18172750920299e-166,165.208890142569,up,True,7.63687825551022,5.4357670503555,False,False,True
GABRE,0.6276666666666667,1466,86.66,1,0,False,2.3407456719130657,1.1475109253598115e-101,100.94024317088795,up,True,7.336565247322917,4.995819575409851,False,False,True
HOXB8,0.6275999999999997,1467,86.66,1,0,False,2.9199583167798693,1.314780134722343e-88,87.88114686638357,up,True,3.534841127761548,0.614882810981679,False,False,True
PLEKHG6,0.6274333333333333,1468,86.65,1,0,False,6.30967697267813,0.0,300.0,up,True,7.624605705694507,1.3149287330163777,False,False,True
CDH15,0.6273333333333332,1469,86.64,1,0,False,4.59668585951608,2.9146028014407064e-210,209.5354206220014,up,True,5.385742399780087,0.7890565402640074,False,False,True
CTXN1,0.6263000000000004,1470,86.63,1,0,False,3.1153344016371807,2.5146307067985904e-202,201.59952578546915,up,True,6.707790700763812,3.592456299126631,False,False,True
GPNMB,0.6262333333333336,1471,86.62,1,0,False,5.91518302052642,0.0,300.0,up,True,12.148398465879298,6.233215445352878,False,False,True
WDR86,0.6260666666666662,1472,86.61,1,0,False,3.4075864309299706,4.621054074468399e-162,161.3352589494415,up,True,5.713464853519284,2.305878422589313,False,False,True
TGFBI,0.6256333333333334,1473,86.6,1,0,False,5.094283537670021,0.0,300.0,up,True,12.010080747399728,6.915797209729707,False,False,True
TMEM71,0.6255666666666663,1474,86.59,1,0,False,2.3148228257519774,1.148155039298074e-152,151.9399994637104,up,True,5.665326554227425,3.350503728475448,False,False,True
LY9,0.6255333333333329,1475,86.58,1,0,False,4.269232417311775,0.0,300.0,up,True,6.274040187059474,2.0048077697476985,False,False,True
EDIL3,0.6253000000000002,1476,86.57,1,0,False,2.952466424225075,2.4582637526178576e-159,158.60937152252308,up,True,7.847230466320068,4.894764042094994,False,False,True
LHFPL3,0.6250999999999994,1477,86.56,1,0,False,2.376948426345681,1.6836543147969333e-94,93.77374707232998,up,True,3.226864141928881,0.8499157155832,False,False,True
ARG1,0.6250666666666667,1478,86.56,1,0,False,-2.097145063886215,2.701720658094693e-115,114.56835955646852,down,True,1.0797906549545546,3.1769357188407694,False,False,True
GFAP,0.6250333333333334,1479,86.55,1,0,False,2.086521118185554,1.4096134942592877e-91,90.85089995140204,up,True,3.09913760234889,1.0126164841633358,False,False,True
LGALS9B,0.6249333333333333,1480,86.54,1,0,False,2.168663592339372,3.1520533997584544e-62,61.50140643362411,up,True,2.7658641922475047,0.5972005999081325,False,False,True
SLC7A9,0.6247666666666665,1481,86.53,1,0,False,2.074845652861129,3.385933273083613e-78,77.47032160482635,up,True,2.703565635243714,0.6287199823825849,False,False,True
FCGR2B,0.6245333333333334,1482,86.52,1,0,False,4.89086002444965,0.0,300.0,up,True,8.32216159729364,3.431301572843989,False,False,True
LEMD1,0.6243666666666665,1483,86.51,1,0,False,3.861850004353218,1.569131472445123e-158,157.8043406667602,up,True,4.531933278516742,0.6700832741635236,False,False,True
NLGN4Y,0.623833333333333,1484,86.5,1,0,False,3.570415315082139,2.863474175628086e-84,83.54310672923751,up,True,4.49446228100911,0.9240469659269704,False,False,True
SLC16A6,0.6237000000000004,1485,86.49,1,0,False,2.331335182763369,7.190418021560972e-181,180.14324586077427,up,True,4.983187194276621,2.651852011513252,False,False,True
NPAS2,0.6235666666666666,1486,86.48,1,0,False,4.9978677424569655,0.0,300.0,up,True,8.61854649464647,3.620678752189504,False,False,True
ADORA3,0.6232333333333332,1487,86.47,1,0,False,4.675833661615672,0.0,300.0,up,True,7.04708389987566,2.3712502382599885,False,False,True
NCF1C,0.6227999999999997,1488,86.46,1,0,False,4.821776711611324,2.836209432658812e-306,300.0,up,True,5.63056437993303,0.8087876683217049,False,False,True
CHRD,0.6225666666666669,1489,86.46,1,0,False,2.775962900135191,2.262776491757628e-149,148.64535834184298,up,True,7.161282440141134,4.385319540005943,False,False,True
CENPK,0.6224333333333333,1490,86.45,1,0,False,5.051077627401604,0.0,300.0,up,True,6.481937596576521,1.4308599691749166,False,False,True
TMEM119,0.6223666666666665,1491,86.44,1,0,False,3.1860723206052866,2.1158452559681848e-259,258.67451609794904,up,True,8.97330837506132,5.7872360544560335,False,False,True
PKD1L2,0.6220666666666667,1493,86.42,1,0,False,3.5946029328406066,3.1798156588319174e-144,143.49759805632772,up,True,4.190888315297747,0.5962853824571407,False,False,True
WNK2,0.6213333333333334,1494,86.41,1,0,False,6.0620227899874415,1.0612641092154292e-288,287.9741765228835,up,True,7.041154986803656,0.9791321968162146,False,False,True
RPRM,0.6212333333333336,1495,86.4,1,0,False,2.917763626977913,1.0893125373999456e-122,121.96284749784336,up,True,3.47672909902862,0.5589654720507069,False,False,True
KCNJ5,0.6212333333333333,1496,86.39,1,0,False,3.723249123171741,6.379151465582392e-221,220.1952370859064,up,True,5.44570727892698,1.7224581557552392,False,False,True
TRPC6,0.6212000000000003,1497,86.38,1,0,False,3.2120741961378805,1.544799989790008e-196,195.81112774209905,up,True,7.86560482620678,4.653530630068899,False,False,True
SHC2,0.6210666666666669,1498,86.37,1,0,False,2.507765228805477,3.1935451593335143e-170,169.49572693818436,up,True,8.308606406842163,5.800841178036686,False,False,True
LRRC10B,0.620733333333334,1499,86.36,1,0,False,2.750549038547489,1.7195876096995659e-106,105.76457569280514,up,True,5.485723333806235,2.735174295258746,False,False,True
TACC2,0.6204000000000002,1500,86.36,1,0,False,5.70206021328044,0.0,300.0,up,True,10.780445072593666,5.078384859313227,False,False,True
FNDC5,0.6202666666666669,1501,86.35,1,0,False,3.7408749749061054,3.78219944997693e-234,233.4222555728626,up,True,5.041518227748753,1.3006432528426468,False,False,True
ST6GALNAC3,0.6202666666666667,1502,86.34,1,0,False,2.135078840500778,9.990051679678671e-174,173.00043226511323,up,True,5.167298330311457,3.032219489810679,False,False,True
FCGR1A,0.6200666666666667,1503,86.33,1,0,False,4.156886858995231,0.0,300.0,up,True,7.145455220322107,2.988568361326877,False,False,True
RGS6,0.6196,1504,86.32,1,0,False,2.0012860495221343,7.009741308938621e-75,74.15429800916223,up,True,2.867993945642914,0.8667078961207797,False,False,True
P2RY13,0.6191333333333334,1505,86.31,1,0,False,3.990638541819369,1.4142787296848848e-296,295.84946499023164,up,True,6.721585174597857,2.730946632778488,False,False,True
LAMA2,0.6190333333333333,1506,86.3,1,0,False,3.583102605946845,1.2662723385747989e-291,290.8974728800844,up,True,8.750604970967041,5.167502365020196,False,False,True
CD2,0.6189999999999998,1507,86.29,1,0,False,4.217913822047209,0.0,300.0,up,True,8.354700929081307,4.136787107034098,False,False,True
MGAT3,0.6188333333333333,1508,86.28,1,0,False,3.0040062398087968,1.2457737496100624e-181,180.90456082462543,up,True,6.609756864856652,3.6057506250478553,False,False,True
TIGIT,0.6188000000000003,1509,86.27,1,0,False,5.141235382900192,0.0,300.0,up,True,6.5689950735990825,1.42775969069889,False,False,True
ROBO2,0.6183666666666666,1510,86.26,1,0,False,3.258460935511644,2.124857033662798e-156,155.67267028518077,up,True,5.844691886614213,2.5862309511025696,False,False,True
XG,0.6182333333333331,1511,86.26,1,0,False,2.341992054631939,1.1075989429366948e-100,99.9556174674055,up,True,2.989058541693242,0.647066487061303,False,False,True
TMEM45A,0.617966666666667,1512,86.25,1,0,False,4.331048506147224,8.04798765103045e-271,270.0943126986765,up,True,8.525553069165168,4.1945045630179445,False,False,True
EPHA3,0.6174666666666662,1513,86.24,1,0,False,4.344996248383607,3.080860254270776e-243,242.51132800053912,up,True,6.152245289701048,1.807249041317441,False,False,True
RIBC2,0.6173666666666667,1514,86.23,1,0,False,3.662686072126829,4.7360300387350564e-251,250.32458555172104,up,True,4.884193862988962,1.2215077908621328,False,False,True
FRZB,0.6169666666666668,1515,86.22,1,0,False,3.582387654416274,1.4776952346549714e-270,269.83041512721024,up,True,7.96259634223381,4.380208687817536,False,False,True
ALDH3B1,0.6167666666666668,1516,86.21,1,0,False,4.691135645479616,0.0,300.0,up,True,10.748595841123496,6.0574601956438805,False,False,True
OLFML3,0.6165000000000004,1517,86.2,1,0,False,3.3289870495631817,2.4729321934063376e-257,256.60678779161816,up,True,9.52670971863598,6.1977226690728,False,False,True
LYPD6B,0.6164999999999998,1518,86.19,1,0,False,4.393095816749328,2.3446907920046654e-169,168.62991442210898,up,True,5.450272390346393,1.0571765735970662,False,False,True
PLA2G7,0.616466666666667,1519,86.18,1,0,False,4.196294210032157,0.0,300.0,up,True,7.906411687099242,3.710117477067085,False,False,True
PNMA6A,0.6164333333333338,1520,86.17,1,0,False,4.894443797121214,1.8414095686629103e-227,226.7348496044197,up,True,5.6634058561336005,0.7689620590123861,False,False,True
DGAT2,0.6163333333333333,1521,86.16,1,0,False,5.1232053977463625,0.0,300.0,up,True,8.074555655288892,2.9513502575425297,False,False,True
TRPV6,0.6159000000000001,1522,86.16,1,0,False,2.39146269977963,6.0348063858987e-96,95.2193366587704,up,True,3.250263852214647,0.8588011524350171,False,False,True
BST2,0.6156333333333334,1523,86.15,1,0,False,3.0682637103001955,2.9072555779910868e-260,259.53651678755114,up,True,11.130096643873648,8.061832933573452,False,False,True
CCR2,0.6155666666666663,1524,86.14,1,0,False,4.195012188871407,0.0,300.0,up,True,6.751621665366047,2.55660947649464,False,False,True
EPDR1,0.6154666666666666,1525,86.13,1,0,False,4.488180128406766,0.0,300.0,up,True,9.830432195297783,5.342252066891017,False,False,True
TRPM2,0.614933333333333,1526,86.12,1,0,False,5.484590019678652,0.0,300.0,up,True,8.038982378773385,2.5543923590947326,False,False,True
PLLP,0.6149333333333329,1527,86.11,1,0,False,4.011120648402566,1.8377482044818787e-269,268.7357139928929,up,True,8.615706036019734,4.604585387617168,False,False,True
CBLN4,0.6148000000000002,1528,86.1,1,0,False,2.336336494551224,2.8366601743938584e-135,134.54719268860504,up,True,3.107002604681573,0.7706661101303488,False,False,True
KCNJ11,0.6147666666666668,1529,86.09,1,0,False,4.774283189016323,5.993210085193852e-298,297.2223404983353,up,True,6.496289616268308,1.7220064272519846,False,False,True
CD6,0.6147333333333337,1530,86.08,1,0,False,4.606885805940379,0.0,300.0,up,True,7.857421373775458,3.2505355678350787,False,False,True
CD48,0.6146,1531,86.07,1,0,False,4.618950412326837,0.0,300.0,up,True,8.377901459235035,3.758951046908199,False,False,True
THPO,0.6142333333333335,1532,86.06,1,0,False,2.792993740301096,1.7207772368621767e-106,105.7642753476058,up,True,4.002433760977836,1.2094400206767406,False,False,True
SPIB,0.6142333333333329,1533,86.05,1,0,False,4.663468743852407,3.3311738999573165e-237,236.477402694892,up,True,5.350404115233345,0.6869353713809381,False,False,True
YBX2,0.6139333333333333,1534,86.05,1,0,False,4.224065276514311,4.323166323455759e-144,143.36419805570634,up,True,4.825860377068594,0.6017951005542829,False,False,True
CD248,0.6138999999999997,1535,86.04,1,0,False,3.261059281937592,1.8021431232205174e-282,281.7442107210392,up,True,9.220251133809294,5.959191851871702,False,False,True
EME1,0.6138333333333331,1536,86.03,1,0,False,4.741341048795478,0.0,300.0,up,True,5.989036817560844,1.2476957687653665,False,False,True
EBI3,0.6136333333333334,1537,86.02,1,0,False,2.721997916754165,3.3757545611859027e-211,210.4716291368679,up,True,5.358998222006641,2.637000305252476,False,False,True
PNMA2,0.613533333333333,1538,86.01,1,0,False,5.663010723761454,1.5656844618217085e-305,300.0,up,True,8.74088885848836,3.0778781347269053,False,False,True
SEMA3C,0.6130999999999996,1539,86.0,1,0,False,5.33998156987608,0.0,300.0,up,True,9.905438126071378,4.565456556195297,False,False,True
ITGAX,0.6126000000000001,1540,85.99,1,0,False,2.40304700654882,2.2246971700833125e-197,196.6527290976325,up,True,9.395213137674553,6.992166131125731,False,False,True
LYPD1,0.6122000000000001,1541,85.98,1,0,False,6.637672079050557,2.05262092072525e-309,300.0,up,True,7.202796507789861,0.5651244287393039,False,False,True
FOXA3,0.6121333333333335,1542,85.97,1,0,False,5.675299667955637,1.6996275207915722e-228,227.76964624532133,up,True,6.16240181472771,0.4871021467720731,False,False,True
RGS5,0.6116333333333326,1543,85.96,1,0,False,4.642542255153852,0.0,300.0,up,True,10.638619485208462,5.996077230054611,False,False,True
ICAM1,0.6113666666666661,1544,85.95,1,0,False,4.791040693288892,0.0,300.0,up,True,12.886075706063158,8.095035012774266,False,False,True
RAB27B,0.6112666666666671,1545,85.95,1,0,False,3.912120154790795,4.336550577518157e-229,228.36285558403463,up,True,6.575258062138416,2.663137907347621,False,False,True
OAS2,0.6111333333333333,1546,85.94,1,0,False,6.2923106199361,0.0,300.0,up,True,10.349769857586775,4.057459237650675,False,False,True
NIPAL4,0.611,1547,85.93,1,0,False,2.350957392264604,1.4882980969792087e-127,126.8273100735569,up,True,3.248037392997396,0.8970800007327914,False,False,True
CCR5,0.6102333333333334,1548,85.92,1,0,False,5.187391295632211,0.0,300.0,up,True,7.823274119398627,2.635882823766416,False,False,True
FCER2,0.6101333333333333,1549,85.91,1,0,False,2.145350920824934,2.5072445605758317e-90,89.60080330220916,up,True,3.3249669813383136,1.1796160605133796,False,False,True
KLB,0.6099333333333333,1550,85.9,1,0,False,3.707115588981994,4.123835271172222e-178,177.38469869116977,up,True,4.353695010402388,0.6465794214203943,False,False,True
ENPEP,0.6094999999999994,1551,85.89,1,0,False,3.949919314754318,0.0,300.0,up,True,7.216282432878907,3.2663631181245885,False,False,True
PGLYRP1,0.6091333333333334,1552,85.88,1,0,False,-2.278660311500615,1.879645258601288e-138,137.7259241064645,down,True,1.0204202544550325,3.2990805659556472,False,False,True
LILRA2,0.6090666666666664,1553,85.87,1,0,False,2.8883266048085248,1.4196543247169217e-163,162.84781739022517,up,True,5.65970430722133,2.771377702412805,False,False,True
CARD14,0.6086333333333336,1554,85.86,1,0,False,5.378834843615132,7.045996304555738e-266,265.15205758893103,up,True,6.607072039984763,1.228237196369631,False,False,True
TMEM45B,0.6083000000000003,1555,85.85,1,0,False,6.552645116537123,0.0,300.0,up,True,9.774699391845754,3.2220542753086305,False,False,True
TOX,0.6081333333333331,1556,85.85,1,0,False,5.092171679416998,0.0,300.0,up,True,7.545192429245488,2.45302074982849,False,False,True
HOXD8,0.607266666666667,1557,85.84,1,0,False,3.2730791265621524,1.0184068314816488e-160,159.99207869609356,up,True,4.315425604119201,1.0423464775570488,False,False,True
AP3B2,0.6070666666666673,1558,85.83,1,0,False,2.808504536940692,4.06177720042108e-115,114.391283902517,up,True,3.428941505464073,0.6204369685233814,False,False,True
CHST4,0.606366666666667,1559,85.82,1,0,False,3.097736843228754,2.1021899579646326e-138,137.6773280428423,up,True,3.719533251859252,0.6217964086304972,False,False,True
KCNQ1,0.6062666666666668,1560,85.81,1,0,False,5.100597439099813,5.422748464856448e-308,300.0,up,True,8.971181922407371,3.8705844833075584,False,False,True
RSPH9,0.6060333333333333,1561,85.8,1,0,False,2.0111213044932224,2.431077413281192e-88,87.61420121161098,up,True,4.2243402171508,2.213218912657578,False,False,True
MIR100HG,0.6055333333333334,1562,85.79,1,0,False,5.438911581917141,0.0,300.0,up,True,7.294593746284239,1.855682164367097,False,False,True
NAMPT,0.6054999999999996,1563,85.78,1,0,False,4.869988899283991,0.0,300.0,up,True,11.953309867944183,7.083320968660194,False,False,True
RPS28,0.6049000000000001,1564,85.77,1,0,False,-2.6429726682187216,1.4145162371492237e-63,62.8493920629374,down,True,6.748273751397878,9.3912464196166,False,False,True
RASL11B,0.6048666666666672,1565,85.76,1,0,False,4.228553978481099,2.1387317036443576e-281,280.669843692724,up,True,5.882868174696748,1.6543141962156491,False,False,True
NELL2,0.6042666666666668,1566,85.75,1,0,False,4.441317875592878,2.350858355855433e-254,253.62877353723985,up,True,6.184405363883257,1.7430874882903784,False,False,True
PLXNC1,0.6041,1567,85.75,1,0,False,3.920285510607296,2.227075750294416e-267,266.65226501090694,up,True,7.772355729931468,3.852070219324173,False,False,True
CD3E,0.6040333333333333,1568,85.74,1,0,False,3.628588923736623,4.749836881527569e-286,285.32332130462123,up,True,8.486584466643253,4.85799554290663,False,False,True
CD96,0.6039333333333339,1569,85.73,1,0,False,4.706873176801675,0.0,300.0,up,True,7.433743175854598,2.726869999052923,False,False,True
BTG2,0.6034333333333334,1570,85.72,1,0,False,3.610671122314449,7.364763718781188e-305,300.0,up,True,11.279832350197728,7.669161227883278,False,False,True
GADD45A,0.6034000000000002,1571,85.71,1,0,False,2.3571621369827565,3.578673402827694e-189,188.44627793441856,up,True,9.386635849040497,7.02947371205774,False,False,True
SLC15A2,0.6025666666666669,1572,85.7,1,0,False,4.605423620337072,1.634378965201901e-284,283.78664723580016,up,True,8.397016775812913,3.7915931554758417,False,False,True
HMCN1,0.6023666666666667,1573,85.69,1,0,False,5.1466462724463256,0.0,300.0,up,True,8.888016473624203,3.741370201177877,False,False,True
SIGLEC14,0.6021999999999998,1574,85.68,1,0,False,2.7301169721743523,7.466471195303023e-186,185.12688460601663,up,True,5.977747098314134,3.2476301261397813,False,False,True
KCNK1,0.6019666666666672,1575,85.67,1,0,False,6.784014043125055,0.0,300.0,up,True,9.195653009400578,2.4116389662755235,False,False,True
CYP11A1,0.6016,1576,85.66,1,0,False,2.1445075175952923,5.7550853097458754e-99,98.23994823427968,up,True,3.456430075307158,1.3119225577118656,False,False,True
PPARGC1A,0.6015999999999996,1577,85.65,1,0,False,3.895471395598861,3.707980426122903e-158,157.43086256709745,up,True,6.101480979758461,2.2060095841596,False,False,True
HS3ST1,0.6013333333333335,1578,85.65,1,0,False,6.597941238955373,0.0,300.0,up,True,8.302763965961026,1.7048227270056515,False,False,True
PLEKHG7,0.6010000000000001,1579,85.64,1,0,False,4.101235323246612,6.689760245817383e-234,233.17458944662445,up,True,4.884536805055705,0.7833014818090938,False,False,True
ATP1B2,0.601,1580,85.63,1,0,False,2.0163585699171445,1.4625002589966468e-131,130.83490404833583,up,True,5.031418508463999,3.015059938546855,False,False,True
CYP2C18,0.6006333333333332,1581,85.62,1,0,False,4.6469394222175815,1.1435614221622167e-170,169.94174050391274,up,True,5.232318454249363,0.5853790320317818,False,False,True
COL9A3,0.5999666666666669,1582,85.61,1,0,False,3.251026703190126,8.423528278887274e-178,177.07450596181454,up,True,4.27772868223824,1.0267019790481136,False,False,True
ATG16L2,0.5998999999999998,1583,85.6,1,0,False,2.343030957959632,1.6705658562127093e-197,196.77713639914825,up,True,8.302085537872326,5.959054579912694,False,False,True
SLC1A3,0.5998666666666667,1584,85.59,1,0,False,4.217738468350504,0.0,300.0,up,True,7.785467988988771,3.567729520638267,False,False,True
GABBR1,0.5994666666666665,1585,85.58,1,0,False,2.0753142671044094,8.612904565906971e-134,133.06485036489687,up,True,8.17100920314214,6.09569493603773,False,False,True
TBC1D10C,0.5992666666666667,1586,85.57,1,0,False,2.1947281521468778,1.599957941728407e-160,159.79589143354116,up,True,7.284862315929089,5.090134163782211,False,False,True
MAP7D2,0.5991999999999997,1587,85.56,1,0,False,5.57403755092898,2.968792126585499e-221,220.52742021043272,up,True,6.152177388792113,0.5781398378631329,False,False,True
MAMLD1,0.5990999999999999,1588,85.55,1,0,False,3.092589391842437,5.575760224684685e-243,242.25369591054408,up,True,6.845598000151803,3.753008608309366,False,False,True
BHLHE22,0.5989333333333333,1589,85.55,1,0,False,3.183585506792056,1.8146462733865188e-263,262.7412080188306,up,True,5.369754045322571,2.186168538530515,False,False,True
KLRC2,0.5982999999999998,1590,85.54,1,0,False,2.0458765931159464,2.420128642790333e-99,98.61616154832986,up,True,3.168131561806988,1.1222549686910412,False,False,True
SRXN1,0.5982666666666664,1591,85.53,1,0,False,4.974075516897673,0.0,300.0,up,True,10.580244580149277,5.606169063251602,False,False,True
TRNP1,0.5982000000000007,1592,85.52,1,0,False,4.412761949715018,7.2984117077596655e-233,232.1367716414695,up,True,8.186126311111467,3.7733643613964487,False,False,True
ADAMTSL2,0.5963333333333342,1593,85.51,1,0,False,2.8506219673084487,5.3380308869904e-232,231.27261891762032,up,True,8.276046124815691,5.425424157507242,False,False,True
ISLR,0.5963000000000004,1594,85.5,1,0,False,4.128162399347136,0.0,300.0,up,True,10.254319695138596,6.12615729579146,False,False,True
MAP1A,0.596166666666666,1595,85.49,1,0,False,5.848146281156854,0.0,300.0,up,True,8.334084161229345,2.4859378800724907,False,False,True
LRRC46,0.5960333333333337,1596,85.48,1,0,False,2.8589326136789297,2.4928633544892584e-124,123.60330152655747,up,True,5.794436546373431,2.9355039326945014,False,False,True
RPLP0P2,0.5957999999999999,1597,85.47,1,0,False,5.545711567232481,0.0,300.0,up,True,6.222562826625964,0.6768512593934825,False,False,True
DNER,0.5951666666666668,1598,85.46,1,0,False,4.214400586473773,2.452707590063524e-159,158.61035422496585,up,True,5.205341569659825,0.9909409831860516,False,False,True
STMN2,0.5945000000000003,1599,85.45,1,0,False,2.599135802737324,1.632262351239497e-105,104.7872100364286,up,True,3.195389889907162,0.5962540871698387,False,False,True
FGL2,0.5944333333333326,1600,85.45,1,0,False,4.820061125880118,0.0,300.0,up,True,9.432877981692636,4.612816855812518,False,False,True
ETV7,0.5943999999999999,1601,85.44,1,0,False,4.739264508623233,0.0,300.0,up,True,7.550996096678648,2.811731588055415,False,False,True
PLEKHG4,0.5942999999999998,1602,85.43,1,0,False,5.368609676438757,0.0,300.0,up,True,8.377950895722215,3.0093412192834585,False,False,True
ESPN,0.5940333333333332,1603,85.42,1,0,False,6.172444606176218,5.654392428995379e-292,291.2476140536758,up,True,7.326375146012086,1.1539305398358677,False,False,True
CTLA4,0.5938999999999999,1604,85.41,1,0,False,3.465680645570013,1.0666903347642867e-253,252.9719616400152,up,True,5.919221078011733,2.4535404324417205,False,False,True
ARTN,0.5935666666666668,1605,85.4,1,0,False,2.820330844758299,2.317545802503165e-165,164.63497167397836,up,True,4.516981844021068,1.6966509992627687,False,False,True
ACOXL,0.5934999999999994,1606,85.39,1,0,False,2.7998891515685496,3.448113301906837e-132,131.46241847208617,up,True,4.841595993087378,2.041706841518829,False,False,True
E2F1,0.5933666666666667,1607,85.38,1,0,False,5.548148316680303,0.0,300.0,up,True,8.524606500293705,2.9764581836134028,False,False,True
KCNQ3,0.5933666666666664,1608,85.37,1,0,False,4.267860231466495,9.780850108813645e-252,251.0096233965905,up,True,6.305977531914705,2.03811730044821,False,False,True
APLP1,0.5927333333333334,1609,85.36,1,0,False,4.834928793496124,9.289457133854627e-226,225.03200966497943,up,True,6.687746564699581,1.852817771203458,False,False,True
ODC1,0.5925666666666665,1610,85.35,1,0,False,6.109992477705701,0.0,300.0,up,True,11.5915182772451,5.481525799539398,False,False,True
SGCD,0.5925333333333335,1611,85.34,1,0,False,4.172640378344603,9.809089944910548e-303,300.0,up,True,6.919710984546184,2.747070606201581,False,False,True
PDXDC2P-NPIPB14P,0.5923666666666666,1612,85.34,1,0,False,4.530520998554303,0.0,300.0,up,True,8.097394524624695,3.5668735260703928,False,False,True
KRT7,0.5915999999999999,1613,85.33,1,0,False,5.340328056648056,0.0,300.0,up,True,13.44292876200122,8.102600705353163,False,False,True
IL21R,0.5914000000000003,1614,85.32,1,0,False,4.873359450774183,0.0,300.0,up,True,7.062605013366934,2.189245562592751,False,False,True
ASRGL1,0.5912666666666663,1615,85.31,1,0,False,4.135954994996705,1.9283781005385542e-240,239.71480780918927,up,True,8.33045263881333,4.194497643816625,False,False,True
FGF2,0.5910333333333329,1616,85.3,1,0,False,2.019719438228556,5.985967239597035e-138,137.2228656643253,up,True,6.031199545879334,4.011480107650778,False,False,True
SIGLEC10,0.5906000000000001,1617,85.29,1,0,False,3.627806788304982,2.0816845726360062e-244,243.68158507633444,up,True,7.647283505782254,4.019476717477272,False,False,True
F2RL1,0.590333333333333,1618,85.28,1,0,False,6.01635223043946,0.0,300.0,up,True,8.870469506392542,2.854117275953082,False,False,True
ERMN,0.5892999999999997,1619,85.27,1,0,False,2.0902544395459,2.707269420735395e-150,149.56746852216952,up,True,3.948095615864624,1.8578411763187244,False,False,True
IGSF9B,0.5891666666666673,1620,85.26,1,0,False,2.687603078297179,1.072410906150576e-115,114.96963877800049,up,True,4.697861034718866,2.0102579564216865,False,False,True
ST6GAL2,0.5891666666666668,1621,85.25,1,0,False,3.595006514277924,7.481549404312694e-174,173.12600845186,up,True,4.381780345644335,0.7867738313664107,False,False,True
POPDC3,0.5891666666666664,1622,85.24,1,0,False,2.786708660678761,9.598346225158488e-83,82.01780358853946,up,True,3.427677660364472,0.6409689996857107,False,False,True
PDZD4,0.5889000000000001,1623,85.24,1,0,False,2.0309094021811824,1.1625650769418948e-112,111.93458272724168,up,True,5.396986683422878,3.366077281241696,False,False,True
CLCF1,0.5887000000000002,1624,85.23,1,0,False,3.975883473535165,0.0,300.0,up,True,8.198269139992018,4.222385666456853,False,False,True
TNFSF15,0.5878999999999999,1625,85.22,1,0,False,3.920204773098052,8.440145249008893e-257,256.0736500794051,up,True,5.7308573696329415,1.8106525965348887,False,False,True
MND1,0.5874333333333333,1626,85.21,1,0,False,4.561502078050944,0.0,300.0,up,True,5.452607975673269,0.8911058976223247,False,False,True
LAG3,0.587333333333333,1627,85.2,1,0,False,3.871912731023252,5.044649638336305e-257,256.2971689910566,up,True,6.804181771319262,2.93226904029601,False,False,True
PRKAA2,0.5871666666666668,1628,85.19,1,0,False,5.423220636905747,8.73151162638174e-307,300.0,up,True,7.447790722267539,2.024570085361791,False,False,True
DNAH2,0.5869666666666669,1629,85.18,1,0,False,6.849921593541684,0.0,300.0,up,True,8.08590513446188,1.2359835409201958,False,False,True
RIMS4,0.5867333333333332,1630,85.17,1,0,False,2.593693083305643,1.6849319029620074e-120,119.77341764658225,up,True,3.662131630034896,1.0684385467292523,False,False,True
RCOR2,0.5865333333333334,1631,85.16,1,0,False,4.912172734655833,1.7939008627892605e-239,238.7462015612547,up,True,5.585550960349289,0.673378225693456,False,False,True
HK2,0.5853999999999998,1632,85.15,1,0,False,5.831144305324298,0.0,300.0,up,True,10.37332440800652,4.542180102682223,False,False,True
CNR1,0.5849000000000003,1633,85.14,1,0,False,3.631726699917033,1.2492000429438883e-189,188.90336800951204,up,True,6.007657491932221,2.375930792015188,False,False,True
GAP43,0.5847333333333334,1634,85.14,1,0,False,2.1826599616879103,4.1652459189316936e-102,101.38035935246076,up,True,2.764702064809597,0.5820421031216866,False,False,True
CCR4,0.5846666666666671,1635,85.13,1,0,False,2.911654693494459,8.179057559934601e-178,177.08729673546068,up,True,5.083500845721163,2.171846152226704,False,False,True
GJA5,0.5833000000000002,1636,85.12,1,0,False,3.9904792516872334,0.0,300.0,up,True,9.045634626906017,5.055155375218783,False,False,True
MGAT5B,0.5832666666666665,1637,85.11,1,0,False,2.684168326337824,1.4209644402455786e-123,122.8474167901924,up,True,3.773492188801327,1.0893238624635024,False,False,True
ADAMTS5,0.5831333333333332,1638,85.1,1,0,False,4.806535616438802,0.0,300.0,up,True,6.4721716067119175,1.6656359902731148,False,False,True
DPEP2,0.5827333333333334,1639,85.09,1,0,False,2.0828246945599567,2.02071128230084e-152,151.69449573371915,up,True,6.100576631267832,4.017751936707875,False,False,True
TACR1,0.5821666666666664,1640,85.08,1,0,False,3.2275587646977058,1.8162921164974772e-187,186.7408143020812,up,True,4.313264671033144,1.0857059063354382,False,False,True
GOLGA7B,0.5821333333333331,1641,85.07,1,0,False,6.985635901695575,0.0,300.0,up,True,8.322529161081661,1.3368932593860865,False,False,True
DIO3OS,0.5817666666666668,1642,85.06,1,0,False,-2.557454682971056,1.5138054016649735e-185,184.8199299494165,down,True,1.4784438912281994,4.035898574199255,False,False,True
FRMD6,0.5817666666666664,1643,85.05,1,0,False,5.105202260371406,0.0,300.0,up,True,8.700991662740876,3.59578940236947,False,False,True
NDRG2,0.5812333333333336,1644,85.04,1,0,False,2.760517615310099,6.99924508087727e-233,232.1549487992557,up,True,9.234865031602252,6.4743474162921535,False,False,True
USP2,0.5811333333333334,1645,85.04,1,0,False,3.2812236328826354,4.6114027666481036e-217,216.33616694421008,up,True,5.778854179140859,2.497630546258224,False,False,True
RSPH10B2,0.5810666666666664,1646,85.03,1,0,False,2.6159038736578983,5.763983681858774e-122,121.23927725736684,up,True,3.039641130284683,0.4237372566267846,False,False,True
ADAMTS16,0.5806333333333333,1647,85.02,1,0,False,5.528377045700595,3.4445069880600455e-280,279.4628729298339,up,True,6.032019954801817,0.5036429091012219,False,False,True
BIK,0.5806000000000003,1648,85.01,1,0,False,4.781271115237791,0.0,300.0,up,True,6.664621365647207,1.883350250409416,False,False,True
MN1,0.5804666666666667,1649,85.0,1,0,False,4.075730378432077,0.0,300.0,up,True,7.028732171380564,2.953001792948487,False,False,True
SNAP25,0.580366666666667,1650,84.99,1,0,False,3.3499578921072484,2.209104466475725e-186,185.6557837462648,up,True,4.444378250360685,1.0944203582534362,False,False,True
STK32B,0.5798333333333329,1651,84.98,1,0,False,3.90251664958309,1.500796874816919e-206,205.8236780833168,up,True,5.2917408124910885,1.3892241629079989,False,False,True
RSPH4A,0.5794,1652,84.97,1,0,False,2.53793908603203,1.6717038859479709e-93,92.77684064800218,up,True,4.8690170550246,2.3310779689925694,False,False,True
CCDC40,0.5782666666666662,1654,84.95,1,0,False,4.31594587485796,0.0,300.0,up,True,6.859468413109583,2.5435225382516222,False,False,True
GDPD3,0.5781666666666665,1655,84.94,1,0,False,2.314876704428308,4.704232852639668e-131,130.3275111894588,up,True,6.201612429481321,3.886735725053013,False,False,True
VGLL3,0.5780000000000001,1656,84.94,1,0,False,3.4025465043712693,1.5923243345680291e-260,259.7979684677749,up,True,8.266002274928121,4.863455770556852,False,False,True
TIAM1,0.577766666666667,1657,84.93,1,0,False,4.92850774141122,0.0,300.0,up,True,7.650974865670407,2.722467124259187,False,False,True
ST6GALNAC2,0.5772333333333337,1658,84.92,1,0,False,4.0221915896465,8.19151606871148e-251,250.0866357124835,up,True,7.472181920050152,3.4499903304036525,False,False,True
CCDC3,0.5771333333333333,1659,84.91,1,0,False,3.13967679868723,4.193629549448753e-276,275.37740993623026,up,True,8.183262997086542,5.043586198399312,False,False,True
PALMD,0.5769333333333333,1660,84.9,1,0,False,2.357152754027137,1.1949683065709738e-209,208.9226436130957,up,True,7.506279846070503,5.149127092043366,False,False,True
ADM2,0.5766666666666668,1661,84.89,1,0,False,6.826651267966662,0.0,300.0,up,True,8.149145324993464,1.3224940570268018,False,False,True
FGF12,0.5764333333333329,1662,84.88,1,0,False,3.307435886387473,1.6643484720928554e-154,153.77875573834422,up,True,3.946988404280922,0.6395525178934485,False,False,True
MEOX1,0.5764000000000001,1663,84.87,1,0,False,2.7717983737727265,5.026424142069552e-182,181.29874086735737,up,True,3.8632975179492814,1.0914991441765558,False,False,True
PODXL2,0.5760666666666665,1664,84.86,1,0,False,6.778067416305847,1.858397466941792e-293,292.7308613951654,up,True,9.292397915064722,2.514330498758876,False,False,True
ARHGEF15,0.5756333333333333,1665,84.85,1,0,False,2.096717758638002,2.073889476391411e-194,193.6832143921477,up,True,7.408045624322086,5.311327865684084,False,False,True
DNM1,0.575,1666,84.84,1,0,False,4.493692542355095,0.0,300.0,up,True,7.335687689877399,2.841995147522303,False,False,True
ZP3,0.5749666666666667,1667,84.84,1,0,False,5.972123788977567,0.0,300.0,up,True,7.239525871518832,1.2674020825412649,False,False,True
HR,0.5740666666666666,1668,84.83,1,0,False,3.145896690599068,2.353251114238985e-175,174.62833172700613,up,True,4.816357619919204,1.6704609293201365,False,False,True
ABCC3,0.5740000000000004,1669,84.82,1,0,False,7.156653722927181,0.0,300.0,up,True,11.815007828948213,4.658354106021032,False,False,True
UCN2,0.5739666666666662,1670,84.81,1,0,False,2.014253489224889,7.848157575063255e-94,93.1052322857895,up,True,2.585847507148672,0.5715940179237828,False,False,True
CD79B,0.5739333333333332,1671,84.8,1,0,False,3.735791645451609,4.33766845797188e-241,240.36274364558503,up,True,6.733828415610251,2.9980367701586426,False,False,True
OLFML2B,0.5736666666666669,1672,84.79,1,0,False,4.293394087106793,0.0,300.0,up,True,9.161915079244698,4.868520992137905,False,False,True
HEY1,0.5736333333333331,1673,84.78,1,0,False,3.8346590995730407,0.0,300.0,up,True,7.897477483570374,4.0628183839973335,False,False,True
LRP4,0.5736000000000004,1674,84.77,1,0,False,4.34429496253115,4.0748989970443065e-248,247.38988315148103,up,True,7.3104277050481405,2.96613274251699,False,False,True
GRAMD1B,0.5732333333333329,1675,84.76,1,0,False,3.831779162234378,3.824789290325696e-188,187.4173924853652,up,True,5.271576810216764,1.4397976479823855,False,False,True
IGSF6,0.5721666666666669,1676,84.75,1,0,False,3.675429318145085,6.03123814342455e-289,288.21959352307385,up,True,7.562398028881661,3.886968710736576,False,False,True
NUSAP1,0.5719999999999998,1677,84.74,1,0,False,6.107025720606637,0.0,300.0,up,True,8.938258285910285,2.8312325653036483,False,False,True
ARHGAP11A,0.5717333333333333,1678,84.74,1,0,False,6.685235815547853,0.0,300.0,up,True,8.183023415940003,1.4977876003921502,False,False,True
RAB36,0.5716666666666662,1679,84.73,1,0,False,4.7725709600580535,0.0,300.0,up,True,7.510302380042272,2.737731419984218,False,False,True
SYNGR3,0.5713333333333334,1680,84.72,1,0,False,4.485583261039724,5.068355394406893e-270,269.2951329398781,up,True,5.554101007637293,1.0685177465975684,False,False,True
PGBD5,0.5710999999999998,1681,84.71,1,0,False,5.667226057120873,9.2359689102924e-310,300.0,up,True,6.641298808722506,0.9740727516016328,False,False,True
ITK,0.5707666666666662,1682,84.7,1,0,False,3.551310213855191,2.400665198129323e-251,250.61966840335137,up,True,6.988471939347591,3.4371617254924,False,False,True
WDR93,0.5707333333333332,1683,84.69,1,0,False,2.4020793498597106,2.233743897713747e-158,157.65096662091847,up,True,3.2739551618304708,0.8718758119707603,False,False,True
TFEC,0.5705666666666661,1684,84.68,1,0,False,3.852845647959274,3.594263093324707e-294,293.44439013652106,up,True,7.329452005820952,3.4766063578616784,False,False,True
PHYHD1,0.5704000000000001,1685,84.67,1,0,False,2.812800823495774,5.552229756561282e-131,130.2555325706616,up,True,7.515919765894524,4.70311894239875,False,False,True
XCL1,0.5702000000000002,1686,84.66,1,0,False,2.323676955495208,7.657589128325469e-158,157.11590793964515,up,True,3.72829743520095,1.4046204797057429,False,False,True
PRSS50,0.5701000000000004,1687,84.65,1,0,False,2.1658292271575146,4.5660811655399686e-86,85.34045637286488,up,True,3.8909806564996767,1.725151429342162,False,False,True
FBN1,0.5699666666666671,1688,84.64,1,0,False,5.884423187013756,0.0,300.0,up,True,10.84414198045485,4.959718793441094,False,False,True
CD300LF,0.5699666666666667,1689,84.63,1,0,False,2.4887390091262667,1.3957000069336363e-182,181.8552079193448,up,True,7.021487095098748,4.532748085972481,False,False,True
SOCS3,0.5695333333333332,1690,84.63,1,0,False,3.1202677164944106,2.031692091332e-267,266.69214210995506,up,True,11.425832596604716,8.305564880110307,False,False,True
KIAA0319,0.5691999999999995,1691,84.62,1,0,False,4.276199844169838,8.419020120177345e-174,173.07473845258158,up,True,5.490895712875513,1.2146958687056753,False,False,True
FOXA1,0.5690666666666665,1692,84.61,1,0,False,7.475865407768435,0.0,300.0,up,True,10.334663487471184,2.858798079702748,False,False,True
MPZL2,0.5689333333333338,1693,84.6,1,0,False,5.799932671924539,0.0,300.0,up,True,11.518108148372866,5.718175476448327,False,False,True
PRRX1,0.568566666666667,1694,84.59,1,0,False,4.814251066809328,0.0,300.0,up,True,9.28375809055321,4.469507023743882,False,False,True
WDFY4,0.5674333333333333,1695,84.58,1,0,False,5.736258372750781,0.0,300.0,up,True,8.460212429206798,2.723954056456017,False,False,True
COL1A2,0.5669666666666673,1696,84.57,1,0,False,5.673005481145005,0.0,300.0,up,True,14.679805821917896,9.006800340772893,False,False,True
GSTM3,0.5668999999999995,1697,84.56,1,0,False,4.3141489630595125,0.0,300.0,up,True,8.62791197641016,4.313763013350648,False,False,True
SLC16A11,0.5663666666666664,1698,84.55,1,0,False,2.407278995594796,3.399156778271028e-137,136.46862880412309,up,True,4.701701409577519,2.294422413982723,False,False,True
CORIN,0.5662333333333329,1699,84.54,1,0,False,3.966664744415991,2.6455849622569486e-244,243.57747828665623,up,True,5.218243084106386,1.251578339690395,False,False,True
LPCAT1,0.5661333333333332,1700,84.53,1,0,False,6.478296173811382,0.0,300.0,up,True,13.536116622782483,7.057820448971103,False,False,True
PTPRO,0.565733333333333,1701,84.53,1,0,False,5.187115103149551,0.0,300.0,up,True,6.608718255744043,1.4216031525944923,False,False,True
RASD2,0.5657333333333324,1702,84.52,1,0,False,3.263958408746205,5.805598477508306e-258,257.23615300381823,up,True,6.078223890380157,2.814265481633952,False,False,True
SPON1,0.5657,1703,84.51,1,0,False,2.6529245463862514,2.541024825563625e-182,181.59499109191435,up,True,9.414510417657374,6.761585871271122,False,False,True
SIGLEC8,0.5655333333333333,1704,84.5,1,0,False,3.514274090803962,1.522793056080467e-216,215.8173591122312,up,True,4.977763097617553,1.4634890068135908,False,False,True
NOX4,0.5650333333333336,1705,84.49,1,0,False,4.729155246961347,0.0,300.0,up,True,6.085306691898908,1.3561514449375611,False,False,True
GYG2,0.5648333333333336,1706,84.48,1,0,False,6.540556244464993,0.0,300.0,up,True,7.639937588842,1.0993813443770066,False,False,True
SDK1,0.5641666666666662,1707,84.47,1,0,False,5.553675236779348,1.1529471824875708e-287,286.93819058765723,up,True,8.93703694059658,3.383361703817231,False,False,True
RASSF10,0.5638333333333329,1708,84.46,1,0,False,4.260569612898552,1.4333629893099219e-226,225.84364381358628,up,True,5.188403544531348,0.9278339316327964,False,False,True
GLB1L2,0.5637666666666671,1709,84.45,1,0,False,7.242997003256471,0.0,300.0,up,True,9.297011299987892,2.0540142967314203,False,False,True
ADAMTS9,0.5637333333333335,1710,84.44,1,0,False,3.002616518755782,2.5297142328774738e-220,219.59692853577832,up,True,7.757812262419101,4.755195743663319,False,False,True
TNFRSF18,0.5631666666666665,1711,84.43,1,0,False,3.668834719794022,1.0394386501282478e-229,228.9832011385567,up,True,6.644120371221435,2.975285651427413,False,False,True
RTN4RL2,0.5629666666666672,1712,84.43,1,0,False,4.6734302257417895,9.160453759705608e-235,234.038083013182,up,True,6.719330664927724,2.045900439185935,False,False,True
RTN4RL1,0.5629333333333333,1713,84.42,1,0,False,3.7145485085064136,8.027279793073081e-176,175.09543159930428,up,True,5.503164006843294,1.78861549833688,False,False,True
KRT19,0.5628333333333329,1714,84.41,1,0,False,5.085542193616808,0.0,300.0,up,True,13.57367900684022,8.488136813223411,False,False,True
SYT15,0.5626666666666668,1715,84.4,1,0,False,5.628514321875255,3.549971264856741e-299,298.44977516231523,up,True,6.554566424212323,0.9260521023370692,False,False,True
SEMA5A,0.5626000000000001,1716,84.39,1,0,False,4.661340106538757,0.0,300.0,up,True,8.275152416857248,3.61381231031849,False,False,True
ZNF114,0.5625333333333336,1717,84.38,1,0,False,3.88049947092996,4.10002924179645e-156,155.3872130458399,up,True,4.398719071921574,0.5182196009916147,False,False,True
HES2,0.5623333333333336,1718,84.37,1,0,False,4.340895178663526,8.601360746351016e-241,240.06543283737463,up,True,5.414058959047852,1.0731637803843248,False,False,True
ITGA6,0.5622666666666669,1719,84.36,1,0,False,4.840806970110992,0.0,300.0,up,True,10.2319086396159,5.391101669504908,False,False,True
TAGLN,0.5620666666666668,1720,84.35,1,0,False,2.715337560347029,2.905412119117255e-234,233.5367922562636,up,True,12.00019562123502,9.284858060887991,False,False,True
AFAP1L2,0.5620333333333333,1721,84.34,1,0,False,4.7666518355592205,0.0,300.0,up,True,8.122220371867483,3.3555685363082626,False,False,True
XAF1,0.5617666666666672,1722,84.33,1,0,False,5.560911196114247,0.0,300.0,up,True,9.580689299276042,4.019778103161795,False,False,True
AMY2A,0.5612666666666664,1723,84.33,1,0,False,2.8552491260014747,2.211556806360574e-132,131.65530190080167,up,True,3.5025416076619145,0.6472924816604398,False,False,True
P2RX7,0.5611000000000004,1724,84.32,1,0,False,2.537337367272805,1.991058006363577e-167,166.70091608729723,up,True,6.042829256712599,3.505491889439793,False,False,True
WSCD1,0.5610333333333327,1725,84.31,1,0,False,4.097339777610557,2.539482916670329e-297,296.5952547043635,up,True,5.7565610074472975,1.65922122983674,False,False,True
HSD17B14,0.5610000000000004,1726,84.3,1,0,False,2.7806503445522504,8.711073626099808e-218,217.0599283155829,up,True,7.517403211975011,4.73675286742276,False,False,True
SMPDL3B,0.5608666666666668,1727,84.29,1,0,False,7.613657821722265,0.0,300.0,up,True,10.036151646542525,2.422493824820259,False,False,True
TNFRSF10C,0.5606666666666664,1728,84.28,1,0,False,3.463650343585644,7.395287455040749e-272,271.1310449402997,up,True,7.255196596855837,3.7915462532701936,False,False,True
SMO,0.5603666666666666,1729,84.27,1,0,False,4.831733441381529,0.0,300.0,up,True,7.760265386548649,2.9285319451671192,False,False,True
ERRFI1,0.5603333333333337,1730,84.26,1,0,False,5.522117613247205,0.0,300.0,up,True,12.35188445147142,6.829766838224216,False,False,True
CD84,0.5603000000000004,1731,84.25,1,0,False,3.8569630792735183,9.860404468846998e-265,264.0061052701515,up,True,7.101497855235848,3.2445347759623293,False,False,True
IGDCC4,0.5595333333333329,1732,84.24,1,0,False,4.657300367129323,0.0,300.0,up,True,5.7196535001944255,1.0623531330651028,False,False,True
SHC3,0.5594999999999997,1733,84.23,1,0,False,2.3104296856101523,2.093411585688576e-117,116.67914537662055,up,True,4.816942215135279,2.506512529525127,False,False,True
VEGFC,0.5593666666666663,1734,84.23,1,0,False,2.3167689282811983,1.710372221095071e-175,174.76690936564506,up,True,6.945885222598229,4.629116294317031,False,False,True
PDGFRA,0.559233333333333,1735,84.22,1,0,False,3.749752190655263,0.0,300.0,up,True,9.769252710156684,6.01950051950142,False,False,True
SOCS2,0.5589333333333332,1736,84.21,1,0,False,3.1708821929713986,1.58924540362165e-236,235.798809035952,up,True,8.229229890534121,5.058347697562723,False,False,True
SLAMF6,0.5579333333333335,1737,84.2,1,0,False,4.039280705199575,1.761852566416392e-296,295.7540304365997,up,True,7.14719488179302,3.107914176593445,False,False,True
RNF212,0.5579000000000001,1738,84.19,1,0,False,4.660092553737668,9.662948738970992e-188,187.01489032434569,up,True,6.4039321176292665,1.7438395638915989,False,False,True
NHS,0.5578333333333334,1739,84.18,1,0,False,6.256725156257973,0.0,300.0,up,True,7.925405249672333,1.6686800934143602,False,False,True
ADAM23,0.5576666666666665,1740,84.17,1,0,False,2.024092061033288,1.0011196293254457e-103,102.9995140231684,up,True,3.4338822429562152,1.4097901819229277,False,False,True
HOXD4,0.5574333333333333,1741,84.16,1,0,False,2.22217885783868,1.8670105760206447e-88,87.72885322190395,up,True,3.313415075529732,1.0912362176910515,False,False,True
ZWINT,0.5569666666666662,1742,84.15,1,0,False,6.537769489514488,0.0,300.0,up,True,8.992247755662827,2.45447826614834,False,False,True
TMEM184A,0.5563333333333335,1743,84.14,1,0,False,7.3249236697806115,0.0,300.0,up,True,9.728222791287154,2.4032991215065422,False,False,True
ECM1,0.5563,1744,84.13,1,0,False,4.390878360251302,3.194096596556009e-260,259.49565195397184,up,True,9.789393550061083,5.398515189809781,False,False,True
ALOX5,0.5558999999999995,1745,84.13,1,0,False,2.562020922289664,1.508106269620305e-204,203.82156805456464,up,True,9.60348258616638,7.041461663876715,False,False,True
NEXN,0.5556333333333335,1746,84.12,1,0,False,2.321007604343825,5.298008321427781e-206,205.27588736390453,up,True,7.605997813706915,5.284990209363089,False,False,True
LPAR3,0.5554000000000001,1747,84.11,1,0,False,2.4218032549590145,1.3014178371666606e-101,100.8855832451433,up,True,4.264048781115392,1.842245526156377,False,False,True
SUCNR1,0.5550999999999998,1748,84.1,1,0,False,3.012494332818422,7.25707756564735e-160,159.1392382350344,up,True,4.317313141905319,1.304818809086897,False,False,True
ASB2,0.5550666666666667,1749,84.09,1,0,False,3.31592450244356,7.567042199137666e-265,264.1210738440949,up,True,5.606197999621974,2.2902734971784144,False,False,True
NEURL1B,0.5549000000000003,1750,84.08,1,0,False,5.066177492973937,0.0,300.0,up,True,9.752742129642188,4.686564636668251,False,False,True
SAMD11,0.5547333333333337,1751,84.07,1,0,False,3.4747364243923053,9.872627469695371e-236,235.0055672501943,up,True,5.886520412968768,2.4117839885764623,False,False,True
UCK2,0.5546666666666665,1752,84.06,1,0,False,4.639919515764428,0.0,300.0,up,True,7.848781793326494,3.2088622775620665,False,False,True
LGALS9C,0.5544666666666669,1753,84.05,1,0,False,4.485291614543468,5.0179617030955805e-306,300.0,up,True,5.2044794504477885,0.7191878359043203,False,False,True
POU2F3,0.5543333333333333,1754,84.04,1,0,False,5.023868786796574,7.69827184955151e-296,295.11360675670267,up,True,6.452324059130476,1.4284552723339017,False,False,True
GPC5,0.5541666666666669,1755,84.03,1,0,False,2.2677252846543787,1.7985100370008394e-91,90.745087134158,up,True,3.273601018677258,1.0058757340228794,False,False,True
PTAFR,0.5540333333333328,1756,84.03,1,0,False,3.354105441733032,2.85394604562886e-233,232.54455424156023,up,True,7.368513863142262,4.01440842140923,False,False,True
EPN3,0.5537999999999996,1757,84.02,1,0,False,7.555652933356923,0.0,300.0,up,True,8.302502126532989,0.7468491931760662,False,False,True
SUSD4,0.5536666666666661,1758,84.01,1,0,False,6.082296314984028,1.0644957498857331e-294,293.97285606818986,up,True,7.469956016414866,1.3876597014308385,False,False,True
RASSF6,0.5532666666666667,1759,84.0,1,0,False,5.822369944160687,0.0,300.0,up,True,6.975769303228953,1.1533993590682663,False,False,True
PON1,0.5532333333333331,1760,83.99,1,0,False,3.04069770339964,4.886388530923888e-134,133.3110120039758,up,True,3.742387607265246,0.7016899038656059,False,False,True
KCNJ12,0.5527666666666661,1761,83.98,1,0,False,2.744815159804548,2.3067180489288475e-157,156.63700548622342,up,True,5.00199093856274,2.257175778758192,False,False,True
ZAP70,0.5524666666666664,1762,83.97,1,0,False,3.341666113950921,5.2967059798525024e-219,218.27599413408188,up,True,7.014139451632922,3.672473337682001,False,False,True
MEI1,0.5517999999999998,1763,83.96,1,0,False,4.665035348426174,2.016821225197244e-304,300.0,up,True,6.66832587872198,2.003290530295806,False,False,True
F2RL2,0.5517,1764,83.95,1,0,False,3.7040724955438407,5.7692465202517476e-208,207.238880903216,up,True,4.736023219132126,1.0319507235882852,False,False,True
COL6A3,0.5515666666666665,1765,83.94,1,0,False,6.272110169287848,0.0,300.0,up,True,13.442386647389062,7.170276478101214,False,False,True
MS4A7,0.5513999999999997,1766,83.93,1,0,False,2.8703579195008686,1.4448017498859876e-238,237.84019174103017,up,True,8.948496985981814,6.078139066480945,False,False,True
NCF1,0.5512666666666667,1767,83.92,1,0,False,3.2145673271873534,1.2026254091861752e-241,240.9198696245777,up,True,7.343501655638026,4.128934328450673,False,False,True
RND3,0.5512333333333335,1768,83.92,1,0,False,3.679045443356912,2.000187132368524e-294,293.69892937095943,up,True,9.07856459572576,5.399519152368846,False,False,True
ANKFN1,0.5510666666666664,1769,83.91,1,0,False,2.5769884504351306,6.931962564495237e-115,114.15914379132413,up,True,3.3074729721967944,0.7304845217616639,False,False,True
PDLIM3,0.5509333333333335,1770,83.9,1,0,False,3.2579124982362044,2.139411586272716e-278,277.669705656545,up,True,8.920594957497247,5.662682459261043,False,False,True
CXCR5,0.550866666666667,1771,83.89,1,0,False,4.514995080032279,7.025472568724232e-244,243.1533244576028,up,True,5.09835984413094,0.5833647640986609,False,False,True
EPSTI1,0.5503,1772,83.88,1,0,False,4.485779235020928,0.0,300.0,up,True,8.327642116818692,3.841862881797764,False,False,True
PDE10A,0.5501999999999996,1773,83.87,1,0,False,5.411622424944079,2.9712619905380934e-269,268.52705905266333,up,True,6.108052867559649,0.6964304426155696,False,False,True
KCNG2,0.5492666666666665,1774,83.86,1,0,False,2.19302627575864,1.3736420256350438e-137,136.86212643070226,up,True,2.798376182284289,0.6053499065256491,False,False,True
MOV10L1,0.5490666666666667,1775,83.85,1,0,False,2.012392590456139,7.482947813453814e-119,118.12592728356329,up,True,2.645234825432297,0.6328422349761583,False,False,True
MXRA8,0.5488666666666671,1776,83.84,1,0,False,3.520796683406745,1.3417885242581536e-292,291.87231592677875,up,True,10.58065312496186,7.059856441555114,False,False,True
PNPLA7,0.5487666666666665,1777,83.83,1,0,False,3.8698924198559297,1.3388316151479077e-233,232.87327404077035,up,True,6.967694312311874,3.0978018924559443,False,False,True
GBP1P1,0.5486666666666671,1778,83.82,1,0,False,2.342875670623904,6.28752062106856e-147,146.20152057758585,up,True,4.572795714948503,2.229920044324599,False,False,True
GP1BA,0.5485666666666672,1779,83.82,1,0,False,2.251693925189993,1.742092929872764e-155,154.75892868178846,up,True,4.170412799589873,1.91871887439988,False,False,True
ZNF366,0.5485333333333332,1780,83.81,1,0,False,2.0183283655595945,2.365559991434875e-147,146.62606603361468,up,True,4.431348139650554,2.41301977409096,False,False,True
CKB,0.5482333333333332,1781,83.8,1,0,False,2.8600270255186464,3.093771270714204e-184,183.509511797792,up,True,10.522678075893298,7.662651050374651,False,False,True
PLA2G4C,0.547766666666667,1782,83.79,1,0,False,2.9289701414965417,3.880597211775486e-248,247.41110143269967,up,True,6.536893174835777,3.6079230333392354,False,False,True
C1QTNF1,0.5477333333333338,1783,83.78,1,0,False,3.0862660284048564,2.706434833440485e-277,276.5676024255535,up,True,8.584260100799936,5.49799407239508,False,False,True
PROM2,0.5476333333333333,1784,83.77,1,0,False,8.27061302475331,0.0,300.0,up,True,10.37900917924128,2.1083961544879704,False,False,True
FAM227A,0.5474333333333332,1785,83.76,1,0,False,5.086650799526828,0.0,300.0,up,True,6.616746681813748,1.5300958822869195,False,False,True
DNAH9,0.5473333333333332,1786,83.75,1,0,False,3.0150614476772515,1.7513863743763618e-83,82.756618033386,up,True,4.269847352150941,1.254785904473689,False,False,True
CECR2,0.5472666666666666,1787,83.74,1,0,False,3.239241063412841,1.8919025036099921e-146,145.72310124807967,up,True,5.910649432228036,2.671408368815195,False,False,True
GLS2,0.5472,1788,83.73,1,0,False,5.675991592989791,0.0,300.0,up,True,6.628033089570521,0.9520414965807298,False,False,True
IGFALS,0.5470333333333327,1789,83.72,1,0,False,3.106727657270142,5.8754385240914975e-148,147.2309597134842,up,True,4.507105685249959,1.400378027979817,False,False,True
C5ORF46,0.5469666666666668,1790,83.72,1,0,False,2.4747895746284185,3.381138020687959e-101,100.47093710063332,up,True,3.029522452911177,0.5547328782827584,False,False,True
DNAH12,0.5468333333333336,1791,83.71,1,0,False,2.0312157054380378,2.0725272844683653e-59,58.68349974332724,up,True,3.539674240729,1.5084585352909623,False,False,True
CACNA1D,0.5467333333333333,1792,83.7,1,0,False,3.831314426520124,8.084521155612759e-205,204.09234569816124,up,True,7.085354778040498,3.254040351520375,False,False,True
GOLGA8A,0.546566666666667,1793,83.69,1,0,False,3.958639322449704,1.8679141232239252e-256,255.7286430942019,up,True,9.664874799544355,5.706235477094653,False,False,True
CD8B,0.5463333333333336,1794,83.68,1,0,False,4.520291633655011,1.4977429276418978e-281,280.82456272247595,up,True,5.948132971515847,1.4278413378608357,False,False,True
LRRC66,0.5463333333333332,1795,83.67,1,0,False,2.300915078859883,2.722502855000389e-109,108.5650316561414,up,True,2.973541241199117,0.6726261623392343,False,False,True
BAIAP2L2,0.5463333333333332,1795,83.67,1,0,False,3.083445643238553,7.851759545642802e-126,125.10503300881726,up,True,5.189914587769414,2.106468944530861,False,False,True
IQCA1,0.5459666666666667,1797,83.65,1,0,False,3.73407618032217,1.8141107205002535e-184,183.74133621020047,up,True,5.799702516972972,2.065626336650802,False,False,True
PIP5K1B,0.5456999999999999,1798,83.64,1,0,False,2.988853867673731,7.388579520541621e-178,177.13143904816644,up,True,6.47305064153276,3.484196773859029,False,False,True
NME2P1,0.5456333333333334,1799,83.63,1,0,False,5.475895827816702,0.0,300.0,up,True,6.745330685527969,1.2694348577112673,False,False,True
TMEM200B,0.5456000000000002,1800,83.62,1,0,False,2.028606133139027,1.7512958752658488e-140,139.75664047519575,up,True,6.232910214167798,4.204304081028771,False,False,True
KIF19,0.5455333333333336,1801,83.62,1,0,False,2.577027255506122,1.5001502261783713e-98,97.82386524818868,up,True,4.5564733837193,1.979446128213178,False,False,True
MYRIP,0.5454666666666668,1802,83.61,1,0,False,3.4997301445793667,3.284808213562866e-181,180.483489982032,up,True,4.672011165445071,1.1722810208657044,False,False,True
CARNS1,0.5451999999999999,1803,83.6,1,0,False,3.7690378374414815,9.229576487431225e-268,267.0348182267521,up,True,5.529449247587915,1.760411410146433,False,False,True
HLA-DRB1,0.5447333333333334,1804,83.59,1,0,False,3.933136582257657,2.4946144408961593e-254,253.60299656792856,up,True,13.040101847846785,9.106965265589128,False,False,True
GPR176,0.5445666666666668,1805,83.58,1,0,False,2.5199800918228163,2.34364812312343e-180,179.63010759301972,up,True,6.095178400458924,3.575198308636107,False,False,True
SULT1A2,0.5440666666666665,1806,83.57,1,0,False,2.602895550107924,7.368646888393579e-171,170.13261225472658,up,True,6.04236169075549,3.439466140647566,False,False,True
HTR2B,0.5438000000000003,1807,83.56,1,0,False,4.1857008593178175,2.7979786851564875e-223,222.5531555982624,up,True,5.05806178163308,0.8723609223152626,False,False,True
HSPA1B,0.5436333333333333,1808,83.55,1,0,False,3.403275152383608,5.7004796209973125e-148,147.24408860257495,up,True,10.973431725933558,7.5701565735499505,False,False,True
COL16A1,0.5436,1809,83.54,1,0,False,3.979633018855667,0.0,300.0,up,True,9.506921419767078,5.527288400911411,False,False,True
APOLD1,0.5433000000000003,1810,83.53,1,0,False,3.594490923227167,0.0,300.0,up,True,8.419163002943884,4.824672079716717,False,False,True
PHLDA1,0.5432999999999992,1811,83.52,1,0,False,4.925854223677359,0.0,300.0,up,True,10.59230214173566,5.666447918058301,False,False,True
HYDIN,0.5431999999999999,1812,83.52,1,0,False,5.122726555815432,1.5326147885365537e-258,257.81456698815634,up,True,6.0114275853900025,0.8887010295745708,False,False,True
SP5,0.5431999999999998,1813,83.51,1,0,False,4.747627343908332,6.382020863586232e-226,225.1950417803798,up,True,5.709446550079785,0.9618192061714532,False,False,True
IFITM1,0.5419666666666673,1814,83.5,1,0,False,4.042106080436281,0.0,300.0,up,True,11.605184524833048,7.5630784443967665,False,False,True
FREM1,0.5419666666666666,1815,83.49,1,0,False,2.875134790633662,8.351541746159714e-143,142.07823334367302,up,True,4.895968166478178,2.020833375844516,False,False,True
FCRL3,0.5419666666666665,1816,83.48,1,0,False,3.3015404655717795,2.840837182484798e-173,172.54655365637728,up,True,4.639514970984064,1.3379745054122845,False,False,True
CBLC,0.5419000000000005,1817,83.47,1,0,False,6.222291172554826,0.0,300.0,up,True,8.040505382203474,1.818214209648648,False,False,True
SEMA7A,0.5419000000000003,1818,83.46,1,0,False,4.382561488537673,0.0,300.0,up,True,8.161161153178293,3.7785996646406192,False,False,True
TSC22D3,0.5417333333333322,1819,83.45,1,0,False,3.522995427234326,1.2572255194089679e-307,300.0,up,True,11.842209326245186,8.31921389901086,False,False,True
TLR10,0.541433333333333,1820,83.44,1,0,False,4.337217140524024,1.456006300045985e-249,248.83683674585453,up,True,5.478083145688893,1.1408660051648685,False,False,True
CHST2,0.5414000000000002,1821,83.43,1,0,False,4.038314806969548,2.4363109040961687e-303,300.0,up,True,8.342664174076523,4.304349367106975,False,False,True
BEND4,0.541366666666667,1822,83.42,1,0,False,2.064931553373351,1.5449894174169552e-119,118.81107449097904,up,True,2.7349994082303595,0.6700678548570085,False,False,True
C1QB,0.5410333333333331,1823,83.42,1,0,False,3.666277882844613,5.205229680558893e-265,264.2835601025034,up,True,11.820125231123962,8.15384734827935,False,False,True
COL28A1,0.5404999999999996,1824,83.41,1,0,False,3.672309762878352,5.7754253158855244e-154,153.23841602779245,up,True,5.095719785156461,1.4234100222781083,False,False,True
DMGDH,0.5403333333333333,1825,83.4,1,0,False,3.8048787437550895,7.779216177940695e-161,160.10906415966124,up,True,4.63936862327834,0.8344898795232506,False,False,True
CCDC144A,0.5402666666666666,1826,83.39,1,0,False,2.857668043023377,3.5472363187947345e-182,181.4501098776319,up,True,3.872152013304954,1.0144839702815769,False,False,True
LCK,0.5401666666666665,1827,83.38,1,0,False,3.939793205141111,0.0,300.0,up,True,7.9274785698439825,3.987685364702872,False,False,True
THEMIS,0.5398666666666663,1828,83.37,1,0,False,4.033332011030172,4.2110518824860095e-272,271.3756094077988,up,True,5.412953136958295,1.379621125928123,False,False,True
CYP27A1,0.5394666666666669,1829,83.36,1,0,False,2.799937732290433,4.215635675426748e-231,230.3751369288649,up,True,10.066575895480842,7.266638163190408,False,False,True
FKBP10,0.5393333333333333,1830,83.35,1,0,False,4.542143216053158,0.0,300.0,up,True,10.909474130650516,6.367330914597358,False,False,True
OAS1,0.5390000000000004,1831,83.34,1,0,False,6.649630670656572,0.0,300.0,up,True,10.28361521846127,3.633984547804697,False,False,True
KRTCAP3,0.5389666666666668,1832,83.33,1,0,False,5.17758778160603,0.0,300.0,up,True,9.40305910682255,4.22547132521652,False,False,True
C1QC,0.5386000000000005,1833,83.32,1,0,False,3.902765287825175,5.810861489227478e-293,292.2357594765112,up,True,11.58951677247947,7.686751484654295,False,False,True
FPR3,0.5385333333333334,1834,83.32,1,0,False,5.109484429220198,0.0,300.0,up,True,9.11770134849078,4.008216919270583,False,False,True
PDZD2,0.5383666666666665,1835,83.31,1,0,False,4.702936186615796,2.709935848246979e-293,292.5670409899677,up,True,8.310604089756849,3.607667903141053,False,False,True
LUM,0.5381666666666669,1836,83.3,1,0,False,3.8348390958308194,0.0,300.0,up,True,13.146615930619216,9.311776834788397,False,False,True
ITGAL,0.537966666666667,1837,83.29,1,0,False,4.614809859403292,0.0,300.0,up,True,9.30318830451017,4.688378445106879,False,False,True
ACSM3,0.5378000000000007,1838,83.28,1,0,False,5.95330513256932,0.0,300.0,up,True,7.81377862980668,1.86047349723736,False,False,True
MCF2L,0.5374666666666668,1839,83.27,1,0,False,5.19281704695948,0.0,300.0,up,True,8.958226128308652,3.7654090813491727,False,False,True
MYC,0.5373999999999998,1840,83.26,1,0,False,5.267187755493453,0.0,300.0,up,True,10.18624447262984,4.919056717136386,False,False,True
SLC38A4,0.5373666666666665,1841,83.25,1,0,False,3.543284309718166,9.867594743037088e-160,159.0057886950636,up,True,4.14395854076006,0.6006742310418942,False,False,True
COL4A6,0.5370333333333331,1842,83.24,1,0,False,2.241299154580608,1.189498847084161e-92,91.92463597456428,up,True,3.7447128782044223,1.5034137236238143,False,False,True
PLCB4,0.5368666666666667,1843,83.23,1,0,False,3.319400603968455,3.466744026936265e-152,151.46007822404684,up,True,6.239114730453548,2.919714126485093,False,False,True
PLCH1,0.5368666666666667,1843,83.23,1,0,False,6.889558457845384,0.0,300.0,up,True,8.799866467687963,1.9103080098425795,False,False,True
C16ORF54,0.5368,1845,83.22,1,0,False,4.335724320562691,0.0,300.0,up,True,6.716338485894465,2.3806141653317736,False,False,True
PCDHGB5,0.5366,1846,83.21,1,0,False,4.180310608886934,9.11172289514406e-191,190.04039949645087,up,True,6.359637483834532,2.179326874947597,False,False,True
TNFRSF13B,0.5365666666666671,1847,83.2,1,0,False,3.017753135927571,3.823685456858101e-155,154.4175178407603,up,True,3.905875828520981,0.8881226925934101,False,False,True
FCGR2C,0.5363333333333332,1848,83.19,1,0,False,3.121948621974001,5.7680723020034004e-248,247.2389693044321,up,True,6.835187288412315,3.713238666438314,False,False,True
PRR18,0.5359333333333332,1849,83.18,1,0,False,2.2688803290343285,4.872717148659948e-114,113.3122287978002,up,True,2.8044389075779543,0.5355585785436258,False,False,True
CDKN1C,0.5358333333333334,1850,83.17,1,0,False,2.3786192853633725,1.6076491584280392e-210,209.79380872249268,up,True,8.01689822660552,5.638278941242147,False,False,True
ENTPD3,0.5358333333333333,1851,83.16,1,0,False,6.238636856895928,0.0,300.0,up,True,7.704080405394858,1.4654435484989303,False,False,True
COL8A1,0.5357666666666667,1852,83.15,1,0,False,4.385490327417588,1.1193632618835533e-288,287.9510289509786,up,True,9.528705742249516,5.143215414831929,False,False,True
DIRAS3,0.5357,1853,83.14,1,0,False,2.79790165186499,1.0022016180102472e-135,134.99904490044372,up,True,5.041041835350954,2.243140183485964,False,False,True
NFKBIZ,0.5353666666666667,1854,83.13,1,0,False,3.2154787970579406,3.404073164231738e-288,287.4680011141337,up,True,9.566586871366006,6.3511080743080655,False,False,True
EOMES,0.5350333333333335,1855,83.12,1,0,False,2.678235915361176,9.736172863322269e-172,171.01161172391926,up,True,4.725250552324932,2.0470146369637567,False,False,True
SIRPG,0.5343666666666674,1856,83.11,1,0,False,4.589106649110665,3.4294204243626163e-304,300.0,up,True,5.717766845310277,1.128660196199612,False,False,True
MIR155HG,0.5343333333333337,1857,83.11,1,0,False,3.001114551529424,8.275195279618389e-245,244.08222174886825,up,True,4.835513119128218,1.8343985675987933,False,False,True
XK,0.5340333333333337,1858,83.1,1,0,False,5.095477896718379,7.122996804281431e-243,242.14733725050075,up,True,6.507762581275647,1.4122846845572672,False,False,True
PCOLCE,0.5339666666666663,1859,83.09,1,0,False,3.378949569425294,1.4034064155893445e-302,300.0,up,True,10.308585453677452,6.929635884252158,False,False,True
KCNF1,0.5337666666666667,1860,83.08,1,0,False,2.7511851946265304,7.015641983165458e-133,132.1539325816578,up,True,3.442592946739692,0.6914077521131615,False,False,True
CRISPLD2,0.5336000000000001,1861,83.07,1,0,False,2.9739447105808745,9.502492404560685e-290,289.0221624688608,up,True,9.93991685599488,6.965972145414004,False,False,True
SPTBN5,0.5334333333333333,1862,83.06,1,0,False,3.930510453655162,3.3494375393792487e-253,252.475028116561,up,True,5.993063892269083,2.062553438613921,False,False,True
LAMA1,0.5331666666666667,1863,83.05,1,0,False,3.857063008338369,4.90270929302092e-202,201.30956385755533,up,True,5.026519808585282,1.1694568002469123,False,False,True
COLEC12,0.533066666666667,1864,83.04,1,0,False,3.6129801308064167,1.3779291118242806e-231,230.8607731243264,up,True,9.03435659496252,5.421376464156104,False,False,True
SPEF2,0.5323000000000001,1865,83.03,1,0,False,4.528012215050402,0.0,300.0,up,True,6.590078441836991,2.062066226786589,False,False,True
SLAMF1,0.531933333333333,1866,83.02,1,0,False,3.5598673844772244,5.696132074258621e-271,270.2444199494174,up,True,5.706405877975187,2.1465384934979626,False,False,True
PLK4,0.5319000000000002,1867,83.01,1,0,False,5.8266647938938965,0.0,300.0,up,True,7.113997033888775,1.2873322399948783,False,False,True
PNCK,0.5318333333333329,1868,83.01,1,0,False,2.604230517282196,3.904840618601527e-100,99.40839668774686,up,True,3.219449687231109,0.6152191699489135,False,False,True
FCRL1,0.5315333333333335,1869,83.0,1,0,False,2.009144762490857,1.1675343111461438e-88,87.93273034765909,up,True,3.713589172811216,1.7044444103203582,False,False,True
FGF14,0.531466666666667,1871,82.98,1,0,False,5.357575262367838,0.0,300.0,up,True,6.825340592532108,1.4677653301642697,False,False,True
THBD,0.5312666666666662,1872,82.97,1,0,False,2.518822526826946,2.9973738197852957e-220,219.52325909030563,up,True,9.440664844991138,6.921842318164192,False,False,True
ANK2,0.5311000000000001,1873,82.96,1,0,False,5.3223234837708855,0.0,300.0,up,True,7.224877142609346,1.90255365883846,False,False,True
GPR34,0.531066666666666,1874,82.95,1,0,False,3.904800755133368,4.5729334514832174e-299,298.3398051187295,up,True,6.957452054184455,3.0526512990510875,False,False,True
RIMKLA,0.5308333333333332,1875,82.94,1,0,False,5.569344630748745,5.604856242404902e-296,295.25143552203974,up,True,7.406925846692264,1.8375812159435188,False,False,True
FANK1,0.5307333333333333,1876,82.93,1,0,False,4.350121534494278,0.0,300.0,up,True,6.61742784060297,2.267306306108692,False,False,True
SCNN1A,0.5307333333333333,1876,82.93,1,0,False,6.147645877376822,0.0,300.0,up,True,12.446325794560702,6.29867991718388,False,False,True
VSNL1,0.5307000000000005,1878,82.91,1,0,False,2.790681013385326,2.0831950881815024e-155,154.68127005710298,up,True,4.513144277165193,1.722463263779867,False,False,True
CD164L2,0.5306000000000001,1879,82.91,1,0,False,2.5852565528754177,7.981418619777005e-118,117.0979199101549,up,True,5.32133333584843,2.7360767829730124,False,False,True
HES6,0.5304333333333328,1880,82.9,1,0,False,4.7719208332630805,3.7009003238878976e-270,269.43169261157294,up,True,7.953084575314403,3.1811637420513224,False,False,True
PRSS8,0.5304,1881,82.89,1,0,False,5.841549846522363,0.0,300.0,up,True,12.182394279832378,6.340844433310015,False,False,True
P2RY12,0.53,1882,82.88,1,0,False,2.5192906285698564,4.550742891901966e-143,142.34191770059172,up,True,4.07629510871767,1.5570044801478142,False,False,True
TAS1R1,0.5297666666666663,1883,82.87,1,0,False,2.1815792414914963,8.320036459626716e-97,96.07987477056264,up,True,2.8335272929717177,0.6519480514802212,False,False,True
HCK,0.5297333333333334,1884,82.86,1,0,False,3.003226448038024,1.1414279188471478e-241,240.94255150899664,up,True,9.099099137928857,6.095872689890831,False,False,True
ATP10A,0.5297000000000002,1885,82.85,1,0,False,5.2010858688352055,0.0,300.0,up,True,8.359479913036777,3.158394044201571,False,False,True
ANO3,0.5289666666666663,1886,82.84,1,0,False,3.3740923596609087,2.31394546344398e-155,154.63564688099552,up,True,3.96306620897447,0.5889738493135613,False,False,True
BMP4,0.5280333333333332,1887,82.83,1,0,False,3.870184807679213,2.0009985938677745e-238,237.69875321654905,up,True,7.663021071936121,3.7928362642569073,False,False,True
FHOD3,0.5280000000000001,1888,82.82,1,0,False,5.316325460604276,4.7135529237238005e-276,275.3266516123012,up,True,6.64361380009893,1.3272883394946549,False,False,True
TRPM6,0.5279666666666665,1889,82.81,1,0,False,2.193147154992416,3.4043386843927164e-127,126.46796724017206,up,True,2.958228422703077,0.7650812677106618,False,False,True
PROX1,0.5270333333333332,1890,82.81,1,0,False,2.5616869015042534,1.5486845949788635e-117,116.8100370216261,up,True,4.208285007766034,1.646598106261781,False,False,True
VIPR2,0.5267999999999999,1891,82.8,1,0,False,2.528326284787352,2.741652042954177e-114,113.56198766457712,up,True,3.391573351309581,0.8632470665222288,False,False,True
CYS1,0.5267666666666664,1892,82.79,1,0,False,3.642341757232841,1.2327485812628977e-201,200.9091254886144,up,True,6.048779787963407,2.406438030730566,False,False,True
RNF39,0.5265000000000003,1893,82.78,1,0,False,4.41363953886844,2.1968982740182864e-262,261.65819005234454,up,True,6.761037041112691,2.347397502244251,False,False,True
DTL,0.5263666666666666,1894,82.77,1,0,False,6.790632789327507,0.0,300.0,up,True,8.05937935026496,1.2687465609374535,False,False,True
B3GALT2,0.5261333333333329,1895,82.76,1,0,False,3.075417777955214,1.5258265031029488e-159,158.81649484582326,up,True,4.600450726261444,1.5250329483062306,False,False,True
LINC00964,0.5259333333333334,1896,82.75,1,0,False,2.4669272250147483,1.0595815211174725e-118,117.97486562431467,up,True,2.9218722778517843,0.4549450528370358,False,False,True
NEGR1,0.5259000000000009,1897,82.74,1,0,False,3.0168408125358384,2.275885053872632e-195,194.642849676253,up,True,5.805273043095495,2.7884322305596565,False,False,True
CHST1,0.5258000000000003,1898,82.73,1,0,False,3.583175695496536,2.719080201379909e-252,251.5655779823709,up,True,6.495376685890052,2.9122009903935164,False,False,True
ENTPD2,0.5256333333333337,1899,82.72,1,0,False,4.218697382470173,3.538933425136414e-214,213.4511276072884,up,True,5.349385289404624,1.1306879069344509,False,False,True
PANX2,0.5255666666666665,1900,82.71,1,0,False,5.07456598655285,1.8898562124403333e-281,280.72357123737135,up,True,7.770563833034109,2.695997846481259,False,False,True
LTBP4,0.5254999999999999,1901,82.71,1,0,False,2.2636708060316053,2.0664644279570492e-197,196.68477206624723,up,True,10.618613369261343,8.354942563229738,False,False,True
AVPR1A,0.5246000000000002,1902,82.7,1,0,False,2.3371156472984844,1.4408910984766359e-133,132.84136884161342,up,True,3.279874599782106,0.9427589524836216,False,False,True
REN,0.5244666666666666,1903,82.69,1,0,False,2.023046830454815,1.3147987305869564e-107,106.88114072389324,up,True,2.6230630742805703,0.6000162438257552,False,False,True
OPN3,0.5241999999999999,1904,82.68,1,0,False,7.362283735136208,0.0,300.0,up,True,9.804401223684309,2.4421174885480985,False,False,True
HOXB3,0.5239333333333335,1905,82.67,1,0,False,3.829885561364268,2.554777275254961e-244,243.59264695554648,up,True,7.597103703789979,3.767218142425711,False,False,True
CAPN3,0.5236000000000002,1906,82.66,1,0,False,2.4997914533991503,1.621705632528211e-146,145.79002797489102,up,True,6.972025220851743,4.472233767452592,False,False,True
ELOVL6,0.5235666666666666,1907,82.65,1,0,False,5.033807444849703,5.664504191806937e-275,274.2468380974839,up,True,7.573432198657867,2.5396247538081647,False,False,True
OLFML2A,0.5235333333333334,1908,82.64,1,0,False,4.484017463459747,0.0,300.0,up,True,8.696481935575456,4.212464472115709,False,False,True
NPC2,0.5235000000000003,1909,82.63,1,0,False,5.365662095036097,0.0,300.0,up,True,13.23972847736025,7.874066382324154,False,False,True
ACTA2,0.5229333333333336,1910,82.62,1,0,False,2.798798832457507,6.915310850102585e-247,246.1601882931469,up,True,11.887458707766688,9.08865987530918,False,False,True
BCL11B,0.5220333333333332,1911,82.61,1,0,False,5.010084929015316,0.0,300.0,up,True,6.719532004551529,1.7094470755362126,False,False,True
GGT5,0.521666666666667,1912,82.61,1,0,False,3.824499302164196,0.0,300.0,up,True,9.445104732058352,5.620605429894156,False,False,True
TNFRSF25,0.5213,1913,82.6,1,0,False,3.025838384649937,1.660956979677211e-207,206.7796416160319,up,True,7.019088966246726,3.993250581596789,False,False,True
WFIKKN1,0.5212000000000001,1914,82.59,1,0,False,2.4224771604491053,3.034132464683903e-165,164.51796546263122,up,True,4.250930906834975,1.8284537463858688,False,False,True
EPHX4,0.5200000000000002,1915,82.58,1,0,False,4.772565168888611,2.5323682265825422e-242,241.5964731441738,up,True,5.475645778715919,0.7030806098273074,False,False,True
LYPD5,0.5200000000000001,1916,82.57,1,0,False,3.634297933717828,5.816528087251302e-242,241.2353361704145,up,True,5.857032273701824,2.2227343399839965,False,False,True
TMEM233,0.52,1917,82.56,1,0,False,2.0189915663597047,6.161306716149235e-108,107.210327171045,up,True,3.627362688366108,1.6083711220064032,False,False,True
CLEC7A,0.5191333333333338,1918,82.55,1,0,False,2.7453953179470387,9.479007000251244e-214,213.0232371560057,up,True,8.509419594647515,5.764024276700476,False,False,True
TMEM125,0.5189333333333331,1919,82.54,1,0,False,4.035279145580758,0.0,300.0,up,True,10.490185748945562,6.454906603364804,False,False,True
SLC37A2,0.5187999999999999,1920,82.53,1,0,False,4.439163483050986,0.0,300.0,up,True,7.976605653575822,3.5374421705248364,False,False,True
IL17RD,0.5185666666666671,1921,82.52,1,0,False,5.933865501991161,0.0,300.0,up,True,6.855914797696334,0.9220492957051736,False,False,True
MAPK8IP2,0.5177333333333333,1922,82.51,1,0,False,5.526770849322002,9.024472048523893e-270,269.04457819586213,up,True,6.622619154192483,1.0958483048704806,False,False,True
COL11A2,0.5170000000000001,1923,82.51,1,0,False,2.10329277672592,3.667894133218644e-88,87.43558320790454,up,True,3.816629804243221,1.7133370275173012,False,False,True
CREB5,0.5169666666666664,1924,82.5,1,0,False,3.715786511112597,1.1474238941135524e-275,274.9402761105512,up,True,6.976601849201689,3.260815338089092,False,False,True
SRCIN1,0.5166666666666667,1925,82.49,1,0,False,6.373457574362789,0.0,300.0,up,True,7.445355845646256,1.0718982712834677,False,False,True
FBXL16,0.5165666666666666,1926,82.48,1,0,False,5.309719625940347,1.5099418428462118e-260,259.8210397797382,up,True,6.990569648890988,1.6808500229506411,False,False,True
CD7,0.5165666666666665,1927,82.47,1,0,False,3.546018889651089,2.0683218813110528e-266,265.68438187350887,up,True,7.631307379153651,4.085288489502562,False,False,True
SLC19A3,0.5163666666666671,1928,82.46,1,0,False,2.630279867143926,3.0111149879322e-148,147.52127265940888,up,True,5.3812113124921925,2.7509314453482667,False,False,True
ITGAM,0.5162,1929,82.45,1,0,False,3.8300314210059234,1.7120657818216397e-277,276.7664795526651,up,True,8.8786846270233,5.048653206017377,False,False,True
ADAMTS2,0.5160333333333333,1930,82.44,1,0,False,2.3006617247066705,9.549040649508598e-153,152.02004025789824,up,True,7.489783188413855,5.189121463707185,False,False,True
COBL,0.5159999999999999,1931,82.43,1,0,False,5.348786421430717,4.088774089218295e-292,291.3884068841916,up,True,8.861032648382462,3.512246226951745,False,False,True
AASS,0.5157000000000003,1932,82.42,1,0,False,3.234302731444739,3.988096523052911e-260,259.3992343390961,up,True,8.618755796681638,5.384453065236899,False,False,True
ADAMTSL3,0.5151333333333334,1933,82.41,1,0,False,2.2784009875481344,1.7973959753966927e-136,135.74535623508612,up,True,6.298689877721526,4.020288890173392,False,False,True
CD180,0.5147666666666667,1934,82.4,1,0,False,5.765183674758055,0.0,300.0,up,True,7.206507573688843,1.4413238989307882,False,False,True
MGST1,0.5147333333333338,1935,82.4,1,0,False,7.131716425078938,0.0,300.0,up,True,12.34433375067206,5.21261732559312,False,False,True
FILIP1L,0.5141333333333331,1936,82.39,1,0,False,4.921979640763251,0.0,300.0,up,True,9.750110733687638,4.828131092924387,False,False,True
C3AR1,0.5137666666666663,1937,82.38,1,0,False,4.152303204996634,0.0,300.0,up,True,8.601817251378465,4.449514046381832,False,False,True
EFNB3,0.5136666666666666,1938,82.37,1,0,False,4.5862611046962485,3.2968401572595678e-285,284.4819021085144,up,True,6.0712538401113365,1.4849927354150876,False,False,True
CCDC85A,0.5133666666666671,1939,82.36,1,0,False,2.095847206655198,2.768410723565401e-133,132.5577694771685,up,True,5.706578503976037,3.61073129732084,False,False,True
TMEM171,0.5133666666666666,1940,82.35,1,0,False,3.2780911949377702,1.5850886839061002e-158,157.79994643448498,up,True,3.995628578236954,0.7175373832991836,False,False,True
PPP1R16B,0.5132333333333334,1941,82.34,1,0,False,4.120653346406189,0.0,300.0,up,True,8.075451468440402,3.954798122034213,False,False,True
SHE,0.5130666666666662,1942,82.33,1,0,False,4.269348219446782,6.387698390797311e-231,230.19465559821683,up,True,8.467887553111384,4.198539333664602,False,False,True
EPHA4,0.5127999999999999,1943,82.32,1,0,False,6.139019821669578,0.0,300.0,up,True,8.591240758824945,2.4522209371553667,False,False,True
VAT1L,0.5125999999999994,1944,82.31,1,0,False,3.192851352781078,7.619103920502705e-192,191.1180961028421,up,True,3.827083762621394,0.6342324098403161,False,False,True
PCLO,0.5125000000000001,1945,82.3,1,0,False,6.517430941223131,0.0,300.0,up,True,7.137914544158259,0.6204836029351289,False,False,True
RGMA,0.5123333333333336,1946,82.3,1,0,False,5.22960303264274,1.45187305756702e-309,300.0,up,True,6.990313266472871,1.7607102338301308,False,False,True
NOG,0.5118666666666667,1947,82.29,1,0,False,2.644646598422791,5.110511393732498e-137,136.2915356391288,up,True,4.031740225846769,1.387093627423978,False,False,True
IQGAP2,0.5116666666666667,1948,82.28,1,0,False,4.914875985861288,0.0,300.0,up,True,8.381000577220181,3.4661245913588927,False,False,True
WFDC10B,0.5115666666666667,1949,82.27,1,0,False,2.102448972513238,1.6782775897928414e-97,96.77513620456531,up,True,3.327395604829986,1.2249466323167486,False,False,True
CADM2,0.5114666666666666,1950,82.26,1,0,False,2.0914204468531445,1.3211759131209204e-83,82.8790393527024,up,True,2.638541348365715,0.5471209015125704,False,False,True
RIC3,0.5114666666666664,1951,82.25,1,0,False,2.1072062004943075,1.8331069648120645e-95,94.73681219249973,up,True,4.5515770045073,2.444370804012993,False,False,True
SLC10A4,0.5112666666666669,1952,82.24,1,0,False,2.7935835874480306,2.291630269204897e-130,129.63985544996677,up,True,3.46340319670424,0.6698196092562089,False,False,True
RGS18,0.5111,1953,82.23,1,0,False,2.553040877482135,1.0377299417942194e-198,197.98391565231444,up,True,5.392674564473526,2.839633686991391,False,False,True
PRC1,0.5109,1954,82.22,1,0,False,6.42968274848637,0.0,300.0,up,True,9.169168635683704,2.739485887197333,False,False,True
P2RX5,0.5108333333333333,1955,82.21,1,0,False,3.5986511787655924,1.4424448058561779e-272,271.84090079582955,up,True,6.013454625042352,2.414803446276759,False,False,True
ARID5A,0.5097666666666669,1956,82.2,1,0,False,2.1780543199468,3.9701499379629967e-191,190.4011930912217,up,True,8.946963586957017,6.768909267010216,False,False,True
HOXC5,0.5094333333333333,1957,82.2,1,0,False,2.700895517777591,2.281978262080952e-129,128.64168849694815,up,True,3.225280977713106,0.524385459935515,False,False,True
FN1,0.5089666666666666,1958,82.19,1,0,False,5.612011286067261,0.0,300.0,up,True,15.557912106437156,9.945900820369896,False,False,True
KCNN2,0.5086333333333333,1959,82.18,1,0,False,3.237040471547062,1.1177167478823838e-245,244.95166824154583,up,True,4.584039135837651,1.346998664290589,False,False,True
HAP1,0.5085999999999998,1960,82.17,1,0,False,2.153437558074512,2.552076206974174e-106,105.59310636138731,up,True,3.234404803254204,1.0809672451796917,False,False,True
ZNF703,0.5084666666666671,1961,82.16,1,0,False,2.034748012853385,1.3013116243957265e-122,121.88561869071768,up,True,6.682368579851113,4.647620566997728,False,False,True
PPM1H,0.5084333333333331,1962,82.15,1,0,False,6.851529518454383,0.0,300.0,up,True,8.830881964781385,1.979352446327003,False,False,True
KCNMB2,0.5083666666666666,1963,82.14,1,0,False,2.179273567602474,1.2601405211140006e-128,127.899581023024,up,True,2.913395802193382,0.7341222345909076,False,False,True
DNAJC5B,0.5081333333333335,1964,82.13,1,0,False,3.8612638787831273,1.0139651692156775e-254,253.9939769632248,up,True,4.895648496730851,1.0343846179477234,False,False,True
CHAC1,0.5080333333333332,1965,82.12,1,0,False,3.773930339171619,0.0,300.0,up,True,6.456195994621564,2.682265655449945,False,False,True
TMEM92,0.5071666666666667,1966,82.11,1,0,False,6.729668155810554,0.0,300.0,up,True,8.344786658289932,1.6151185024793775,False,False,True
EMILIN1,0.5071666666666664,1967,82.1,1,0,False,3.047443984029086,8.501057223378953e-263,262.0705270604354,up,True,10.513706417126716,7.46626243309763,False,False,True
SEMA6A,0.5070333333333339,1968,82.1,1,0,False,2.591470305835446,3.402269288895229e-216,215.46823131504647,up,True,6.884567914368076,4.29309760853263,False,False,True
DNAJA4,0.5065999999999998,1969,82.09,1,0,False,4.182258699771208,0.0,300.0,up,True,9.28087151592426,5.098612816153053,False,False,True
PDCD1LG2,0.5063333333333333,1970,82.08,1,0,False,3.2638138208825,2.4679832287275222e-241,240.6076577958932,up,True,6.441491433844798,3.177677612962299,False,False,True
HLA-F,0.5062999999999999,1971,82.07,1,0,False,3.843295102253397,0.0,300.0,up,True,11.029599408719896,7.186304306466499,False,False,True
ATP8A1,0.5062666666666666,1972,82.06,1,0,False,5.501439339396553,0.0,300.0,up,True,9.653326197302553,4.151886857906,False,False,True
WNT4,0.5061999999999999,1973,82.05,1,0,False,5.143649690246415,2.0644181978663146e-251,250.6852023212752,up,True,6.164356931804587,1.0207072415581724,False,False,True
SLC40A1,0.5059000000000003,1974,82.04,1,0,False,4.778608075094691,0.0,300.0,up,True,11.658448857228423,6.879840782133733,False,False,True
IRAK3,0.5059,1975,82.03,1,0,False,3.748194923141102,7.342936943942581e-276,275.13413020119646,up,True,8.804283849922193,5.056088926781091,False,False,True
MKX,0.5058999999999999,1976,82.02,1,0,False,3.477042042788397,1.435798842982012e-183,182.8429064009728,up,True,4.414060257686189,0.937018214897792,False,False,True
TLL1,0.5058333333333335,1977,82.01,1,0,False,3.5730348663763496,2.220471223743292e-269,268.6535548507049,up,True,5.1656144176894685,1.592579551313119,False,False,True
GNA14,0.5054666666666667,1978,82.0,1,0,False,3.488229411961197,7.905450683683707e-271,270.1020733662305,up,True,7.668228589204021,4.179999177242824,False,False,True
IL32,0.5053666666666664,1979,82.0,1,0,False,4.230585440124115,0.0,300.0,up,True,11.129779615831886,6.899194175707771,False,False,True
PLXNA4,0.5046999999999996,1980,81.99,1,0,False,4.557195828502726,4.415691626773636e-292,291.3550012635096,up,True,6.184560587129058,1.6273647586263311,False,False,True
ARHGAP20,0.5045333333333336,1981,81.98,1,0,False,3.976987948005745,1.518137366183428e-232,231.8186889302348,up,True,6.743794317841035,2.7668063698352894,False,False,True
CACNA1H,0.5042666666666669,1982,81.97,1,0,False,2.8780053913323167,2.5015590773692083e-164,163.6017892362655,up,True,7.107574921898343,4.229569530566026,False,False,True
TUSC3,0.5028333333333329,1983,81.96,1,0,False,4.63981568441811,4.867884854906582e-277,276.31265970313507,up,True,9.003129194535042,4.363313510116932,False,False,True
GPRIN1,0.5022333333333334,1984,81.95,1,0,False,6.4644000491967,0.0,300.0,up,True,7.4770489760567855,1.0126489268600856,False,False,True
ZBTB7C,0.5016999999999997,1985,81.94,1,0,False,4.905317346322536,5.303961920499224e-247,246.27539960258525,up,True,7.329889204147,2.424571857824464,False,False,True
SLAMF8,0.5014333333333334,1986,81.93,1,0,False,5.409891347995711,0.0,300.0,up,True,9.303930902482236,3.894039554486525,False,False,True
CENPI,0.5012333333333333,1987,81.92,1,0,False,4.32941328894889,3.9869104569493614e-256,255.3993635181599,up,True,5.28560504222909,0.9561917532801996,False,False,True
SULT1A1,0.5012333333333329,1988,81.91,1,0,False,5.696542762897384,0.0,300.0,up,True,8.880986688610207,3.184443925712824,False,False,True
ATG9B,0.5009666666666668,1989,81.9,1,0,False,4.261636096779266,7.188865864298824e-249,248.14333961973225,up,True,5.822790256691421,1.5611541599121554,False,False,True
SIGLEC5,0.5009666666666662,1990,81.9,1,0,False,2.597620837025976,1.158984959070471e-191,190.93592220013224,up,True,5.577108089044732,2.979487252018756,False,False,True
COL13A1,0.5009333333333337,1991,81.89,1,0,False,2.5872154679035884,1.5151302828115857e-161,160.81955002150264,up,True,5.619661107752866,3.0324456398492776,False,False,True
ADAMTS12,0.5006999999999997,1992,81.88,1,0,False,4.089754706368938,1.8548983079148872e-242,241.73167989495568,up,True,6.89453458397052,2.804779877601582,False,False,True
PAK3,0.5006333333333329,1993,81.87,1,0,False,2.388788233020166,7.411184566182592e-83,82.13011237104351,up,True,3.191806905705282,0.8030186726851157,False,False,True
OLFML1,0.5002333333333339,1994,81.86,1,0,False,2.428212389875031,1.872065990132752e-214,213.72767884649247,up,True,7.358935874914125,4.930723485039094,False,False,True
AVIL,0.5002333333333332,1995,81.85,1,0,False,2.801867409701471,9.705723779328364e-180,179.01297207267666,up,True,5.647035946931203,2.8451685372297315,False,False,True
SAMD9L,0.5001333333333335,1996,81.84,1,0,False,5.035190634854829,0.0,300.0,up,True,9.57725999021015,4.542069355355321,False,False,True
