gene,repeat_1,repeat_2,repeat_3,repeat_4,repeat_5
A2M,4,2,1,1,4
A4GALT,4,1,4,2,1
AADAC,1,4,2,3,3
AADAT,2,4,4,3,4
AAK1,3,2,2,0,3
AAMDC,4,1,4,0,0
AARD,1,2,1,0,4
AARS2,0,1,0,2,4
AASDH,0,3,1,4,0
AASS,4,4,0,0,3
AATK,2,1,2,4,3
ABAT,1,1,0,3,1
ABCA1,0,1,2,1,0
ABCA13,2,4,4,1,4
ABCA2,1,1,1,0,3
ABCA3,2,1,0,4,3
ABCA4,0,3,4,2,0
ABCA5,2,2,0,4,1
ABCA6,2,0,0,0,1
ABCA7,4,0,1,3,0
ABCA8,3,2,1,3,3
ABCA9,0,1,2,4,0
ABCB1,3,3,2,3,1
ABCB10,1,2,4,2,2
ABCB8,0,0,1,2,0
ABCC1,2,1,1,2,4
ABCC10,4,4,1,1,1
ABCC3,0,0,0,4,1
ABCC4,2,0,4,1,4
ABCC5,1,4,1,3,2
ABCC6,2,1,3,3,2
ABCC9,4,0,4,0,0
ABCD1,3,4,3,1,0
ABCD2,1,0,2,2,0
ABCD3,3,2,1,4,4
ABCD4,3,2,0,1,1
ABCE1,3,0,4,3,2
ABCF1,3,1,2,3,1
ABCF2,3,3,2,4,0
ABCF3,0,3,0,3,3
ABCG1,4,3,3,4,4
ABCG2,2,4,1,3,0
ABHD10,4,2,0,2,1
ABHD12,1,4,4,0,0
ABHD13,1,4,4,4,1
ABHD14A,2,3,1,3,2
ABHD15,3,3,2,0,0
ABHD17B,0,4,2,4,0
ABHD17C,1,0,2,1,4
ABHD18,1,2,1,1,4
ABHD2,3,1,3,2,2
ABHD3,3,3,1,2,1
ABHD4,3,4,3,0,1
ABHD5,4,1,3,1,2
ABHD6,4,1,3,2,2
ABHD8,0,1,4,2,4
ABI2,0,2,0,4,0
ABI3,0,3,1,2,3
ABI3BP,3,4,4,2,1
ABL1,0,1,0,2,1
ABL2,3,0,1,2,2
ABLIM1,2,4,0,1,4
ABLIM2,0,2,0,1,4
ABLIM3,0,4,4,3,0
ABO,2,0,2,3,0
ABR,4,0,4,0,2
ABRACL,1,0,3,0,2
ABRAXAS1,3,4,3,1,0
ABTB2,2,3,4,2,4
AC007906.2,3,3,2,0,0
AC011005.1,4,0,1,0,1
AC013470.2,1,1,0,2,3
AC055839.2,1,4,4,2,1
AC069544.2,1,4,1,4,4
AC072022.2,4,2,1,0,2
AC073111.3,0,4,1,3,4
AC090004.1,3,3,4,0,1
AC119396.1,2,3,3,3,4
AC136428.1,0,1,1,4,1
AC233723.1,3,2,1,1,0
ACACA,3,4,1,1,0
ACACB,1,1,1,2,1
ACAD10,3,0,4,2,0
ACAD8,1,0,0,4,1
ACADL,0,4,0,0,2
ACADM,0,3,0,0,3
ACADS,4,4,3,1,1
ACADSB,3,1,1,3,4
ACADVL,2,0,4,3,1
ACAP1,3,0,0,2,2
ACAP2,4,3,3,4,4
ACAP3,0,2,0,1,1
ACAT2,2,3,3,1,2
ACBD3,4,0,3,2,3
ACBD4,4,4,0,2,1
ACBD5,4,3,3,0,2
ACBD7,0,0,1,1,4
ACCS,4,1,1,3,2
ACD,2,3,1,0,2
ACE,1,1,0,1,3
ACER2,0,2,4,1,1
ACER3,0,0,3,2,1
ACHE,2,3,1,4,4
ACIN1,0,1,0,1,2
ACKR1,1,0,1,2,3
ACKR2,1,3,4,0,3
ACKR3,0,2,1,2,1
ACKR4,0,4,2,4,1
ACLY,3,1,0,1,1
ACO1,0,4,4,3,0
ACO2,1,3,4,4,0
ACOT1,0,0,3,0,2
ACOT11,3,0,4,1,1
ACOT13,1,1,2,4,2
ACOT2,1,3,4,4,3
ACOT4,1,1,3,2,4
ACOT7,1,0,0,4,3
ACOT8,1,0,2,3,0
ACOT9,0,3,3,4,1
ACOX2,0,4,1,3,0
ACOXL,3,3,2,3,0
ACP2,4,2,1,4,4
ACP3,3,1,1,2,2
ACP5,0,1,0,4,1
ACP6,0,1,2,4,2
ACRBP,2,3,0,1,3
ACSF2,1,2,4,4,3
ACSF3,2,3,2,0,2
ACSL1,4,1,3,0,2
ACSL3,0,2,4,3,3
ACSL4,4,3,2,0,2
ACSL5,2,0,4,4,0
ACSM1,4,4,1,4,2
ACSM3,1,1,0,2,0
ACSS1,1,1,1,0,3
ACSS2,4,4,0,0,3
ACSS3,3,3,0,1,4
ACTA1,4,0,2,2,4
ACTA2,2,3,1,0,0
ACTG2,0,4,0,1,0
ACTN1,1,0,3,1,4
ACTN4,4,4,1,0,0
ACTR1B,2,0,0,0,0
ACTR2,3,2,1,4,3
ACTR3,4,2,2,0,3
ACTR3B,1,2,3,2,4
ACTR3C,3,0,3,3,4
ACTR6,4,4,3,1,4
ACTRT3,0,1,4,1,1
ACVR1,1,4,0,1,0
ACVR1B,1,2,4,0,1
ACVR2A,2,1,0,2,2
ACVR2B,4,2,4,1,1
ACVRL1,0,4,0,2,3
ACY3,4,4,0,0,1
ACYP1,0,1,4,3,1
ADA,1,1,1,4,2
ADA2,0,3,0,2,0
ADAL,0,0,0,3,3
ADAM12,4,2,4,4,4
ADAM15,4,0,4,4,2
ADAM17,0,2,0,1,2
ADAM19,0,2,2,1,1
ADAM22,2,0,3,0,3
ADAM23,0,2,1,4,2
ADAM28,0,3,0,0,3
ADAM33,1,2,1,3,0
ADAM8,0,1,2,0,3
ADAM9,1,0,4,4,1
ADAMDEC1,1,1,3,2,1
ADAMTS1,0,1,4,0,4
ADAMTS10,2,2,3,4,4
ADAMTS12,3,3,2,0,2
ADAMTS13,0,0,4,0,2
ADAMTS14,4,1,4,2,2
ADAMTS15,3,3,2,1,1
ADAMTS16,0,1,3,4,1
ADAMTS17,1,0,2,4,4
ADAMTS2,0,4,3,3,4
ADAMTS3,2,3,4,1,0
ADAMTS4,4,1,0,1,0
ADAMTS5,4,0,4,2,0
ADAMTS7,1,3,0,4,0
ADAMTS8,4,3,2,4,4
ADAMTS9,4,0,3,3,3
ADAMTSL1,3,0,3,2,4
ADAMTSL2,3,2,4,0,4
ADAMTSL3,3,4,0,0,0
ADAMTSL4,2,1,3,3,4
ADAMTSL5,0,0,0,0,0
ADAP1,0,4,4,2,1
ADAP2,4,0,4,3,0
ADAR,3,4,1,0,1
ADARB1,3,2,1,1,2
ADAT1,0,4,0,4,0
ADAT2,2,0,1,3,3
ADCK1,2,2,3,1,3
ADCK5,4,2,1,4,0
ADCY1,0,4,2,0,1
ADCY3,1,3,0,4,0
ADCY4,4,0,1,1,4
ADCY5,0,4,4,3,0
ADCY6,1,3,3,4,1
ADCY7,4,1,2,1,1
ADCY9,1,4,4,3,3
ADCYAP1,3,3,3,1,4
ADD1,0,4,2,2,1
ADD2,1,4,1,1,2
ADD3,3,4,2,2,0
ADGRA2,3,3,2,4,0
ADGRA3,2,3,3,0,3
ADGRB1,2,0,3,3,3
ADGRB2,1,4,1,0,1
ADGRB3,0,2,2,4,0
ADGRD1,1,2,1,3,3
ADGRE1,1,2,3,0,2
ADGRE2,2,4,4,2,2
ADGRE3,4,2,2,2,2
ADGRE5,0,0,3,3,4
ADGRF1,0,1,0,3,0
ADGRF5,4,2,1,0,4
ADGRG1,1,2,1,2,2
ADGRG2,2,2,4,4,2
ADGRG3,3,1,3,4,1
ADGRG5,0,4,1,1,0
ADGRG6,1,0,2,4,4
ADGRL1,0,4,2,2,2
ADGRL2,0,3,1,3,0
ADGRL3,4,4,3,4,1
ADGRL4,3,0,0,4,1
ADGRV1,2,3,2,0,2
ADH1B,4,1,4,4,0
ADH1C,2,0,4,0,0
ADH6,0,2,2,0,1
ADHFE1,1,1,3,0,3
ADIPOR2,1,3,4,2,4
ADK,3,3,3,0,3
ADM,2,4,1,4,4
ADM2,1,1,1,3,4
ADM5,3,0,4,3,4
ADNP,0,0,0,3,3
ADNP2,3,1,2,1,1
ADORA1,3,2,2,2,0
ADORA2B,2,1,0,3,3
ADORA3,0,3,3,1,2
ADPRH,4,2,1,4,0
ADPRHL1,0,2,1,3,3
ADPRM,0,4,1,4,3
ADPRS,1,3,1,2,3
ADRA1B,0,1,4,0,4
ADRA2A,4,0,2,1,0
ADRA2B,3,1,0,0,2
ADRA2C,4,1,3,1,3
ADRB1,1,1,3,4,1
ADRB2,1,3,4,2,0
ADRM1,1,4,4,0,3
ADSS1,4,4,0,2,4
ADSS2,0,1,0,0,1
ADTRP,3,4,4,0,1
AEBP1,2,1,0,3,2
AEBP2,1,4,2,2,1
AEN,0,2,1,2,3
AFAP1,4,2,3,1,1
AFAP1L1,1,4,2,1,0
AFAP1L2,0,0,2,1,1
AFDN,2,0,0,1,1
AFF1,0,0,4,3,1
AFF2,2,1,3,4,3
AFF3,2,0,0,0,0
AFF4,2,0,0,2,4
AFG3L2,3,3,0,4,1
AFMID,2,1,3,0,4
AFTPH,3,1,3,3,2
AGA,3,1,4,4,2
AGAP1,3,1,1,4,2
AGAP2,2,2,2,4,2
AGAP3,2,2,3,1,4
AGAP4,2,4,0,3,4
AGAP9,3,4,4,3,3
AGBL2,4,3,3,0,2
AGBL3,1,0,1,3,0
AGBL5,2,2,3,1,4
AGER,0,0,3,0,1
AGFG1,4,3,0,0,2
AGFG2,2,1,2,2,3
AGGF1,1,1,2,2,2
AGK,4,1,3,0,3
AGL,3,2,1,0,1
AGO1,2,1,1,2,4
AGO2,4,4,3,2,1
AGO3,0,4,0,3,3
AGO4,3,0,2,0,0
AGPAT1,0,3,2,3,0
AGPAT2,1,4,1,2,1
AGPAT3,0,2,0,4,2
AGPAT4,4,2,0,0,2
AGPAT5,2,3,3,1,2
AGR2,4,3,0,4,0
AGR3,4,4,1,1,0
AGRN,4,4,4,3,2
AGRP,0,4,3,2,0
AGT,1,1,3,2,4
AGTPBP1,0,4,2,3,3
AGTR1,0,0,4,1,3
AGTR2,2,4,1,0,4
AGTRAP,3,4,3,1,4
AHCTF1,3,4,1,4,3
AHCY,2,4,4,3,3
AHCYL2,1,2,2,0,0
AHDC1,0,3,2,0,0
AHI1,4,3,0,1,3
AHNAK,3,4,3,1,1
AHNAK2,0,1,0,3,1
AHR,0,4,4,0,4
AHSA1,1,0,3,1,3
AIDA,1,3,4,1,1
AIF1,3,3,1,1,1
AIF1L,4,3,2,1,2
AIG1,1,2,0,2,1
AIM2,3,3,0,2,3
AIMP1,2,1,0,1,1
AIMP2,2,3,2,3,4
AJM1,0,0,0,2,1
AJUBA,4,4,3,4,2
AK1,0,1,2,2,3
AK3,0,1,2,1,0
AK4,0,3,1,1,1
AK7,2,3,0,4,3
AK8,4,2,4,4,3
AK9,0,2,2,4,4
AKAP1,4,0,2,0,0
AKAP10,4,1,4,1,0
AKAP11,1,1,0,0,4
AKAP12,4,0,0,2,4
AKAP13,3,0,4,1,3
AKAP14,3,4,4,2,1
AKAP17A,2,0,0,2,2
AKAP5,2,0,4,3,2
AKAP6,0,3,1,4,2
AKAP7,4,2,4,3,4
AKAP9,3,3,0,1,4
AKIRIN1,1,0,4,1,3
AKNA,4,1,3,3,1
AKR1A1,0,1,1,4,3
AKR1B1,1,1,3,0,1
AKR1B10,3,1,2,3,4
AKR1C1,3,3,1,1,4
AKR1C2,1,2,4,3,3
AKR1C3,2,2,1,4,3
AKR1E2,3,4,2,2,1
AKR7A2,3,1,4,1,2
AKR7A3,2,4,0,2,1
AKT2,2,4,1,2,0
AKT3,2,2,0,0,1
AL121753.1,1,0,1,1,4
ALAD,4,2,3,2,4
ALAS1,1,0,0,2,1
ALAS2,1,3,0,2,2
ALCAM,3,0,1,2,3
ALDH16A1,3,2,0,1,2
ALDH18A1,3,0,3,0,2
ALDH1A1,0,3,1,4,4
ALDH1A2,2,1,2,0,1
ALDH1A3,0,4,4,1,1
ALDH1B1,2,0,4,4,4
ALDH1L1,2,0,4,4,1
ALDH1L2,3,3,2,3,2
ALDH2,2,4,2,1,4
ALDH3A1,2,4,2,1,2
ALDH3A2,4,0,1,0,1
ALDH3B1,4,4,1,0,0
ALDH3B2,2,2,1,1,3
ALDH4A1,1,3,1,4,1
ALDH5A1,2,1,0,1,2
ALDH6A1,0,3,2,4,3
ALDH7A1,4,4,0,0,3
ALDH9A1,0,2,4,3,1
ALDOA,2,3,0,3,1
ALDOC,2,4,4,0,3
ALG10,3,2,2,2,1
ALG10B,3,4,1,3,3
ALG1L,3,1,1,1,4
ALG3,2,4,3,4,3
ALG9,3,4,3,4,3
ALKAL1,4,4,0,0,3
ALKAL2,3,4,1,1,4
ALKBH4,4,3,4,3,1
ALKBH5,1,1,1,2,2
ALKBH6,4,0,4,1,2
ALKBH7,4,0,3,1,3
ALKBH8,4,3,2,1,1
ALMS1,1,0,1,4,0
ALOX12,4,0,1,0,0
ALOX15,1,3,2,2,0
ALOX15B,1,1,3,3,3
ALOX5,2,1,1,1,4
ALOX5AP,1,0,0,3,1
ALPG,1,0,2,2,1
ALPK1,3,0,2,2,3
ALPK3,4,4,3,1,3
ALPL,1,1,1,1,2
ALPP,2,4,2,0,3
ALS2,1,2,0,3,4
ALS2CL,0,0,2,4,1
AMACR,0,4,3,0,4
AMBP,0,1,0,4,2
AMD1,2,0,0,1,0
AMDHD1,0,4,3,4,1
AMDHD2,4,0,3,0,1
AMER1,2,4,0,3,3
AMIGO1,2,2,3,2,2
AMIGO2,4,4,4,1,0
AMMECR1,3,0,1,0,4
AMMECR1L,0,4,1,4,1
AMN,3,2,2,3,1
AMOT,0,0,2,0,2
AMOTL1,0,4,4,1,4
AMOTL2,2,4,4,4,4
AMPD1,0,1,4,2,3
AMPD3,1,0,4,0,4
AMPH,0,4,3,3,4
AMY2B,1,0,1,0,2
AMZ1,0,0,0,2,2
ANAPC1,4,4,0,0,2
ANAPC11,0,1,4,4,4
ANAPC4,1,2,4,2,3
ANAPC5,4,4,0,3,2
ANG,1,1,4,1,0
ANGEL1,2,4,4,4,0
ANGEL2,1,1,0,3,2
ANGPT1,0,0,2,1,0
ANGPT2,1,2,3,0,2
ANGPTL1,3,1,2,3,2
ANGPTL2,3,1,2,1,1
ANGPTL4,3,4,0,0,4
ANK2,4,2,2,0,4
ANK3,2,2,3,4,4
ANKDD1A,1,0,4,0,0
ANKDD1B,4,4,1,2,4
ANKEF1,3,4,0,1,2
ANKFN1,4,2,1,2,0
ANKFY1,4,4,1,4,1
ANKH,4,3,4,1,3
ANKIB1,0,3,1,0,1
ANKK1,2,3,4,2,2
ANKLE2,1,0,3,1,3
ANKMY1,1,4,1,2,0
ANKRA2,3,2,2,3,4
ANKRD1,4,2,3,1,2
ANKRD10,0,1,3,2,2
ANKRD11,4,1,2,0,3
ANKRD12,1,3,3,0,0
ANKRD13A,0,4,0,3,4
ANKRD13B,0,1,3,0,4
ANKRD13C,2,3,4,0,4
ANKRD16,3,3,2,0,1
ANKRD17,0,4,1,2,0
ANKRD22,4,1,2,2,3
ANKRD26,4,4,3,0,0
ANKRD27,2,2,0,0,2
ANKRD28,1,4,2,1,4
ANKRD29,0,2,4,4,3
ANKRD33B,4,3,4,2,3
ANKRD35,4,4,1,1,0
ANKRD36C,2,2,2,4,0
ANKRD37,2,4,1,1,1
ANKRD40,4,4,2,1,4
ANKRD42,4,1,2,2,4
ANKRD44,0,2,3,3,3
ANKRD45,1,3,4,3,0
ANKRD46,2,4,0,0,1
ANKRD49,3,3,0,3,0
ANKRD50,0,0,0,4,4
ANKRD52,1,3,0,2,0
ANKRD53,4,4,1,0,3
ANKRD54,0,0,2,3,1
ANKRD6,4,2,4,4,2
ANKRD61,1,3,2,3,4
ANKRD65,0,4,0,0,3
ANKRD66,3,0,2,3,2
ANKRD9,3,2,3,4,3
ANKS1A,4,4,4,4,4
ANKS3,3,3,0,0,2
ANKS6,0,1,4,3,1
ANKZF1,3,0,1,2,0
ANLN,4,4,2,4,3
ANO1,0,3,2,3,0
ANO10,3,1,2,4,4
ANO3,1,0,2,0,1
ANO4,3,1,0,0,1
ANO5,4,3,1,3,4
ANO6,2,0,0,4,2
ANO8,0,1,1,4,3
ANO9,2,4,0,3,1
ANOS1,0,1,3,4,2
ANP32E,0,4,1,4,0
ANPEP,0,0,0,4,4
ANTKMT,4,0,4,0,0
ANTXR1,2,0,0,0,4
ANTXR2,3,1,0,3,3
ANXA1,1,4,2,2,1
ANXA2,2,4,3,2,4
ANXA2R,4,2,3,2,4
ANXA3,3,2,0,0,3
ANXA4,1,3,3,1,1
ANXA5,1,0,2,2,2
ANXA6,1,2,2,0,2
ANXA8,1,3,4,2,4
ANXA8L1,2,4,2,0,0
ANXA9,2,2,1,4,3
AOAH,0,3,4,1,2
AOC1,3,1,4,4,4
AOC2,3,4,0,2,4
AOC3,3,3,1,2,0
AOPEP,1,4,2,4,2
AOX1,2,2,3,4,2
AP1B1,2,2,0,4,2
AP1G1,2,3,3,0,0
AP1G2,2,2,3,4,0
AP1M1,3,4,2,1,0
AP1M2,2,4,1,3,2
AP1S1,3,2,1,1,4
AP1S2,3,2,0,0,4
AP1S3,0,4,2,3,4
AP2A1,4,4,2,4,1
AP2A2,2,1,4,0,2
AP2B1,0,0,4,3,3
AP2S1,1,1,4,2,1
AP3D1,0,2,2,4,2
AP3M2,1,2,3,2,4
AP3S2,4,3,2,2,1
AP4E1,3,0,1,2,3
AP4M1,3,1,2,4,2
AP5B1,4,2,3,4,1
AP5M1,4,0,2,2,1
AP5Z1,1,4,1,2,3
APAF1,1,2,4,3,3
APBA1,4,0,3,4,0
APBA2,4,3,2,2,4
APBB1,0,2,1,2,3
APBB1IP,0,3,4,1,2
APBB2,0,2,2,0,3
APBB3,3,2,3,1,2
APC,3,0,4,0,0
APCDD1,4,2,4,1,1
APEX1,2,3,3,4,1
APH1A,4,1,1,1,4
APH1B,1,3,1,1,4
APIP,0,3,1,1,2
APLN,3,2,3,2,3
APLNR,3,3,2,0,1
APLP1,3,4,3,3,0
APLP2,3,4,4,1,0
APOBEC2,0,4,3,0,0
APOBEC3A,0,0,4,2,1
APOBEC3B,3,1,3,1,4
APOBEC3C,1,2,1,4,4
APOBEC3F,0,3,1,0,3
APOBEC3G,2,3,2,3,3
APOBEC3H,0,4,0,4,2
APOBEC4,1,1,1,0,3
APOBR,0,3,4,2,1
APOC1,2,3,1,2,1
APOD,2,1,0,0,0
APOE,0,2,4,3,2
APOH,2,1,4,3,2
APOL1,4,1,2,3,3
APOL2,2,0,0,3,1
APOL3,3,3,3,3,0
APOL4,3,3,0,1,3
APOL6,1,4,3,4,4
APOLD1,2,3,3,3,1
APOM,3,4,0,2,2
APOO,2,2,3,0,0
APOOL,4,3,2,0,3
APP,0,1,0,2,2
APPBP2,1,3,2,2,3
APPL1,2,4,4,1,0
APPL2,1,1,3,3,1
APRT,4,3,0,2,1
AQP1,0,3,3,4,4
AQP11,0,0,3,4,4
AQP3,3,3,3,3,0
AQP4,0,4,0,1,3
AQP5,2,2,4,4,1
AQP7,2,1,1,2,2
AQP9,0,3,1,0,3
AQR,4,1,1,0,1
AR,0,2,1,1,4
ARAP1,4,4,1,3,2
ARAP2,4,0,4,3,4
ARAP3,4,4,0,4,4
ARC,3,2,4,3,1
AREG,1,3,3,2,4
AREL1,3,2,3,3,3
ARF5,1,2,0,3,3
ARFGAP1,3,1,3,2,2
ARFGEF1,1,4,3,1,1
ARFGEF2,3,4,3,0,0
ARFGEF3,3,1,3,3,2
ARFIP1,2,0,2,3,1
ARFRP1,4,1,4,3,1
ARG2,3,0,1,3,3
ARGLU1,2,2,1,1,3
ARHGAP1,3,2,3,4,0
ARHGAP10,0,2,1,3,4
ARHGAP11A,0,0,3,3,2
ARHGAP12,2,2,0,2,3
ARHGAP15,3,1,1,3,0
ARHGAP17,4,4,2,2,2
ARHGAP18,2,1,3,4,3
ARHGAP19,4,1,0,3,1
ARHGAP20,0,0,0,1,4
ARHGAP21,1,3,1,2,4
ARHGAP22,3,3,1,0,1
ARHGAP23,0,3,3,2,2
ARHGAP24,3,2,0,2,2
ARHGAP25,3,0,2,1,0
ARHGAP26,0,4,4,2,1
ARHGAP27,2,1,3,4,2
ARHGAP28,4,4,0,0,2
ARHGAP29,2,0,0,3,2
ARHGAP30,1,1,1,2,2
ARHGAP31,1,2,3,0,0
ARHGAP32,3,2,1,2,4
ARHGAP33,4,2,4,0,1
ARHGAP35,4,3,1,3,0
ARHGAP39,0,2,4,1,2
ARHGAP4,0,2,2,1,0
ARHGAP40,2,4,0,2,1
ARHGAP42,0,2,4,2,4
ARHGAP44,0,0,0,4,2
ARHGAP45,3,4,1,4,4
ARHGAP5,1,3,4,0,3
ARHGAP6,0,1,1,3,4
ARHGAP8,1,4,2,3,3
ARHGAP9,0,3,0,0,0
ARHGDIA,0,3,3,2,3
ARHGDIB,2,1,0,1,4
ARHGEF1,2,3,2,4,1
ARHGEF10L,4,2,1,1,0
ARHGEF11,3,4,4,3,3
ARHGEF12,0,1,3,4,1
ARHGEF15,1,3,2,3,4
ARHGEF16,0,1,3,4,3
ARHGEF17,1,3,3,4,2
ARHGEF18,0,1,4,1,3
ARHGEF19,4,4,1,2,3
ARHGEF2,2,0,3,2,4
ARHGEF25,1,4,2,0,3
ARHGEF26,3,3,3,1,3
ARHGEF28,3,3,3,0,4
ARHGEF3,3,0,0,3,2
ARHGEF35,0,1,4,3,4
ARHGEF37,4,2,3,0,0
ARHGEF38,1,4,2,4,3
ARHGEF4,3,3,2,1,2
ARHGEF40,2,3,0,0,2
ARHGEF5,4,3,2,1,4
ARHGEF6,4,1,1,2,0
ARHGEF7,1,4,4,2,3
ARID1A,4,0,4,1,4
ARID1B,3,1,4,2,4
ARID2,2,3,4,2,4
ARID3A,4,2,3,2,1
ARID3B,4,2,0,4,3
ARID4A,4,3,3,4,3
ARID4B,1,2,2,3,4
ARID5A,3,1,2,0,0
ARID5B,2,3,1,2,4
ARIH1,2,3,4,0,4
ARIH2,2,3,0,4,2
ARL10,1,3,2,3,1
ARL11,4,2,4,1,3
ARL13B,2,2,4,0,1
ARL15,1,4,4,3,0
ARL16,4,1,0,3,4
ARL2,0,0,1,2,0
ARL3,4,1,2,1,3
ARL4A,1,3,1,4,4
ARL4C,3,2,2,1,1
ARL4D,1,2,4,2,2
ARL5A,1,0,1,3,1
ARL5B,3,1,2,2,4
ARL6,2,1,3,3,2
ARL6IP1,4,2,4,2,4
ARL6IP5,3,3,4,0,3
ARL6IP6,3,4,1,3,2
ARL8A,0,3,4,2,1
ARMC1,4,4,3,4,0
ARMC2,1,1,4,0,1
ARMC3,4,3,0,0,2
ARMC4,4,1,1,3,3
ARMC5,1,0,4,2,3
ARMC6,2,4,0,2,1
ARMC7,0,2,4,2,4
ARMC9,2,2,1,4,2
ARMCX1,1,4,0,1,1
ARMCX2,1,0,0,3,1
ARMCX3,2,1,2,2,4
ARMCX4,0,1,2,2,3
ARMCX6,0,0,3,2,0
ARMH1,3,1,3,0,4
ARMH4,0,4,1,0,4
ARMT1,2,4,0,0,4
ARNT,4,3,2,0,0
ARNT2,2,2,4,2,0
ARNTL,3,1,1,1,0
ARNTL2,3,2,0,3,2
ARPC1A,2,1,3,0,1
ARPC1B,1,1,4,3,1
ARPC3,2,4,3,0,0
ARPIN,2,4,4,3,4
ARPP19,2,4,4,1,1
ARRB1,1,3,1,4,1
ARRB2,4,2,3,0,2
ARRDC1,1,2,1,2,2
ARRDC2,2,1,1,4,2
ARRDC3,1,0,2,4,4
ARRDC4,2,4,4,4,2
ARRDC5,1,3,2,0,2
ARSA,0,2,0,2,1
ARSB,2,1,4,0,1
ARSD,1,2,2,4,0
ARSG,4,3,0,2,4
ARSI,4,2,4,0,4
ARSJ,4,2,2,2,4
ARSK,0,2,2,4,2
ARSL,2,4,3,1,0
ART4,2,0,3,1,3
ART5,4,4,3,2,4
ARVCF,4,0,4,4,3
ARX,1,2,0,4,4
ASAH1,4,1,0,1,3
ASAH2B,4,2,2,4,3
ASAP1,4,0,4,2,4
ASAP2,1,3,0,0,0
ASAP3,4,3,4,0,1
ASB1,2,1,4,4,3
ASB13,0,3,2,2,1
ASB16,4,1,4,1,0
ASB2,1,3,2,3,3
ASB3,2,2,4,3,0
ASB4,3,0,4,3,2
ASB7,2,3,2,4,0
ASB9,4,3,4,0,3
ASCC1,0,3,1,1,1
ASCC3,2,4,2,4,2
ASCL1,4,0,3,0,0
ASCL2,4,0,3,4,2
ASCL5,4,3,1,3,4
ASF1A,0,0,0,4,3
ASF1B,0,3,2,0,3
ASGR1,0,1,2,2,4
ASGR2,2,0,0,1,0
ASH1L,0,1,1,4,4
ASIC1,4,0,0,0,0
ASIC3,1,3,3,3,1
ASL,2,4,0,1,0
ASMTL,2,3,3,3,0
ASPA,1,2,1,0,2
ASPDH,3,3,4,0,2
ASPG,0,2,2,2,0
ASPH,2,1,4,4,1
ASPHD1,2,4,4,3,2
ASPHD2,0,2,3,4,0
ASPN,3,3,0,0,4
ASPRV1,3,3,1,0,4
ASPSCR1,1,4,3,3,0
ASRGL1,0,1,4,0,1
ASS1,3,0,2,4,0
ASTN2,4,4,1,2,1
ASXL1,3,4,1,2,0
ASXL2,2,0,3,3,2
ATAD2,2,3,1,2,1
ATAD2B,4,0,3,3,3
ATAD3A,0,1,4,4,4
ATAD3B,1,2,0,2,4
ATAD3C,0,4,1,0,3
ATAD5,0,0,1,3,1
ATAT1,4,0,2,3,4
ATE1,2,1,0,4,2
ATF1,1,2,3,3,2
ATF3,3,1,0,0,4
ATF4,2,3,0,0,0
ATF5,1,2,0,3,3
ATF6,4,2,3,3,0
ATF6B,3,1,0,2,2
ATF7,3,3,4,3,2
ATF7IP,3,1,3,2,4
ATF7IP2,0,4,0,3,2
ATG10,2,2,2,4,1
ATG101,2,4,4,2,0
ATG12,3,3,4,0,4
ATG14,0,3,4,3,1
ATG16L1,2,0,2,1,2
ATG16L2,1,1,2,3,2
ATG2A,0,4,2,4,1
ATG2B,0,3,0,0,4
ATG4D,0,1,0,2,1
ATG7,1,4,0,2,3
ATG9A,0,2,0,2,4
ATG9B,1,3,3,2,4
ATIC,4,1,0,4,1
ATL2,0,1,2,3,1
ATM,4,1,4,2,4
ATN1,1,2,0,1,1
ATOH8,0,2,4,0,1
ATOX1,3,2,4,2,4
ATP10A,1,4,3,0,1
ATP10D,2,3,0,2,0
ATP11A,4,2,0,3,4
ATP11B,1,2,2,0,4
ATP11C,4,0,2,4,2
ATP12A,0,2,1,1,1
ATP13A1,2,4,3,1,1
ATP13A2,1,4,2,2,0
ATP13A3,1,0,3,4,2
ATP13A4,2,4,0,2,1
ATP1A1,0,0,0,0,4
ATP1A2,1,0,2,0,0
ATP1B1,4,2,3,3,4
ATP1B2,0,1,4,1,2
ATP1B3,1,4,4,4,4
ATP23,2,4,4,0,0
ATP2A2,1,3,3,1,4
ATP2A3,2,0,1,1,0
ATP2B1,2,3,1,0,4
ATP2B4,3,0,2,2,4
ATP2C1,1,0,0,3,1
ATP2C2,0,1,4,1,3
ATP5F1D,4,3,3,1,3
ATP5F1E,3,3,4,1,4
ATP5IF1,2,1,1,3,4
ATP5MC1,0,3,3,2,1
ATP5MC2,1,3,0,3,0
ATP5MC3,1,0,0,1,0
ATP5ME,2,4,3,3,2
ATP5MF,3,2,3,4,1
ATP5MG,0,4,0,3,1
ATP5MPL,0,3,3,4,3
ATP5PO,4,1,2,2,4
ATP6AP1,0,3,2,3,4
ATP6AP1L,4,0,0,2,2
ATP6V0A1,0,2,0,3,4
ATP6V0A2,2,0,0,3,0
ATP6V0A4,0,3,2,3,1
ATP6V0B,4,0,1,1,2
ATP6V0D1,3,3,4,0,3
ATP6V0D2,3,0,3,2,1
ATP6V0E1,3,0,1,4,3
ATP6V0E2,3,4,2,2,0
ATP6V1B2,3,3,1,4,1
ATP6V1C1,4,3,4,4,1
ATP6V1C2,1,1,1,2,2
ATP6V1E2,1,2,3,2,2
ATP6V1F,3,2,3,2,2
ATP7A,3,2,0,0,1
ATP7B,1,4,3,2,2
ATP8A1,1,4,3,1,1
ATP8A2,4,4,1,1,0
ATP8B1,4,2,0,3,2
ATP8B2,2,0,3,1,2
ATP8B4,3,4,1,1,3
ATP9A,0,0,3,4,4
ATP9B,3,4,2,3,0
ATR,0,3,0,0,3
ATRN,2,3,1,3,3
ATRX,2,3,2,2,1
ATXN1,3,2,4,4,3
ATXN1L,3,1,1,2,0
ATXN2,0,1,3,3,3
ATXN2L,3,1,4,0,3
ATXN3,1,4,3,2,4
ATXN7,3,1,0,2,3
ATXN7L1,2,4,1,4,3
ATXN7L2,3,1,1,4,4
ATXN7L3,0,0,3,1,3
ATXN7L3B,1,1,2,2,3
AURKA,2,1,4,3,3
AURKAIP1,1,4,4,2,0
AURKB,1,0,4,0,2
AURKC,3,4,4,2,2
AUTS2,4,0,0,0,2
AVEN,3,0,1,4,0
AVIL,0,1,2,2,1
AVL9,4,0,3,1,3
AVPI1,0,3,0,3,2
AVPR1A,3,4,4,4,4
AVPR2,0,1,3,2,2
AXIN1,3,4,3,3,0
AXIN2,3,3,2,4,0
AXL,4,3,0,4,0
AZGP1,2,1,0,2,1
AZI2,4,0,3,4,3
AZIN1,3,4,4,1,4
AZIN2,4,1,2,0,2
AZU1,3,0,4,4,4
B2M,0,3,0,2,0
B3GALNT1,4,4,4,4,3
B3GALT2,1,0,0,2,3
B3GALT4,0,4,2,4,0
B3GALT6,0,1,2,2,4
B3GAT3,0,1,4,1,2
B3GNT10,2,0,4,2,3
B3GNT2,1,1,0,1,1
B3GNT3,2,2,2,0,2
B3GNT5,1,0,1,4,0
B3GNT6,3,3,2,0,4
B3GNT7,0,3,0,1,1
B3GNT8,2,0,1,1,0
B3GNT9,0,4,0,3,3
B3GNTL1,2,1,3,0,0
B4GALNT3,3,1,1,0,0
B4GALT1,4,1,1,0,1
B4GALT2,1,0,3,4,1
B4GALT5,1,2,2,2,0
B4GALT6,0,2,1,2,3
B4GALT7,3,1,0,0,1
B4GAT1,1,0,0,0,2
B9D1,2,4,1,0,2
B9D2,2,1,1,0,1
BAALC,1,1,4,1,2
BAAT,3,0,4,0,1
BABAM2,4,2,1,3,2
BACE1,2,3,4,2,1
BACE2,4,3,1,2,3
BACH1,2,2,3,0,1
BACH2,3,0,2,0,2
BAD,4,3,3,3,4
BAG2,2,4,4,0,1
BAG3,0,1,1,2,4
BAG4,3,4,3,2,1
BAG5,4,2,0,4,2
BAG6,2,1,3,0,3
BAHCC1,4,2,4,0,1
BAHD1,4,4,4,0,4
BAIAP2,0,1,1,1,1
BAIAP2L1,4,3,1,4,3
BAIAP2L2,2,3,0,4,4
BAIAP3,0,1,1,0,2
BAK1,4,3,0,3,0
BAMBI,2,2,0,2,4
BANF1,3,2,3,0,2
BANK1,2,2,3,1,2
BAP1,4,3,3,3,2
BARD1,4,4,1,3,3
BARX2,2,2,2,1,1
BASP1,1,3,2,3,0
BATF,4,2,4,0,3
BATF2,0,2,3,0,1
BATF3,2,0,2,0,2
BAX,2,3,2,2,4
BAZ1A,0,0,2,2,2
BAZ1B,3,4,1,0,4
BAZ2A,1,0,2,1,1
BAZ2B,3,3,3,1,1
BBC3,2,3,4,4,3
BBOF1,1,0,0,3,0
BBOX1,4,4,2,4,3
BBS10,4,0,3,3,3
BBS12,2,4,4,0,2
BBS2,4,1,0,2,1
BBS4,4,1,3,4,3
BBS9,2,1,1,3,3
BBX,0,4,2,3,3
BCAM,4,0,3,2,0
BCAR1,2,3,4,0,0
BCAR3,0,4,2,0,4
BCAS1,2,2,2,1,0
BCAS2,2,3,3,4,2
BCAS3,0,3,4,2,2
BCAS4,3,3,0,1,4
BCAT1,3,1,4,2,1
BCAT2,2,4,3,1,0
BCDIN3D,2,3,3,4,4
BCHE,3,2,1,2,4
BCKDHB,0,1,0,0,0
BCKDK,2,1,3,2,3
BCL10,3,2,1,0,2
BCL11A,4,1,1,4,3
BCL11B,4,3,2,4,2
BCL2,4,1,2,4,0
BCL2A1,2,4,1,3,0
BCL2L1,0,3,2,3,0
BCL2L11,4,4,3,2,2
BCL2L14,2,3,2,2,3
BCL2L2,1,1,1,3,4
BCL3,4,0,4,0,4
BCL6,2,0,0,0,0
BCL6B,3,0,1,0,2
BCL7A,4,1,4,1,2
BCL7B,3,3,4,3,1
BCL7C,0,1,2,3,2
BCL9,2,0,3,4,2
BCL9L,0,3,3,2,0
BCLAF1,4,4,3,1,1
BCLAF3,1,2,2,4,2
BCOR,1,3,0,4,4
BCORL1,3,0,2,4,0
BCR,4,4,0,4,4
BDH1,3,2,0,0,4
BDH2,1,2,3,4,3
BDKRB1,1,4,4,0,1
BDKRB2,0,2,1,2,0
BDP1,2,1,1,1,0
BEAN1,0,1,1,2,3
BEND3,1,4,3,4,1
BEND5,0,1,4,4,0
BEND7,4,2,0,1,1
BEST1,0,3,1,3,1
BEST4,3,3,4,1,3
BET1,0,0,3,2,0
BEX1,0,1,4,4,1
BEX2,1,4,3,4,0
BEX5,4,0,0,3,2
BFAR,0,4,0,2,1
BFSP1,0,3,0,3,1
BGN,4,0,3,1,3
BHLHA15,4,4,2,4,0
BHLHE22,3,0,2,1,1
BHLHE40,2,3,0,1,3
BHLHE41,1,4,4,3,2
BHMT2,4,3,0,0,2
BICC1,4,4,1,4,2
BICD1,3,4,4,2,1
BICD2,0,4,0,2,1
BICDL1,1,0,1,1,1
BICDL2,4,3,4,0,2
BICRA,4,3,0,1,1
BICRAL,4,4,0,0,3
BID,2,4,2,4,1
BIK,3,3,0,4,0
BIN1,4,1,4,2,4
BIN2,2,4,2,2,3
BIRC2,3,4,4,1,4
BIRC3,2,1,3,1,4
BIRC5,1,1,2,1,0
BIRC6,0,4,3,2,0
BIRC7,3,0,4,2,4
BIVM,3,0,1,2,3
BLACAT1,4,2,2,0,3
BLCAP,2,0,4,0,2
BLK,0,3,0,0,4
BLM,1,4,3,4,4
BLMH,0,0,3,0,1
BLNK,2,0,0,1,4
BLOC1S1,2,2,0,1,3
BLOC1S2,3,3,0,3,4
BLOC1S3,3,3,1,0,3
BLOC1S4,0,1,2,4,2
BLOC1S6,3,3,1,4,4
BLVRA,3,2,3,4,4
BLVRB,3,3,1,4,0
BLZF1,2,0,0,0,3
BMERB1,2,1,3,1,2
BMF,2,2,3,1,0
BMI1,0,2,3,3,4
BMP1,4,1,0,0,2
BMP2,2,0,1,3,0
BMP2K,1,2,2,2,3
BMP3,2,2,3,2,4
BMP4,0,3,2,2,3
BMP5,1,1,1,3,0
BMP6,4,0,2,1,1
BMP7,1,0,2,3,2
BMP8A,3,1,3,1,2
BMP8B,1,4,2,4,2
BMPER,4,1,1,4,2
BMPR1A,1,4,1,1,2
BMPR1B,1,0,4,1,2
BMPR2,1,2,1,2,2
BMS1,2,1,1,2,4
BMT2,0,0,4,1,0
BMX,1,4,0,3,0
BNC2,3,0,4,4,0
BNIP2,0,1,1,2,0
BNIP3,3,2,0,0,4
BNIP3L,3,1,3,0,0
BNIPL,1,4,0,1,3
BOC,4,0,0,3,2
BOD1,1,3,3,0,4
BOD1L1,0,0,1,3,4
BOK,4,2,4,0,1
BOLA1,1,4,1,2,0
BOLA3,3,4,1,2,2
BOP1,4,0,4,2,1
BORA,1,3,1,3,3
BORCS6,4,2,4,0,0
BORCS7,2,4,1,2,4
BORCS8,1,4,2,0,1
BPGM,4,1,4,2,3
BPHL,2,0,3,1,4
BPIFA1,4,2,2,3,0
BPIFB1,2,2,2,2,0
BPIFB2,2,1,3,3,3
BPTF,3,2,1,0,3
BRAF,0,2,3,3,0
BRAP,1,4,2,0,3
BRAT1,2,2,2,3,4
BRCA1,1,4,1,3,0
BRCA2,0,4,0,1,0
BRCC3,0,3,3,1,0
BRD1,1,3,0,4,1
BRD2,0,0,2,3,2
BRD3,2,1,1,1,1
BRD3OS,4,3,0,3,3
BRD4,2,2,4,0,4
BRD7,2,3,1,3,4
BRD8,0,4,0,3,2
BRD9,3,2,3,1,4
BRF1,0,3,0,1,2
BRF2,1,4,2,3,3
BRI3,2,3,2,3,3
BRI3BP,0,1,3,3,3
BRICD5,3,2,3,2,0
BRINP1,3,0,0,2,3
BRINP3,2,0,1,1,3
BRMS1L,4,3,2,2,4
BROX,4,3,1,1,1
BRPF1,1,0,1,3,0
BRPF3,0,3,4,4,0
BRSK1,0,3,3,4,1
BRWD1,4,1,1,4,1
BRWD3,4,3,2,0,2
BSG,4,1,3,3,1
BSPRY,4,1,1,2,1
BST1,3,3,4,0,1
BST2,3,0,4,2,3
BTAF1,4,0,0,3,3
BTBD19,0,3,4,4,2
BTBD2,2,4,3,1,4
BTBD3,1,1,0,2,3
BTBD7,1,2,3,3,3
BTBD8,4,0,1,0,1
BTBD9,3,4,0,3,0
BTC,3,0,2,3,3
BTF3,3,2,4,2,4
BTG1,2,3,1,2,4
BTG2,3,2,1,4,0
BTG3,2,0,2,2,4
BTK,1,1,0,1,4
BTLA,3,3,4,0,0
BTN2A1,3,3,1,0,4
BTN2A2,2,1,3,3,3
BTN3A1,3,0,0,1,1
BTN3A2,4,2,2,2,4
BTN3A3,1,1,3,0,2
BTNL9,2,0,4,1,4
BTRC,1,0,1,4,1
BUB1,3,0,0,1,3
BUB1B,3,0,2,4,0
BUD13,3,1,1,3,2
BVES,1,0,1,1,4
BX255925.3,0,1,0,4,4
BYSL,3,1,3,4,4
BZW1,3,1,3,2,1
BZW2,2,1,1,4,2
C10ORF88,1,2,1,0,0
C11ORF1,1,4,2,4,4
C11ORF16,1,0,4,2,0
C11ORF21,4,2,2,3,0
C11ORF24,3,3,0,1,4
C11ORF45,4,2,3,2,0
C11ORF53,4,4,3,0,2
C11ORF54,1,2,0,0,3
C11ORF68,3,1,0,3,4
C11ORF71,2,1,2,0,2
C11ORF80,2,1,3,3,2
C11ORF95,2,0,3,4,4
C11ORF96,0,3,4,3,4
C11ORF97,3,3,3,2,3
C12ORF29,0,1,2,3,2
C12ORF43,4,3,1,4,0
C12ORF57,0,1,0,3,1
C12ORF73,1,4,0,4,3
C12ORF75,0,1,1,2,2
C12ORF76,0,1,0,0,2
C13ORF46,4,2,0,1,3
C14ORF132,4,3,3,1,0
C14ORF28,4,1,1,0,3
C14ORF93,2,0,3,3,4
C15ORF39,0,3,3,4,0
C15ORF40,4,0,3,1,4
C15ORF48,3,0,4,2,0
C15ORF62,4,1,2,0,4
C15ORF65,4,3,3,1,0
C16ORF54,1,3,0,3,1
C16ORF71,0,1,3,1,2
C16ORF72,0,1,3,2,1
C16ORF74,3,2,2,3,1
C16ORF86,3,4,0,3,4
C16ORF89,4,0,3,0,3
C16ORF91,2,4,3,1,1
C17ORF100,2,4,0,3,3
C17ORF113,0,2,3,4,0
C17ORF50,0,3,1,1,2
C17ORF58,0,0,4,4,3
C17ORF67,0,1,4,0,2
C17ORF75,2,3,4,1,0
C17ORF80,3,0,3,2,3
C17ORF97,1,2,0,1,4
C18ORF25,2,0,0,3,3
C18ORF32,1,0,3,4,0
C18ORF54,2,3,3,4,2
C19ORF18,0,0,4,3,0
C19ORF25,3,2,2,3,0
C19ORF38,3,3,0,1,0
C19ORF53,0,4,3,4,4
C19ORF54,3,1,3,4,0
C19ORF71,0,0,4,0,4
C19ORF73,1,1,0,3,0
C1D,3,1,3,1,3
C1GALT1,2,2,4,4,2
C1GALT1C1L,0,2,1,2,0
C1ORF109,0,1,3,1,0
C1ORF115,4,0,3,4,0
C1ORF116,1,1,2,2,4
C1ORF122,0,1,1,3,2
C1ORF158,2,1,2,2,2
C1ORF159,3,0,1,2,0
C1ORF162,3,4,0,3,2
C1ORF189,4,4,4,3,3
C1ORF194,4,2,3,2,3
C1ORF198,0,2,4,1,0
C1ORF21,0,4,1,3,3
C1ORF210,4,0,2,0,3
C1ORF216,4,3,2,0,4
C1ORF226,1,1,0,4,2
C1ORF35,2,3,1,4,0
C1ORF52,1,1,1,3,3
C1ORF53,1,4,0,0,4
C1ORF54,0,3,4,4,1
C1ORF87,0,4,2,0,2
C1QA,2,3,3,1,2
C1QB,3,3,2,3,1
C1QBP,2,0,0,3,2
C1QC,0,2,3,3,0
C1QL3,4,4,1,4,4
C1QTNF1,3,3,4,0,4
C1QTNF12,1,1,1,1,1
C1QTNF2,1,2,3,1,4
C1QTNF3,4,0,1,3,0
C1QTNF6,2,0,0,3,4
C1QTNF7,2,4,1,3,2
C1R,4,2,3,2,2
C1RL,3,2,3,1,3
C1S,2,2,3,4,4
C2,2,3,2,0,0
C20ORF194,1,4,4,3,1
C20ORF27,2,1,3,2,2
C20ORF85,4,1,0,4,3
C20ORF96,3,3,1,4,0
C21ORF58,1,3,2,4,2
C21ORF91,3,2,4,0,0
C22ORF15,3,4,1,3,3
C22ORF23,4,0,0,3,2
C2CD2,2,3,2,1,0
C2CD2L,4,1,1,3,2
C2CD3,0,4,3,3,1
C2CD4A,4,2,1,2,3
C2CD4B,1,0,2,4,4
C2CD4C,3,3,2,2,2
C2CD4D,0,4,3,1,0
C2CD5,0,3,1,1,1
C2ORF15,0,3,0,3,2
C2ORF49,4,2,4,4,0
C2ORF50,0,2,3,3,2
C2ORF68,0,1,4,1,1
C2ORF69,3,2,3,3,0
C2ORF72,0,0,1,3,3
C2ORF76,2,3,2,1,4
C2ORF88,0,3,0,1,4
C2ORF92,4,1,2,1,0
C3,2,3,4,2,1
C3AR1,3,1,3,0,1
C3ORF14,2,3,2,2,4
C3ORF18,4,4,1,1,1
C3ORF33,3,1,4,4,0
C3ORF52,2,0,1,3,3
C3ORF62,2,4,3,0,1
C3ORF70,0,2,1,0,4
C3ORF80,0,0,1,0,0
C4A,1,0,0,4,1
C4B,1,1,4,0,2
C4BPA,3,2,0,2,3
C4BPB,4,3,0,0,2
C4ORF19,0,2,3,3,2
C4ORF33,1,3,4,0,4
C4ORF46,3,0,0,2,3
C4ORF47,1,2,3,1,0
C4ORF48,2,4,0,4,3
C5,3,1,3,2,1
C5AR1,0,2,2,2,1
C5AR2,2,4,0,3,4
C5ORF15,2,1,3,0,3
C5ORF22,1,3,4,0,1
C5ORF24,0,0,4,0,2
C5ORF34,1,3,4,4,4
C5ORF38,3,0,1,2,1
C5ORF46,0,0,3,3,1
C5ORF49,4,4,2,4,1
C5ORF51,1,4,4,1,0
C5ORF63,4,4,1,3,0
C6,2,0,4,0,2
C6ORF118,0,3,3,1,1
C6ORF120,1,4,3,3,0
C6ORF132,4,0,2,3,0
C6ORF136,4,1,2,1,3
C6ORF141,0,3,2,2,3
C6ORF226,1,0,0,0,0
C6ORF47,0,4,4,1,2
C6ORF52,0,3,1,0,4
C6ORF89,3,4,2,4,4
C7,1,0,1,0,1
C7ORF31,4,2,3,2,1
C7ORF50,3,0,1,4,1
C7ORF57,0,3,0,1,2
C8B,4,0,1,0,1
C8G,2,2,1,3,1
C8ORF34,2,1,4,2,3
C8ORF37,0,4,4,2,2
C8ORF48,0,1,1,0,2
C8ORF76,4,4,0,1,1
C8ORF82,2,3,4,0,1
C8ORF88,1,4,3,1,3
C9ORF116,2,2,3,2,0
C9ORF135,4,4,0,1,3
C9ORF152,4,0,2,4,2
C9ORF16,4,3,3,4,3
C9ORF24,0,1,0,3,2
C9ORF40,0,3,1,1,0
C9ORF72,2,3,3,2,3
C9ORF78,0,1,1,1,3
C9ORF85,3,4,3,2,1
CA11,2,4,1,3,1
CA12,0,2,0,2,1
CA13,2,1,4,1,4
CA14,1,1,3,0,2
CA2,4,4,0,0,0
CA3,0,3,2,0,3
CA4,1,2,0,0,4
CA8,3,2,3,0,0
CA9,3,1,2,0,2
CAB39,0,0,1,0,4
CAB39L,4,0,2,4,4
CABCOCO1,2,2,1,0,2
CABIN1,3,2,3,4,2
CABLES1,2,3,3,1,1
CABLES2,3,0,3,0,3
CABP4,3,2,2,4,3
CACFD1,3,4,4,1,0
CACHD1,0,4,2,4,0
CACNA1C,1,2,0,4,3
CACNA1D,1,0,1,3,4
CACNA1H,2,3,2,2,1
CACNA2D1,3,2,4,0,0
CACNA2D2,2,1,0,0,4
CACNA2D3,1,4,1,0,3
CACNB1,4,3,0,0,2
CACNB3,1,4,4,3,3
CACNG4,3,0,0,0,0
CACNG6,2,3,4,0,3
CACUL1,3,1,2,0,1
CACYBP,0,2,0,3,4
CAD,2,2,2,0,4
CADM1,1,0,0,0,3
CADM3,4,1,3,2,3
CADM4,2,3,1,0,4
CADPS2,3,4,3,1,2
CALB2,2,2,2,3,4
CALCA,0,2,2,0,2
CALCOCO1,3,4,2,2,3
CALCOCO2,0,0,1,1,0
CALCRL,1,1,2,4,0
CALD1,3,2,1,3,2
CALHM2,3,2,0,1,1
CALHM5,1,4,2,1,1
CALHM6,0,3,1,1,2
CALM1,0,3,4,0,2
CALM2,0,0,4,0,1
CALM3,1,3,4,0,1
CALR,3,0,2,1,1
CALU,0,1,4,0,2
CAMK1,2,3,1,0,2
CAMK1D,3,1,3,1,1
CAMK1G,1,1,2,1,3
CAMK2D,3,3,3,1,2
CAMK2G,1,4,3,1,1
CAMK2N1,2,3,3,0,4
CAMK4,4,1,3,2,0
CAMKK1,3,0,3,3,4
CAMKK2,0,3,4,2,3
CAMKMT,1,3,2,4,3
CAMLG,3,1,2,2,2
CAMP,2,2,0,4,1
CAMSAP1,3,1,3,0,3
CAMSAP2,0,4,4,3,1
CAMSAP3,4,3,4,2,0
CAMTA2,2,4,3,1,1
CAND1,0,0,0,3,0
CAND2,0,4,0,1,4
CAP2,1,3,2,3,4
CAPG,4,2,0,0,2
CAPN1,3,0,4,3,3
CAPN10,1,0,1,4,2
CAPN12,4,0,1,0,1
CAPN13,4,1,3,3,2
CAPN15,2,4,3,2,0
CAPN2,0,0,0,4,2
CAPN3,2,3,1,0,3
CAPN5,3,1,4,3,1
CAPN6,2,0,2,4,4
CAPN7,0,3,0,3,3
CAPN8,1,2,1,1,1
CAPN9,2,0,2,2,1
CAPNS2,4,0,0,3,2
CAPRIN2,0,1,2,4,3
CAPS,3,1,3,1,4
CAPS2,3,3,4,1,4
CAPSL,0,3,4,4,0
CAPZA1,2,3,4,4,0
CAPZA2,0,1,1,0,1
CARD10,4,3,0,3,2
CARD11,3,1,4,0,1
CARD16,1,3,4,2,0
CARD19,0,0,3,4,3
CARD6,3,1,0,2,4
CARD8,1,4,0,0,0
CARD9,3,4,2,0,1
CARF,1,1,1,3,4
CARHSP1,2,4,4,1,1
CARM1,4,2,4,4,3
CARMIL1,3,0,2,1,2
CARMIL2,4,0,1,2,0
CARNMT1,2,2,1,0,3
CARNS1,0,1,1,0,0
CASC3,2,2,1,1,0
CASD1,3,3,3,0,4
CASK,0,0,1,2,3
CASKIN2,3,2,3,4,1
CASP1,2,0,2,0,1
CASP10,0,4,0,2,0
CASP2,1,0,4,3,4
CASP3,1,4,0,4,3
CASP4,3,1,0,3,4
CASP5,4,0,4,3,4
CASP7,1,3,2,3,1
CASP8,2,3,1,2,2
CASP8AP2,0,3,2,2,4
CASQ1,2,2,1,0,0
CASQ2,2,4,0,1,0
CASS4,0,3,4,1,2
CAST,2,3,3,0,0
CASTOR2,4,2,4,3,4
CASZ1,1,3,3,4,3
CAT,4,0,2,1,0
CATSPER1,4,4,0,4,0
CATSPERB,0,3,0,2,3
CAV1,3,3,1,2,3
CAV2,1,2,0,0,4
CAVIN1,3,3,3,4,1
CAVIN2,2,1,4,1,4
CAVIN3,3,1,4,0,1
CAVIN4,1,3,2,1,0
CBFA2T2,0,3,3,0,2
CBFA2T3,2,2,2,0,4
CBL,2,1,2,2,1
CBLB,2,4,2,0,0
CBLC,4,0,2,3,0
CBLL1,1,1,4,1,3
CBLN3,1,4,1,1,3
CBLN4,2,4,3,4,1
CBR1,3,0,1,1,0
CBR3,3,1,4,2,2
CBR4,2,2,1,2,1
CBWD2,0,4,2,4,0
CBX1,3,1,1,3,3
CBX2,4,4,4,0,0
CBX4,4,3,4,4,4
CBX5,1,2,4,4,3
CBX6,2,4,4,3,1
CBX7,3,1,3,2,2
CBX8,2,1,1,1,1
CBY1,2,0,1,1,0
CC2D1A,0,4,1,2,1
CC2D1B,3,2,3,2,2
CC2D2A,2,3,1,2,1
CCAR1,1,1,1,1,0
CCAR2,4,1,2,0,1
CCBE1,1,4,4,0,0
CCDC102A,0,1,0,0,1
CCDC102B,0,1,1,1,1
CCDC106,4,0,2,1,0
CCDC107,0,2,0,4,1
CCDC110,4,2,2,3,2
CCDC112,0,0,3,0,1
CCDC113,1,2,1,2,2
CCDC114,3,2,4,3,2
CCDC117,0,2,0,0,0
CCDC12,1,3,0,4,3
CCDC120,2,2,3,4,0
CCDC121,3,0,4,0,0
CCDC122,2,2,0,2,2
CCDC124,3,4,4,4,3
CCDC125,3,0,3,2,4
CCDC126,3,1,3,0,0
CCDC127,3,0,4,0,0
CCDC130,4,3,4,2,3
CCDC134,4,1,1,2,3
CCDC136,0,4,1,1,1
CCDC137,0,0,0,0,3
CCDC138,4,1,4,0,2
CCDC14,1,3,0,4,2
CCDC142,1,2,0,3,1
CCDC146,2,0,4,4,0
CCDC148,3,0,4,1,4
CCDC149,1,4,1,4,1
CCDC15,4,1,0,2,4
CCDC151,0,2,0,0,3
CCDC152,3,3,1,3,4
CCDC153,1,0,1,0,2
CCDC154,1,0,0,4,4
CCDC159,0,2,4,1,4
CCDC160,2,3,1,1,2
CCDC163,2,4,2,3,2
CCDC167,4,2,4,2,0
CCDC17,4,1,1,0,4
CCDC170,2,3,4,1,3
CCDC171,3,3,3,3,3
CCDC173,3,2,0,0,1
CCDC18,1,4,4,3,1
CCDC181,1,0,0,3,3
CCDC184,1,1,4,1,2
CCDC186,3,1,0,3,4
CCDC188,0,4,2,0,0
CCDC191,1,2,3,4,0
CCDC200,1,4,2,1,3
CCDC22,2,2,1,1,2
CCDC24,1,0,1,2,3
CCDC25,2,2,3,3,2
CCDC28B,2,2,1,2,1
CCDC3,3,2,4,2,3
CCDC33,2,1,2,4,4
CCDC34,0,4,1,3,2
CCDC40,4,2,0,4,0
CCDC50,1,3,3,1,1
CCDC51,1,4,1,0,4
CCDC57,1,3,2,2,2
CCDC58,0,1,1,1,2
CCDC59,1,4,0,3,4
CCDC6,2,2,4,2,1
CCDC60,1,2,3,1,3
CCDC61,4,3,0,1,1
CCDC65,4,2,1,0,0
CCDC66,1,4,0,1,3
CCDC68,3,4,4,1,2
CCDC69,3,4,3,3,2
CCDC71,0,3,2,2,4
CCDC71L,3,4,2,3,3
CCDC74A,0,1,2,2,1
CCDC74B,3,4,2,0,1
CCDC77,4,1,3,2,1
CCDC78,4,1,0,3,2
CCDC8,4,4,4,3,0
CCDC80,4,0,4,4,3
CCDC82,0,1,3,3,4
CCDC85A,1,3,2,0,1
CCDC85B,1,3,0,2,4
CCDC85C,0,1,1,4,4
CCDC86,4,1,2,4,4
CCDC88A,1,3,4,1,0
CCDC88B,4,3,4,2,0
CCDC88C,0,0,4,2,1
CCDC89,3,4,1,1,1
CCDC9,4,1,4,1,2
CCDC90B,3,0,4,1,0
CCDC91,1,2,0,1,1
CCDC92,0,1,3,3,4
CCDC93,3,0,4,2,1
CCDC96,0,3,3,1,0
CCDC9B,4,0,4,4,3
CCHCR1,2,1,2,3,2
CCL11,1,2,1,3,2
CCL13,4,2,1,2,1
CCL17,1,2,0,1,0
CCL18,2,2,0,1,2
CCL19,3,2,3,0,3
CCL2,3,2,2,4,4
CCL20,4,2,1,0,3
CCL21,2,2,2,3,4
CCL22,3,2,4,3,2
CCL23,2,2,2,3,1
CCL24,4,2,2,3,3
CCL26,3,1,1,4,2
CCL28,0,4,2,4,3
CCL3,1,3,2,0,4
CCL3L3,3,3,1,0,0
CCL4,0,0,2,3,4
CCL4L2,2,2,4,2,1
CCL5,4,0,0,0,2
CCL7,2,1,0,0,3
CCL8,4,3,4,2,0
CCM2,2,3,2,4,0
CCM2L,1,4,1,3,2
CCN1,3,4,4,4,2
CCN2,2,3,4,3,0
CCN3,1,3,3,1,3
CCN4,1,4,4,0,1
CCN5,2,3,2,0,2
CCNA1,0,3,4,4,4
CCNA2,1,0,3,2,4
CCNB1,1,3,1,3,2
CCNB1IP1,3,4,1,1,4
CCNB2,3,4,0,2,0
CCNC,0,2,2,0,2
CCND1,4,4,1,4,4
CCND2,4,2,1,2,2
CCND3,4,0,1,2,3
CCNE1,4,1,1,0,1
CCNE2,3,2,1,3,4
CCNF,3,4,4,2,3
CCNG1,3,0,0,2,4
CCNG2,1,4,3,1,0
CCNH,4,0,0,0,1
CCNI,0,4,3,2,4
CCNJ,0,1,3,4,2
CCNJL,0,4,1,0,4
CCNK,0,3,4,4,2
CCNL1,4,1,3,2,4
CCNL2,4,2,1,1,2
CCNO,3,4,4,2,0
CCNQ,0,0,2,4,3
CCNT1,4,3,4,1,1
CCNY,0,1,3,3,1
CCNYL1,4,1,4,3,4
CCP110,4,3,3,0,0
CCR1,1,2,2,1,0
CCR2,0,0,1,3,3
CCR4,2,0,4,4,1
CCR5,3,1,1,1,0
CCR7,1,3,2,0,0
CCR8,3,0,4,0,0
CCRL2,2,4,4,1,0
CCS,0,1,4,4,0
CCSAP,0,0,4,4,2
CCSER2,2,2,2,2,4
CCT2,0,0,0,0,4
CCT5,2,1,0,1,3
CCT6B,2,2,3,0,0
CCZ1,2,1,1,3,2
CCZ1B,4,0,2,1,3
CD101,0,0,1,0,4
CD109,4,4,2,0,0
CD14,0,2,1,1,4
CD151,3,3,3,4,4
CD163,3,3,2,2,2
CD163L1,1,3,3,1,4
CD164L2,3,1,4,1,2
CD177,1,1,3,1,0
CD180,4,3,0,1,1
CD19,1,4,3,3,2
CD1A,0,0,2,0,1
CD1B,2,2,0,0,1
CD1C,1,3,2,4,2
CD1D,2,3,3,1,3
CD1E,1,4,3,3,1
CD2,3,2,2,2,1
CD200,4,4,4,1,2
CD200R1,0,0,1,2,0
CD207,2,3,3,1,1
CD209,0,4,3,4,3
CD22,1,0,3,1,0
CD226,3,2,1,3,3
CD24,2,2,4,0,1
CD244,0,3,0,0,4
CD247,1,1,4,2,2
CD248,2,2,3,1,3
CD27,1,2,3,0,3
CD274,4,3,0,2,1
CD276,2,2,1,4,4
CD28,4,2,0,1,0
CD2AP,3,0,4,0,3
CD300A,2,4,3,1,4
CD300C,0,2,1,2,0
CD300E,3,1,2,4,4
CD300LB,0,1,2,3,0
CD300LF,2,3,1,4,0
CD302,1,1,4,4,2
CD320,3,4,3,4,4
CD33,4,4,4,4,2
CD34,0,4,4,2,2
CD36,4,0,3,4,3
CD37,2,4,0,1,4
CD38,4,0,3,1,1
CD3D,3,4,2,0,2
CD3E,2,2,2,1,1
CD3G,0,3,1,0,3
CD4,1,2,1,4,3
CD40,1,4,1,2,1
CD40LG,4,1,4,0,1
CD44,2,4,1,0,4
CD46,2,4,2,2,4
CD47,2,1,0,0,2
CD48,2,0,1,4,1
CD5,1,4,4,2,2
CD52,1,2,4,0,3
CD53,4,2,1,1,1
CD55,3,0,0,3,2
CD58,0,3,4,4,4
CD59,3,1,1,3,4
CD6,4,0,1,4,3
CD63,2,4,1,4,3
CD69,2,2,2,4,1
CD7,4,3,4,2,4
CD70,1,2,2,3,2
CD72,1,0,1,2,4
CD74,4,2,1,3,2
CD79A,1,1,2,1,2
CD79B,1,3,4,2,3
CD80,2,4,1,0,4
CD81,1,4,4,2,3
CD82,4,0,1,2,3
CD83,3,3,1,1,4
CD84,2,0,2,3,1
CD86,1,3,2,1,4
CD8A,3,3,1,1,1
CD8B,3,0,3,2,3
CD9,2,2,1,4,1
CD93,1,3,0,0,0
CD96,2,1,2,3,4
CD99,2,2,0,0,1
CD99L2,4,3,4,4,1
CDA,4,0,0,0,4
CDAN1,2,2,2,2,1
CDC14A,1,1,1,4,1
CDC14B,1,1,3,1,4
CDC16,2,3,3,4,4
CDC20,4,3,1,2,3
CDC20B,3,3,1,1,3
CDC25A,4,0,2,4,1
CDC25B,2,3,3,2,0
CDC26,1,3,0,0,3
CDC27,1,2,0,3,1
CDC34,4,1,3,2,1
CDC37L1,4,3,1,3,1
CDC40,4,0,3,3,4
CDC42BPA,2,3,1,1,0
CDC42BPB,0,3,0,4,4
CDC42BPG,1,4,3,4,1
CDC42EP1,3,3,0,2,0
CDC42EP3,0,2,2,0,0
CDC42EP4,1,2,1,1,2
CDC42EP5,4,4,4,4,1
CDC42SE1,0,0,3,2,3
CDC42SE2,4,0,0,2,0
CDC45,1,1,4,0,2
CDC5L,0,4,1,1,1
CDC6,0,4,3,3,1
CDC7,2,4,0,2,2
CDC73,1,0,1,1,3
CDCA3,0,4,0,4,4
CDCA4,3,1,3,3,1
CDCA5,2,2,0,0,0
CDCA7,1,3,3,0,1
CDCA7L,4,4,3,2,1
CDCA8,2,2,0,4,1
CDCP1,4,3,2,4,4
CDH1,0,4,4,4,3
CDH11,3,0,2,2,2
CDH13,1,3,3,4,2
CDH15,3,4,1,4,2
CDH2,0,2,0,4,1
CDH23,1,1,4,0,3
CDH24,1,1,4,3,0
CDH26,3,1,4,0,1
CDH3,2,0,1,1,4
CDH4,2,1,0,4,3
CDH5,4,3,4,1,1
CDH6,2,2,3,2,4
CDHR3,1,4,2,0,4
CDHR4,2,4,4,3,3
CDIN1,0,4,1,0,4
CDIP1,4,0,0,0,2
CDK1,1,3,2,1,1
CDK10,3,1,4,2,3
CDK11B,4,1,2,2,3
CDK12,3,1,4,3,0
CDK13,1,2,0,1,3
CDK14,3,2,4,2,0
CDK16,1,0,1,2,0
CDK17,2,4,3,1,0
CDK18,0,1,1,0,4
CDK19,1,2,3,4,3
CDK2,2,2,2,1,1
CDK20,0,4,0,1,4
CDK2AP1,1,1,0,2,0
CDK2AP2,2,3,4,3,3
CDK4,1,0,4,4,2
CDK5,4,4,3,4,4
CDK5R1,2,4,3,3,3
CDK5RAP2,0,0,2,3,2
CDK5RAP3,4,1,2,4,2
CDK6,2,0,2,1,2
CDK7,2,2,4,3,2
CDKL1,3,3,0,3,3
CDKL2,1,3,4,2,4
CDKL5,4,0,1,3,4
CDKN1A,3,0,1,3,0
CDKN1C,0,2,3,1,3
CDKN2A,2,2,3,3,3
CDKN2AIP,3,1,3,3,1
CDKN2B,3,4,2,4,0
CDKN2C,3,4,1,4,2
CDKN2D,2,2,0,4,3
CDKN3,3,1,1,3,1
CDNF,2,0,1,3,0
CDO1,2,2,1,0,1
CDON,1,2,1,0,0
CDPF1,3,1,0,2,1
CDR2,2,0,0,1,4
CDR2L,3,4,2,1,4
CDS1,1,0,2,1,3
CDS2,3,1,4,1,2
CDT1,0,4,3,0,0
CDV3,3,1,3,3,4
CDYL,3,3,4,3,1
CDYL2,3,2,1,3,3
CEACAM1,0,3,2,0,4
CEACAM19,4,3,4,1,3
CEACAM21,1,2,2,3,2
CEACAM3,2,2,3,0,2
CEACAM4,4,0,4,4,1
CEACAM5,2,3,1,3,0
CEACAM6,2,2,1,1,1
CEBPA,2,0,1,2,4
CEBPB,1,2,0,4,3
CEBPD,0,1,2,3,1
CEBPG,4,0,4,0,2
CEBPZ,2,1,2,1,4
CEBPZOS,2,4,1,3,0
CECR2,4,1,1,2,2
CELF1,3,0,2,1,3
CELF2,0,1,2,0,4
CELF4,0,3,2,4,3
CELSR1,2,1,1,4,1
CELSR2,3,0,4,1,0
CEMIP,4,3,0,1,3
CEMIP2,1,0,3,3,3
CENATAC,1,1,2,4,0
CENPA,0,4,4,4,0
CENPB,1,4,3,4,2
CENPBD1,1,0,2,2,3
CENPC,4,0,1,3,2
CENPF,1,3,4,2,4
CENPH,3,4,3,3,3
CENPJ,2,0,3,4,0
CENPK,3,0,1,1,2
CENPM,0,3,4,3,2
CENPN,4,3,0,2,0
CENPO,2,1,0,0,0
CENPQ,4,2,3,2,0
CENPS,3,0,3,3,3
CENPT,1,0,4,0,3
CENPU,3,0,0,1,1
CENPV,0,0,2,0,3
CENPW,3,0,3,2,2
CENPX,4,2,4,4,3
CEP112,1,0,4,4,3
CEP120,2,0,3,0,3
CEP126,2,0,4,4,4
CEP128,1,4,0,0,4
CEP131,2,2,2,1,1
CEP135,4,1,3,0,0
CEP152,0,3,0,4,3
CEP162,1,1,0,1,0
CEP164,2,2,3,2,4
CEP170,1,2,3,3,2
CEP170B,1,4,2,4,0
CEP19,2,2,1,4,2
CEP192,3,2,2,0,3
CEP250,2,3,0,1,1
CEP290,3,2,4,4,3
CEP295,0,0,0,1,3
CEP350,3,3,3,3,4
CEP41,2,0,2,0,4
CEP44,3,0,3,2,0
CEP55,4,4,4,4,2
CEP57,3,1,2,1,4
CEP57L1,0,2,4,4,1
CEP68,3,2,3,1,4
CEP70,0,0,0,4,1
CEP72,0,0,2,3,1
CEP76,3,1,2,3,4
CEP78,4,0,1,1,4
CEP83,0,0,1,4,1
CEP85,4,4,1,1,0
CEP85L,4,1,2,4,1
CEP89,1,2,3,4,2
CEP95,4,2,1,1,1
CEP97,4,3,1,4,4
CEPT1,0,2,3,3,0
CERCAM,1,0,4,3,1
CERK,3,4,3,3,0
CERKL,0,1,4,2,0
CERS2,2,2,0,0,4
CERS4,1,3,1,3,4
CERS6,0,1,4,1,1
CES1,1,0,1,1,0
CES2,2,3,3,0,0
CES3,4,4,1,4,1
CES4A,1,4,4,3,0
CETN2,3,2,3,2,3
CETN3,3,1,1,0,3
CETP,3,4,0,2,2
CFAP100,2,0,4,3,0
CFAP126,0,2,2,2,4
CFAP157,1,0,0,2,3
CFAP161,3,3,4,1,0
CFAP20,1,3,2,4,4
CFAP221,1,2,3,4,4
CFAP251,2,2,0,1,3
CFAP300,2,4,3,3,0
CFAP36,3,0,4,1,2
CFAP43,1,3,4,3,4
CFAP44,2,2,3,2,1
CFAP45,2,1,4,4,4
CFAP52,4,1,2,4,1
CFAP53,2,3,0,1,4
CFAP54,0,3,2,3,1
CFAP57,1,3,2,0,2
CFAP58,2,1,2,3,2
CFAP65,4,3,0,0,4
CFAP69,4,4,3,4,0
CFAP70,0,1,0,3,1
CFAP73,4,0,4,1,2
CFAP77,4,3,4,1,1
CFAP91,2,0,0,3,1
CFAP94,0,1,1,4,4
CFAP97,2,2,4,3,2
CFB,4,4,3,2,4
CFD,2,1,3,4,3
CFDP1,3,4,1,3,1
CFH,4,4,0,4,1
CFI,4,2,3,4,4
CFL1,1,3,1,4,2
CFL2,0,3,1,3,2
CFLAR,0,1,0,4,2
CFTR,0,1,4,4,3
CGAS,0,1,4,3,4
CGGBP1,2,1,4,1,4
CGN,4,4,1,1,1
CGNL1,2,0,3,3,0
CGRRF1,1,0,1,2,2
CH25H,4,1,1,1,0
CHAC1,3,4,2,0,3
CHAC2,1,2,1,1,3
CHAD,4,0,0,0,4
CHADL,1,3,3,0,4
CHAF1A,0,2,3,1,0
CHAF1B,3,1,3,0,2
CHAMP1,0,2,1,3,3
CHCHD10,2,2,1,1,1
CHCHD2,2,0,1,3,4
CHCHD3,2,3,4,0,0
CHCHD4,1,1,2,1,3
CHCHD5,2,4,2,4,1
CHCHD7,3,1,4,4,3
CHD1,4,0,4,2,4
CHD2,3,3,3,4,3
CHD3,4,3,0,3,1
CHD6,0,3,3,0,4
CHD7,1,2,0,3,4
CHD8,1,3,2,2,3
CHD9,2,1,3,1,1
CHDH,3,1,3,1,3
CHEK1,2,0,4,3,4
CHEK2,0,0,3,0,3
CHERP,0,1,4,4,4
CHFR,3,4,2,4,4
CHGB,4,0,1,4,0
CHI3L1,1,1,1,3,0
CHI3L2,3,1,0,0,3
CHIA,4,2,0,1,3
CHIC1,3,0,4,4,3
CHIC2,2,3,1,0,2
CHIT1,4,1,2,3,3
CHKA,2,2,4,1,1
CHL1,1,3,3,2,3
CHM,1,1,2,2,4
CHML,2,4,1,0,0
CHMP1B,2,2,1,3,3
CHMP3,1,3,0,4,0
CHMP4A,4,0,4,1,0
CHMP4C,4,2,0,1,4
CHMP5,4,3,1,3,3
CHMP7,0,4,4,1,0
CHN1,2,1,2,4,1
CHODL,4,4,2,0,4
CHORDC1,1,1,1,2,4
CHP1,0,4,2,2,3
CHPF,3,1,3,4,0
CHPF2,1,3,4,3,2
CHPT1,2,1,1,2,1
CHRAC1,3,3,2,4,4
CHRD,0,0,0,2,1
CHRDL1,1,1,3,0,4
CHRDL2,0,0,4,3,3
CHRM3,3,1,0,2,4
CHRNA1,0,3,2,0,4
CHRNB1,3,1,1,3,1
CHRNE,1,3,4,1,0
CHST1,3,0,3,1,4
CHST10,0,1,0,4,3
CHST11,0,4,0,2,0
CHST12,4,0,4,0,0
CHST13,1,0,1,2,0
CHST14,0,3,3,1,2
CHST15,4,2,3,4,4
CHST2,2,0,3,4,1
CHST3,0,0,0,1,2
CHST4,4,0,1,2,2
CHST6,0,0,3,2,3
CHST7,3,1,0,2,3
CHST9,1,3,4,1,0
CHSY1,4,1,1,4,1
CHSY3,4,3,1,3,2
CHTF18,3,3,1,2,3
CHTOP,0,4,2,1,0
CHURC1,3,2,2,3,3
CIAO2A,1,4,3,3,0
CIART,2,1,3,4,2
CIB1,2,2,1,3,2
CIB2,1,3,3,4,4
CIBAR1,4,0,0,2,2
CIBAR2,4,1,0,0,3
CIC,3,3,0,1,4
CIITA,0,0,0,2,3
CILK1,3,0,1,2,3
CILP,1,3,1,1,3
CILP2,4,3,2,1,4
CIP2A,0,4,4,1,2
CIPC,2,1,2,3,2
CIR1,1,2,0,3,2
CIRBP,1,4,3,1,2
CISD1,3,2,0,4,0
CISD3,4,0,1,1,4
CISH,0,2,3,1,1
CIT,0,1,0,1,4
CITED2,2,4,1,0,3
CITED4,0,3,1,0,0
CIZ1,1,0,1,3,1
CKAP2,3,3,4,2,0
CKAP4,4,3,0,0,0
CKAP5,0,3,0,1,3
CKB,2,1,4,4,3
CKMT2,3,2,2,0,3
CKS2,3,1,4,0,2
CLASP1,1,0,2,1,3
CLASP2,1,3,4,1,0
CLASRP,1,0,3,3,1
CLBA1,1,2,2,4,3
CLC,1,1,2,0,2
CLCA2,3,4,4,3,3
CLCC1,4,1,3,4,1
CLCF1,4,4,1,1,1
CLCN2,0,2,3,3,4
CLCN3,2,4,2,2,1
CLCN4,1,3,3,2,3
CLCN5,3,0,4,1,0
CLCN6,0,4,0,4,4
CLCN7,2,4,4,0,0
CLCNKB,3,1,3,1,4
CLDN1,3,1,1,2,1
CLDN10,3,4,4,1,0
CLDN11,2,3,3,1,0
CLDN12,3,1,2,4,0
CLDN15,3,4,1,0,2
CLDN16,3,1,0,1,2
CLDN18,3,0,3,2,3
CLDN2,2,0,4,4,2
CLDN20,3,4,2,0,3
CLDN23,4,1,1,3,1
CLDN3,2,0,0,3,1
CLDN4,3,3,1,0,4
CLDN5,4,1,0,3,2
CLDN6,4,3,4,3,0
CLDN7,0,3,0,4,2
CLDN8,4,3,3,3,0
CLDN9,1,3,2,4,2
CLDND1,1,1,1,1,3
CLEC10A,1,4,0,0,2
CLEC11A,3,1,3,0,1
CLEC12A,0,0,1,0,3
CLEC14A,4,4,0,3,4
CLEC16A,0,3,0,2,3
CLEC17A,3,1,0,1,2
CLEC1A,1,4,1,4,1
CLEC2B,4,2,4,4,0
CLEC2D,2,4,1,1,3
CLEC3B,3,3,2,2,2
CLEC4A,0,1,3,1,1
CLEC4C,2,1,3,1,1
CLEC4D,4,3,3,2,0
CLEC4E,3,2,2,3,1
CLEC4F,4,4,2,1,0
CLEC5A,3,3,1,3,4
CLEC6A,3,2,0,3,4
CLEC7A,2,1,1,2,0
CLEC9A,4,1,0,3,1
CLECL1,2,2,3,0,1
CLGN,0,0,4,2,4
CLHC1,2,3,4,1,1
CLIC1,4,4,3,3,4
CLIC2,3,0,1,1,3
CLIC3,2,2,2,4,2
CLIC4,0,3,3,2,0
CLIC5,3,2,0,4,1
CLIC6,4,0,3,0,1
CLIP1,4,2,0,1,4
CLIP2,0,4,3,4,1
CLIP3,0,1,3,1,3
CLIP4,4,1,2,3,1
CLK1,3,1,1,0,3
CLK2,2,0,1,4,1
CLK4,0,2,4,4,3
CLMN,1,1,0,0,0
CLMP,2,1,4,3,4
CLN6,3,3,4,2,4
CLN8,3,0,0,2,2
CLOCK,3,1,1,4,0
CLPP,1,0,2,4,0
CLPTM1L,0,0,3,2,2
CLPX,1,4,1,1,4
CLSTN1,0,1,1,2,4
CLSTN2,4,4,3,2,4
CLSTN3,1,3,4,3,3
CLTA,2,2,2,0,2
CLTB,0,4,1,1,3
CLTCL1,1,0,0,0,1
CLTRN,1,1,4,0,3
CLU,3,3,4,4,2
CLUAP1,0,3,0,3,0
CLUH,0,4,2,4,0
CLUL1,3,0,2,3,1
CMA1,3,0,3,2,2
CMBL,3,3,2,1,0
CMIP,2,2,1,0,0
CMKLR1,4,4,0,2,4
CMPK1,2,0,3,2,0
CMPK2,3,4,0,1,1
CMSS1,3,3,2,0,1
CMTM1,0,4,4,1,4
CMTM2,2,1,3,1,3
CMTM3,2,4,0,1,2
CMTM4,1,3,3,2,4
CMTM6,1,3,4,1,1
CMTM7,0,0,2,4,1
CMTM8,1,2,0,4,1
CMTR2,1,0,3,2,0
CMYA5,2,1,1,1,3
CNEP1R1,3,3,0,0,3
CNFN,2,0,0,3,1
CNGA4,3,0,1,1,0
CNIH1,1,2,2,0,1
CNIH2,4,4,0,1,2
CNIH3,4,3,0,3,2
CNIH4,1,2,4,2,0
CNKSR1,4,1,1,0,2
CNKSR3,2,0,3,1,3
CNMD,4,2,2,4,2
CNN1,3,1,0,3,2
CNN2,4,2,0,2,1
CNN3,4,0,2,1,3
CNNM2,2,0,4,0,0
CNNM3,4,1,4,3,0
CNNM4,0,3,4,3,3
CNOT1,3,2,3,0,2
CNOT10,0,4,2,0,2
CNOT11,0,4,4,3,1
CNOT2,2,0,2,0,0
CNOT3,3,1,1,0,1
CNOT6,4,0,4,3,0
CNOT6L,3,1,1,0,4
CNOT7,0,2,3,3,0
CNOT8,1,2,0,1,3
CNP,1,1,0,3,3
CNPY4,4,2,3,1,4
CNR1,2,3,1,0,3
CNR2,2,4,1,2,1
CNRIP1,0,4,3,1,2
CNST,3,3,1,2,2
CNTD1,4,4,2,4,3
CNTFR,0,0,2,1,1
CNTLN,2,2,0,4,1
CNTN1,3,3,0,0,1
CNTN3,1,1,0,4,3
CNTN4,2,0,3,4,1
CNTN6,2,1,3,4,1
CNTNAP1,4,4,2,4,2
CNTRL,2,2,1,4,4
CNTROB,2,2,0,0,4
COA3,0,4,4,1,1
COA5,1,3,0,3,0
COA6,0,4,4,1,4
COA7,1,0,4,0,0
COA8,1,2,3,3,0
COASY,4,3,0,1,4
COBL,3,2,2,1,2
COBLL1,0,0,4,4,4
COG1,0,3,4,1,4
COG2,0,0,4,4,3
COG3,2,1,3,0,4
COG5,4,2,3,3,0
COG6,2,1,4,1,0
COL10A1,2,3,2,1,2
COL12A1,2,0,4,3,2
COL13A1,4,1,3,1,2
COL14A1,1,3,0,0,4
COL15A1,1,0,4,4,0
COL16A1,1,3,4,3,3
COL17A1,0,2,3,3,2
COL18A1,0,3,0,1,0
COL1A1,0,1,3,2,2
COL1A2,0,0,1,3,3
COL21A1,0,0,3,4,1
COL23A1,2,3,3,3,4
COL26A1,3,2,0,0,4
COL27A1,4,4,1,2,3
COL28A1,4,2,1,2,0
COL3A1,3,3,4,4,0
COL4A1,0,3,2,3,1
COL4A2,0,0,0,1,0
COL4A3,0,2,0,1,2
COL4A4,1,3,1,3,0
COL4A5,0,0,1,3,0
COL5A1,2,0,0,2,1
COL5A2,4,0,0,1,4
COL5A3,2,2,1,2,1
COL6A1,2,3,0,3,2
COL6A2,1,2,4,4,1
COL6A3,0,4,0,4,3
COL6A5,1,0,2,1,2
COL6A6,4,0,3,4,0
COL7A1,3,3,2,2,3
COL8A1,2,0,0,3,0
COL8A2,1,2,1,1,3
COL9A2,2,0,3,1,1
COLCA2,4,1,3,0,4
COLEC11,1,2,4,3,2
COLEC12,3,2,0,2,2
COLGALT1,1,4,3,4,3
COLGALT2,1,0,2,2,1
COMMD10,0,0,4,4,0
COMMD2,4,0,0,0,3
COMMD3,1,4,0,4,1
COMMD5,4,4,0,1,2
COMMD6,2,2,2,0,4
COMMD7,1,4,1,0,3
COMMD8,3,2,2,0,4
COMMD9,4,1,0,0,3
COMP,1,2,0,1,3
COMT,1,4,4,4,4
COMTD1,1,4,1,1,1
COPA,4,2,4,2,2
COPE,0,3,4,0,3
COPG2,2,2,4,3,4
COPRS,2,0,0,3,0
COPS2,4,4,3,4,4
COPS7B,2,0,0,4,1
COPS9,1,3,0,0,0
COPZ2,2,3,4,0,3
COQ10A,3,0,4,0,1
COQ2,4,4,1,0,0
COQ3,0,3,3,0,0
COQ4,2,4,0,0,3
COQ5,2,3,4,3,2
COQ8B,0,4,3,4,2
CORIN,1,2,2,3,0
CORO1A,4,4,2,1,4
CORO1C,1,1,4,4,0
CORO2A,2,4,4,2,1
CORO2B,4,4,3,2,2
CORO6,0,1,0,3,2
CORO7,3,0,4,3,4
COTL1,0,0,1,0,2
COX14,4,3,2,0,4
COX19,2,4,1,4,0
COX4I2,4,0,2,1,4
COX5A,0,1,1,1,2
COX5B,0,0,3,4,3
COX6A1,0,1,1,0,3
COX6B1,2,1,0,4,3
COX7A1,3,2,4,0,1
COX7B,4,2,4,0,3
COX7C,4,4,4,1,2
CP,0,1,0,0,3
CPA3,4,2,4,3,3
CPAMD8,0,0,3,0,0
CPB2,4,4,2,4,1
CPD,3,0,3,3,2
CPE,0,4,3,1,1
CPEB2,3,4,3,2,1
CPEB3,0,3,4,2,0
CPEB4,2,3,4,2,4
CPED1,0,2,4,0,1
CPLANE1,1,4,3,2,3
CPLANE2,1,2,2,0,0
CPLX1,1,3,2,4,1
CPM,0,4,1,0,2
CPNE1,2,4,3,0,2
CPNE2,2,1,4,4,4
CPNE5,3,0,3,2,0
CPNE7,3,3,4,0,4
CPNE8,4,1,3,3,4
CPOX,0,3,3,1,2
CPPED1,1,0,2,2,3
CPQ,4,3,1,4,1
CPS1,4,2,0,2,4
CPSF1,4,0,0,2,4
CPSF6,0,2,1,0,3
CPT1A,1,2,4,0,3
CPT1C,2,4,1,4,3
CPTP,3,4,1,2,3
CPVL,3,0,1,3,3
CPXM1,3,4,1,0,1
CPXM2,4,1,0,1,3
CR1,4,1,2,3,1
CR2,2,1,4,2,2
CRABP2,3,4,1,4,0
CRACD,4,4,1,0,3
CRACDL,2,2,1,0,3
CRACR2A,4,3,4,1,4
CRACR2B,3,0,4,3,3
CRADD,1,1,3,1,4
CRAMP1,1,2,0,3,1
CRAT,2,0,4,4,1
CRB3,3,2,3,2,0
CRBN,1,1,4,1,4
CREB1,4,0,0,1,2
CREB3L1,4,2,3,3,4
CREB3L2,1,1,4,3,4
CREB3L4,2,1,2,0,1
CREB5,4,3,2,0,3
CREBBP,2,2,3,1,1
CREBRF,4,1,0,1,3
CREBZF,3,3,2,0,2
CREG1,0,2,3,1,1
CRELD1,4,1,3,2,1
CRELD2,3,0,1,2,1
CREM,0,4,1,0,0
CRIM1,0,2,2,2,3
CRIP1,1,2,4,2,2
CRIP2,1,4,2,2,3
CRIPT,1,3,2,4,1
CRISP2,1,2,1,2,4
CRISP3,2,4,1,2,0
CRISPLD1,4,4,1,3,1
CRISPLD2,2,4,1,2,2
CRK,2,4,4,2,3
CRKL,4,0,1,1,0
CRLF1,4,2,1,0,2
CRLF2,4,3,3,1,4
CRLF3,3,3,3,0,0
CRLS1,2,3,0,3,0
CRMP1,2,0,4,4,2
CRNKL1,1,3,0,3,3
CROCC,4,1,1,0,0
CROT,1,2,0,1,1
CRPPA,2,0,4,2,1
CRTAC1,4,0,1,0,0
CRTAM,4,3,4,1,0
CRTAP,2,3,4,3,0
CRTC1,1,0,3,3,0
CRTC2,1,0,0,1,0
CRTC3,4,3,3,4,3
CRY1,2,3,0,2,2
CRY2,2,4,4,1,2
CRYAB,3,0,1,1,3
CRYBB1,1,0,2,4,2
CRYBB3,3,2,3,2,2
CRYBG1,3,0,2,0,1
CRYBG2,3,4,1,1,0
CRYBG3,1,4,0,0,3
CRYGS,4,2,4,4,0
CRYM,3,2,0,4,0
CRYZ,3,2,0,2,2
CRYZL1,1,1,3,1,2
CSAD,2,3,4,0,0
CSDC2,0,3,1,0,4
CSE1L,0,2,3,0,1
CSF1,1,0,2,4,0
CSF1R,4,0,2,4,0
CSF2,3,2,4,2,0
CSF2RA,1,0,2,1,1
CSF2RB,0,2,4,2,0
CSF3,3,2,1,1,2
CSF3R,2,3,4,3,1
CSGALNACT1,3,3,2,1,2
CSGALNACT2,3,0,2,3,4
CSK,3,0,3,2,0
CSKMT,4,3,4,3,0
CSNK1A1,1,1,3,4,1
CSNK1D,1,2,3,3,3
CSNK1E,0,4,1,0,2
CSNK1G1,3,2,0,4,0
CSNK1G2,2,0,2,4,4
CSNK1G3,1,1,4,2,2
CSPG4,2,4,0,0,1
CSPG5,1,3,0,3,3
CSRNP1,1,2,0,4,4
CSRNP2,0,3,2,3,0
CSRNP3,0,3,1,2,1
CSRP1,4,1,0,0,0
CSRP2,2,4,1,0,0
CST2,1,1,0,0,1
CST3,0,0,0,2,3
CST5,1,2,4,4,0
CST6,2,3,1,0,2
CST7,1,2,4,4,1
CSTA,3,0,2,3,4
CSTB,4,3,0,1,0
CSTF2,3,3,1,3,4
CSTF2T,4,2,0,3,2
CSTF3,3,0,1,1,3
CTBP2,1,3,1,2,4
CTBS,4,1,2,2,3
CTC1,3,1,2,2,4
CTCF,3,2,0,0,0
CTDP1,3,3,4,1,3
CTDSP1,1,1,0,0,4
CTDSP2,4,4,3,4,2
CTDSPL,1,2,4,2,1
CTDSPL2,2,1,2,4,2
CTF1,2,4,1,2,3
CTH,1,1,1,1,4
CTHRC1,2,4,4,1,3
CTIF,2,3,0,2,2
CTLA4,2,4,1,4,4
CTNNA1,3,0,4,0,4
CTNNAL1,0,1,4,3,4
CTNNB1,1,1,3,4,4
CTNNBIP1,0,0,2,4,0
CTNND1,4,2,0,4,1
CTPS1,1,3,3,1,2
CTPS2,1,1,4,1,2
CTR9,2,2,3,3,0
CTSA,2,3,3,1,3
CTSB,2,4,1,0,3
CTSC,1,0,2,4,0
CTSD,1,2,4,4,3
CTSE,1,2,3,0,4
CTSF,2,2,1,0,0
CTSG,3,1,4,1,0
CTSH,2,2,1,2,0
CTSK,2,4,0,2,4
CTSL,2,3,0,4,4
CTSO,4,2,1,4,2
CTSS,1,2,1,4,2
CTSV,0,4,3,4,2
CTSW,1,2,2,0,0
CTSZ,2,2,2,0,4
CTTN,1,3,0,1,2
CTTNBP2,3,4,3,3,2
CTTNBP2NL,3,2,1,3,3
CTU1,1,2,4,4,0
CTU2,4,1,4,2,0
CTXN1,3,1,3,2,3
CTXND1,4,4,1,4,1
CUEDC1,2,0,2,0,0
CUL3,0,4,2,3,0
CUL4A,0,2,4,3,0
CUL4B,0,4,4,4,1
CUL5,4,1,1,3,0
CUL7,4,3,3,1,0
CUL9,0,0,2,4,3
CUTA,2,2,1,1,3
CWC22,4,4,0,3,0
CWC27,0,3,3,4,0
CWF19L1,0,3,0,0,2
CWF19L2,3,1,3,0,2
CX3CL1,3,4,0,3,4
CX3CR1,2,2,1,0,4
CXADR,1,4,1,1,2
CXCL1,1,2,2,3,3
CXCL10,0,3,3,3,0
CXCL11,0,4,4,3,0
CXCL12,3,0,4,3,0
CXCL13,0,4,1,4,1
CXCL14,2,1,2,3,3
CXCL16,3,4,1,0,3
CXCL17,4,3,4,0,1
CXCL2,1,3,3,4,1
CXCL3,1,4,0,0,2
CXCL5,0,3,2,0,4
CXCL6,3,0,4,3,0
CXCL8,4,1,0,1,0
CXCL9,3,3,1,1,1
CXCR1,0,0,0,3,2
CXCR2,1,3,2,2,0
CXCR3,0,4,3,0,0
CXCR4,2,3,3,0,3
CXCR6,2,3,0,0,4
CXORF21,4,1,1,0,0
CXORF38,4,4,3,4,0
CXORF56,4,4,1,3,2
CXXC4,0,2,4,1,0
CXXC5,1,0,3,1,2
CYB561,1,3,0,2,3
CYB561D1,1,0,4,0,2
CYB561D2,4,1,2,4,2
CYB5A,1,2,0,0,0
CYB5D2,1,4,3,3,0
CYB5R2,0,4,0,4,2
CYB5R3,1,3,2,1,0
CYB5R4,4,0,2,2,3
CYB5RL,1,3,4,2,1
CYBA,2,1,2,1,4
CYBB,1,4,4,3,1
CYBC1,2,1,1,4,2
CYBRD1,3,2,3,0,2
CYC1,3,2,4,2,2
CYCS,2,4,2,1,4
CYFIP1,4,3,1,2,3
CYFIP2,3,3,4,2,1
CYGB,2,2,1,1,0
CYHR1,2,3,1,0,1
CYLD,1,3,0,2,0
CYP11A1,1,3,0,2,2
CYP1B1,0,2,4,3,0
CYP20A1,4,4,2,4,2
CYP24A1,2,3,1,4,4
CYP26B1,2,0,4,4,1
CYP27A1,3,2,3,3,3
CYP27B1,4,2,1,4,2
CYP2A6,0,4,0,3,4
CYP2C18,4,3,4,0,0
CYP2C8,3,3,4,0,2
CYP2D6,2,3,2,3,2
CYP2J2,2,1,2,0,2
CYP2R1,3,1,2,4,2
CYP2S1,4,2,4,0,2
CYP2U1,1,3,2,0,0
CYP39A1,4,1,2,3,0
CYP3A5,4,1,1,2,1
CYP4B1,4,3,0,3,1
CYP4F11,3,0,4,4,2
CYP4F12,4,4,1,2,1
CYP4F3,3,0,4,3,0
CYP4V2,2,3,0,4,1
CYP4X1,1,4,3,3,3
CYP4Z1,2,3,3,4,2
CYP51A1,1,2,0,4,3
CYP7B1,0,3,1,0,0
CYRIA,4,0,2,3,4
CYRIB,0,0,4,0,4
CYS1,1,3,4,2,4
CYSLTR1,2,1,4,1,1
CYSLTR2,2,1,0,3,4
CYSRT1,0,1,4,2,0
CYSTM1,1,4,4,1,4
CYTH1,4,1,3,2,2
CYTH2,2,1,0,2,3
CYTH3,1,4,4,4,2
CYTH4,1,4,4,2,4
CYTIP,3,2,2,0,0
CYTL1,2,0,3,4,1
CYYR1,4,0,4,2,4
D2HGDH,4,0,4,2,2
DAAM1,4,4,1,1,0
DAAM2,1,1,4,1,4
DAB2,0,1,1,2,0
DAB2IP,4,0,2,1,1
DACH1,0,1,0,2,1
DACT1,4,0,0,3,3
DACT2,3,0,0,1,4
DACT3,4,1,2,2,0
DAG1,0,2,4,2,2
DAGLA,1,4,2,1,4
DAGLB,4,3,0,3,2
DALRD3,0,1,2,2,3
DAP,0,4,4,3,0
DAPK1,1,3,3,1,0
DAPK2,0,2,0,2,1
DAPK3,2,0,1,4,3
DAPL1,2,3,0,1,1
DAPP1,1,4,0,4,1
DARS2,2,2,2,1,2
DAW1,2,1,4,3,0
DBF4,1,3,1,3,1
DBF4B,2,1,3,2,3
DBH,0,1,4,2,1
DBI,2,0,4,0,2
DBN1,2,2,3,1,0
DBNDD1,2,4,0,0,4
DBP,3,4,3,4,3
DBT,1,2,1,0,1
DCAF1,3,2,2,2,3
DCAF10,0,2,4,4,1
DCAF13,3,1,4,3,4
DCAF15,3,0,4,4,4
DCAF16,4,3,3,1,3
DCAF17,3,2,3,1,4
DCAF4,0,0,1,2,0
DCAF5,3,2,2,4,3
DCAF6,3,0,0,4,0
DCAF7,1,4,1,1,2
DCAF8,0,4,2,0,2
DCAKD,3,3,0,4,0
DCBLD1,2,3,2,1,3
DCBLD2,4,3,3,0,4
DCDC2,4,1,2,1,1
DCDC2B,0,2,3,3,1
DCHS1,0,0,2,1,2
DCK,2,3,0,1,1
DCLK1,1,1,3,4,3
DCLK2,0,2,1,0,4
DCLRE1A,4,4,3,0,2
DCLRE1B,0,1,3,4,4
DCLRE1C,4,0,1,3,0
DCN,4,3,1,0,0
DCP1A,0,3,1,1,0
DCP1B,1,0,0,2,0
DCP2,0,2,2,3,2
DCPS,4,4,0,1,4
DCST2,0,0,3,0,3
DCSTAMP,2,3,1,0,0
DCTN1,4,2,0,1,3
DCTN3,1,2,1,0,2
DCTN6,3,1,4,2,1
DCTPP1,0,4,3,3,4
DCUN1D1,1,1,4,4,4
DCUN1D2,1,4,0,2,4
DCUN1D3,3,4,3,3,2
DCUN1D4,0,4,4,3,4
DCXR,1,0,4,4,3
DDAH1,0,1,1,4,2
DDAH2,0,4,4,1,4
DDB1,3,4,4,4,4
DDB2,3,2,2,3,2
DDC,1,1,4,0,3
DDHD1,0,1,1,3,1
DDHD2,1,2,3,1,4
DDI2,4,3,4,0,4
DDIAS,1,2,3,2,0
DDIT3,1,0,0,0,4
DDIT4,0,3,2,1,3
DDIT4L,0,1,0,3,1
DDO,2,0,4,1,0
DDOST,1,1,2,0,4
DDR1,3,4,3,3,0
DDR2,2,4,1,3,4
DDTL,2,4,3,1,2
DDX10,1,3,0,2,4
DDX11,3,2,3,1,0
DDX17,0,3,1,1,0
DDX18,2,1,3,2,0
DDX21,0,1,1,3,4
DDX23,2,1,4,0,4
DDX27,0,4,0,1,3
DDX28,3,2,1,3,1
DDX31,4,3,2,2,4
DDX39A,2,3,2,4,4
DDX39B,0,4,3,1,1
DDX3X,4,4,4,4,4
DDX3Y,4,3,1,3,4
DDX42,2,2,4,2,1
DDX43,3,1,2,3,3
DDX46,3,2,0,1,0
DDX49,2,2,3,4,2
DDX50,1,0,0,1,1
DDX51,0,0,3,0,2
DDX52,4,2,4,0,2
DDX54,2,0,3,4,2
DDX55,0,1,2,2,3
DDX58,1,2,3,1,4
DDX59,0,3,3,3,2
DDX6,1,0,4,3,1
DDX60,2,3,4,4,0
DDX60L,0,2,3,2,3
DEAF1,1,2,4,1,0
DECR2,2,2,0,4,3
DEDD2,0,3,0,2,0
DEF6,4,3,1,3,2
DEF8,1,3,4,2,3
DEFB1,0,3,4,1,0
DEFB131B,0,1,3,2,1
DEFB4A,4,3,2,1,2
DEGS1,4,0,4,4,2
DEGS2,4,4,3,1,4
DEK,4,1,2,2,3
DENND11,4,4,0,3,0
DENND1A,2,3,1,1,4
DENND1B,2,4,4,3,2
DENND1C,2,3,0,2,4
DENND2A,4,0,3,3,2
DENND2B,3,2,0,4,1
DENND2C,4,4,1,3,2
DENND2D,0,4,1,3,1
DENND3,0,3,0,0,1
DENND4A,3,2,4,3,3
DENND4B,3,4,3,3,4
DENND4C,2,1,3,2,1
DENND5A,4,4,4,1,4
DENND5B,0,3,3,0,0
DENND6B,1,4,2,0,4
DEPDC7,0,3,1,1,4
DEPP1,1,0,1,3,3
DEPTOR,2,0,2,1,2
DERA,0,2,2,2,2
DERL3,4,1,2,4,3
DES,0,3,2,0,3
DESI2,3,3,3,2,1
DEUP1,4,3,0,1,4
DEXI,1,1,4,4,0
DFFB,2,3,0,2,4
DGAT2,1,3,1,4,1
DGCR2,3,3,4,4,2
DGCR6L,1,2,2,3,2
DGKA,3,0,1,4,1
DGKD,4,3,1,0,0
DGKE,3,3,4,4,2
DGKG,4,2,4,0,0
DGKH,0,4,2,0,2
DGKQ,0,4,4,1,2
DGKZ,2,2,3,4,4
DGLUCY,0,0,0,2,0
DHCR24,3,2,1,1,3
DHCR7,1,3,4,1,1
DHDH,1,2,0,2,4
DHFR,4,2,3,2,4
DHFR2,1,2,3,1,2
DHPS,2,1,4,0,3
DHRS1,0,3,2,0,0
DHRS12,2,3,3,3,4
DHRS13,1,2,3,0,2
DHRS3,4,4,3,3,2
DHRS4,3,1,2,2,0
DHRS4L2,0,2,0,1,4
DHRS7,0,4,4,0,1
DHRS9,3,4,1,4,3
DHRSX,2,3,1,1,4
DHX15,4,1,2,1,3
DHX16,2,2,1,2,4
DHX29,0,0,3,0,0
DHX30,0,1,2,3,3
DHX32,3,0,2,2,0
DHX33,0,3,3,3,1
DHX34,4,1,3,2,0
DHX35,1,4,4,2,3
DHX36,1,1,2,3,1
DHX37,3,3,2,1,3
DHX38,3,2,1,0,3
DHX40,4,0,3,3,3
DHX57,1,3,2,2,0
DHX58,1,3,1,0,1
DHX8,0,1,0,3,2
DHX9,3,1,4,1,0
DIAPH1,3,1,2,3,2
DIAPH2,3,1,1,2,0
DIAPH3,0,4,4,2,0
DICER1,4,3,2,2,1
DIDO1,0,4,1,0,3
DIMT1,4,4,1,3,1
DIO1,4,0,3,0,0
DIO2,4,1,4,4,3
DIO3,1,1,1,3,4
DIP2A,0,1,4,4,2
DIP2B,2,4,1,0,4
DIP2C,2,3,4,4,2
DIPK1A,3,0,1,3,0
DIPK1B,3,4,1,1,3
DIPK2A,4,3,2,3,4
DIPK2B,4,1,1,4,0
DIRAS1,4,0,0,1,1
DIRAS3,2,3,2,0,1
DIS3,4,3,4,4,1
DIS3L,2,3,0,4,0
DISC1,4,3,3,1,4
DISP1,2,4,1,4,4
DIXDC1,4,2,1,4,0
DKK1,0,0,0,3,3
DKK2,1,2,0,1,3
DKK3,3,2,2,1,4
DKKL1,0,1,2,2,2
DLAT,0,4,1,4,3
DLC1,3,1,1,1,3
DLEC1,2,0,2,1,2
DLG1,0,4,2,0,3
DLG2,3,2,2,2,3
DLG3,4,4,0,4,0
DLG4,0,3,4,0,3
DLG5,2,3,3,2,0
DLGAP1,4,2,2,3,2
DLGAP4,4,4,3,1,1
DLGAP5,4,4,0,4,3
DLK2,0,3,4,3,2
DLL1,3,0,2,2,4
DLL4,4,0,1,4,2
DLX3,0,0,4,0,2
DLX4,3,3,2,1,3
DLX5,0,1,0,1,3
DMAC1,3,4,4,2,3
DMAC2L,4,4,2,3,2
DMAP1,4,0,4,3,1
DMBT1,2,1,0,3,3
DMD,2,1,0,0,3
DMKN,4,3,2,3,2
DMPK,0,1,2,1,3
DMRT2,0,0,3,2,3
DMRTA1,3,4,3,3,3
DMTF1,4,3,4,3,4
DMTN,2,0,0,3,2
DMWD,2,3,0,0,3
DMXL1,2,3,2,4,3
DMXL2,3,4,4,1,1
DNA2,3,1,2,1,3
DNAAF1,0,3,4,1,3
DNAAF2,0,1,1,4,3
DNAAF3,4,4,0,0,2
DNAAF5,4,2,2,0,0
DNAAF6,1,0,3,0,0
DNAH1,4,0,1,2,1
DNAH11,2,1,4,1,4
DNAH12,1,2,1,0,4
DNAH2,2,2,0,4,0
DNAH3,1,4,1,4,2
DNAH5,3,2,2,0,4
DNAH6,2,4,2,1,4
DNAH9,3,0,0,0,3
DNAI1,3,4,2,1,1
DNAI2,0,3,3,3,0
DNAI3,4,0,4,0,2
DNAI4,0,3,0,1,2
DNAJA1,4,0,1,2,1
DNAJA4,0,3,4,4,4
DNAJB1,2,3,2,1,0
DNAJB13,3,3,2,2,2
DNAJB2,1,1,2,2,1
DNAJB4,4,4,4,2,2
DNAJB5,3,1,0,4,4
DNAJB6,4,3,1,0,1
DNAJB9,1,1,2,1,4
DNAJC1,3,4,1,1,3
DNAJC10,3,2,3,2,4
DNAJC11,2,0,2,4,3
DNAJC12,1,1,1,1,4
DNAJC13,4,2,2,3,1
DNAJC14,0,2,3,2,3
DNAJC15,0,4,1,2,3
DNAJC16,3,1,4,2,4
DNAJC18,1,1,0,4,0
DNAJC19,0,0,0,4,2
DNAJC2,2,4,0,1,1
DNAJC21,2,4,2,3,1
DNAJC27,0,4,2,0,1
DNAJC28,0,3,3,4,3
DNAJC3,2,1,1,1,1
DNAJC5,0,4,2,3,3
DNAJC5B,0,1,0,4,3
DNAJC6,1,4,0,4,4
DNAL1,2,2,0,3,4
DNAL4,1,4,0,2,4
DNALI1,1,0,1,1,4
DNASE1,3,4,2,0,1
DNASE1L1,0,1,0,0,3
DNASE1L3,1,2,0,2,2
DNASE2B,3,4,3,1,1
DNER,0,3,0,2,2
DNHD1,4,0,4,3,4
DNM1,4,0,1,3,0
DNM1L,4,2,3,4,4
DNM3,1,0,3,4,2
DNMBP,0,1,3,2,3
DNMT1,2,0,3,0,1
DNMT3A,4,3,0,2,3
DNMT3B,0,4,4,1,2
DNPH1,2,0,4,4,1
DNTTIP1,0,4,4,2,3
DNTTIP2,3,4,1,0,0
DOC2A,0,1,4,4,4
DOC2B,4,0,4,4,1
DOCK1,0,0,0,1,1
DOCK10,1,2,2,2,0
DOCK11,0,4,0,0,0
DOCK2,1,1,2,0,0
DOCK4,0,4,1,4,1
DOCK5,2,2,2,3,1
DOCK6,0,4,2,3,1
DOCK7,1,4,0,0,3
DOCK8,3,4,3,4,1
DOCK9,1,1,3,3,3
DOHH,0,0,1,2,1
DOK1,3,2,2,4,0
DOK2,4,1,0,0,0
DOK3,4,4,0,0,3
DOK4,3,4,2,0,4
DOK5,4,4,1,1,0
DOK6,3,4,3,1,4
DOK7,4,1,3,2,1
DOLK,2,0,2,0,3
DONSON,1,3,3,3,3
DOP1A,1,1,3,0,0
DOP1B,2,3,1,1,4
DOT1L,4,3,2,0,4
DPCD,0,1,3,4,0
DPEP1,4,2,3,0,3
DPEP2,4,1,0,0,0
DPH3,3,3,2,3,1
DPH5,2,1,4,3,2
DPH7,0,0,1,0,0
DPM3,3,2,2,3,0
DPP4,0,3,4,4,1
DPP7,3,2,3,0,0
DPP8,4,0,3,1,0
DPT,2,3,0,2,2
DPY19L1,3,4,4,2,4
DPY19L2,2,0,1,0,3
DPY19L3,4,1,3,0,4
DPY19L4,2,2,1,1,2
DPY30,0,4,3,1,2
DPYD,2,0,1,1,0
DPYSL2,3,1,3,2,3
DPYSL3,4,0,0,0,2
DPYSL4,3,2,2,0,1
DR1,1,1,0,2,3
DRAM1,3,2,0,2,2
DRAM2,0,4,1,1,4
DRAP1,0,2,4,1,0
DRC1,0,2,1,0,2
DRC3,4,4,1,0,1
DRC7,2,1,4,2,1
DRD1,1,4,0,3,2
DRD4,0,1,3,2,2
DRGX,2,3,1,2,3
DROSHA,0,2,4,4,3
DSC2,3,3,4,1,1
DSC3,4,2,1,2,2
DSCAML1,0,2,2,2,0
DSCC1,3,4,0,3,0
DSE,1,4,4,1,4
DSEL,2,1,4,0,0
DSG2,0,3,4,1,4
DSP,0,4,3,2,2
DST,3,3,3,0,4
DSTN,4,4,0,2,0
DSTYK,4,2,1,3,0
DTD2,1,2,4,0,2
DTHD1,1,2,2,0,3
DTL,0,4,2,0,1
DTNA,0,4,1,1,0
DTNB,4,0,0,3,0
DTWD2,3,4,3,2,4
DTX1,1,4,4,0,4
DTX2,3,4,2,0,1
DTX3,4,2,0,2,3
DTX3L,2,2,4,3,3
DTX4,4,1,4,0,3
DTYMK,1,2,3,3,1
DUOX1,0,3,3,1,4
DUOX2,1,2,1,4,2
DUOXA1,0,1,3,3,0
DUOXA2,2,4,2,4,2
DUS3L,2,4,1,3,0
DUS4L-BCAP29,0,3,4,4,4
DUSP1,0,4,3,4,2
DUSP10,3,2,4,3,4
DUSP11,1,0,4,0,2
DUSP12,4,0,3,4,3
DUSP14,0,0,4,4,1
DUSP16,2,1,2,4,2
DUSP18,3,1,2,0,3
DUSP19,3,2,3,4,3
DUSP2,3,1,0,0,3
DUSP23,4,1,0,3,3
DUSP26,1,2,0,4,1
DUSP3,0,2,0,0,4
DUSP4,2,2,4,2,4
DUSP5,0,4,3,3,1
DUSP6,2,3,1,0,0
DUSP7,1,2,1,3,2
DUSP8,2,4,0,0,3
DUT,1,4,4,2,1
DVL1,3,0,4,4,2
DVL2,1,1,3,2,4
DVL3,3,4,4,3,0
DXO,1,0,2,4,2
DYDC2,3,1,3,3,1
DYM,0,0,4,3,2
DYNC1H1,0,4,2,4,3
DYNC1I1,3,3,3,0,0
DYNC1I2,1,3,0,0,4
DYNC1LI2,0,3,3,2,2
DYNC2H1,4,0,3,0,3
DYNC2I1,3,2,1,4,1
DYNC2I2,4,4,2,4,2
DYNC2LI1,3,0,2,0,2
DYNLL1,3,1,0,0,1
DYNLL2,0,4,2,1,1
DYNLRB1,4,2,2,2,1
DYNLRB2,2,3,0,2,0
DYNLT1,0,2,0,3,3
DYNLT3,0,3,0,3,2
DYRK1A,1,4,0,2,0
DYRK1B,1,2,1,1,4
DYRK2,4,0,3,1,4
DYRK3,1,3,0,2,4
DYSF,1,0,0,1,2
DZANK1,4,3,2,4,4
DZIP1,4,2,0,1,1
DZIP1L,0,4,4,2,3
DZIP3,0,1,2,3,0
E2F1,0,0,0,2,0
E2F2,3,2,2,4,4
E2F3,4,2,4,0,3
E2F4,2,2,1,0,4
E2F5,1,4,2,0,4
E2F6,3,2,0,4,2
E2F8,1,4,4,4,0
E4F1,4,1,2,1,2
EAF2,0,1,0,1,2
EAPP,3,3,2,0,0
EARS2,3,4,2,2,3
EBF1,0,0,3,1,1
EBF2,4,1,4,2,1
EBF4,1,0,2,2,0
EBI3,4,3,2,0,0
EBLN2,2,4,1,0,2
EBP,1,4,0,0,3
EBPL,1,2,0,2,2
ECE1,0,3,2,4,4
ECH1,2,4,4,0,2
ECHDC2,2,0,1,4,4
ECHDC3,0,4,2,0,1
ECI1,3,4,4,1,3
ECI2,0,4,2,2,4
ECM1,3,1,3,3,2
ECM2,0,2,3,1,4
ECPAS,1,2,0,2,4
ECRG4,0,4,3,4,2
ECSCR,2,3,0,4,3
ECSIT,4,1,0,1,0
ECT2,2,3,3,2,1
ECT2L,1,4,2,4,0
EDA,0,0,0,2,0
EDA2R,4,2,4,1,0
EDAR,0,2,3,0,4
EDARADD,0,4,2,1,3
EDC4,3,2,1,1,0
EDEM1,1,4,0,1,2
EDEM2,1,0,0,3,2
EDEM3,4,0,2,4,2
EDIL3,4,3,0,4,3
EDN1,2,4,3,3,0
EDN2,1,3,3,2,0
EDNRA,4,3,2,0,2
EDNRB,1,2,0,0,3
EDRF1,4,2,0,2,1
EEA1,2,0,1,2,4
EEF1A1,4,2,2,2,4
EEF1A2,4,3,3,1,0
EEF1AKMT1,3,1,2,4,3
EEF1AKMT2,3,1,4,3,1
EEF1AKMT3,1,1,0,1,3
EEF1AKMT4,3,1,1,4,3
EEF1AKNMT,2,1,3,1,4
EEF1B2,0,0,0,0,2
EEF1D,0,4,3,3,0
EEF1E1,1,0,1,4,0
EEF2,2,2,3,0,0
EEF2K,2,1,1,3,1
EEFSEC,3,3,1,4,3
EEPD1,2,1,3,4,2
EFCAB1,4,3,2,0,3
EFCAB10,0,4,1,2,4
EFCAB11,4,1,4,3,0
EFCAB13,2,3,0,2,3
EFCAB14,1,2,1,0,2
EFCAB2,4,3,0,0,2
EFCAB7,3,4,2,4,3
EFCC1,3,3,1,4,1
EFEMP1,3,0,4,2,3
EFEMP2,4,0,0,2,1
EFHB,3,0,1,1,0
EFHC1,3,3,4,3,0
EFHC2,4,0,1,1,4
EFHD1,3,2,0,2,3
EFHD2,2,1,1,2,4
EFNA1,3,1,2,3,3
EFNA4,2,4,3,2,4
EFNA5,0,0,0,4,3
EFNB1,3,2,0,1,4
EFNB2,3,4,1,0,2
EFNB3,0,3,4,3,4
EFR3A,4,0,1,1,3
EFR3B,4,2,4,0,3
EFS,0,0,3,3,3
EGF,1,4,4,1,1
EGFL6,0,3,0,1,4
EGFL7,4,4,1,3,1
EGFLAM,2,2,4,0,2
EGFR,1,2,1,3,0
EGLN1,4,3,0,4,0
EGLN2,1,3,1,1,1
EGLN3,3,1,4,3,2
EGR1,4,4,3,4,4
EGR2,1,0,2,2,1
EGR3,2,3,1,2,3
EHBP1,3,0,1,2,4
EHBP1L1,3,3,1,4,0
EHD1,2,2,4,3,3
EHD2,1,1,0,1,3
EHD3,3,1,3,4,0
EHD4,1,2,2,0,4
EHF,2,3,3,4,0
EHHADH,3,0,1,0,2
EHMT1,3,1,4,3,0
EHMT2,3,0,4,1,3
EID1,0,0,4,3,0
EID2B,3,4,2,1,4
EID3,4,0,3,3,2
EIF1AX,4,2,4,0,1
EIF1AY,4,0,1,1,4
EIF1B,2,0,4,4,0
EIF2AK1,4,3,0,2,2
EIF2AK2,2,2,2,3,0
EIF2AK3,1,0,2,0,1
EIF2AK4,4,2,0,4,3
EIF2B2,4,2,1,2,2
EIF2D,1,4,2,3,0
EIF2S1,3,3,2,3,3
EIF2S3,2,2,4,2,2
EIF2S3B,3,3,0,1,1
EIF3A,2,4,0,1,4
EIF3C,0,2,2,1,2
EIF3CL,3,1,3,1,4
EIF3E,0,0,4,1,0
EIF3I,1,2,4,4,1
EIF3K,0,0,4,0,3
EIF3L,1,3,0,0,4
EIF4A1,2,1,0,0,2
EIF4A2,1,0,1,3,1
EIF4A3,4,0,4,0,3
EIF4B,3,0,1,2,4
EIF4E3,1,4,2,2,3
EIF4EBP1,3,0,4,2,2
EIF4EBP2,0,2,2,3,2
EIF4EBP3,0,3,2,2,0
EIF4G1,0,3,1,0,0
EIF4G3,0,4,1,2,1
EIF4H,2,1,2,2,1
EIF5,2,0,4,2,3
EIF5A,2,2,2,2,4
EIF5A2,3,0,4,0,3
EIF5AL1,4,4,3,4,0
EIF5B,4,1,2,4,0
EIF6,3,0,0,0,1
ELAC2,1,0,2,3,0
ELANE,0,4,4,0,4
ELAPOR1,1,2,1,3,2
ELAPOR2,2,4,3,4,2
ELF1,4,4,1,4,0
ELF2,0,4,3,2,3
ELF3,1,1,1,3,1
ELF4,1,2,3,4,4
ELF5,2,1,3,2,0
ELFN1,4,4,2,2,4
ELFN2,3,1,3,1,2
ELK1,1,0,4,4,1
ELK3,4,1,1,1,0
ELK4,2,4,2,1,4
ELL,4,4,3,3,0
ELL2,0,4,3,3,4
ELMO1,0,0,4,3,2
ELMO3,0,4,0,1,1
ELMOD2,3,0,1,0,1
ELN,4,4,1,1,1
ELOA,2,4,2,0,0
ELOB,3,1,3,0,2
ELOC,2,4,3,4,2
ELOVL2,0,4,0,1,2
ELOVL3,3,4,1,4,2
ELOVL4,0,1,4,2,1
ELOVL5,0,1,2,2,0
ELOVL6,1,0,2,2,1
ELOVL7,1,0,4,1,4
ELP1,1,1,0,2,4
ELP2,4,0,1,3,3
ELP3,4,3,4,3,2
ELP5,4,1,0,4,1
ELP6,4,3,0,1,1
EMB,1,2,1,2,2
EMC10,2,1,3,3,4
EMC6,1,2,0,0,3
EMC9,4,3,3,1,1
EMCN,4,2,2,1,1
EME2,0,2,2,4,0
EMID1,1,0,4,1,4
EMILIN1,3,3,2,2,3
EMILIN2,3,2,2,1,2
EML1,1,3,1,3,2
EML2,0,2,1,0,1
EML4,0,3,1,0,2
EMP1,0,3,1,4,3
EMP2,4,4,2,1,1
EMP3,1,3,1,4,0
EMSY,0,0,4,2,2
ENAH,1,3,0,0,4
ENC1,1,3,3,0,1
ENDOD1,4,4,1,1,1
ENDOG,2,3,2,0,0
ENG,3,0,1,0,1
ENGASE,4,2,0,1,0
ENHO,4,4,3,0,1
ENKD1,3,0,0,4,1
ENKUR,1,2,3,1,1
ENO1,3,1,2,2,0
ENO2,3,3,1,1,4
ENO3,2,2,3,4,4
ENOSF1,3,0,4,1,0
ENOX1,3,4,0,1,3
ENPEP,4,1,2,1,3
ENPP1,3,2,4,3,4
ENPP2,1,4,3,0,3
ENPP3,1,4,0,3,1
ENPP4,3,1,0,0,1
ENPP5,3,0,3,1,4
ENTPD1,3,0,2,2,4
ENTPD2,1,2,2,0,0
ENTPD3,2,2,0,4,2
ENTPD4,4,1,4,2,3
ENTPD5,2,3,0,1,1
ENTPD7,1,1,4,3,2
ENTR1,3,2,0,3,4
EOGT,0,1,3,4,1
EOMES,0,0,1,4,3
EP300,3,2,3,0,3
EP400,2,3,3,2,4
EPAS1,3,0,0,1,4
EPB41,4,0,2,1,1
EPB41L1,3,3,2,4,0
EPB41L2,2,2,3,0,4
EPB41L3,3,4,2,2,1
EPB41L4A,3,0,2,1,4
EPB41L4B,4,2,4,1,4
EPB41L5,1,4,3,2,2
EPC1,4,0,0,3,2
EPC2,2,3,0,3,0
EPCAM,0,1,4,0,1
EPDR1,0,2,1,4,0
EPG5,4,0,0,4,3
EPHA1,4,1,3,2,0
EPHA2,1,4,3,3,1
EPHA3,0,3,0,3,0
EPHA4,4,4,1,0,1
EPHB1,4,0,4,4,0
EPHB2,4,1,4,0,1
EPHB3,1,0,1,2,3
EPHB4,2,1,3,0,1
EPHB6,1,2,4,0,1
EPHX1,3,1,4,0,2
EPHX2,3,3,2,0,3
EPHX3,1,3,2,4,2
EPHX4,0,0,4,0,1
EPM2AIP1,0,2,4,1,4
EPN2,1,4,4,1,2
EPN3,4,1,0,3,2
EPOP,1,4,4,4,2
EPOR,0,0,0,2,2
EPPK1,3,4,1,2,3
EPRS1,1,1,2,1,4
EPS15,0,0,2,2,3
EPS8,4,4,1,0,0
EPS8L1,4,3,2,0,3
EPS8L2,3,2,2,0,1
EPSTI1,4,0,1,2,1
ERAP1,2,3,2,4,0
ERAP2,2,1,2,0,0
ERBB2,4,4,1,1,2
ERBB3,0,1,4,0,2
ERBB4,2,4,3,2,3
ERBIN,2,1,3,4,2
ERC1,0,0,2,0,0
ERCC2,1,1,1,1,4
ERCC4,3,0,0,0,1
ERCC6,1,1,3,2,3
ERCC6L2,4,3,3,2,4
EREG,2,1,2,4,2
ERF,4,2,2,4,1
ERFE,3,0,4,1,3
ERFL,2,3,1,1,3
ERG,2,3,4,4,4
ERG28,3,4,4,1,1
ERGIC1,3,1,1,0,2
ERGIC3,3,4,0,1,1
ERI1,2,3,4,2,0
ERI2,3,2,3,1,1
ERICH1,2,4,3,3,4
ERICH2,1,3,0,3,3
ERICH3,1,1,2,2,1
ERICH5,1,2,1,3,3
ERLIN1,4,2,2,4,4
ERLIN2,3,4,0,4,4
ERMAP,2,2,3,4,4
ERMARD,4,0,3,3,4
ERMN,0,1,4,1,2
ERMP1,4,4,2,0,2
ERN1,0,3,0,4,3
ERN2,0,2,3,3,3
ERO1A,3,2,0,4,3
ERO1B,4,0,2,0,2
ERP27,3,0,1,4,4
ERRFI1,4,2,4,4,2
ERV3-1,3,0,0,3,3
ERVMER34-1,2,2,1,0,4
ESAM,2,1,3,1,4
ESCO1,3,3,2,4,2
ESF1,4,4,2,4,4
ESM1,0,1,4,3,3
ESPL1,1,3,3,3,2
ESPN,3,2,3,3,4
ESPNL,1,3,0,4,4
ESR1,3,3,2,3,4
ESRP1,4,1,3,1,4
ESRP2,1,1,1,0,4
ESRRA,0,3,3,2,2
ESRRG,0,3,4,1,4
ESYT1,3,4,0,0,4
ESYT2,4,3,4,0,1
ESYT3,2,4,3,2,4
ETAA1,3,0,3,1,4
ETF1,3,2,0,3,4
ETFB,2,2,2,3,2
ETFBKMT,3,0,3,2,4
ETFRF1,2,3,0,1,0
ETHE1,2,2,1,1,2
ETNK1,1,3,4,2,1
ETNK2,1,4,1,1,0
ETS1,3,3,2,1,0
ETS2,4,0,3,3,4
ETV1,3,3,3,1,2
ETV2,4,3,1,4,2
ETV3,3,0,3,3,0
ETV4,2,0,4,1,1
ETV5,3,3,0,0,3
ETV6,1,0,3,4,0
ETV7,0,2,0,0,3
EVA1A,0,4,4,1,2
EVA1C,1,0,0,1,1
EVC,2,2,0,1,3
EVC2,2,4,1,2,2
EVI2A,0,0,3,0,4
EVI2B,4,1,0,1,4
EVI5,0,1,4,1,3
EVI5L,3,0,2,0,2
EVL,2,0,2,4,0
EVPL,1,2,0,1,2
EXD2,2,3,3,1,0
EXD3,2,1,4,0,1
EXOC1,3,1,2,0,0
EXOC2,4,4,3,2,3
EXOC3L1,4,4,0,4,0
EXOC3L2,4,3,2,2,0
EXOC3L4,2,3,0,2,3
EXOC5,4,0,0,0,4
EXOC6,3,1,4,1,1
EXOC6B,1,2,3,3,2
EXOC7,4,4,3,2,1
EXOC8,3,0,0,4,4
EXOG,4,2,4,3,1
EXOSC10,2,4,2,4,3
EXOSC4,3,1,3,4,2
EXOSC5,1,3,4,4,3
EXOSC6,0,2,0,3,2
EXOSC7,4,1,3,2,4
EXOSC8,4,4,0,4,3
EXPH5,3,3,3,2,2
EXT1,4,4,0,0,4
EXTL2,3,4,1,0,2
EXTL3,1,3,0,2,0
EYA1,1,0,3,0,0
EYA2,1,3,4,2,3
EYA3,4,1,4,1,4
EYA4,2,2,3,2,1
EZH1,2,4,4,3,1
EZH2,3,1,2,1,1
EZR,3,1,1,3,1
F10,2,2,2,3,3
F11,2,1,1,2,2
F11R,4,1,3,2,1
F13A1,4,2,3,1,1
F2R,4,2,3,3,4
F2RL1,2,0,0,4,0
F2RL2,3,2,3,0,0
F2RL3,1,1,1,1,1
F3,0,1,1,4,4
F5,4,2,4,3,1
F8,4,2,2,2,4
F8A1,3,2,2,2,0
FA2H,1,3,1,0,3
FAAH,1,1,1,1,3
FAAH2,1,4,0,2,3
FAAP100,1,0,0,0,0
FAAP20,4,0,4,4,2
FAAP24,2,3,1,0,3
FABP3,3,1,1,4,1
FABP4,1,4,3,1,1
FABP5,3,1,3,3,3
FABP6,0,1,4,4,0
FADD,1,2,1,2,0
FADS1,4,4,4,2,0
FADS2,0,4,2,0,4
FADS3,1,4,2,4,0
FAH,0,3,2,4,3
FAHD1,1,1,1,0,4
FAIM,2,3,3,3,0
FAIM2,1,4,0,3,1
FAM102A,4,1,3,2,4
FAM102B,4,3,0,1,2
FAM104B,1,4,4,0,4
FAM107A,4,1,3,0,0
FAM107B,0,0,2,1,2
FAM110A,1,2,4,4,3
FAM110B,0,2,0,4,4
FAM110C,0,2,0,3,4
FAM110D,4,0,3,3,3
FAM111A,1,4,3,4,4
FAM111B,3,0,4,1,0
FAM114A1,4,4,0,1,4
FAM117A,2,2,1,1,2
FAM117B,4,4,3,3,3
FAM118A,1,3,0,2,3
FAM118B,3,1,3,2,3
FAM120B,2,0,2,0,3
FAM120C,3,1,0,3,0
FAM122A,4,3,0,3,0
FAM122B,1,2,3,4,2
FAM124A,1,4,4,2,2
FAM124B,2,2,0,1,2
FAM126A,2,0,0,4,3
FAM126B,0,2,0,3,0
FAM131A,0,2,4,1,2
FAM135A,3,0,4,2,3
FAM136A,1,2,0,1,3
FAM13A,1,0,2,0,4
FAM13B,4,2,4,3,2
FAM13C,1,3,3,4,2
FAM149A,1,3,4,0,4
FAM149B1,3,3,1,2,1
FAM155A,1,1,2,1,4
FAM160A1,1,1,0,2,3
FAM160A2,0,0,2,3,0
FAM160B1,4,4,4,3,2
FAM160B2,3,2,2,0,1
FAM161A,4,2,2,2,3
FAM161B,0,2,0,1,2
FAM162A,2,3,0,0,0
FAM162B,0,4,1,3,0
FAM166B,2,0,2,0,2
FAM166C,2,1,4,2,0
FAM167A,4,4,2,1,1
FAM167B,2,2,4,0,0
FAM168A,2,3,0,0,3
FAM168B,2,0,1,4,1
FAM171A1,4,0,0,0,1
FAM171A2,4,0,1,1,2
FAM171B,0,2,4,0,4
FAM172A,0,1,4,4,1
FAM174A,0,3,1,3,0
FAM174B,2,1,4,3,0
FAM174C,1,0,1,2,3
FAM177A1,4,0,1,4,1
FAM177B,2,0,4,2,4
FAM180A,2,0,3,0,2
FAM181A,3,2,0,4,1
FAM183A,1,3,1,1,1
FAM184A,1,1,1,3,2
FAM189A2,4,4,4,4,4
FAM189B,3,2,0,0,1
FAM193A,4,2,0,1,1
FAM193B,2,2,2,1,0
FAM199X,3,3,3,2,4
FAM200A,4,1,3,1,2
FAM200B,1,1,0,1,1
FAM207A,3,3,3,3,1
FAM209B,4,1,2,4,2
FAM20A,3,2,4,4,0
FAM20B,0,3,4,2,3
FAM20C,4,3,0,4,2
FAM210B,0,4,2,2,3
FAM214A,0,2,1,1,2
FAM214B,2,2,0,1,2
FAM216A,2,1,3,2,1
FAM216B,1,3,4,4,1
FAM217B,0,4,2,4,2
FAM219A,2,3,0,4,0
FAM219B,3,3,4,3,4
FAM220A,2,2,1,4,2
FAM221A,1,1,4,0,1
FAM222A,4,3,3,1,2
FAM227A,4,1,3,2,4
FAM228B,3,4,4,2,0
FAM229A,0,2,3,3,3
FAM229B,2,0,0,2,2
FAM234A,0,1,4,2,4
FAM234B,3,3,0,2,3
FAM241A,3,0,2,3,1
FAM241B,3,2,4,2,4
FAM24B,2,0,0,4,0
FAM3A,3,0,1,3,3
FAM3B,0,2,2,2,2
FAM3C,3,4,3,3,1
FAM3D,2,1,0,3,3
FAM43A,4,1,0,1,3
FAM50B,1,0,0,4,1
FAM53B,0,0,2,4,1
FAM53C,3,1,2,4,1
FAM71E1,4,4,0,3,3
FAM76A,0,2,2,3,2
FAM76B,3,2,1,1,2
FAM78A,4,4,2,3,1
FAM81A,0,2,2,1,3
FAM81B,2,0,0,0,2
FAM83A,1,0,0,0,2
FAM83D,0,1,1,4,3
FAM83E,1,0,4,0,1
FAM83F,1,4,1,4,3
FAM83G,0,4,2,2,1
FAM83H,2,3,1,3,3
FAM86B1,4,0,3,3,2
FAM89A,1,1,1,3,1
FAM89B,1,3,4,3,0
FAM8A1,3,0,3,1,2
FAM90A1,3,3,1,0,1
FAM91A1,1,0,4,2,2
FAM98B,4,3,2,4,3
FAM98C,0,2,2,2,0
FAN1,3,4,4,4,4
FANCA,2,1,4,0,4
FANCD2,1,2,0,2,1
FANCE,3,4,0,3,4
FANCF,0,4,1,4,0
FANCI,1,1,1,1,3
FANCL,2,0,2,1,0
FANCM,0,4,3,2,1
FANK1,1,0,4,4,0
FAP,4,3,1,1,3
FAR1,0,4,0,4,2
FAR2,2,3,4,0,0
FARP1,4,0,3,3,3
FARP2,1,2,2,2,3
FARS2,3,3,1,1,2
FARSA,1,2,2,1,4
FAS,2,0,4,0,1
FASLG,1,1,1,3,4
FASN,2,3,2,4,1
FASTK,2,4,1,1,2
FASTKD1,4,0,4,2,1
FASTKD3,1,1,4,2,3
FASTKD5,2,1,0,1,1
FAT1,3,3,2,1,0
FAT4,4,4,0,1,3
FATE1,1,3,4,3,3
FAU,2,4,1,4,3
FAXC,3,2,1,0,1
FAXDC2,1,2,3,0,4
FBF1,1,1,2,0,2
FBH1,3,0,1,2,4
FBL,4,1,0,2,4
FBLIM1,1,2,1,3,4
FBLN1,4,2,0,2,2
FBLN2,1,1,3,3,4
FBLN5,1,0,2,0,0
FBLN7,2,1,3,3,1
FBN1,0,4,2,1,3
FBP1,2,0,1,2,4
FBRS,4,1,0,3,0
FBRSL1,1,4,4,0,1
FBXL13,1,2,0,1,0
FBXL14,4,2,2,3,0
FBXL15,1,3,4,1,2
FBXL16,1,0,0,2,1
FBXL17,4,1,2,1,3
FBXL18,2,1,4,0,3
FBXL19,1,2,4,4,1
FBXL2,4,4,3,4,0
FBXL20,2,0,4,2,2
FBXL3,3,4,4,0,2
FBXL4,1,2,1,2,1
FBXL5,1,3,2,3,0
FBXL6,3,3,0,4,4
FBXL7,0,3,3,1,1
FBXL8,4,1,4,2,2
FBXO10,3,3,3,0,4
FBXO11,1,1,1,4,0
FBXO15,3,1,0,3,1
FBXO16,3,1,3,3,0
FBXO17,1,4,1,1,4
FBXO2,4,3,4,1,2
FBXO21,1,1,0,2,3
FBXO25,4,4,0,2,0
FBXO27,2,0,3,0,0
FBXO28,2,1,2,4,2
FBXO30,0,0,3,2,1
FBXO31,1,3,2,0,4
FBXO32,3,4,3,4,2
FBXO33,1,4,0,4,3
FBXO34,0,3,0,3,0
FBXO36,2,0,2,2,3
FBXO38,1,2,3,1,3
FBXO41,2,4,3,1,4
FBXO44,0,2,1,1,4
FBXO45,3,3,4,3,0
FBXO46,3,0,0,2,1
FBXO5,2,2,2,1,0
FBXO6,1,2,4,3,3
FBXO8,3,4,4,0,1
FBXO9,2,4,4,4,0
FBXW11,4,3,1,1,0
FBXW2,2,3,2,4,1
FBXW4,2,3,0,2,1
FBXW5,1,3,3,0,4
FBXW7,0,2,4,2,2
FBXW8,3,4,0,3,1
FBXW9,0,4,1,0,2
FCAR,4,0,0,0,0
FCER1A,4,2,0,3,1
FCER1G,2,0,4,4,4
FCER2,4,2,2,2,3
FCGBP,0,4,1,3,0
FCGR1A,2,1,4,2,1
FCGR1B,2,4,2,4,1
FCGR2A,3,2,1,0,1
FCGR2B,1,3,4,0,4
FCGR3A,3,2,1,2,2
FCGR3B,2,2,3,1,1
FCGRT,2,3,0,3,4
FCHO1,3,3,1,3,1
FCHO2,0,4,4,4,3
FCHSD1,1,1,4,4,2
FCMR,4,3,0,2,2
FCN1,3,4,3,0,2
FCN3,0,3,2,1,2
FCRL1,3,2,4,4,4
FCRL2,3,4,1,1,1
FCRL3,1,4,1,1,4
FCRL5,4,2,0,1,3
FCRL6,1,0,3,2,4
FCRLA,3,1,2,3,4
FCRLB,1,3,1,3,3
FCSK,0,1,1,1,2
FDCSP,1,2,3,2,4
FDFT1,2,3,0,4,0
FDPS,1,1,0,0,1
FDXR,4,1,4,1,1
FECH,2,2,0,0,1
FEM1B,3,3,3,3,4
FEM1C,3,4,2,0,1
FEN1,4,2,4,3,1
FER,1,1,3,1,2
FERMT1,4,3,2,3,2
FERMT2,2,0,4,2,3
FERMT3,4,4,3,2,4
FES,2,1,1,1,2
FEZ1,0,3,0,1,2
FFAR2,3,0,0,2,0
FFAR4,1,2,2,2,0
FGA,0,2,0,1,0
FGD1,1,3,3,2,2
FGD2,0,4,2,0,4
FGD3,2,0,4,2,0
FGD4,1,1,4,2,1
FGD5,4,1,3,1,4
FGD6,0,4,4,1,1
FGF1,0,3,1,1,4
FGF10,1,4,2,0,3
FGF12,0,0,1,0,4
FGF13,4,3,4,1,4
FGF14,0,2,3,3,0
FGF18,3,4,3,3,0
FGF2,2,0,2,1,2
FGF7,0,2,2,3,4
FGF9,1,1,3,1,4
FGFBP1,2,0,3,4,3
FGFBP2,0,4,3,3,3
FGFBP3,3,0,1,4,2
FGFR1,0,0,0,2,0
FGFR1OP2,4,1,3,0,3
FGFR2,0,0,4,2,2
FGFR3,0,2,2,0,3
FGFR4,0,1,4,4,3
FGFRL1,0,1,2,4,2
FGG,2,2,1,2,3
FGGY,3,3,0,1,4
FGL2,0,3,3,3,0
FGR,3,0,4,1,1
FHAD1,0,0,1,1,1
FHDC1,0,2,3,3,4
FHL1,4,0,4,3,3
FHL2,0,3,1,4,0
FHL3,4,0,2,1,1
FHL5,2,4,1,0,3
FHOD1,2,0,3,4,1
FHOD3,4,0,1,1,1
FIBCD1,1,3,2,2,2
FIBIN,4,1,4,3,1
FICD,3,2,2,4,0
FIG4,2,1,1,0,2
FIGN,0,4,0,1,3
FIGNL1,1,2,0,2,1
FILIP1,4,3,1,2,2
FILIP1L,2,4,1,4,1
FIS1,2,1,3,0,1
FITM2,1,4,1,0,2
FIZ1,4,2,3,2,4
FJX1,1,0,3,2,1
FKBP10,3,1,0,3,1
FKBP11,1,3,2,2,0
FKBP14,2,2,2,1,0
FKBP15,4,3,1,2,2
FKBP1B,3,4,1,4,0
FKBP1C,3,3,2,4,0
FKBP4,3,1,0,1,4
FKBP5,4,1,2,1,3
FKBP7,4,4,1,4,0
FKBP8,4,2,1,4,3
FKBP9,1,4,4,0,1
FKBPL,2,4,3,0,1
FKRP,3,4,1,1,4
FKTN,1,0,1,2,3
FLCN,0,2,2,4,2
FLI1,1,0,1,0,3
FLII,3,4,1,4,2
FLNA,1,0,1,1,3
FLNB,3,2,0,3,0
FLNC,3,2,2,2,4
FLOT1,3,1,3,4,0
FLRT2,0,1,1,4,3
FLRT3,0,0,3,4,2
FLT1,4,0,0,0,0
FLT3,1,1,4,0,1
FLT4,0,0,2,1,2
FLVCR1,3,3,1,2,3
FLVCR2,4,4,1,1,2
FLYWCH1,1,0,1,1,3
FMC1,4,4,4,0,4
FMN1,3,1,1,1,3
FMNL1,3,2,0,4,4
FMNL2,1,3,4,1,0
FMNL3,1,4,1,2,2
FMO1,3,0,0,2,4
FMO2,4,0,4,4,3
FMO3,0,4,4,0,2
FMO4,1,1,3,3,4
FMO5,0,2,2,2,1
FMOD,4,2,0,3,3
FMR1,3,3,1,2,4
FN1,1,2,1,4,2
FN3K,2,2,0,4,4
FN3KRP,2,1,1,1,3
FNBP1,0,3,1,3,1
FNBP1L,4,1,2,0,4
FNBP4,4,2,2,2,3
FNDC1,2,2,0,3,3
FNDC10,2,2,4,2,1
FNDC11,2,1,3,1,4
FNDC3A,0,2,3,1,0
FNDC3B,1,3,4,4,0
FNDC4,3,4,4,2,3
FNDC5,1,2,2,3,1
FNIP1,1,3,0,2,0
FNIP2,0,4,2,2,3
FO681492.1,4,4,3,4,2
FOCAD,3,2,3,0,1
FOLH1,4,4,3,4,3
FOLR1,2,4,2,1,1
FOLR2,1,2,0,3,3
FOLR3,2,0,3,1,0
FOS,2,4,0,0,2
FOSB,1,0,2,2,2
FOSL1,2,4,1,3,3
FOSL2,0,4,4,2,1
FOXA1,4,1,3,0,4
FOXA2,4,1,1,3,0
FOXA3,4,0,0,1,4
FOXC1,4,2,2,0,2
FOXC2,3,0,2,1,4
FOXD2,3,4,4,2,4
FOXF1,3,0,3,3,1
FOXF2,4,4,2,2,3
FOXJ1,0,0,3,2,1
FOXJ2,3,4,3,4,3
FOXJ3,1,0,0,2,1
FOXK1,3,4,2,2,4
FOXK2,3,3,2,3,1
FOXL1,3,3,1,2,4
FOXM1,4,0,2,3,4
FOXN2,3,3,0,1,1
FOXN3,1,0,1,2,0
FOXO1,3,4,3,3,4
FOXO3,0,4,4,3,0
FOXO3B,3,2,2,2,4
FOXO4,3,0,0,0,0
FOXO6,0,1,3,1,2
FOXP1,1,1,1,4,0
FOXP2,3,4,1,0,2
FOXP3,4,3,1,1,1
FOXP4,2,4,4,4,4
FOXQ1,4,2,2,4,1
FOXRED1,3,1,1,1,3
FOXRED2,4,0,4,1,4
FOXS1,0,2,4,1,2
FP565260.1,2,3,0,3,1
FP565260.3,2,3,1,4,2
FPGT,0,2,2,1,4
FPR1,2,1,0,2,1
FPR2,4,4,2,4,1
FPR3,2,4,1,3,2
FRA10AC1,0,0,1,2,0
FRAS1,0,2,4,3,0
FRAT1,3,1,0,3,0
FRAT2,0,0,0,0,2
FREM1,2,3,3,1,2
FREM2,0,2,1,3,4
FRG1,2,3,1,3,0
FRK,3,2,4,4,1
FRMD3,1,3,3,4,1
FRMD4A,0,2,3,0,1
FRMD4B,4,1,0,0,1
FRMD6,2,0,3,1,2
FRMD8,0,3,4,3,1
FRRS1,0,1,4,0,2
FRS2,2,4,4,4,0
FRS3,2,4,1,3,1
FRY,3,3,1,0,1
FRYL,0,4,0,2,0
FRZB,4,3,1,3,2
FSBP,1,2,4,1,0
FSCN1,2,0,4,2,4
FSCN2,2,1,4,0,4
FSD1L,3,4,2,2,2
FST,4,0,4,4,2
FSTL1,2,0,3,4,3
FSTL3,0,0,3,2,4
FSTL4,2,0,2,4,3
FTCDNL1,3,0,2,3,1
FTH1,4,2,3,2,4
FTL,2,2,2,3,0
FTO,4,3,0,2,4
FTSJ3,3,4,1,4,1
FUBP1,3,0,1,3,1
FUCA1,4,4,0,3,0
FUNDC1,0,4,2,3,3
FUOM,0,2,4,4,4
FURIN,4,0,3,2,1
FUS,2,2,0,1,0
FUT1,1,0,4,1,3
FUT10,3,0,2,1,1
FUT11,1,3,0,3,0
FUT2,1,1,3,3,0
FUT3,3,2,4,3,2
FUT4,2,3,0,3,1
FUT7,0,2,3,3,0
FUT8,1,3,4,3,4
FUZ,1,3,4,0,1
FXR1,2,4,0,1,0
FXR2,1,4,4,3,0
FXYD3,1,4,1,2,1
FXYD4,4,4,1,4,0
FXYD5,2,0,0,4,0
FXYD6,1,0,2,4,0
FYB1,4,0,1,0,1
FYB2,2,2,1,2,4
FYCO1,4,2,3,3,4
FYN,3,4,0,0,4
FYTTD1,3,0,1,0,2
FZD1,0,4,4,2,2
FZD10,0,3,0,4,3
FZD2,0,3,0,3,0
FZD3,0,3,2,4,3
FZD4,0,0,3,2,1
FZD5,2,0,4,2,3
FZD6,0,3,2,1,0
FZD7,3,0,3,0,3
FZD8,0,3,3,1,2
FZD9,3,0,0,3,1
FZR1,4,1,3,1,3
G0S2,1,3,0,2,2
G2E3,4,2,3,3,2
G3BP1,4,3,0,0,0
G3BP2,3,3,2,2,1
G6PC3,4,4,2,4,1
G6PD,0,4,0,3,2
GAA,4,0,1,1,4
GAB1,3,4,3,1,1
GAB2,1,1,2,0,1
GAB3,4,4,1,2,3
GABARAPL1,0,1,0,3,1
GABBR1,1,1,2,4,1
GABBR2,1,3,2,0,3
GABPA,3,3,4,4,0
GABPB1,0,0,0,3,3
GABPB2,1,4,4,2,2
GABRB3,2,4,3,4,3
GABRD,0,2,0,3,2
GABRE,0,3,4,0,4
GABRP,4,4,0,3,2
GADD45A,0,3,3,3,3
GADD45B,1,4,3,0,4
GADD45G,0,1,1,0,2
GADD45GIP1,2,4,2,3,3
GAL3ST1,2,4,0,0,2
GAL3ST4,2,1,2,1,3
GALC,3,3,3,4,3
GALE,3,4,3,1,1
GALK1,3,2,2,0,2
GALK2,0,1,2,0,0
GALM,4,4,3,1,3
GALNS,4,3,4,3,3
GALNT1,0,2,3,4,4
GALNT10,1,1,0,2,4
GALNT11,3,1,1,3,2
GALNT12,0,4,4,0,3
GALNT13,4,3,1,2,3
GALNT14,3,3,2,0,4
GALNT15,0,2,3,1,2
GALNT16,2,3,1,3,2
GALNT17,2,4,4,3,0
GALNT18,2,2,3,2,4
GALNT2,1,1,2,2,1
GALNT3,2,0,2,2,2
GALNT5,4,4,1,2,4
GALNT6,4,0,0,3,1
GALNT7,0,3,0,4,1
GALT,4,3,0,1,4
GAMT,3,2,1,0,3
GAN,0,3,4,0,1
GANAB,3,2,1,4,0
GANC,3,0,0,4,2
GAPDH,1,0,4,0,3
GAPT,4,2,4,3,4
GAPVD1,0,4,2,3,1
GAR1,2,2,1,4,2
GAREM1,1,0,4,0,1
GAREM2,4,3,2,0,1
GARNL3,1,2,0,4,0
GARRE1,3,1,2,2,0
GAS1,3,4,2,3,1
GAS2,0,1,1,3,0
GAS2L1,3,2,1,4,0
GAS2L2,0,4,3,1,1
GAS2L3,1,1,1,1,2
GAS6,1,2,2,2,4
GAS7,2,4,2,3,1
GAS8,3,3,2,3,2
GASK1A,2,2,0,3,0
GASK1B,1,3,4,1,2
GATA2,3,2,3,4,0
GATA3,4,2,4,1,0
GATA5,4,2,4,3,0
GATA6,2,2,2,1,0
GATAD1,3,2,4,3,1
GATAD2A,1,1,4,0,3
GATAD2B,1,1,4,3,3
GATC,1,1,1,2,1
GATD1,4,1,2,2,3
GATD3B,2,1,2,2,2
GATM,4,0,2,3,4
GBA,4,2,1,3,1
GBA2,1,2,3,2,0
GBE1,4,3,2,1,1
GBF1,1,1,3,2,2
GBGT1,1,4,4,1,3
GBP1,0,3,0,2,0
GBP2,2,2,1,0,3
GBP3,2,4,4,2,1
GBP4,1,0,3,2,0
GBP5,4,3,3,0,0
GBP6,2,0,3,4,2
GCA,0,2,0,4,4
GCAT,3,2,3,0,0
GCC1,4,4,1,0,3
GCC2,0,3,3,2,0
GCH1,4,3,2,1,0
GCLC,3,4,0,0,2
GCLM,4,2,3,0,1
GCN1,1,2,4,1,3
GCNA,0,4,1,3,4
GCNT1,2,0,0,1,3
GCNT2,3,1,1,0,4
GCNT3,2,4,1,1,2
GCNT4,4,3,4,1,1
GCOM1,2,0,4,2,1
GCSAM,1,0,1,2,3
GDAP2,1,4,3,1,2
GDF10,1,2,1,3,0
GDF11,0,4,4,1,2
GDF15,3,4,3,4,4
GDF5,3,3,0,1,2
GDF7,1,0,4,4,0
GDI1,0,3,2,4,4
GDPD1,1,1,1,3,2
GDPD3,1,3,3,2,3
GDPD5,1,1,0,4,2
GDPGP1,2,2,2,3,4
GEM,0,2,4,4,0
GEMIN2,1,2,3,0,2
GEMIN4,0,4,2,3,2
GEMIN5,3,2,4,1,2
GEMIN6,3,2,0,2,1
GEMIN8,4,2,0,3,1
GEN1,1,2,3,1,4
GET1,4,4,2,3,2
GET3,4,4,2,3,4
GFI1,4,3,0,4,4
GFM1,0,3,2,1,2
GFM2,3,3,4,4,3
GFOD1,4,0,2,0,1
GFOD2,4,3,3,3,2
GFPT1,1,0,1,1,2
GFPT2,2,0,0,2,3
GFRA1,3,0,1,1,3
GFRA2,1,4,3,2,2
GFRA3,0,0,3,4,4
GFUS,3,2,1,2,4
GGA2,2,0,1,3,3
GGCT,3,4,4,1,0
GGCX,0,1,1,3,2
GGH,0,3,1,0,2
GGT2,1,2,4,4,4
GGT5,2,3,4,4,2
GGT6,2,0,3,1,1
GGT7,3,2,2,3,0
GGTA1,1,1,3,2,3
GGTLC1,4,4,4,2,3
GHDC,4,1,3,3,4
GHR,3,0,0,4,4
GHRL,2,2,4,1,1
GID8,3,3,1,0,0
GIGYF1,0,4,4,0,1
GIGYF2,0,3,0,2,0
GIMAP1,0,1,2,4,0
GIMAP2,2,1,3,2,0
GIMAP4,0,2,1,3,3
GIMAP5,3,2,0,3,0
GIMAP6,1,4,2,1,4
GIMAP7,4,4,2,2,3
GIMAP8,3,2,3,1,3
GIN1,2,3,2,0,1
GINM1,3,4,0,4,2
GINS1,0,1,3,1,2
GINS2,4,0,0,1,1
GINS3,3,0,1,4,1
GIPC1,4,0,2,4,0
GIPC2,3,1,4,1,0
GIPC3,2,4,0,4,4
GIPR,4,3,3,3,2
GIT1,3,2,4,4,4
GIT2,1,3,0,2,1
GJA1,0,4,1,2,2
GJA4,3,0,0,2,4
GJA5,2,2,3,2,0
GJB1,2,0,0,2,2
GJB2,1,4,0,0,4
GJB3,0,0,1,4,3
GJB5,0,2,4,0,4
GJB7,2,3,1,0,3
GJC1,2,4,3,4,2
GJC2,0,2,2,3,4
GJC3,2,2,2,4,1
GJD3,1,4,4,2,1
GK,3,4,2,1,3
GK5,1,2,0,2,0
GKAP1,4,4,1,1,4
GKN2,4,4,3,2,3
GLA,1,3,4,2,0
GLB1,3,0,3,0,3
GLB1L,2,3,3,2,4
GLB1L2,0,4,0,3,1
GLCCI1,2,4,4,0,0
GLCE,0,0,3,4,1
GLDN,3,0,1,4,1
GLG1,4,4,3,1,0
GLI1,3,2,3,2,1
GLI2,3,3,2,2,2
GLI3,4,4,4,1,2
GLI4,2,3,0,2,4
GLIPR1,3,3,1,3,2
GLIPR1L1,2,1,1,0,2
GLIPR1L2,3,3,0,1,3
GLIPR2,3,1,2,2,1
GLIS2,1,1,3,4,2
GLIS3,0,2,3,0,1
GLMN,0,2,3,0,1
GLMP,4,4,2,1,4
GLO1,0,2,2,2,0
GLOD5,0,3,1,1,3
GLRB,2,4,3,0,0
GLRX,2,1,3,3,2
GLRX3,1,4,1,2,2
GLS,1,4,1,3,4
GLT1D1,3,2,4,0,4
GLT8D2,0,1,1,2,1
GLTPD2,3,3,0,1,0
GLUD1,3,4,3,3,4
GLUD2,4,1,0,2,2
GLUL,1,1,0,1,0
GLYCTK,4,4,3,1,2
GM2A,0,4,1,4,0
GMCL1,0,3,1,0,0
GMEB1,3,3,1,0,2
GMEB2,4,3,3,3,3
GMFB,4,2,2,2,3
GMFG,4,4,2,1,2
GMIP,4,2,3,4,2
GMNN,0,1,3,3,3
GMPR,2,1,4,1,0
GNA11,0,3,1,4,0
GNA12,1,4,2,1,3
GNA13,3,1,2,1,4
GNA14,1,1,4,2,1
GNA15,0,3,1,2,2
GNAI1,4,0,2,0,1
GNAI2,2,0,4,1,2
GNAL,0,4,4,4,3
GNAO1,3,4,0,2,2
GNAQ,0,0,1,4,3
GNAS,4,4,0,2,2
GNAZ,0,0,2,0,2
GNB1,2,1,4,4,4
GNB2,1,1,0,1,3
GNB4,2,2,0,3,3
GNB5,1,3,0,1,1
GNE,1,0,0,0,1
GNG11,1,3,0,2,2
GNG12,2,1,1,1,4
GNG2,3,2,0,3,4
GNG5,4,1,0,3,3
GNG7,4,1,1,1,1
GNG8,3,2,2,4,3
GNGT2,4,0,2,2,0
GNL1,0,4,3,4,0
GNL3,3,1,0,2,0
GNL3L,2,4,0,1,3
GNLY,1,3,2,2,2
GNMT,2,1,1,4,3
GNPDA1,0,0,0,4,4
GNPDA2,1,1,0,0,2
GNPNAT1,3,1,2,4,0
GNPTAB,3,0,3,0,3
GNPTG,3,0,1,2,0
GNRH1,2,1,4,1,3
GNS,1,3,0,0,2
GOLGA3,4,1,1,3,1
GOLGA4,1,2,2,0,3
GOLGA5,1,3,0,1,3
GOLGA6L9,0,0,4,3,4
GOLGA7,1,1,1,1,2
GOLGA7B,4,4,3,1,0
GOLGA8A,3,2,3,3,3
GOLGA8B,3,0,4,2,2
GOLGB1,3,2,0,0,1
GOLIM4,3,2,1,0,0
GOLM1,4,3,1,1,3
GOLM2,0,3,4,4,0
GOLPH3,3,1,1,3,4
GOLPH3L,2,0,3,4,1
GOLT1A,4,3,2,0,1
GOLT1B,3,2,0,1,4
GON4L,3,0,0,3,4
GON7,1,2,4,1,4
GOPC,3,0,4,0,1
GORAB,3,4,1,3,3
GOSR1,0,4,4,4,1
GOT1,2,0,2,2,2
GOT2,1,2,2,2,4
GP1BA,2,4,2,0,2
GPA33,4,0,3,1,1
GPALPP1,4,3,0,1,2
GPAM,1,4,2,0,4
GPANK1,3,3,0,3,4
GPAT2,0,4,3,0,4
GPAT3,0,2,2,1,1
GPAT4,1,4,1,2,2
GPATCH1,3,0,2,3,3
GPATCH11,2,4,0,3,2
GPATCH2,1,0,0,1,3
GPATCH2L,0,0,1,0,4
GPATCH4,3,3,1,4,1
GPATCH8,2,4,0,3,1
GPBAR1,3,4,4,4,0
GPBP1,3,2,2,3,0
GPC1,4,1,2,4,2
GPC3,3,3,2,1,0
GPC4,3,2,4,4,3
GPC5,1,3,1,3,3
GPC6,4,2,2,1,0
GPCPD1,1,3,3,1,0
GPD1,0,0,2,2,0
GPD1L,4,3,0,2,4
GPD2,2,3,3,2,1
GPER1,3,2,3,1,3
GPI,1,3,2,2,3
GPIHBP1,3,4,0,3,0
GPKOW,4,1,3,2,4
GPLD1,3,4,4,4,2
GPM6A,1,2,3,2,4
GPM6B,3,1,4,4,2
GPNMB,4,4,2,1,1
GPR1,0,3,0,0,4
GPR107,4,3,0,3,1
GPR132,3,2,0,1,4
GPR137,2,2,2,2,1
GPR137B,1,4,0,3,2
GPR137C,3,4,4,0,4
GPR141,2,3,0,3,3
GPR143,1,3,4,2,1
GPR15,3,0,4,2,2
GPR153,0,3,3,1,1
GPR155,0,1,0,3,3
GPR156,4,2,0,3,4
GPR157,0,4,0,1,4
GPR160,1,0,0,0,3
GPR161,0,4,0,4,4
GPR162,3,3,0,3,4
GPR17,2,1,0,2,0
GPR171,1,1,1,4,1
GPR173,4,3,2,4,3
GPR174,2,0,3,1,4
GPR176,1,3,1,2,0
GPR18,1,1,4,2,2
GPR180,0,3,0,2,3
GPR183,2,2,0,4,3
GPR25,0,1,1,4,2
GPR27,3,4,1,2,3
GPR3,1,4,1,2,1
GPR34,3,0,4,1,1
GPR35,3,3,2,2,4
GPR37,0,4,0,0,4
GPR39,4,0,1,4,4
GPR4,0,1,2,2,3
GPR65,0,4,1,3,0
GPR68,0,4,0,4,4
GPR75,2,4,3,1,1
GPR82,2,2,0,3,3
GPR84,3,2,3,0,1
GPR85,4,0,4,4,0
GPRASP1,1,1,1,2,2
GPRASP2,3,2,3,2,1
GPRC5A,2,1,4,2,3
GPRC5B,0,1,1,2,3
GPRC5C,0,4,0,3,3
GPRC5D,3,4,2,2,0
GPRIN1,3,4,1,1,0
GPRIN2,4,2,3,3,3
GPRIN3,4,3,0,2,2
GPS1,1,3,0,3,0
GPSM1,4,1,4,0,1
GPSM2,1,4,3,0,1
GPSM3,0,2,0,3,0
GPT,0,1,4,4,0
GPT2,1,0,3,4,0
GPX1,4,1,3,1,3
GPX2,3,2,1,0,1
GPX3,1,2,2,3,2
GPX4,4,1,1,2,1
GPX7,3,3,3,1,0
GPX8,3,2,1,2,3
GRAMD1A,4,0,4,4,1
GRAMD1B,3,4,1,0,4
GRAMD1C,1,1,4,0,0
GRAMD2A,0,4,2,1,0
GRAMD2B,0,2,0,0,4
GRAP,2,1,3,1,4
GRAP2,0,0,0,3,2
GRB10,0,1,1,4,1
GRB14,3,4,1,0,2
GRB2,4,1,2,3,3
GRB7,3,0,1,2,2
GREM1,3,2,4,1,2
GREM2,3,2,4,1,0
GRHL1,3,3,0,0,4
GRHL2,3,3,3,1,0
GRHPR,4,2,2,1,1
GRIA1,3,2,3,1,4
GRID2IP,3,4,1,2,2
GRIK5,3,4,2,4,3
GRIN2D,1,3,1,2,4
GRIN3B,2,0,0,0,2
GRINA,1,2,1,4,1
GRIP1,0,2,4,4,2
GRK2,1,1,3,1,3
GRK3,1,3,4,1,0
GRK5,3,1,3,1,3
GRN,0,1,0,0,0
GRP,1,1,0,0,1
GRPEL2,3,4,2,4,1
GRTP1,1,1,3,1,2
GRWD1,0,1,4,2,4
GSAP,4,4,3,0,3
GSDMA,2,0,0,0,1
GSDMB,1,0,3,1,3
GSDMC,2,1,2,0,1
GSDMD,3,1,1,2,4
GSDME,2,1,2,1,3
GSE1,4,3,1,3,2
GSK3B,0,0,1,3,2
GSKIP,0,0,2,1,4
GSN,0,0,1,0,1
GSPT1,3,4,3,4,1
GSPT2,4,1,4,2,1
GSR,2,4,2,2,3
GSTA1,2,1,2,3,3
GSTA2,3,2,0,3,2
GSTA3,4,2,4,2,3
GSTA4,0,3,3,4,1
GSTM1,3,2,0,4,3
GSTM2,4,0,0,3,3
GSTM3,0,1,4,2,0
GSTM4,2,1,2,3,2
GSTM5,2,0,2,3,4
GSTO1,0,3,4,1,0
GSTO2,2,3,0,3,4
GSTP1,4,1,4,3,4
GSTT2B,2,0,1,4,2
GSTZ1,2,1,3,4,1
GTDC1,2,0,3,3,2
GTF2A1,3,2,1,4,1
GTF2F1,1,4,3,1,2
GTF2H1,1,2,3,1,3
GTF2H2,4,2,2,2,4
GTF2H3,4,0,0,1,0
GTF2I,4,1,3,4,4
GTF2IRD1,4,4,1,0,1
GTF2IRD2B,1,4,4,3,3
GTF3A,0,1,3,1,3
GTF3C1,3,4,1,3,2
GTF3C3,4,0,4,0,2
GTF3C4,3,3,0,0,0
GTF3C5,3,1,3,3,2
GTPBP10,2,3,3,3,0
GTPBP2,2,1,0,4,0
GTPBP3,4,2,0,1,4
GTPBP4,4,0,2,3,4
GTPBP6,4,3,2,4,3
GTPBP8,4,4,0,4,0
GTSE1,4,4,2,3,3
GTSF1,3,3,4,3,0
GUCA1B,4,4,0,1,4
GUCD1,4,3,2,4,3
GUCY1A1,4,1,1,3,4
GUCY1A2,3,2,4,2,3
GUCY1B1,1,2,0,1,3
GUF1,3,3,3,4,4
GUK1,2,2,1,0,0
GULP1,4,0,4,1,3
GXYLT1,1,3,1,3,4
GXYLT2,0,3,1,2,1
GYG1,2,0,2,2,0
GYG2,3,3,3,1,2
GYPC,2,1,3,4,0
GYPE,1,4,3,4,3
GYS1,1,2,2,0,1
GZF1,2,4,3,4,1
GZMA,1,0,0,3,4
GZMB,2,4,3,3,1
GZMH,1,4,0,4,2
GZMK,4,1,0,3,3
GZMM,2,1,4,0,1
H1-0,0,2,4,3,4
H1-10,2,3,1,1,1
H1-2,0,4,0,1,4
H2AC20,2,4,1,0,2
H2AC6,2,2,3,1,4
H2AC8,2,1,4,3,3
H2AJ,1,4,0,1,3
H2AW,2,4,2,0,1
H2AX,4,0,3,3,4
H2BC11,1,1,3,0,1
H2BC12,3,1,4,1,4
H2BC21,1,4,4,4,4
H2BC4,4,0,0,1,0
H2BC5,4,2,2,4,1
H2BC8,0,3,2,4,0
H2BU1,3,4,4,0,0
H3-3A,3,3,1,2,1
H3-3B,3,3,2,0,1
H3-5,2,2,0,2,2
H3C10,4,2,4,3,1
H3C6,2,3,4,1,1
H4-16,3,2,4,1,2
H4C12,3,3,2,3,0
H4C8,1,1,0,4,3
H6PD,2,2,0,1,0
HAAO,0,2,0,0,2
HABP2,1,1,2,1,1
HABP4,4,3,3,1,1
HACD1,4,4,2,0,3
HACD2,1,3,2,3,1
HACD3,1,1,3,3,3
HACD4,0,1,4,4,3
HACE1,4,1,0,0,0
HADH,2,1,2,4,1
HAGHL,2,2,4,3,2
HAL,2,0,3,0,3
HAMP,1,3,1,3,4
HAPLN1,4,0,1,2,0
HAPLN3,2,3,3,1,4
HARS2,2,4,2,3,3
HAS1,0,2,4,3,4
HAS2,1,2,4,0,3
HAS3,0,3,0,1,2
HASPIN,4,4,4,1,4
HAUS1,1,0,4,4,1
HAUS2,4,2,0,3,1
HAUS3,3,1,1,3,4
HAUS4,3,4,2,2,3
HAUS5,4,0,1,2,2
HAUS6,0,0,1,1,3
HAVCR2,2,3,2,4,4
HBA1,2,2,4,4,1
HBA2,4,1,2,1,4
HBB,1,0,2,2,0
HBEGF,1,3,3,4,1
HBP1,2,1,2,4,0
HBQ1,0,3,4,0,4
HCAR1,1,1,3,2,3
HCAR2,3,3,4,2,0
HCAR3,1,1,3,2,4
HCFC1,3,4,3,3,3
HCFC1R1,3,3,4,0,3
HCFC2,4,1,2,4,1
HCK,0,3,1,1,0
HCLS1,0,3,3,0,1
HCN3,3,1,1,2,1
HCN4,4,4,4,3,2
HCST,4,4,2,4,4
HDAC1,3,2,2,3,2
HDAC11,4,0,0,0,1
HDAC4,0,0,2,4,1
HDAC5,1,3,4,4,2
HDAC6,3,2,0,3,3
HDAC7,3,3,4,3,3
HDAC9,0,4,4,3,2
HDC,0,3,2,0,2
HDDC2,2,1,2,3,2
HDGFL2,1,0,4,0,4
HDGFL3,2,0,4,1,2
HDHD3,2,2,0,2,4
HDHD5,0,3,3,2,0
HDLBP,2,3,4,4,0
HDX,3,3,2,3,3
HEATR1,0,3,0,4,3
HEATR3,1,4,2,0,4
HEATR4,0,3,1,4,0
HEATR5A,3,0,0,4,2
HEATR5B,3,0,1,2,0
HEATR6,2,4,1,1,4
HEBP1,1,4,0,3,3
HECA,3,4,1,3,4
HECTD1,1,1,2,0,3
HECTD2,4,0,3,2,3
HECTD4,3,2,1,0,3
HECW2,3,3,3,1,1
HEG1,3,4,3,1,0
HELB,2,2,1,0,3
HELLS,2,4,0,4,4
HELZ,2,1,4,3,3
HELZ2,3,3,0,1,1
HEMK1,1,0,1,2,4
HENMT1,1,4,2,0,1
HEPH,0,1,0,0,3
HERC1,1,2,4,2,1
HERC2,2,2,2,3,2
HERC4,1,2,2,3,3
HERC5,3,1,2,4,4
HERC6,1,0,0,0,0
HERPUD1,0,2,3,4,3
HERPUD2,1,4,0,2,0
HES1,1,1,1,1,3
HES2,2,3,1,4,0
HES4,0,2,3,3,3
HES6,0,3,2,4,4
HESX1,1,0,0,1,3
HEXA,4,2,2,0,0
HEXB,2,3,0,3,1
HEXD,3,4,4,0,3
HEXIM1,4,2,1,1,3
HEXIM2,0,1,1,3,1
HEY1,2,4,0,3,0
HEY2,1,3,2,2,1
HEYL,2,3,3,2,1
HGD,0,0,4,4,1
HGF,0,0,2,4,0
HGH1,0,4,0,0,2
HGS,2,1,3,2,0
HGSNAT,2,0,1,3,1
HHAT,4,1,4,1,2
HHEX,2,0,1,3,0
HHIP,0,3,4,0,4
HHIPL1,4,0,3,0,1
HHLA2,2,1,4,1,1
HIBADH,4,0,3,1,0
HIC1,0,0,2,2,4
HIC2,4,0,2,0,3
HID1,2,2,0,1,3
HIF1A,4,3,2,3,2
HIF1AN,2,1,3,4,3
HIF3A,3,1,0,0,2
HIGD1A,4,0,4,4,2
HIGD1B,4,1,1,4,0
HIGD2A,0,2,1,1,4
HIKESHI,4,3,3,4,2
HILPDA,3,2,2,3,1
HINT3,0,1,2,0,3
HIP1,0,2,1,0,2
HIP1R,4,4,3,1,0
HIPK1,0,0,1,2,1
HIPK2,2,4,1,4,1
HIPK3,2,0,4,2,1
HIRIP3,3,3,4,3,1
HIVEP1,1,3,1,4,3
HIVEP2,1,0,0,4,2
HIVEP3,4,0,4,1,3
HJURP,3,0,0,1,4
HK1,4,3,2,0,4
HK2,4,1,3,4,0
HK3,3,4,3,3,0
HKDC1,0,2,1,1,0
HLA-A,0,1,1,3,1
HLA-B,0,2,2,0,2
HLA-C,2,4,3,4,0
HLA-DMA,1,1,4,0,4
HLA-DMB,1,1,3,0,4
HLA-DOA,2,0,1,0,0
HLA-DOB,2,2,4,0,2
HLA-DPA1,1,4,1,2,3
HLA-DPB1,2,1,2,3,4
HLA-DQA1,2,0,3,3,0
HLA-DQA2,4,3,1,2,4
HLA-DQB1,1,4,1,3,4
HLA-DQB2,2,0,1,2,2
HLA-DRA,3,2,2,1,0
HLA-DRB1,4,1,3,4,3
HLA-DRB5,1,4,3,0,1
HLA-E,0,4,1,4,1
HLA-F,0,2,1,2,4
HLA-G,1,1,2,1,1
HLCS,2,3,1,0,2
HLF,2,2,3,1,2
HLTF,0,4,3,0,1
HLX,2,2,0,4,3
HMBOX1,0,1,3,3,1
HMBS,2,4,2,2,4
HMCN1,4,4,4,4,2
HMCN2,2,2,0,0,3
HMG20A,0,1,2,0,2
HMG20B,0,4,1,4,2
HMGA1,4,0,2,4,4
HMGB2,2,1,3,2,0
HMGB3,1,3,0,0,4
HMGCLL1,0,2,1,4,0
HMGCR,1,3,4,2,3
HMGCS1,2,0,3,4,0
HMGCS2,4,1,1,1,4
HMGN1,3,2,0,3,1
HMGN3,2,1,1,2,1
HMGN5,4,1,4,2,3
HMGXB3,1,3,0,4,2
HMMR,1,1,3,2,4
HMOX1,3,0,3,4,0
HMSD,4,0,0,3,3
HNF1B,3,1,2,0,2
HNF4G,3,1,4,3,0
HNMT,1,3,2,1,3
HNRNPA0,2,4,1,0,1
HNRNPA1L2,0,2,2,3,1
HNRNPA1P48,2,4,1,1,1
HNRNPA2B1,0,0,4,4,3
HNRNPA3,0,0,0,1,2
HNRNPDL,0,3,1,1,4
HNRNPF,1,1,3,1,4
HNRNPH1,3,3,2,3,3
HNRNPH3,4,2,2,4,4
HNRNPLL,1,2,0,4,1
HNRNPM,0,1,4,4,0
HNRNPR,3,0,4,4,2
HNRNPU,4,4,3,3,4
HNRNPUL1,4,0,2,2,0
HNRNPUL2,3,0,3,2,3
HOATZ,0,4,3,2,0
HOMER1,3,4,1,1,1
HOMER2,0,0,4,4,0
HOMER3,0,2,4,3,0
HOMEZ,0,4,2,2,0
HOOK1,3,1,4,1,0
HOOK2,0,2,2,0,4
HOOK3,4,4,0,1,2
HOPX,2,4,1,0,4
HORMAD1,1,1,1,0,1
HOXA1,4,3,3,0,1
HOXA2,3,2,3,1,4
HOXA3,2,2,4,2,4
HOXA5,1,4,3,0,1
HOXA6,3,0,1,0,2
HOXB2,2,0,2,0,0
HOXB3,0,1,3,4,2
HOXB4,4,4,2,4,1
HOXB5,3,2,2,0,3
HOXB6,4,2,2,4,4
HOXB7,1,0,0,1,3
HOXB8,1,1,0,0,2
HOXC4,2,3,0,4,2
HOXC6,2,0,2,4,3
HOXD1,0,2,3,0,2
HOXD4,1,4,3,1,4
HOXD8,0,2,3,0,1
HOXD9,0,1,2,2,0
HP,1,1,1,0,3
HP1BP3,3,4,4,1,1
HPCAL1,4,3,0,2,0
HPCAL4,2,2,2,0,0
HPF1,0,2,1,2,2
HPGD,4,2,4,1,1
HPGDS,1,0,4,4,2
HPN,1,2,0,0,3
HPS1,4,2,1,0,3
HPS3,4,0,1,4,3
HPS4,2,2,0,4,4
HPS5,1,0,1,4,0
HPS6,2,1,4,1,4
HPSE,4,4,1,1,3
HPSE2,3,2,3,0,3
HPX,0,2,2,0,0
HR,3,1,2,1,1
HRAS,1,1,2,1,0
HRC,0,2,4,3,2
HRCT1,1,2,3,0,1
HRH1,4,3,3,1,4
HRH2,3,4,3,0,2
HROB,4,0,0,1,1
HS2ST1,0,1,1,2,1
HS3ST1,2,0,4,1,3
HS3ST2,3,2,0,4,4
HS3ST3A1,1,3,0,3,4
HS3ST3B1,3,0,4,2,1
HS3ST5,2,0,2,3,3
HS3ST6,2,4,1,3,3
HS6ST1,3,3,1,1,3
HS6ST2,1,3,0,0,2
HSBP1,3,2,0,2,2
HSBP1L1,4,0,0,0,4
HSCB,3,2,2,0,2
HSD11B1,1,0,2,4,4
HSD11B1L,2,2,2,0,3
HSD11B2,2,1,0,4,0
HSD17B10,2,4,1,3,0
HSD17B11,2,1,3,3,4
HSD17B12,3,1,3,2,1
HSD17B13,4,4,1,3,4
HSD17B14,1,1,2,3,1
HSD17B6,0,1,1,0,1
HSD17B7,3,4,0,4,1
HSD17B8,3,2,1,1,1
HSD3B7,0,2,2,3,1
HSDL1,0,1,1,2,4
HSDL2,4,3,1,3,3
HSF1,2,2,1,4,4
HSF2,1,4,0,1,2
HSF4,2,1,2,4,1
HSH2D,4,3,2,4,2
HSP90AA1,4,2,3,2,1
HSP90AB1,3,0,2,4,2
HSP90B1,0,0,2,3,3
HSPA12A,0,3,1,1,1
HSPA12B,1,4,3,3,1
HSPA13,3,2,3,3,2
HSPA14,1,3,1,4,4
HSPA1A,4,0,2,1,1
HSPA1B,3,1,2,1,1
HSPA1L,2,4,4,2,1
HSPA2,1,0,3,3,0
HSPA4L,3,1,4,1,1
HSPA6,3,3,0,2,1
HSPA8,0,2,0,4,2
HSPB1,1,4,1,4,2
HSPB11,4,3,0,1,0
HSPB3,1,3,4,0,3
HSPB6,1,3,0,2,2
HSPB7,3,2,3,4,0
HSPB8,3,0,0,1,1
HSPB9,0,1,3,4,2
HSPBAP1,1,2,2,2,2
HSPBP1,3,4,0,2,2
HSPE1,3,4,0,2,1
HSPG2,3,0,0,4,4
HSPH1,4,2,2,0,4
HTATIP2,3,3,1,2,3
HTATSF1,2,2,3,0,3
HTR1D,2,1,0,3,3
HTR2B,4,4,4,4,3
HTRA1,0,3,4,0,1
HTRA2,2,1,1,4,4
HTRA3,2,2,1,2,2
HTRA4,1,3,4,4,2
HTT,4,1,4,3,4
HUNK,0,2,4,3,1
HUWE1,2,3,3,1,3
HVCN1,0,1,4,2,1
HYAL1,0,1,3,0,0
HYAL2,4,0,4,3,3
HYAL3,0,4,4,4,1
HYLS1,0,4,4,2,2
HYOU1,1,4,2,0,0
IARS2,3,1,2,0,3
IBA57,1,1,1,0,2
IBTK,2,4,4,4,3
ICA1,1,3,1,0,1
ICA1L,2,1,3,3,3
ICAM1,2,3,1,3,1
ICAM2,3,3,4,0,0
ICAM3,3,1,1,3,1
ICAM5,4,4,2,3,2
ICE1,2,1,1,1,1
ICE2,2,3,1,4,2
ICMT,0,0,2,0,1
ICOS,1,2,3,0,4
ID1,4,4,4,0,4
ID2,4,4,4,1,0
ID3,3,1,2,2,4
ID4,1,1,4,2,1
IDE,0,3,0,3,0
IDH1,2,1,1,4,3
IDH2,1,3,4,0,0
IDH3A,0,0,1,2,1
IDI1,1,2,4,2,4
IDO1,0,2,2,2,0
IDS,0,3,2,1,0
IDUA,3,2,4,2,0
IER2,4,0,1,1,1
IER3,2,0,1,2,2
IER3IP1,1,1,2,1,2
IER5,2,0,2,1,1
IER5L,2,3,3,1,4
IFFO1,2,0,1,1,1
IFFO2,2,3,3,3,3
IFI16,2,2,1,1,3
IFI27,2,0,3,4,2
IFI27L1,3,0,4,3,0
IFI27L2,4,0,2,0,0
IFI30,3,4,1,0,1
IFI35,0,2,0,0,2
IFI44,3,4,2,3,0
IFI44L,2,0,4,3,2
IFI6,1,2,4,2,0
IFIH1,2,1,2,2,0
IFIT1,0,4,1,4,3
IFIT2,4,0,0,2,0
IFIT3,2,0,2,4,2
IFIT5,3,0,3,1,4
IFITM1,2,2,2,2,2
IFITM2,0,4,2,0,4
IFITM3,2,1,1,4,1
IFNAR1,3,0,2,3,4
IFNAR2,1,1,4,3,3
IFNG,3,0,0,2,4
IFNGR1,4,0,2,2,3
IFNLR1,2,0,2,3,0
IFRD1,0,1,3,1,0
IFRD2,1,1,0,0,0
IFT122,3,3,0,0,3
IFT140,3,0,4,0,3
IFT172,2,2,0,4,1
IFT20,0,2,0,0,2
IFT22,3,0,4,4,0
IFT27,3,4,2,3,3
IFT43,0,4,2,0,3
IFT46,4,2,4,3,4
IFT52,4,2,1,2,4
IFT57,1,1,3,1,0
IFT74,4,4,2,4,4
IFT80,3,3,0,1,1
IFT81,2,3,2,1,2
IFT88,0,2,3,1,2
IGBP1,0,0,1,3,3
IGDCC4,0,3,2,1,1
IGF1,2,4,4,0,3
IGF1R,2,4,1,3,4
IGF2,4,1,4,0,4
IGF2BP2,2,4,3,0,4
IGF2R,3,4,2,2,4
IGFALS,0,0,3,1,0
IGFBP1,3,0,2,2,2
IGFBP2,3,2,0,1,4
IGFBP3,2,0,2,4,1
IGFBP4,1,3,4,0,1
IGFBP5,0,2,2,4,0
IGFBP6,1,4,1,2,0
IGFBP7,4,1,4,0,0
IGFBPL1,2,1,0,0,1
IGFLR1,1,4,2,2,2
IGHMBP2,2,0,0,1,0
IGIP,1,2,1,4,4
IGLL5,3,1,0,3,2
IGSF10,2,3,1,0,2
IGSF21,3,3,1,4,3
IGSF3,1,0,4,1,2
IGSF6,4,3,3,0,4
IGSF8,3,3,4,4,2
IGSF9,3,0,3,3,1
IGSF9B,2,1,1,1,0
IHH,3,1,3,1,3
IK,1,3,3,3,0
IKBIP,4,2,1,4,3
IKBKB,1,1,4,3,4
IKBKE,0,2,4,1,3
IKBKG,2,4,2,1,2
IKZF1,0,3,0,3,0
IKZF2,0,3,2,1,0
IKZF3,4,4,3,4,3
IKZF4,0,2,2,4,4
IKZF5,4,2,2,3,4
IL10,4,3,0,3,0
IL10RA,2,4,2,2,3
IL11RA,3,3,0,4,1
IL12A,3,1,3,0,0
IL12RB1,0,3,1,0,4
IL12RB2,4,1,4,0,3
IL13RA1,2,3,1,4,0
IL13RA2,0,3,2,3,0
IL15,2,4,3,1,4
IL15RA,3,3,1,4,1
IL16,1,1,1,3,3
IL17RA,0,2,0,4,1
IL17RB,2,1,3,0,4
IL17RC,4,3,2,3,1
IL17RD,1,1,1,1,3
IL17RE,4,2,3,4,2
IL18,4,0,4,2,4
IL18BP,2,0,2,0,1
IL18R1,0,1,0,2,3
IL18RAP,4,2,0,2,3
IL1A,1,1,3,0,1
IL1B,0,2,2,0,4
IL1R1,0,2,2,2,4
IL1R2,2,0,2,1,1
IL1RAP,4,4,4,2,1
IL1RL1,2,1,0,2,1
IL1RL2,1,1,3,1,1
IL1RN,2,1,4,2,0
IL20RA,1,2,4,0,2
IL20RB,2,4,2,3,0
IL21R,4,2,0,3,3
IL22RA1,2,0,4,3,2
IL23A,1,2,0,4,4
IL24,2,2,0,0,2
IL27,4,2,0,4,1
IL27RA,1,4,1,1,0
IL2RA,1,4,3,4,2
IL2RB,1,0,0,3,1
IL2RG,3,0,2,3,2
IL32,1,4,3,0,0
IL33,1,1,4,0,1
IL34,3,3,1,3,1
IL37,0,3,1,4,3
IL3RA,0,3,3,3,3
IL4I1,2,2,1,0,1
IL4R,4,0,3,2,2
IL5RA,3,3,2,2,3
IL6,4,3,3,1,4
IL6R,1,3,0,1,2
IL6ST,1,0,1,2,2
IL7,1,3,2,4,0
IL7R,3,3,0,4,3
ILDR1,2,1,4,2,2
ILDR2,2,2,4,3,0
ILF3,4,4,1,1,4
ILRUN,1,3,2,1,3
ILVBL,4,4,0,2,1
IMMP1L,1,0,0,2,2
IMMP2L,4,1,2,3,0
IMP3,0,3,0,4,2
IMPA1,4,1,2,4,4
IMPA2,0,3,0,0,4
IMPDH1,1,0,1,4,1
IMPDH2,4,3,2,0,4
INAFM1,1,0,4,3,4
INAFM2,2,2,0,1,4
INAVA,3,4,2,1,2
INCA1,0,1,3,3,2
INCENP,0,3,1,0,2
INF2,4,3,2,0,2
ING2,3,2,2,3,1
ING4,4,3,2,4,1
ING5,2,1,3,1,2
INHBA,3,0,3,0,3
INHBB,0,2,1,3,2
INKA1,2,2,3,1,3
INKA2,4,3,0,1,2
INMT,2,3,3,2,3
INO80,1,2,1,1,1
INO80D,0,3,4,1,1
INPP1,2,0,4,3,3
INPP4A,1,3,2,3,1
INPP4B,3,0,0,4,3
INPP5A,1,0,0,2,0
INPP5B,4,0,0,0,0
INPP5D,0,2,1,2,1
INPP5E,4,0,2,3,4
INPP5F,1,1,0,1,4
INPP5J,2,4,4,2,4
INPP5K,3,0,2,2,2
INPPL1,0,4,1,0,4
INSIG1,1,1,2,2,4
INSIG2,1,0,2,1,4
INSR,1,1,2,1,2
INTS1,1,3,4,4,1
INTS10,3,0,4,0,3
INTS11,2,3,4,1,1
INTS2,0,1,0,3,4
INTS3,0,0,4,2,3
INTS5,0,0,3,4,4
INTS6,3,2,2,0,0
INTS6L,0,0,1,1,1
INTS7,4,3,2,2,4
INTS8,1,0,0,4,3
INTU,1,3,2,3,0
INVS,3,0,1,4,0
IP6K2,4,4,1,0,4
IP6K3,1,2,3,4,3
IPCEF1,2,2,1,4,3
IPMK,4,3,0,3,3
IPO11,1,3,2,3,2
IPO8,0,3,3,3,0
IPO9,0,4,1,4,2
IPP,4,2,0,1,4
IPPK,1,1,0,3,1
IQANK1,3,4,2,0,2
IQCA1,0,2,3,1,2
IQCB1,3,3,2,1,2
IQCC,3,2,0,2,2
IQCD,0,0,1,3,0
IQCE,3,4,3,4,4
IQCG,2,2,0,4,3
IQCH,1,3,2,1,2
IQCK,1,4,4,3,3
IQCN,2,2,1,4,3
IQGAP1,1,2,0,3,4
IQGAP2,0,1,3,3,1
IQGAP3,4,3,2,3,3
IQSEC1,1,1,1,4,0
IRAG1,3,0,1,4,4
IRAG2,0,2,4,3,3
IRAK1,0,2,1,3,2
IRAK1BP1,1,1,0,1,0
IRAK2,0,0,0,2,4
IRAK3,3,4,2,3,2
IREB2,4,1,1,3,1
IRF1,2,1,0,2,4
IRF2BP1,0,4,4,4,4
IRF2BP2,2,2,0,2,2
IRF2BPL,0,2,4,0,1
IRF4,3,4,3,4,1
IRF5,4,4,1,3,4
IRF6,0,3,3,0,0
IRF7,0,0,0,2,1
IRF8,2,0,0,1,3
IRF9,0,2,2,0,2
IRGQ,0,1,4,4,1
IRS1,0,4,1,2,0
IRS2,3,0,0,1,1
IRX1,0,0,4,3,2
IRX2,0,0,4,3,2
IRX3,4,4,2,2,1
IRX5,1,3,0,3,3
IRX6,3,4,1,4,0
ISCA2,4,3,1,3,2
ISG15,4,0,2,0,0
ISG20,4,4,4,2,4
ISG20L2,3,4,1,3,3
ISLR,4,4,3,4,1
ISLR2,2,4,2,2,3
ISM1,4,0,3,2,4
ISOC2,1,3,4,4,2
ISYNA1,2,4,3,0,4
ITCH,1,4,0,3,3
ITFG1,4,3,2,2,0
ITGA1,1,3,1,1,0
ITGA10,0,0,1,3,2
ITGA11,1,3,4,2,3
ITGA2,2,2,1,0,3
ITGA2B,3,4,3,0,1
ITGA3,3,2,0,0,1
ITGA4,3,4,3,4,0
ITGA5,1,4,1,2,2
ITGA6,2,4,3,0,1
ITGA7,2,4,1,1,2
ITGA8,0,0,4,0,0
ITGA9,0,3,4,0,0
ITGAD,2,3,4,2,4
ITGAE,4,0,4,0,3
ITGAL,4,4,4,3,2
ITGAM,1,0,2,0,0
ITGAV,1,0,0,2,0
ITGAX,2,4,1,2,4
ITGB1,4,2,0,2,3
ITGB1BP1,3,4,0,4,3
ITGB1BP2,0,3,2,4,3
ITGB2,1,0,0,0,3
ITGB3,0,2,0,0,0
ITGB3BP,1,0,4,3,0
ITGB4,1,4,1,1,1
ITGB5,2,4,3,1,3
ITGB6,4,4,4,1,2
ITGB7,3,1,3,1,2
ITGB8,4,0,4,2,1
ITGBL1,0,4,3,0,2
ITIH2,2,0,4,0,3
ITIH3,3,2,3,4,3
ITIH5,0,0,0,3,1
ITK,0,1,4,4,1
ITLN1,0,4,3,3,2
ITLN2,2,1,3,3,2
ITM2A,2,4,2,0,1
ITM2B,1,1,4,2,0
ITM2C,4,3,0,0,4
ITPA,0,1,4,0,1
ITPK1,4,4,4,1,4
ITPKA,0,0,3,1,3
ITPKB,3,4,3,2,0
ITPKC,2,3,2,2,1
ITPR1,0,4,2,3,0
ITPR2,3,4,2,1,3
ITPR3,0,0,3,3,0
ITPRID2,4,3,0,0,1
ITPRIP,3,3,4,4,0
ITPRIPL1,1,0,0,3,0
ITPRIPL2,1,3,0,2,2
ITSN1,0,3,0,0,1
ITSN2,1,4,4,1,3
IVD,1,0,2,3,2
IVL,3,0,4,4,2
IVNS1ABP,4,4,2,1,2
IYD,0,1,1,1,4
IZUMO4,4,1,2,4,3
JADE1,2,3,0,4,2
JADE2,2,4,0,3,2
JADE3,0,3,1,2,0
JAG1,2,0,2,0,0
JAG2,1,3,0,3,0
JAK1,3,1,2,0,4
JAK2,3,0,2,1,1
JAK3,2,2,4,3,1
JAKMIP2,1,0,4,2,4
JAM2,2,3,1,2,2
JAM3,1,0,4,4,0
JAML,0,4,4,3,1
JARID2,1,0,3,3,2
JAZF1,3,3,2,4,2
JCAD,2,1,4,1,4
JCHAIN,4,3,4,0,3
JDP2,4,2,2,4,0
JHY,4,0,1,0,1
JMJD1C,4,0,1,3,0
JMJD4,0,0,1,4,1
JMJD6,3,4,4,4,4
JMJD7-PLA2G4B,2,4,0,1,1
JMJD8,4,0,3,0,0
JMY,4,1,3,3,0
JOSD1,2,2,2,2,1
JOSD2,3,1,1,0,0
JPH1,1,0,4,4,0
JPH2,2,3,1,3,0
JPT1,2,3,4,4,3
JPT2,4,0,4,0,0
JRK,3,0,3,3,3
JRKL,0,3,1,3,1
JSRP1,0,1,1,3,0
JTB,1,1,4,2,4
JUN,0,3,3,1,1
JUNB,0,0,0,0,0
JUND,1,0,0,3,4
JUP,4,2,2,1,3
KALRN,2,0,4,1,2
KANK1,1,2,4,2,4
KANK2,1,4,3,2,3
KANK3,2,2,2,0,1
KANK4,2,4,2,3,4
KANSL1,4,2,1,4,4
KANSL1L,3,1,1,1,3
KANSL3,1,0,4,0,2
KANTR,4,0,4,0,4
KAT14,1,0,1,0,0
KAT2A,3,0,3,1,3
KAT2B,4,0,4,4,0
KAT6A,0,4,1,4,4
KAT6B,1,4,0,2,2
KAT7,1,0,2,2,0
KAT8,2,3,2,0,0
KATNAL1,4,3,3,1,3
KATNAL2,1,2,2,3,0
KATNB1,3,0,3,3,1
KATNBL1,0,2,1,0,0
KATNIP,3,1,3,3,2
KAZALD1,2,1,4,1,4
KAZN,4,0,0,4,3
KBTBD11,1,4,2,4,4
KBTBD2,2,0,4,4,2
KBTBD3,1,1,0,3,0
KBTBD4,0,2,0,4,1
KBTBD6,3,2,3,2,3
KBTBD7,1,0,0,2,1
KBTBD8,0,0,2,0,3
KCNA3,4,1,2,3,3
KCNAB1,4,4,0,1,0
KCNAB2,1,3,3,0,0
KCNAB3,3,2,4,2,2
KCNC3,1,3,0,2,1
KCNC4,4,4,4,4,3
KCND1,1,1,2,0,3
KCND3,0,0,2,0,3
KCNE1,3,3,0,3,3
KCNE3,0,2,0,0,1
KCNE4,4,4,3,2,4
KCNF1,2,0,4,2,1
KCNG3,2,3,3,0,2
KCNH2,2,1,2,1,4
KCNIP3,0,1,4,0,1
KCNJ11,0,1,3,4,0
KCNJ12,0,4,4,4,3
KCNJ15,0,4,2,0,0
KCNJ2,4,1,4,3,1
KCNJ5,1,2,1,1,3
KCNJ8,0,0,2,3,0
KCNK1,0,4,0,3,2
KCNK13,0,2,2,2,0
KCNK15,2,3,1,3,2
KCNK17,3,2,2,1,3
KCNK3,2,2,2,2,1
KCNK5,0,4,2,0,2
KCNK6,1,3,1,3,1
KCNMA1,1,4,1,1,2
KCNMB1,4,3,3,2,2
KCNMB4,3,0,1,2,2
KCNN2,2,1,1,4,4
KCNN3,2,1,4,2,0
KCNN4,3,2,1,3,3
KCNQ1,3,1,0,3,4
KCNQ3,0,4,2,4,2
KCNQ4,3,0,4,4,2
KCNS1,4,1,3,1,0
KCNS3,4,4,4,4,1
KCNT2,3,4,1,3,3
KCTD1,2,4,0,3,0
KCTD10,4,3,4,2,3
KCTD11,4,1,4,3,2
KCTD12,4,1,0,1,0
KCTD13,4,1,3,0,4
KCTD14,1,1,2,0,2
KCTD15,1,0,4,0,2
KCTD17,1,0,2,0,4
KCTD2,2,4,2,2,1
KCTD20,3,0,3,0,3
KCTD21,4,0,4,4,4
KCTD3,1,3,4,0,4
KCTD6,3,2,4,4,2
KCTD7,1,3,1,2,4
KCTD9,0,0,2,2,2
KDELR3,4,4,1,0,4
KDF1,1,2,1,0,3
KDM1A,4,1,3,4,2
KDM1B,1,2,1,2,3
KDM2A,2,4,1,1,2
KDM2B,3,0,4,0,2
KDM3A,4,0,4,4,2
KDM3B,1,4,0,2,0
KDM4A,1,2,0,1,1
KDM4C,0,0,1,2,2
KDM5A,4,1,4,1,4
KDM5B,3,2,4,2,2
KDM5C,1,3,1,4,1
KDM5D,2,1,4,0,2
KDM6A,0,0,4,4,3
KDM6B,3,4,3,2,3
KDM7A,4,1,4,3,3
KDR,3,0,3,4,4
KDSR,4,3,4,2,1
KEAP1,4,3,0,2,3
KHDC1,0,2,4,3,4
KHDC4,2,3,2,0,0
KHDRBS1,2,4,4,4,0
KHDRBS2,2,2,4,2,0
KHDRBS3,1,3,2,2,0
KHK,0,0,1,2,4
KHNYN,0,4,1,4,4
KHSRP,3,0,0,4,3
KIAA0040,2,1,2,3,3
KIAA0100,3,1,4,3,4
KIAA0232,1,2,1,1,0
KIAA0319,1,4,1,3,4
KIAA0319L,1,1,2,2,3
KIAA0513,0,0,0,4,4
KIAA0586,3,0,1,0,1
KIAA0753,4,2,1,2,0
KIAA0825,3,1,3,4,0
KIAA0895,1,2,1,4,2
KIAA0895L,0,2,0,1,0
KIAA0930,0,2,0,4,3
KIAA1109,0,0,1,3,3
KIAA1143,1,1,2,2,4
KIAA1217,4,3,1,3,0
KIAA1328,0,2,4,3,2
KIAA1522,3,0,1,3,3
KIAA1549,3,3,3,1,3
KIAA1586,0,1,4,4,2
KIAA1614,2,2,4,0,3
KIAA1671,3,3,4,4,0
KIAA1755,3,3,4,1,2
KIAA1841,0,3,0,3,4
KIAA1958,4,4,1,4,1
KIAA2026,0,1,4,0,0
KIDINS220,0,3,3,1,3
KIF11,3,3,2,4,2
KIF12,2,1,1,2,1
KIF13A,2,2,4,1,0
KIF13B,3,0,4,0,4
KIF15,1,0,4,1,4
KIF16B,1,3,4,2,0
KIF17,2,1,3,0,2
KIF18A,4,1,3,3,0
KIF19,3,3,1,2,0
KIF1B,3,3,0,3,0
KIF1C,3,2,2,1,2
KIF20A,0,2,4,4,1
KIF20B,1,3,0,1,0
KIF21A,1,3,1,0,4
KIF21B,3,3,3,1,0
KIF22,1,1,1,4,4
KIF23,3,3,1,1,2
KIF24,0,3,4,4,0
KIF26A,0,0,0,0,1
KIF26B,4,4,3,3,2
KIF27,1,0,1,2,0
KIF2A,1,4,4,1,1
KIF2C,3,2,0,1,2
KIF3A,0,0,0,2,1
KIF3B,2,1,2,0,3
KIF3C,2,3,3,3,2
KIF4A,1,0,1,2,3
KIF5B,3,3,1,4,0
KIF6,4,0,0,2,2
KIF7,4,4,3,1,0
KIF9,0,2,1,0,2
KIFAP3,1,4,3,1,4
KIFBP,3,1,1,4,3
KIFC1,1,4,1,4,4
KIFC2,4,4,0,0,3
KIFC3,3,1,1,4,0
KIN,0,0,2,3,3
KIR2DL4,0,0,3,0,3
KIRREL1,0,1,4,2,3
KISS1,2,4,0,1,2
KIT,0,4,1,0,2
KITLG,3,2,0,2,0
KIZ,1,4,2,2,1
KL,1,4,0,0,2
KLB,2,2,4,0,4
KLC1,0,1,1,1,1
KLC2,4,4,0,0,1
KLC3,0,0,0,1,0
KLC4,2,4,0,2,0
KLF10,2,3,4,1,4
KLF11,1,4,3,0,2
KLF12,2,4,2,3,1
KLF13,3,4,3,4,1
KLF15,1,0,3,4,2
KLF16,4,2,1,3,4
KLF2,2,4,1,3,0
KLF3,1,3,4,0,2
KLF4,0,4,1,4,4
KLF5,0,0,0,3,4
KLF6,0,0,2,1,0
KLF7,0,1,1,2,3
KLF8,2,2,2,2,4
KLF9,4,2,3,2,0
KLHDC1,2,0,3,4,2
KLHDC10,3,0,0,0,3
KLHDC2,2,3,0,2,3
KLHDC3,1,2,0,2,2
KLHDC4,0,3,3,2,1
KLHDC7A,1,3,3,1,3
KLHDC7B,1,3,2,0,2
KLHDC8B,0,0,0,1,0
KLHDC9,4,1,1,4,4
KLHL11,2,1,2,0,1
KLHL13,1,0,2,0,2
KLHL15,4,0,1,1,4
KLHL17,0,3,4,0,2
KLHL18,0,1,0,1,3
KLHL2,3,4,1,0,0
KLHL20,3,4,1,1,2
KLHL21,2,0,3,4,2
KLHL23,0,2,0,1,4
KLHL24,2,0,1,2,1
KLHL25,0,2,0,2,3
KLHL26,3,1,0,4,2
KLHL28,2,2,0,3,2
KLHL29,4,0,0,4,0
KLHL3,4,2,1,0,1
KLHL30,4,3,4,2,1
KLHL31,0,4,3,1,3
KLHL32,0,1,2,0,3
KLHL35,3,4,2,1,0
KLHL36,3,3,1,3,3
KLHL38,2,2,0,3,0
KLHL4,2,3,3,4,4
KLHL42,0,0,0,4,1
KLHL5,3,1,2,0,0
KLHL6,2,0,1,3,3
KLHL7,3,3,4,1,0
KLHL8,3,0,1,3,2
KLHL9,2,4,3,2,3
KLK1,0,3,2,0,3
KLK10,4,0,4,0,1
KLK11,0,3,2,0,2
KLK12,1,2,3,1,1
KLK13,1,2,0,4,0
KLK14,0,0,3,0,0
KLK5,1,0,0,1,1
KLK7,4,3,3,2,3
KLRB1,1,1,2,0,2
KLRC1,2,3,3,0,0
KLRD1,0,1,3,0,3
KLRF1,4,1,0,3,0
KLRG1,2,2,4,3,2
KLRG2,0,3,3,4,4
KMO,3,4,3,2,0
KMT2A,2,3,1,0,1
KMT2B,1,1,4,1,4
KMT2C,4,4,3,1,0
KMT2D,4,1,3,3,1
KMT2E,0,1,4,0,3
KMT5A,4,3,2,1,1
KMT5B,4,3,2,4,0
KMT5C,1,0,4,4,3
KNDC1,2,4,4,0,2
KNOP1,3,3,0,1,1
KNSTRN,3,1,1,1,4
KNTC1,0,4,0,2,0
KPNA1,2,1,4,0,3
KPNA2,3,1,3,4,1
KPNA3,1,0,4,4,1
KPNA4,2,3,1,2,4
KPNA5,0,0,3,2,4
KPNA6,4,0,3,2,4
KPNA7,1,3,3,2,4
KPNB1,0,3,2,2,0
KPTN,1,1,1,2,1
KRAS,3,3,2,4,2
KRBA1,2,2,1,4,0
KRBA2,0,1,3,4,4
KRBOX4,3,1,1,0,4
KRCC1,0,1,1,0,4
KREMEN1,2,2,2,0,3
KRI1,2,0,2,4,1
KRR1,0,1,2,3,4
KRT10,2,1,3,0,4
KRT13,3,0,0,0,3
KRT14,3,3,0,1,1
KRT15,3,2,2,0,2
KRT16,2,1,4,4,2
KRT17,1,2,2,2,3
KRT18,2,0,2,2,3
KRT19,1,4,0,4,1
KRT23,1,4,3,4,4
KRT4,1,2,1,4,2
KRT40,3,1,3,0,0
KRT5,2,4,0,0,4
KRT6A,1,0,4,4,0
KRT7,4,3,0,2,2
KRT8,1,4,2,4,1
KRT80,1,1,3,0,4
KRT86,3,1,4,1,2
KRTAP5-1,0,4,3,3,2
KRTCAP2,3,4,0,4,3
KRTCAP3,0,3,2,4,0
KSR1,2,4,4,1,1
KTN1,3,2,1,1,3
KYNU,0,2,3,1,2
L1CAM,1,0,3,0,3
L2HGDH,4,2,0,0,3
L3HYPDH,1,4,1,3,4
L3MBTL2,3,3,4,4,1
L3MBTL3,3,0,4,0,3
L3MBTL4,0,3,3,4,4
LACC1,3,0,2,2,3
LACTB,2,0,0,2,1
LACTB2,3,0,4,0,0
LAD1,4,1,4,3,3
LAG3,1,2,1,0,0
LAGE3,0,0,3,3,0
LAIR1,0,3,0,3,1
LAIR2,3,0,4,3,2
LAMA2,0,2,4,4,4
LAMA3,4,0,3,1,2
LAMA4,3,1,4,3,3
LAMA5,0,2,3,0,1
LAMB1,1,0,2,0,1
LAMB2,0,1,4,3,3
LAMB3,1,0,1,1,1
LAMC1,0,2,3,4,0
LAMC2,2,0,3,2,4
LAMC3,4,1,3,3,0
LAMP1,0,2,0,0,1
LAMP3,3,1,2,3,3
LAMP5,4,4,3,4,4
LAMTOR1,0,4,0,0,2
LAMTOR2,2,1,4,4,1
LAMTOR3,1,1,0,3,0
LAMTOR4,0,0,0,3,3
LANCL1,4,1,1,0,4
LANCL2,4,1,1,4,2
LANCL3,2,4,1,2,4
LAP3,3,3,2,2,2
LAPTM4B,2,3,1,2,0
LAPTM5,4,2,3,4,2
LARGE1,0,2,3,2,3
LARGE2,2,2,3,2,0
LARP1,0,2,3,2,3
LARP1B,4,4,2,4,3
LARP4,2,3,1,0,0
LARP4B,3,0,4,0,1
LARP6,2,1,0,0,2
LARP7,0,1,2,0,2
LARS1,0,1,3,4,2
LARS2,4,3,4,1,3
LASP1,1,0,2,3,1
LAT2,2,0,4,1,4
LATS1,3,4,2,3,3
LATS2,2,1,0,3,1
LAX1,1,2,3,2,3
LAYN,1,3,2,2,0
LBH,2,3,3,0,4
LBHD1,3,4,0,3,4
LBP,4,0,3,4,1
LBR,3,0,1,2,2
LCA5,0,2,1,1,4
LCA5L,4,2,0,2,3
LCAT,0,2,2,3,3
LCK,3,4,0,2,4
LCLAT1,3,0,0,0,0
LCMT2,4,4,0,2,4
LCN12,2,4,1,2,4
LCN2,2,4,3,4,4
LCOR,0,3,2,0,4
LCORL,0,0,1,1,4
LCP1,4,1,2,3,0
LCP2,4,4,3,3,2
LDB1,0,3,4,1,0
LDB2,2,3,4,2,0
LDHA,2,0,2,3,2
LDHB,0,0,2,0,4
LDHC,0,2,2,3,2
LDHD,4,2,0,4,0
LDLR,0,0,4,3,0
LDLRAD1,0,4,2,0,3
LDLRAD2,2,0,0,4,2
LDLRAD3,2,1,1,4,4
LDLRAD4,2,4,1,4,2
LDLRAP1,4,2,3,4,3
LDOC1,2,3,1,3,2
LEAP2,1,0,0,3,0
LEF1,0,0,0,4,4
LEFTY2,1,0,4,4,3
LEKR1,1,2,3,3,2
LEMD1,1,4,0,4,3
LEMD2,0,0,3,1,2
LEMD3,2,1,2,0,3
LENG8,1,1,2,0,3
LENG9,2,2,2,3,0
LEO1,2,1,3,4,1
LEPR,1,0,1,1,1
LEPROT,1,1,2,1,0
LEPROTL1,3,0,0,3,3
LETM2,4,0,1,4,1
LETMD1,2,0,0,2,3
LFNG,0,0,3,2,3
LGALS1,4,3,3,4,1
LGALS12,2,2,2,3,4
LGALS2,4,1,1,2,1
LGALS3,0,3,1,3,3
LGALS3BP,2,3,4,4,0
LGALS4,4,2,0,4,0
LGALS7B,2,1,0,4,1
LGALS8,1,4,1,3,1
LGALS9,1,0,1,4,3
LGALSL,0,2,3,3,0
LGI2,0,0,4,4,2
LGI3,2,3,0,3,0
LGI4,4,4,4,4,3
LGMN,4,4,2,1,1
LGR4,4,0,0,0,1
LGR5,1,2,3,4,2
LGR6,3,4,3,1,0
LHFPL2,3,0,0,3,0
LHFPL3,3,0,4,2,3
LHFPL6,1,3,4,2,4
LHPP,2,3,0,0,4
LHX6,1,2,0,2,0
LHX9,4,4,4,0,3
LIAS,4,4,3,1,2
LIF,1,2,2,2,2
LIFR,1,2,2,0,3
LIG1,2,3,1,3,4
LIG3,0,0,4,3,0
LIG4,2,2,0,4,4
LILRA1,2,2,1,2,4
LILRA2,1,4,0,3,1
LILRA4,3,4,4,0,2
LILRA5,2,3,2,0,1
LILRA6,3,3,1,0,1
LILRB1,4,0,0,3,1
LILRB2,3,0,4,4,4
LILRB3,2,4,1,4,1
LILRB4,1,4,1,1,3
LILRB5,2,4,2,0,1
LIMA1,4,4,0,2,4
LIMCH1,1,1,3,3,3
LIMD1,3,2,0,0,0
LIMD2,0,2,3,3,1
LIME1,4,2,4,2,4
LIMK1,1,3,0,3,1
LIMK2,2,1,1,0,3
LIMS1,1,0,4,0,1
LIMS2,1,1,4,1,2
LIN54,1,3,3,1,0
LIN7A,2,4,1,4,2
LIN7B,0,1,2,4,1
LIN7C,1,2,0,4,2
LIN9,1,2,1,3,0
LINC00672,0,1,4,2,1
LINGO1,1,3,2,1,2
LINS1,1,0,0,3,3
LIPA,4,2,3,1,2
LIPE,2,0,1,2,0
LIPG,2,3,4,2,0
LIPH,3,3,4,1,0
LIPT2,0,3,1,3,2
LITAF,1,3,4,1,2
LIX1L,4,0,4,0,3
LLGL1,1,4,4,2,3
LLGL2,1,2,1,3,3
LMAN1,4,3,0,4,0
LMAN2,2,2,1,3,0
LMAN2L,2,2,1,0,4
LMBR1,2,1,4,3,4
LMBR1L,4,4,2,2,3
LMBRD1,1,2,4,4,2
LMBRD2,0,3,4,1,3
LMCD1,1,3,2,4,2
LMF1,0,4,4,0,2
LMF2,0,4,0,4,3
LMLN,2,2,0,4,2
LMNA,4,2,1,2,4
LMNB1,2,0,4,4,0
LMNB2,0,4,4,2,2
LMNTD2,1,3,0,0,1
LMO2,2,0,0,0,2
LMO3,0,2,0,2,0
LMO4,3,4,3,4,2
LMO7,0,1,0,2,0
LMOD1,2,0,0,1,3
LMTK2,2,4,1,0,1
LMTK3,3,0,1,0,2
LNP1,0,3,1,1,2
LNPEP,3,1,1,3,2
LNX1,4,1,3,1,1
LNX2,4,2,3,1,0
LONP1,2,3,0,1,4
LONP2,0,3,0,1,0
LONRF1,1,2,4,4,0
LONRF2,0,1,0,3,4
LONRF3,0,3,4,3,2
LOX,0,1,4,0,1
LOXL1,4,2,2,4,0
LOXL2,4,2,4,0,1
LOXL3,4,1,2,4,4
LOXL4,0,1,1,3,2
LPAR1,0,1,4,4,0
LPAR2,2,4,4,1,2
LPAR3,2,4,4,0,1
LPAR5,1,4,3,1,1
LPAR6,3,1,3,0,3
LPCAT1,4,0,4,3,3
LPCAT2,2,0,0,0,1
LPCAT3,1,1,3,3,3
LPCAT4,3,4,2,2,3
LPGAT1,3,0,0,4,3
LPIN1,1,1,3,3,4
LPIN2,1,0,3,1,4
LPIN3,1,1,4,0,3
LPL,0,3,4,3,1
LPP,1,0,4,0,3
LPXN,1,3,4,3,0
LRATD1,2,1,3,1,0
LRATD2,4,4,1,2,0
LRBA,3,2,1,2,2
LRCH1,2,4,4,2,3
LRCH2,3,1,3,2,2
LRCH3,4,0,0,3,2
LRCH4,4,2,2,3,1
LRFN1,4,1,3,1,1
LRFN3,4,1,4,4,0
LRFN4,1,1,2,1,4
LRG1,3,0,3,4,0
LRIF1,1,2,2,0,2
LRIG1,1,3,0,4,2
LRIG2,3,2,3,4,3
LRIG3,3,1,1,0,2
LRMDA,4,2,2,3,3
LRP1,4,0,4,1,2
LRP10,1,2,4,3,0
LRP12,1,0,3,0,0
LRP2,4,0,0,4,4
LRP2BP,4,4,3,2,1
LRP3,1,2,2,2,4
LRP4,3,3,3,0,2
LRP5,2,0,0,3,2
LRP5L,1,2,4,0,2
LRP6,2,0,1,1,3
LRP8,0,3,0,1,3
LRPAP1,0,3,1,4,4
LRR1,1,2,4,1,3
LRRC1,4,0,3,3,3
LRRC10B,0,3,0,0,1
LRRC14,2,2,4,3,3
LRRC15,0,0,4,1,1
LRRC17,1,1,2,1,1
LRRC18,0,3,0,0,4
LRRC2,3,3,0,1,0
LRRC20,2,0,4,1,0
LRRC23,4,3,2,3,3
LRRC25,3,3,3,4,0
LRRC27,0,3,1,1,4
LRRC29,0,3,1,4,4
LRRC3,4,4,3,0,1
LRRC31,4,0,2,3,2
LRRC32,1,3,4,2,4
LRRC34,2,2,2,2,1
LRRC36,0,3,2,0,4
LRRC37A2,4,0,1,4,0
LRRC37A3,1,1,4,1,0
LRRC37B,1,3,0,2,0
LRRC39,0,0,1,3,0
LRRC4,1,0,3,1,0
LRRC40,0,0,4,1,3
LRRC42,0,0,0,0,3
LRRC43,2,2,4,2,1
LRRC45,0,2,2,1,1
LRRC46,0,0,3,3,3
LRRC49,1,3,0,4,2
LRRC4B,4,3,4,1,2
LRRC4C,1,1,2,0,4
LRRC52,4,1,2,2,0
LRRC55,1,2,4,4,1
LRRC56,3,3,1,0,1
LRRC58,3,3,0,1,3
LRRC59,1,1,3,1,0
LRRC6,0,0,0,0,2
LRRC61,4,1,2,1,4
LRRC71,2,2,2,2,1
LRRC73,2,3,2,4,2
LRRC75A,4,1,0,0,1
LRRC75B,3,3,0,1,2
LRRC8A,0,0,3,0,4
LRRC8B,0,2,4,0,2
LRRC8C,0,0,4,1,4
LRRC8D,4,3,0,3,0
LRRCC1,2,3,2,3,3
LRRFIP1,3,4,4,0,2
LRRIQ1,4,0,1,3,0
LRRK1,2,3,2,3,3
LRRK2,4,1,3,0,4
LRRN1,1,3,3,4,2
LRRN2,3,4,1,4,1
LRRN3,4,3,2,4,3
LRRN4,3,2,0,2,3
LRRN4CL,0,3,3,1,0
LRTOMT,4,4,1,4,0
LRWD1,2,1,2,2,0
LSAMP,4,2,4,3,4
LSG1,0,1,4,3,4
LSM10,4,2,0,2,4
LSM11,2,2,0,4,2
LSM14A,2,1,2,1,0
LSM14B,1,4,4,2,1
LSM2,3,0,2,2,3
LSM3,4,4,1,4,4
LSM7,4,3,1,4,4
LSM8,3,4,1,4,0
LSP1,3,3,3,3,0
LSR,2,4,1,3,3
LSS,3,1,1,3,1
LST1,0,1,1,4,3
LTA,3,3,4,0,2
LTA4H,0,1,0,3,0
LTB,1,2,3,0,1
LTB4R,3,3,4,0,4
LTB4R2,0,3,3,0,0
LTBP1,2,2,2,1,0
LTBP2,1,3,1,2,3
LTBP3,3,0,1,2,3
LTBP4,4,2,4,1,0
LTBR,4,3,0,4,3
LTC4S,2,3,0,0,1
LTF,1,2,0,0,3
LTK,1,4,3,2,0
LTN1,4,3,0,1,3
LUC7L,0,4,0,0,3
LUC7L3,1,0,1,4,2
LUM,3,0,0,4,2
LURAP1,2,0,2,4,3
LURAP1L,1,1,2,1,2
LUZP1,0,4,1,0,3
LXN,1,3,3,4,2
LY6E,0,4,2,1,2
LY6G5B,1,1,2,2,2
LY6G5C,2,1,4,0,1
LY6H,3,4,1,1,3
LY75,0,3,3,1,4
LY86,0,2,1,3,0
LY9,4,1,2,1,4
LY96,4,3,4,4,0
LYAR,4,4,3,2,2
LYG1,4,2,4,3,4
LYL1,3,3,3,4,2
LYN,3,0,3,1,3
LYNX1,2,4,3,2,0
LYPD3,1,1,3,4,3
LYPD5,0,4,2,3,4
LYPD6,3,2,1,3,3
LYPD6B,4,2,3,4,3
LYPLA1,0,2,0,2,2
LYPLA2,2,4,1,0,4
LYPLAL1,1,3,3,1,1
LYRM1,2,4,2,1,1
LYRM2,4,4,1,2,4
LYRM4,2,2,4,0,0
LYRM7,2,0,2,4,3
LYRM9,0,0,2,1,0
LYSMD1,0,4,2,0,0
LYSMD2,2,1,4,2,1
LYSMD3,4,4,4,0,1
LYST,3,2,3,0,3
LYVE1,1,1,2,0,1
LYZ,4,4,4,4,0
LZIC,2,4,0,2,1
LZTFL1,1,1,1,4,1
LZTS1,0,4,3,0,3
LZTS2,4,3,2,1,4
LZTS3,1,3,0,3,0
M6PR,0,1,3,3,2
MAB21L4,3,0,1,2,2
MACC1,2,3,3,0,3
MACF1,0,1,4,4,2
MACIR,0,1,0,4,2
MACO1,4,0,1,0,3
MACROD1,4,2,3,3,1
MACROD2,4,1,0,4,3
MACROH2A2,2,2,1,4,2
MAD2L1,2,3,3,2,1
MAD2L1BP,3,1,4,0,0
MAD2L2,1,2,0,0,0
MADD,4,1,2,0,4
MAEA,0,1,3,2,3
MAF,0,0,2,3,1
MAFB,1,1,3,4,2
MAFF,3,4,0,4,0
MAFG,0,4,3,4,3
MAFK,4,0,1,3,0
MAGED1,3,1,2,1,2
MAGED2,3,4,4,1,1
MAGEE1,3,4,4,1,1
MAGEF1,3,4,2,0,3
MAGEH1,2,2,2,3,1
MAGI1,1,3,0,3,1
MAGI2,4,2,0,0,3
MAGI3,2,2,4,2,4
MAGIX,3,2,1,1,1
MAGT1,3,2,3,3,1
MAK,4,3,0,4,2
MAL,4,1,0,2,1
MAL2,0,2,0,0,3
MALL,0,3,1,0,1
MALRD1,2,0,1,2,2
MALT1,1,2,2,0,0
MAMDC2,2,1,4,1,2
MAMDC4,4,0,3,4,1
MAML1,3,4,1,1,1
MAML2,1,0,1,3,3
MAML3,4,1,3,2,2
MAMLD1,3,1,4,4,4
MAMSTR,3,1,3,1,0
MAN1A1,1,0,2,2,0
MAN1A2,2,0,0,3,2
MAN1C1,4,4,3,0,1
MAN2A1,3,2,1,1,1
MAN2A2,2,0,2,4,4
MAN2B1,2,0,0,4,3
MAN2B2,3,1,4,2,3
MAN2C1,0,1,1,2,0
MANBA,3,3,4,4,4
MANEA,0,4,3,3,1
MANEAL,0,1,1,1,0
MANF,2,1,1,4,4
MANSC1,4,3,0,2,2
MAOA,1,3,0,3,0
MAOB,3,3,4,4,3
MAP10,0,3,1,4,3
MAP1A,4,4,0,3,1
MAP1B,2,3,3,0,1
MAP1LC3A,2,1,4,0,2
MAP1LC3C,3,0,1,3,1
MAP1S,0,1,1,4,2
MAP2,4,4,0,3,1
MAP2K3,3,3,1,0,1
MAP2K4,2,2,1,0,1
MAP2K5,4,1,1,3,1
MAP2K6,3,3,1,4,0
MAP2K7,3,1,2,3,3
MAP3K1,0,0,3,3,0
MAP3K10,3,2,0,0,3
MAP3K11,1,4,0,1,2
MAP3K12,3,1,1,4,2
MAP3K13,3,4,0,3,1
MAP3K14,0,4,2,2,1
MAP3K19,4,1,3,3,0
MAP3K2,2,2,3,3,2
MAP3K20,1,2,4,0,3
MAP3K21,3,0,2,4,4
MAP3K3,0,2,0,0,3
MAP3K4,2,1,0,1,0
MAP3K5,3,1,1,0,2
MAP3K6,2,2,0,0,0
MAP3K7CL,0,4,3,0,0
MAP3K8,4,3,1,2,0
MAP3K9,1,0,4,4,2
MAP4,2,3,3,2,4
MAP4K1,3,3,3,2,4
MAP4K2,1,2,3,0,3
MAP4K3,4,1,4,3,3
MAP4K4,3,4,0,4,1
MAP4K5,0,3,1,4,0
MAP6,3,0,3,4,1
MAP7,3,1,3,3,2
MAP7D1,3,0,4,1,4
MAP7D2,3,1,0,3,4
MAP7D3,4,3,1,2,4
MAP9,1,0,3,2,3
MAPK1,2,4,1,2,0
MAPK10,1,2,0,4,3
MAPK11,3,1,1,1,1
MAPK12,1,0,3,0,2
MAPK13,0,4,4,4,3
MAPK15,3,4,3,3,0
MAPK1IP1L,2,0,2,0,1
MAPK3,2,3,0,3,0
MAPK4,3,3,2,3,3
MAPK6,0,3,1,1,1
MAPK7,0,3,0,3,0
MAPK8,0,1,0,2,4
MAPK8IP1,2,1,3,0,2
MAPK8IP2,2,2,3,3,4
MAPK8IP3,3,4,1,0,2
MAPKAPK2,3,0,4,2,2
MAPKAPK3,3,1,4,1,4
MAPKBP1,2,1,1,1,1
MAPRE1,2,1,1,0,3
MAPRE2,2,2,2,0,1
MAPRE3,1,0,3,1,3
MAPT,3,4,2,0,4
MARCHF1,0,1,1,2,3
MARCHF10,4,2,4,0,4
MARCHF2,4,2,4,0,3
MARCHF3,1,1,3,3,0
MARCHF6,4,4,1,3,2
MARCHF7,1,1,2,2,3
MARCHF8,1,1,4,3,0
MARCHF9,0,2,1,4,3
MARCKS,1,3,1,2,0
MARCKSL1,3,2,4,1,0
MARCO,0,1,1,1,2
MARF1,3,3,0,1,4
MARK1,1,0,3,2,4
MARK2,4,3,3,0,1
MARK4,1,4,0,3,0
MARS2,1,2,2,3,4
MARVELD1,3,2,1,0,1
MARVELD2,3,0,2,1,3
MARVELD3,1,2,0,2,3
MASP2,0,2,0,1,3
MAST2,0,2,1,3,0
MAST3,1,1,4,1,3
MAST4,1,0,4,3,4
MASTL,0,3,4,1,1
MAT1A,1,0,1,4,0
MAT2A,4,1,0,4,1
MAT2B,0,3,0,4,0
MATK,1,1,2,3,1
MATN2,1,2,4,0,3
MATN3,1,0,3,4,0
MAVS,2,0,4,0,0
MAZ,3,0,2,2,4
MB,3,2,3,4,0
MB21D2,2,2,2,3,4
MBD1,4,2,1,2,2
MBD3,2,3,3,4,4
MBD6,0,4,3,2,0
MBIP,4,2,1,1,0
MBLAC2,1,4,3,0,2
MBNL1,1,0,1,0,3
MBNL2,3,0,2,4,4
MBNL3,1,0,2,2,1
MBOAT1,1,0,2,0,3
MBOAT2,3,0,3,3,3
MBOAT7,1,0,3,4,1
MBP,1,2,3,2,3
MBTD1,2,2,4,3,3
MBTPS1,4,2,1,1,1
MC1R,0,2,2,4,4
MCAM,0,1,3,1,4
MCAT,2,2,1,3,3
MCC,4,2,3,4,0
MCCC1,3,1,4,1,1
MCEE,2,2,3,4,0
MCEMP1,4,4,1,1,3
MCF2L,0,3,1,3,1
MCFD2,2,3,0,3,1
MCIDAS,2,3,1,2,4
MCL1,1,4,0,0,1
MCM2,2,4,1,4,2
MCM3,4,2,2,1,2
MCM3AP,3,3,1,0,3
MCM4,4,0,0,4,3
MCM5,4,3,0,1,2
MCM6,1,0,2,4,1
MCM7,2,4,1,0,1
MCM8,3,2,3,3,2
MCM9,3,1,0,4,3
MCMBP,0,4,1,3,2
MCOLN1,1,2,0,4,3
MCOLN2,1,3,3,0,4
MCOLN3,3,3,1,1,2
MCPH1,2,2,0,3,2
MCRIP1,3,4,0,3,2
MCRIP2,3,0,3,1,3
MCTP1,4,0,2,4,2
MCTP2,2,0,1,1,4
MCU,4,0,2,2,0
MCUB,3,3,0,0,2
MCUR1,4,1,1,1,2
MDC1,3,1,0,0,0
MDFI,0,4,0,2,0
MDFIC,1,0,1,4,3
MDGA1,3,2,4,4,2
MDH1,0,1,3,2,0
MDH1B,2,2,0,3,3
MDH2,2,1,4,1,1
MDK,3,3,2,1,0
MDM1,2,0,3,3,4
MDM2,0,3,2,1,1
MDM4,2,4,4,0,1
MDN1,4,4,1,3,3
ME1,1,1,1,0,2
ME3,0,3,4,2,0
MEA1,3,2,1,2,2
MEAK7,3,1,1,3,0
MECOM,4,1,3,4,2
MECP2,0,1,3,1,2
MED1,2,3,1,1,0
MED12,2,0,4,1,0
MED13,1,2,0,2,4
MED13L,4,1,2,3,4
MED14,2,0,0,3,4
MED15,1,1,2,1,4
MED16,0,4,1,2,4
MED18,1,4,0,2,0
MED21,1,0,4,0,2
MED22,2,0,0,4,3
MED23,1,0,1,2,4
MED24,2,3,4,3,0
MED25,3,1,4,3,0
MED30,3,1,4,2,1
MED31,1,2,0,4,2
MED7,3,3,2,1,2
MED9,1,2,3,2,4
MEDAG,4,4,4,4,1
MEF2A,2,4,3,0,2
MEF2C,2,2,0,4,2
MEF2D,2,2,2,4,2
MEFV,2,0,2,1,1
MEGF11,1,3,4,1,2
MEGF6,3,2,3,1,1
MEGF8,2,0,3,0,0
MEGF9,4,2,2,2,2
MEI1,4,0,3,3,2
MEIS1,3,3,2,3,2
MEIS2,3,1,2,4,0
MEIS3,2,2,4,0,0
MELK,1,3,0,3,0
MELTF,4,2,0,1,3
MEN1,2,4,2,2,4
MEOX1,4,4,0,0,3
MEOX2,2,4,2,3,1
MEPCE,2,1,3,4,4
MERTK,4,1,3,2,2
MESP1,2,3,0,0,2
MEST,1,4,3,0,2
MET,4,2,3,4,0
METAP1D,1,3,2,0,0
METRN,2,0,3,1,4
METRNL,3,2,2,1,1
METTL1,2,3,0,2,3
METTL14,1,0,3,0,0
METTL15,0,3,2,0,2
METTL16,1,2,3,1,1
METTL18,1,3,0,2,3
METTL21A,0,1,4,0,3
METTL24,2,3,4,0,0
METTL25,2,2,4,3,1
METTL26,4,1,2,4,1
METTL27,4,1,3,4,1
METTL3,4,2,4,2,4
METTL4,1,0,2,2,3
METTL7A,4,4,1,1,4
METTL7B,1,1,1,3,1
METTL8,3,4,1,1,2
METTL9,4,3,3,0,4
MEX3A,3,4,1,3,2
MEX3B,3,0,0,2,4
MEX3C,3,2,0,1,1
MEX3D,3,1,2,1,3
MFAP1,4,4,2,1,3
MFAP2,2,3,2,4,0
MFAP3,1,4,4,1,2
MFAP3L,1,2,1,4,0
MFAP4,4,4,2,1,0
MFAP5,4,2,0,2,1
MFGE8,2,0,2,4,4
MFHAS1,3,0,1,3,1
MFN1,2,4,2,3,0
MFN2,3,2,3,1,0
MFNG,3,1,2,2,2
MFSD1,1,3,0,2,4
MFSD10,1,0,1,1,0
MFSD12,4,4,3,0,4
MFSD13A,2,4,2,1,0
MFSD14A,3,0,4,2,4
MFSD2A,0,0,4,1,4
MFSD3,3,2,1,1,2
MFSD4A,0,4,1,3,0
MFSD4B,1,4,4,2,2
MFSD5,3,1,1,3,1
MFSD6,1,3,0,4,4
MFSD6L,0,0,1,2,0
MFSD8,1,2,3,2,3
MFSD9,4,3,4,4,2
MGA,4,4,1,4,4
MGAM,2,1,1,0,1
MGAT1,2,4,2,0,0
MGAT3,2,3,0,0,3
MGAT4A,1,2,4,1,2
MGAT4B,0,2,2,2,1
MGAT5,1,0,2,1,4
MGAT5B,2,4,0,4,3
MGLL,4,1,0,0,0
MGME1,4,3,3,1,2
MGMT,0,3,4,1,3
MGP,4,1,3,1,2
MGRN1,1,1,4,1,3
MGST1,0,0,2,4,2
MGST2,1,4,3,2,3
MIA2,4,3,2,2,1
MIA3,0,0,1,2,0
MIB1,3,2,3,3,0
MIB2,2,1,1,1,0
MICA,0,3,1,2,4
MICAL1,1,4,3,3,0
MICAL2,3,1,0,0,3
MICAL3,3,0,4,2,4
MICALL1,1,4,4,3,3
MICALL2,0,2,4,3,1
MICB,3,0,0,3,3
MICOS10,3,3,2,3,3
MICOS13,0,2,2,3,0
MICU3,2,3,1,1,1
MID1,1,3,3,0,2
MID1IP1,3,4,1,1,4
MID2,3,2,1,2,4
MIDEAS,2,2,2,0,3
MIDN,4,0,4,3,3
MIEF2,0,0,1,1,2
MIER1,3,0,1,2,2
MIER2,3,3,3,4,1
MIER3,3,2,1,0,3
MIF4GD,0,3,4,4,3
MIGA1,1,1,2,1,1
MIGA2,4,3,4,0,4
MIIP,2,0,2,4,4
MILR1,4,2,1,3,2
MINDY1,3,1,0,3,0
MINDY2,1,2,4,4,2
MINDY3,0,2,2,3,1
MINK1,3,0,2,2,3
MIOS,1,1,4,0,0
MIPEP,3,1,1,2,2
MIPOL1,0,4,0,1,0
MIS12,2,3,4,1,0
MIS18A,1,1,4,4,2
MIS18BP1,2,2,1,0,3
MISP,2,3,2,3,4
MISP3,4,1,4,0,2
MITD1,2,0,1,1,2
MITF,0,4,2,1,0
MKI67,0,1,3,3,4
MKKS,2,0,3,4,1
MKLN1,1,2,4,2,4
MKNK1,4,2,3,2,4
MKNK2,4,0,4,1,2
MKRN2OS,1,2,3,0,4
MKX,3,0,2,1,2
MLEC,2,2,4,3,0
MLF1,0,3,1,0,4
MLH3,1,0,3,2,0
MLKL,4,1,4,0,0
MLLT1,4,3,2,0,4
MLLT10,2,2,3,2,3
MLLT11,0,0,3,2,3
MLLT3,2,0,3,1,2
MLLT6,4,1,3,2,4
MLPH,4,2,4,4,2
MLXIP,2,1,1,2,2
MLXIPL,1,4,1,0,1
MMAB,1,2,2,2,2
MMACHC,1,4,4,2,2
MMD,0,0,4,1,4
MME,4,0,4,1,1
MMEL1,1,0,0,0,4
MMP1,2,3,2,1,4
MMP10,4,4,0,0,4
MMP11,0,0,3,1,4
MMP12,4,0,3,1,0
MMP13,0,0,4,3,3
MMP14,2,1,1,0,2
MMP15,3,0,1,3,3
MMP17,2,2,4,3,4
MMP19,4,3,3,4,4
MMP2,3,3,3,4,1
MMP24,3,2,0,2,3
MMP25,3,2,3,1,1
MMP28,3,3,0,4,2
MMP3,1,2,1,1,4
MMP7,1,1,3,1,0
MMP9,0,4,3,2,4
MMRN1,1,1,1,3,1
MMRN2,4,1,3,0,1
MMS19,2,3,4,1,3
MMS22L,1,0,2,2,3
MN1,1,2,1,4,1
MNAT1,4,1,0,4,4
MNDA,0,2,0,3,4
MNS1,4,1,0,1,0
MNT,4,0,2,1,4
MOAP1,2,2,2,1,0
MOB1B,3,4,4,0,0
MOB3A,3,1,0,0,3
MOB3B,4,1,1,3,0
MOB3C,2,3,3,4,2
MOB4,1,2,4,3,3
MOCOS,1,1,2,0,4
MOCS1,4,2,2,4,3
MOCS2,3,1,0,2,2
MOGS,4,3,2,1,4
MOK,1,4,3,4,2
MON2,1,3,0,0,0
MORC2,4,0,2,2,2
MORC3,2,1,1,1,3
MORC4,3,3,3,3,4
MORF4L1,4,2,2,2,3
MORN1,1,3,3,2,2
MORN2,2,4,2,2,0
MORN4,2,0,1,1,2
MORN5,1,2,1,4,1
MOSPD2,2,4,1,3,0
MOSPD3,3,0,0,0,2
MOV10,4,1,0,3,0
MOXD1,1,0,2,4,3
MPC1,3,3,1,1,4
MPC2,2,2,3,4,3
MPDZ,1,1,1,2,3
MPEG1,3,0,3,3,3
MPG,0,1,1,3,1
MPHOSPH10,2,1,1,0,2
MPHOSPH6,1,3,0,2,1
MPHOSPH8,4,1,3,3,4
MPHOSPH9,3,3,3,3,0
MPND,4,1,1,1,2
MPP1,0,2,3,1,0
MPP2,1,1,3,4,0
MPP3,1,4,1,0,4
MPP5,4,2,3,0,2
MPP6,4,4,2,2,4
MPP7,0,2,0,4,4
MPPE1,2,0,2,1,3
MPRIP,1,4,0,2,0
MPV17,4,4,0,0,3
MPV17L,0,2,0,3,4
MPV17L2,3,1,3,3,1
MPZ,3,1,1,4,0
MPZL2,1,2,3,2,2
MPZL3,3,1,4,4,4
MR1,2,4,1,4,4
MRAP2,0,0,0,1,3
MRC1,3,2,3,4,3
MRC2,4,3,2,0,1
MRE11,2,2,2,1,4
MREG,1,4,3,3,0
MRFAP1L1,2,1,4,3,1
MRGPRE,0,4,2,0,3
MRGPRF,1,0,3,1,2
MRI1,3,2,4,4,4
MRM1,2,3,3,3,2
MRM3,2,0,0,4,4
MRNIP,3,3,0,4,0
MROH1,4,3,1,4,1
MROH6,1,3,2,0,2
MRPL11,3,3,3,1,1
MRPL12,1,2,3,0,3
MRPL14,4,1,4,1,1
MRPL15,4,3,1,3,0
MRPL17,2,4,3,3,2
MRPL19,4,0,0,2,2
MRPL21,0,4,1,3,3
MRPL23,0,2,4,1,0
MRPL24,3,4,4,0,1
MRPL28,4,2,4,2,0
MRPL32,2,1,3,0,4
MRPL33,2,1,1,3,4
MRPL34,2,4,0,1,3
MRPL36,2,3,0,1,4
MRPL38,1,2,3,2,0
MRPL39,4,2,2,0,0
MRPL4,3,3,1,2,3
MRPL40,0,2,3,4,4
MRPL41,1,2,3,4,2
MRPL42,2,1,4,2,2
MRPL43,4,1,1,0,2
MRPL45,1,3,2,0,0
MRPL47,4,1,4,4,1
MRPL48,3,4,0,4,3
MRPL52,4,1,1,1,4
MRPL54,4,4,4,2,2
MRPL55,0,3,4,3,3
MRPL57,0,2,3,1,1
MRPL58,1,0,0,0,1
MRPS12,2,4,0,1,3
MRPS14,1,0,4,3,0
MRPS15,1,1,2,2,4
MRPS18A,1,3,0,0,4
MRPS18B,0,0,3,1,1
MRPS2,0,4,3,3,0
MRPS21,2,0,3,3,0
MRPS25,0,4,2,0,2
MRPS26,4,0,1,3,3
MRPS28,2,1,2,4,0
MRPS33,1,2,2,3,2
MRPS34,4,1,0,1,0
MRPS6,4,1,3,1,1
MRRF,2,1,1,0,3
MRTFA,2,0,3,0,0
MRTFB,1,1,2,2,1
MRTO4,2,0,4,2,0
MS4A1,0,2,1,2,0
MS4A14,3,3,2,3,4
MS4A15,1,0,0,0,2
MS4A2,2,3,1,0,1
MS4A4A,2,4,3,2,4
MS4A4E,3,4,4,1,4
MS4A6A,4,3,2,2,1
MS4A7,0,4,3,0,2
MS4A8,4,2,0,3,0
MSANTD2,1,4,4,3,2
MSC,1,4,1,1,1
MSH2,3,0,1,3,4
MSH3,0,1,4,3,2
MSH6,0,0,0,4,4
MSI1,4,2,1,2,1
MSI2,0,2,4,2,3
MSL1,2,2,2,4,4
MSL2,0,2,3,0,2
MSLN,4,4,3,0,0
MSLNL,1,1,2,4,4
MSMB,4,0,1,4,0
MSMO1,3,3,1,0,0
MSN,3,4,1,3,4
MSR1,2,3,2,0,1
MSRA,4,0,1,0,2
MSRB1,3,4,2,2,2
MSRB3,4,4,3,4,2
MSS51,4,4,0,0,2
MST1,3,0,1,0,3
MST1R,3,0,3,3,2
MSX1,4,4,4,4,4
MSX2,0,1,0,2,1
MT-ATP6,0,0,0,1,1
MT-ATP8,4,0,2,4,2
MT-CO1,2,3,3,3,4
MT-CO2,4,4,2,0,1
MT-CO3,0,1,2,4,4
MT-CYB,1,0,0,1,4
MT-ND1,4,3,2,1,0
MT-ND2,1,3,3,2,3
MT-ND3,4,2,3,0,4
MT-ND4,3,1,3,2,2
MT-ND4L,2,3,2,3,4
MT-ND5,0,2,3,2,2
MT-ND6,4,1,4,1,3
MT1A,2,2,0,1,0
MT1E,3,0,1,2,4
MT1F,4,2,1,4,3
MT1G,3,4,0,2,2
MT1H,1,3,1,3,4
MT1M,4,1,3,2,3
MT1X,4,3,3,1,4
MT2A,3,4,0,3,1
MT3,3,1,2,0,1
MTA1,2,0,4,2,4
MTA2,0,3,3,3,2
MTA3,4,1,4,1,0
MTAP,3,3,3,1,0
MTARC1,2,2,3,3,2
MTARC2,1,3,4,1,3
MTBP,4,2,1,4,4
MTCL1,1,4,0,2,2
MTDH,3,0,0,4,1
MTERF1,2,1,4,0,1
MTERF2,2,1,2,0,0
MTF1,1,1,2,0,4
MTF2,1,3,3,4,3
MTFR1,4,3,4,0,2
MTFR2,3,1,0,1,2
MTG2,4,4,4,0,2
MTHFD1,3,3,1,0,4
MTHFD1L,2,1,1,2,0
MTHFD2,2,1,3,3,1
MTHFD2L,3,4,2,4,0
MTHFR,3,0,0,2,2
MTHFSD,1,4,4,0,3
MTLN,4,2,0,0,2
MTM1,0,4,4,2,1
MTMR1,4,1,3,4,0
MTMR10,3,0,2,3,1
MTMR11,2,0,2,4,3
MTMR12,1,0,4,1,1
MTMR2,4,1,0,2,0
MTMR3,2,2,1,3,2
MTMR4,3,1,4,1,0
MTMR6,2,2,4,4,4
MTMR7,0,2,1,3,4
MTMR8,3,1,4,1,3
MTMR9,2,0,4,4,0
MTO1,3,3,4,3,2
MTOR,1,0,2,4,4
MTPN,4,1,3,4,0
MTR,0,2,3,4,4
MTREX,4,0,1,4,1
MTRF1,2,4,2,3,2
MTRF1L,1,0,4,1,3
MTRNR2L1,4,1,3,4,2
MTRNR2L12,0,2,3,4,4
MTRR,1,2,2,4,1
MTSS1,0,0,1,0,0
MTSS2,2,0,1,0,0
MTURN,0,3,0,0,0
MTUS1,4,1,0,3,3
MTX1,1,1,0,3,0
MTX3,3,2,1,0,1
MUC1,0,4,3,0,1
MUC13,4,2,3,3,2
MUC15,4,2,2,1,1
MUC16,4,0,0,4,4
MUC20,1,2,0,3,1
MUC21,1,1,2,1,3
MUC3A,2,2,2,1,2
MUC4,2,2,2,4,0
MUC5AC,4,3,0,0,1
MUC5B,1,0,4,4,4
MUCL3,0,1,4,3,0
MVB12A,4,0,0,3,0
MVB12B,3,4,0,1,1
MVD,0,2,4,3,3
MVK,3,0,0,2,1
MVP,3,3,4,0,3
MX1,4,1,0,0,2
MX2,2,4,1,4,2
MXD1,4,1,0,2,2
MXD3,4,2,0,3,2
MXD4,2,2,4,1,3
MXI1,3,0,2,2,4
MXRA5,2,3,1,4,0
MXRA7,3,2,1,4,4
MXRA8,0,1,3,0,4
MYADM,2,3,2,1,0
MYB,1,4,4,4,3
MYBBP1A,4,3,4,1,3
MYBL1,2,2,1,0,0
MYBL2,4,3,4,3,0
MYBPC2,1,1,0,2,1
MYBPH,0,3,0,3,4
MYBPHL,2,4,3,0,3
MYC,4,2,3,3,3
MYCBP,2,4,1,2,1
MYCBP2,1,0,3,3,0
MYCBPAP,1,2,2,3,2
MYCL,3,2,1,4,1
MYCT1,1,2,2,2,0
MYD88,0,1,1,3,1
MYEF2,0,2,0,3,3
MYH10,1,0,3,0,0
MYH11,3,4,3,4,0
MYH14,0,4,2,2,3
MYH15,1,2,2,1,3
MYH9,3,2,0,2,0
MYL12A,0,1,0,2,4
MYL5,3,0,0,3,4
MYL6,4,4,1,1,4
MYL6B,2,1,2,1,3
MYL9,3,2,4,1,3
MYLIP,1,0,1,2,2
MYLK,4,1,0,3,0
MYLK4,3,1,1,0,4
MYMX,3,0,2,2,0
MYNN,1,2,0,3,2
MYO10,2,0,2,0,0
MYO15B,4,1,2,4,1
MYO18A,4,3,3,1,3
MYO19,0,4,2,0,0
MYO1B,1,4,4,3,2
MYO1C,0,2,3,3,3
MYO1D,3,1,4,4,3
MYO1E,2,4,4,4,2
MYO1F,2,4,3,0,2
MYO1G,4,0,4,1,1
MYO5A,2,1,3,0,2
MYO5B,0,0,4,1,1
MYO5C,0,4,3,3,0
MYO6,4,2,1,4,4
MYO7A,2,4,3,0,4
MYO9A,1,1,0,1,2
MYO9B,1,3,1,3,2
MYOCD,1,1,3,1,1
MYOF,0,2,0,4,0
MYOM1,3,0,0,0,0
MYOM2,3,0,4,2,3
MYORG,4,1,2,0,3
MYOZ1,4,4,0,2,0
MYPOP,2,3,0,4,3
MYRF,2,3,0,1,1
MYRIP,1,4,2,0,0
MYSM1,3,4,1,3,2
MYZAP,3,3,0,0,2
MZB1,3,2,3,0,3
MZF1,4,1,0,4,1
MZT1,0,3,3,1,4
MZT2A,4,4,4,4,2
MZT2B,2,0,2,0,3
N4BP1,0,3,1,3,2
N4BP2,0,3,0,4,2
N4BP2L1,3,4,2,0,1
N4BP2L2,0,4,4,4,0
N4BP3,4,0,0,2,0
N6AMT1,0,4,2,2,0
NAA10,4,1,1,0,2
NAA15,3,0,1,2,1
NAA16,4,0,2,2,2
NAA25,1,3,4,0,4
NAA30,3,4,1,4,3
NAA35,4,1,2,0,1
NAA38,2,1,2,0,4
NAA40,0,0,1,3,2
NAA50,0,0,0,2,2
NAA60,3,2,0,0,4
NAA80,3,3,3,4,1
NAAA,4,4,2,1,1
NAALADL1,3,4,4,1,0
NAALADL2,4,3,3,2,0
NAB1,0,3,3,2,4
NAB2,4,2,1,4,0
NABP1,4,1,0,4,0
NABP2,0,4,0,1,2
NACA2,3,2,4,4,4
NACAD,4,2,3,0,4
NACC1,3,0,1,4,2
NACC2,0,2,0,4,3
NADK2,0,3,1,3,0
NAE1,0,0,1,2,2
NAF1,4,2,2,4,0
NAGK,0,4,3,0,2
NAGLU,4,0,1,4,3
NAGPA,1,4,0,3,3
NAGS,1,3,1,3,0
NAIF1,3,3,0,4,4
NALCN,1,2,4,1,4
NAMPT,2,4,1,4,4
NANOS1,2,2,2,3,3
NANOS3,3,4,1,1,3
NANP,2,2,4,3,3
NAP1L2,4,2,2,4,1
NAP1L3,2,0,2,3,2
NAP1L5,1,4,0,2,2
NAPB,3,1,4,1,3
NAPEPLD,0,0,1,1,1
NAPG,4,4,4,2,1
NAPRT,0,2,4,2,0
NAPSA,4,1,0,1,2
NARF,2,1,0,0,3
NARS2,1,1,1,1,1
NASP,2,3,2,1,1
NAT1,1,4,2,0,3
NAT10,0,1,0,4,2
NAT14,4,2,2,2,2
NAT9,3,3,1,1,1
NATD1,3,2,1,3,0
NAV1,2,3,3,3,0
NAV2,2,2,2,4,2
NAV3,1,0,0,4,4
NAXE,1,4,3,1,0
NBAS,1,0,4,0,0
NBEA,2,2,0,0,2
NBEAL1,0,2,0,1,0
NBEAL2,0,0,2,1,2
NBL1,1,0,2,3,2
NBN,0,3,3,4,4
NBPF1,0,3,1,1,4
NBPF11,3,3,1,0,4
NBPF12,2,4,4,0,0
NBPF15,3,1,1,4,3
NBPF3,1,1,1,0,3
NBPF9,0,4,3,0,2
NBR1,2,0,2,3,0
NCALD,1,4,2,3,1
NCAM1,2,0,1,1,2
NCAM2,4,4,2,0,2
NCAPD2,1,1,3,2,4
NCAPD3,4,4,1,0,3
NCAPG,2,1,1,1,4
NCAPG2,2,2,2,2,1
NCAPH,2,1,1,1,3
NCBP1,0,4,2,4,1
NCBP2AS2,1,4,4,4,0
NCBP3,2,3,2,2,3
NCCRP1,0,0,4,1,3
NCDN,0,3,3,3,1
NCEH1,4,4,1,3,3
NCF1,1,3,1,0,1
NCF2,1,1,4,1,0
NCF4,1,4,2,3,4
NCK1,0,4,2,2,0
NCK2,0,0,2,1,2
NCKAP1,3,1,1,0,4
NCKAP1L,3,2,0,1,2
NCKAP5,4,2,0,0,4
NCKAP5L,0,4,1,3,2
NCKIPSD,4,1,0,2,1
NCLN,4,4,0,0,1
NCMAP,0,4,0,3,1
NCOA1,0,1,3,1,4
NCOA2,1,3,4,2,1
NCOA3,4,0,0,1,1
NCOA4,4,1,4,0,3
NCOA5,4,0,2,0,3
NCOA6,4,3,4,0,0
NCOA7,3,0,3,4,0
NCOR1,4,4,2,1,2
NCOR2,4,4,3,2,3
NCR1,1,1,0,2,0
NCR3,3,1,0,2,2
NCR3LG1,3,1,3,4,0
NCS1,1,3,1,3,3
NCSTN,1,4,4,1,0
NDC80,1,1,2,3,2
NDE1,3,1,2,1,1
NDFIP1,0,0,1,1,2
NDFIP2,2,1,1,3,3
NDN,2,3,0,1,4
NDNF,0,2,1,4,2
NDOR1,4,1,0,1,0
NDRG1,0,1,0,4,1
NDRG2,4,0,2,1,4
NDRG4,1,4,1,1,2
NDST1,3,0,1,1,1
NDUFA11,3,3,1,2,4
NDUFA2,4,4,0,4,2
NDUFA3,4,1,2,0,0
NDUFA4,0,0,0,4,3
NDUFA4L2,0,3,2,0,2
NDUFA8,1,4,4,3,3
NDUFAB1,4,0,3,2,1
NDUFAF3,2,3,3,2,2
NDUFAF4,4,2,2,4,3
NDUFAF6,1,2,0,1,4
NDUFAF8,3,1,0,3,1
NDUFB1,0,4,4,4,3
NDUFB10,4,0,2,0,1
NDUFB11,1,0,4,2,3
NDUFB2,4,2,1,0,3
NDUFB3,3,2,1,0,1
NDUFB5,4,1,3,1,0
NDUFB7,2,3,4,0,4
NDUFB8,4,2,4,0,4
NDUFS1,4,0,1,2,1
NDUFS4,1,4,4,3,0
NDUFS5,3,3,1,2,2
NDUFS6,4,3,2,3,1
NDUFV2,3,1,1,3,4
NEBL,4,3,2,0,2
NECAB1,4,3,4,0,0
NECAB3,1,4,2,1,2
NECAP2,2,3,2,0,0
NECTIN1,4,4,2,0,0
NECTIN2,4,0,3,0,0
NECTIN3,4,1,1,1,3
NECTIN4,4,2,4,2,0
NEDD1,0,1,0,0,2
NEDD4,1,2,1,4,3
NEDD4L,1,4,1,2,3
NEDD9,1,0,0,4,2
NEFH,3,1,3,3,4
NEGR1,1,4,4,0,3
NEIL1,1,1,4,1,1
NEIL2,3,1,1,4,2
NEK1,0,2,1,3,3
NEK11,1,4,1,0,3
NEK2,1,3,3,2,3
NEK3,0,1,3,1,3
NEK4,1,2,3,2,1
NEK5,2,4,1,2,4
NEK6,3,4,2,1,1
NEK7,4,1,3,1,2
NEK8,0,0,2,4,3
NEK9,1,0,2,2,1
NELFA,1,3,4,4,4
NELFB,3,1,1,3,1
NELFE,1,1,3,0,4
NELL2,0,3,3,3,2
NEMF,3,3,0,2,1
NEMP1,3,1,2,3,2
NEMP2,4,4,3,4,0
NENF,0,0,0,2,2
NEO1,0,0,4,1,1
NEPRO,0,0,1,0,2
NES,0,3,3,4,2
NET1,0,1,2,4,3
NETO2,2,3,1,3,1
NEU1,2,4,2,4,2
NEU3,0,1,2,1,3
NEURL1,1,4,1,3,1
NEURL1B,3,3,0,2,0
NEURL3,2,0,0,0,0
NEURL4,1,0,1,3,1
NEXMIF,2,2,1,1,4
NEXN,1,0,0,0,0
NF1,4,4,3,0,0
NFAM1,4,3,1,2,0
NFASC,0,4,1,3,4
NFAT5,2,2,3,1,1
NFATC1,2,2,0,4,2
NFATC2,2,1,4,4,3
NFATC2IP,2,4,1,4,4
NFATC3,4,2,3,0,3
NFATC4,4,0,1,4,4
NFE2,4,1,2,4,4
NFE2L1,1,3,0,2,3
NFE2L2,2,0,4,4,2
NFE2L3,3,2,3,0,4
NFIA,2,3,1,3,0
NFIB,2,4,2,3,3
NFIC,4,1,3,0,3
NFIL3,4,1,4,1,4
NFIX,1,2,2,1,2
NFKB1,3,3,1,0,1
NFKB2,1,3,3,4,4
NFKBIA,4,1,0,4,4
NFKBIB,3,3,1,0,1
NFKBID,0,2,1,2,3
NFKBIE,4,0,3,2,4
NFKBIL1,1,4,2,4,1
NFKBIZ,3,3,2,2,4
NFRKB,3,4,2,2,3
NFS1,0,1,4,4,4
NFX1,4,4,4,3,4
NFXL1,1,3,3,0,4
NFYA,1,0,2,4,2
NFYB,0,3,0,3,0
NGEF,0,0,4,4,4
NGF,0,2,0,4,4
NGFR,2,3,2,3,1
NGRN,2,0,3,2,3
NHEJ1,1,0,2,4,3
NHLRC1,2,2,4,0,1
NHLRC2,0,3,3,3,3
NHLRC3,0,1,4,0,4
NHLRC4,2,0,1,0,0
NHP2,1,4,4,4,4
NHS,0,0,4,0,4
NHSL1,4,4,1,3,3
NHSL2,4,4,1,4,4
NIBAN1,0,4,0,4,1
NIBAN2,2,1,3,0,4
NIBAN3,1,4,4,2,0
NID1,3,4,3,1,3
NID2,1,0,3,3,0
NIFK,0,0,2,4,4
NIM1K,3,1,4,3,3
NIN,2,0,1,4,4
NINJ1,4,0,2,1,0
NINJ2,3,1,3,4,4
NINL,3,1,2,4,4
NIP7,4,4,4,4,0
NIPA1,1,1,4,4,2
NIPA2,4,3,1,0,2
NIPAL1,2,2,0,4,2
NIPAL2,0,2,3,1,3
NIPAL3,1,4,2,1,4
NIPBL,1,4,4,4,4
NIPSNAP1,0,0,1,1,4
NIPSNAP2,3,2,0,2,3
NIPSNAP3A,4,2,4,3,2
NIPSNAP3B,0,2,2,3,4
NIT2,0,1,4,3,2
NKAPD1,0,0,0,0,0
NKD1,3,3,4,1,3
NKD2,1,1,1,0,3
NKG7,0,4,3,2,3
NKIRAS1,0,4,3,0,1
NKRF,0,1,0,4,4
NKTR,2,1,2,1,1
NKX2-1,3,4,2,3,0
NKX2-8,1,2,3,1,3
NKX3-1,4,0,0,3,4
NLE1,0,3,1,1,4
NLGN2,3,2,2,2,4
NLGN3,2,0,4,4,2
NLGN4X,0,3,4,3,4
NLGN4Y,0,2,2,4,4
NLK,1,1,0,3,0
NLN,1,3,3,3,3
NLRC3,1,1,3,1,2
NLRC4,2,2,0,1,2
NLRC5,4,0,0,0,1
NLRP1,2,2,0,1,4
NLRP12,1,4,2,1,1
NLRP2,4,3,0,1,0
NLRP3,4,1,0,2,3
NLRP6,1,3,2,3,2
NLRX1,4,2,4,3,4
NMB,1,3,1,4,4
NMD3,3,2,3,1,4
NME1,0,2,4,3,2
NME2,3,3,4,0,2
NME3,3,4,4,4,4
NME4,3,0,2,0,0
NME5,4,3,2,3,4
NME6,3,4,0,2,3
NME7,3,3,2,4,3
NMI,1,1,0,1,4
NMNAT1,0,3,2,2,4
NMNAT2,0,0,0,3,3
NMRK1,1,1,0,1,2
NMT1,4,3,2,0,2
NMT2,1,4,0,2,4
NMU,4,2,2,2,0
NMUR1,3,3,2,1,1
NNAT,0,3,1,3,3
NNMT,3,2,4,0,3
NOA1,4,0,2,4,3
NOB1,2,1,1,2,2
NOC2L,1,0,2,2,0
NOC3L,2,1,4,2,1
NOC4L,0,2,1,3,1
NOCT,2,4,2,4,4
NOD1,0,3,3,0,2
NOD2,2,4,1,3,2
NOG,0,1,1,0,1
NOL12,3,0,4,4,2
NOL3,0,0,0,2,1
NOL4L,1,0,1,4,4
NOL6,3,2,3,2,0
NOL8,2,2,4,3,4
NOL9,2,0,4,1,3
NOLC1,4,2,0,4,4
NOM1,4,1,2,1,0
NOMO1,0,4,2,4,4
NOMO2,3,3,4,0,1
NOMO3,4,0,2,4,2
NOP10,3,1,1,1,4
NOP14,4,3,2,1,2
NOP16,0,1,4,3,3
NOP53,1,3,2,0,1
NOP56,0,4,4,3,3
NOP58,0,1,3,1,4
NOP9,4,4,2,0,2
NOS1AP,0,4,4,3,0
NOS2,2,4,3,1,2
NOS3,3,3,0,3,4
NOSIP,0,4,3,4,4
NOSTRIN,2,0,2,0,1
NOTCH1,4,0,1,0,3
NOTCH2,0,2,0,0,4
NOTCH3,2,1,0,0,1
NOTCH4,2,4,4,0,0
NOTUM,2,4,2,4,4
NOVA1,2,2,1,4,3
NOX1,2,0,4,4,3
NOX4,2,4,4,4,0
NOXA1,1,3,3,2,0
NPAS1,2,2,1,1,3
NPAS2,2,3,2,3,3
NPAT,1,3,2,0,2
NPC1,4,2,4,4,3
NPC2,4,3,4,1,4
NPDC1,2,4,0,0,1
NPEPL1,3,2,1,2,2
NPEPPS,4,2,4,0,2
NPFFR1,0,1,1,0,3
NPHP1,2,0,0,1,1
NPHP4,3,0,4,0,1
NPIPA5,3,4,3,2,2
NPIPB15,4,1,2,3,0
NPIPB2,3,2,1,2,2
NPIPB3,1,2,1,2,3
NPIPB4,3,1,3,4,2
NPL,1,1,1,4,2
NPM1,1,4,4,2,2
NPM2,1,3,3,3,2
NPM3,2,1,2,1,3
NPNT,2,3,0,2,2
NPR1,4,4,3,4,1
NPR2,1,0,3,3,3
NPR3,4,0,0,1,1
NPRL2,4,1,2,1,3
NPRL3,4,3,0,3,3
NPTX1,0,4,1,3,1
NPTX2,1,1,1,3,1
NPTXR,3,0,1,2,1
NPY1R,1,0,4,1,4
NQO1,3,1,3,2,3
NQO2,4,1,4,2,2
NR0B2,2,3,3,1,4
NR1D1,0,0,1,3,0
NR1D2,2,4,3,3,2
NR1H2,1,4,2,0,4
NR1H3,2,1,4,1,4
NR2C1,3,4,4,4,0
NR2C2,0,0,2,4,4
NR2C2AP,2,2,4,1,1
NR2F1,4,2,4,4,2
NR2F2,4,3,1,1,2
NR2F6,1,4,4,2,1
NR3C1,0,4,4,2,0
NR3C2,3,0,3,0,1
NR4A1,0,2,3,1,0
NR4A2,0,4,1,2,3
NR4A3,4,3,1,3,0
NR5A2,2,0,3,2,0
NR6A1,4,2,2,2,0
NRARP,3,0,2,3,3
NRAS,1,1,1,0,0
NRBP2,3,4,0,3,2
NRCAM,0,1,1,3,2
NRDE2,4,0,2,2,0
NREP,4,1,2,0,3
NRF1,2,3,3,4,4
NRG1,1,3,3,0,2
NRG4,2,4,3,2,1
NRGN,3,2,0,3,3
NRIP1,4,4,2,0,4
NRIP2,1,0,2,1,4
NRIP3,4,3,2,3,2
NRM,2,4,0,4,1
NRN1,2,0,0,2,4
NRP1,1,4,3,1,3
NRP2,0,4,0,2,1
NRROS,2,0,1,2,3
NRSN2,3,1,0,3,2
NRTN,1,1,4,0,2
NRXN3,1,4,4,0,0
NSA2,0,2,1,2,2
NSD1,4,1,1,0,0
NSD2,2,2,1,4,4
NSD3,2,3,3,2,2
NSG1,4,0,1,4,2
NSL1,3,2,4,4,2
NSMAF,4,1,4,4,1
NSMCE2,1,2,4,1,4
NSMCE3,0,2,3,4,1
NSMCE4A,3,2,2,4,3
NSMF,2,2,0,3,4
NSRP1,0,1,4,3,4
NSUN2,3,1,3,0,2
NSUN3,0,2,0,1,2
NSUN5,2,0,3,3,1
NSUN6,3,4,0,4,0
NSUN7,4,1,1,4,1
NT5C,1,1,1,0,2
NT5C2,1,2,0,3,2
NT5C3A,3,4,0,2,0
NT5C3B,4,2,3,0,3
NT5DC1,0,4,2,0,3
NT5DC2,0,4,0,1,3
NT5DC3,2,4,1,2,1
NT5E,3,0,3,0,2
NT5M,0,2,0,0,1
NTAN1,0,3,1,0,3
NTAQ1,2,3,1,4,4
NTF3,3,1,3,4,1
NTF4,4,0,3,2,0
NTHL1,3,1,2,0,0
NTM,2,1,0,2,4
NTMT1,0,2,1,2,4
NTN1,3,3,1,4,3
NTN4,3,4,4,0,2
NTNG1,1,1,4,0,4
NTNG2,2,3,2,3,2
NTPCR,4,3,1,3,2
NTRK2,4,0,4,4,0
NTS,4,0,0,1,1
NUAK1,3,4,4,1,2
NUAK2,1,2,3,3,2
NUB1,3,4,4,1,2
NUBP2,0,0,1,2,3
NUBPL,0,1,1,3,1
NUCB2,1,3,0,4,0
NUCKS1,4,0,2,1,4
NUDC,1,0,3,1,0
NUDCD1,1,4,4,2,4
NUDCD3,4,4,3,0,0
NUDT10,3,2,4,0,2
NUDT11,1,4,4,2,4
NUDT12,3,3,0,3,0
NUDT13,1,0,3,3,1
NUDT14,2,0,4,3,1
NUDT15,2,1,2,3,2
NUDT16,4,4,2,1,4
NUDT16L1,0,4,2,0,3
NUDT17,3,2,1,1,2
NUDT18,0,0,0,4,0
NUDT19,4,3,1,1,2
NUDT2,0,0,2,3,0
NUDT21,2,4,2,2,1
NUDT4,2,1,1,2,4
NUDT7,3,4,2,3,0
NUDT8,4,2,2,2,2
NUDT9,4,3,3,2,1
NUF2,2,4,3,2,3
NUFIP2,3,0,4,1,1
NUGGC,4,2,4,3,4
NUMA1,4,4,1,0,4
NUMB,4,4,4,1,4
NUMBL,1,3,1,3,3
NUP107,4,0,3,2,4
NUP133,0,0,4,2,2
NUP153,2,2,1,3,3
NUP155,0,0,3,0,3
NUP160,4,4,4,1,1
NUP188,4,3,4,2,0
NUP205,2,3,2,2,1
NUP210,4,1,0,4,3
NUP214,0,2,3,3,2
NUP35,0,4,4,0,4
NUP37,4,0,4,0,2
NUP42,3,3,3,0,4
NUP43,1,2,3,1,0
NUP50,0,1,0,1,2
NUP54,1,4,1,4,3
NUP58,2,0,0,1,3
NUP62,4,2,2,3,4
NUP62CL,0,0,0,1,2
NUP85,3,3,4,4,0
NUP98,2,3,0,0,0
NUPR1,0,2,3,2,3
NUPR2,1,3,1,3,3
NUS1,1,2,3,0,4
NUTF2,4,3,1,1,0
NVL,1,1,2,3,1
NWD1,4,4,2,0,1
NXF1,3,3,0,0,3
NXN,1,4,0,2,0
NXPE3,2,1,2,3,2
NXPH3,2,1,4,3,2
NXPH4,2,1,2,2,1
NXT1,2,4,2,1,3
NXT2,2,3,3,4,3
NYAP2,1,3,2,2,2
NYNRIN,0,0,4,3,2
OAF,4,4,4,4,1
OARD1,1,1,2,0,4
OAS1,2,1,0,1,4
OAS2,2,4,4,4,2
OAS3,1,4,0,3,2
OASL,3,0,4,3,0
OAT,3,4,4,4,1
OAZ1,0,3,0,0,2
OBI1,4,1,0,4,3
OBSCN,3,2,4,4,1
OBSL1,1,3,0,0,1
OCA2,4,4,4,4,3
OCEL1,2,1,2,3,0
OCIAD2,4,0,3,1,0
OCLN,4,1,1,2,0
ODAM,3,3,1,2,0
ODC1,1,1,1,0,2
ODF2,0,4,0,0,1
ODF2L,4,1,4,0,2
ODF3B,3,1,1,3,4
ODF3L1,1,1,1,0,0
ODR4,4,4,2,2,3
OFD1,2,1,2,1,0
OGA,3,4,3,0,2
OGDH,1,3,0,1,3
OGFOD3,3,1,3,3,2
OGFR,1,3,1,3,2
OGFRL1,3,1,3,0,4
OGG1,4,4,0,3,2
OGN,0,4,0,1,1
OGT,3,3,1,2,1
OIT3,2,0,1,1,2
OLA1,2,4,1,3,4
OLFM1,4,2,0,0,0
OLFM2,1,2,0,3,1
OLFML1,3,2,0,0,2
OLFML2A,2,4,0,4,2
OLFML2B,4,0,1,0,2
OLFML3,1,0,1,3,4
OLIG1,4,0,2,2,4
OLR1,1,2,2,0,4
OMA1,3,4,4,3,3
OMD,4,2,4,2,2
OMG,4,4,1,0,2
OPA1,3,3,0,2,4
OPA3,2,3,1,1,1
OPHN1,1,3,2,4,1
OPLAH,4,1,2,0,0
OPN3,3,4,3,2,0
OPTN,3,1,3,1,0
OR2A7,4,4,0,3,4
OR2I1P,0,2,1,4,0
ORAI1,1,2,0,0,2
ORAI2,1,0,2,0,3
ORAI3,3,3,2,1,1
ORC1,2,0,2,1,2
ORC3,1,4,1,3,1
ORC4,1,1,2,2,2
ORC6,4,2,1,3,2
ORM1,0,2,3,0,3
ORM2,0,1,2,3,4
ORMDL2,2,1,4,3,3
ORMDL3,1,3,3,3,4
OSBPL10,1,3,2,0,2
OSBPL11,1,1,3,0,1
OSBPL1A,2,1,2,3,4
OSBPL2,1,2,4,1,0
OSBPL3,2,0,2,3,2
OSBPL5,2,1,1,2,4
OSBPL6,4,2,3,2,3
OSBPL7,3,1,3,0,1
OSBPL8,1,2,2,1,3
OSBPL9,0,1,2,2,3
OSCAR,3,1,4,3,0
OSCP1,0,4,0,2,2
OSER1,0,2,0,4,3
OSGEP,3,3,2,1,1
OSGEPL1,2,4,4,0,3
OSGIN1,3,1,3,2,2
OSGIN2,1,4,2,1,2
OSM,1,1,0,1,4
OSMR,1,0,1,2,0
OSR1,2,1,2,2,0
OSR2,3,4,3,0,0
OST4,3,3,0,4,2
OSTC,4,1,1,3,1
OSTM1,1,4,4,0,1
OTUB2,4,2,2,2,0
OTUD1,1,3,0,0,4
OTUD3,1,1,1,1,3
OTUD4,3,2,4,1,2
OTUD6B,2,3,4,2,4
OTUD7B,2,4,1,2,3
OTULIN,1,4,2,3,0
OTULINL,0,0,2,2,1
OTX1,2,4,4,0,4
OVGP1,1,0,1,3,1
OVOL1,2,2,1,0,4
OVOL2,2,0,4,1,1
OXCT1,4,2,1,1,4
OXER1,2,2,0,2,2
OXLD1,1,4,2,3,2
OXR1,4,0,2,1,2
OXSM,0,2,1,3,1
OXTR,2,2,1,4,4
P2RX1,3,2,1,4,0
P2RX4,3,0,2,3,1
P2RX5,1,4,2,4,4
P2RX7,0,3,0,0,0
P2RY1,3,4,3,4,0
P2RY10,2,3,1,2,4
P2RY11,4,3,0,4,2
P2RY12,3,3,0,0,2
P2RY13,1,2,1,0,3
P2RY14,3,3,3,2,4
P2RY2,2,3,0,1,1
P2RY6,0,0,0,1,0
P2RY8,4,1,2,2,2
P3H1,2,1,0,4,2
P3H2,3,4,4,3,0
P3H3,0,4,4,3,3
P3H4,1,3,3,0,1
P4HA2,2,3,4,2,1
P4HA3,3,3,0,4,4
P4HTM,3,4,1,0,4
PAAF1,2,3,0,0,2
PABPC1L,3,0,1,2,1
PABPC4L,1,4,3,1,2
PABPC5,0,2,0,2,3
PABPN1,3,2,4,3,1
PACC1,2,4,4,3,1
PACRG,0,1,0,3,2
PACRGL,3,0,3,1,4
PACS1,4,1,4,1,1
PACS2,2,4,2,0,0
PACSIN2,4,3,0,0,0
PACSIN3,2,2,0,4,1
PADI2,0,2,1,3,3
PAEP,1,2,0,4,1
PAF1,0,0,0,4,1
PAFAH1B1,4,4,3,4,2
PAFAH1B3,2,2,2,3,3
PAFAH2,3,0,4,1,3
PAG1,0,0,0,3,4
PAICS,3,0,4,1,3
PAIP1,3,4,0,0,1
PAIP2B,2,2,2,1,1
PAK1,4,0,3,4,0
PAK1IP1,0,0,2,0,2
PAK2,1,0,2,3,3
PAK4,0,0,4,3,3
PAK6,4,1,2,3,3
PALB2,2,3,2,0,2
PALD1,0,1,1,0,0
PALLD,2,3,0,1,3
PALM,0,2,4,2,1
PALM2AKAP2,0,1,3,1,0
PALM3,4,1,2,3,1
PALMD,0,4,0,1,3
PAM,4,1,0,1,0
PAM16,4,1,2,4,0
PAMR1,0,4,4,4,2
PAN2,4,4,2,2,2
PAN3,0,0,2,4,3
PANK1,0,1,3,1,4
PANK3,2,4,0,4,3
PANK4,0,2,4,3,4
PANX1,2,4,0,0,2
PANX2,3,0,4,3,3
PAPLN,1,3,2,0,3
PAPOLA,3,3,3,1,4
PAPPA,4,0,3,2,3
PAPSS1,4,2,4,0,0
PAPSS2,3,1,4,2,2
PAQR3,1,3,1,0,0
PAQR4,4,1,0,4,0
PAQR5,2,0,4,2,4
PAQR6,4,1,2,4,1
PAQR7,0,0,0,2,2
PAQR8,4,0,0,2,3
PARD3,2,0,1,4,1
PARD3B,1,0,1,2,0
PARD6A,3,3,2,3,2
PARD6B,4,1,4,1,0
PARD6G,0,4,0,0,2
PARG,3,2,3,2,1
PARL,0,1,3,0,2
PARM1,3,3,3,3,1
PARP1,1,4,4,3,1
PARP10,1,0,3,2,1
PARP11,2,0,3,4,4
PARP12,2,2,2,1,2
PARP14,4,3,4,1,0
PARP15,2,0,4,3,0
PARP16,0,0,1,3,4
PARP2,2,4,0,0,1
PARP3,4,3,3,3,1
PARP4,2,0,2,4,3
PARP6,0,0,0,0,3
PARP8,1,2,4,4,1
PARP9,2,3,4,2,0
PARS2,4,0,4,3,3
PARVA,0,0,0,1,3
PARVB,1,1,2,2,0
PARVG,0,3,4,3,0
PASK,1,0,3,3,3
PATJ,0,0,3,2,4
PATL1,0,4,0,3,1
PATL2,0,3,2,1,1
PATZ1,0,2,2,0,3
PAWR,1,1,2,3,2
PAX5,2,3,3,4,2
PAX8,0,0,3,0,3
PAX9,3,0,4,2,0
PAXBP1,1,0,3,4,0
PAXIP1,1,0,1,3,3
PAXX,4,3,1,1,4
PBK,2,0,1,2,3
PBLD,0,4,2,4,3
PBRM1,4,0,4,2,0
PBX1,2,0,1,1,0
PBX2,1,1,2,1,0
PBX4,1,4,1,2,2
PBXIP1,1,2,0,4,1
PC,0,1,4,0,4
PCBD1,1,0,1,2,0
PCBD2,4,4,3,0,4
PCBP1,3,4,2,3,1
PCBP3,1,3,0,4,4
PCBP4,2,0,1,3,0
PCCB,4,2,2,3,0
PCDH1,3,1,4,1,3
PCDH12,2,3,3,1,0
PCDH17,2,2,3,3,3
PCDH18,0,4,4,2,3
PCDH7,1,4,0,1,1
PCDHA12,1,3,3,3,4
PCDHAC1,3,0,4,3,2
PCDHAC2,1,3,3,4,2
PCDHB10,2,3,2,3,1
PCDHB11,0,1,2,4,3
PCDHB12,4,4,0,3,4
PCDHB13,2,2,3,4,1
PCDHB14,1,3,3,1,2
PCDHB15,3,0,3,2,0
PCDHB16,4,1,3,1,3
PCDHB2,3,1,1,2,4
PCDHB3,4,2,0,3,2
PCDHB4,3,4,2,2,0
PCDHB5,0,4,4,3,1
PCDHB6,2,4,1,3,1
PCDHB7,2,0,1,1,1
PCDHB8,1,1,1,0,4
PCDHB9,2,3,0,2,0
PCDHGA10,3,2,3,3,3
PCDHGA11,2,0,3,0,4
PCDHGA12,1,4,2,2,4
PCDHGA2,1,2,3,1,0
PCDHGA4,3,3,3,4,4
PCDHGA5,3,2,1,4,1
PCDHGA6,1,4,0,3,2
PCDHGA7,4,3,2,2,0
PCDHGA9,2,3,0,3,4
PCDHGB2,4,4,0,4,0
PCDHGB3,1,2,4,1,0
PCDHGB4,4,1,1,2,4
PCDHGB5,3,2,2,1,2
PCDHGB6,0,1,3,0,1
PCDHGB7,4,1,4,1,4
PCDHGC3,2,4,0,4,1
PCED1A,4,2,3,0,3
PCED1B,4,2,3,0,0
PCF11,0,4,3,4,3
PCGF2,2,0,4,1,1
PCGF3,3,3,2,3,0
PCGF5,4,3,0,0,4
PCGF6,3,2,1,0,0
PCK2,0,3,2,3,2
PCLAF,1,4,2,3,3
PCLO,4,3,2,3,3
PCM1,2,0,4,4,0
PCMTD1,2,3,1,1,4
PCMTD2,3,0,3,2,1
PCNA,4,4,4,0,0
PCNP,1,3,0,1,2
PCNT,4,4,2,4,1
PCNX1,0,0,0,4,1
PCNX2,4,2,4,4,0
PCNX3,2,2,2,1,0
PCNX4,3,4,2,4,4
PCOLCE,0,0,0,2,2
PCOLCE2,3,3,4,4,3
PCP2,4,3,3,0,1
PCP4,0,2,0,4,1
PCP4L1,2,3,4,3,0
PCSK1N,3,0,1,4,3
PCSK2,3,4,0,1,4
PCSK4,0,4,0,1,1
PCSK5,1,4,3,2,2
PCSK6,0,3,4,3,4
PCSK7,4,4,4,4,1
PCSK9,3,0,0,3,4
PCTP,4,3,1,0,3
PCYOX1,2,4,4,3,4
PCYOX1L,4,3,4,1,2
PDCD1,1,3,0,0,1
PDCD11,2,2,1,4,3
PDCD1LG2,3,0,1,3,3
PDCD2L,0,3,0,1,0
PDCD4,2,4,1,3,2
PDCD5,3,4,2,2,0
PDCD6,3,2,3,3,1
PDCL,0,0,2,0,0
PDE10A,4,4,0,3,3
PDE12,0,1,3,2,4
PDE1A,0,3,4,4,1
PDE1B,0,0,3,0,1
PDE1C,4,4,1,4,2
PDE2A,1,0,2,0,0
PDE3A,2,4,4,3,4
PDE3B,1,3,0,1,4
PDE4A,0,1,2,0,1
PDE4B,0,0,2,1,0
PDE4D,2,2,3,4,4
PDE4DIP,3,2,0,4,1
PDE5A,3,1,4,1,1
PDE6B,4,4,4,2,1
PDE6G,2,2,3,0,0
PDE7A,4,0,1,3,3
PDE7B,0,3,3,1,2
PDE8A,4,2,1,0,1
PDE9A,1,1,2,2,0
PDGFA,1,4,0,4,0
PDGFB,2,1,1,1,0
PDGFC,0,3,1,4,0
PDGFD,3,1,2,3,2
PDGFRA,3,3,4,4,0
PDGFRB,3,0,0,1,2
PDGFRL,3,3,3,1,1
PDIA4,2,4,0,4,1
PDIA5,3,1,1,2,1
PDIA6,1,0,4,2,4
PDIK1L,4,3,2,1,4
PDK1,3,2,4,3,3
PDK2,4,0,2,2,1
PDK3,4,4,3,3,1
PDK4,4,2,0,2,2
PDLIM1,2,3,0,0,0
PDLIM2,0,4,4,0,1
PDLIM3,4,2,4,0,0
PDLIM4,4,0,3,0,1
PDLIM5,0,3,0,3,1
PDLIM7,4,4,4,0,4
PDP1,4,2,1,4,3
PDP2,2,3,2,0,4
PDPK1,2,3,1,4,4
PDPN,2,3,0,1,3
PDPR,0,2,3,0,4
PDRG1,0,1,0,3,3
PDS5A,3,0,3,3,2
PDS5B,2,4,0,0,3
PDSS1,0,4,0,2,4
PDXDC1,1,3,0,0,0
PDXK,3,1,1,0,4
PDZD2,0,2,3,4,1
PDZD4,0,2,4,2,2
PDZD8,2,1,4,0,1
PDZK1IP1,3,4,1,0,1
PDZRN3,1,2,4,2,0
PEA15,0,1,3,2,3
PEAK1,2,1,4,4,3
PEAK3,2,4,2,4,0
PEAR1,3,1,2,0,4
PEBP4,4,4,2,1,0
PECAM1,1,4,3,0,1
PECR,0,2,1,2,0
PEDS1,0,1,3,3,1
PEF1,2,2,2,0,0
PEG10,3,4,2,2,3
PELI1,2,0,4,3,1
PELI2,2,0,3,4,0
PELI3,4,2,1,4,0
PELO,0,2,3,1,1
PELP1,4,0,3,2,2
PEMT,0,3,2,4,4
PENK,4,0,0,3,1
PEPD,4,4,3,3,4
PER1,0,2,1,0,2
PER2,4,2,2,0,4
PER3,2,4,0,0,2
PERP,4,4,2,3,3
PES1,2,4,1,4,3
PET117,1,2,4,0,2
PEX1,3,0,4,0,1
PEX10,3,4,0,4,4
PEX11A,3,1,3,2,1
PEX11G,2,3,2,1,4
PEX13,0,1,3,1,1
PEX2,1,1,0,4,4
PEX3,4,1,0,0,4
PEX5,4,2,2,1,1
PEX6,2,3,0,0,2
PEX7,1,1,1,0,2
PF4,4,0,1,0,2
PF4V1,0,4,0,0,1
PFAS,3,3,2,2,0
PFDN2,0,0,3,2,2
PFDN4,4,1,0,1,0
PFDN5,0,0,2,2,4
PFKFB2,3,1,0,4,2
PFKFB3,2,0,0,2,0
PFKFB4,0,0,4,0,2
PFKL,1,4,3,1,0
PFKM,4,2,0,4,1
PFKP,1,2,2,2,1
PFN1,0,0,0,0,2
PFN2,0,1,2,4,2
PFN4,1,2,3,0,1
PGAM1,3,1,4,1,2
PGAM5,0,3,0,1,4
PGAP1,3,3,2,4,0
PGAP2,4,4,3,2,3
PGAP3,3,4,0,2,2
PGAP4,4,2,2,0,4
PGAP6,2,3,0,3,1
PGBD1,3,1,0,3,4
PGBD2,0,1,1,3,2
PGBD5,1,4,0,0,3
PGC,1,2,3,2,0
PGD,2,2,3,0,4
PGF,0,2,4,2,2
PGGHG,1,0,1,0,2
PGGT1B,3,1,4,0,3
PGK1,0,3,0,2,4
PGLS,1,4,1,1,3
PGLYRP1,3,4,3,3,1
PGM1,4,4,1,4,4
PGM2,3,0,0,1,0
PGM2L1,4,0,1,3,3
PGM3,3,0,2,4,0
PGM5,1,4,2,2,3
PGP,3,2,0,0,1
PGPEP1,2,1,1,1,3
PGRMC1,3,4,2,4,3
PGRMC2,2,2,3,0,4
PGS1,0,2,4,2,3
PHACTR1,1,1,3,3,0
PHACTR2,3,1,0,3,4
PHACTR3,0,1,1,0,1
PHACTR4,4,0,2,0,1
PHAX,0,1,3,3,0
PHB,4,1,0,0,4
PHB2,0,3,0,3,4
PHC1,1,1,3,0,0
PHC2,3,2,0,3,2
PHC3,3,4,4,4,0
PHETA1,0,2,0,0,3
PHETA2,4,0,0,2,0
PHEX,4,1,1,1,2
PHF1,1,1,4,2,0
PHF10,2,2,1,3,0
PHF11,2,2,3,4,0
PHF12,2,3,1,3,0
PHF13,2,4,3,0,0
PHF14,0,4,4,1,4
PHF19,0,0,0,3,2
PHF2,4,4,4,1,4
PHF20,0,1,1,4,2
PHF20L1,3,2,0,2,3
PHF21A,1,2,3,2,4
PHF23,1,0,3,3,3
PHF3,0,0,3,4,0
PHF6,1,2,4,4,2
PHF7,1,2,3,3,1
PHF8,3,1,3,3,1
PHGDH,3,1,0,0,0
PHIP,1,1,1,2,0
PHKA1,0,3,3,2,2
PHKA2,2,3,3,0,4
PHKB,0,4,1,0,2
PHLDA1,1,3,2,4,3
PHLDA2,1,1,4,3,1
PHLDA3,1,3,0,4,4
PHLDB1,2,3,4,3,3
PHLDB2,1,2,2,0,3
PHLDB3,0,2,0,2,2
PHLPP1,2,1,3,3,4
PHLPP2,2,4,1,1,4
PHOSPHO1,2,2,2,0,1
PHOSPHO2,1,2,0,0,2
PHPT1,4,0,3,4,1
PHRF1,4,4,0,3,3
PHTF1,4,0,2,4,0
PHTF2,1,3,0,1,0
PHYH,1,3,3,2,1
PHYHD1,2,3,3,4,0
PHYHIP,1,0,0,4,3
PHYKPL,0,4,2,1,2
PI15,1,0,4,0,4
PI16,3,1,1,0,4
PI3,3,0,0,0,3
PI4K2A,4,0,4,2,1
PI4K2B,2,0,2,4,0
PI4KA,1,3,0,4,3
PI4KB,4,0,0,4,2
PIANP,3,2,2,0,3
PIAS1,0,1,4,3,3
PIAS2,3,3,0,1,2
PIAS3,1,3,4,2,1
PIAS4,2,4,2,2,2
PIBF1,1,3,2,4,1
PICALM,3,0,1,3,3
PID1,4,3,2,0,4
PIDD1,0,0,2,2,3
PIEZO1,3,2,3,1,3
PIEZO2,0,0,3,0,0
PIFO,4,2,2,1,1
PIGA,0,3,1,3,4
PIGB,3,0,4,0,3
PIGBOS1,2,0,0,1,0
PIGG,4,1,3,3,3
PIGK,1,0,2,1,1
PIGL,4,1,2,3,2
PIGM,4,1,1,4,4
PIGO,1,0,1,0,3
PIGP,3,4,0,0,4
PIGQ,0,3,3,1,0
PIGR,3,0,1,2,2
PIGW,1,1,4,4,4
PIGZ,2,1,4,0,2
PIH1D2,1,4,1,4,4
PIK3AP1,3,2,2,4,1
PIK3C2A,0,3,3,1,3
PIK3C2B,1,2,0,4,4
PIK3C3,1,4,0,2,3
PIK3CA,3,0,3,1,1
PIK3CB,1,3,2,3,3
PIK3CD,1,2,2,3,4
PIK3CG,1,3,4,2,3
PIK3IP1,3,2,3,4,0
PIK3R1,1,2,0,1,3
PIK3R3,0,1,1,1,0
PIK3R4,4,4,3,0,2
PIK3R5,0,4,3,4,0
PIK3R6,0,2,2,3,1
PIKFYVE,1,2,4,0,1
PILRA,3,3,1,2,0
PILRB,1,1,0,3,2
PIM1,0,4,4,1,3
PIM2,3,1,3,1,3
PIM3,3,1,3,3,0
PIMREG,3,0,1,4,1
PIN1,3,2,2,2,4
PIN4,4,1,2,2,1
PINK1,2,1,1,0,1
PINLYP,3,1,4,4,2
PINX1,1,1,0,1,1
PIP,2,4,2,4,0
PIP4K2A,2,1,4,4,3
PIP4K2B,2,3,4,3,0
PIP4P2,0,2,3,4,2
PIP5K1A,2,1,3,3,4
PIP5K1B,4,1,2,4,3
PIP5K1C,2,0,4,2,2
PIP5KL1,2,2,1,3,2
PIPOX,3,2,0,1,3
PIR,2,1,1,3,0
PITPNB,0,2,4,4,3
PITPNC1,2,0,0,2,4
PITPNM1,1,2,2,0,3
PITPNM2,3,3,1,3,4
PITPNM3,1,4,4,4,0
PITRM1,4,2,1,2,0
PITX1,2,2,2,4,4
PIWIL4,0,4,2,2,1
PJA1,4,0,4,1,0
PJA2,4,4,1,0,0
PKD1,3,1,4,0,4
PKD2,1,4,4,2,0
PKD2L1,0,0,0,2,1
PKDCC,1,3,0,4,2
PKHD1L1,2,1,2,3,2
PKIA,3,4,0,0,4
PKIB,0,1,0,3,3
PKIG,2,0,1,0,0
PKM,1,4,2,2,0
PKMYT1,1,1,2,2,1
PKN1,0,2,0,1,0
PKN2,2,3,4,4,2
PKN3,2,3,1,1,4
PKNOX2,1,1,1,0,0
PKP1,0,1,2,2,3
PKP2,2,0,1,0,0
PKP3,0,1,4,0,4
PKP4,2,4,3,2,3
PLA1A,1,0,1,3,0
PLA2G10,4,0,0,1,2
PLA2G12A,0,0,0,4,3
PLA2G12B,3,2,4,0,0
PLA2G15,4,2,1,3,1
PLA2G1B,0,2,3,2,0
PLA2G2A,4,1,1,0,2
PLA2G2D,1,3,1,2,1
PLA2G3,4,0,2,2,2
PLA2G4A,1,3,0,1,3
PLA2G4C,4,3,3,0,4
PLA2G4E,3,2,0,1,1
PLA2G4F,0,3,0,4,3
PLA2G5,0,1,0,4,0
PLA2G6,1,4,0,4,4
PLA2G7,4,2,4,3,4
PLA2R1,2,4,2,3,3
PLAA,0,2,4,4,4
PLAAT1,1,3,1,4,1
PLAAT2,3,1,3,0,1
PLAAT3,4,1,2,2,0
PLAAT4,1,3,2,1,4
PLAAT5,0,3,4,4,3
PLAC8,4,1,4,2,2
PLAC9,4,2,3,4,3
PLAG1,0,2,3,2,4
PLAGL1,0,0,3,1,2
PLAGL2,1,3,1,3,2
PLAT,1,0,3,2,2
PLAU,1,4,4,1,4
PLAUR,1,3,2,0,2
PLB1,3,3,3,2,4
PLBD1,1,2,2,1,2
PLBD2,0,3,3,2,1
PLCB1,2,3,2,0,3
PLCB2,0,0,1,3,4
PLCB3,2,1,1,2,2
PLCB4,4,1,2,4,0
PLCD1,2,0,2,0,2
PLCD3,3,1,0,2,3
PLCE1,2,3,0,4,0
PLCG1,4,4,0,4,0
PLCG2,1,4,0,1,2
PLCH1,0,2,2,4,3
PLCH2,1,1,0,1,1
PLCL1,1,2,3,3,3
PLCL2,4,0,2,3,3
PLCXD1,4,0,4,0,4
PLCXD3,0,4,4,4,0
PLD1,0,3,3,1,0
PLD2,4,3,1,3,0
PLD3,0,3,0,1,3
PLD4,3,2,0,3,4
PLD6,4,2,4,0,2
PLEC,1,3,3,1,0
PLEK,1,3,1,4,1
PLEK2,4,0,4,1,1
PLEKHA1,4,4,3,0,2
PLEKHA2,4,2,4,0,1
PLEKHA4,0,0,0,2,2
PLEKHA5,4,1,0,1,1
PLEKHA6,1,4,2,3,4
PLEKHA7,2,1,4,2,2
PLEKHA8,4,4,1,4,4
PLEKHB1,3,2,3,1,0
PLEKHF1,3,3,1,1,0
PLEKHF2,4,2,4,3,3
PLEKHG1,3,0,2,1,3
PLEKHG2,4,1,2,4,4
PLEKHG3,4,2,3,2,1
PLEKHG4,2,0,0,2,4
PLEKHG4B,1,1,4,0,2
PLEKHG5,4,2,1,0,3
PLEKHG6,1,2,2,3,1
PLEKHG7,1,2,0,2,3
PLEKHH1,0,0,1,4,3
PLEKHH2,2,2,4,4,1
PLEKHH3,0,2,3,1,0
PLEKHJ1,2,1,1,2,3
PLEKHM1,2,0,1,4,4
PLEKHM3,1,2,2,4,0
PLEKHN1,2,2,2,2,1
PLEKHO1,3,1,1,0,0
PLEKHO2,0,1,1,3,1
PLEKHS1,0,3,3,1,0
PLGRKT,1,1,2,1,1
PLIN2,3,2,3,1,1
PLIN3,2,0,0,1,4
PLIN4,3,1,3,4,2
PLIN5,2,4,1,0,4
PLK1,0,2,1,0,0
PLK2,4,1,0,4,4
PLK3,4,2,3,4,3
PLK4,2,4,0,4,2
PLLP,3,2,3,0,3
PLN,1,4,4,2,2
PLOD1,3,3,1,3,3
PLOD2,2,0,1,2,4
PLOD3,3,3,3,2,4
PLP2,3,3,4,3,0
PLPP1,1,0,1,1,0
PLPP2,3,4,3,0,0
PLPP3,4,0,0,4,2
PLPP5,2,2,0,3,1
PLPP6,2,1,2,2,1
PLPP7,4,3,0,4,1
PLPPR1,3,4,1,1,1
PLPPR2,3,2,0,0,3
PLPPR3,1,3,3,1,1
PLPPR4,2,3,0,2,4
PLS1,3,2,1,2,1
PLS3,1,3,3,0,4
PLSCR1,3,1,1,4,2
PLSCR4,2,2,3,1,1
PLTP,0,4,4,4,3
PLVAP,2,0,1,0,3
PLXDC1,4,2,0,4,4
PLXDC2,0,3,2,1,4
PLXNA1,1,0,3,4,3
PLXNA2,0,4,3,2,4
PLXNA3,4,1,3,4,4
PLXNA4,4,0,2,2,1
PLXNB1,2,2,4,4,1
PLXNB2,4,2,4,0,2
PLXNB3,0,1,2,2,1
PLXNC1,4,1,0,4,0
PLXND1,1,0,3,3,4
PM20D2,1,1,0,4,0
PMAIP1,2,4,3,3,1
PMEPA1,4,0,1,2,1
PMF1,1,4,1,4,4
PML,4,2,1,4,0
PMM1,0,0,1,3,0
PMM2,2,0,3,4,0
PMP22,2,3,0,1,1
PMS1,4,4,0,2,1
PMS2,1,3,2,3,3
PNISR,3,0,2,1,3
PNKD,2,1,4,2,3
PNKP,2,1,4,0,3
PNMA1,1,2,3,4,4
PNMA2,2,1,0,1,1
PNMA6A,0,2,3,3,3
PNMA8A,2,1,2,1,1
PNMA8B,1,3,2,0,4
PNMT,2,0,3,0,3
PNN,2,1,1,2,1
PNO1,1,3,4,4,4
PNOC,2,2,2,3,4
PNP,3,1,2,0,4
PNPLA2,0,0,4,2,1
PNPLA3,1,3,1,2,3
PNPLA4,0,3,3,0,0
PNPLA6,0,2,3,2,3
PNPLA7,3,0,2,3,2
PNPLA8,4,4,2,3,1
PNPO,2,4,3,0,0
PNPT1,2,4,1,0,4
PNRC1,3,2,2,4,3
PNRC2,0,3,0,3,3
POC1A,3,4,2,2,4
POC1B,2,3,0,2,2
POC5,3,4,4,4,1
PODN,1,3,0,4,1
PODNL1,3,0,1,4,2
PODXL,3,1,2,4,3
PODXL2,1,1,2,4,0
POF1B,3,1,0,4,3
POFUT1,0,2,1,3,0
POFUT2,3,2,0,3,1
POGK,2,2,1,0,2
POGLUT1,4,4,3,0,3
POGLUT2,3,2,2,2,2
POGLUT3,3,3,3,0,0
POGZ,0,1,0,0,0
POLA1,0,0,2,2,1
POLA2,4,2,2,1,2
POLB,4,4,3,3,1
POLD1,4,4,1,2,2
POLD2,3,3,4,4,3
POLD3,3,4,4,0,3
POLD4,2,2,0,0,3
POLDIP3,0,0,0,0,3
POLE,3,0,3,3,3
POLE2,0,3,3,4,4
POLE4,3,1,1,3,3
POLG,4,4,3,3,0
POLG2,3,1,2,2,1
POLH,0,1,1,3,4
POLI,4,4,1,1,2
POLK,4,4,0,2,1
POLR1A,0,3,1,2,3
POLR1B,3,2,2,4,3
POLR1C,4,1,1,0,3
POLR1E,2,0,4,2,2
POLR1F,2,0,1,4,1
POLR1G,1,1,1,3,4
POLR2A,4,0,4,1,2
POLR2B,3,1,4,1,3
POLR2C,2,0,0,0,0
POLR2F,1,4,1,0,3
POLR2G,1,1,1,0,3
POLR2H,2,1,1,3,3
POLR2I,1,0,2,4,3
POLR2L,2,2,0,1,2
POLR2M,2,2,4,1,0
POLR3A,2,1,2,0,4
POLR3B,1,3,0,3,1
POLR3D,0,1,4,2,0
POLR3F,4,1,1,4,4
POLR3G,0,1,2,4,1
POLR3GL,4,0,3,3,0
POLR3K,0,2,3,2,4
POLRMT,2,4,1,4,4
POM121,3,2,2,1,1
POM121C,0,1,4,0,1
POMC,3,1,4,0,0
POMGNT2,3,3,1,1,0
POMK,2,2,2,2,3
POMP,0,2,4,1,0
POMT2,2,2,2,0,0
POMZP3,1,4,4,0,4
PON1,3,1,2,3,1
PON2,2,1,0,3,0
PON3,0,2,2,4,4
POP1,1,4,2,3,4
POP7,2,4,4,1,1
POPDC2,1,3,0,4,0
POPDC3,1,4,2,0,0
POR,2,1,3,3,4
POSTN,2,2,3,4,2
POT1,4,3,4,4,4
POU2AF1,4,1,1,0,2
POU2F1,2,0,3,3,3
POU2F2,3,1,2,1,0
POU2F3,3,0,3,3,4
POU5F1,0,0,0,0,0
POU6F1,0,0,3,2,2
PPAN,4,1,1,4,4
PPARA,1,1,4,1,4
PPARD,0,0,2,1,4
PPARG,4,0,4,0,3
PPARGC1A,0,1,2,1,2
PPARGC1B,2,0,4,3,3
PPBP,1,4,3,0,1
PPCDC,3,0,0,1,2
PPDPF,0,2,0,2,1
PPFIA1,3,3,2,0,4
PPFIA3,1,2,1,1,2
PPFIBP1,2,0,1,3,2
PPFIBP2,0,0,0,3,1
PPIB,2,1,3,2,0
PPIC,4,3,3,3,0
PPIF,0,4,1,4,4
PPIG,0,4,3,4,3
PPIH,2,2,4,4,3
PPIL1,4,2,3,3,1
PPIL3,0,1,4,1,0
PPIL4,4,1,0,3,1
PPIL6,3,0,3,0,0
PPIP5K1,4,1,0,3,2
PPIP5K2,2,2,3,2,0
PPL,2,0,1,0,0
PPM1A,0,4,4,1,1
PPM1B,0,2,0,3,4
PPM1D,3,1,3,4,4
PPM1E,4,0,2,2,1
PPM1F,0,4,3,4,1
PPM1H,2,4,3,1,1
PPM1K,2,0,0,2,2
PPM1L,0,0,0,0,1
PPM1M,3,3,4,3,3
PPM1N,0,3,2,4,0
PPME1,2,2,1,1,4
PPOX,1,3,4,0,2
PPP1CB,1,1,2,0,0
PPP1CC,3,0,2,2,0
PPP1R10,2,4,4,3,4
PPP1R12A,3,0,1,0,4
PPP1R12B,3,1,2,3,2
PPP1R13B,2,1,0,0,1
PPP1R13L,3,3,0,3,3
PPP1R14A,0,1,4,4,0
PPP1R14B,0,3,2,0,1
PPP1R14C,0,0,3,0,2
PPP1R14D,4,3,1,1,1
PPP1R15A,1,4,0,2,1
PPP1R15B,2,0,1,3,3
PPP1R16A,2,0,4,4,3
PPP1R16B,1,3,2,2,2
PPP1R18,1,1,4,2,4
PPP1R1A,1,1,2,1,3
PPP1R1B,1,0,4,4,0
PPP1R1C,2,3,0,2,1
PPP1R21,2,2,4,1,1
PPP1R26,3,1,1,3,2
PPP1R32,3,0,1,3,1
PPP1R35,1,1,3,1,1
PPP1R36,3,3,4,1,1
PPP1R37,1,1,0,3,0
PPP1R3B,4,0,3,3,0
PPP1R3C,1,3,2,0,3
PPP1R3D,1,1,0,3,2
PPP1R3E,4,3,2,1,0
PPP1R3F,0,2,0,3,4
PPP1R3G,0,0,2,2,2
PPP1R9A,4,2,0,2,3
PPP1R9B,3,0,2,3,4
PPP2CA,2,0,0,1,1
PPP2CB,4,1,2,2,4
PPP2R1B,4,0,2,4,2
PPP2R2D,3,0,4,3,2
PPP2R3A,4,0,2,1,3
PPP2R3B,0,0,0,3,1
PPP2R5A,4,3,0,0,3
PPP2R5B,4,4,2,0,1
PPP2R5D,1,0,4,4,2
PPP2R5E,0,4,2,0,4
PPP3CA,4,2,2,3,3
PPP3CC,1,3,4,3,2
PPP4R1,3,0,2,4,2
PPP4R2,3,2,4,3,3
PPP4R3A,3,0,3,2,0
PPP4R3B,4,4,1,1,3
PPP4R4,3,2,0,1,0
PPP5C,4,1,0,3,0
PPP6R1,2,2,1,2,3
PPP6R3,4,2,0,2,4
PPRC1,3,2,2,4,0
PPT1,3,3,0,1,1
PPT2,2,0,3,0,2
PPTC7,3,4,0,0,4
PPWD1,4,3,4,0,4
PRADC1,4,2,3,1,4
PRAF2,1,1,0,4,1
PRAG1,1,2,3,1,2
PRAM1,1,0,2,4,2
PRCP,3,4,1,1,1
PRDM1,3,2,1,3,1
PRDM10,3,1,1,0,1
PRDM15,1,0,0,4,2
PRDM16,1,0,3,4,4
PRDM2,0,3,2,2,0
PRDM4,4,1,1,0,3
PRDM5,1,1,1,4,1
PRDM6,4,4,2,0,3
PRDM8,3,2,1,0,3
PRDX1,3,4,1,3,4
PRDX2,3,3,4,0,4
PRDX4,0,2,0,1,3
PRDX5,1,1,1,4,1
PRELID1,3,1,1,2,3
PRELID3A,2,4,4,2,4
PRELID3B,2,3,0,3,4
PRELP,2,4,3,1,3
PREPL,2,0,3,1,1
PREX1,1,4,1,0,0
PREX2,3,4,4,2,3
PRF1,0,4,1,4,4
PRG4,3,1,1,2,0
PRICKLE1,0,3,4,0,4
PRICKLE2,3,1,4,3,1
PRICKLE3,2,2,4,1,3
PRIM1,0,2,3,1,2
PRIMA1,4,0,3,2,1
PRIMPOL,0,3,3,1,0
PRKAA1,4,2,3,3,0
PRKAA2,0,3,3,4,3
PRKAB1,2,1,3,1,3
PRKAB2,2,3,3,0,4
PRKACA,1,0,3,4,4
PRKACB,3,3,2,3,2
PRKAR1A,1,4,2,0,3
PRKAR1B,1,1,2,4,0
PRKAR2A,3,4,0,2,0
PRKAR2B,3,0,2,1,3
PRKCA,3,3,1,1,4
PRKCB,1,1,1,3,3
PRKCD,0,1,3,0,0
PRKCE,4,2,1,0,2
PRKCH,2,3,2,0,0
PRKCI,2,0,2,0,4
PRKCQ,0,3,4,3,1
PRKCZ,0,1,4,2,0
PRKD1,0,2,1,0,0
PRKD2,0,1,2,3,4
PRKD3,3,0,3,3,4
PRKDC,1,2,3,4,1
PRKG1,3,1,2,0,1
PRKG2,1,2,2,3,3
PRKRA,0,2,3,1,2
PRKX,0,3,0,1,1
PRKY,3,2,1,4,0
PRLR,3,3,4,0,0
PRMT2,2,3,3,0,4
PRMT5,2,0,0,2,3
PRMT6,4,1,1,3,4
PRMT8,4,4,3,2,2
PRND,2,4,2,4,1
PRNP,0,1,3,1,0
PROB1,0,0,1,1,1
PROCA1,0,1,2,1,2
PROCR,3,3,0,4,3
PRODH,0,0,3,4,4
PROK2,3,4,1,4,1
PROM1,1,2,3,2,2
PROM2,3,4,3,4,4
PROS1,3,4,0,3,2
PROSER1,0,0,3,4,2
PROSER2,4,1,3,3,4
PROSER3,0,4,0,1,4
PROX1,3,2,2,0,3
PRPF18,2,0,2,1,3
PRPF19,2,2,4,1,3
PRPF3,0,0,2,1,1
PRPF38A,4,0,4,1,1
PRPF38B,1,2,4,3,2
PRPF39,4,1,2,4,2
PRPF40A,3,4,1,4,4
PRPF40B,0,1,0,4,4
PRPF4B,0,3,3,1,0
PRPF6,1,0,3,2,0
PRPF8,2,1,4,0,4
PRPH2,0,3,2,4,4
PRPS1,3,1,0,4,2
PRPSAP1,3,3,1,1,0
PRPSAP2,0,4,4,1,4
PRR11,4,3,1,2,1
PRR12,0,1,2,2,3
PRR14,3,1,2,2,4
PRR14L,2,4,0,4,4
PRR15,0,2,3,2,3
PRR15L,3,1,4,2,3
PRR16,1,0,1,3,1
PRR18,3,0,3,1,0
PRR22,2,2,1,4,4
PRR29,0,3,1,1,4
PRR3,2,0,1,2,1
PRR33,2,4,2,1,4
PRR36,2,3,0,3,3
PRR4,0,3,3,4,0
PRR5L,1,0,1,4,0
PRR7,4,4,4,3,4
PRRC1,4,0,1,1,1
PRRC2A,2,0,2,4,3
PRRC2B,0,3,2,0,4
PRRC2C,2,1,4,1,2
PRRG1,2,4,1,4,0
PRRG4,0,0,3,2,2
PRRT1B,4,0,0,2,1
PRRT2,0,3,2,1,4
PRRT3,3,1,0,3,4
PRRX1,0,3,3,3,0
PRRX2,4,2,1,2,3
PRSS12,2,2,2,1,4
PRSS16,0,0,0,3,2
PRSS2,3,4,1,2,0
PRSS21,0,2,4,0,4
PRSS22,3,1,4,3,1
PRSS23,3,4,2,2,2
PRSS35,4,3,3,4,0
PRSS36,4,0,0,1,4
PRSS8,2,1,0,3,4
PRTFDC1,0,4,2,4,4
PRTG,1,4,2,3,3
PRUNE2,3,0,4,4,4
PRX,2,2,0,0,1
PRXL2A,4,3,0,4,4
PRXL2B,1,3,1,4,3
PRXL2C,3,1,3,2,1
PSAP,3,3,2,4,2
PSAT1,3,2,3,3,3
PSCA,1,0,1,1,3
PSD,0,1,3,3,3
PSD3,0,1,3,2,4
PSD4,3,0,3,2,1
PSENEN,3,0,1,0,0
PSIP1,4,4,1,4,4
PSKH1,3,3,0,4,1
PSMA1,0,2,3,4,0
PSMA6,4,1,1,1,2
PSMA7,0,3,4,1,0
PSMB10,0,4,4,2,0
PSMB3,0,4,3,0,4
PSMB5,0,0,4,4,4
PSMB8,0,1,1,3,4
PSMB9,0,2,4,2,1
PSMC1,0,2,2,3,2
PSMC3IP,1,1,3,0,1
PSMC6,0,4,1,4,0
PSMD10,4,2,2,2,3
PSMD12,0,4,2,1,3
PSME1,1,4,2,1,3
PSME4,1,3,4,0,0
PSMG1,4,2,1,2,3
PSMG3,3,2,2,0,2
PSORS1C1,0,1,0,2,1
PSORS1C2,2,3,3,3,4
PSPH,1,0,1,1,1
PSRC1,2,2,0,1,4
PSTK,4,0,1,1,1
PSTPIP1,3,4,2,0,3
PSTPIP2,0,4,1,0,3
PTAFR,0,4,3,4,2
PTAR1,3,3,1,2,4
PTBP1,4,2,2,4,1
PTBP2,2,0,2,2,0
PTBP3,4,3,3,4,1
PTCD3,4,0,3,4,4
PTCH1,1,4,1,0,0
PTCHD4,1,0,2,3,1
PTCRA,2,2,2,0,0
PTEN,2,3,2,3,0
PTER,0,0,4,2,2
PTGDR,2,2,1,2,2
PTGDS,4,2,1,1,1
PTGER1,3,4,2,2,1
PTGER2,3,3,2,3,2
PTGER3,2,0,1,2,4
PTGER4,0,1,1,0,3
PTGES,1,4,2,0,2
PTGES3,2,1,1,4,4
PTGFR,0,2,3,1,2
PTGFRN,1,1,1,1,2
PTGIR,4,4,1,1,0
PTGIS,3,1,1,0,1
PTGR1,0,2,3,3,3
PTGS1,1,4,2,3,0
PTGS2,4,0,4,4,4
PTH1R,3,2,3,3,4
PTHLH,3,0,1,2,4
PTK2,4,1,4,2,4
PTK2B,1,3,0,4,0
PTK6,1,0,3,1,4
PTK7,3,4,4,1,1
PTMA,4,4,4,0,1
PTMS,0,4,4,1,1
PTN,3,0,3,2,4
PTP4A3,4,1,4,4,2
PTPDC1,4,4,0,1,2
PTPN1,0,4,1,0,4
PTPN11,4,3,2,0,2
PTPN12,2,4,1,0,1
PTPN13,2,0,2,4,3
PTPN14,2,0,2,2,2
PTPN20,1,2,1,1,4
PTPN21,1,1,0,2,4
PTPN22,2,4,4,3,1
PTPN3,3,3,3,3,0
PTPN4,2,0,2,2,2
PTPN6,4,1,3,3,2
PTPN7,0,2,0,1,1
PTPRA,1,4,3,2,2
PTPRB,2,3,1,3,4
PTPRC,3,0,0,1,3
PTPRD,4,1,3,1,1
PTPRE,0,1,4,3,0
PTPRF,4,2,3,0,1
PTPRG,4,0,3,4,2
PTPRJ,4,0,1,2,0
PTPRK,3,3,1,3,3
PTPRM,4,1,1,1,3
PTPRN2,3,3,1,4,1
PTPRO,3,3,4,4,0
PTPRR,1,0,0,4,0
PTPRS,3,2,0,1,3
PTPRT,3,0,0,3,0
PTPRU,0,1,0,3,2
PTPRZ1,3,1,0,4,2
PTRH2,2,4,2,3,4
PTRHD1,4,1,3,3,4
PTS,4,1,0,4,0
PTTG1,2,3,2,3,1
PTTG1IP,2,0,1,2,3
PTX3,3,0,4,3,0
PUDP,2,0,0,0,2
PUF60,0,3,4,1,1
PUM1,3,0,2,0,3
PUM2,1,4,0,4,0
PUM3,4,1,0,1,4
PURA,3,2,4,2,4
PURB,3,2,2,3,2
PUS1,3,4,2,4,0
PUS10,2,3,4,3,2
PUS7,0,2,3,4,2
PUS7L,4,1,0,2,3
PUSL1,3,3,2,1,3
PVALB,4,0,4,4,2
PVR,4,3,1,2,3
PWP2,2,2,4,2,3
PWWP2A,3,1,1,1,3
PWWP2B,3,1,4,4,4
PWWP3A,0,4,4,4,1
PWWP3B,0,2,3,2,0
PXDC1,4,2,1,3,1
PXDN,4,4,0,1,2
PXDNL,3,2,1,1,4
PXK,0,1,3,2,0
PXMP2,2,1,0,1,3
PXMP4,0,2,0,1,4
PXN,2,0,0,0,0
PYCARD,3,3,1,2,1
PYCR1,3,3,3,3,1
PYCR3,4,4,2,0,4
PYGB,4,2,2,1,3
PYGL,3,0,1,2,0
PYGO1,1,1,2,0,3
PYGO2,1,1,3,3,4
PYHIN1,3,0,4,2,0
PYROXD1,3,2,1,1,4
PYROXD2,2,2,1,4,1
PZP,0,4,4,0,3
QDPR,0,1,0,4,4
QKI,2,2,0,1,2
QPCT,3,1,2,1,4
QPCTL,0,1,0,2,3
QPRT,0,0,2,0,0
QRFP,0,4,4,3,0
QSER1,3,2,3,4,0
QSOX1,0,1,1,1,2
QSOX2,4,3,0,0,1
QTRT1,4,0,3,2,3
QTRT2,0,1,3,4,4
R3HCC1,1,2,1,3,3
R3HCC1L,2,2,4,3,2
R3HDM1,0,3,0,0,0
R3HDM2,3,3,4,3,1
R3HDM4,1,4,0,4,1
RAB10,1,4,2,0,4
RAB11A,0,2,0,4,2
RAB11B,2,2,2,1,1
RAB11FIP1,1,2,4,3,4
RAB11FIP2,0,4,2,1,1
RAB11FIP3,3,1,0,0,0
RAB11FIP4,0,3,3,4,4
RAB11FIP5,2,2,0,3,2
RAB12,3,4,3,4,0
RAB13,3,0,0,4,4
RAB14,4,4,3,2,3
RAB15,2,2,1,2,1
RAB17,0,1,2,2,2
RAB19,2,0,1,0,2
RAB20,3,1,0,2,0
RAB21,4,2,4,0,0
RAB22A,2,3,0,1,2
RAB23,4,0,2,3,0
RAB25,2,0,2,3,3
RAB27A,0,3,0,3,3
RAB27B,3,3,2,4,0
RAB28,1,1,3,2,3
RAB29,2,3,3,3,1
RAB30,4,1,4,2,3
RAB31,2,0,1,2,0
RAB32,3,2,1,3,4
RAB33A,1,2,1,0,4
RAB33B,2,3,3,1,4
RAB34,4,2,3,4,1
RAB35,0,0,0,1,2
RAB36,3,0,4,4,4
RAB37,4,1,3,1,1
RAB38,3,3,3,3,3
RAB39A,4,4,3,0,0
RAB39B,1,2,3,0,2
RAB3A,0,4,2,0,4
RAB3D,3,0,4,0,2
RAB3GAP1,2,3,3,3,2
RAB3GAP2,4,4,2,1,1
RAB3IL1,1,3,1,4,4
RAB3IP,0,0,4,4,3
RAB40B,3,3,3,4,3
RAB40C,2,4,4,0,2
RAB41,3,2,3,0,1
RAB42,0,1,4,1,3
RAB4A,2,4,4,1,3
RAB5B,4,4,1,0,2
RAB5IF,0,3,1,2,2
RAB6A,2,4,3,3,2
RAB6B,3,3,0,4,3
RAB7B,3,1,4,2,2
RAB8B,4,0,0,2,0
RAB9A,2,3,0,3,4
RAB9B,2,0,0,3,2
RABAC1,3,2,2,1,0
RABEP1,0,0,1,3,1
RABEP2,0,2,2,4,1
RABGAP1,4,3,3,1,0
RABGAP1L,4,2,2,0,1
RABGGTB,2,1,2,0,1
RABIF,1,0,0,2,1
RABL2A,3,1,3,3,3
RABL2B,1,4,0,1,1
RABL3,0,3,4,3,1
RABL6,3,4,3,1,0
RAC2,0,4,4,1,0
RAC3,1,4,4,2,0
RACGAP1,0,2,0,0,0
RACK1,0,1,2,3,3
RAD17,4,0,2,1,0
RAD18,4,4,3,3,0
RAD21,3,3,0,4,3
RAD51,3,2,2,2,2
RAD51AP1,3,3,0,3,0
RAD51D,1,0,3,2,4
RAD52,2,3,3,4,0
RAD54L2,3,0,3,2,2
RAD9A,1,1,4,1,2
RADIL,3,3,3,2,3
RADX,4,0,1,2,1
RAET1G,0,4,3,1,2
RAF1,3,0,4,3,2
RAG1,3,1,4,3,3
RAI1,4,1,0,3,1
RAI14,1,3,3,4,0
RAI2,3,0,2,3,2
RALA,0,3,3,2,1
RALB,2,0,2,0,1
RALBP1,1,1,0,4,1
RALGAPA1,1,2,0,0,3
RALGAPA2,2,4,0,0,0
RALGAPB,4,2,2,0,4
RALGDS,2,0,2,0,0
RALGPS1,0,1,2,2,4
RALGPS2,3,1,1,3,4
RAMP1,1,1,1,4,2
RAMP2,3,4,2,0,1
RAMP3,4,1,0,0,2
RAN,1,4,0,3,3
RANBP10,0,0,4,0,3
RANBP17,0,3,3,4,0
RANBP2,4,1,1,1,4
RANBP3L,4,1,1,0,1
RANBP6,2,3,1,1,1
RANBP9,0,2,2,1,4
RANGAP1,4,1,3,2,2
RAP1A,1,2,3,0,1
RAP1B,3,2,0,2,0
RAP1GAP,4,3,4,3,0
RAP1GAP2,3,2,0,4,0
RAP2A,1,3,4,4,1
RAP2B,2,2,4,2,2
RAPGEF1,4,4,0,1,2
RAPGEF2,4,2,2,4,2
RAPGEF3,3,0,4,0,4
RAPGEF4,4,0,2,0,3
RAPGEF5,1,0,2,0,3
RAPGEF6,1,1,3,0,3
RAPGEFL1,1,0,3,0,4
RAPH1,2,0,4,3,0
RARA,2,0,0,0,0
RARB,4,3,4,4,0
RARG,1,1,3,3,0
RARRES1,3,4,0,3,4
RARRES2,2,2,4,3,4
RASA1,3,0,2,3,3
RASA2,0,0,4,4,4
RASA3,2,3,4,4,1
RASAL2,0,0,2,0,4
RASAL3,1,4,1,2,4
RASD1,4,0,4,2,1
RASD2,4,1,4,1,4
RASEF,0,4,1,1,2
RASGEF1A,4,0,4,3,0
RASGEF1B,1,0,1,3,0
RASGRF1,1,1,1,3,0
RASGRF2,3,4,1,2,2
RASGRP1,2,2,3,3,0
RASGRP2,0,3,3,1,0
RASGRP3,0,0,1,4,0
RASGRP4,1,1,0,3,4
RASIP1,4,1,0,4,0
RASL10B,3,1,1,3,4
RASL11A,4,0,0,1,2
RASL12,2,4,2,0,2
RASSF10,4,4,1,3,4
RASSF2,4,0,0,3,0
RASSF3,2,4,0,3,2
RASSF4,0,0,3,2,0
RASSF5,1,0,4,0,3
RASSF6,2,0,3,3,3
RASSF7,2,0,3,1,0
RASSF8,2,3,1,3,2
RASSF9,1,2,0,0,1
RAVER1,3,0,2,3,4
RAVER2,0,0,1,3,4
RB1,1,2,1,1,1
RB1CC1,1,0,4,2,1
RBAK,0,0,3,2,3
RBBP5,1,0,2,1,4
RBBP6,3,0,3,3,3
RBBP8,3,1,0,0,3
RBBP8NL,1,4,0,3,4
RBBP9,4,4,1,3,2
RBFA,0,4,0,4,3
RBFOX2,3,3,2,1,4
RBIS,1,1,1,4,0
RBKS,0,2,4,0,3
RBL1,0,2,4,4,3
RBL2,4,0,4,4,0
RBM10,3,4,1,3,0
RBM11,0,4,3,3,1
RBM12,4,0,0,3,1
RBM12B,4,0,1,1,4
RBM15,3,2,1,4,4
RBM15B,3,4,4,2,3
RBM17,2,0,4,4,3
RBM18,0,1,2,1,3
RBM19,0,0,1,3,4
RBM24,1,0,2,0,3
RBM25,3,4,4,4,1
RBM26,3,2,0,1,2
RBM27,1,2,4,1,1
RBM28,3,4,0,3,0
RBM3,2,2,2,1,1
RBM33,0,2,3,3,1
RBM38,0,3,0,0,3
RBM39,0,0,3,4,4
RBM41,2,4,4,0,2
RBM42,0,1,1,3,0
RBM43,3,0,4,0,0
RBM47,0,2,0,1,0
RBM5,2,2,1,1,2
RBM6,0,0,4,4,4
RBM7,1,0,4,3,3
RBM8A,1,3,0,2,1
RBMS1,3,4,4,4,0
RBMS2,3,2,4,0,1
RBMS3,1,1,2,4,3
RBMX2,0,2,3,2,1
RBMXL1,4,4,1,4,4
RBP1,4,1,0,4,1
RBP2,4,2,4,3,3
RBP4,0,2,4,1,4
RBP5,2,0,0,4,1
RBP7,1,0,0,1,2
RBPJ,4,3,4,3,3
RBPMS,4,1,3,0,0
RBPMS2,2,1,1,3,3
RBSN,3,4,2,2,3
RC3H1,4,4,4,1,2
RC3H2,1,2,0,0,4
RCAN1,0,1,4,2,3
RCAN2,0,3,0,2,2
RCAN3,1,4,3,2,2
RCBTB1,2,2,3,2,2
RCBTB2,3,3,1,0,4
RCC2,3,2,4,4,3
RCHY1,2,3,0,2,3
RCL1,4,2,2,2,1
RCN1,4,3,4,3,2
RCN3,3,4,1,4,2
RCOR1,3,2,1,1,0
RCOR2,4,4,4,3,1
RCOR3,2,4,4,1,4
RCSD1,4,0,0,2,3
RDH10,3,4,2,0,3
RDH11,1,2,0,4,0
RDH13,1,0,1,4,1
RDH14,4,3,3,0,4
RDX,2,3,0,3,3
REC8,1,2,0,0,4
RECK,4,1,2,2,1
RECQL,2,3,0,3,3
RECQL4,0,3,1,1,0
RECQL5,2,4,1,3,1
REEP1,1,1,4,0,1
REEP2,2,2,3,1,2
REEP3,4,1,0,0,2
REEP4,4,2,3,4,2
REEP6,0,1,4,3,0
REL,0,4,0,1,1
RELA,0,1,3,2,0
RELB,0,1,0,0,1
RELCH,1,3,3,3,4
RELL1,4,1,2,4,2
RELL2,1,2,1,3,3
RELN,2,3,0,3,2
RELT,3,2,3,4,2
REM1,4,4,3,4,1
REM2,3,2,2,3,3
REN,4,4,3,1,1
RENBP,4,0,0,1,4
REPIN1,1,0,1,2,0
REPS1,1,1,4,0,3
REPS2,4,4,3,0,4
RERE,4,3,0,3,4
RERG,3,0,0,4,4
RERGL,2,2,4,0,1
RESF1,2,3,1,2,4
REST,4,2,1,0,3
RET,1,3,4,3,4
RETN,3,0,4,3,0
RETREG1,4,1,0,4,0
RETREG3,1,3,4,4,4
RETSAT,1,2,0,3,1
REV1,1,2,4,3,0
REV3L,1,0,4,1,0
REX1BD,3,3,2,0,0
REXO1,4,2,2,0,1
REXO2,1,1,4,3,3
REXO4,3,4,1,1,1
REXO5,3,2,2,0,0
RFC1,2,2,2,4,2
RFC3,1,4,1,1,2
RFC4,3,2,3,4,1
RFC5,4,2,4,0,1
RFFL,4,2,1,3,1
RFK,3,1,4,1,0
RFLNA,0,4,3,1,4
RFLNB,3,0,0,4,3
RFNG,4,2,3,2,2
RFTN1,0,4,2,2,3
RFTN2,2,2,2,1,4
RFWD3,4,3,2,2,3
RFX1,4,0,3,3,1
RFX2,4,2,0,4,3
RFX3,2,2,0,4,2
RFX5,3,4,2,4,1
RFX7,4,0,3,2,0
RFXAP,3,4,3,3,0
RGCC,0,1,4,3,2
RGL1,2,3,0,4,4
RGL2,1,1,2,2,0
RGL3,3,4,3,0,1
RGMA,1,0,2,4,4
RGMB,4,1,2,1,2
RGN,2,4,3,1,2
RGP1,2,4,1,2,2
RGS1,1,2,3,1,0
RGS10,4,4,0,2,3
RGS11,4,1,1,3,2
RGS12,0,1,1,4,2
RGS13,0,1,0,2,1
RGS14,1,4,3,2,4
RGS16,3,0,0,4,1
RGS18,2,2,4,1,1
RGS19,3,4,4,3,1
RGS2,0,2,4,2,2
RGS22,3,4,1,4,1
RGS3,0,3,3,4,1
RGS4,2,2,2,3,2
RGS5,3,2,0,2,0
RGS7BP,0,4,3,2,4
RGS9,2,2,0,2,0
RHBDD1,1,3,4,1,1
RHBDD2,3,0,1,4,4
RHBDD3,2,1,0,4,2
RHBDF1,0,0,0,1,0
RHBDF2,3,1,2,4,1
RHBDL1,3,0,1,1,2
RHBDL2,1,1,1,1,4
RHCE,3,4,2,4,3
RHD,2,4,3,3,0
RHEBL1,0,3,4,3,0
RHEX,4,0,2,1,1
RHOB,4,3,3,4,1
RHOBTB1,4,3,2,4,4
RHOBTB2,3,1,3,1,4
RHOBTB3,0,3,4,0,4
RHOC,4,3,3,1,3
RHOD,2,3,3,2,1
RHOF,3,2,1,2,1
RHOG,3,2,3,2,4
RHOH,1,3,0,2,0
RHOJ,3,4,3,3,3
RHOT2,4,3,4,0,4
RHOU,3,4,1,4,2
RHOV,0,2,0,2,0
RHPN1,3,2,3,2,2
RHPN2,0,0,2,2,1
RIBC1,3,3,3,3,3
RIBC2,0,3,3,3,1
RIC1,0,0,0,2,1
RIC3,3,3,1,3,4
RIC8B,1,1,3,4,0
RICTOR,4,2,3,4,3
RIDA,3,1,1,4,3
RIF1,0,2,2,1,3
RIIAD1,0,2,3,4,0
RILP,3,1,1,0,2
RILPL1,3,1,4,1,1
RIMKLA,0,0,3,1,4
RIMKLB,4,1,4,0,3
RIMS3,1,2,4,3,2
RIMS4,2,3,3,4,0
RIN1,3,3,1,1,3
RIN2,3,4,4,2,3
RIN3,0,3,1,1,4
RINL,2,0,2,2,1
RINT1,0,2,2,3,4
RIOK1,4,0,3,4,0
RIPK2,3,0,0,4,4
RIPK3,4,3,1,0,4
RIPK4,2,4,1,3,3
RIPOR1,4,2,2,3,2
RIPOR2,3,3,3,0,1
RIPOR3,4,1,2,1,4
RIPPLY3,3,4,3,0,0
RIT1,3,4,1,3,4
RITA1,2,2,2,3,4
RLF,2,3,3,2,4
RLIM,0,1,0,2,3
RLN2,4,4,3,0,3
RMC1,0,4,1,3,0
RMDN1,3,3,4,0,3
RMDN2,0,0,2,2,4
RMDN3,0,1,4,2,3
RMI1,0,0,4,0,0
RMI2,0,0,3,1,3
RMND1,4,1,0,3,2
RMND5A,1,0,0,3,2
RNASE1,4,3,0,3,0
RNASE2,0,0,4,3,3
RNASE4,4,3,3,3,1
RNASE6,4,3,0,2,2
RNASEH1,3,1,2,2,2
RNASEH2C,4,0,3,3,4
RNASEK,3,3,1,2,2
RNASEL,0,1,0,4,1
RNASET2,1,3,2,3,4
RND1,1,2,1,4,4
RND2,2,3,2,0,2
RND3,0,4,0,3,4
RNF103,2,2,0,4,0
RNF11,0,1,3,2,2
RNF111,4,2,3,2,2
RNF113A,0,4,2,0,4
RNF115,4,1,0,0,2
RNF122,1,1,2,0,3
RNF125,0,1,2,0,4
RNF126,0,4,0,0,1
RNF128,4,0,0,1,4
RNF13,3,1,1,1,1
RNF135,2,0,0,1,0
RNF138,1,2,3,0,4
RNF139,2,2,4,3,4
RNF14,0,3,0,3,3
RNF141,2,3,1,4,3
RNF144A,1,4,4,1,4
RNF144B,0,3,3,4,4
RNF145,2,0,4,3,4
RNF146,4,3,4,4,0
RNF148,3,1,3,4,2
RNF149,1,2,2,4,2
RNF150,4,1,2,3,3
RNF152,1,4,4,0,2
RNF165,1,2,4,1,2
RNF166,4,1,1,0,3
RNF168,3,2,0,1,3
RNF169,2,4,4,0,1
RNF170,2,1,1,0,4
RNF175,0,3,4,2,0
RNF180,0,4,0,3,4
RNF182,0,4,2,2,0
RNF187,3,1,4,0,3
RNF19A,3,1,3,1,0
RNF19B,3,2,4,4,0
RNF2,0,2,1,3,0
RNF20,0,1,2,4,2
RNF207,4,1,1,2,3
RNF208,2,2,0,4,0
RNF212,2,4,1,1,1
RNF213,0,1,2,3,3
RNF214,0,2,0,1,4
RNF215,0,3,1,1,2
RNF216,0,4,4,2,1
RNF217,2,4,1,2,4
RNF223,3,4,2,4,0
RNF26,4,2,3,1,0
RNF38,3,3,3,2,2
RNF39,3,2,2,1,1
RNF4,1,4,0,3,4
RNF40,4,4,3,4,2
RNF41,0,4,2,0,2
RNF43,0,1,3,4,3
RNF44,3,3,4,3,4
RNF5,4,2,1,4,3
RNF7,0,4,4,0,4
RNFT1,1,0,1,2,3
RNH1,1,1,1,3,4
RNLS,1,2,2,1,4
RNMT,4,1,4,3,3
RNPC3,2,3,1,1,1
RNPEP,0,3,4,3,1
RNPEPL1,2,4,0,3,1
RO60,4,2,2,3,0
ROBO1,3,1,1,0,2
ROBO2,0,1,1,2,0
ROBO3,3,1,0,4,0
ROBO4,2,4,2,2,2
ROCK1,4,1,4,3,0
ROCK2,4,1,3,1,4
ROGDI,4,0,0,4,0
ROM1,2,0,1,0,1
ROMO1,3,1,2,4,4
ROPN1B,4,3,1,3,0
ROPN1L,0,1,2,1,3
ROR1,3,3,3,1,2
ROR2,1,1,0,4,1
RORA,1,1,3,0,2
RORB,4,2,0,1,2
RORC,4,0,1,2,0
ROS1,3,1,2,2,1
RP1,1,0,0,3,2
RP2,2,1,1,4,0
RP9,4,1,0,1,4
RPA1,3,2,1,3,1
RPA2,0,3,3,1,3
RPA3,2,1,1,1,3
RPAIN,4,1,0,1,3
RPAP1,3,4,4,3,0
RPAP2,0,3,1,2,4
RPAP3,3,2,0,4,0
RPE,0,0,0,2,4
RPF2,1,1,3,2,1
RPGR,1,3,3,0,4
RPGRIP1L,1,4,4,1,3
RPH3AL,1,4,3,2,4
RPIA,4,0,4,3,2
RPL10,2,3,1,4,0
RPL10A,0,1,3,4,0
RPL12,1,2,0,2,3
RPL13,2,2,4,4,4
RPL13A,1,2,0,4,3
RPL14,3,1,1,0,3
RPL15,1,3,4,1,1
RPL17,1,0,4,0,0
RPL18,4,0,0,3,4
RPL18A,3,1,3,3,3
RPL19,4,3,0,1,3
RPL21,4,0,2,2,0
RPL22,2,4,4,2,2
RPL22L1,2,3,1,2,1
RPL23,0,4,4,3,0
RPL23A,4,4,2,0,1
RPL24,0,4,4,2,3
RPL26,0,0,2,3,0
RPL27,2,4,1,1,1
RPL27A,0,1,4,4,1
RPL28,1,3,1,2,4
RPL29,4,4,0,1,3
RPL3,3,3,4,1,1
RPL30,1,4,4,2,3
RPL31,3,3,2,4,3
RPL32,0,2,1,3,3
RPL34,1,2,0,1,1
RPL35,4,4,4,4,3
RPL35A,3,1,2,1,1
RPL36,4,4,0,1,4
RPL36A,0,0,4,0,3
RPL36AL,4,2,4,2,3
RPL37,0,0,1,0,2
RPL37A,1,2,2,4,4
RPL38,0,0,1,3,4
RPL39,1,1,0,4,0
RPL39L,2,4,3,2,0
RPL4,4,3,1,3,2
RPL41,3,4,4,2,3
RPL5,4,2,3,4,4
RPL6,4,0,1,4,2
RPL7,4,0,1,2,1
RPL7A,2,4,1,3,2
RPL7L1,4,1,4,2,0
RPL8,3,4,2,4,3
RPL9,0,0,2,3,3
RPLP0,1,3,1,0,4
RPLP1,2,1,4,3,3
RPLP2,2,1,0,1,1
RPP21,1,3,0,4,1
RPP25,2,2,4,4,3
RPP25L,3,1,3,2,4
RPP38,3,4,1,2,4
RPP40,2,4,0,3,0
RPRD1A,0,3,1,2,3
RPRD1B,4,4,1,0,3
RPRD2,0,2,3,1,4
RPRM,2,4,2,2,0
RPS10,1,0,1,1,2
RPS11,1,0,4,4,1
RPS12,3,3,1,1,1
RPS13,2,4,3,4,4
RPS14,0,1,0,4,3
RPS15,2,1,2,0,1
RPS15A,2,0,4,3,3
RPS16,0,3,3,2,0
RPS17,2,4,4,1,4
RPS18,1,4,1,1,2
RPS19,1,0,1,3,0
RPS19BP1,0,1,3,1,4
RPS2,4,1,2,3,0
RPS20,3,3,3,3,1
RPS21,0,0,2,4,2
RPS23,1,1,2,2,0
RPS24,3,4,3,2,2
RPS25,3,3,1,4,1
RPS26,2,3,3,3,3
RPS27,3,0,4,3,3
RPS27A,0,2,4,0,3
RPS27AP5,4,1,2,1,2
RPS27L,2,2,1,0,0
RPS28,4,0,3,3,2
RPS29,3,1,2,3,0
RPS3,0,1,4,1,4
RPS3A,1,0,1,3,1
RPS4X,0,1,2,2,3
RPS4Y1,4,4,4,0,0
RPS5,4,4,3,0,4
RPS6,2,3,1,0,0
RPS6KA2,0,0,1,2,0
RPS6KA3,2,0,4,3,1
RPS6KA4,3,1,0,0,4
RPS6KA5,4,4,1,2,3
RPS6KA6,0,0,4,2,4
RPS6KB1,0,3,4,4,3
RPS6KC1,1,0,1,2,2
RPS6KL1,1,4,0,0,4
RPS7,4,1,3,1,1
RPS8,0,1,1,2,0
RPS9,0,1,4,2,4
RPSA,1,3,2,4,1
RPTOR,0,1,3,1,3
RPUSD1,4,3,0,0,3
RPUSD2,2,3,4,1,1
RRAD,0,1,0,2,2
RRAGB,2,0,3,0,3
RRAGD,3,4,3,2,0
RRAS,3,2,1,2,1
RRAS2,3,3,4,2,0
RRBP1,2,0,0,2,1
RREB1,0,2,3,0,0
RRM1,1,3,3,0,3
RRM2,0,2,4,2,3
RRM2B,3,1,2,1,2
RRN3,0,3,1,4,2
RRP1,2,1,0,3,1
RRP12,0,4,3,1,4
RRP15,3,1,2,2,4
RRP1B,3,1,1,4,1
RRP7A,4,1,4,1,3
RRP9,0,3,3,2,2
RRS1,3,3,4,0,2
RSAD2,4,4,0,4,0
RSBN1,3,2,2,0,1
RSBN1L,1,1,1,3,0
RSF1,0,2,0,4,3
RSKR,0,3,1,4,3
RSL24D1,2,3,2,1,0
RSPH1,2,0,2,2,1
RSPH14,0,1,0,0,2
RSPH3,4,2,1,4,0
RSPH4A,1,3,1,1,4
RSPH9,2,4,2,3,3
RSPO1,3,1,1,4,4
RSPO2,2,2,0,0,1
RSPO3,1,2,4,0,4
RSPO4,1,1,1,3,3
RSRC1,3,1,2,1,4
RSRC2,0,3,3,2,3
RSRP1,1,2,3,4,1
RTF1,4,3,2,4,1
RTKN,3,0,0,1,1
RTKN2,1,3,0,0,3
RTL10,4,0,2,3,3
RTL5,4,0,4,1,3
RTL6,3,1,0,2,1
RTL8A,3,1,4,3,3
RTL8B,4,2,1,3,1
RTL8C,4,3,3,0,0
RTN1,1,3,2,1,4
RTN2,2,0,1,1,4
RTN4R,3,3,2,0,4
RTN4RL1,2,3,2,3,2
RTN4RL2,4,0,3,4,0
RTP4,3,0,1,2,3
RTTN,4,1,3,0,3
RUBCN,3,1,3,0,3
RUBCNL,3,3,0,4,1
RUFY1,0,4,2,0,1
RUFY2,3,3,0,2,4
RUFY3,2,3,3,1,1
RUNDC3B,1,3,3,3,2
RUNX1,1,2,0,1,2
RUNX1T1,3,0,1,4,4
RUNX2,4,4,4,0,3
RUNX3,3,4,2,2,3
RUSC1,0,2,4,4,0
RUSC2,2,0,1,3,0
RUSF1,4,0,3,0,2
RUVBL1,1,2,4,1,0
RUVBL2,0,0,3,0,0
RWDD2A,3,1,1,1,1
RWDD2B,1,3,2,4,2
RWDD3,1,1,0,0,1
RXFP1,1,4,4,4,3
RXRA,0,4,3,4,0
RXRB,4,3,4,4,2
RXRG,3,4,4,0,0
RYK,3,4,1,3,2
RYR1,2,4,4,1,2
RYR2,2,2,4,4,1
S100A10,4,0,0,3,3
S100A11,3,0,3,0,1
S100A12,4,2,4,3,0
S100A13,1,2,2,2,0
S100A14,2,3,0,0,2
S100A16,0,2,1,2,1
S100A2,2,2,2,0,2
S100A3,3,3,0,4,1
S100A4,4,4,4,3,4
S100A5,1,3,4,3,2
S100A6,2,4,0,0,4
S100A8,0,4,3,1,3
S100A9,0,2,3,2,1
S100B,4,4,1,1,2
S100P,4,1,1,0,2
S100PBP,4,4,2,3,3
S1PR1,2,0,3,4,0
S1PR2,2,2,1,3,4
S1PR3,2,3,3,1,1
S1PR4,3,0,1,3,1
S1PR5,2,1,4,4,3
SAA1,0,1,0,1,1
SAA2,0,3,2,3,1
SAC3D1,3,2,1,0,2
SACM1L,0,2,4,3,3
SACS,0,0,4,3,1
SALL2,1,4,3,2,1
SAMD1,2,3,1,4,4
SAMD10,2,2,4,2,3
SAMD11,0,3,4,2,2
SAMD12,2,2,2,4,1
SAMD13,1,4,4,2,1
SAMD14,3,0,2,2,1
SAMD15,3,2,0,4,1
SAMD3,2,3,3,1,4
SAMD4A,1,1,3,3,0
SAMD4B,3,3,2,0,1
SAMD5,3,3,2,0,1
SAMD8,3,0,2,1,1
SAMD9,1,3,3,0,2
SAMD9L,3,2,2,3,4
SAMHD1,3,4,2,2,2
SAMSN1,1,1,1,2,0
SAP130,0,3,1,2,1
SAP30,3,0,3,1,2
SAP30L,3,4,1,3,3
SAPCD2,0,0,1,1,2
SARDH,4,1,3,2,1
SARM1,3,4,2,0,1
SART1,0,3,4,2,1
SART3,2,3,2,4,3
SASH1,4,4,2,0,3
SASH3,2,1,3,0,0
SASS6,3,2,4,1,3
SAT1,2,4,4,3,3
SAT2,4,1,4,3,4
SATB1,1,0,3,4,4
SAV1,3,2,2,3,3
SAXO2,1,2,0,3,3
SBDS,2,0,1,3,0
SBF1,2,2,4,2,1
SBF2,3,3,2,1,2
SBK1,0,1,3,0,0
SBNO1,1,3,2,3,4
SBNO2,0,2,1,1,2
SBSPON,4,4,3,4,0
SC5D,0,1,0,3,0
SCAF1,4,1,1,4,2
SCAF11,4,1,0,4,4
SCAF4,3,4,2,2,2
SCAF8,1,2,3,1,1
SCAI,0,1,2,3,4
SCAMP1,0,0,4,2,4
SCAMP4,4,2,1,3,2
SCAMP5,1,4,3,4,0
SCAND1,0,0,1,4,2
SCAP,4,2,0,4,2
SCAPER,4,3,3,1,2
SCARA3,3,1,1,2,4
SCARA5,4,0,3,4,2
SCARB1,3,1,4,3,3
SCARB2,3,3,0,4,4
SCARF1,4,3,0,4,4
SCARF2,4,3,2,0,4
SCART1,3,4,3,4,2
SCCPDH,2,3,1,0,4
SCD,4,4,1,0,0
SCD5,2,0,2,2,2
SCEL,3,0,0,0,3
SCG2,4,3,1,1,2
SCG5,4,1,2,4,0
SCGB1A1,3,1,1,3,1
SCGB2A1,4,0,2,4,0
SCGB3A1,2,3,1,0,3
SCGB3A2,4,0,1,3,4
SCIMP,2,1,0,0,4
SCIN,1,1,2,3,1
SCLT1,0,0,1,0,3
SCMH1,0,4,0,4,4
SCML1,1,1,0,4,4
SCML2,4,1,4,0,0
SCML4,4,1,4,4,2
SCN1A,3,1,2,3,3
SCN1B,3,2,4,4,1
SCN2B,2,2,1,4,2
SCN4B,4,4,0,4,3
SCN7A,1,2,2,1,4
SCN9A,4,3,3,2,2
SCNM1,1,2,4,4,3
SCNN1A,3,1,1,2,3
SCNN1B,3,0,0,0,2
SCNN1D,1,0,4,3,1
SCNN1G,3,0,4,2,3
SCO2,1,2,2,2,2
SCOC,2,2,0,2,4
SCPEP1,2,2,2,3,0
SCRIB,1,1,4,4,0
SCRN1,3,3,4,0,0
SCRN2,2,1,1,2,0
SCRN3,3,4,4,0,2
SCT,0,2,0,3,1
SCTR,0,0,1,1,0
SCUBE1,3,3,0,4,3
SCUBE2,2,2,1,2,2
SCUBE3,1,4,0,3,1
SCX,3,0,0,3,3
SCYL2,3,1,4,4,3
SCYL3,4,1,4,3,2
SDC1,2,3,3,4,2
SDC2,1,3,1,4,4
SDC3,3,1,3,0,1
SDC4,2,0,2,4,2
SDCBP,1,2,4,0,2
SDCBP2,2,2,0,0,0
SDCCAG8,2,4,2,0,1
SDE2,4,1,1,4,1
SDF2L1,4,2,2,1,2
SDHAF1,3,4,4,1,3
SDHAF3,3,4,4,4,0
SDHAF4,1,4,4,2,1
SDHD,2,1,2,0,3
SDK1,1,2,4,1,1
SDK2,2,2,0,2,4
SDR16C5,4,1,0,4,1
SDR39U1,1,3,1,3,2
SDR42E1,1,2,3,3,0
SDS,2,1,0,4,4
SDSL,3,3,3,2,0
SEC11C,1,4,0,2,2
SEC14L1,1,4,2,1,4
SEC14L2,4,3,3,2,1
SEC14L4,4,3,4,4,4
SEC14L6,2,1,4,3,1
SEC16A,3,4,1,3,3
SEC22C,4,0,3,2,3
SEC23A,1,0,1,0,3
SEC24A,1,4,1,1,3
SEC24B,2,0,1,1,0
SEC24C,0,4,4,2,3
SEC24D,4,1,2,0,4
SEC31A,4,2,3,2,3
SEC31B,2,4,4,2,1
SEC61A1,4,3,0,2,3
SEC61A2,1,4,2,4,3
SEC61B,1,1,2,4,0
SEC61G,0,0,3,2,0
SEC63,0,2,0,1,4
SECISBP2,3,3,0,2,1
SECISBP2L,4,4,4,0,1
SECTM1,3,0,1,2,0
SEH1L,3,3,3,3,2
SEL1L,3,4,0,1,2
SEL1L3,1,1,1,3,1
SELE,1,3,0,1,1
SELENBP1,3,2,4,3,3
SELENOH,0,1,3,3,3
SELENOI,1,3,2,1,3
SELENOK,2,1,0,3,1
SELENOM,0,4,3,1,4
SELENON,1,3,1,4,1
SELENOP,0,1,4,1,3
SELENOW,2,0,0,3,1
SELL,2,3,0,1,2
SELP,0,4,1,4,4
SELPLG,4,0,0,3,4
SEMA3A,1,0,3,4,3
SEMA3B,0,0,2,0,2
SEMA3C,1,1,1,3,2
SEMA3D,2,4,3,1,2
SEMA3E,4,0,4,3,3
SEMA3F,2,4,3,1,3
SEMA3G,1,0,0,0,0
SEMA4A,4,1,4,1,3
SEMA4B,4,4,4,0,3
SEMA4C,2,2,2,4,2
SEMA4D,3,2,3,0,4
SEMA4F,0,1,4,3,3
SEMA4G,0,3,4,0,4
SEMA5A,3,3,4,2,1
SEMA5B,0,2,0,1,2
SEMA6A,0,0,4,1,4
SEMA6B,2,3,3,1,3
SEMA6C,3,4,4,1,1
SEMA6D,3,1,0,0,4
SEMA7A,4,0,2,4,2
SENP1,3,0,4,2,2
SENP2,4,0,2,3,0
SENP5,2,3,2,1,2
SENP6,3,2,0,3,3
SENP7,1,2,3,3,4
SENP8,2,1,4,2,4
SEPHS1,4,4,4,1,3
SEPSECS,4,3,2,3,0
SEPTIN1,4,0,0,4,4
SEPTIN10,4,3,1,0,4
SEPTIN11,2,4,0,3,3
SEPTIN2,1,0,4,3,4
SEPTIN3,0,1,1,4,2
SEPTIN4,3,2,2,0,1
SEPTIN6,2,1,3,3,0
SEPTIN7,0,1,4,3,1
SEPTIN8,2,3,0,2,0
SEPTIN9,4,3,3,0,0
SERAC1,1,2,3,0,0
SERF2,0,4,0,2,3
SERHL2,0,2,2,2,3
SERINC1,3,4,4,1,4
SERINC2,2,3,2,0,4
SERINC3,1,4,3,3,0
SERINC5,2,1,2,2,3
SERP1,1,1,4,2,1
SERP2,3,2,1,2,4
SERPINA1,4,3,4,4,4
SERPINA3,2,4,1,3,0
SERPINA5,3,1,4,1,3
SERPINB1,0,3,0,1,1
SERPINB3,3,3,3,2,1
SERPINB5,1,0,3,4,1
SERPINB6,4,3,4,4,1
SERPINB7,3,0,0,4,2
SERPINB8,0,2,1,1,1
SERPINB9,4,0,0,2,2
SERPIND1,2,3,3,3,0
SERPINE1,2,3,1,2,1
SERPINE2,0,0,1,2,2
SERPINF1,0,0,1,0,0
SERPINF2,0,1,2,1,0
SERPING1,2,0,1,1,2
SERPINH1,0,1,2,2,3
SERPINI1,2,2,2,4,0
SERTAD1,4,4,3,0,1
SERTAD2,1,2,3,4,3
SERTAD3,3,1,2,2,0
SERTAD4,0,1,2,0,2
SERTM2,4,3,2,2,1
SESN1,3,0,4,3,2
SESN2,2,0,4,0,0
SESN3,1,1,3,1,2
SESTD1,4,2,4,2,0
SETBP1,3,0,0,2,2
SETD1A,0,0,0,1,4
SETD1B,0,2,0,2,1
SETD2,1,0,2,4,2
SETD4,0,4,1,1,1
SETD5,1,2,2,1,3
SETD6,4,1,0,2,0
SETD7,1,0,2,0,4
SETD9,1,1,1,2,2
SETDB1,1,0,2,4,0
SETDB2,2,3,3,1,4
SETMAR,1,1,0,4,2
SETX,0,1,0,0,4
SEZ6L2,1,0,4,0,1
SF1,1,1,0,4,1
SF3A1,0,3,0,4,4
SF3A2,2,3,2,1,3
SF3B1,2,4,0,0,3
SF3B2,4,0,3,3,4
SF3B3,2,1,4,2,3
SF3B5,4,2,3,0,4
SFI1,3,3,3,4,1
SFMBT1,4,3,3,4,4
SFMBT2,2,3,4,4,2
SFN,2,1,4,2,3
SFPQ,2,4,4,1,0
SFR1,1,0,3,1,3
SFRP1,0,0,3,4,1
SFRP2,2,0,4,0,2
SFRP4,1,4,4,1,3
SFRP5,2,4,4,3,4
SFSWAP,4,2,3,0,0
SFT2D2,3,0,0,4,4
SFTA2,4,0,0,4,3
SFTPA1,2,3,4,2,2
SFTPA2,3,1,2,4,1
SFTPB,2,4,3,1,1
SFTPC,3,0,4,1,2
SFTPD,0,1,2,3,3
SFXN1,4,3,0,0,0
SFXN2,3,3,4,3,1
SFXN3,3,0,4,1,4
SFXN4,4,2,4,3,3
SGCA,1,1,1,1,0
SGCB,2,2,4,0,1
SGCD,4,2,0,2,0
SGCE,2,0,0,1,2
SGCG,3,0,1,4,4
SGF29,1,1,4,1,2
SGIP1,2,2,3,4,2
SGK1,3,1,4,1,3
SGMS1,3,4,4,0,3
SGMS2,4,0,1,0,3
SGO2,4,0,0,3,0
SGPL1,1,1,4,0,4
SGPP1,2,3,3,3,4
SGPP2,1,2,3,3,0
SGSH,0,4,2,4,1
SGSM1,2,2,2,4,1
SGSM2,2,3,3,3,2
SGTB,1,1,1,4,4
SH2B1,2,3,0,1,1
SH2B2,1,3,3,4,4
SH2B3,1,3,0,1,0
SH2D1A,0,0,4,4,3
SH2D1B,1,3,3,3,4
SH2D2A,4,1,3,0,3
SH2D3A,3,2,1,2,1
SH2D3C,3,2,4,4,0
SH2D4A,1,0,2,0,1
SH3BGRL,3,4,0,2,1
SH3BGRL2,1,3,3,0,4
SH3BGRL3,1,1,4,1,3
SH3BP1,3,2,1,3,1
SH3BP2,1,2,2,3,4
SH3BP4,4,2,1,3,1
SH3BP5,2,1,3,1,3
SH3BP5L,4,1,1,0,0
SH3D19,2,3,4,2,4
SH3D21,2,2,4,3,4
SH3GL1,1,4,2,3,0
SH3GLB1,2,4,3,3,4
SH3GLB2,4,0,4,1,4
SH3KBP1,2,2,3,2,4
SH3PXD2A,0,3,2,3,2
SH3PXD2B,1,1,1,1,0
SH3RF1,0,0,1,1,4
SH3RF2,0,2,2,4,2
SH3RF3,2,1,0,2,3
SH3TC1,2,1,2,1,4
SH3YL1,3,3,2,2,3
SHANK2,0,1,2,3,1
SHANK3,1,4,1,4,0
SHARPIN,3,2,2,3,3
SHB,1,4,3,2,3
SHC1,0,4,4,4,2
SHC2,0,0,0,3,4
SHC3,1,3,2,2,0
SHCBP1,0,3,2,1,4
SHE,3,3,2,0,3
SHF,2,3,0,0,1
SHH,0,2,2,4,1
SHISA2,2,4,1,1,1
SHISA3,0,0,2,1,2
SHISA4,1,3,1,2,2
SHISA5,3,3,1,3,0
SHISAL1,4,4,2,4,2
SHISAL2A,2,1,2,3,2
SHKBP1,4,0,2,1,0
SHLD1,1,3,2,0,2
SHLD2,4,2,4,4,1
SHLD3,3,4,4,3,0
SHMT1,4,1,3,0,3
SHMT2,1,2,3,1,0
SHOC2,1,4,1,2,3
SHPK,0,0,3,2,4
SHPRH,0,0,3,3,4
SHQ1,4,4,4,0,1
SHROOM1,3,0,4,4,1
SHROOM2,2,0,3,3,2
SHROOM3,3,1,2,2,0
SHROOM4,0,2,3,2,3
SHTN1,2,0,0,2,0
SIAE,2,4,0,4,1
SIDT1,3,1,1,0,3
SIDT2,4,2,3,1,3
SIGIRR,4,4,3,3,0
SIGLEC1,0,1,4,2,1
SIGLEC10,1,4,0,0,3
SIGLEC11,1,1,0,4,4
SIGLEC12,3,0,1,4,4
SIGLEC14,4,0,3,0,2
SIGLEC15,2,3,2,0,3
SIGLEC6,0,2,0,0,1
SIGLEC7,4,4,0,4,2
SIGLEC8,0,4,4,2,2
SIGLEC9,0,4,2,3,0
SIGMAR1,4,4,1,4,1
SIK1,3,0,2,0,3
SIK1B,2,3,3,2,2
SIK2,3,3,0,2,2
SIK3,4,3,1,2,1
SIKE1,0,4,0,0,0
SIMC1,4,3,2,4,4
SIN3A,3,0,2,0,0
SINHCAF,1,2,1,3,2
SIPA1,1,3,2,3,0
SIPA1L1,0,2,4,2,0
SIPA1L2,2,0,1,4,3
SIPA1L3,2,4,3,3,3
SIRPA,1,1,2,3,1
SIRPB1,2,2,2,1,3
SIRPB2,1,1,0,3,4
SIRPG,2,2,2,1,0
SIRT1,0,1,3,3,0
SIRT3,1,4,3,3,2
SIRT4,4,0,3,1,1
SIRT5,1,2,1,1,3
SIRT6,1,3,1,1,2
SIRT7,4,3,0,4,2
SIT1,4,3,0,2,3
SIVA1,1,3,4,2,0
SIX1,1,2,1,3,1
SIX2,1,3,2,1,2
SIX4,2,2,0,0,2
SIX5,2,0,3,3,0
SKA1,0,0,0,2,4
SKA2,0,4,2,4,1
SKA3,2,2,3,2,0
SKAP1,3,1,2,3,3
SKAP2,0,3,1,2,2
SKI,1,2,1,1,4
SKIL,0,1,0,0,3
SKIV2L,3,2,4,0,3
SKP2,2,4,0,2,0
SLA,4,2,4,1,0
SLA2,0,4,4,3,1
SLAIN1,0,4,0,3,1
SLAIN2,4,4,2,2,1
SLAMF1,0,0,3,4,4
SLAMF6,4,3,2,2,4
SLAMF7,4,0,4,4,2
SLAMF8,0,4,3,1,0
SLAMF9,4,2,4,3,2
SLC10A3,0,4,2,0,0
SLC10A4,0,0,1,4,0
SLC10A5,0,2,0,0,0
SLC10A7,4,4,3,3,4
SLC11A1,4,1,3,2,1
SLC11A2,0,0,3,4,0
SLC12A2,0,2,2,0,0
SLC12A4,0,2,3,0,4
SLC12A6,3,2,2,3,3
SLC12A7,3,4,1,3,3
SLC12A8,1,1,0,2,0
SLC12A9,2,4,4,0,0
SLC13A3,2,0,1,1,0
SLC14A1,3,1,0,3,4
SLC15A2,0,2,4,3,1
SLC15A3,1,1,0,0,2
SLC16A1,1,4,0,2,4
SLC16A10,0,0,2,0,2
SLC16A11,2,1,3,4,3
SLC16A12,4,2,4,3,0
SLC16A13,0,1,4,3,1
SLC16A14,2,0,2,0,4
SLC16A2,0,4,1,0,3
SLC16A3,4,4,4,3,2
SLC16A4,2,2,4,1,0
SLC16A5,0,2,0,4,2
SLC16A6,2,2,0,0,2
SLC16A7,4,3,0,0,0
SLC16A9,2,2,0,1,1
SLC17A9,4,2,3,0,3
SLC18A2,2,1,4,4,3
SLC18B1,0,4,1,2,3
SLC19A1,4,2,3,4,4
SLC19A2,1,2,1,2,1
SLC19A3,3,4,1,3,2
SLC1A1,1,4,3,1,1
SLC1A3,0,1,4,2,1
SLC1A4,4,0,3,0,4
SLC1A5,2,3,4,4,4
SLC1A7,0,1,3,2,3
SLC20A1,3,2,1,0,0
SLC20A2,2,2,2,1,4
SLC22A15,3,4,0,3,4
SLC22A17,3,3,4,0,0
SLC22A18,0,2,0,3,1
SLC22A18AS,1,2,2,3,4
SLC22A23,2,1,1,2,1
SLC22A3,1,4,1,0,4
SLC22A31,0,2,0,2,2
SLC22A4,2,0,4,4,2
SLC22A5,2,4,1,1,0
SLC23A1,4,4,2,0,4
SLC23A2,4,4,2,2,1
SLC24A1,2,2,4,1,4
SLC24A3,1,2,2,2,0
SLC25A1,1,3,1,2,3
SLC25A10,0,4,3,3,1
SLC25A11,0,1,2,2,2
SLC25A12,1,2,1,2,2
SLC25A13,2,1,4,3,3
SLC25A15,4,0,3,1,4
SLC25A16,4,0,0,2,2
SLC25A19,4,1,0,1,4
SLC25A20,1,2,0,4,3
SLC25A22,1,1,2,2,4
SLC25A23,2,1,4,4,4
SLC25A24,3,0,1,3,0
SLC25A25,2,1,0,4,2
SLC25A27,1,2,3,2,3
SLC25A29,0,2,1,4,4
SLC25A30,2,0,1,3,0
SLC25A33,4,3,1,4,0
SLC25A36,2,4,4,0,4
SLC25A37,2,4,3,3,4
SLC25A38,3,4,1,2,1
SLC25A39,3,2,1,2,2
SLC25A4,2,2,4,2,3
SLC25A40,2,0,4,4,3
SLC25A42,2,3,2,1,1
SLC25A43,0,0,2,4,1
SLC25A44,2,3,3,2,0
SLC25A45,3,0,4,3,2
SLC25A46,1,4,1,3,1
SLC25A5,0,0,3,0,4
SLC25A51,1,1,1,0,2
SLC25A6,0,0,4,0,1
SLC26A1,3,3,4,4,1
SLC26A11,3,1,1,3,0
SLC26A2,4,4,1,3,1
SLC26A4,2,2,4,2,0
SLC26A5,2,2,0,0,3
SLC26A6,3,3,3,2,4
SLC26A9,2,0,1,3,3
SLC27A1,2,3,0,4,0
SLC27A2,1,3,2,4,3
SLC27A3,3,1,2,1,3
SLC27A4,3,0,0,2,4
SLC28A3,4,1,2,2,3
SLC29A1,3,4,1,0,3
SLC29A2,2,4,1,1,2
SLC29A3,2,4,2,4,4
SLC29A4,2,2,2,4,1
SLC2A1,4,4,4,2,2
SLC2A10,3,4,2,4,2
SLC2A11,1,4,4,0,2
SLC2A12,1,0,0,3,1
SLC2A13,2,4,1,4,0
SLC2A3,1,2,3,3,0
SLC2A4RG,2,2,3,4,1
SLC2A5,0,1,4,0,4
SLC2A6,0,1,0,2,2
SLC2A9,2,2,1,1,2
SLC30A1,3,0,3,2,3
SLC30A4,1,3,3,0,2
SLC30A5,1,1,2,2,3
SLC30A7,3,2,1,3,2
SLC31A1,2,0,2,3,0
SLC33A1,4,0,2,2,2
SLC34A2,0,0,3,2,1
SLC35A1,1,4,3,3,3
SLC35A2,3,0,3,3,1
SLC35A3,3,2,1,4,3
SLC35A4,3,2,2,4,2
SLC35A5,3,0,4,0,3
SLC35B4,0,3,3,0,2
SLC35C1,4,0,2,1,1
SLC35D1,4,2,0,1,2
SLC35E2B,4,1,2,4,2
SLC35E4,0,4,3,0,2
SLC35F2,4,1,3,2,2
SLC35F3,2,1,3,2,3
SLC35F5,3,1,4,2,3
SLC35G1,3,0,2,3,3
SLC35G2,0,2,0,1,0
SLC36A1,2,2,2,2,3
SLC36A4,1,4,1,1,0
SLC37A1,0,0,0,4,0
SLC37A2,3,1,0,2,1
SLC37A3,2,4,2,1,4
SLC38A1,2,1,4,1,0
SLC38A10,0,2,0,2,4
SLC38A2,2,2,0,0,0
SLC38A4,4,0,2,1,3
SLC38A5,3,0,1,2,3
SLC38A6,0,0,0,1,0
SLC38A9,3,4,1,0,3
SLC39A10,1,4,2,0,0
SLC39A11,2,2,4,4,4
SLC39A14,3,1,1,0,4
SLC39A4,2,4,0,0,1
SLC39A6,3,2,0,4,4
SLC39A8,4,3,0,4,1
SLC3A2,3,4,4,3,3
SLC40A1,3,4,4,0,2
SLC41A1,0,4,4,4,4
SLC41A2,3,1,2,2,0
SLC41A3,4,3,4,3,4
SLC43A1,2,4,2,1,1
SLC43A2,4,3,3,3,0
SLC43A3,4,0,4,2,3
SLC44A1,4,0,1,2,4
SLC44A2,4,4,2,3,4
SLC44A3,1,0,3,4,4
SLC44A4,2,3,1,1,1
SLC44A5,3,1,4,0,0
SLC45A1,3,3,4,2,0
SLC45A3,4,3,1,4,3
SLC45A4,1,3,2,1,4
SLC46A1,1,2,2,2,3
SLC46A2,3,1,3,0,3
SLC46A3,2,4,0,0,2
SLC47A1,1,3,2,1,2
SLC48A1,3,1,4,1,3
SLC49A3,4,3,1,1,2
SLC4A11,3,2,1,2,3
SLC4A1AP,2,0,2,3,4
SLC4A2,1,3,3,3,3
SLC4A3,1,2,2,1,1
SLC4A4,1,0,4,1,3
SLC4A5,2,2,2,4,4
SLC4A7,2,1,2,2,0
SLC4A8,1,4,2,2,3
SLC50A1,2,1,3,2,4
SLC51A,0,2,3,1,4
SLC51B,3,1,0,1,3
SLC52A1,0,0,3,2,2
SLC52A2,2,2,0,2,3
SLC52A3,3,3,0,3,1
SLC5A1,3,4,0,0,2
SLC5A3,1,4,0,4,2
SLC5A6,2,0,2,2,2
SLC5A8,1,0,2,4,3
SLC5A9,1,2,2,1,2
SLC66A2,0,1,1,1,4
SLC66A3,0,1,2,1,0
SLC6A12,4,2,3,0,1
SLC6A14,0,0,2,1,0
SLC6A16,2,3,2,4,0
SLC6A20,3,2,3,4,0
SLC6A4,4,3,2,2,1
SLC6A6,1,4,1,4,4
SLC6A8,1,4,3,1,0
SLC6A9,4,3,0,4,0
SLC7A1,0,1,3,3,1
SLC7A11,3,0,4,3,4
SLC7A2,3,4,2,1,2
SLC7A4,1,1,4,2,2
SLC7A5,0,2,0,4,2
SLC7A6,2,0,1,4,4
SLC7A6OS,0,1,1,2,3
SLC7A7,2,4,2,2,3
SLC7A8,4,4,3,0,1
SLC8A1,0,3,0,0,0
SLC8B1,0,4,2,0,1
SLC9A1,4,3,2,0,0
SLC9A3R1,3,2,1,4,3
SLC9A3R2,0,1,4,1,2
SLC9A5,4,4,3,4,3
SLC9A7,3,2,3,4,1
SLC9A8,1,4,0,0,2
SLC9A9,1,0,3,0,3
SLC9B2,2,3,0,1,4
SLCO2A1,1,3,3,1,3
SLCO2B1,4,4,3,0,3
SLCO3A1,3,3,4,0,2
SLCO4A1,3,3,0,4,4
SLCO4C1,3,0,2,1,4
SLF1,2,3,1,4,2
SLF2,4,0,0,4,0
SLFN11,1,1,4,3,1
SLFN12,4,0,3,2,1
SLFN12L,2,1,4,0,3
SLFN13,2,4,0,4,2
SLFN5,1,2,4,2,1
SLIRP,2,0,1,1,2
SLIT2,3,3,2,4,4
SLIT3,2,1,3,4,2
SLITRK4,0,3,0,3,2
SLITRK6,1,0,2,1,3
SLK,2,3,3,1,0
SLMAP,0,4,0,3,0
SLN,3,2,2,3,4
SLPI,2,0,4,3,1
SLTM,4,2,1,3,2
SLU7,3,0,2,2,3
SLX4,3,3,4,3,1
SLX4IP,4,1,2,2,3
SMAD1,1,1,3,2,1
SMAD2,4,3,4,2,3
SMAD3,0,2,3,4,2
SMAD4,2,4,4,4,2
SMAD5,3,3,2,1,1
SMAD6,0,2,3,2,2
SMAD7,2,0,0,3,2
SMAD9,1,3,0,2,2
SMAGP,1,3,3,3,3
SMAP1,0,3,4,3,0
SMAP2,2,1,0,1,3
SMARCA1,3,0,2,4,2
SMARCA2,1,3,3,3,2
SMARCA4,2,2,1,0,3
SMARCA5,3,1,4,3,2
SMARCAD1,4,0,3,0,1
SMARCC1,1,4,2,4,1
SMARCC2,2,4,4,3,2
SMARCD1,4,0,3,3,0
SMARCD2,1,1,0,3,3
SMARCD3,1,0,0,1,0
SMC1A,1,2,4,3,3
SMC2,2,4,1,2,2
SMC3,4,1,2,2,0
SMC4,4,4,0,2,1
SMC5,4,1,2,1,2
SMC6,0,4,2,1,0
SMCHD1,4,4,0,4,4
SMCO4,1,0,1,3,2
SMCR8,2,4,4,4,0
SMDT1,4,3,0,1,2
SMG1,4,4,0,0,2
SMG5,4,4,3,4,1
SMG6,0,4,1,0,2
SMG7,0,0,1,1,4
SMG8,4,3,3,3,1
SMG9,3,0,0,3,1
SMIM1,0,3,0,3,4
SMIM10,3,3,2,4,3
SMIM10L2A,2,3,2,1,1
SMIM10L2B,0,4,0,3,2
SMIM13,1,1,2,0,0
SMIM14,1,2,3,1,0
SMIM19,3,3,0,0,1
SMIM20,0,3,3,3,0
SMIM22,0,2,2,3,3
SMIM26,0,3,1,2,1
SMIM29,1,1,2,2,2
SMIM3,2,4,3,2,2
SMIM30,0,4,3,4,0
SMIM31,2,1,0,0,3
SMIM4,0,1,0,1,3
SMIM5,1,4,2,0,0
SMIM6,2,2,3,1,4
SMIM7,1,1,2,2,3
SMIM8,4,3,4,2,0
SMKR1,2,3,1,4,4
SMN2,3,0,2,2,2
SMO,3,1,3,2,4
SMOC1,2,1,2,1,2
SMOC2,0,1,1,2,1
SMOX,3,1,1,3,4
SMPD1,3,4,0,4,2
SMPD2,1,3,0,2,0
SMPD3,4,2,0,1,0
SMPD4,0,3,4,0,0
SMPDL3A,3,4,2,0,1
SMPDL3B,2,2,3,3,2
SMTN,0,0,3,3,0
SMTNL1,2,1,0,3,1
SMTNL2,3,0,2,1,0
SMUG1,2,1,4,0,0
SMURF1,0,1,0,3,1
SMURF2,3,3,3,2,1
SMYD2,3,0,3,2,1
SMYD4,3,1,1,1,1
SNAI1,3,4,0,3,4
SNAI2,1,4,0,1,3
SNAI3,1,0,1,0,1
SNAP23,3,4,3,1,3
SNAP25,0,1,2,0,2
SNAP47,1,1,4,3,2
SNAPC1,2,4,2,4,0
SNAPC2,2,4,1,0,4
SNAPC3,3,3,4,3,0
SNAPC4,4,1,0,3,4
SNCAIP,2,0,4,4,1
SNCG,4,1,3,2,1
SND1,0,1,0,4,3
SNED1,2,1,4,4,1
SNN,1,0,3,4,0
SNPH,0,1,4,2,1
SNRK,1,1,0,1,0
SNRNP200,0,2,3,2,2
SNRNP25,2,2,4,3,3
SNRNP27,4,4,2,2,1
SNRNP35,1,3,4,1,2
SNRNP48,1,1,1,3,0
SNRPA1,1,0,2,0,0
SNRPB,0,4,4,1,0
SNRPD1,3,1,4,2,3
SNRPD2,4,4,1,3,2
SNRPD3,0,0,0,0,4
SNRPG,0,0,4,4,2
SNRPN,2,4,1,4,4
SNTA1,1,4,4,0,3
SNTB1,3,3,2,0,1
SNTB2,1,4,1,3,3
SNTN,1,4,4,2,3
SNW1,1,0,3,2,4
SNX1,3,4,4,0,0
SNX10,1,4,2,4,4
SNX13,3,2,2,2,1
SNX14,2,3,1,3,1
SNX16,2,0,4,2,1
SNX17,2,3,1,3,4
SNX18,2,0,0,1,2
SNX19,1,1,4,0,4
SNX20,4,3,1,2,3
SNX21,1,0,2,4,2
SNX22,0,0,3,4,1
SNX24,0,3,0,1,2
SNX25,3,0,0,4,3
SNX27,1,1,3,0,0
SNX29,0,4,4,1,4
SNX30,4,3,1,1,2
SNX33,3,2,1,0,2
SNX6,0,4,0,1,4
SNX7,1,3,4,3,2
SNX8,2,3,2,1,4
SNX9,1,4,1,2,0
SOAT1,4,2,3,3,4
SOBP,0,2,4,3,0
SOCS1,3,4,0,2,0
SOCS2,4,3,0,0,1
SOCS3,4,3,0,3,2
SOCS4,4,2,4,4,4
SOCS5,2,3,4,0,4
SOCS6,1,0,3,4,1
SOCS7,3,4,1,3,4
SOD1,3,4,0,4,1
SOD2,3,2,0,4,1
SOD3,0,2,2,1,0
SOGA1,1,0,3,2,4
SON,2,1,4,1,3
SORBS1,4,0,3,4,3
SORBS2,3,2,1,4,4
SORBS3,1,4,0,4,2
SORCS2,1,3,1,1,1
SORL1,3,1,4,2,3
SOS1,3,0,0,1,1
SOS2,1,3,3,1,1
SOSTDC1,0,2,2,4,2
SOWAHB,4,0,2,4,4
SOWAHC,1,2,0,2,1
SOWAHD,0,2,2,4,0
SOX12,2,4,1,2,0
SOX13,3,0,3,2,4
SOX15,0,2,4,4,2
SOX17,2,1,1,4,3
SOX18,2,1,2,4,4
SOX2,0,1,4,4,0
SOX21,1,3,0,3,1
SOX4,3,3,4,4,1
SOX5,3,3,0,3,0
SOX6,2,0,2,2,2
SOX7,4,2,3,3,0
SOX9,4,0,3,0,4
SP1,0,1,4,1,3
SP100,3,3,4,2,1
SP110,3,3,0,0,4
SP140,4,2,2,3,3
SP140L,1,3,3,2,3
SP2,2,1,4,2,1
SP3,0,2,4,4,2
SP4,1,4,1,4,2
SP5,0,1,1,3,2
SP6,2,3,2,2,4
SPA17,0,4,4,1,1
SPAAR,1,0,0,3,4
SPACA4,1,2,3,2,0
SPACA6,1,4,0,2,1
SPACA9,0,2,4,4,0
SPAG1,4,0,0,2,2
SPAG16,1,2,2,1,0
SPAG17,4,3,0,2,0
SPAG4,2,1,0,4,1
SPAG5,3,4,4,0,4
SPAG6,2,2,1,0,2
SPAG8,1,1,0,3,0
SPAG9,1,3,4,3,2
SPARC,3,3,4,1,4
SPARCL1,4,2,2,0,1
SPART,3,0,3,0,4
SPAST,1,3,1,3,4
SPATA12,1,0,4,2,2
SPATA13,1,0,4,4,0
SPATA17,1,4,1,2,4
SPATA18,0,1,2,4,0
SPATA20,3,0,1,3,4
SPATA24,2,4,4,1,2
SPATA25,1,2,4,0,4
SPATA2L,4,0,3,0,4
SPATA33,2,1,3,2,2
SPATA5,3,0,4,3,1
SPATA5L1,0,1,2,0,1
SPATA6,2,4,3,2,0
SPATA6L,3,1,4,2,0
SPATA7,3,4,0,1,2
SPATC1L,4,1,0,0,2
SPATS2,1,1,1,3,3
SPATS2L,3,3,4,0,4
SPC24,4,1,3,1,0
SPC25,2,3,1,3,1
SPDEF,1,2,3,0,1
SPDL1,3,1,2,4,3
SPECC1,2,1,0,3,0
SPECC1L,3,0,0,2,0
SPEF1,2,4,3,3,4
SPEF2,0,0,4,1,3
SPEG,2,4,2,0,0
SPEN,2,1,3,0,1
SPESP1,1,3,2,3,0
SPG11,0,4,2,3,4
SPG7,0,1,0,2,4
SPHK1,0,2,0,1,1
SPHK2,0,1,4,2,4
SPI1,4,0,2,0,4
SPIB,0,2,3,3,4
SPIDR,4,0,0,4,1
SPIN1,2,2,4,3,0
SPIN3,1,3,2,4,1
SPIN4,1,3,3,2,2
SPINDOC,4,2,4,3,2
SPINK1,4,1,1,1,0
SPINK14,3,1,2,4,2
SPINK2,2,0,4,2,4
SPINK5,0,2,0,0,0
SPINT1,1,0,3,3,0
SPINT2,4,1,1,3,2
SPIRE1,0,1,3,2,2
SPIRE2,1,1,2,4,2
SPN,4,2,4,2,3
SPNS2,0,1,3,2,3
SPNS3,4,1,1,3,1
SPOCD1,1,4,2,0,2
SPOCK1,3,1,4,2,4
SPOCK2,1,1,3,1,3
SPOCK3,3,2,2,1,1
SPON1,3,2,4,3,4
SPON2,1,3,1,1,2
SPOP,4,2,0,4,3
SPOPL,3,4,0,4,4
SPP1,0,4,0,0,2
SPPL2A,2,0,0,1,1
SPPL2B,3,1,2,1,1
SPR,2,4,4,0,2
SPRED1,3,0,0,0,4
SPRED2,3,3,3,2,3
SPRING1,2,1,3,0,2
SPRR1A,3,0,2,4,3
SPRR1B,2,2,3,1,0
SPRR2A,2,4,2,1,0
SPRR2D,0,0,0,3,3
SPRY1,4,2,4,4,3
SPRY2,4,1,0,3,3
SPRY4,3,4,4,2,1
SPRYD3,1,0,0,4,3
SPRYD7,0,1,4,4,4
SPSB1,2,3,3,2,1
SPSB2,3,4,4,2,4
SPTAN1,0,3,0,2,1
SPTBN1,1,2,0,0,2
SPTBN2,3,1,0,4,4
SPTBN5,4,2,0,4,2
SPTLC2,0,3,1,3,4
SPTLC3,2,3,2,3,3
SPTSSA,4,2,1,4,0
SPTY2D1OS,3,1,1,3,2
SQLE,2,1,3,4,3
SQOR,3,1,3,3,4
SQSTM1,1,3,1,2,1
SRC,2,0,1,4,0
SRCIN1,4,3,0,3,4
SRD5A1,0,2,2,1,2
SRD5A2,4,0,0,3,0
SRD5A3,4,2,3,4,3
SREBF1,0,2,3,1,2
SREBF2,1,0,0,3,0
SREK1,2,1,3,0,2
SREK1IP1,4,4,3,1,4
SRF,4,2,3,2,2
SRFBP1,4,2,3,2,0
SRGAP1,2,2,0,0,4
SRGAP2,3,4,4,4,0
SRGAP2B,0,4,2,3,2
SRGAP2C,4,2,2,2,4
SRGAP3,3,0,2,0,4
SRGN,3,1,0,1,4
SRI,3,4,1,3,4
SRM,2,2,0,1,0
SRMS,3,0,1,1,0
SRP19,2,0,2,0,2
SRP72,3,0,3,2,4
SRP9,0,1,1,1,2
SRPK1,1,3,3,2,0
SRPK2,4,4,3,3,1
SRPRB,4,1,1,1,4
SRPX,4,1,0,2,2
SRPX2,0,4,2,2,4
SRR,0,2,2,3,4
SRRD,2,3,4,3,1
SRRM1,2,2,1,4,1
SRRM2,2,1,1,0,2
SRRT,0,4,1,4,4
SRSF1,2,4,3,2,0
SRSF11,4,2,3,1,3
SRSF3,2,4,1,0,2
SRSF4,3,1,2,1,0
SRSF5,1,4,4,1,4
SRSF6,2,0,0,4,2
SRSF7,2,4,3,1,1
SS18,3,0,1,2,3
SS18L1,3,2,1,2,3
SS18L2,2,4,0,3,2
SSB,2,4,1,3,0
SSBP2,2,4,1,1,3
SSBP3,2,2,4,2,1
SSBP4,2,3,0,3,0
SSC4D,0,2,1,1,4
SSC5D,1,2,4,4,2
SSH1,2,4,3,4,0
SSH2,1,0,0,2,4
SSH3,2,1,2,1,1
SSPN,3,3,4,3,0
SSR2,3,2,1,2,4
SSR4,1,2,1,1,4
SSRP1,4,3,2,3,2
SSTR1,4,1,1,2,3
SSTR2,2,4,0,4,1
SSX2IP,0,2,2,1,0
ST14,3,4,2,1,4
ST20,3,4,2,1,1
ST3GAL1,3,0,2,0,2
ST3GAL2,3,1,4,4,1
ST3GAL4,1,3,2,1,3
ST3GAL5,4,3,0,0,3
ST3GAL6,2,3,4,0,2
ST6GAL1,4,2,3,2,2
ST6GAL2,4,2,4,3,0
ST6GALNAC1,3,0,0,4,4
ST6GALNAC2,4,2,1,2,3
ST6GALNAC3,3,3,2,4,4
ST6GALNAC4,4,1,3,2,3
ST6GALNAC5,4,1,4,3,2
ST7,3,3,1,1,0
ST7L,4,2,4,1,4
ST8SIA1,1,0,1,4,0
ST8SIA4,1,3,0,0,1
ST8SIA6,3,3,3,4,2
STAB1,4,0,3,4,4
STAB2,1,3,2,2,2
STAC,0,0,0,3,3
STAC2,3,2,2,2,0
STAC3,3,4,3,0,4
STAG1,1,0,0,2,4
STAG2,0,4,2,1,0
STAG3,2,0,1,1,0
STAM,3,1,2,4,2
STAM2,2,0,3,4,0
STAMBPL1,2,3,1,1,2
STAP1,2,0,3,1,2
STAP2,2,4,0,4,2
STARD10,2,0,4,4,2
STARD13,4,4,4,0,1
STARD3,3,0,4,0,3
STARD3NL,1,4,2,1,1
STARD4,0,3,3,1,2
STARD8,3,0,1,4,3
STARD9,1,4,0,4,2
STAT1,1,0,0,2,1
STAT2,3,3,1,2,4
STAT4,2,1,4,0,2
STAT5A,1,0,0,3,3
STAT5B,3,0,1,0,1
STAT6,3,4,0,1,2
STAU1,3,0,3,2,0
STBD1,4,2,4,2,1
STC1,3,0,0,0,2
STC2,0,0,1,3,2
STEAP1,0,2,3,2,3
STEAP2,4,3,0,4,1
STEAP3,3,1,4,2,3
STEAP4,3,4,4,4,1
STIL,2,3,3,2,4
STIM1,4,0,0,1,1
STIM2,2,3,3,0,4
STING1,0,0,2,4,2
STK10,2,0,1,2,2
STK11,4,3,4,3,4
STK11IP,1,0,1,4,4
STK16,3,4,1,2,1
STK17A,0,4,0,0,3
STK17B,1,2,0,4,2
STK24,1,2,0,0,3
STK25,0,1,4,1,3
STK26,2,2,2,2,2
STK3,3,3,4,0,4
STK31,2,0,2,3,3
STK32A,4,3,2,4,2
STK32B,0,2,4,3,1
STK32C,4,2,3,1,0
STK33,0,0,4,2,0
STK35,4,1,1,0,2
STK36,4,4,3,4,3
STK38,2,4,2,1,1
STK38L,1,3,0,3,2
STK4,1,0,4,2,3
STK40,3,1,3,0,2
STMN1,2,1,0,0,3
STMN3,3,3,1,0,0
STMND1,4,4,1,4,1
STOM,3,1,2,2,1
STOML1,1,0,4,2,1
STOML2,1,4,4,1,0
STOML3,2,0,3,1,2
STON1,3,2,4,1,2
STON2,3,0,2,0,2
STOX1,4,3,3,3,2
STOX2,3,4,1,2,2
STPG1,2,3,2,1,1
STRADA,3,3,1,4,0
STRADB,3,0,4,1,0
STRAP,1,3,0,0,3
STRBP,1,3,1,2,4
STRIP1,4,3,3,1,2
STRIP2,1,3,3,0,2
STRN,0,0,2,2,3
STRN3,3,0,0,4,4
STRN4,4,2,0,2,2
STS,1,3,2,4,2
STT3A,2,1,1,1,0
STUB1,2,2,0,3,3
STUM,0,4,2,0,2
STX10,2,1,3,0,4
STX11,0,3,3,1,2
STX12,4,1,0,4,4
STX16-NPEPL1,1,2,1,0,4
STX17,1,1,4,2,0
STX19,4,3,1,0,2
STX1A,0,1,2,1,3
STX2,0,4,1,1,0
STX3,1,3,3,4,3
STX6,1,0,0,4,4
STX7,4,1,2,4,0
STX8,4,0,3,0,0
STXBP1,4,4,3,3,2
STXBP2,2,3,3,0,1
STXBP4,3,4,2,1,1
STXBP5,3,1,2,3,2
STXBP6,1,4,2,1,0
STYK1,4,2,4,3,2
STYXL1,2,4,2,4,4
SUB1,1,0,4,1,1
SUCLA2,3,2,3,3,4
SUCLG2,2,0,2,4,1
SUCNR1,0,4,4,1,1
SUCO,0,1,2,4,1
SUDS3,4,3,0,0,2
SUFU,4,4,1,3,2
SUGCT,0,2,0,2,1
SUGP1,4,4,1,1,1
SUGP2,1,0,2,1,0
SUGT1,4,2,3,4,4
SULF1,3,0,3,0,2
SULF2,2,3,3,3,0
SULT1A1,3,1,4,4,0
SULT1B1,1,0,2,1,4
SULT1C2,2,1,0,4,3
SULT1C4,1,0,0,1,0
SULT1E1,3,3,2,1,4
SULT2B1,1,0,4,3,4
SUMO3,2,3,2,1,3
SUN1,1,3,4,1,1
SUN2,0,1,1,4,3
SUOX,0,3,4,0,3
SUPT20H,0,2,0,4,1
SUPT3H,1,2,2,4,2
SUPT5H,4,0,4,2,1
SUPT6H,1,0,2,3,4
SUPV3L1,0,3,3,2,4
SURF2,1,0,1,2,3
SURF6,0,3,2,0,4
SUSD1,3,2,4,2,4
SUSD2,4,1,0,4,0
SUSD3,3,3,1,4,1
SUSD4,4,0,3,3,1
SUSD5,2,1,2,3,2
SUSD6,1,2,0,1,1
SUV39H1,1,1,3,3,0
SUV39H2,2,1,3,1,3
SUZ12,2,4,4,0,3
SV2A,1,4,1,0,2
SV2B,1,1,4,4,4
SVBP,4,1,1,2,0
SVEP1,3,1,1,2,1
SVIL,3,3,4,1,2
SVIP,1,4,1,2,2
SWAP70,0,0,4,2,2
SWI5,4,3,4,2,0
SWSAP1,1,3,3,0,1
SWT1,3,0,1,4,1
SYAP1,0,3,2,1,4
SYBU,4,1,2,4,3
SYCE1L,2,2,2,0,0
SYCE2,3,2,4,2,1
SYCE3,3,0,2,0,4
SYCP2,3,1,2,0,3
SYCP2L,0,2,4,3,1
SYDE1,0,3,2,0,1
SYDE2,3,4,2,4,3
SYK,2,2,3,2,1
SYMPK,1,1,4,4,3
SYN1,0,4,1,0,2
SYN3,0,1,2,2,2
SYNC,1,4,0,0,4
SYNCRIP,3,1,1,3,2
SYNDIG1,1,4,0,4,4
SYNDIG1L,1,0,0,2,4
SYNE1,0,4,4,3,1
SYNE2,1,4,3,4,4
SYNE3,2,3,4,3,0
SYNE4,3,2,2,1,2
SYNGAP1,3,4,0,0,2
SYNGR1,4,4,2,0,1
SYNGR2,0,1,1,0,2
SYNJ1,0,0,1,1,1
SYNJ2,1,1,2,3,2
SYNJ2BP,2,1,2,2,3
SYNM,2,1,4,4,4
SYNPO,4,0,1,0,2
SYNPO2,2,2,2,2,4
SYNRG,3,2,2,4,1
SYP,0,3,4,2,0
SYPL2,2,4,0,0,2
SYT1,2,2,3,0,4
SYT11,0,2,2,4,2
SYT13,3,3,4,3,3
SYT17,0,0,3,2,2
SYT3,2,0,3,1,1
SYT7,3,0,3,1,1
SYT8,1,3,4,3,2
SYTL1,1,4,0,4,3
SYTL2,1,2,0,2,1
SYTL3,4,3,3,4,3
SYTL4,3,4,4,3,4
SYTL5,2,2,0,0,0
SYVN1,2,4,0,4,0
SZT2,4,3,1,3,3
TAB1,2,0,0,1,3
TAB2,4,4,3,4,1
TAB3,2,1,1,0,3
TAC4,4,0,3,2,2
TACC1,1,1,0,3,0
TACC2,2,0,4,2,1
TACC3,2,4,1,0,2
TACO1,1,2,1,0,2
TACR1,2,2,2,4,4
TACSTD2,3,4,1,4,0
TADA1,1,2,4,2,1
TADA2A,2,3,1,4,3
TADA2B,0,4,3,2,3
TADA3,0,0,0,2,3
TAF1,1,0,3,0,1
TAF11,0,0,2,1,4
TAF13,2,4,0,1,0
TAF15,1,1,0,0,3
TAF1A,3,3,4,0,2
TAF1B,2,0,3,0,0
TAF1C,1,4,1,2,1
TAF1D,2,3,1,0,3
TAF2,3,4,4,0,2
TAF3,2,2,1,4,4
TAF4,1,1,1,1,3
TAF4B,2,4,2,4,2
TAF5,3,2,4,3,1
TAF6,4,0,0,1,0
TAF7,4,2,0,2,2
TAF8,2,2,2,3,1
TAF9,0,4,0,1,3
TAF9B,1,1,4,0,2
TAFA5,0,2,3,1,0
TAGAP,4,1,1,3,2
TAGLN,4,4,1,2,0
TAGLN2,0,3,0,2,4
TAL1,4,1,4,4,3
TALDO1,0,3,1,4,3
TAMALIN,3,4,0,2,2
TAMM41,1,1,0,1,2
TANC1,1,0,0,3,1
TANC2,1,3,3,4,1
TANGO2,3,0,2,4,2
TANK,4,1,0,2,1
TAOK1,3,3,4,3,3
TAOK2,4,1,1,3,4
TAOK3,1,3,1,3,0
TAP1,1,4,4,2,3
TAP2,0,1,2,3,3
TAPBP,3,2,3,4,1
TAPBPL,2,1,3,2,3
TAPT1,0,3,2,3,3
TARBP1,4,4,2,3,3
TARBP2,2,0,1,0,1
TARS1,1,4,3,3,0
TARS2,0,0,3,3,3
TARS3,4,1,1,3,1
TAS1R3,4,1,2,4,4
TAS2R14,0,2,2,0,1
TAS2R20,1,3,3,2,4
TAS2R5,2,1,3,4,3
TASOR,2,3,4,0,0
TASOR2,0,4,2,3,3
TASP1,3,3,2,3,2
TATDN1,0,4,0,2,0
TAZ,3,3,4,3,2
TBC1D1,2,0,0,1,4
TBC1D10A,3,1,1,0,4
TBC1D10B,3,2,2,3,1
TBC1D10C,4,2,0,3,4
TBC1D12,0,0,4,2,3
TBC1D13,2,4,2,4,0
TBC1D14,2,3,4,3,1
TBC1D16,4,3,2,4,2
TBC1D17,3,2,4,2,1
TBC1D19,0,3,4,2,2
TBC1D2,4,2,2,4,1
TBC1D24,3,3,0,2,3
TBC1D2B,1,3,0,4,4
TBC1D30,3,0,0,2,3
TBC1D31,1,3,0,2,0
TBC1D32,2,3,3,4,0
TBC1D3L,4,2,1,0,4
TBC1D4,1,3,2,3,0
TBC1D5,4,4,1,2,2
TBC1D7,4,3,2,2,2
TBC1D8,4,3,0,2,4
TBC1D8B,1,4,2,1,3
TBC1D9,3,2,4,2,4
TBC1D9B,1,2,1,3,0
TBCB,4,4,0,4,4
TBCC,3,3,0,4,4
TBCD,2,4,4,0,2
TBCEL,0,2,1,4,3
TBCK,2,3,3,4,2
TBKBP1,0,2,0,4,1
TBL1X,0,3,0,2,3
TBL1XR1,1,4,4,3,0
TBL3,4,4,4,4,2
TBPL1,2,4,2,0,3
TBRG1,2,3,3,2,1
TBRG4,1,2,0,2,0
TBX1,2,3,0,4,1
TBX15,2,3,2,4,1
TBX19,1,3,0,4,0
TBX2,0,0,4,3,2
TBX21,3,2,3,0,0
TBX3,3,2,3,0,1
TBX4,3,1,0,2,0
TBX5,3,1,1,2,0
TBX6,0,4,2,3,2
TBXA2R,1,3,2,0,0
TBXAS1,2,4,1,0,0
TC2N,1,2,1,1,3
TCAF1,2,0,1,0,2
TCAF2,0,4,1,2,4
TCEA2,1,1,2,3,3
TCEA3,1,3,4,1,4
TCEAL1,1,3,1,0,4
TCEAL2,2,2,0,0,1
TCEAL3,0,3,2,3,1
TCEAL4,2,4,1,1,4
TCEAL7,2,3,0,3,2
TCEAL9,1,3,2,1,1
TCERG1,4,1,2,1,2
TCF12,4,3,1,2,0
TCF19,0,1,2,3,0
TCF20,3,3,3,3,1
TCF21,2,1,2,1,4
TCF3,4,3,0,0,1
TCF4,4,2,1,4,1
TCF7,3,4,3,0,1
TCF7L1,4,1,2,3,2
TCF7L2,0,0,3,2,2
TCFL5,0,3,3,4,4
TCHP,3,2,3,0,0
TCIM,3,4,1,1,4
TCIRG1,1,1,2,2,3
TCL1A,3,0,3,1,1
TCN1,3,3,1,4,4
TCN2,3,4,3,1,0
TCOF1,0,2,4,2,0
TCP1,4,4,1,0,0
TCP11L1,3,2,3,2,1
TCP11L2,0,0,3,3,1
TCTE1,4,2,3,1,4
TCTE3,2,1,1,2,1
TCTEX1D1,2,3,0,1,1
TCTEX1D2,3,4,1,3,1
TCTEX1D4,3,0,1,0,1
TCTN1,2,4,0,2,2
TCTN2,3,3,1,1,3
TCTN3,1,3,1,0,0
TDG,1,4,4,3,1
TDO2,2,4,2,0,0
TDP1,1,3,0,0,3
TDP2,2,2,2,3,2
TDRD10,2,1,3,4,0
TDRD3,1,4,2,3,3
TDRD6,3,2,0,2,1
TDRD7,0,1,2,2,3
TDRD9,1,4,3,2,2
TDRKH,0,1,4,3,1
TDRP,0,1,4,0,3
TEAD1,4,0,0,2,4
TEAD2,2,1,2,0,4
TEAD3,3,2,2,1,4
TEAD4,0,1,1,1,0
TEC,3,1,3,1,2
TECPR1,1,4,3,0,0
TECPR2,1,3,1,4,4
TEDC1,0,3,3,2,2
TEDC2,3,3,0,1,4
TEF,3,4,0,2,2
TEFM,3,3,3,0,4
TEK,3,0,4,4,3
TEKT1,2,2,3,1,0
TEKT2,2,2,4,2,1
TELO2,2,3,0,1,2
TENM1,4,0,4,4,4
TENM3,1,2,1,1,2
TENM4,3,4,1,1,3
TENT2,1,2,3,0,0
TENT4A,0,2,4,3,4
TENT4B,1,1,4,0,4
TENT5A,4,3,4,0,1
TENT5B,1,4,2,4,1
TENT5C,3,0,4,1,1
TEP1,2,1,1,2,4
TEPP,1,0,4,2,3
TERF1,1,3,1,2,0
TERF2,4,3,0,0,0
TES,1,0,0,0,4
TESC,1,3,1,3,1
TESK1,0,1,1,1,2
TESK2,0,1,1,0,1
TESPA1,3,0,0,1,0
TET2,4,4,0,2,2
TET3,2,2,1,1,3
TEX10,4,3,2,3,4
TEX2,4,1,3,0,4
TEX26,4,4,3,1,4
TEX261,1,4,1,0,1
TEX30,4,2,3,0,4
TEX52,2,1,0,1,0
TEX9,1,2,4,2,2
TFAP2A,0,3,2,3,3
TFAP2C,0,1,0,2,0
TFAP2E,0,2,2,4,3
TFAP4,0,2,2,4,1
TFB1M,4,2,1,1,0
TFB2M,1,2,0,2,0
TFCP2,1,0,3,0,2
TFCP2L1,1,3,4,4,4
TFDP1,2,0,1,1,1
TFDP2,0,0,0,4,0
TFE3,0,4,1,0,0
TFEB,1,2,3,4,0
TFEC,4,3,3,3,2
TFF1,0,3,0,0,4
TFF3,3,4,1,4,2
TFIP11,0,1,2,4,1
TFPI,4,1,1,1,4
TFPI2,0,4,2,3,4
TFPT,0,0,0,1,4
TFRC,3,4,0,2,4
TGFA,1,3,3,2,0
TGFB1,3,3,4,3,3
TGFB1I1,2,0,4,3,1
TGFB2,1,2,4,1,0
TGFB3,3,4,4,1,0
TGFBI,3,1,1,2,2
TGFBR1,0,2,1,4,2
TGFBR2,0,4,1,4,4
TGFBR3,2,4,0,0,4
TGFBRAP1,2,0,2,0,1
TGIF1,3,3,2,0,2
TGIF2,4,4,1,2,2
TGM1,1,2,4,3,0
TGM2,0,2,4,0,3
TGOLN2,1,1,1,0,4
TGS1,0,3,2,3,2
THADA,3,1,0,4,1
THAP1,3,4,3,4,3
THAP10,2,4,2,0,1
THAP12,1,4,4,2,2
THAP2,2,1,1,2,1
THAP5,1,4,0,1,3
THAP6,4,4,4,4,4
THAP7,0,2,0,0,0
THAP8,4,0,3,0,0
THAP9,0,4,1,0,3
THBD,1,4,0,2,4
THBS1,2,2,3,2,0
THBS2,2,0,3,4,3
THBS3,0,4,1,3,1
THBS4,4,2,2,2,3
THEM4,4,4,2,3,4
THEM5,0,1,4,2,1
THEM6,4,0,2,1,0
THEMIS,2,1,3,2,0
THEMIS2,4,4,3,1,4
THG1L,3,3,0,4,4
THNSL1,4,1,3,1,4
THNSL2,1,0,1,0,4
THOC1,2,2,4,0,0
THOC2,4,3,1,2,2
THOC3,3,2,3,0,2
THOC6,4,3,0,1,0
THOC7,2,0,3,2,3
THOP1,0,2,2,0,4
THRA,2,1,2,1,1
THRB,4,2,0,4,4
THSD1,2,4,0,0,2
THSD4,1,4,2,3,0
THSD7A,3,0,4,1,1
THSD7B,1,1,4,1,4
THTPA,3,2,4,4,1
THUMPD1,0,2,4,0,1
THUMPD2,3,3,2,0,3
THY1,3,3,1,2,2
THYN1,0,2,3,0,3
TIA1,3,2,4,1,1
TIAF1,0,1,0,2,2
TIAL1,1,0,0,1,2
TIAM1,2,1,1,1,4
TIAM2,0,4,2,3,2
TICAM1,0,0,0,2,0
TIE1,1,1,1,3,0
TIFA,1,4,4,3,1
TIGAR,3,0,3,3,1
TIGD1,1,2,3,4,1
TIGD2,3,4,3,3,2
TIGD3,0,3,4,2,1
TIGD4,2,0,0,0,2
TIGD5,0,3,2,4,3
TIGD7,4,4,4,4,3
TIGIT,3,1,4,1,3
TIMD4,4,2,3,1,3
TIMELESS,2,3,2,4,4
TIMM10,3,2,2,2,4
TIMM13,0,1,4,1,4
TIMM17A,0,1,0,1,1
TIMM17B,2,4,1,1,2
TIMM21,3,2,4,0,3
TIMM22,0,2,3,3,4
TIMM29,0,0,0,0,3
TIMM8A,2,2,4,2,0
TIMM8B,3,1,0,2,1
TIMM9,3,3,0,0,1
TIMP1,4,3,1,3,1
TIMP2,2,1,1,3,4
TIMP3,0,0,4,3,4
TIMP4,4,0,3,0,1
TINAGL1,4,4,2,1,4
TINCR,2,2,3,2,3
TIPARP,1,1,2,4,4
TIPIN,1,0,4,4,3
TJP1,1,1,0,2,4
TJP3,3,1,4,4,4
TK1,3,1,4,0,2
TK2,4,1,4,3,3
TKFC,1,2,0,1,0
TKT,2,0,2,4,1
TLCD1,0,4,2,0,0
TLCD2,3,3,4,0,0
TLCD4,3,2,0,4,2
TLCD5,0,4,1,4,2
TLDC2,0,2,3,2,2
TLE1,4,2,4,2,1
TLE2,0,4,0,4,1
TLE3,2,3,3,0,4
TLE4,4,2,4,3,0
TLE6,0,4,2,2,4
TLK1,0,2,3,4,4
TLK2,0,0,4,1,1
TLL1,3,1,4,3,2
TLN1,1,3,4,3,2
TLN2,3,0,4,2,4
TLNRD1,4,1,2,1,3
TLR1,1,3,4,3,3
TLR10,2,4,3,1,1
TLR2,3,2,2,2,2
TLR3,4,2,4,1,1
TLR4,4,0,2,1,2
TLR5,1,3,0,4,0
TLR6,0,0,0,2,3
TLR7,0,3,4,4,4
TLR8,4,1,1,3,3
TM2D2,2,0,4,3,4
TM4SF1,0,4,0,3,2
TM4SF18,4,3,1,4,1
TM4SF19,1,2,0,4,0
TM4SF4,1,1,2,1,1
TM6SF1,0,0,3,1,2
TM7SF2,0,1,0,0,3
TM7SF3,2,2,3,0,4
TM9SF3,3,1,2,0,0
TM9SF4,4,4,3,1,4
TMA7,0,4,3,3,3
TMBIM1,4,1,4,2,3
TMBIM4,2,4,2,2,3
TMC4,1,2,0,2,0
TMC5,1,2,3,4,4
TMC6,2,0,3,3,4
TMC7,2,1,4,1,0
TMC8,1,0,2,4,1
TMCC1,4,1,4,4,4
TMCC2,1,0,2,0,2
TMCC3,3,1,0,0,2
TMCO3,2,1,3,1,3
TMCO4,2,0,0,4,4
TMCO6,1,4,2,4,1
TMED1,1,1,2,3,4
TMED3,3,4,4,2,4
TMED5,2,2,1,3,1
TMED6,1,2,1,0,3
TMED7,1,3,0,0,3
TMED8,2,3,1,4,4
TMEM100,3,3,4,2,1
TMEM101,4,1,2,1,3
TMEM102,2,1,3,1,2
TMEM104,4,4,0,2,1
TMEM106A,4,0,0,3,3
TMEM106B,2,0,2,1,3
TMEM106C,4,0,4,3,1
TMEM107,2,1,2,2,3
TMEM108,4,0,1,1,0
TMEM109,0,4,3,2,3
TMEM116,1,3,2,2,0
TMEM119,4,2,4,0,2
TMEM120B,0,0,2,4,1
TMEM121,2,3,1,0,4
TMEM123,0,3,4,2,1
TMEM125,2,4,4,3,1
TMEM126B,3,4,1,1,0
TMEM129,1,4,2,3,3
TMEM130,4,2,2,4,3
TMEM131,2,1,2,0,2
TMEM131L,1,2,3,2,0
TMEM132A,2,2,2,2,3
TMEM132D,3,2,0,4,1
TMEM135,4,4,0,2,4
TMEM139,1,3,2,1,3
TMEM140,1,1,3,0,3
TMEM141,3,4,4,1,3
TMEM144,3,4,1,2,1
TMEM147,4,0,2,4,4
TMEM14A,3,2,4,2,3
TMEM14B,1,0,3,4,1
TMEM14C,1,2,0,2,3
TMEM150B,0,0,1,0,2
TMEM150C,2,3,2,2,2
TMEM151A,2,0,0,1,2
TMEM154,3,0,0,2,1
TMEM155,4,2,0,4,3
TMEM156,1,1,0,3,0
TMEM158,1,0,1,2,0
TMEM159,3,3,0,1,4
TMEM160,1,3,4,1,3
TMEM161A,1,2,0,4,4
TMEM161B,2,4,0,2,0
TMEM163,1,0,2,0,0
TMEM164,4,4,0,1,0
TMEM165,3,4,2,2,1
TMEM167A,0,1,4,1,1
TMEM168,4,2,1,4,4
TMEM169,1,0,4,2,1
TMEM17,3,4,0,4,4
TMEM170A,2,1,2,0,3
TMEM170B,1,2,1,0,2
TMEM171,1,4,3,1,0
TMEM175,1,3,3,1,2
TMEM176A,4,4,1,3,4
TMEM176B,1,4,2,4,4
TMEM177,2,4,2,3,3
TMEM178A,4,1,1,3,1
TMEM178B,4,3,3,4,2
TMEM179B,3,4,0,0,4
TMEM18,3,3,2,1,1
TMEM181,3,3,4,0,4
TMEM182,4,4,2,1,4
TMEM184A,3,3,1,2,2
TMEM184B,4,0,2,2,3
TMEM184C,1,0,4,0,1
TMEM185A,4,1,2,3,4
TMEM185B,3,0,0,0,0
TMEM186,0,4,3,3,0
TMEM187,2,3,0,1,0
TMEM190,2,0,3,3,0
TMEM192,0,3,1,1,0
TMEM198,3,3,3,1,4
TMEM200A,1,2,1,2,3
TMEM200B,0,2,2,1,2
TMEM201,2,4,3,0,4
TMEM203,0,0,2,4,3
TMEM204,4,3,0,4,1
TMEM208,0,0,3,3,3
TMEM209,4,1,1,0,1
TMEM212,2,2,3,2,2
TMEM213,0,0,2,0,0
TMEM216,4,2,1,0,4
TMEM217,4,3,3,1,0
TMEM218,2,4,3,2,1
TMEM220,2,0,3,2,0
TMEM222,4,0,0,4,1
TMEM223,3,3,4,2,1
TMEM229B,0,4,3,0,0
TMEM231,0,3,0,4,1
TMEM233,2,4,0,4,0
TMEM236,2,0,0,2,3
TMEM238,1,3,3,0,3
TMEM241,3,4,2,3,4
TMEM242,2,0,2,2,0
TMEM243,1,0,3,1,3
TMEM245,1,1,0,0,4
TMEM25,1,2,1,0,3
TMEM250,1,0,2,0,4
TMEM251,0,0,2,2,4
TMEM254,0,2,3,4,4
TMEM255A,2,4,2,0,4
TMEM255B,4,2,1,3,1
TMEM256,1,3,1,3,3
TMEM258,4,2,2,1,0
TMEM259,3,2,1,4,1
TMEM26,0,2,1,1,0
TMEM260,4,1,2,3,4
TMEM263,3,1,1,0,0
TMEM266,0,3,3,2,0
TMEM267,0,1,0,2,1
TMEM268,4,4,0,0,2
TMEM270,1,0,4,2,0
TMEM273,0,2,3,4,4
TMEM30A,0,3,3,1,0
TMEM30B,4,3,4,4,2
TMEM35A,4,3,2,1,3
TMEM37,3,0,1,1,4
TMEM38A,2,2,2,0,1
TMEM38B,3,3,4,2,3
TMEM39B,4,1,4,3,3
TMEM40,1,3,4,0,1
TMEM41A,4,1,1,4,0
TMEM41B,2,2,0,1,1
TMEM42,2,4,3,0,0
TMEM43,4,1,0,0,4
TMEM44,1,2,2,3,1
TMEM45A,0,4,3,0,2
TMEM45B,2,4,2,1,1
TMEM47,1,0,3,3,0
TMEM50B,1,2,4,4,1
TMEM51,0,4,4,3,1
TMEM52,4,3,0,3,3
TMEM52B,3,4,3,3,3
TMEM53,3,0,2,3,4
TMEM54,4,0,3,3,2
TMEM59L,0,4,0,4,2
TMEM60,1,4,0,3,4
TMEM61,2,2,3,0,4
TMEM63A,4,3,1,3,0
TMEM63B,0,3,0,0,3
TMEM64,3,4,4,4,0
TMEM65,2,2,0,1,2
TMEM67,2,4,0,3,4
TMEM68,2,2,2,3,3
TMEM71,3,2,4,4,1
TMEM79,2,4,2,3,2
TMEM80,2,0,1,2,3
TMEM81,0,3,1,2,1
TMEM86A,2,1,3,4,1
TMEM86B,0,2,1,3,0
TMEM87A,1,3,1,4,4
TMEM87B,3,2,2,2,3
TMEM88,4,0,2,0,1
TMEM8B,3,1,2,0,1
TMEM9,4,3,2,3,0
TMEM91,1,4,3,1,0
TMEM92,4,0,3,1,3
TMEM94,1,2,2,0,3
TMEM97,3,2,0,4,1
TMEM98,3,0,0,2,3
TMF1,4,0,3,0,0
TMIE,2,1,0,4,3
TMIGD2,0,3,3,0,1
TMIGD3,0,3,0,4,4
TMLHE,0,0,1,1,4
TMOD1,1,0,2,1,2
TMOD2,2,4,1,0,1
TMOD3,1,2,2,3,3
TMPO,2,4,3,0,1
TMPPE,2,1,4,0,4
TMPRSS13,2,2,4,3,3
TMPRSS2,0,1,0,1,1
TMPRSS3,4,2,1,0,4
TMPRSS4,1,1,2,3,0
TMPRSS6,4,4,2,3,2
TMSB10,3,0,2,3,2
TMSB15A,4,2,1,3,3
TMSB4Y,4,2,0,1,4
TMTC1,3,4,2,4,0
TMTC2,0,1,4,1,2
TMTC3,0,1,0,0,1
TMTC4,2,1,4,1,3
TMUB1,4,0,1,1,3
TMX1,1,1,2,1,2
TMX3,4,3,3,4,4
TMX4,0,0,0,1,0
TNC,2,2,2,4,2
TNF,2,4,2,0,0
TNFAIP1,0,0,3,0,4
TNFAIP2,0,2,3,1,2
TNFAIP3,1,3,4,3,0
TNFAIP6,0,3,0,2,3
TNFAIP8,0,3,2,1,2
TNFAIP8L1,3,0,4,2,0
TNFAIP8L2,1,2,1,4,1
TNFAIP8L3,0,1,1,2,1
TNFRSF10A,0,1,1,2,3
TNFRSF10B,0,3,0,2,0
TNFRSF10C,2,0,1,2,2
TNFRSF10D,0,2,0,3,2
TNFRSF11A,2,1,4,3,3
TNFRSF11B,3,1,3,3,1
TNFRSF12A,1,2,2,1,3
TNFRSF13B,1,1,1,0,1
TNFRSF13C,4,1,0,2,3
TNFRSF14,0,3,2,3,1
TNFRSF17,4,2,0,2,4
TNFRSF18,3,0,1,3,4
TNFRSF19,2,3,1,2,1
TNFRSF1A,0,0,1,4,0
TNFRSF1B,2,0,0,2,3
TNFRSF21,1,0,1,1,0
TNFRSF25,0,1,3,0,4
TNFRSF4,2,1,3,3,1
TNFRSF8,3,0,4,1,0
TNFRSF9,1,0,3,1,0
TNFSF10,1,2,2,4,3
TNFSF12,3,1,1,3,4
TNFSF13,3,3,3,2,0
TNFSF13B,0,2,1,1,4
TNFSF14,3,1,3,3,4
TNFSF15,3,2,2,2,1
TNFSF18,2,1,0,1,2
TNFSF4,3,0,3,3,1
TNFSF8,0,2,3,0,1
TNFSF9,2,1,2,0,0
TNIK,0,1,0,2,1
TNIP1,1,4,1,0,0
TNIP2,4,4,4,0,1
TNIP3,4,2,0,1,4
TNK1,4,4,1,1,0
TNK2,1,4,4,3,0
TNKS,2,2,4,3,1
TNKS1BP1,1,3,2,1,3
TNKS2,2,3,3,1,3
TNNC1,2,2,4,3,4
TNNC2,1,2,3,0,3
TNNI1,2,4,2,0,4
TNNI2,1,4,1,3,2
TNNT1,3,4,0,4,4
TNPO1,1,2,0,4,0
TNPO2,0,4,2,0,4
TNPO3,0,4,1,1,1
TNRC18,1,3,2,1,0
TNRC6A,0,3,1,0,0
TNRC6B,1,4,1,2,1
TNRC6C,1,3,3,4,2
TNS1,1,0,4,2,1
TNS2,4,1,3,3,0
TNS3,3,0,3,3,4
TNS4,2,3,2,2,2
TNXB,0,1,4,3,3
TOB1,3,1,4,3,3
TOB2,2,3,4,4,1
TOGARAM1,3,1,4,1,3
TOGARAM2,0,4,1,0,0
TOM1L1,2,4,4,1,0
TOM1L2,2,2,2,0,4
TOMM20L,1,2,1,1,0
TOMM34,3,0,2,4,0
TOMM40,3,4,4,3,2
TOMM40L,4,2,4,1,2
TONSL,3,0,4,1,1
TOP1,3,3,2,0,3
TOP1MT,1,4,0,4,3
TOP2A,4,4,3,2,3
TOP2B,2,2,0,3,1
TOP3A,2,3,0,3,2
TOPBP1,1,0,1,3,1
TOPORS,4,2,1,1,1
TOR1AIP1,1,0,1,2,3
TOR1AIP2,0,4,1,3,1
TOR1B,3,0,3,1,4
TOR3A,0,1,2,1,3
TOR4A,4,0,4,0,1
TOX,1,1,4,4,0
TOX2,0,4,2,4,2
TOX3,0,3,0,2,0
TP53,2,2,0,2,2
TP53BP1,2,3,3,0,2
TP53BP2,4,3,4,1,3
TP53I11,1,3,4,2,3
TP53I13,1,2,3,0,2
TP53I3,4,4,1,3,3
TP53INP1,0,2,2,3,3
TP53INP2,1,2,1,1,0
TP63,2,3,0,3,2
TP73,4,1,2,3,4
TPBG,4,2,2,4,4
TPBGL,2,3,3,1,0
TPCN1,3,2,3,1,2
TPCN2,0,2,2,1,1
TPD52,4,4,2,2,1
TPD52L1,2,0,3,3,3
TPGS2,1,0,4,1,1
TPI1,3,3,3,2,1
TPM1,2,4,2,0,0
TPM2,1,0,2,4,0
TPM4,1,1,1,3,3
TPMT,1,0,1,2,0
TPP1,1,0,3,1,0
TPP2,4,0,0,1,3
TPPP,2,2,0,1,3
TPPP3,2,3,2,2,2
TPR,2,0,1,3,3
TPRG1,0,4,0,0,4
TPRG1L,0,0,4,4,0
TPRKB,2,0,0,2,0
TPRN,2,3,2,3,0
TPSAB1,2,4,2,3,4
TPSB2,0,4,2,0,0
TPSD1,1,3,2,0,4
TPST1,1,0,4,2,2
TPST2,1,3,1,2,1
TPT1,2,2,1,4,1
TPX2,3,4,4,2,0
TRA2B,4,4,1,2,2
TRABD,4,2,0,1,0
TRABD2A,1,2,3,2,3
TRABD2B,0,2,0,3,1
TRADD,0,1,1,1,1
TRAF1,3,0,1,0,4
TRAF2,4,2,2,4,3
TRAF3,1,0,2,2,4
TRAF3IP1,4,1,4,3,2
TRAF3IP2,2,4,1,2,3
TRAF3IP3,1,1,3,1,1
TRAF4,0,0,4,2,1
TRAF5,1,2,0,4,4
TRAF7,0,3,3,2,3
TRAIP,0,0,2,4,2
TRAK1,3,0,3,2,3
TRAK2,2,2,4,0,4
TRAM1,2,0,4,1,0
TRAM1L1,3,1,1,1,4
TRAM2,2,3,2,4,3
TRANK1,4,0,0,2,4
TRAP1,3,2,2,3,2
TRAPPC1,2,1,4,3,4
TRAPPC10,1,4,4,1,2
TRAPPC11,3,1,4,2,3
TRAPPC13,4,0,4,2,3
TRAPPC2,2,3,4,0,0
TRAPPC2L,1,4,4,4,4
TRAPPC4,3,0,3,3,1
TRAPPC6A,3,4,2,2,1
TRAPPC6B,4,3,2,2,0
TRAPPC8,0,1,0,1,3
TRAPPC9,2,2,3,3,4
TRAT1,1,4,2,4,1
TRDMT1,3,2,1,1,0
TREM1,3,0,1,3,0
TREM2,3,1,0,2,1
TREML1,0,3,0,3,4
TRERF1,3,0,1,3,4
TRIAP1,3,0,2,2,0
TRIB1,4,0,2,1,3
TRIB2,0,0,3,2,3
TRIB3,1,0,1,2,2
TRIL,3,2,3,3,4
TRIM11,1,1,2,3,1
TRIM13,4,3,4,4,2
TRIM14,2,0,4,4,0
TRIM16,2,2,0,4,2
TRIM16L,4,0,2,3,2
TRIM17,4,3,1,4,3
TRIM2,2,3,0,2,0
TRIM21,4,3,0,2,1
TRIM22,4,0,2,2,4
TRIM23,0,2,2,1,2
TRIM24,1,4,0,3,4
TRIM25,3,0,4,1,0
TRIM26,3,0,4,2,2
TRIM28,0,4,0,4,2
TRIM29,2,4,4,4,1
TRIM3,0,4,0,2,0
TRIM31,0,3,0,3,1
TRIM32,3,1,0,2,4
TRIM33,1,2,3,0,2
TRIM35,2,1,3,3,2
TRIM36,2,1,4,1,0
TRIM37,4,3,4,2,1
TRIM39,1,2,2,3,1
TRIM4,2,3,0,2,3
TRIM41,0,2,3,0,4
TRIM44,4,4,4,0,0
TRIM45,1,4,3,4,3
TRIM46,1,4,4,0,4
TRIM47,3,4,3,0,2
TRIM5,2,0,1,4,1
TRIM52,2,2,1,3,1
TRIM55,1,4,0,1,1
TRIM56,2,3,0,1,3
TRIM59,1,2,3,0,0
TRIM6,0,3,4,2,3
TRIM61,3,1,2,2,3
TRIM62,1,2,3,2,1
TRIM65,4,0,0,1,1
TRIM66,1,3,3,3,1
TRIM68,0,1,4,0,4
TRIM69,3,1,4,1,0
TRIM7,4,4,3,1,0
TRIM8,1,2,1,3,1
TRIO,3,0,1,3,4
TRIOBP,4,0,3,0,1
TRIP10,2,3,0,1,1
TRIP11,4,1,2,2,0
TRIP12,2,4,1,0,3
TRIP13,0,4,2,4,0
TRIP4,2,2,0,1,3
TRIP6,2,3,3,0,4
TRIQK,1,0,0,3,0
TRIT1,2,1,4,1,2
TRMT1,4,0,1,1,0
TRMT10A,3,3,4,3,0
TRMT10B,1,0,4,3,4
TRMT10C,1,3,0,0,4
TRMT112,2,3,0,4,3
TRMT13,0,1,0,0,0
TRMT1L,3,3,4,0,4
TRMT2A,3,2,3,0,3
TRMT2B,2,2,2,4,2
TRMT61A,2,1,0,4,2
TRMT61B,4,3,1,0,1
TRMT9B,4,1,2,3,3
TRNP1,1,0,4,4,4
TRNT1,1,4,1,1,1
TRO,4,1,2,4,0
TROAP,1,3,0,1,4
TRPC1,4,1,3,3,1
TRPC6,4,0,2,1,1
TRPM2,1,0,1,3,0
TRPM4,3,4,4,0,0
TRPM7,1,2,3,2,0
TRPS1,1,4,3,1,1
TRPT1,1,1,1,4,2
TRPV1,0,3,3,4,3
TRPV2,1,2,4,0,2
TRPV4,1,3,3,4,2
TRRAP,1,2,4,3,3
TRUB1,1,0,1,0,4
TSC1,2,1,2,3,3
TSC2,0,4,0,3,1
TSC22D1,0,4,1,4,0
TSC22D2,4,3,4,1,3
TSC22D3,0,0,3,4,0
TSC22D4,1,0,0,0,0
TSEN15,2,4,0,2,0
TSEN2,4,2,2,1,1
TSEN54,3,0,0,2,4
TSGA10,3,2,4,1,0
TSHZ1,2,1,4,0,0
TSHZ2,4,4,2,2,3
TSHZ3,4,4,0,1,3
TSKU,2,0,4,3,3
TSLP,0,1,4,1,2
TSNARE1,4,4,1,4,2
TSNAXIP1,2,1,3,3,2
TSPAN1,3,4,2,2,1
TSPAN10,1,2,2,1,2
TSPAN11,3,1,2,4,3
TSPAN12,2,3,3,1,4
TSPAN13,4,2,0,4,1
TSPAN15,2,3,4,0,2
TSPAN17,0,3,3,0,4
TSPAN18,2,1,0,3,2
TSPAN19,3,0,1,1,0
TSPAN2,1,1,2,1,1
TSPAN3,3,0,2,4,2
TSPAN32,1,1,1,4,3
TSPAN33,0,4,2,2,2
TSPAN4,1,1,2,1,3
TSPAN5,4,1,4,1,0
TSPAN6,0,3,4,3,4
TSPAN7,1,1,3,1,3
TSPAN8,3,4,2,4,4
TSPAN9,3,4,1,0,4
TSPO,3,2,2,1,4
TSPOAP1,0,1,3,0,4
TSPYL1,1,1,3,0,3
TSPYL2,0,3,0,0,2
TSPYL4,3,4,2,4,2
TSPYL5,2,4,4,2,2
TSR1,3,1,4,1,4
TSR3,4,1,3,3,4
TSSC4,0,4,1,1,1
TSSK4,4,4,4,3,1
TSSK6,4,3,3,3,3
TST,1,4,2,4,2
TSTD1,1,1,4,3,2
TSTD2,2,2,0,2,0
TTBK2,3,3,2,3,4
TTC12,0,3,3,1,0
TTC13,2,4,2,0,0
TTC14,2,4,0,1,0
TTC17,2,3,4,4,1
TTC19,1,2,1,1,4
TTC21A,0,0,3,3,3
TTC21B,2,1,1,3,4
TTC22,4,3,4,2,0
TTC23,0,4,4,2,3
TTC25,1,4,3,2,2
TTC26,4,2,2,0,2
TTC27,4,3,0,2,0
TTC28,2,1,3,1,0
TTC29,4,3,4,4,4
TTC3,0,4,1,4,1
TTC30A,4,1,3,0,3
TTC30B,1,2,3,0,3
TTC31,1,1,1,1,2
TTC32,4,1,1,0,3
TTC33,0,3,4,3,3
TTC37,3,0,2,4,1
TTC38,0,2,2,0,2
TTC39A,2,4,0,0,1
TTC39B,3,0,3,4,4
TTC39C,1,0,0,3,2
TTC5,2,2,0,1,0
TTC6,0,0,1,1,4
TTC7A,4,1,3,2,2
TTC7B,1,1,4,3,4
TTC8,2,1,3,1,2
TTC9,4,0,3,0,3
TTF1,4,2,0,2,2
TTF2,4,0,4,4,4
TTI1,3,4,2,4,1
TTK,0,1,0,2,0
TTL,2,3,3,2,0
TTLL1,2,1,0,4,1
TTLL11,0,1,4,2,1
TTLL12,2,3,0,3,4
TTLL3,1,2,3,2,0
TTLL4,3,0,1,0,2
TTLL5,0,2,0,1,2
TTLL6,1,3,1,4,4
TTLL7,2,3,3,1,3
TTPA,4,2,4,1,0
TTPAL,3,0,0,0,0
TTYH2,2,1,3,3,0
TTYH3,0,0,4,3,2
TUB,1,1,2,0,1
TUBA1A,1,0,3,4,2
TUBA1B,0,0,3,0,2
TUBA1C,2,2,2,0,4
TUBA4A,4,2,1,2,2
TUBA4B,3,1,1,4,4
TUBB,0,4,4,0,3
TUBB2A,2,2,4,3,3
TUBB2B,3,0,0,2,2
TUBB4B,4,2,4,1,2
TUBB6,1,0,2,1,0
TUBD1,4,1,1,2,0
TUBE1,4,4,3,3,0
TUBG1,0,0,0,4,0
TUBG2,1,4,3,4,4
TUBGCP2,4,1,2,1,2
TUBGCP3,4,4,0,0,4
TUBGCP4,4,3,2,0,4
TUBGCP5,0,1,2,0,3
TUBGCP6,0,1,4,2,1
TUFT1,1,3,4,2,2
TUG1,4,2,4,2,3
TULP3,1,1,4,2,1
TULP4,2,2,0,2,4
TUSC1,0,2,4,0,1
TUSC2,2,0,4,4,0
TUSC3,0,2,3,4,3
TUT1,4,4,1,0,4
TUT4,4,3,4,3,3
TUT7,0,0,2,4,0
TVP23A,1,4,2,2,0
TVP23B,1,0,4,3,2
TWF1,4,3,0,2,4
TWF2,4,2,1,0,0
TWIST1,4,1,0,1,0
TWIST2,0,2,2,3,2
TWNK,4,2,1,3,2
TWSG1,2,0,3,4,1
TXK,4,0,1,0,0
TXLNB,1,2,4,2,2
TXLNG,1,1,2,1,4
TXN,2,1,2,2,4
TXN2,3,2,2,1,3
TXNDC11,0,4,0,1,4
TXNDC12,3,2,0,4,0
TXNDC15,1,3,1,2,3
TXNDC16,0,2,1,0,4
TXNDC17,2,1,2,4,0
TXNIP,0,3,1,4,0
TXNRD1,4,3,2,3,2
TXNRD2,2,1,1,4,1
TXNRD3,1,3,2,0,1
TYK2,2,4,3,4,2
TYMP,1,2,0,4,3
TYMS,0,3,1,4,4
TYRO3,1,3,3,1,3
TYROBP,3,3,0,2,1
TYRP1,3,1,4,1,4
TYSND1,1,0,1,1,3
TYW1,0,0,2,4,1
TYW1B,2,1,2,4,3
TYW3,0,2,3,4,0
U2AF1L4,3,2,2,4,2
U2AF2,2,0,1,1,4
U2SURP,1,0,0,3,4
UACA,3,1,1,3,3
UAP1,1,0,0,1,3
UAP1L1,0,0,4,3,2
UBA1,4,1,4,4,2
UBA52,4,2,4,3,4
UBA6,0,2,1,4,1
UBA7,0,4,0,2,4
UBAC1,0,0,1,0,4
UBAC2,4,3,1,4,3
UBALD1,4,4,3,1,1
UBALD2,3,2,2,2,2
UBAP1,0,0,0,2,2
UBAP1L,0,2,0,2,0
UBAP2,2,4,4,2,1
UBAP2L,4,3,3,2,2
UBASH3A,2,2,2,0,3
UBASH3B,2,1,1,1,1
UBB,0,2,1,3,4
UBC,1,1,2,0,3
UBE2A,1,2,4,1,1
UBE2B,2,1,0,3,4
UBE2C,2,3,1,3,2
UBE2D1,4,4,0,2,4
UBE2E1,1,3,4,1,1
UBE2E3,4,4,0,3,4
UBE2G1,4,0,0,3,0
UBE2H,3,0,3,4,0
UBE2K,1,3,1,4,4
UBE2L6,0,4,3,0,4
UBE2M,1,2,1,1,0
UBE2O,3,4,2,4,3
UBE2Q2,2,2,0,2,0
UBE2S,3,2,0,4,2
UBE2T,1,4,0,0,2
UBE2V1,3,0,1,3,1
UBE2V2,3,2,4,1,1
UBE2W,1,4,2,2,4
UBE3A,3,1,2,2,1
UBE3B,2,4,4,2,4
UBE3C,1,2,1,0,4
UBE4A,1,4,4,0,4
UBE4B,2,0,4,3,4
UBFD1,2,1,0,2,3
UBL3,1,2,4,2,4
UBL4A,1,4,1,1,4
UBL5,4,2,3,0,2
UBN1,2,4,4,0,3
UBN2,0,0,1,2,3
UBP1,3,0,2,3,2
UBQLN4,0,2,1,2,0
UBQLNL,4,4,3,0,4
UBR1,3,2,2,0,0
UBR2,0,0,3,2,2
UBR3,4,2,3,2,1
UBR4,4,0,4,4,0
UBR5,3,3,3,4,4
UBTD1,4,2,4,3,1
UBTD2,1,3,1,2,1
UBTF,2,3,4,0,0
UBXN10,0,2,2,2,0
UBXN11,4,4,0,3,3
UBXN2A,4,3,1,1,4
UBXN2B,3,0,0,4,1
UBXN4,1,3,2,0,3
UBXN7,1,0,1,2,3
UCHL1,4,1,2,3,4
UCHL5,3,0,3,1,0
UCK1,4,1,2,1,3
UCK2,3,4,1,1,4
UCKL1,3,0,1,3,4
UCN,4,0,4,3,0
UCN3,3,4,0,4,3
UCP2,1,1,1,4,2
UCP3,0,3,4,1,0
UEVLD,2,4,2,3,0
UFC1,0,1,4,4,0
UFL1,0,2,1,0,1
UFSP1,0,4,1,2,3
UGCG,0,1,4,4,0
UGDH,3,3,4,3,4
UGGT1,2,1,4,3,2
UGGT2,0,4,1,2,0
UGT2B17,1,4,3,0,4
UGT2B4,3,3,2,0,3
UGT2B7,0,0,2,2,0
UGT8,2,0,3,1,3
UHMK1,1,2,0,0,1
UHRF1,2,1,3,0,0
UHRF1BP1,3,1,1,3,4
UHRF1BP1L,1,1,2,3,2
UHRF2,3,3,2,4,1
UIMC1,3,2,0,4,3
ULBP1,4,0,2,3,2
ULBP2,4,3,0,3,4
ULBP3,2,1,2,2,3
ULK1,3,2,2,1,4
ULK2,4,2,2,0,4
ULK3,0,2,1,1,2
ULK4,4,1,1,3,3
UMAD1,0,3,1,2,4
UNC119B,0,4,4,0,0
UNC13B,3,3,2,4,4
UNC13D,0,2,3,0,2
UNC45A,3,0,2,4,0
UNC5A,4,3,1,4,2
UNC5B,2,3,2,0,2
UNC5C,1,0,3,0,2
UNC5CL,0,2,1,1,3
UNC93B1,4,2,0,0,4
UNG,3,3,1,4,4
UNKL,1,3,4,4,3
UPF1,2,1,2,3,2
UPF2,0,1,4,3,2
UPF3A,3,3,0,4,4
UPF3B,0,3,3,2,3
UPK1B,0,3,0,3,4
UPK2,4,3,0,2,4
UPK3A,0,3,3,2,0
UPK3B,4,2,1,1,3
UPP1,0,0,0,3,0
UQCC1,4,3,1,2,3
UQCC2,1,4,2,4,0
UQCC3,0,2,2,1,3
UQCR10,4,2,3,0,0
UQCR11,3,3,1,2,2
UQCRC1,4,4,0,0,0
UQCRH,2,3,4,2,2
UQCRHL,0,1,2,1,1
UQCRQ,2,3,2,3,3
URB1,4,1,4,2,1
URB2,0,2,3,1,3
URGCP,4,3,4,3,2
URI1,1,4,3,0,2
UROD,2,3,0,3,2
USF1,0,1,1,4,3
USF3,0,2,2,0,0
USO1,1,1,0,2,3
USP1,4,0,1,0,0
USP10,3,3,0,1,2
USP11,3,0,4,2,2
USP12,3,1,0,4,0
USP13,1,0,1,2,0
USP15,2,2,4,3,2
USP16,2,2,3,0,2
USP18,0,2,3,3,0
USP19,3,4,1,4,0
USP2,4,3,3,2,2
USP20,2,4,2,2,1
USP21,3,4,0,2,0
USP22,1,2,3,3,4
USP24,2,3,2,0,0
USP25,3,2,2,1,3
USP27X,3,3,1,4,3
USP28,3,4,1,1,3
USP30,0,4,1,4,4
USP31,2,1,1,3,1
USP32,4,0,0,4,1
USP33,4,1,4,4,4
USP34,3,3,0,0,0
USP35,1,1,4,4,4
USP36,3,2,0,1,2
USP37,1,0,1,2,2
USP38,1,4,3,4,4
USP42,4,1,1,4,2
USP43,3,0,1,4,4
USP44,0,0,1,1,0
USP45,0,3,0,4,2
USP46,0,1,4,3,0
USP47,1,3,2,2,1
USP48,1,3,4,2,4
USP49,2,4,3,3,2
USP5,0,2,3,0,3
USP51,4,3,4,1,4
USP53,0,4,1,3,0
USP54,3,4,1,4,2
USP6NL,4,1,2,3,4
USP7,3,2,2,1,4
USP8,4,2,2,0,4
USP9X,4,0,1,3,1
USP9Y,1,0,0,1,1
UST,1,2,2,0,1
UTP20,0,1,0,3,0
UTP23,0,0,3,1,2
UTP25,2,0,1,3,1
UTP4,1,0,2,2,4
UTRN,4,0,3,4,4
UTY,3,3,0,4,1
UVRAG,3,0,2,0,1
UVSSA,4,4,4,4,2
UXS1,2,2,3,4,0
VAMP1,3,1,1,0,1
VAMP2,0,3,4,1,3
VAMP4,2,4,4,3,4
VAMP5,3,1,1,1,3
VAMP8,2,2,0,1,4
VANGL1,1,4,2,2,0
VANGL2,1,3,0,3,2
VAPA,3,4,3,1,3
VAPB,1,3,4,0,0
VARS1,2,4,2,4,0
VASH1,0,2,3,4,2
VASH2,3,4,3,2,3
VASN,4,4,1,0,1
VASP,2,4,4,1,2
VAT1,0,1,2,1,2
VAT1L,3,3,2,3,2
VAV1,2,2,0,4,2
VAV2,4,2,2,2,1
VAV3,2,0,3,1,2
VAX2,2,1,2,2,3
VCAM1,4,0,0,2,0
VCAN,2,3,4,1,3
VCL,2,2,1,0,3
VCP,3,4,0,1,2
VCPIP1,2,4,0,3,2
VCPKMT,2,2,4,3,0
VDAC3,3,0,3,4,3
VDR,0,4,1,0,1
VEGFA,0,0,1,0,2
VEGFC,4,3,3,1,0
VEGFD,1,4,4,0,0
VENTX,2,0,3,1,4
VEPH1,3,4,2,1,4
VEZF1,4,0,4,4,1
VGLL1,1,2,3,3,2
VGLL3,4,3,3,3,2
VGLL4,4,1,4,4,1
VHL,1,2,3,1,1
VILL,4,2,4,1,0
VIM,1,4,3,3,4
VIPR1,2,0,3,2,1
VIRMA,1,4,3,4,0
VKORC1,2,2,0,0,4
VKORC1L1,4,2,0,3,4
VLDLR,1,2,4,1,3
VMAC,1,2,1,4,4
VMO1,4,0,3,4,4
VMP1,1,3,4,4,3
VN1R1,4,0,4,1,0
VNN1,2,2,1,0,1
VNN2,2,4,3,4,0
VNN3,3,3,1,0,0
VPREB3,3,2,1,3,2
VPS11,1,3,3,4,0
VPS13A,4,4,4,1,1
VPS13B,2,0,2,0,3
VPS13C,3,2,1,0,0
VPS13D,2,0,2,0,4
VPS26B,2,2,0,0,3
VPS28,2,2,2,4,4
VPS29,3,2,0,3,2
VPS35L,3,2,4,4,1
VPS36,2,2,1,2,2
VPS37A,3,3,0,1,2
VPS37B,1,0,0,3,3
VPS37C,2,1,1,0,0
VPS37D,3,2,0,4,3
VPS39,2,0,0,4,3
VPS41,1,0,3,0,2
VPS4B,3,4,2,3,4
VPS50,4,4,4,0,4
VPS52,4,1,0,3,2
VPS54,3,2,1,3,4
VPS8,2,0,2,1,4
VPS9D1,3,1,2,1,1
VRK1,2,0,2,3,2
VRK2,2,4,3,2,3
VSIG1,0,2,0,1,0
VSIG10,0,4,3,4,0
VSIG10L,0,3,2,1,2
VSIG2,2,3,2,1,4
VSIG4,0,1,3,4,4
VSIR,1,1,2,4,2
VSNL1,4,3,3,4,0
VSTM1,1,4,2,1,4
VSTM2L,4,2,3,2,0
VSTM4,0,3,3,2,4
VTA1,3,1,0,0,3
VTCN1,3,4,4,4,2
VTN,1,1,3,0,3
VWA1,4,2,0,4,0
VWA2,0,0,2,4,2
VWA3A,0,4,0,4,3
VWA3B,0,4,2,0,1
VWA5A,3,3,2,1,3
VWA7,3,4,3,4,2
VWA8,4,1,1,4,3
VWDE,2,0,2,2,4
VWF,3,0,3,2,0
WAC,4,0,0,2,3
WAPL,0,1,3,1,0
WARS1,2,2,3,0,1
WARS2,1,3,4,0,2
WAS,1,3,1,0,1
WASF1,2,1,4,0,3
WASF2,0,2,0,0,0
WASF3,4,0,4,1,3
WASH6P,0,2,0,4,4
WASHC1,3,1,3,4,3
WASHC2A,4,1,2,2,0
WASHC2C,2,3,1,4,4
WASHC4,1,1,2,0,1
WASHC5,3,2,0,1,4
WASL,0,1,4,3,1
WBP1,2,1,1,1,0
WBP11,1,3,0,3,4
WBP1L,0,2,3,1,3
WDFY1,0,0,4,1,2
WDFY2,1,3,4,1,0
WDFY3,3,0,1,1,0
WDFY4,4,1,4,2,3
WDR1,3,4,0,2,0
WDR11,0,4,1,1,1
WDR13,1,3,1,2,3
WDR17,3,2,4,0,2
WDR18,4,1,0,1,2
WDR19,2,4,0,2,2
WDR20,3,1,4,4,0
WDR24,3,1,1,2,1
WDR25,4,0,4,0,4
WDR26,1,0,0,0,3
WDR27,4,2,1,2,3
WDR31,0,3,3,1,3
WDR35,1,0,4,3,4
WDR37,3,4,2,3,1
WDR38,1,2,3,2,1
WDR4,1,1,2,4,3
WDR43,1,1,1,3,1
WDR44,2,1,1,1,3
WDR45B,2,2,2,2,2
WDR47,1,0,3,3,1
WDR48,1,2,0,4,4
WDR49,0,0,4,2,1
WDR5,4,4,0,4,2
WDR54,2,4,0,4,1
WDR55,0,1,4,4,0
WDR59,4,0,0,0,2
WDR6,2,1,3,0,2
WDR61,0,2,4,3,0
WDR62,2,0,2,3,4
WDR7,0,0,4,0,2
WDR72,0,2,1,4,0
WDR75,2,2,0,3,1
WDR76,1,1,3,1,0
WDR77,2,0,3,3,2
WDR81,1,3,4,3,2
WDR86,4,4,2,4,0
WDR88,0,3,4,3,0
WDR89,1,4,0,0,1
WDR90,0,2,2,3,1
WDR91,3,4,4,3,2
WDR92,0,2,2,0,4
WDSUB1,3,3,0,3,3
WDTC1,1,4,4,1,1
WEE1,3,3,4,1,3
WFDC1,1,3,0,3,0
WFDC10B,1,4,1,3,2
WFDC12,2,3,2,0,3
WFDC2,3,2,1,3,1
WFDC3,3,2,4,4,3
WFS1,2,0,1,2,2
WHRN,1,0,4,1,1
WIF1,4,1,0,1,0
WIPF1,4,0,0,4,0
WIPF2,2,1,4,4,1
WIPF3,0,3,1,2,3
WIPI1,4,0,0,1,2
WIPI2,3,4,1,0,4
WIZ,0,3,4,1,1
WLS,3,1,3,3,0
WNK1,4,4,2,2,1
WNK2,0,2,2,2,4
WNT10A,0,0,3,2,4
WNT10B,1,1,4,4,3
WNT11,2,0,2,2,4
WNT2,1,2,1,4,2
WNT2B,2,2,3,3,0
WNT3,4,4,2,4,3
WNT3A,1,1,2,2,1
WNT4,3,3,4,1,3
WNT5A,0,1,4,2,3
WNT5B,4,0,3,2,0
WNT7A,2,1,3,4,2
WNT7B,4,1,3,4,0
WNT9A,0,2,1,2,2
WRAP53,1,2,3,3,1
WRN,3,2,0,0,3
WRNIP1,4,4,4,0,4
WSB1,2,4,2,0,1
WSCD1,2,2,0,1,0
WTAP,2,4,2,0,4
WTIP,1,4,0,1,3
WWC1,1,2,1,4,1
WWC2,4,2,3,1,0
WWC3,0,3,1,4,0
WWOX,1,0,1,0,2
WWP1,1,4,0,1,3
WWP2,2,2,3,2,4
WWTR1,2,4,4,2,0
XAB2,1,2,0,1,2
XAF1,1,1,0,3,2
XAGE2,3,3,1,3,0
XBP1,3,0,3,2,2
XCL1,0,1,1,2,0
XCL2,1,3,4,1,4
XCR1,3,1,3,4,4
XDH,4,2,4,1,0
XG,0,0,2,4,2
XIAP,3,3,3,0,2
XIRP1,4,4,0,1,1
XK,2,4,3,2,1
XKR6,2,3,3,1,2
XKR9,0,1,1,3,1
XKRX,4,3,4,0,1
XPA,0,0,4,4,1
XPC,0,3,1,1,4
XPNPEP2,3,2,0,2,4
XPNPEP3,3,1,3,0,3
XPO1,1,2,1,2,0
XPO4,2,1,4,1,3
XPO5,4,3,3,1,4
XPO7,0,3,4,4,1
XPOT,0,1,1,4,1
XPR1,4,4,0,3,4
XRCC1,1,3,3,4,2
XRCC3,0,1,4,0,1
XRCC4,4,2,3,1,0
XRN1,1,2,2,4,1
XRRA1,3,0,0,3,0
XXYLT1,4,4,2,4,0
XYLT1,4,4,3,2,3
XYLT2,0,1,0,3,1
YAE1,4,4,2,1,1
YAP1,4,2,4,1,2
YBEY,3,0,2,2,4
YBX1,0,4,2,1,0
YBX3,2,1,3,0,0
YDJC,3,0,3,2,3
YEATS2,3,3,1,1,1
YEATS4,0,4,4,3,1
YES1,2,0,4,3,4
YIF1A,4,0,0,4,1
YIF1B,2,4,4,1,3
YIPF2,0,4,0,2,4
YIPF6,1,4,3,2,4
YJEFN3,2,0,4,2,0
YLPM1,0,1,1,1,2
YOD1,2,0,0,2,2
YPEL1,3,0,3,0,2
YPEL2,1,4,4,0,4
YPEL3,1,1,3,3,0
YPEL4,1,0,0,3,1
YPEL5,3,1,0,0,2
YRDC,0,3,2,1,3
YTHDC1,0,2,0,2,0
YTHDC2,2,4,3,4,2
YTHDF1,4,0,1,0,1
YTHDF3,0,2,2,1,3
YWHAG,0,4,3,2,2
YWHAQ,3,1,1,4,0
ZADH2,4,1,2,2,4
ZAP70,4,2,1,3,4
ZBBX,0,0,2,1,0
ZBED1,0,4,3,1,2
ZBED2,3,2,2,4,1
ZBED3,2,0,2,2,0
ZBED4,0,4,1,2,1
ZBED5,4,0,3,1,1
ZBED6CL,3,1,0,3,2
ZBED8,3,1,3,4,3
ZBED9,3,4,3,0,0
ZBP1,4,4,3,0,3
ZBTB1,1,1,3,2,3
ZBTB10,0,1,4,3,3
ZBTB11,4,3,1,3,1
ZBTB12,2,4,2,2,2
ZBTB16,2,0,2,2,0
ZBTB17,2,4,1,1,3
ZBTB18,1,2,2,3,2
ZBTB21,3,0,1,3,0
ZBTB22,3,3,3,3,3
ZBTB24,4,3,0,1,2
ZBTB26,1,4,4,4,2
ZBTB3,1,4,1,4,0
ZBTB32,4,4,4,3,1
ZBTB33,1,2,1,3,0
ZBTB34,3,3,3,0,2
ZBTB37,2,4,4,2,1
ZBTB38,0,1,2,0,2
ZBTB39,0,2,0,2,1
ZBTB4,1,3,2,2,0
ZBTB40,3,3,3,2,2
ZBTB41,1,1,2,3,0
ZBTB42,2,0,4,2,2
ZBTB43,1,1,4,4,1
ZBTB44,3,4,1,3,2
ZBTB45,3,4,3,4,4
ZBTB46,4,1,0,1,1
ZBTB47,3,4,2,1,0
ZBTB49,1,1,2,1,4
ZBTB5,2,0,4,4,3
ZBTB6,1,1,4,1,2
ZBTB7A,1,2,2,0,3
ZBTB7B,2,0,0,3,4
ZBTB7C,2,2,3,0,1
ZBTB8A,2,2,0,2,3
ZBTB9,0,0,0,2,4
ZC2HC1A,4,0,2,3,1
ZC2HC1C,3,2,2,0,1
ZC3H12A,4,0,1,2,4
ZC3H12B,2,3,4,3,3
ZC3H12C,1,4,3,1,0
ZC3H12D,2,3,2,1,0
ZC3H13,1,0,0,4,1
ZC3H14,2,0,3,1,1
ZC3H18,1,4,0,1,4
ZC3H3,2,2,2,1,4
ZC3H4,2,0,4,3,1
ZC3H6,2,2,3,3,0
ZC3H7A,1,0,1,0,4
ZC3H7B,4,3,2,3,3
ZC3H8,3,1,4,1,2
ZC3HAV1,3,3,4,0,2
ZC3HAV1L,0,4,4,3,3
ZC4H2,1,4,1,3,4
ZCCHC12,2,2,3,0,3
ZCCHC14,2,0,0,0,0
ZCCHC2,1,4,3,2,1
ZCCHC24,3,2,1,2,4
ZCCHC3,0,2,4,2,2
ZCCHC4,1,4,3,0,2
ZCCHC7,0,4,0,2,1
ZCCHC8,4,4,3,0,0
ZCCHC9,0,4,4,2,2
ZCWPW1,0,0,3,2,2
ZDBF2,2,0,3,2,2
ZDHHC1,1,3,3,3,4
ZDHHC11,0,2,3,0,4
ZDHHC11B,4,0,4,0,2
ZDHHC12,2,1,0,4,4
ZDHHC13,4,2,1,1,2
ZDHHC14,2,0,1,0,2
ZDHHC15,3,4,4,4,1
ZDHHC16,1,1,4,3,4
ZDHHC17,4,2,3,4,4
ZDHHC18,3,2,4,0,1
ZDHHC2,2,1,3,4,2
ZDHHC21,1,1,2,4,3
ZDHHC23,3,1,1,2,0
ZDHHC3,4,1,3,2,4
ZDHHC7,4,3,1,4,2
ZDHHC8,1,1,3,0,2
ZDHHC9,3,1,2,3,1
ZEB1,4,1,4,2,4
ZEB2,2,2,2,1,3
ZER1,0,4,0,0,0
ZFAND1,2,4,4,0,0
ZFAND2A,0,4,2,3,0
ZFAND3,1,1,0,4,0
ZFAND4,3,2,4,3,1
ZFAND5,3,1,0,4,0
ZFC3H1,1,3,2,1,3
ZFHX2,2,3,4,2,3
ZFHX3,0,4,2,2,4
ZFP1,2,3,2,2,1
ZFP14,2,1,1,0,3
ZFP2,0,1,0,3,2
ZFP28,0,1,4,2,2
ZFP3,4,2,3,3,2
ZFP30,2,2,2,1,4
ZFP36,3,4,4,1,3
ZFP36L1,1,0,0,2,0
ZFP36L2,0,3,1,2,3
ZFP37,0,1,4,4,3
ZFP41,2,3,3,2,0
ZFP57,2,2,0,0,2
ZFP62,1,1,0,1,1
ZFP64,4,2,2,4,4
ZFP69,0,4,2,3,0
ZFP69B,0,0,3,2,1
ZFP82,0,4,3,2,2
ZFP90,2,3,2,4,1
ZFP91,4,2,4,4,1
ZFP92,4,3,3,0,4
ZFPM2,1,0,0,1,4
ZFR,0,4,2,0,3
ZFX,3,0,3,2,2
ZFY,0,2,4,0,0
ZFYVE1,1,4,3,4,0
ZFYVE16,2,1,2,1,1
ZFYVE19,2,4,4,2,2
ZFYVE21,4,4,1,3,1
ZFYVE26,3,0,3,2,0
ZFYVE27,1,2,2,3,2
ZFYVE28,1,3,4,0,4
ZFYVE9,0,4,4,0,1
ZG16B,4,0,4,1,0
ZGPAT,2,1,3,3,3
ZGRF1,3,2,1,2,1
ZHX1,4,3,4,0,0
ZHX2,2,3,3,3,0
ZHX3,0,2,2,4,1
ZIK1,1,4,0,2,4
ZKSCAN1,2,4,4,2,2
ZKSCAN2,2,2,0,3,4
ZKSCAN3,0,4,1,4,1
ZKSCAN4,1,4,1,4,2
ZKSCAN5,0,3,0,0,4
ZKSCAN7,4,1,0,0,0
ZKSCAN8,4,0,2,4,3
ZMAT1,4,0,3,2,4
ZMAT3,2,0,4,2,2
ZMAT5,2,4,0,1,4
ZMIZ1,0,3,3,0,1
ZMIZ2,0,0,3,1,2
ZMYM1,1,0,2,3,3
ZMYM2,4,2,3,0,3
ZMYM3,0,2,3,4,3
ZMYM4,0,4,0,4,1
ZMYM5,2,0,0,2,1
ZMYND10,4,3,4,4,1
ZMYND11,1,4,0,1,1
ZMYND12,4,0,2,1,4
ZMYND15,0,1,2,3,1
ZMYND19,3,3,1,4,3
ZMYND8,3,0,4,0,3
ZNF10,0,2,3,4,4
ZNF100,2,3,3,1,4
ZNF101,0,4,1,2,3
ZNF106,4,1,3,3,0
ZNF107,2,2,2,0,3
ZNF112,0,1,2,3,2
ZNF114,3,0,1,0,2
ZNF117,3,3,2,1,2
ZNF12,2,1,2,3,0
ZNF121,0,2,1,0,3
ZNF124,3,4,3,1,0
ZNF131,1,0,2,4,3
ZNF132,4,0,4,2,2
ZNF134,2,1,1,4,3
ZNF135,1,1,0,2,2
ZNF136,0,1,0,3,2
ZNF138,4,0,4,4,3
ZNF14,3,4,2,3,1
ZNF140,4,3,3,2,3
ZNF141,1,0,2,2,3
ZNF142,4,1,0,0,3
ZNF143,0,1,2,3,1
ZNF146,1,0,1,4,4
ZNF148,0,1,4,3,0
ZNF154,3,4,1,2,2
ZNF155,2,0,0,0,2
ZNF16,1,0,0,4,0
ZNF160,2,2,4,2,1
ZNF165,4,3,1,2,4
ZNF169,4,3,0,0,2
ZNF17,3,4,2,0,1
ZNF175,2,2,4,3,3
ZNF180,3,2,1,1,2
ZNF181,1,2,2,4,4
ZNF182,2,2,1,4,2
ZNF184,2,3,2,2,0
ZNF185,2,3,4,1,1
ZNF189,1,2,2,4,2
ZNF19,4,3,3,3,2
ZNF195,2,4,2,0,3
ZNF197,2,4,0,1,1
ZNF202,3,3,2,1,3
ZNF205,3,2,4,1,1
ZNF211,0,4,4,2,1
ZNF212,2,1,0,4,4
ZNF213,2,2,4,2,3
ZNF214,1,4,0,4,1
ZNF217,0,4,3,3,4
ZNF219,1,3,2,2,2
ZNF22,1,2,2,1,3
ZNF221,1,4,1,1,3
ZNF222,0,4,2,4,0
ZNF224,3,2,0,4,2
ZNF225,0,3,3,0,2
ZNF226,0,1,4,0,2
ZNF227,2,4,4,4,3
ZNF229,1,3,3,4,4
ZNF230,0,0,4,1,2
ZNF232,3,4,0,1,3
ZNF233,1,0,0,1,3
ZNF234,1,1,0,0,3
ZNF235,1,4,1,4,0
ZNF236,4,0,4,4,2
ZNF239,3,3,3,2,1
ZNF24,2,0,1,2,2
ZNF248,0,0,4,2,4
ZNF25,1,1,3,4,2
ZNF250,2,4,4,4,1
ZNF251,1,3,2,1,4
ZNF253,2,0,4,3,4
ZNF254,4,2,1,1,1
ZNF256,1,1,1,1,1
ZNF257,0,2,4,2,1
ZNF26,0,4,3,4,0
ZNF260,0,0,1,3,2
ZNF264,4,2,0,2,0
ZNF266,4,0,4,0,0
ZNF267,2,1,3,2,4
ZNF268,3,2,4,0,1
ZNF273,2,3,0,1,0
ZNF274,1,3,0,4,0
ZNF275,2,0,3,1,3
ZNF276,1,4,2,4,3
ZNF277,1,1,0,2,3
ZNF28,1,3,3,4,3
ZNF280C,0,0,4,0,2
ZNF281,0,0,2,3,1
ZNF282,4,4,4,2,0
ZNF283,0,4,0,4,4
ZNF284,0,2,1,4,1
ZNF285,3,1,1,2,0
ZNF286A,0,3,3,2,3
ZNF287,4,0,1,1,4
ZNF292,2,1,1,2,4
ZNF296,2,0,4,1,2
ZNF3,0,1,4,4,1
ZNF30,1,3,4,0,4
ZNF300,1,1,3,1,1
ZNF302,2,0,3,4,2
ZNF311,4,2,1,4,4
ZNF316,2,3,4,1,4
ZNF317,4,4,1,3,0
ZNF318,1,4,4,1,0
ZNF319,3,2,3,1,4
ZNF32,0,2,0,2,1
ZNF320,4,0,1,0,2
ZNF322,0,2,2,1,2
ZNF324,2,4,0,0,0
ZNF326,4,3,4,4,3
ZNF329,2,0,4,4,3
ZNF330,1,3,4,1,1
ZNF331,1,4,0,0,2
ZNF333,2,2,2,1,1
ZNF334,0,4,1,2,4
ZNF337,4,2,4,2,3
ZNF33A,0,1,1,3,3
ZNF33B,4,2,2,2,1
ZNF34,0,2,0,1,1
ZNF341,1,3,4,2,4
ZNF343,4,1,3,2,4
ZNF345,4,1,3,1,0
ZNF347,3,4,2,1,2
ZNF35,2,4,3,2,3
ZNF350,2,3,1,3,0
ZNF354A,4,2,3,4,2
ZNF354B,4,2,2,1,0
ZNF354C,0,3,3,2,0
ZNF358,0,3,3,2,2
ZNF362,4,2,3,2,3
ZNF365,1,0,2,4,4
ZNF366,4,2,2,2,2
ZNF367,4,4,2,0,3
ZNF37A,4,4,4,2,0
ZNF383,3,1,4,1,1
ZNF384,3,2,2,1,1
ZNF385A,4,1,0,0,2
ZNF385B,1,3,3,4,3
ZNF385C,0,4,1,3,3
ZNF385D,3,1,4,3,0
ZNF391,2,0,3,1,1
ZNF395,1,3,3,4,1
ZNF396,4,0,1,1,4
ZNF397,0,2,0,2,3
ZNF398,3,1,3,3,3
ZNF404,0,2,3,2,0
ZNF407,3,3,0,0,2
ZNF408,3,4,3,2,2
ZNF41,1,3,4,1,4
ZNF415,4,1,1,4,2
ZNF416,2,0,4,1,2
ZNF417,0,1,3,1,2
ZNF418,3,2,4,2,4
ZNF419,0,4,1,2,3
ZNF420,0,1,0,1,4
ZNF423,2,2,0,2,1
ZNF425,3,3,1,1,3
ZNF426,4,4,0,1,2
ZNF428,1,4,1,0,0
ZNF429,0,2,1,0,1
ZNF43,0,3,1,4,1
ZNF431,1,1,1,2,1
ZNF432,0,3,4,0,1
ZNF433,2,3,3,1,4
ZNF436,1,2,4,0,4
ZNF439,1,0,0,4,1
ZNF44,1,2,0,1,3
ZNF440,4,3,0,3,3
ZNF441,0,4,4,1,3
ZNF442,4,0,1,3,2
ZNF443,3,1,4,1,0
ZNF444,4,2,2,2,3
ZNF445,1,4,0,3,3
ZNF45,1,2,0,2,4
ZNF451,4,2,0,3,2
ZNF454,1,2,4,4,1
ZNF460,2,0,3,1,3
ZNF461,0,1,0,1,1
ZNF462,0,0,0,3,1
ZNF467,2,1,2,2,0
ZNF469,2,4,4,4,4
ZNF470,0,2,1,2,3
ZNF471,0,3,3,2,3
ZNF473,3,1,3,1,2
ZNF474,2,0,4,1,4
ZNF48,1,3,4,1,2
ZNF480,1,0,4,0,0
ZNF483,1,1,3,1,4
ZNF484,1,1,3,2,4
ZNF485,4,0,4,2,2
ZNF486,2,2,0,3,2
ZNF487,1,3,2,0,2
ZNF490,0,0,2,2,2
ZNF491,0,1,4,3,1
ZNF493,2,0,4,1,0
ZNF496,4,0,3,3,3
ZNF501,4,0,0,3,3
ZNF502,3,2,3,0,0
ZNF503,2,0,1,2,4
ZNF506,4,0,0,1,2
ZNF507,3,3,1,2,2
ZNF510,0,3,3,4,3
ZNF511,4,4,3,2,2
ZNF512,2,0,2,3,0
ZNF512B,3,3,0,1,3
ZNF513,1,1,2,4,4
ZNF514,3,2,3,4,4
ZNF516,3,2,3,1,1
ZNF517,4,3,3,1,3
ZNF518A,0,3,1,2,1
ZNF518B,4,2,2,0,4
ZNF521,4,1,4,0,3
ZNF524,2,3,2,0,0
ZNF525,4,0,1,1,1
ZNF526,4,2,1,4,1
ZNF527,0,2,2,2,2
ZNF528,3,1,0,4,4
ZNF529,1,1,3,1,1
ZNF530,4,1,2,0,4
ZNF532,1,0,0,1,2
ZNF540,0,1,0,2,4
ZNF543,4,1,3,3,3
ZNF544,2,4,2,1,1
ZNF546,4,1,1,3,4
ZNF547,0,3,2,4,0
ZNF548,3,1,2,2,1
ZNF549,3,3,2,1,2
ZNF550,1,4,4,4,0
ZNF551,0,3,0,1,0
ZNF552,3,4,4,1,3
ZNF554,2,0,3,4,2
ZNF555,2,1,2,3,3
ZNF557,0,4,3,4,4
ZNF558,1,4,1,2,2
ZNF559,0,0,2,4,3
ZNF561,1,4,4,0,3
ZNF562,4,1,3,2,3
ZNF563,2,2,1,0,1
ZNF565,4,0,4,0,1
ZNF566,2,2,2,3,3
ZNF567,1,4,4,0,2
ZNF568,4,0,4,0,1
ZNF569,4,3,4,3,2
ZNF570,0,3,1,0,4
ZNF571,2,1,2,2,3
ZNF572,2,4,2,4,3
ZNF573,1,1,3,3,2
ZNF574,2,3,0,4,0
ZNF577,4,2,1,3,0
ZNF578,1,0,0,3,1
ZNF579,0,1,2,3,4
ZNF580,1,3,0,1,0
ZNF581,1,1,1,3,2
ZNF582,4,3,1,2,3
ZNF583,0,4,0,4,2
ZNF584,3,2,4,0,0
ZNF585A,4,0,4,2,4
ZNF585B,0,3,0,0,3
ZNF586,0,0,0,2,2
ZNF587,3,1,2,2,0
ZNF587B,2,3,3,4,1
ZNF589,0,1,0,2,2
ZNF592,2,1,3,1,1
ZNF594,1,0,0,0,4
ZNF595,0,3,2,4,2
ZNF596,2,1,4,4,1
ZNF597,1,3,1,1,1
ZNF598,1,2,1,3,0
ZNF599,2,3,1,4,1
ZNF600,4,2,4,0,0
ZNF605,1,1,0,2,0
ZNF606,4,2,4,1,4
ZNF607,1,3,3,2,2
ZNF608,0,2,1,0,3
ZNF609,4,0,3,2,3
ZNF610,3,4,2,0,0
ZNF611,1,1,1,4,0
ZNF613,1,1,3,3,0
ZNF614,1,2,1,2,3
ZNF615,3,4,0,4,1
ZNF616,3,0,3,4,0
ZNF618,3,0,2,3,4
ZNF619,0,1,4,3,2
ZNF620,3,1,3,3,2
ZNF621,4,0,2,2,1
ZNF623,4,1,2,4,4
ZNF624,2,0,3,0,4
ZNF626,0,4,2,2,1
ZNF627,3,1,1,2,2
ZNF628,2,1,2,2,4
ZNF629,0,0,1,1,0
ZNF630,4,0,3,1,2
ZNF638,4,4,2,2,3
ZNF641,4,1,4,0,2
ZNF644,1,2,3,3,4
ZNF646,2,2,4,3,4
ZNF649,1,3,3,3,0
ZNF652,2,2,1,0,3
ZNF653,3,3,4,0,0
ZNF654,0,4,2,0,3
ZNF655,0,2,0,1,4
ZNF658,3,4,3,0,1
ZNF66,4,2,1,2,2
ZNF660,0,3,1,4,1
ZNF662,4,3,4,4,3
ZNF664,3,4,3,0,1
ZNF665,4,3,0,0,2
ZNF667,2,1,4,1,4
ZNF669,4,3,3,4,1
ZNF670,1,1,0,3,2
ZNF671,2,2,2,3,4
ZNF672,2,1,3,2,4
ZNF674,4,0,1,1,1
ZNF675,3,4,4,1,0
ZNF677,3,2,0,0,3
ZNF678,1,0,1,4,1
ZNF680,3,2,0,3,4
ZNF681,0,3,1,4,1
ZNF682,0,4,2,2,2
ZNF683,3,1,2,1,0
ZNF687,3,0,4,1,4
ZNF688,1,2,3,2,2
ZNF69,0,2,2,0,1
ZNF691,4,1,3,3,0
ZNF692,4,2,2,3,0
ZNF696,4,1,0,1,3
ZNF697,1,3,3,0,3
ZNF699,4,1,3,0,2
ZNF7,1,0,1,2,4
ZNF70,3,0,2,4,3
ZNF700,2,3,1,4,0
ZNF701,2,0,4,4,2
ZNF703,4,2,2,2,1
ZNF704,4,0,3,0,0
ZNF707,2,3,1,3,1
ZNF708,1,4,2,1,2
ZNF71,1,3,2,0,4
ZNF710,3,3,3,1,2
ZNF711,2,0,0,3,0
ZNF713,0,2,3,3,4
ZNF714,2,4,2,0,3
ZNF718,1,3,3,0,3
ZNF721,4,0,4,3,2
ZNF727,2,0,3,4,4
ZNF736,4,3,0,1,3
ZNF737,0,0,4,4,0
ZNF738,1,3,3,1,4
ZNF74,4,0,3,3,0
ZNF740,3,3,3,3,3
ZNF749,3,4,3,1,3
ZNF750,3,2,2,2,3
ZNF75A,0,2,1,4,2
ZNF75D,1,0,4,1,3
ZNF76,2,3,0,3,2
ZNF761,4,4,1,1,3
ZNF763,0,1,3,2,4
ZNF766,4,2,2,0,3
ZNF768,4,2,3,2,2
ZNF77,0,1,4,4,3
ZNF770,4,2,3,1,3
ZNF772,1,3,4,2,1
ZNF774,4,1,3,4,3
ZNF775,2,1,2,2,3
ZNF776,3,4,4,4,0
ZNF777,4,0,1,0,4
ZNF778,2,3,3,2,3
ZNF780A,0,0,0,4,4
ZNF780B,4,4,2,0,1
ZNF782,0,2,0,2,2
ZNF783,4,4,3,2,1
ZNF784,3,0,2,2,3
ZNF785,0,2,1,2,0
ZNF786,3,3,1,2,3
ZNF787,1,1,2,1,2
ZNF789,1,1,2,0,2
ZNF79,0,4,4,3,1
ZNF790,1,4,3,2,3
ZNF791,3,0,1,0,2
ZNF792,0,2,1,0,3
ZNF793,4,3,2,1,1
ZNF799,2,3,4,0,4
ZNF8,3,1,1,4,2
ZNF805,1,2,2,4,0
ZNF808,0,0,2,1,1
ZNF81,0,2,1,3,1
ZNF813,2,1,0,2,2
ZNF814,2,1,3,4,3
ZNF816,4,0,1,4,4
ZNF823,2,0,2,2,4
ZNF827,2,2,4,4,1
ZNF829,0,1,0,1,1
ZNF83,2,3,1,1,4
ZNF831,2,1,4,4,3
ZNF835,0,3,4,1,4
ZNF836,2,4,0,4,0
ZNF837,2,4,3,0,4
ZNF839,3,0,0,1,3
ZNF84,4,4,4,0,0
ZNF841,0,0,0,4,4
ZNF844,3,2,3,0,0
ZNF845,0,2,0,2,2
ZNF846,2,2,3,0,4
ZNF85,2,3,0,1,3
ZNF850,3,0,1,1,4
ZNF852,3,0,1,4,3
ZNF853,3,1,1,4,3
ZNF860,4,0,0,4,1
ZNF862,4,3,4,2,3
ZNF865,4,2,4,0,3
ZNF875,3,1,3,3,1
ZNF879,0,3,1,3,4
ZNF880,3,2,2,3,0
ZNF888,1,1,1,2,0
ZNF891,2,1,4,2,1
ZNF90,2,1,2,4,0
ZNF91,1,3,0,4,2
ZNF92,3,1,2,1,3
ZNF93,0,1,3,0,4
ZNFX1,4,4,2,1,1
ZNHIT1,1,1,1,0,0
ZNHIT2,0,4,1,1,1
ZNHIT3,1,0,2,0,3
ZNHIT6,3,4,1,2,0
ZNRD2,2,2,2,0,4
ZNRF1,2,3,0,2,2
ZNRF2,3,4,4,4,4
ZNRF3,1,0,3,2,0
ZP3,1,1,2,3,2
ZRANB1,1,4,0,1,2
ZRANB2,2,0,0,3,2
ZRSR2,1,3,3,4,3
ZSCAN12,3,4,2,4,3
ZSCAN16,4,2,1,0,1
ZSCAN18,2,3,4,4,3
ZSCAN2,2,4,1,0,4
ZSCAN20,1,1,0,0,0
ZSCAN21,1,1,0,1,0
ZSCAN22,4,4,0,4,2
ZSCAN23,4,0,3,1,2
ZSCAN25,4,2,4,2,1
ZSCAN26,3,3,3,0,1
ZSCAN29,3,0,3,3,3
ZSCAN30,3,0,1,4,1
ZSCAN31,0,0,4,0,0
ZSCAN9,2,0,1,1,2
ZSWIM1,4,4,4,1,2
ZSWIM3,0,2,1,2,2
ZSWIM4,3,0,0,2,4
ZSWIM5,1,1,3,0,0
ZSWIM6,4,3,3,1,3
ZSWIM7,3,4,0,3,2
ZSWIM8,1,2,4,4,0
ZSWIM9,3,0,2,3,0
ZUP1,2,4,2,0,1
ZW10,0,2,3,0,1
ZWILCH,3,0,2,4,2
ZWINT,3,4,2,4,2
ZXDA,4,1,4,4,2
ZXDB,3,3,4,0,1
ZXDC,2,3,0,4,4
ZYG11B,2,0,1,3,2
ZYX,2,3,0,3,2
ZZEF1,4,3,0,4,3
ZZZ3,1,0,2,2,2
