gene,pu_score,pu_rank,label,is_lcgene_gene,is_val_gene,is_training_positive,is_heldout_positive,is_query_gene,pu_non_lcgene_candidate
LCN2,0.9919666666666678,1,1,True,False,True,False,False,False
MMP7,0.9919000000000011,2,1,True,False,True,False,False,False
MKI67,0.9918000000000008,3,1,True,False,True,False,False,False
HP,0.9913333333333342,4,1,True,False,True,False,False,False
CXCL5,0.9909333333333348,5,1,True,False,True,False,False,False
CHI3L1,0.9909000000000009,6,1,True,False,True,False,False,False
ALPL,0.9900333333333344,7,1,True,False,True,False,False,False
LTF,0.9896333333333343,8,1,True,False,True,False,False,False
RRM2,0.9892000000000011,9,1,True,False,True,False,False,False
FOXM1,0.9883333333333346,10,1,True,False,True,False,False,False
CCL20,0.987933333333335,11,1,True,False,True,False,False,False
ANGPTL4,0.9877333333333345,12,1,True,False,True,False,False,False
CDH3,0.9877000000000011,13,1,True,False,True,False,False,False
CDCA8,0.9861000000000016,14,1,True,False,True,False,False,False
TNC,0.9860333333333341,15,1,True,False,True,False,False,False
UCHL1,0.9857333333333341,16,1,True,False,True,False,False,False
SULF1,0.9853000000000018,17,1,True,False,True,False,False,False
IGFBP2,0.9851000000000009,18,1,True,False,True,False,False,False
AQP5,0.9850666666666675,19,1,True,False,True,False,False,False
DKK1,0.9849666666666672,20,1,True,False,True,False,False,False
CCL8,0.9845000000000016,21,1,True,False,True,False,False,False
CLDN2,0.9842333333333346,22,1,True,False,True,False,False,False
CCL19,0.984100000000001,23,1,True,False,True,False,False,False
RPL39L,0.9841000000000009,24,1,True,False,True,False,False,False
ANPEP,0.984033333333335,25,1,True,False,True,False,False,False
S100P,0.9838333333333342,26,1,True,False,True,False,False,False
MMP12,0.9838000000000007,27,1,True,False,True,False,False,False
KLF4,0.9834000000000003,28,1,True,False,True,False,False,False
NQO1,0.9833666666666674,29,1,True,False,True,False,False,False
SLC2A1,0.9833333333333341,30,1,True,False,True,False,False,False
IL33,0.983333333333334,31,1,True,False,True,False,False,False
CLU,0.9827000000000011,32,1,True,False,True,False,False,False
EGLN3,0.9824000000000013,33,1,True,False,True,False,False,False
CEACAM5,0.982400000000001,34,1,True,False,True,False,False,False
GALNT14,0.9823333333333344,35,1,True,False,True,False,False,False
MMP1,0.9821333333333344,36,1,True,False,True,False,False,False
CCL18,0.9818000000000007,37,1,True,False,True,False,False,False
GPC3,0.9816666666666675,38,1,True,False,True,False,False,False
C4BPA,0.981600000000001,39,1,True,False,True,False,False,False
SERPIND1,0.9815666666666674,40,1,True,False,True,False,False,False
EEF1A2,0.9811333333333342,41,1,True,False,True,False,False,False
CCNB2,0.9811333333333339,42,1,True,False,True,False,False,False
ALOX15B,0.9805666666666669,43,0,False,True,False,False,False,True
SCGB3A2,0.980533333333334,44,1,True,False,True,False,False,False
CCNA2,0.9802666666666675,45,1,True,False,True,False,False,False
S100A2,0.979900000000001,46,1,True,False,True,False,False,False
CYP24A1,0.9798666666666672,47,1,True,False,True,False,False,False
SLC7A5,0.979633333333334,48,1,True,False,True,False,False,False
FCGBP,0.9789666666666677,49,1,True,False,True,False,False,False
GRP,0.9786333333333336,50,1,True,False,True,False,False,False
DSP,0.9779333333333344,51,1,True,False,True,False,False,False
XDH,0.9779000000000005,52,1,True,False,True,False,False,False
P2RY6,0.9778000000000004,53,1,True,False,True,False,False,False
NR4A1,0.9777666666666678,54,1,True,False,True,False,False,False
MSLN,0.977766666666667,55,1,True,False,True,False,False,False
SPP1,0.9775000000000008,56,1,True,False,True,False,False,False
CXCL1,0.9770333333333345,57,1,True,False,True,False,False,False
PTGES,0.9766333333333341,58,1,True,False,True,False,False,False
ADH1C,0.9763000000000007,59,1,True,False,True,False,False,False
PLAT,0.9760000000000002,60,1,True,False,True,False,False,False
AREG,0.9758333333333341,61,1,True,False,True,False,False,False
PMAIP1,0.9752666666666672,62,1,True,False,True,False,False,False
PSAT1,0.9750000000000004,63,1,True,False,True,False,False,False
NEK2,0.9749666666666671,64,1,True,False,True,False,False,False
CCL22,0.9745666666666667,65,1,True,False,True,False,False,False
CCL17,0.974433333333334,66,1,True,True,False,True,False,False
PSCA,0.9736000000000015,67,1,True,False,True,False,False,False
TOP2A,0.9735000000000011,68,1,True,False,True,False,False,False
CTHRC1,0.9727000000000013,69,1,True,False,True,False,False,False
MMP9,0.972633333333334,70,1,True,False,True,False,False,False
IGFBP3,0.9723333333333338,71,1,True,False,True,False,False,False
HPGD,0.9722000000000005,72,1,True,False,True,False,False,False
FAM83A,0.9718666666666678,73,1,True,False,True,False,False,False
PLAU,0.9718333333333335,74,1,True,False,True,False,False,False
ADAM28,0.9717666666666676,75,1,True,False,True,False,False,False
TPX2,0.9715333333333335,76,1,True,False,True,False,False,False
PLA2G2A,0.9712000000000015,77,1,True,False,True,False,False,False
ADAM12,0.9710333333333333,78,1,True,False,True,False,False,False
AGT,0.9710000000000001,79,1,True,False,True,False,False,False
EREG,0.9709333333333342,80,1,True,False,True,False,False,False
CA2,0.9708000000000002,81,1,True,False,True,False,False,False
CXCL2,0.9707000000000012,82,1,True,False,True,False,False,False
CRABP2,0.9707000000000001,83,1,True,True,False,True,False,False
PEG10,0.9701000000000006,84,1,True,False,True,False,False,False
LYPD3,0.9700666666666672,85,1,True,False,True,False,False,False
APLN,0.9697333333333336,86,1,True,False,True,False,False,False
ALDH3A1,0.9694000000000004,87,1,True,False,True,False,False,False
WIF1,0.9693666666666676,88,1,True,False,True,False,False,False
DMBT1,0.9685333333333339,89,0,False,True,False,False,False,True
CCL13,0.9684333333333328,90,0,False,True,False,False,False,True
AGR3,0.9683666666666666,91,0,False,True,False,False,False,True
SOX9,0.9683333333333337,92,1,True,False,True,False,False,False
AURKB,0.9682333333333338,93,1,True,False,True,False,False,False
GSTA1,0.9680999999999998,94,1,True,False,True,False,False,False
LGALS4,0.968066666666667,95,1,True,False,True,False,False,False
TFPI2,0.9678000000000011,96,1,True,True,False,True,False,False
SLCO2A1,0.9676000000000001,97,1,True,False,True,False,False,False
DUSP4,0.967566666666666,98,1,True,False,True,False,False,False
CCL21,0.9674666666666669,99,1,True,False,True,False,False,False
CXCL14,0.9672333333333337,100,1,True,True,False,True,False,False
NMU,0.9669000000000009,101,1,True,False,True,False,False,False
VSIG4,0.9664666666666676,102,1,True,False,True,False,False,False
IQGAP3,0.9664666666666668,103,1,True,False,True,False,False,False
CACNA2D2,0.9662333333333332,104,1,True,False,True,False,False,False
RASD1,0.9660333333333343,105,0,False,False,False,False,False,True
MFSD2A,0.9660333333333337,106,1,True,False,True,False,False,False
GJB2,0.9656333333333341,107,1,True,True,False,True,False,False
CDKN2A,0.9653666666666673,108,1,True,False,True,False,False,False
ALDH1A1,0.9649333333333324,109,1,True,False,True,False,False,False
SCGB3A1,0.9648000000000005,110,1,True,True,False,True,False,False
FOXA2,0.9647333333333327,111,1,True,False,True,False,False,False
MT1G,0.9646666666666662,112,1,True,False,True,False,False,False
PBK,0.9640333333333331,113,1,True,False,True,False,False,False
KIF11,0.9638333333333342,114,1,True,False,True,False,False,False
IL6,0.9635666666666662,115,1,True,False,True,False,False,False
GREM1,0.9631333333333332,116,1,True,False,True,False,False,False
COL10A1,0.9631000000000002,117,1,True,False,True,False,False,False
S100A8,0.9630666666666667,118,1,True,False,True,False,False,False
MEX3A,0.962966666666667,119,0,False,True,False,False,False,True
EDN1,0.962833333333334,120,1,True,False,True,False,False,False
IL1B,0.9624666666666669,121,1,True,False,True,False,False,False
LPL,0.9623666666666668,122,1,True,False,True,False,False,False
PTGS2,0.9623333333333338,123,1,True,False,True,False,False,False
ITPKA,0.9622000000000005,124,1,True,False,True,False,False,False
CDCA5,0.9620333333333334,125,1,True,False,True,False,False,False
KRT5,0.9616000000000002,126,1,True,False,True,False,False,False
THY1,0.9611666666666672,127,1,True,False,True,False,False,False
UBE2C,0.9605333333333328,128,1,True,False,True,False,False,False
ELF5,0.9604333333333335,129,1,True,False,True,False,False,False
PTN,0.959899999999999,130,1,True,False,True,False,False,False
CLDN10,0.9598,131,1,True,False,True,False,False,False
MUC5B,0.9594666666666674,132,1,True,False,True,False,False,False
MSR1,0.9593333333333334,133,1,True,False,True,False,False,False
CA12,0.9592666666666664,134,1,True,False,True,False,False,False
ANLN,0.9590333333333327,135,0,False,True,False,False,False,True
CLDN1,0.9587666666666663,136,1,True,False,True,False,False,False
KLK11,0.9576333333333332,137,1,True,False,True,False,False,False
PITX1,0.9573000000000004,138,1,True,False,True,False,False,False
ZBTB16,0.9572999999999994,139,1,True,False,True,False,False,False
GSTA2,0.9572333333333328,140,1,True,False,True,False,False,False
PEBP4,0.9568666666666659,141,1,True,False,True,False,False,False
ID1,0.9561666666666669,142,1,True,False,True,False,False,False
SPOCK1,0.9559333333333326,143,1,True,False,True,False,False,False
CXCL8,0.9559,144,0,False,False,False,False,False,True
CDKN3,0.9557999999999999,145,1,True,False,True,False,False,False
POSTN,0.9554333333333335,146,1,True,False,True,False,False,False
PLK1,0.9551666666666665,147,1,True,False,True,False,False,False
ADH1B,0.9551333333333331,148,1,True,False,True,False,False,False
SCNN1B,0.9546,149,0,False,True,False,False,False,True
CCNE1,0.9540000000000002,150,1,True,False,True,False,False,False
BMP2,0.9539333333333322,151,1,True,False,True,False,False,False
FGA,0.9536333333333329,152,1,True,False,True,False,False,False
CEP55,0.9536333333333327,153,1,True,True,False,True,False,False
HOPX,0.9535999999999993,154,1,True,False,True,False,False,False
FAP,0.9533999999999994,155,1,True,False,True,False,False,False
DEFB1,0.9533333333333329,156,1,True,False,True,False,False,False
RRAD,0.9532999999999997,157,1,True,True,False,True,False,False
FGG,0.9529666666666656,158,1,True,False,True,False,False,False
TP63,0.9526666666666666,159,1,True,False,True,False,False,False
CDK1,0.9523666666666658,160,1,True,False,True,False,False,False
CLDN18,0.9521666666666662,161,1,True,False,True,False,False,False
GDF15,0.951966666666667,162,0,False,False,False,False,False,True
BRINP1,0.9516333333333333,163,1,True,False,True,False,False,False
MXRA5,0.9514666666666659,164,1,True,False,True,False,False,False
THBS2,0.9512999999999996,165,0,False,True,False,False,False,True
TMPRSS4,0.9512666666666665,166,1,True,True,False,True,False,False
PROM1,0.9510999999999997,167,1,True,False,True,False,False,False
CX3CL1,0.9509666666666664,168,0,False,False,False,False,False,True
MB,0.9506999999999984,169,1,True,False,True,False,False,False
MDK,0.9505333333333325,170,1,True,False,True,False,False,False
FUT3,0.9504333333333329,171,1,True,False,True,False,False,False
MMP10,0.9501666666666673,172,1,True,False,True,False,False,False
PROM2,0.9500333333333331,173,0,False,True,False,False,False,True
FABP3,0.9483666666666668,174,1,True,False,True,False,False,False
SLPI,0.9481999999999994,175,1,True,False,True,False,False,False
KCNN4,0.9478000000000003,176,0,False,True,False,False,False,True
GCNT3,0.9474000000000005,177,0,False,False,False,False,False,True
FGFR3,0.9473999999999994,178,1,True,False,True,False,False,False
AOC1,0.9471333333333335,179,0,False,True,False,False,False,True
SYT7,0.947133333333333,180,0,False,False,False,False,False,True
FGFR4,0.9469333333333331,181,1,True,False,True,False,False,False
ANXA3,0.9468666666666655,182,1,True,False,True,False,False,False
CST6,0.9464666666666676,183,0,False,False,False,False,False,True
FOSL1,0.9464666666666659,184,1,True,False,True,False,False,False
RETN,0.9462333333333329,185,1,True,False,True,False,False,False
SRPX,0.9462333333333328,186,1,True,False,True,False,False,False
KIFC1,0.9460999999999994,187,1,True,False,True,False,False,False
C15ORF48,0.9456333333333335,188,0,False,False,False,False,False,True
ITGB8,0.9453999999999992,189,1,True,False,True,False,False,False
ABI3BP,0.9449333333333323,190,1,True,False,True,False,False,False
CDA,0.9448333333333335,191,1,True,True,False,True,False,False
TM4SF4,0.9446999999999999,192,1,True,False,True,False,False,False
CXCL13,0.944666666666666,193,1,True,False,True,False,False,False
DUOX1,0.9442999999999986,194,1,True,False,True,False,False,False
SOX7,0.944066666666666,195,1,True,False,True,False,False,False
ELN,0.943533333333333,196,1,True,False,True,False,False,False
CA9,0.9434666666666671,197,1,True,False,True,False,False,False
ORM1,0.9434666666666658,198,1,True,False,True,False,False,False
PODXL2,0.9430000000000001,199,0,False,False,False,False,False,True
SERPINE1,0.9429666666666655,200,1,True,False,True,False,False,False
SLIT3,0.9427999999999988,201,1,True,False,True,False,False,False
CD274,0.942666666666666,202,1,True,False,True,False,False,False
SFRP4,0.9423666666666658,203,1,True,True,False,True,False,False
CFTR,0.9421333333333333,204,1,True,False,True,False,False,False
QPCT,0.9417,205,0,False,False,False,False,False,True
FUT2,0.9416333333333327,206,1,True,False,True,False,False,False
RND1,0.9407999999999996,207,0,False,True,False,False,False,True
SERPINB3,0.940633333333333,208,1,True,False,True,False,False,False
MELK,0.9404666666666659,209,0,False,True,False,False,False,True
KRT17,0.9398999999999992,210,0,False,False,False,False,False,True
ADAM8,0.9397999999999992,211,1,True,False,True,False,False,False
AZGP1,0.9396666666666665,212,1,True,True,False,True,False,False
HYAL1,0.9396666666666665,212,1,True,False,True,False,False,False
C5,0.9396333333333331,214,1,True,False,True,False,False,False
GGTLC1,0.9396,215,0,False,True,False,False,False,True
MYH11,0.9389333333333341,216,0,False,True,False,False,False,True
PIGR,0.9388999999999998,217,1,True,True,False,True,False,False
ACHE,0.9380333333333323,218,1,True,False,True,False,False,False
SCUBE3,0.9379000000000001,219,1,True,False,True,False,False,False
SFRP1,0.9376999999999994,220,1,True,True,False,True,False,False
KLK7,0.9376999999999989,221,1,True,False,True,False,False,False
PPP1R14D,0.9374666666666663,222,0,False,False,False,False,False,True
CYP27B1,0.937066666666667,223,1,True,False,True,False,False,False
PGC,0.9365999999999995,224,0,False,False,False,False,False,True
AKR1B10,0.9362666666666667,225,1,True,False,True,False,False,False
SEMA3B,0.936066666666666,226,1,True,False,True,False,False,False
HTRA3,0.935966666666666,227,1,True,False,True,False,False,False
F5,0.9358999999999997,228,1,True,False,True,False,False,False
PPARG,0.9357666666666667,229,1,True,False,True,False,False,False
CYP4B1,0.9357666666666663,230,0,False,True,False,False,False,True
ANGPT1,0.9355666666666661,231,1,True,False,True,False,False,False
DACT2,0.9349666666666663,232,1,True,False,True,False,False,False
PHLDA2,0.9349333333333332,233,0,False,False,False,False,False,True
EDNRB,0.9349333333333323,234,1,True,False,True,False,False,False
CHRDL1,0.9348000000000004,235,0,False,False,False,False,False,True
ESM1,0.9346333333333334,236,1,True,False,True,False,False,False
OSM,0.9343999999999988,237,1,True,False,True,False,False,False
DPT,0.9342333333333332,238,0,False,True,False,False,False,True
NRGN,0.9342000000000001,239,0,False,False,False,False,False,True
FGFBP1,0.9337999999999997,240,0,False,False,False,False,False,True
ATOH8,0.9335999999999994,241,0,False,True,False,False,False,True
CTSK,0.9334666666666658,242,1,True,False,True,False,False,False
LMO3,0.9333666666666661,243,1,True,False,True,False,False,False
LRRK2,0.9331999999999997,244,0,False,False,False,False,False,True
GCLC,0.9330333333333319,245,1,True,False,True,False,False,False
SPNS2,0.9328999999999988,246,1,True,False,True,False,False,False
DLC1,0.9327999999999992,247,1,True,False,True,False,False,False
GFRA3,0.9327000000000002,248,0,False,False,False,False,False,True
SPDEF,0.9326333333333329,249,0,False,False,False,False,False,True
BIRC5,0.9325666666666664,250,1,True,True,False,True,False,False
KLF2,0.9324999999999989,251,1,True,False,True,False,False,False
COMP,0.932266666666667,252,0,False,False,False,False,False,True
DLGAP5,0.9320999999999996,253,0,False,True,False,False,False,True
PI3,0.9319333333333331,254,0,False,False,False,False,False,True
NAPSA,0.9313333333333327,255,1,True,False,True,False,False,False
CD163,0.9312999999999988,256,1,True,False,True,False,False,False
CAMP,0.9311666666666664,257,1,True,False,True,False,False,False
WFDC3,0.9309333333333327,258,0,False,True,False,False,False,True
CFD,0.9308333333333333,259,0,False,False,False,False,False,True
ASCL1,0.9306999999999995,260,1,True,False,True,False,False,False
VTCN1,0.9305333333333329,261,1,True,False,True,False,False,False
SAA1,0.9304999999999998,262,1,True,True,False,True,False,False
PTHLH,0.9300333333333329,263,1,True,False,True,False,False,False
AGR2,0.9300333333333324,264,1,True,True,False,True,False,False
NES,0.9294333333333334,265,1,True,False,True,False,False,False
WFDC2,0.9291000000000003,266,1,True,False,True,False,False,False
SEMA3A,0.9290999999999993,267,1,True,False,True,False,False,False
IL23A,0.9289999999999992,268,1,True,False,True,False,False,False
CHI3L2,0.9289333333333332,269,0,False,False,False,False,False,True
TWIST1,0.9287666666666664,270,1,True,False,True,False,False,False
FOLR1,0.9287333333333327,271,1,True,False,True,False,False,False
DNAJC12,0.9287000000000004,272,0,False,False,False,False,False,True
ACKR1,0.9285999999999998,273,0,False,False,False,False,False,True
SLC26A9,0.9285333333333324,274,0,False,False,False,False,False,True
CRTAC1,0.9281666666666673,275,0,False,False,False,False,False,True
METTL7B,0.9281,276,0,False,True,False,False,False,True
COL4A3,0.9279999999999994,277,1,True,False,True,False,False,False
TFF3,0.9279333333333332,278,1,True,True,False,True,False,False
EYA2,0.9276333333333329,279,1,True,False,True,False,False,False
TNF,0.9275999999999992,280,1,True,False,True,False,False,False
STEAP1,0.927433333333334,281,0,False,False,False,False,False,True
OR2I1P,0.9272000000000001,282,0,False,True,False,False,False,True
EGFL7,0.9270999999999996,283,1,True,False,True,False,False,False
HMGB3,0.926366666666666,284,1,True,False,True,False,False,False
TGFBR3,0.9263333333333327,285,1,True,False,True,False,False,False
FOXQ1,0.9261666666666667,286,0,False,True,False,False,False,True
SLC11A1,0.9261666666666661,287,1,True,False,True,False,False,False
MT1A,0.9260000000000003,288,0,False,False,False,False,False,True
NDNF,0.9259999999999997,289,0,False,False,False,False,False,True
CALCA,0.9258666666666661,290,1,True,False,True,False,False,False
PTX3,0.925633333333333,291,1,True,False,True,False,False,False
MRC1,0.9246999999999999,292,0,False,True,False,False,False,True
HHIP,0.924699999999999,293,1,True,False,True,False,False,False
PKP1,0.9245000000000001,294,0,False,False,False,False,False,True
DLX5,0.9241333333333334,295,1,True,False,True,False,False,False
MUC15,0.9240999999999997,296,0,False,False,False,False,False,True
SCGB1A1,0.9238999999999985,297,1,True,False,True,False,False,False
SNCG,0.9237999999999994,298,1,True,False,True,False,False,False
CDH2,0.9237999999999992,299,1,True,False,True,False,False,False
AIM2,0.9237666666666658,300,1,True,True,False,True,False,False
MAD2L1,0.9237666666666652,301,1,True,False,True,False,False,False
BCL2A1,0.9235333333333324,302,1,True,False,True,False,False,False
CEACAM1,0.9231999999999991,303,1,True,False,True,False,False,False
CPA3,0.9227333333333331,304,0,False,False,False,False,False,True
CEMIP,0.9227333333333331,304,0,False,True,False,False,False,True
SCEL,0.9224666666666671,306,0,False,False,False,False,False,True
FHL1,0.9223999999999988,307,1,True,False,True,False,False,False
RBP4,0.922233333333333,308,0,False,False,False,False,False,True
MT1M,0.9216333333333327,309,0,False,True,False,False,False,True
HAS3,0.921533333333332,310,0,False,True,False,False,False,True
KIF2C,0.9214333333333324,311,0,False,False,False,False,False,True
GPRC5A,0.9208999999999996,312,1,True,False,True,False,False,False
C7,0.9208999999999992,313,0,False,False,False,False,False,True
MUC16,0.920766666666666,314,1,True,False,True,False,False,False
PCP4,0.9205999999999993,315,0,False,False,False,False,False,True
VCAN,0.9205333333333334,316,0,False,True,False,False,False,True
CDC45,0.9201333333333325,317,0,False,True,False,False,False,True
IRX2,0.9196,318,0,False,True,False,False,False,True
AKR1C3,0.9194666666666659,319,1,True,False,True,False,False,False
ITGA11,0.9193666666666669,320,0,False,False,False,False,False,True
PDLIM4,0.9190333333333329,321,0,False,False,False,False,False,True
KLK5,0.9189666666666659,322,1,True,False,True,False,False,False
STYK1,0.9189666666666655,323,1,True,False,True,False,False,False
EPHB2,0.9188999999999995,324,0,False,False,False,False,False,True
HBEGF,0.9188999999999995,324,1,True,False,True,False,False,False
C1ORF116,0.9188333333333331,326,0,False,False,False,False,False,True
TEK,0.918599999999999,327,1,True,False,True,False,False,False
MME,0.9185999999999989,328,1,True,False,True,False,False,False
ITGA2,0.9175666666666656,329,0,False,False,False,False,False,True
UBE2T,0.917533333333333,330,1,True,True,False,True,False,False
C2CD4A,0.9173333333333337,331,0,False,False,False,False,False,True
SLC6A14,0.9172333333333325,332,0,False,False,False,False,False,True
ABCA3,0.9170666666666663,333,0,False,False,False,False,False,True
SPINK1,0.9168999999999999,334,0,False,False,False,False,False,True
CLDN3,0.9165999999999991,335,1,True,True,False,True,False,False
LAMP3,0.916433333333333,336,0,False,True,False,False,False,True
MMP3,0.9161999999999992,337,1,True,False,True,False,False,False
FCN1,0.9161333333333325,338,1,True,False,True,False,False,False
LOX,0.916099999999999,339,1,True,False,True,False,False,False
L1CAM,0.915499999999999,340,1,True,False,True,False,False,False
SHISA2,0.9141333333333328,341,0,False,True,False,False,False,True
CDC20,0.913699999999999,342,0,False,False,False,False,False,True
BMP3,0.9132999999999992,343,0,False,True,False,False,False,True
PAEP,0.9132333333333323,344,1,True,True,False,True,False,False
TRIM29,0.913099999999999,345,1,True,False,True,False,False,False
IGFBP6,0.9129666666666657,346,0,False,False,False,False,False,True
FBXO32,0.9128999999999996,347,0,False,True,False,False,False,True
SERPINE2,0.912799999999999,348,0,False,True,False,False,False,True
TMPRSS2,0.9126999999999991,349,0,False,True,False,False,False,True
SLC1A1,0.9123999999999985,350,0,False,True,False,False,False,True
CSF3R,0.9117666666666666,351,0,False,False,False,False,False,True
SPINK5,0.9113999999999994,352,0,False,True,False,False,False,True
FERMT1,0.9113666666666658,353,1,True,False,True,False,False,False
FNDC1,0.9108666666666663,354,0,False,False,False,False,False,True
TFAP2A,0.9107666666666667,355,1,True,False,True,False,False,False
PDK4,0.9106333333333325,356,0,False,False,False,False,False,True
TPSAB1,0.910366666666666,357,0,False,False,False,False,False,True
SLITRK6,0.9101999999999998,358,0,False,True,False,False,False,True
SLC29A4,0.9101999999999992,359,0,False,True,False,False,False,True
FZD9,0.9101333333333333,360,1,True,False,True,False,False,False
PLA2G4A,0.9101333333333332,361,1,True,False,True,False,False,False
CENPF,0.9099999999999993,362,0,False,False,False,False,False,True
KRT80,0.909766666666666,363,0,False,False,False,False,False,True
MAMDC2,0.9093666666666652,364,0,False,True,False,False,False,True
DDIT4,0.9090999999999995,365,0,False,False,False,False,False,True
TMSB15A,0.9090999999999986,366,1,True,False,True,False,False,False
PLEK2,0.9089999999999996,367,0,False,False,False,False,False,True
SLC22A3,0.9086333333333321,368,0,False,False,False,False,False,True
TMEM130,0.9083999999999998,369,0,False,False,False,False,False,True
SOD3,0.9079333333333329,370,1,True,False,True,False,False,False
HLA-DQB2,0.9077999999999994,371,0,False,False,False,False,False,True
FLRT3,0.9076666666666657,372,0,False,False,False,False,False,True
DOK2,0.9076333333333326,373,1,True,False,True,False,False,False
CD79A,0.9072666666666666,374,0,False,False,False,False,False,True
FOSB,0.9072333333333332,375,0,False,False,False,False,False,True
SELE,0.9068,376,1,True,False,True,False,False,False
GJB1,0.9065999999999991,377,1,True,False,True,False,False,False
SHISA3,0.9062333333333326,378,0,False,False,False,False,False,True
SLC7A11,0.9061666666666666,379,0,False,False,False,False,False,True
MMP13,0.906066666666666,380,1,True,True,False,True,False,False
TESC,0.9060333333333334,381,0,False,False,False,False,False,True
PRSS21,0.9054333333333328,382,0,False,False,False,False,False,True
DES,0.9052666666666668,383,0,False,False,False,False,False,True
SLC14A1,0.9052666666666659,384,1,True,False,True,False,False,False
MSMB,0.9048666666666668,385,0,False,True,False,False,False,True
SOX2,0.9048333333333337,386,1,True,False,True,False,False,False
SPAG5,0.9041666666666657,387,0,False,False,False,False,False,True
AKR1C1,0.9039999999999994,388,1,True,False,True,False,False,False
SFRP2,0.9039999999999994,388,0,False,False,False,False,False,True
SLAMF7,0.9038333333333329,390,0,False,False,False,False,False,True
BPIFB1,0.9037666666666666,391,0,False,False,False,False,False,True
RGS1,0.9036,392,0,False,True,False,False,False,True
HLA-DQA2,0.9033999999999986,393,0,False,False,False,False,False,True
NCCRP1,0.9032666666666663,394,0,False,False,False,False,False,True
MUC21,0.9030666666666652,395,0,False,False,False,False,False,True
KCNJ15,0.9029666666666666,396,0,False,False,False,False,False,True
CCL4,0.9029666666666655,397,1,True,False,True,False,False,False
KIF20A,0.9027333333333322,398,0,False,False,False,False,False,True
HMMR,0.9022333333333328,399,0,False,False,False,False,False,True
APOH,0.9018,400,0,False,False,False,False,False,True
CXCL6,0.9017999999999992,401,0,False,False,False,False,False,True
ARNTL2,0.901566666666666,402,0,False,False,False,False,False,True
SMAD6,0.9015333333333321,403,1,True,False,True,False,False,False
CPB2,0.9013333333333327,404,1,True,False,True,False,False,False
COL4A4,0.9007666666666658,405,1,True,False,True,False,False,False
CLDN9,0.9005666666666663,406,0,False,False,False,False,False,True
RAMP1,0.9001666666666658,407,0,False,True,False,False,False,True
PRF1,0.8996999999999999,408,1,True,False,True,False,False,False
SMPDL3B,0.8993999999999996,409,0,False,False,False,False,False,True
NT5E,0.8991666666666667,410,0,False,False,False,False,False,True
PCSK1N,0.8990999999999993,411,0,False,False,False,False,False,True
TUBB2B,0.8989,412,0,False,False,False,False,False,True
CPXM1,0.8986333333333328,413,0,False,False,False,False,False,True
MUC4,0.8983666666666661,414,1,True,True,False,True,False,False
PKIB,0.897899999999999,415,0,False,True,False,False,False,True
HS6ST2,0.897599999999999,416,0,False,False,False,False,False,True
TCF21,0.8974333333333326,417,1,True,False,True,False,False,False
CALB2,0.8973666666666651,418,0,False,False,False,False,False,True
CLCA2,0.8972999999999994,419,1,True,False,True,False,False,False
TPPP,0.8972333333333324,420,0,False,False,False,False,False,True
ETV4,0.8969666666666662,421,1,True,True,False,True,False,False
ANKRD22,0.896899999999999,422,0,False,False,False,False,False,True
IL1A,0.8964000000000001,423,1,True,False,True,False,False,False
ADRB2,0.8961999999999997,424,1,True,False,True,False,False,False
LIFR,0.895933333333333,425,0,False,False,False,False,False,True
CILP,0.8959333333333325,426,0,False,False,False,False,False,True
INHBA,0.895333333333333,427,1,True,False,True,False,False,False
AQP1,0.8952999999999998,428,0,False,False,False,False,False,True
HSD17B6,0.8952666666666662,429,0,False,False,False,False,False,True
PRG4,0.8943999999999996,430,0,False,True,False,False,False,True
MSI1,0.8943666666666663,431,1,True,False,True,False,False,False
CAV1,0.8939999999999987,432,1,True,False,True,False,False,False
NDC80,0.8938666666666664,433,0,False,False,False,False,False,True
COL5A2,0.893699999999999,434,0,False,False,False,False,False,True
AKAP12,0.8934666666666657,435,0,False,False,False,False,False,True
SERPINA1,0.8934333333333331,436,0,False,False,False,False,False,True
HGD,0.8933000000000006,437,0,False,False,False,False,False,True
ADAMDEC1,0.893233333333333,438,0,False,False,False,False,False,True
CDC6,0.8930000000000005,439,0,False,False,False,False,False,True
BCAS1,0.8926333333333332,440,0,False,False,False,False,False,True
AK4,0.8923999999999999,441,0,False,False,False,False,False,True
MMP11,0.8923333333333323,442,0,False,False,False,False,False,True
CHIT1,0.892266666666666,443,0,False,False,False,False,False,True
CCN4,0.8920666666666658,444,0,False,False,False,False,False,True
EDN2,0.8918999999999992,445,0,False,False,False,False,False,True
TNFRSF18,0.891866666666667,446,0,False,False,False,False,False,True
INAVA,0.8916333333333332,447,0,False,False,False,False,False,True
PCOLCE2,0.8914999999999983,448,0,False,False,False,False,False,True
CHRNA1,0.8913333333333326,449,1,True,False,True,False,False,False
MDFI,0.8910333333333333,450,0,False,True,False,False,False,True
C20ORF85,0.8909999999999997,451,1,True,False,True,False,False,False
MUC13,0.8908666666666663,452,0,False,False,False,False,False,True
EGF,0.8908000000000003,453,1,True,False,True,False,False,False
HABP2,0.8906999999999994,454,0,False,False,False,False,False,True
CRYAB,0.8906666666666658,455,1,True,False,True,False,False,False
MAP1B,0.8905666666666654,456,0,False,True,False,False,False,True
BPIFA1,0.8902999999999995,457,1,True,True,False,True,False,False
VSIG1,0.8900333333333328,458,0,False,False,False,False,False,True
CLDN5,0.8900333333333328,458,1,True,True,False,True,False,False
PDPN,0.8899333333333325,460,1,True,False,True,False,False,False
ERN2,0.8898666666666666,461,0,False,True,False,False,False,True
MAB21L4,0.8898666666666663,462,0,False,False,False,False,False,True
P3H2,0.8897999999999996,463,0,False,False,False,False,False,True
ANOS1,0.889666666666666,464,0,False,True,False,False,False,True
UHRF1,0.889133333333333,465,0,False,False,False,False,False,True
PKP2,0.8890999999999994,466,0,False,False,False,False,False,True
GBP4,0.8890333333333329,467,0,False,True,False,False,False,True
CXCR1,0.8886333333333333,468,1,True,False,True,False,False,False
HSPA12B,0.8885666666666671,469,1,True,False,True,False,False,False
LRRN4,0.8883,470,0,False,True,False,False,False,True
SDR16C5,0.8881333333333333,471,0,False,True,False,False,False,True
COL17A1,0.8879999999999986,472,0,False,False,False,False,False,True
SUSD2,0.8877333333333335,473,0,False,True,False,False,False,True
ID4,0.8869999999999999,474,0,False,False,False,False,False,True
AQP4,0.8869,475,0,False,True,False,False,False,True
MAOA,0.8867666666666664,476,0,False,False,False,False,False,True
MYBL2,0.8865666666666656,477,0,False,False,False,False,False,True
S100B,0.8864999999999991,478,1,True,True,False,True,False,False
RTN4RL2,0.8859333333333327,479,0,False,True,False,False,False,True
CH25H,0.8856999999999997,480,0,False,False,False,False,False,True
NMNAT2,0.8856333333333327,481,0,False,True,False,False,False,True
SFTPD,0.8852000000000002,482,1,True,True,False,True,False,False
LYVE1,0.8850999999999999,483,1,True,True,False,True,False,False
CES1,0.8850333333333323,484,0,False,False,False,False,False,True
AADAC,0.884933333333333,485,0,False,False,False,False,False,True
GNLY,0.8846666666666666,486,0,False,False,False,False,False,True
CSF3,0.8846666666666664,487,1,True,False,True,False,False,False
NKG7,0.8841999999999995,488,0,False,False,False,False,False,True
AQP9,0.8840666666666666,489,1,True,True,False,True,False,False
SLIT2,0.8838000000000007,490,1,True,False,True,False,False,False
C16ORF89,0.8837999999999996,491,0,False,False,False,False,False,True
SCGB2A1,0.8832333333333331,492,0,False,False,False,False,False,True
FAM167A,0.8830333333333334,493,0,False,False,False,False,False,True
CP,0.8826666666666659,494,0,False,True,False,False,False,True
DIRAS1,0.8825999999999997,495,0,False,False,False,False,False,True
RCOR2,0.8825999999999995,496,0,False,True,False,False,False,True
CXCL9,0.8825999999999994,497,0,False,False,False,False,False,True
CDCA7,0.8825999999999994,497,0,False,True,False,False,False,True
SCTR,0.8824333333333332,499,0,False,False,False,False,False,True
ASCL2,0.8819999999999991,500,1,True,False,True,False,False,False
NUF2,0.881833333333333,501,0,False,False,False,False,False,True
KRT6A,0.8813666666666667,502,0,False,False,False,False,False,True
CST2,0.8811333333333334,503,0,False,False,False,False,False,True
CKB,0.880733333333333,504,0,False,True,False,False,False,True
MCAM,0.8805,505,1,True,False,True,False,False,False
ADGRF1,0.8803333333333331,506,0,False,False,False,False,False,True
LEMD1,0.8799999999999992,507,0,False,True,False,False,False,True
RCN3,0.8797333333333334,508,0,False,False,False,False,False,True
PLAC8,0.8797333333333331,509,0,False,False,False,False,False,True
CXCR3,0.8796333333333325,510,1,True,False,True,False,False,False
LOXL2,0.8792000000000005,511,1,True,True,False,True,False,False
MZB1,0.8789,512,0,False,False,False,False,False,True
SERPINB5,0.8788999999999995,513,1,True,True,False,True,False,False
ZWINT,0.8787333333333336,514,0,False,False,False,False,False,True
GALNT5,0.8786333333333336,515,0,False,True,False,False,False,True
RFLNA,0.878633333333333,516,0,False,False,False,False,False,True
PCDH7,0.8786333333333327,517,0,False,True,False,False,False,True
GGT6,0.878566666666666,518,0,False,False,False,False,False,True
LRRC15,0.8783666666666669,519,0,False,False,False,False,False,True
ALG1L,0.8781666666666662,520,0,False,False,False,False,False,True
IL4I1,0.8777999999999994,521,0,False,False,False,False,False,True
UNC5CL,0.8777999999999988,522,0,False,True,False,False,False,True
BMP7,0.8776000000000003,523,1,True,False,True,False,False,False
PIP,0.877566666666666,524,0,False,False,False,False,False,True
SPN,0.8774999999999994,525,1,True,False,True,False,False,False
GTSE1,0.8761333333333327,526,1,True,True,False,True,False,False
AURKA,0.8759666666666666,527,0,False,False,False,False,False,True
CAPN6,0.8756333333333326,528,0,False,False,False,False,False,True
ESPL1,0.8751333333333332,529,1,True,False,True,False,False,False
FSCN1,0.8750999999999991,530,0,False,False,False,False,False,True
FIBIN,0.8748666666666658,531,0,False,False,False,False,False,True
TMEM100,0.8747333333333328,532,1,True,True,False,True,False,False
EDIL3,0.874133333333333,533,0,False,True,False,False,False,True
APOC1,0.8737333333333324,534,0,False,False,False,False,False,True
SLC2A3,0.8735999999999999,535,0,False,False,False,False,False,True
PRR15,0.8735999999999992,536,0,False,False,False,False,False,True
ROS1,0.8735333333333332,537,1,True,True,False,True,False,False
PODNL1,0.8732666666666662,538,0,False,False,False,False,False,True
RXRG,0.8731666666666664,539,1,True,False,True,False,False,False
VCAM1,0.8724666666666663,540,0,False,False,False,False,False,True
CAVIN2,0.872033333333333,541,0,False,True,False,False,False,True
TPSB2,0.8719999999999993,542,0,False,True,False,False,False,True
TK1,0.8718333333333328,543,1,True,False,True,False,False,False
OLR1,0.8717666666666669,544,0,False,False,False,False,False,True
TNNT1,0.8716999999999994,545,0,False,False,False,False,False,True
MS4A15,0.8712999999999994,546,0,False,True,False,False,False,True
ADM2,0.8710666666666664,547,0,False,False,False,False,False,True
ST6GALNAC1,0.870933333333333,548,0,False,False,False,False,False,True
GPC6,0.8707666666666669,549,0,False,False,False,False,False,True
MACROD2,0.8707666666666656,550,0,False,False,False,False,False,True
E2F8,0.8705333333333334,551,1,True,False,True,False,False,False
AGER,0.8702666666666669,552,1,True,True,False,True,False,False
PLA2G1B,0.8700333333333329,553,0,False,False,False,False,False,True
ELAPOR1,0.8699333333333334,554,0,False,False,False,False,False,True
EPHX4,0.869533333333333,555,0,False,False,False,False,False,True
PRODH,0.8692333333333327,556,0,False,False,False,False,False,True
TSPAN8,0.8691666666666655,557,0,False,False,False,False,False,True
SLC6A20,0.8689666666666661,558,0,False,False,False,False,False,True
CACNG4,0.8681666666666662,559,0,False,False,False,False,False,True
NR4A2,0.8681666666666662,559,1,True,True,False,True,False,False
SPINK2,0.8680999999999996,561,0,False,False,False,False,False,True
FDCSP,0.8676333333333326,562,0,False,False,False,False,False,True
SLC7A2,0.8675999999999989,563,0,False,False,False,False,False,True
CCL7,0.8675000000000002,564,0,False,False,False,False,False,True
GJB3,0.8672666666666661,565,0,False,False,False,False,False,True
KIF23,0.8672333333333343,566,1,True,False,True,False,False,False
KLK13,0.8672333333333334,567,1,True,False,True,False,False,False
FCN3,0.8669666666666658,568,0,False,False,False,False,False,True
MFAP5,0.8668666666666661,569,0,False,True,False,False,False,True
SCIN,0.8665999999999999,570,1,True,False,True,False,False,False
ASPN,0.8665333333333329,571,0,False,False,False,False,False,True
KCNK3,0.8662666666666671,572,0,False,True,False,False,False,True
SCG5,0.8662000000000002,573,0,False,False,False,False,False,True
SLC5A8,0.8660999999999995,574,1,True,True,False,True,False,False
CRYM,0.8656999999999997,575,0,False,False,False,False,False,True
ARSL,0.8656333333333329,576,0,False,False,False,False,False,True
CNFN,0.8653999999999996,577,0,False,False,False,False,False,True
HORMAD1,0.8652999999999997,578,0,False,False,False,False,False,True
FASN,0.8651000000000001,579,1,True,False,True,False,False,False
SLCO4C1,0.8650999999999999,580,0,False,True,False,False,False,True
IL37,0.8650999999999998,581,0,False,True,False,False,False,True
FOXA3,0.8650999999999993,582,0,False,False,False,False,False,True
HK3,0.8648666666666666,583,0,False,True,False,False,False,True
NPTX2,0.8648333333333327,584,0,False,False,False,False,False,True
CBLC,0.8646666666666663,585,0,False,False,False,False,False,True
PNMA8A,0.8642,586,0,False,False,False,False,False,True
MARCO,0.8641999999999996,587,0,False,False,False,False,False,True
CCL11,0.8637666666666672,588,0,False,True,False,False,False,True
PTPRB,0.8632333333333329,589,0,False,False,False,False,False,True
IDO1,0.8628333333333336,590,0,False,True,False,False,False,True
DIO2,0.8625999999999999,591,0,False,False,False,False,False,True
SELENBP1,0.8625,592,0,False,False,False,False,False,True
ARHGAP40,0.8622666666666657,593,0,False,False,False,False,False,True
PFKP,0.8621000000000002,594,0,False,True,False,False,False,True
SIX2,0.8619333333333329,595,0,False,False,False,False,False,True
PLOD2,0.8617333333333335,596,0,False,False,False,False,False,True
CDKN2B,0.8616333333333336,597,1,True,True,False,True,False,False
RAMP3,0.861633333333333,598,0,False,True,False,False,False,True
AKR7A3,0.861533333333333,599,0,False,False,False,False,False,True
COL5A1,0.8614666666666663,600,0,False,False,False,False,False,True
PCP4L1,0.8613999999999997,601,0,False,True,False,False,False,True
TCN1,0.8610999999999998,602,0,False,False,False,False,False,True
MMRN1,0.8597999999999998,603,0,False,True,False,False,False,True
PLA2G2D,0.8596333333333331,604,0,False,False,False,False,False,True
MMP19,0.8595999999999996,605,0,False,False,False,False,False,True
TMEM171,0.8589999999999995,606,0,False,True,False,False,False,True
FMO2,0.8589666666666664,607,0,False,False,False,False,False,True
B3GNT3,0.858666666666666,608,0,False,False,False,False,False,True
ABCB1,0.8584333333333338,609,1,True,False,True,False,False,False
UCN3,0.858433333333333,610,0,False,False,False,False,False,True
CILP2,0.8584000000000002,611,0,False,False,False,False,False,True
SERPINF1,0.8577000000000009,612,1,True,False,True,False,False,False
AGTR2,0.8576666666666669,613,0,False,False,False,False,False,True
PCSK2,0.8576000000000008,614,1,True,True,False,True,False,False
CCN5,0.8576000000000005,615,0,False,True,False,False,False,True
EPHX3,0.8575999999999994,616,0,False,False,False,False,False,True
TSPAN7,0.8575666666666664,617,0,False,True,False,False,False,True
PDE4D,0.8575333333333333,618,1,True,False,True,False,False,False
SULF2,0.8571333333333336,619,1,True,False,True,False,False,False
TBX15,0.8570666666666665,620,0,False,False,False,False,False,True
NPR3,0.8567999999999993,621,0,False,True,False,False,False,True
SIK1,0.8561666666666667,622,0,False,True,False,False,False,True
AHNAK2,0.8561666666666664,623,0,False,False,False,False,False,True
HOXB8,0.8560333333333332,624,0,False,False,False,False,False,True
SLC22A31,0.8558999999999992,625,0,False,False,False,False,False,True
PPP1R1B,0.8556333333333331,626,0,False,True,False,False,False,True
OGN,0.8555999999999995,627,0,False,False,False,False,False,True
BMP5,0.8555666666666667,628,0,False,False,False,False,False,True
PAX5,0.8552000000000002,629,1,True,False,True,False,False,False
CLC,0.8547333333333328,630,0,False,False,False,False,False,True
SLC44A5,0.8546666666666668,631,0,False,True,False,False,False,True
CTSH,0.8544999999999994,632,0,False,False,False,False,False,True
SLC1A7,0.8544333333333325,633,0,False,False,False,False,False,True
ASPHD1,0.8543999999999996,634,0,False,False,False,False,False,True
NTS,0.8542666666666672,635,1,True,True,False,True,False,False
GPX2,0.8541666666666669,636,0,False,False,False,False,False,True
ANGPTL2,0.8541000000000001,637,1,True,False,True,False,False,False
CCNB1,0.8537666666666665,638,1,True,True,False,True,False,False
SOX18,0.8535000000000008,639,1,True,False,True,False,False,False
MT1E,0.8534333333333338,640,0,False,False,False,False,False,True
C1QTNF6,0.8532333333333331,641,0,False,False,False,False,False,True
SYT1,0.8531999999999994,642,0,False,False,False,False,False,True
CLEC3B,0.852833333333333,643,0,False,True,False,False,False,True
BCHE,0.8520333333333334,644,0,False,False,False,False,False,True
LIF,0.8519333333333339,645,0,False,False,False,False,False,True
TGM1,0.8513666666666667,646,1,True,False,True,False,False,False
FNDC4,0.8513333333333333,647,0,False,False,False,False,False,True
NCAPG,0.8507666666666668,648,0,False,False,False,False,False,True
PIMREG,0.8505666666666667,649,0,False,False,False,False,False,True
GRAMD2A,0.8505666666666666,650,0,False,False,False,False,False,True
PGF,0.850400000000001,651,1,True,False,True,False,False,False
INHBB,0.8503999999999998,652,0,False,True,False,False,False,True
HES6,0.8503999999999997,653,0,False,False,False,False,False,True
GSDMC,0.8503000000000001,654,0,False,False,False,False,False,True
AMBP,0.8502666666666663,655,1,True,False,True,False,False,False
REEP6,0.8500333333333323,656,0,False,False,False,False,False,True
PRRX2,0.8496999999999995,657,0,False,False,False,False,False,False
MYRF,0.8494333333333332,658,0,False,False,False,False,False,False
SCARA5,0.8492999999999998,659,0,False,True,False,False,False,False
ALKAL2,0.8490666666666669,660,0,False,True,False,False,False,False
ANO1,0.8490333333333338,661,1,True,False,True,False,False,False
ZG16B,0.8490333333333329,662,0,False,False,False,False,False,False
SLC16A9,0.8482666666666671,663,0,False,False,False,False,False,False
PALM3,0.8481333333333332,664,0,False,False,False,False,False,False
NLRP2,0.8479999999999998,665,0,False,False,False,False,False,False
BUB1B,0.8479999999999993,666,0,False,False,False,False,False,False
FPR1,0.8478000000000002,667,0,False,False,False,False,False,False
GALNT6,0.8477333333333329,668,0,False,False,False,False,False,False
TNXB,0.8475000000000006,669,0,False,False,False,False,False,False
MYBPH,0.8474999999999998,670,0,False,False,False,False,False,False
FMO5,0.847233333333333,671,0,False,False,False,False,False,False
LYPD6B,0.8470666666666666,672,0,False,False,False,False,False,False
CYP4F11,0.8470333333333329,673,0,False,False,False,False,False,False
HILPDA,0.846966666666667,674,0,False,False,False,False,False,False
PRELP,0.8469333333333334,675,0,False,False,False,False,False,False
BASP1,0.8468999999999998,676,0,False,False,False,False,False,False
ABO,0.8468000000000002,677,0,False,False,False,False,False,False
PPBP,0.8468,678,0,False,False,False,False,False,False
VNN1,0.8467666666666659,679,0,False,False,False,False,False,False
EYA4,0.846733333333334,680,1,True,False,True,False,False,False
NXPH4,0.846533333333333,681,0,False,False,False,False,False,False
MT1H,0.8464999999999999,682,0,False,False,False,False,False,False
ERICH2,0.8461333333333337,683,0,False,False,False,False,False,False
SFTPC,0.8460666666666666,684,0,False,False,False,False,False,False
HLF,0.8459666666666675,685,0,False,False,False,False,False,False
BUB1,0.845933333333333,686,0,False,False,False,False,False,False
S100A12,0.8458666666666665,687,0,False,False,False,False,False,False
LTK,0.8457999999999998,688,0,False,False,False,False,False,False
OSCAR,0.8456999999999996,689,0,False,False,False,False,False,False
RHBDL2,0.8452666666666663,690,0,False,False,False,False,False,False
EZH2,0.8452000000000003,691,1,True,False,True,False,False,False
MAL,0.8445333333333334,692,0,False,True,False,False,False,False
CD1A,0.844266666666666,693,0,False,False,False,False,False,False
BMPER,0.844166666666666,694,1,True,False,True,False,False,False
MAP1LC3C,0.8440666666666663,695,0,False,True,False,False,False,False
HJURP,0.8439666666666661,696,0,False,False,False,False,False,False
POF1B,0.8433999999999995,697,0,False,False,False,False,False,False
SMOC1,0.8431666666666667,698,0,False,False,False,False,False,False
KRT15,0.8428666666666663,699,0,False,False,False,False,False,False
MUC1,0.8424666666666674,700,1,True,False,True,False,False,False
SRPX2,0.8422333333333337,701,0,False,False,False,False,False,False
IGSF9,0.841933333333333,702,0,False,False,False,False,False,False
FCER1A,0.8418666666666671,703,0,False,False,False,False,False,False
FAM111B,0.8416666666666671,704,0,False,True,False,False,False,False
CXCL11,0.8415333333333337,705,0,False,True,False,False,False,False
VSTM2L,0.8415333333333332,706,0,False,False,False,False,False,False
TMEM132A,0.8415333333333329,707,0,False,False,False,False,False,False
GKN2,0.8412999999999994,708,0,False,False,False,False,False,False
CSF2,0.8412666666666659,709,1,True,True,False,True,False,False
FOXP3,0.8411333333333341,710,1,True,False,True,False,False,False
DUOX2,0.8409000000000013,711,1,True,False,True,False,False,False
ALOX5AP,0.8403666666666667,712,0,False,False,False,False,False,False
SLC16A14,0.8402666666666669,713,0,False,False,False,False,False,False
FAXDC2,0.8401666666666667,714,0,False,False,False,False,False,False
SCNN1G,0.8400999999999993,715,0,False,False,False,False,False,False
BAIAP2L2,0.8394999999999999,716,0,False,False,False,False,False,False
ALDH3B2,0.8393333333333328,717,0,False,False,False,False,False,False
TMPRSS6,0.8391666666666665,718,0,False,False,False,False,False,False
NR4A3,0.8391333333333334,719,0,False,False,False,False,False,False
LGI2,0.839133333333333,720,0,False,True,False,False,False,False
VSIG2,0.8388000000000001,721,0,False,False,False,False,False,False
PLEKHS1,0.8387333333333331,722,0,False,False,False,False,False,False
TROAP,0.8386999999999994,723,0,False,False,False,False,False,False
NPTX1,0.8386666666666661,724,1,True,True,False,True,False,False
GABBR2,0.8385333333333334,725,0,False,True,False,False,False,False
PCSK9,0.8384333333333337,726,0,False,False,False,False,False,False
STC1,0.8383666666666669,727,0,False,False,False,False,False,False
PRSS2,0.8381333333333331,728,0,False,False,False,False,False,False
CCL2,0.8379666666666673,729,1,True,False,True,False,False,False
FAM83D,0.8379666666666665,730,0,False,False,False,False,False,False
TLR8,0.8378333333333342,731,1,True,False,True,False,False,False
S100A4,0.8377999999999997,732,0,False,True,False,False,False,False
ST8SIA6,0.8373666666666667,733,0,False,True,False,False,False,False
SFTPB,0.8371000000000004,734,0,False,False,False,False,False,False
ANGPT2,0.8366666666666677,735,1,True,False,True,False,False,False
GABRP,0.8364333333333338,736,0,False,False,False,False,False,False
EMCN,0.8364333333333333,737,0,False,False,False,False,False,False
CXCL10,0.836266666666666,738,0,False,False,False,False,False,False
MELTF,0.8362333333333334,739,0,False,False,False,False,False,False
BHMT2,0.8361000000000001,740,0,False,False,False,False,False,False
COL6A6,0.8360666666666662,741,0,False,True,False,False,False,False
H2AW,0.8358333333333332,742,0,False,False,False,False,False,False
G0S2,0.8355999999999996,743,0,False,False,False,False,False,False
BMP6,0.8354999999999994,744,0,False,False,False,False,False,False
CTSE,0.8352333333333333,745,0,False,False,False,False,False,False
H2BC4,0.8351333333333337,746,0,False,False,False,False,False,False
ERAP2,0.8345333333333337,747,0,False,False,False,False,False,False
CD207,0.8340999999999997,748,0,False,False,False,False,False,False
COL15A1,0.8338333333333342,749,0,False,False,False,False,False,False
FA2H,0.8337333333333334,750,0,False,True,False,False,False,False
CCL23,0.8335333333333336,751,0,False,False,False,False,False,False
VEGFD,0.8334999999999991,752,0,False,False,False,False,False,False
C1ORF115,0.833466666666667,753,0,False,True,False,False,False,False
LIPH,0.8332666666666665,754,1,True,False,True,False,False,False
HCAR2,0.8330666666666676,755,0,False,False,False,False,False,False
EFEMP1,0.8329333333333342,756,1,True,False,True,False,False,False
DOK5,0.8328666666666664,757,0,False,False,False,False,False,False
TREM1,0.8326333333333337,758,1,True,True,False,True,False,False
WNT3A,0.8325000000000004,759,1,True,False,True,False,False,False
ROBO4,0.832433333333334,760,0,False,False,False,False,False,False
MFAP2,0.8322333333333332,761,0,False,False,False,False,False,False
GJA5,0.8320666666666667,762,0,False,False,False,False,False,False
INMT,0.8319,763,0,False,False,False,False,False,False
KIF4A,0.8318999999999995,764,0,False,False,False,False,False,False
IVL,0.831833333333333,765,0,False,False,False,False,False,False
KLF15,0.8317333333333331,766,0,False,False,False,False,False,False
DSC3,0.8316333333333337,767,1,True,False,True,False,False,False
KIF26B,0.8316,768,0,False,True,False,False,False,False
SOX21,0.8314666666666664,769,0,False,False,False,False,False,False
ANKRD29,0.8314333333333337,770,0,False,False,False,False,False,False
PPP1R14A,0.8313666666666668,771,0,False,False,False,False,False,False
PLA2G12B,0.8311333333333338,772,0,False,False,False,False,False,False
CBX2,0.8310666666666662,773,0,False,False,False,False,False,False
SEZ6L2,0.8309999999999996,774,0,False,False,False,False,False,False
ZBED2,0.8308999999999997,775,0,False,False,False,False,False,False
TOX3,0.8308000000000005,776,0,False,True,False,False,False,False
SAA2,0.8305666666666663,777,1,True,True,False,True,False,False
HIGD1B,0.8303333333333339,778,0,False,False,False,False,False,False
GSTM1,0.8302666666666663,779,0,False,False,False,False,False,False
TFF1,0.8301666666666665,780,0,False,False,False,False,False,False
B3GNT8,0.8301,781,0,False,False,False,False,False,False
IRX3,0.8296666666666668,782,0,False,False,False,False,False,False
FHL2,0.8288333333333331,783,0,False,False,False,False,False,False
APLP1,0.8287,784,0,False,False,False,False,False,False
POU2AF1,0.8286999999999991,785,0,False,False,False,False,False,False
GPA33,0.8283000000000003,786,0,False,False,False,False,False,False
ECM1,0.8282333333333336,787,0,False,False,False,False,False,False
CSF1,0.8281666666666676,788,1,True,False,True,False,False,False
ARC,0.8281000000000005,789,0,False,True,False,False,False,False
BEX5,0.8278000000000002,790,0,False,True,False,False,False,False
GPRIN2,0.8270333333333334,791,0,False,False,False,False,False,False
GOLM1,0.8259333333333345,792,1,True,False,True,False,False,False
STX1A,0.8258666666666669,793,0,False,False,False,False,False,False
FOS,0.8257000000000003,794,0,False,False,False,False,False,False
HOXB7,0.8257000000000002,795,0,False,False,False,False,False,False
CPAMD8,0.8257000000000001,796,0,False,True,False,False,False,False
MAP7D2,0.8255666666666674,797,0,False,True,False,False,False,False
MATN3,0.8255666666666667,798,0,False,False,False,False,False,False
SSTR1,0.8255666666666666,799,0,False,True,False,False,False,False
CD36,0.8253000000000005,800,0,False,False,False,False,False,False
MROH6,0.8253000000000004,801,0,False,True,False,False,False,False
LRRC4,0.8248333333333336,802,0,False,False,False,False,False,False
KRT16,0.8247333333333331,803,0,False,False,False,False,False,False
CAPN9,0.8243666666666664,804,0,False,False,False,False,False,False
LRRN1,0.8240000000000003,805,0,False,False,False,False,False,False
APOD,0.8238000000000002,806,0,False,False,False,False,False,False
BHLHA15,0.823766666666667,807,0,False,False,False,False,False,False
TPSD1,0.8237333333333329,808,0,False,False,False,False,False,False
EPN3,0.8235000000000001,809,0,False,False,False,False,False,False
HTR1D,0.8227333333333332,810,0,False,False,False,False,False,False
RAMP2,0.8225000000000003,811,1,True,False,True,False,False,False
IGLL5,0.8207000000000003,812,0,False,False,False,False,False,False
SLC4A4,0.8205333333333342,813,0,False,False,False,False,False,False
CD177,0.8205333333333337,814,0,False,False,False,False,False,False
CRLF1,0.8202666666666659,815,0,False,False,False,False,False,False
IQCN,0.820233333333333,816,0,False,False,False,False,False,False
OLFML2B,0.8201999999999999,817,0,False,False,False,False,False,False
UGT8,0.8198333333333332,818,1,True,True,False,True,False,False
COL1A1,0.8197000000000003,819,0,False,False,False,False,False,False
ADAMTS12,0.8195999999999999,820,0,False,False,False,False,False,False
JSRP1,0.8194333333333332,821,0,False,False,False,False,False,False
ANKRD1,0.8193333333333334,822,0,False,False,False,False,False,False
IL7R,0.8193,823,1,True,True,False,True,False,False
ACE,0.8191000000000007,824,1,True,False,True,False,False,False
TIMD4,0.8189666666666672,825,1,True,False,True,False,False,False
LAMP5,0.8188000000000002,826,0,False,False,False,False,False,False
XKRX,0.8184666666666665,827,0,False,False,False,False,False,False
C9ORF152,0.8183333333333334,828,0,False,True,False,False,False,False
CLEC5A,0.8183000000000006,829,0,False,False,False,False,False,False
ENPP3,0.8182333333333326,830,0,False,False,False,False,False,False
KCNE4,0.8179000000000006,831,0,False,False,False,False,False,False
ACTG2,0.8177999999999999,832,0,False,False,False,False,False,False
SERPINA3,0.8176000000000007,833,1,True,False,True,False,False,False
SEMA3G,0.8173666666666668,834,0,False,False,False,False,False,False
PTPRN2,0.8172666666666669,835,0,False,False,False,False,False,False
GJB5,0.8167333333333336,836,0,False,False,False,False,False,False
RNF128,0.8167000000000005,837,0,False,False,False,False,False,False
TRIM31,0.8162999999999997,838,1,True,True,False,True,False,False
CCL24,0.8162666666666666,839,0,False,False,False,False,False,False
STEAP2,0.8161666666666674,840,0,False,False,False,False,False,False
LTB,0.815866666666667,841,0,False,False,False,False,False,False
TNNC2,0.8156333333333338,842,0,False,False,False,False,False,False
C4BPB,0.8156333333333333,843,0,False,False,False,False,False,False
SYT8,0.8154666666666666,844,0,False,False,False,False,False,False
SKA1,0.8154333333333339,845,0,False,False,False,False,False,False
ITGB4,0.8154333333333337,846,1,True,True,False,True,False,False
LARGE2,0.8150999999999996,847,0,False,False,False,False,False,False
MYB,0.8150333333333342,848,1,True,False,True,False,False,False
B3GNT6,0.814733333333333,849,0,False,False,False,False,False,False
ATP8A1,0.8146333333333338,850,0,False,True,False,False,False,False
MMP28,0.8143999999999997,851,0,False,False,False,False,False,False
AKR1C2,0.8142666666666674,852,0,False,False,False,False,False,False
PLA2G10,0.8141666666666668,853,0,False,False,False,False,False,False
HLA-DQB1,0.8140666666666659,854,0,False,False,False,False,False,False
SIK1B,0.8133333333333335,855,0,False,False,False,False,False,False
KLK12,0.8131000000000013,856,0,False,True,False,False,False,False
GZMB,0.8130666666666675,857,0,False,False,False,False,False,False
CPNE7,0.8127999999999993,858,0,False,False,False,False,False,False
ZNF385B,0.8127666666666663,859,0,False,False,False,False,False,False
DEGS2,0.8126000000000004,860,0,False,False,False,False,False,False
C5AR1,0.8121000000000004,861,0,False,True,False,False,False,False
C5ORF46,0.812033333333333,862,0,False,True,False,False,False,False
CXCL17,0.811966666666667,863,0,False,False,False,False,False,False
LGR4,0.8116666666666669,864,0,False,True,False,False,False,False
TGFBI,0.8116000000000005,865,0,False,True,False,False,False,False
C6ORF141,0.8114000000000006,866,0,False,False,False,False,False,False
SELP,0.8113666666666669,867,1,True,True,False,True,False,False
PLA2G4F,0.8113666666666667,868,0,False,False,False,False,False,False
ORC1,0.811333333333333,869,0,False,False,False,False,False,False
CENPA,0.8113333333333326,870,0,False,False,False,False,False,False
FPR2,0.8113000000000006,871,0,False,False,False,False,False,False
TREM2,0.8110999999999999,872,0,False,False,False,False,False,False
SOCS2,0.8109333333333332,873,0,False,False,False,False,False,False
TNS4,0.8108,874,1,True,True,False,True,False,False
DEFB4A,0.8107999999999996,875,0,False,True,False,False,False,False
MET,0.8103333333333331,876,0,False,True,False,False,False,False
ISLR,0.8100666666666663,877,0,False,False,False,False,False,False
GPRIN1,0.8099666666666666,878,0,False,False,False,False,False,False
VGLL1,0.8099666666666666,878,0,False,False,False,False,False,False
DPEP1,0.8094666666666667,880,0,False,False,False,False,False,False
COX4I2,0.8093333333333338,881,0,False,False,False,False,False,False
PER1,0.8092666666666671,882,0,False,False,False,False,False,False
CD69,0.8092333333333332,883,0,False,True,False,False,False,False
S100A3,0.8088000000000002,884,0,False,False,False,False,False,False
MFAP4,0.8085666666666669,885,0,False,False,False,False,False,False
CD5,0.8082333333333342,886,1,True,False,True,False,False,False
MNDA,0.8081666666666665,887,0,False,True,False,False,False,False
IP6K3,0.8081333333333337,888,0,False,False,False,False,False,False
PI15,0.8080333333333336,889,0,False,False,False,False,False,False
IL1RL1,0.8080333333333333,890,0,False,False,False,False,False,False
EPB41L3,0.807533333333334,891,1,True,False,True,False,False,False
SYBU,0.806933333333333,892,0,False,False,False,False,False,False
RECQL4,0.806733333333334,893,0,False,False,False,False,False,False
CD1E,0.8065333333333339,894,0,False,True,False,False,False,False
DPP4,0.8061,895,0,False,True,False,False,False,False
IGFBPL1,0.8058333333333333,896,0,False,False,False,False,False,False
AQP3,0.8057999999999996,897,0,False,False,False,False,False,False
GYG2,0.805666666666667,898,0,False,False,False,False,False,False
AGRP,0.8054333333333337,899,0,False,False,False,False,False,False
HSD17B13,0.8054333333333332,900,0,False,True,False,False,False,False
PAPPA,0.8053666666666672,901,1,True,False,True,False,False,False
PRDM16,0.8052333333333347,902,1,True,False,True,False,False,False
OASL,0.805166666666667,903,0,False,False,False,False,False,False
TMEM158,0.8047666666666667,904,0,False,True,False,False,False,False
LILRA5,0.8047333333333332,905,0,False,False,False,False,False,False
SLC46A2,0.8046666666666666,906,0,False,False,False,False,False,False
CHEK1,0.8043333333333336,907,0,False,False,False,False,False,False
ENTPD2,0.8041000000000004,908,0,False,False,False,False,False,False
HIF3A,0.8039666666666662,909,0,False,False,False,False,False,False
TAMALIN,0.8036999999999999,910,0,False,False,False,False,False,False
AC136428.1,0.8036000000000003,911,0,False,False,False,False,False,False
PHACTR3,0.8024666666666667,912,0,False,True,False,False,False,False
APOBEC3B,0.8023333333333339,913,0,False,False,False,False,False,False
ADRA2A,0.8019999999999997,914,0,False,False,False,False,False,False
TUBB2A,0.8019333333333343,915,1,True,False,True,False,False,False
GZMH,0.8019000000000007,916,0,False,False,False,False,False,False
CXCR2,0.8019000000000002,917,1,True,True,False,True,False,False
ACKR3,0.8017666666666668,918,0,False,False,False,False,False,False
CHL1,0.8012999999999999,919,0,False,False,False,False,False,False
STAC,0.8010666666666676,920,0,False,False,False,False,False,False
MLLT11,0.8008333333333333,921,0,False,False,False,False,False,False
MFSD4A,0.8006666666666667,922,0,False,False,False,False,False,False
RASGRF1,0.8004666666666668,923,0,False,True,False,False,False,False
TBX4,0.8002666666666669,924,0,False,False,False,False,False,False
PRKCE,0.7997333333333342,925,1,True,False,True,False,False,False
ALDH3B1,0.7996333333333338,926,0,False,False,False,False,False,False
SYT13,0.799366666666667,927,0,False,False,False,False,False,False
HBB,0.799266666666667,928,0,False,False,False,False,False,False
CA3,0.7991333333333336,929,0,False,True,False,False,False,False
SDS,0.7989666666666673,930,0,False,False,False,False,False,False
SCN7A,0.7989666666666669,931,0,False,False,False,False,False,False
FAM107A,0.798833333333333,932,0,False,False,False,False,False,False
RET,0.7987666666666675,933,1,True,True,False,True,False,False
ADGRE1,0.7987000000000004,934,0,False,True,False,False,False,False
CCDC80,0.798666666666667,935,0,False,False,False,False,False,False
CMBL,0.7984666666666665,936,0,False,True,False,False,False,False
LRRC31,0.7981333333333336,937,0,False,False,False,False,False,False
IER3,0.7979333333333339,938,0,False,False,False,False,False,False
SHE,0.7979000000000009,939,0,False,False,False,False,False,False
HS3ST2,0.7976999999999999,940,0,False,True,False,False,False,False
FGFR2,0.7975333333333341,941,1,True,True,False,True,False,False
UPK1B,0.797533333333334,942,0,False,False,False,False,False,False
CFB,0.7972666666666672,943,1,True,False,True,False,False,False
BARX2,0.7971000000000007,944,0,False,False,False,False,False,False
FGF9,0.7970000000000005,945,1,True,False,True,False,False,False
STEAP4,0.7967000000000007,946,0,False,False,False,False,False,False
CRIP2,0.7965999999999996,947,0,False,False,False,False,False,False
PANX2,0.7964999999999999,948,0,False,False,False,False,False,False
CX3CR1,0.7964666666666664,949,0,False,True,False,False,False,False
BPIFB2,0.7964333333333335,950,0,False,False,False,False,False,False
KLK10,0.7963333333333332,951,1,True,True,False,True,False,False
SCD5,0.7963333333333332,951,0,False,False,False,False,False,False
LHX6,0.7961333333333338,953,1,True,False,True,False,False,False
IRAK3,0.7955333333333332,954,0,False,True,False,False,False,False
CEACAM6,0.7951333333333335,955,0,False,False,False,False,False,False
DRGX,0.7950333333333334,956,0,False,False,False,False,False,False
NOTUM,0.7948000000000002,957,0,False,False,False,False,False,False
ATP6V0D2,0.7947000000000005,958,0,False,False,False,False,False,False
SLC5A1,0.7945333333333332,959,0,False,False,False,False,False,False
VIPR1,0.7944666666666665,960,0,False,False,False,False,False,False
CENPU,0.7944333333333339,961,0,False,False,False,False,False,False
TNFAIP6,0.7944333333333338,962,0,False,False,False,False,False,False
CLEC4E,0.7940999999999999,963,0,False,False,False,False,False,False
CDT1,0.7940000000000003,964,0,False,False,False,False,False,False
MUC5AC,0.793966666666667,965,0,False,False,False,False,False,False
COLEC12,0.7939333333333332,966,0,False,False,False,False,False,False
CHST4,0.7933,967,0,False,False,False,False,False,False
XAGE2,0.7931333333333341,968,0,False,False,False,False,False,False
CLIC5,0.7931000000000004,969,0,False,False,False,False,False,False
IL20RA,0.7930666666666666,970,0,False,True,False,False,False,False
TNFRSF17,0.7929000000000005,971,0,False,True,False,False,False,False
CEBPA,0.7928333333333333,972,1,True,True,False,True,False,False
ISM1,0.7926666666666666,973,0,False,True,False,False,False,False
NECTIN4,0.792533333333333,974,0,False,False,False,False,False,False
FAM162B,0.7920333333333339,975,0,False,False,False,False,False,False
TGFB2,0.7917000000000002,976,0,False,False,False,False,False,False
FCGR3A,0.7916333333333334,977,0,False,False,False,False,False,False
ASF1B,0.7916000000000005,978,0,False,False,False,False,False,False
NCAM1,0.7915666666666675,979,1,True,False,True,False,False,False
DNASE2B,0.7912333333333338,980,0,False,True,False,False,False,False
PRX,0.7911666666666666,981,0,False,False,False,False,False,False
TMEM156,0.790966666666667,982,0,False,False,False,False,False,False
TMEM88,0.7909333333333337,983,0,False,False,False,False,False,False
SLC4A11,0.7909000000000004,984,0,False,False,False,False,False,False
BTNL9,0.7903666666666664,985,0,False,False,False,False,False,False
PRLR,0.7903666666666662,986,0,False,True,False,False,False,False
CXCL3,0.7902999999999998,987,0,False,False,False,False,False,False
CD300E,0.7899999999999996,988,0,False,False,False,False,False,False
SIGLEC1,0.7899333333333326,989,0,False,False,False,False,False,False
NCAPH,0.7898666666666663,990,0,False,True,False,False,False,False
ERFE,0.7898000000000005,991,0,False,False,False,False,False,False
SERPINF2,0.7896000000000001,992,0,False,False,False,False,False,False
HBA2,0.7895666666666671,993,0,False,False,False,False,False,False
ATP13A4,0.7893666666666672,994,0,False,False,False,False,False,False
SULT1C2,0.7890333333333338,995,0,False,False,False,False,False,False
SFRP5,0.7889000000000004,996,0,False,False,False,False,False,False
SLC28A3,0.7889000000000004,996,0,False,False,False,False,False,False
FHL5,0.7886666666666664,998,0,False,False,False,False,False,False
TPPP3,0.7882333333333338,999,0,False,False,False,False,False,False
MT2A,0.7879999999999998,1000,0,False,False,False,False,False,False
GINS1,0.7875666666666675,1001,0,False,False,False,False,False,False
PLAC9,0.7875333333333336,1002,0,False,True,False,False,False,False
CNN1,0.7874333333333337,1003,0,False,False,False,False,False,False
GPER1,0.7874333333333337,1003,0,False,False,False,False,False,False
RHOV,0.7873666666666669,1005,0,False,False,False,False,False,False
DBNDD1,0.7868333333333338,1006,0,False,True,False,False,False,False
OMD,0.7867666666666664,1007,0,False,False,False,False,False,False
ITGA8,0.7864666666666674,1008,0,False,False,False,False,False,False
SCD,0.7864333333333338,1009,1,True,False,True,False,False,False
TENT5B,0.786333333333333,1010,0,False,False,False,False,False,False
HAL,0.7861666666666662,1011,0,False,False,False,False,False,False
SCN4B,0.7860999999999998,1012,0,False,False,False,False,False,False
CNMD,0.7857999999999996,1013,0,False,False,False,False,False,False
FCGR3B,0.7853666666666669,1014,0,False,False,False,False,False,False
RSPO2,0.7852999999999998,1015,0,False,False,False,False,False,False
SPRR1B,0.7848,1016,0,False,False,False,False,False,False
FLNC,0.7846666666666668,1017,0,False,False,False,False,False,False
MUC3A,0.7846333333333335,1018,0,False,False,False,False,False,False
MCEMP1,0.7845333333333331,1019,0,False,False,False,False,False,False
PRR11,0.7840666666666665,1020,0,False,False,False,False,False,False
CD27,0.7837999999999999,1021,0,False,False,False,False,False,False
IRX6,0.7835666666666664,1022,0,False,False,False,False,False,False
SPRR2D,0.7832333333333336,1023,0,False,False,False,False,False,False
BMP8A,0.7826333333333335,1024,0,False,False,False,False,False,False
MFSD6L,0.7825666666666667,1025,0,False,False,False,False,False,False
MACC1,0.7823333333333337,1026,0,False,False,False,False,False,False
TNNC1,0.7823333333333334,1027,0,False,False,False,False,False,False
KRT23,0.7818999999999999,1028,0,False,True,False,False,False,False
LGALS7B,0.7817666666666667,1029,0,False,False,False,False,False,False
F3,0.7817333333333335,1030,0,False,False,False,False,False,False
C5ORF38,0.7816333333333341,1031,0,False,False,False,False,False,False
DNASE1L3,0.7815666666666662,1032,0,False,False,False,False,False,False
H2BC8,0.7815000000000002,1033,0,False,False,False,False,False,False
CPE,0.7814999999999996,1034,0,False,False,False,False,False,False
PLA2G4E,0.781366666666667,1035,0,False,False,False,False,False,False
DERL3,0.7810000000000007,1036,0,False,False,False,False,False,False
CR2,0.7810000000000001,1037,0,False,False,False,False,False,False
TNFRSF19,0.7807000000000003,1038,0,False,False,False,False,False,False
ABCC3,0.7802666666666671,1039,0,False,False,False,False,False,False
GZMA,0.7800666666666666,1040,0,False,True,False,False,False,False
TTK,0.7800000000000001,1041,0,False,False,False,False,False,False
GINS2,0.7797333333333331,1042,0,False,False,False,False,False,False
SPRR1A,0.7796666666666671,1043,0,False,False,False,False,False,False
CLCF1,0.7795000000000001,1044,0,False,True,False,False,False,False
ADM,0.7792000000000008,1045,0,False,False,False,False,False,False
SAPCD2,0.7791333333333337,1046,0,False,False,False,False,False,False
CD52,0.7790000000000006,1047,0,False,False,False,False,False,False
CYS1,0.7787666666666665,1048,0,False,False,False,False,False,False
H2AC8,0.7787000000000003,1049,0,False,False,False,False,False,False
EGR2,0.7786666666666666,1050,0,False,True,False,False,False,False
CPM,0.7783333333333331,1051,0,False,False,False,False,False,False
PGGHG,0.7779666666666668,1052,0,False,False,False,False,False,False
HCAR1,0.7779333333333339,1053,0,False,True,False,False,False,False
CDH13,0.7778666666666667,1054,1,True,False,True,False,False,False
SP5,0.7778333333333329,1055,0,False,False,False,False,False,False
MEDAG,0.7778000000000008,1056,0,False,False,False,False,False,False
CHAD,0.7776666666666668,1057,0,False,False,False,False,False,False
CHGB,0.777533333333333,1058,0,False,True,False,False,False,False
GOLGA7B,0.7772333333333339,1059,0,False,False,False,False,False,False
TBX3,0.7772333333333333,1060,0,False,False,False,False,False,False
HCK,0.7771333333333336,1061,0,False,False,False,False,False,False
RHOBTB2,0.7768333333333336,1062,0,False,False,False,False,False,False
BAALC,0.7767333333333332,1063,0,False,False,False,False,False,False
H2BC11,0.7766666666666666,1064,0,False,True,False,False,False,False
MTRNR2L1,0.7763333333333335,1065,0,False,False,False,False,False,False
PNMT,0.7757999999999998,1066,0,False,False,False,False,False,False
DDC,0.7757000000000002,1067,0,False,False,False,False,False,False
SEMA5A,0.7755666666666674,1068,0,False,False,False,False,False,False
ELOVL6,0.7755333333333336,1069,0,False,False,False,False,False,False
ADAMTS16,0.7750333333333338,1070,0,False,False,False,False,False,False
PPP1R14C,0.7749999999999995,1071,0,False,False,False,False,False,False
CYTL1,0.7748333333333334,1072,0,False,False,False,False,False,False
PLXNB3,0.7744999999999999,1073,0,False,False,False,False,False,False
ERV3-1,0.7744333333333333,1074,0,False,False,False,False,False,False
HLA-DOA,0.7744333333333333,1074,0,False,False,False,False,False,False
PGAP4,0.7742666666666671,1076,0,False,True,False,False,False,False
MUC20,0.7741999999999999,1077,0,False,True,False,False,False,False
GPX3,0.7737000000000003,1078,0,False,False,False,False,False,False
PRRX1,0.7735333333333337,1079,0,False,False,False,False,False,False
ZDHHC11B,0.7735333333333332,1080,0,False,False,False,False,False,False
PDGFRL,0.7731666666666669,1081,0,False,True,False,False,False,False
ITGA5,0.7730666666666672,1082,0,False,False,False,False,False,False
DDIT4L,0.7728333333333339,1083,0,False,False,False,False,False,False
CD38,0.7723666666666661,1084,0,False,False,False,False,False,False
STMN3,0.7718333333333333,1085,0,False,False,False,False,False,False
MS4A1,0.7717333333333337,1086,0,False,False,False,False,False,False
OTULINL,0.7717333333333335,1087,0,False,False,False,False,False,False
SELENOP,0.7714666666666675,1088,0,False,False,False,False,False,False
CCBE1,0.7714666666666663,1089,0,False,False,False,False,False,False
ERP27,0.7712666666666673,1090,0,False,False,False,False,False,False
PRR15L,0.7708666666666673,1091,0,False,False,False,False,False,False
VMO1,0.7704,1092,0,False,False,False,False,False,False
PLA2G7,0.7699666666666671,1093,0,False,False,False,False,False,False
CHIA,0.7694333333333333,1094,0,False,False,False,False,False,False
MCM2,0.769066666666667,1095,0,False,False,False,False,False,False
FAM3D,0.7690333333333341,1096,0,False,False,False,False,False,False
TMEM59L,0.7688666666666666,1097,0,False,False,False,False,False,False
SLC2A5,0.7685333333333333,1098,1,True,True,False,True,False,False
CLIC6,0.7682333333333333,1099,0,False,False,False,False,False,False
SLC27A2,0.7681333333333343,1100,0,False,False,False,False,False,False
SFTA2,0.7680000000000005,1101,0,False,False,False,False,False,False
NTN1,0.7678000000000001,1102,0,False,True,False,False,False,False
GPR37,0.7677333333333333,1103,0,False,False,False,False,False,False
IL20RB,0.7675333333333331,1104,0,False,False,False,False,False,False
LEPR,0.7674666666666679,1105,1,True,True,False,True,False,False
HLA-DRB5,0.7669999999999999,1106,0,False,False,False,False,False,False
FABP5,0.766933333333334,1107,0,False,False,False,False,False,False
FOLR2,0.7666333333333332,1108,0,False,False,False,False,False,False
APOE,0.7663666666666666,1109,0,False,False,False,False,False,False
LMNB1,0.7663666666666665,1110,0,False,False,False,False,False,False
RBP2,0.7655333333333338,1111,0,False,False,False,False,False,False
RSPO4,0.7655333333333334,1112,0,False,False,False,False,False,False
SLC6A8,0.765166666666667,1113,0,False,False,False,False,False,False
APOBEC3A,0.7651333333333334,1114,0,False,True,False,False,False,False
C8B,0.7651333333333332,1115,0,False,True,False,False,False,False
PRSS12,0.7649666666666668,1116,0,False,True,False,False,False,False
PTGDS,0.7649333333333334,1117,1,True,False,True,False,False,False
CLDN6,0.7648666666666664,1118,0,False,False,False,False,False,False
RTKN2,0.7647999999999999,1119,0,False,False,False,False,False,False
SLC26A4,0.7647333333333336,1120,0,False,False,False,False,False,False
DTL,0.7645333333333335,1121,0,False,True,False,False,False,False
VPREB3,0.7644333333333332,1122,0,False,False,False,False,False,False
LPAR3,0.7643666666666667,1123,0,False,False,False,False,False,False
GATA2,0.7640999999999997,1124,1,True,True,False,True,False,False
UPK3B,0.7639666666666662,1125,0,False,False,False,False,False,False
TSPAN1,0.7637333333333337,1126,0,False,False,False,False,False,False
IRX5,0.7636666666666667,1127,0,False,False,False,False,False,False
CACHD1,0.7632999999999999,1128,0,False,False,False,False,False,False
CADM1,0.7629333333333338,1129,0,False,False,False,False,False,False
DCSTAMP,0.7624666666666666,1130,0,False,False,False,False,False,False
NR0B2,0.7623666666666673,1131,0,False,True,False,False,False,False
IL1R2,0.7623333333333335,1132,0,False,False,False,False,False,False
B3GNT7,0.762300000000001,1133,0,False,False,False,False,False,False
COL7A1,0.7621999999999999,1134,0,False,False,False,False,False,False
H3C6,0.7620666666666668,1135,0,False,False,False,False,False,False
SLC15A2,0.7618666666666676,1136,0,False,False,False,False,False,False
FSTL4,0.7617000000000003,1137,0,False,False,False,False,False,False
CLEC7A,0.7616000000000002,1138,0,False,False,False,False,False,False
PRAM1,0.7614666666666664,1139,0,False,False,False,False,False,False
HRCT1,0.7614333333333339,1140,0,False,False,False,False,False,False
SCG2,0.7611666666666673,1141,0,False,False,False,False,False,False
CASQ2,0.7610666666666674,1142,0,False,False,False,False,False,False
ADGRF5,0.7606666666666668,1143,0,False,False,False,False,False,False
GPIHBP1,0.7606666666666664,1144,0,False,False,False,False,False,False
FKBP10,0.7603999999999999,1145,0,False,False,False,False,False,False
LAMC2,0.7600333333333334,1146,0,False,False,False,False,False,False
SMIM31,0.7597666666666661,1147,0,False,False,False,False,False,False
C3,0.7595666666666672,1148,0,False,False,False,False,False,False
MATN2,0.759233333333334,1149,0,False,False,False,False,False,False
PKMYT1,0.7589333333333337,1150,0,False,False,False,False,False,False
C2CD4B,0.7589333333333335,1151,0,False,False,False,False,False,False
ZFP57,0.7589000000000001,1152,0,False,False,False,False,False,False
TFPI,0.758866666666667,1153,0,False,False,False,False,False,False
FOXF1,0.7587666666666667,1154,0,False,False,False,False,False,False
ALKAL1,0.7585333333333338,1155,0,False,True,False,False,False,False
S100A9,0.7585,1156,0,False,False,False,False,False,False
KLK14,0.7580333333333338,1157,0,False,False,False,False,False,False
DUOXA1,0.7576999999999995,1158,0,False,True,False,False,False,False
FOXJ1,0.7572000000000003,1159,0,False,False,False,False,False,False
H3C10,0.7571333333333335,1160,0,False,True,False,False,False,False
HHLA2,0.7567000000000003,1161,0,False,False,False,False,False,False
SLC17A9,0.7565666666666667,1162,0,False,True,False,False,False,False
PALMD,0.7564666666666662,1163,0,False,False,False,False,False,False
SYCE3,0.7561333333333333,1164,0,False,False,False,False,False,False
NPR1,0.7559333333333341,1165,0,False,False,False,False,False,False
FABP4,0.7553666666666671,1166,0,False,False,False,False,False,False
CTSW,0.7552333333333331,1167,0,False,False,False,False,False,False
PLN,0.755033333333333,1168,0,False,False,False,False,False,False
SYNE1,0.7545999999999999,1169,1,True,False,True,False,False,False
GALNT3,0.7541000000000002,1170,1,True,False,True,False,False,False
ITGB3,0.753766666666667,1171,1,True,True,False,True,False,False
LAMA3,0.7535333333333328,1172,0,False,False,False,False,False,False
NUPR2,0.7528666666666664,1173,0,False,False,False,False,False,False
ALOX5,0.7525999999999998,1174,0,False,False,False,False,False,False
F11,0.7524333333333335,1175,0,False,False,False,False,False,False
PI16,0.7523333333333335,1176,0,False,False,False,False,False,False
LAD1,0.7523333333333323,1177,0,False,False,False,False,False,False
SEMA3E,0.7522666666666665,1178,0,False,False,False,False,False,False
ADAMTS8,0.752,1179,0,False,False,False,False,False,False
ACY3,0.7519333333333335,1180,0,False,False,False,False,False,False
FOLR3,0.7519333333333326,1181,0,False,True,False,False,False,False
CARD11,0.7517000000000004,1182,0,False,False,False,False,False,False
ABCA4,0.7515333333333328,1183,0,False,True,False,False,False,False
STK33,0.7506666666666664,1184,1,True,False,True,False,False,False
CERCAM,0.7502666666666674,1185,0,False,False,False,False,False,False
HAS2,0.7500666666666672,1186,0,False,False,False,False,False,False
SBK1,0.7500333333333332,1187,0,False,True,False,False,False,False
QPRT,0.7499000000000003,1188,0,False,False,False,False,False,False
MLPH,0.7495000000000005,1189,0,False,False,False,False,False,False
SOX17,0.7494000000000004,1190,0,False,False,False,False,False,False
CTXN1,0.7493999999999997,1191,0,False,True,False,False,False,False
SLC34A2,0.7492999999999997,1192,0,False,True,False,False,False,False
KLRF1,0.7492,1193,0,False,False,False,False,False,False
SEC14L4,0.7488666666666658,1194,0,False,False,False,False,False,False
STRIP2,0.7487333333333334,1195,0,False,True,False,False,False,False
PTGIS,0.748733333333333,1196,0,False,False,False,False,False,False
LYZ,0.7487000000000001,1197,0,False,False,False,False,False,False
CAPS,0.7485333333333339,1198,0,False,False,False,False,False,False
FAM3B,0.7483333333333338,1199,0,False,False,False,False,False,False
GAS1,0.7481666666666669,1200,0,False,True,False,False,False,False
HKDC1,0.7478000000000004,1201,0,False,False,False,False,False,False
FCRL5,0.7477333333333335,1202,0,False,False,False,False,False,False
HTR2B,0.7472000000000005,1203,0,False,True,False,False,False,False
FAM177B,0.7468999999999996,1204,0,False,False,False,False,False,False
LBP,0.7465333333333335,1205,0,False,False,False,False,False,False
ST6GALNAC5,0.745833333333334,1206,0,False,True,False,False,False,False
SFTPA1,0.7457666666666668,1207,0,False,False,False,False,False,False
RSPO1,0.7455999999999997,1208,0,False,False,False,False,False,False
ADAMTS1,0.7453666666666663,1209,1,True,True,False,True,False,False
TNNI2,0.7447666666666669,1210,0,False,True,False,False,False,False
VEPH1,0.7447333333333338,1211,0,False,False,False,False,False,False
SFTPA2,0.7447000000000006,1212,0,False,False,False,False,False,False
NRN1,0.7443666666666666,1213,0,False,True,False,False,False,False
ATP1A2,0.7440666666666668,1214,0,False,False,False,False,False,False
KIT,0.7434000000000003,1215,0,False,False,False,False,False,False
IL2RA,0.7433666666666674,1216,0,False,False,False,False,False,False
PXDN,0.7431999999999996,1217,0,False,False,False,False,False,False
ARMC3,0.7431666666666668,1218,1,True,False,True,False,False,False
IL1RN,0.7431666666666668,1218,0,False,False,False,False,False,False
SOSTDC1,0.742933333333333,1220,0,False,False,False,False,False,False
MYOZ1,0.7428333333333335,1221,0,False,False,False,False,False,False
NOSTRIN,0.7424999999999995,1222,0,False,True,False,False,False,False
LHFPL3,0.7423999999999998,1223,0,False,False,False,False,False,False
ADAMTSL4,0.741866666666667,1224,0,False,False,False,False,False,False
CDO1,0.7418000000000007,1225,0,False,False,False,False,False,False
NPIPB15,0.7417666666666674,1226,0,False,False,False,False,False,False
IYD,0.741633333333333,1227,0,False,False,False,False,False,False
SLCO2B1,0.7414666666666663,1228,0,False,False,False,False,False,False
RAP1GAP,0.7413000000000005,1229,0,False,False,False,False,False,False
CD101,0.7412999999999997,1230,0,False,False,False,False,False,False
STC2,0.7410666666666669,1231,0,False,False,False,False,False,False
FFAR4,0.7408666666666669,1232,0,False,False,False,False,False,False
MS4A2,0.7408333333333337,1233,0,False,True,False,False,False,False
WNT10A,0.7403666666666667,1234,0,False,False,False,False,False,False
ADRB1,0.74,1235,0,False,False,False,False,False,False
PRRT1B,0.7398666666666662,1236,0,False,False,False,False,False,False
SPTBN2,0.7396000000000007,1237,0,False,False,False,False,False,False
UNC13D,0.7394333333333332,1238,0,False,False,False,False,False,False
FABP6,0.7392999999999998,1239,0,False,False,False,False,False,False
TSPAN12,0.7389666666666663,1240,1,True,False,True,False,False,False
ALDH1A2,0.7384333333333327,1241,0,False,False,False,False,False,False
MT1X,0.7380333333333333,1242,0,False,False,False,False,False,False
TRNP1,0.7379666666666667,1243,0,False,False,False,False,False,False
BCL2L14,0.7377333333333328,1244,1,True,False,True,False,False,False
NPNT,0.7375000000000006,1245,0,False,False,False,False,False,False
IFI27,0.7375,1246,0,False,False,False,False,False,False
SGCA,0.7374333333333332,1247,0,False,True,False,False,False,False
CPS1,0.7374000000000003,1248,0,False,False,False,False,False,False
C1QA,0.7373000000000005,1249,0,False,False,False,False,False,False
CAPN8,0.7362333333333335,1250,0,False,False,False,False,False,False
ZP3,0.7359333333333331,1251,0,False,True,False,False,False,False
SKA3,0.7358999999999999,1252,0,False,False,False,False,False,False
SLC16A1,0.7358999999999997,1253,0,False,False,False,False,False,False
ROR2,0.7358666666666663,1254,1,True,False,True,False,False,False
GDF10,0.7358333333333342,1255,0,False,False,False,False,False,False
SPHK1,0.7357333333333334,1256,0,False,False,False,False,False,False
KCNQ3,0.7356000000000008,1257,0,False,False,False,False,False,False
GPR84,0.7352333333333338,1258,0,False,False,False,False,False,False
THBS4,0.7351000000000004,1259,0,False,False,False,False,False,False
PF4,0.7347333333333338,1260,0,False,False,False,False,False,False
TNIP3,0.7346,1261,0,False,True,False,False,False,False
MGAT3,0.7341000000000005,1262,0,False,False,False,False,False,False
TMEM178B,0.7341000000000005,1262,0,False,False,False,False,False,False
LST1,0.7338333333333334,1264,0,False,False,False,False,False,False
RBP7,0.7336000000000001,1265,0,False,False,False,False,False,False
CPXM2,0.7332999999999997,1266,0,False,True,False,False,False,False
SEC14L6,0.7331666666666663,1267,0,False,False,False,False,False,False
NTM,0.7330999999999996,1268,0,False,True,False,False,False,False
HAS1,0.7330000000000002,1269,0,False,False,False,False,False,False
P4HA3,0.7328,1270,0,False,True,False,False,False,False
APOBR,0.7326000000000003,1271,0,False,False,False,False,False,False
H2BC5,0.732533333333333,1272,0,False,False,False,False,False,False
P3H4,0.7324666666666665,1273,0,False,False,False,False,False,False
UPK3A,0.7322333333333332,1274,0,False,False,False,False,False,False
SLC51B,0.7319666666666667,1275,0,False,False,False,False,False,False
PLA1A,0.7317999999999997,1276,0,False,False,False,False,False,False
IGFBP1,0.7315666666666668,1277,0,False,False,False,False,False,False
RHBDL1,0.7314000000000003,1278,0,False,False,False,False,False,False
HSPB6,0.7309999999999998,1279,0,False,False,False,False,False,False
NKX2-1,0.7309000000000008,1280,1,True,True,False,True,False,False
SERPINB7,0.730333333333334,1281,0,False,True,False,False,False,False
CRISPLD1,0.7302333333333334,1282,0,False,False,False,False,False,False
SMOC2,0.7301999999999996,1283,0,False,True,False,False,False,False
EFCC1,0.7301666666666673,1284,0,False,False,False,False,False,False
ALPG,0.7295666666666668,1285,0,False,False,False,False,False,False
STXBP6,0.7294000000000002,1286,0,False,False,False,False,False,False
ADGRE3,0.7293666666666673,1287,0,False,False,False,False,False,False
SPOCD1,0.7290000000000006,1288,0,False,False,False,False,False,False
CITED4,0.7285333333333334,1289,0,False,False,False,False,False,False
CTSV,0.7285000000000004,1290,0,False,False,False,False,False,False
HGF,0.7284,1291,1,True,False,True,False,False,False
FOXO6,0.7283666666666669,1292,0,False,False,False,False,False,False
ITLN2,0.728266666666667,1293,0,False,False,False,False,False,False
LRRC36,0.7280333333333334,1294,0,False,False,False,False,False,False
SIGLEC12,0.7280000000000004,1295,0,False,True,False,False,False,False
RAD51AP1,0.7276333333333336,1296,0,False,False,False,False,False,False
ADAMTS4,0.7274333333333332,1297,0,False,False,False,False,False,False
TRIP13,0.7271666666666667,1298,0,False,False,False,False,False,False
GNAZ,0.7271333333333333,1299,0,False,False,False,False,False,False
SBSPON,0.7271333333333329,1300,0,False,True,False,False,False,False
GHRL,0.7266333333333326,1301,1,True,False,True,False,False,False
TPBG,0.726566666666666,1302,0,False,True,False,False,False,False
COL8A2,0.7265000000000005,1303,0,False,False,False,False,False,False
MUCL3,0.7264333333333343,1304,0,False,False,False,False,False,False
LDB2,0.726,1305,0,False,False,False,False,False,False
GBP3,0.7259333333333335,1306,0,False,False,False,False,False,False
IGSF10,0.7259333333333332,1307,0,False,False,False,False,False,False
SPC25,0.7259000000000003,1308,0,False,False,False,False,False,False
RPS4Y1,0.7255000000000004,1309,0,False,False,False,False,False,False
LRP2,0.7253666666666669,1310,0,False,False,False,False,False,False
CD248,0.7251333333333331,1311,0,False,False,False,False,False,False
ITM2A,0.7250000000000004,1312,0,False,True,False,False,False,False
HLA-DQA1,0.7249666666666666,1313,0,False,False,False,False,False,False
SHH,0.7248999999999999,1314,0,False,False,False,False,False,False
RIPPLY3,0.7246333333333332,1315,0,False,False,False,False,False,False
TDRD10,0.7244999999999998,1316,0,False,False,False,False,False,False
ITLN1,0.7243999999999999,1317,0,False,False,False,False,False,False
SLCO4A1,0.7232666666666667,1318,1,True,True,False,True,False,False
ARHGEF26,0.7231999999999997,1319,0,False,False,False,False,False,False
WDR72,0.7231666666666674,1320,0,False,False,False,False,False,False
AIF1L,0.7230666666666671,1321,0,False,False,False,False,False,False
SUGCT,0.7230333333333331,1322,0,False,True,False,False,False,False
FAM183A,0.7229000000000007,1323,0,False,False,False,False,False,False
CD1C,0.7225666666666669,1324,0,False,False,False,False,False,False
FSTL3,0.7224000000000006,1325,0,False,False,False,False,False,False
FCRLA,0.7217333333333334,1326,0,False,False,False,False,False,False
CTSG,0.7214666666666668,1327,0,False,False,False,False,False,False
GPT2,0.7214666666666667,1328,0,False,False,False,False,False,False
RDH10,0.7213666666666662,1329,0,False,True,False,False,False,False
ECRG4,0.7211000000000002,1330,0,False,True,False,False,False,False
COL3A1,0.7210333333333335,1331,0,False,False,False,False,False,False
BHLHE41,0.7209333333333325,1332,1,True,False,True,False,False,False
S1PR1,0.7208666666666669,1333,0,False,False,False,False,False,False
DKK2,0.7206333333333335,1334,0,False,False,False,False,False,False
LY6H,0.7204999999999997,1335,0,False,False,False,False,False,False
WFDC10B,0.7202666666666669,1336,0,False,False,False,False,False,False
KPNA7,0.7200666666666673,1337,0,False,True,False,False,False,False
KCNK1,0.7196000000000004,1338,0,False,False,False,False,False,False
GTSF1,0.7193999999999999,1339,0,False,False,False,False,False,False
CAPN5,0.7193333333333335,1340,0,False,True,False,False,False,False
PTTG1,0.7188666666666662,1341,0,False,True,False,False,False,False
C9ORF24,0.7185000000000001,1342,0,False,False,False,False,False,False
MS4A14,0.7179000000000002,1343,0,False,False,False,False,False,False
CLEC12A,0.7176333333333331,1344,0,False,False,False,False,False,False
SPC24,0.717366666666667,1345,0,False,False,False,False,False,False
GBP5,0.7173666666666666,1346,0,False,False,False,False,False,False
CYP2S1,0.7173333333333333,1347,0,False,False,False,False,False,False
SGPP2,0.7169000000000004,1348,0,False,False,False,False,False,False
SPOCK3,0.7163333333333335,1349,0,False,False,False,False,False,False
GATA6,0.7161666666666668,1350,0,False,False,False,False,False,False
CCL5,0.7161666666666666,1351,0,False,False,False,False,False,False
DNMT3B,0.7159666666666655,1352,1,True,False,True,False,False,False
ARHGEF15,0.7158666666666667,1353,0,False,False,False,False,False,False
TNFRSF12A,0.7157333333333331,1354,0,False,False,False,False,False,False
MISP,0.7155666666666675,1355,0,False,False,False,False,False,False
F2RL1,0.7155666666666669,1356,0,False,False,False,False,False,False
GPM6A,0.7154333333333338,1357,0,False,False,False,False,False,False
KRT14,0.7154000000000003,1358,0,False,False,False,False,False,False
PGM2L1,0.7153333333333339,1359,0,False,True,False,False,False,False
TMEM150B,0.7149666666666668,1360,0,False,False,False,False,False,False
BEAN1,0.7148333333333338,1361,0,False,False,False,False,False,False
SERPINA5,0.7145666666666673,1362,0,False,False,False,False,False,False
BNIPL,0.7143666666666664,1363,0,False,False,False,False,False,False
LILRB4,0.7141666666666664,1364,0,False,False,False,False,False,False
DHRS9,0.7140999999999997,1365,0,False,False,False,False,False,False
CYBB,0.7138000000000002,1366,0,False,True,False,False,False,False
ABCA8,0.7136999999999994,1367,0,False,False,False,False,False,False
SYNDIG1,0.7134666666666664,1368,0,False,False,False,False,False,False
F2RL3,0.7132666666666672,1369,0,False,False,False,False,False,False
FBLN2,0.7129333333333336,1370,0,False,False,False,False,False,False
TMEM45A,0.7129333333333332,1371,0,False,False,False,False,False,False
E2F3,0.7128333333333333,1372,1,True,False,True,False,False,False
AOX1,0.712833333333333,1373,0,False,False,False,False,False,False
CHST6,0.7126666666666662,1374,0,False,True,False,False,False,False
CALCRL,0.7123999999999996,1375,0,False,False,False,False,False,False
AARD,0.7121999999999995,1376,0,False,False,False,False,False,False
ACP5,0.7121000000000005,1377,0,False,False,False,False,False,False
PLAAT2,0.7118333333333335,1378,0,False,False,False,False,False,False
C11ORF96,0.7118000000000002,1379,0,False,False,False,False,False,False
PIP5K1B,0.7117333333333329,1380,0,False,False,False,False,False,False
SV2A,0.711633333333334,1381,0,False,False,False,False,False,False
HMGCS2,0.7114333333333335,1382,0,False,False,False,False,False,False
CALHM6,0.7112333333333332,1383,0,False,False,False,False,False,False
PRSS22,0.7111999999999998,1384,0,False,False,False,False,False,False
SNX22,0.7110999999999996,1385,0,False,False,False,False,False,False
NRIP3,0.7110333333333332,1386,0,False,False,False,False,False,False
GFRA1,0.7106333333333337,1387,0,False,False,False,False,False,False
FGR,0.7104000000000003,1388,0,False,False,False,False,False,False
ITGBL1,0.7097999999999995,1389,0,False,True,False,False,False,False
TMC5,0.7096,1390,0,False,False,False,False,False,False
BAAT,0.7095333333333325,1391,0,False,False,False,False,False,False
RNF39,0.7095,1392,0,False,False,False,False,False,False
C14ORF132,0.7093333333333331,1393,0,False,False,False,False,False,False
SPRR2A,0.7087333333333335,1394,0,False,True,False,False,False,False
SEMA7A,0.7086333333333334,1395,0,False,False,False,False,False,False
ODF3L1,0.7084999999999999,1396,0,False,False,False,False,False,False
NECTIN1,0.7083999999999997,1397,0,False,False,False,False,False,False
GPD1,0.7081333333333335,1398,0,False,False,False,False,False,False
HSPA6,0.7081333333333334,1399,0,False,False,False,False,False,False
IL18R1,0.7081,1400,0,False,False,False,False,False,False
CAMK2N1,0.7074333333333332,1401,0,False,False,False,False,False,False
SEPTIN3,0.7073999999999996,1402,0,False,False,False,False,False,False
ANKRD65,0.7071333333333336,1403,0,False,False,False,False,False,False
DNAH5,0.7070999999999998,1404,0,False,False,False,False,False,False
BMP4,0.7068333333333335,1405,0,False,False,False,False,False,False
SRD5A2,0.7066666666666668,1406,0,False,False,False,False,False,False
SVEP1,0.7064666666666666,1407,0,False,False,False,False,False,False
DLX3,0.7063333333333333,1408,0,False,False,False,False,False,False
TRPC6,0.7061666666666666,1409,0,False,False,False,False,False,False
TCEAL2,0.7061666666666664,1410,0,False,False,False,False,False,False
COL14A1,0.7060333333333335,1411,0,False,False,False,False,False,False
KRT4,0.705733333333333,1412,0,False,False,False,False,False,False
TNFRSF9,0.7050666666666664,1413,0,False,False,False,False,False,False
ENHO,0.7050333333333334,1414,0,False,False,False,False,False,False
VWF,0.7047333333333329,1415,0,False,False,False,False,False,False
ANXA8L1,0.7046333333333333,1416,0,False,False,False,False,False,False
GLDN,0.7045999999999998,1417,0,False,False,False,False,False,False
MCM4,0.7045333333333332,1418,0,False,False,False,False,False,False
ADAMTS14,0.7040000000000006,1419,0,False,False,False,False,False,False
UBE2S,0.7039666666666667,1420,0,False,True,False,False,False,False
SLAMF9,0.7038333333333336,1421,0,False,False,False,False,False,False
HOXD4,0.7034999999999997,1422,0,False,False,False,False,False,False
GPAT2,0.7034666666666662,1423,0,False,False,False,False,False,False
MYZAP,0.7030333333333335,1424,0,False,False,False,False,False,False
LDLR,0.7028666666666663,1425,0,False,False,False,False,False,False
SPOCK2,0.7026666666666667,1426,0,False,False,False,False,False,False
LDLRAD1,0.7022666666666665,1427,0,False,True,False,False,False,False
COL1A2,0.7022666666666664,1428,0,False,True,False,False,False,False
COL6A3,0.7020333333333335,1429,0,False,False,False,False,False,False
ADCYAP1,0.7018999999999999,1430,0,False,True,False,False,False,False
COX7A1,0.7017,1431,0,False,False,False,False,False,False
HMOX1,0.7016000000000001,1432,0,False,False,False,False,False,False
SDCBP2,0.7011999999999998,1433,0,False,False,False,False,False,False
ATF3,0.700666666666667,1434,0,False,False,False,False,False,False
NGEF,0.7006000000000003,1435,0,False,False,False,False,False,False
ADGRD1,0.7005666666666664,1436,0,False,True,False,False,False,False
CLEC10A,0.7001,1437,0,False,False,False,False,False,False
ADGRG1,0.7000333333333335,1438,0,False,True,False,False,False,False
FXYD3,0.7000333333333333,1439,1,True,False,True,False,False,False
STARD8,0.7000333333333331,1440,0,False,True,False,False,False,False
GZMM,0.6998333333333335,1441,0,False,False,False,False,False,False
CLDN8,0.6997333333333325,1442,0,False,True,False,False,False,False
CDK5R1,0.6996,1443,0,False,False,False,False,False,False
DIRAS3,0.6995,1444,0,False,False,False,False,False,False
CYP27A1,0.6990666666666661,1445,0,False,False,False,False,False,False
BIK,0.698866666666667,1446,0,False,False,False,False,False,False
NELL2,0.6987666666666673,1447,0,False,False,False,False,False,False
SULT2B1,0.698566666666667,1448,0,False,False,False,False,False,False
HPGDS,0.6985333333333326,1449,0,False,False,False,False,False,False
PLEKHG4B,0.6984999999999999,1450,0,False,False,False,False,False,False
PILRA,0.6984999999999999,1450,0,False,False,False,False,False,False
FBXO2,0.6982333333333334,1452,0,False,False,False,False,False,False
TRIL,0.6977666666666664,1453,0,False,False,False,False,False,False
COL12A1,0.6976666666666668,1454,0,False,False,False,False,False,False
EFNA5,0.6976333333333335,1455,0,False,False,False,False,False,False
ADORA1,0.6975333333333336,1456,0,False,True,False,False,False,False
NFKBIZ,0.6969666666666665,1457,0,False,False,False,False,False,False
HNF4G,0.6963333333333336,1458,0,False,False,False,False,False,False
PHYHD1,0.6962999999999999,1459,0,False,False,False,False,False,False
TNFRSF13C,0.6961,1460,0,False,False,False,False,False,False
GPR15,0.6960666666666669,1461,0,False,False,False,False,False,False
PTPN13,0.6958666666666673,1462,1,True,True,False,True,False,False
MYBPHL,0.6957666666666666,1463,0,False,True,False,False,False,False
F13A1,0.6957666666666665,1464,0,False,False,False,False,False,False
TINAGL1,0.6956333333333338,1465,0,False,False,False,False,False,False
SGCG,0.6954666666666663,1466,0,False,True,False,False,False,False
RASSF9,0.6952000000000002,1467,0,False,True,False,False,False,False
EFNB3,0.6951999999999996,1468,0,False,False,False,False,False,False
KPNA2,0.6948,1469,0,False,False,False,False,False,False
HMGA1,0.6946333333333334,1470,0,False,False,False,False,False,False
HSPB3,0.6943666666666664,1471,0,False,False,False,False,False,False
ANXA8,0.6943666666666662,1472,0,False,False,False,False,False,False
CST7,0.6941666666666672,1473,0,False,False,False,False,False,False
SEMA6D,0.6940666666666669,1474,0,False,False,False,False,False,False
PLAAT1,0.6940333333333333,1475,0,False,False,False,False,False,False
CDCA3,0.6937000000000001,1476,0,False,False,False,False,False,False
C1QB,0.6933000000000006,1477,0,False,False,False,False,False,False
KCNMB4,0.6928000000000004,1478,0,False,False,False,False,False,False
BEX1,0.6927333333333334,1479,0,False,False,False,False,False,False
ORM2,0.6925333333333328,1480,0,False,False,False,False,False,False
DYRK2,0.692233333333333,1481,1,True,False,True,False,False,False
KDELR3,0.6919666666666667,1482,0,False,False,False,False,False,False
PCOLCE,0.6916333333333337,1483,0,False,True,False,False,False,False
EGR3,0.6915333333333337,1484,0,False,False,False,False,False,False
SLN,0.6914,1485,0,False,False,False,False,False,False
PIFO,0.6913333333333337,1486,0,False,True,False,False,False,False
METTL27,0.6913333333333332,1487,0,False,True,False,False,False,False
FGFBP2,0.6911666666666672,1488,0,False,False,False,False,False,False
KCNQ1,0.6910333333333332,1489,0,False,False,False,False,False,False
RASIP1,0.6909000000000003,1490,0,False,True,False,False,False,False
CENPM,0.6902666666666668,1491,0,False,False,False,False,False,False
LFNG,0.6901,1492,0,False,False,False,False,False,False
CST5,0.6900666666666665,1493,0,False,False,False,False,False,False
JCHAIN,0.6899000000000002,1494,0,False,True,False,False,False,False
S100A5,0.6895333333333334,1495,0,False,False,False,False,False,False
C1QTNF7,0.6894666666666662,1496,0,False,False,False,False,False,False
CORO2B,0.6894333333333335,1497,0,False,False,False,False,False,False
MS4A7,0.6893,1498,0,False,False,False,False,False,False
KCNA3,0.6893,1498,0,False,False,False,False,False,False
ART4,0.6886333333333338,1500,0,False,False,False,False,False,False
C12ORF75,0.6882333333333335,1501,0,False,False,False,False,False,False
SLC19A3,0.6871999999999997,1502,0,False,False,False,False,False,False
CD19,0.6869000000000004,1503,0,False,False,False,False,False,False
CCL4L2,0.6868333333333331,1504,0,False,True,False,False,False,False
TACC2,0.6860666666666668,1505,0,False,False,False,False,False,False
NAMPT,0.6860333333333333,1506,0,False,False,False,False,False,False
LILRA6,0.6859333333333328,1507,0,False,False,False,False,False,False
RNASE2,0.6859000000000005,1508,0,False,False,False,False,False,False
GRIA1,0.685866666666667,1509,0,False,False,False,False,False,False
FXYD4,0.6858666666666666,1510,0,False,False,False,False,False,False
TFCP2L1,0.6858666666666666,1510,0,False,False,False,False,False,False
CXCL12,0.6857333333333337,1512,0,False,False,False,False,False,False
ADAMTS2,0.6856333333333331,1513,0,False,False,False,False,False,False
CD24,0.6855000000000002,1514,0,False,False,False,False,False,False
RPRM,0.6853000000000004,1515,0,False,False,False,False,False,False
APOLD1,0.6852666666666664,1516,0,False,False,False,False,False,False
KNDC1,0.6848666666666666,1517,0,False,True,False,False,False,False
SPAG6,0.6842333333333338,1518,0,False,False,False,False,False,False
AFF3,0.6841000000000006,1519,0,False,False,False,False,False,False
C1QC,0.6840333333333336,1520,0,False,False,False,False,False,False
FKBP5,0.6835999999999999,1521,0,False,False,False,False,False,False
FMO1,0.6833000000000006,1522,0,False,False,False,False,False,False
APLNR,0.6830999999999996,1523,0,False,False,False,False,False,False
HLA-G,0.6828333333333332,1524,1,True,True,False,True,False,False
DPYSL4,0.6821666666666668,1525,0,False,False,False,False,False,False
SLC16A12,0.6821,1526,0,False,False,False,False,False,False
CA4,0.6815000000000004,1527,0,False,False,False,False,False,False
GIMAP8,0.6814333333333334,1528,0,False,False,False,False,False,False
GJA1,0.6814333333333331,1529,0,False,False,False,False,False,False
DNER,0.6812333333333335,1530,0,False,False,False,False,False,False
STK32A,0.681233333333333,1531,0,False,False,False,False,False,False
CYP4F3,0.6809333333333334,1532,0,False,False,False,False,False,False
LGALS2,0.6802999999999992,1533,0,False,False,False,False,False,False
RASL11A,0.6798333333333336,1534,0,False,False,False,False,False,False
SPIB,0.6796333333333334,1535,0,False,True,False,False,False,False
IL22RA1,0.6795999999999999,1536,0,False,False,False,False,False,False
CNTN1,0.6792000000000001,1537,0,False,False,False,False,False,False
DCDC2,0.6791999999999997,1538,0,False,False,False,False,False,False
FYB2,0.6791666666666667,1539,0,False,False,False,False,False,False
CCL3L3,0.6791666666666666,1540,0,False,False,False,False,False,False
IFIT1,0.6785333333333324,1541,0,False,True,False,False,False,False
TMEM125,0.6783666666666659,1542,0,False,True,False,False,False,False
LMOD1,0.6773333333333328,1543,0,False,False,False,False,False,False
RASSF10,0.6771000000000001,1544,0,False,False,False,False,False,False
BEX2,0.6768666666666666,1545,0,False,False,False,False,False,False
IGF2BP2,0.6768333333333341,1546,0,False,False,False,False,False,False
DBN1,0.6766666666666665,1547,0,False,False,False,False,False,False
NEFH,0.6764000000000002,1548,0,False,True,False,False,False,False
TMEM163,0.6764,1549,0,False,False,False,False,False,False
CTXND1,0.6763666666666669,1550,0,False,False,False,False,False,False
TMEM178A,0.675766666666667,1551,0,False,False,False,False,False,False
NETO2,0.6754999999999993,1552,0,False,False,False,False,False,False
BCAM,0.6752666666666663,1553,0,False,False,False,False,False,False
KLHDC7A,0.6747333333333333,1554,0,False,False,False,False,False,False
DCBLD2,0.6746333333333332,1555,0,False,False,False,False,False,False
PDCD1,0.6743666666666662,1556,0,False,True,False,False,False,False
EIF1AY,0.6736999999999995,1557,0,False,False,False,False,False,False
PRR36,0.6735666666666673,1558,0,False,False,False,False,False,False
MS4A4A,0.6735333333333332,1559,0,False,False,False,False,False,False
KLB,0.6733000000000001,1560,0,False,False,False,False,False,False
RXFP1,0.6725333333333329,1561,0,False,True,False,False,False,False
HOXD9,0.6717666666666661,1562,0,False,False,False,False,False,False
LAMC3,0.6716333333333333,1563,0,False,False,False,False,False,False
NDN,0.6716,1564,0,False,True,False,False,False,False
RSPO3,0.6714999999999998,1565,0,False,False,False,False,False,False
CLGN,0.670766666666667,1566,0,False,False,False,False,False,False
MARCKSL1,0.6705666666666664,1567,0,False,False,False,False,False,False
RAB27B,0.6699333333333333,1568,0,False,False,False,False,False,False
SEMA6A,0.6698,1569,0,False,False,False,False,False,False
EVA1A,0.669666666666667,1570,0,False,True,False,False,False,False
CRISP3,0.6696333333333334,1571,0,False,False,False,False,False,False
C1QTNF3,0.6693999999999997,1572,0,False,False,False,False,False,False
CCR1,0.6692999999999993,1573,0,False,False,False,False,False,False
DDX3Y,0.6692333333333336,1574,0,False,True,False,False,False,False
RNASE1,0.6687333333333333,1575,0,False,False,False,False,False,False
SPI1,0.668566666666667,1576,0,False,False,False,False,False,False
ELAPOR2,0.668533333333333,1577,0,False,False,False,False,False,False
FHOD3,0.668466666666667,1578,0,False,False,False,False,False,False
RARRES2,0.6683666666666672,1579,0,False,False,False,False,False,False
SMIM22,0.6683333333333332,1580,0,False,False,False,False,False,False
IFI44L,0.6682999999999999,1581,0,False,False,False,False,False,False
NTRK2,0.6682666666666668,1582,1,True,True,False,True,False,False
SHISAL1,0.6679666666666667,1583,0,False,False,False,False,False,False
COL28A1,0.6677666666666665,1584,0,False,True,False,False,False,False
HAPLN1,0.6677666666666663,1585,0,False,True,False,False,False,False
GRIN2D,0.6675999999999999,1586,0,False,False,False,False,False,False
CD79B,0.6675333333333332,1587,0,False,False,False,False,False,False
GBP1,0.6674999999999998,1588,0,False,False,False,False,False,False
CD300LF,0.6673666666666668,1589,0,False,False,False,False,False,False
LRRC32,0.6671999999999999,1590,0,False,False,False,False,False,False
GPX8,0.6671666666666665,1591,0,False,False,False,False,False,False
MAPK8IP2,0.6671333333333336,1592,0,False,False,False,False,False,False
EGR1,0.667066666666666,1593,0,False,False,False,False,False,False
FAM171A2,0.6668,1594,0,False,True,False,False,False,False
FBLN5,0.6667333333333334,1595,1,True,True,False,True,False,False
CD300C,0.6666666666666666,1596,0,False,False,False,False,False,False
LRIG3,0.6664333333333332,1597,0,False,False,False,False,False,False
FCER2,0.6664333333333331,1598,0,False,False,False,False,False,False
CD1B,0.6657666666666665,1599,0,False,False,False,False,False,False
SIRPB1,0.6656,1600,0,False,True,False,False,False,False
ZFP36,0.665466666666667,1601,0,False,False,False,False,False,False
SPAG4,0.6652,1602,0,False,False,False,False,False,False
PHLDB2,0.6650333333333333,1603,0,False,False,False,False,False,False
CHODL,0.6648333333333336,1604,0,False,False,False,False,False,False
TSKU,0.664733333333333,1605,0,False,True,False,False,False,False
GAREM2,0.6644999999999998,1606,0,False,False,False,False,False,False
TXNRD1,0.6644666666666661,1607,0,False,False,False,False,False,False
POPDC3,0.6644333333333335,1608,0,False,False,False,False,False,False
BIRC7,0.6639333333333329,1609,1,True,True,False,True,False,False
MRAP2,0.6638666666666667,1610,0,False,False,False,False,False,False
DAW1,0.6637666666666667,1611,0,False,False,False,False,False,False
RHEX,0.6637333333333333,1612,0,False,True,False,False,False,False
SLC6A4,0.6634666666666668,1613,0,False,False,False,False,False,False
LIMS2,0.663333333333333,1614,0,False,False,False,False,False,False
UTY,0.6632999999999993,1615,0,False,False,False,False,False,False
EMILIN1,0.6632666666666664,1616,0,False,False,False,False,False,False
TMEM184A,0.6629333333333333,1617,0,False,False,False,False,False,False
CNTFR,0.6629000000000002,1618,0,False,False,False,False,False,False
ELOVL4,0.6627666666666664,1619,0,False,False,False,False,False,False
BACE2,0.662633333333334,1620,0,False,False,False,False,False,False
C7ORF57,0.6626,1621,0,False,True,False,False,False,False
GNG11,0.6623000000000001,1622,0,False,False,False,False,False,False
MAP2,0.6622666666666669,1623,1,True,True,False,True,False,False
AVPI1,0.6619999999999999,1624,0,False,False,False,False,False,False
ADTRP,0.6619000000000002,1625,0,False,False,False,False,False,False
MMP17,0.661833333333333,1626,0,False,False,False,False,False,False
TSPAN11,0.6614999999999995,1627,0,False,False,False,False,False,False
CYP4X1,0.6614333333333335,1628,0,False,False,False,False,False,False
FBN1,0.661433333333333,1629,0,False,False,False,False,False,False
NR1D1,0.6614000000000001,1630,0,False,False,False,False,False,False
CLEC11A,0.6610999999999994,1631,0,False,True,False,False,False,False
GPNMB,0.6610666666666674,1632,0,False,True,False,False,False,False
CCL26,0.6610333333333331,1633,0,False,True,False,False,False,False
KDM5D,0.660733333333333,1634,0,False,False,False,False,False,False
CASS4,0.6607000000000002,1635,0,False,True,False,False,False,False
SORCS2,0.6606999999999998,1636,0,False,False,False,False,False,False
FAM110D,0.6603666666666667,1637,0,False,False,False,False,False,False
OLFML3,0.6603666666666664,1638,0,False,False,False,False,False,False
CIART,0.6603666666666661,1639,0,False,False,False,False,False,False
DUSP1,0.6600000000000001,1640,0,False,False,False,False,False,False
NID2,0.6598666666666664,1641,0,False,False,False,False,False,False
TDO2,0.6597333333333335,1642,0,False,False,False,False,False,False
ZNF683,0.6597000000000002,1643,0,False,True,False,False,False,False
WNT7A,0.6591000000000001,1644,1,True,True,False,True,False,False
FAM189A2,0.6590666666666656,1645,0,False,False,False,False,False,False
PRND,0.6588,1646,0,False,True,False,False,False,False
RERGL,0.6587333333333336,1647,0,False,True,False,False,False,False
MYO1G,0.6586666666666664,1648,0,False,False,False,False,False,False
IGSF6,0.6584333333333329,1649,0,False,False,False,False,False,False
CDKL2,0.658133333333333,1650,0,False,False,False,False,False,False
SCUBE1,0.6580333333333334,1651,0,False,False,False,False,False,False
MS4A8,0.6579666666666668,1652,0,False,False,False,False,False,False
LGI3,0.6579666666666663,1653,0,False,False,False,False,False,False
CLIC3,0.6579000000000002,1654,0,False,False,False,False,False,False
EFHC2,0.6575333333333335,1655,0,False,False,False,False,False,False
PLAAT4,0.6570999999999994,1656,0,False,True,False,False,False,False
NGF,0.6569333333333329,1657,0,False,False,False,False,False,False
SCARA3,0.6568666666666669,1658,0,False,True,False,False,False,False
CPED1,0.6562333333333331,1659,0,False,True,False,False,False,False
AC007906.2,0.656233333333333,1660,0,False,False,False,False,False,False
TMPRSS3,0.6560999999999994,1661,0,False,False,False,False,False,False
BATF,0.6559999999999995,1662,0,False,False,False,False,False,False
MAOB,0.6559000000000005,1663,0,False,False,False,False,False,False
PLLP,0.6558333333333329,1664,0,False,False,False,False,False,False
ZFY,0.6554666666666659,1665,0,False,False,False,False,False,False
KRT86,0.6554333333333332,1666,0,False,False,False,False,False,False
FST,0.6547333333333331,1667,0,False,False,False,False,False,False
EFNB1,0.6543666666666664,1668,0,False,True,False,False,False,False
KRT7,0.6543000000000001,1669,0,False,False,False,False,False,False
EMB,0.654166666666667,1670,0,False,True,False,False,False,False
PLPPR3,0.6541666666666668,1671,0,False,False,False,False,False,False
TCIM,0.6541666666666667,1672,0,False,False,False,False,False,False
NMUR1,0.6541333333333332,1673,0,False,False,False,False,False,False
SHCBP1,0.6535333333333339,1674,0,False,False,False,False,False,False
RETREG1,0.653333333333333,1675,0,False,False,False,False,False,False
MAPK15,0.6531000000000001,1676,0,False,False,False,False,False,False
TRIB3,0.6527666666666666,1677,0,False,False,False,False,False,False
KDR,0.6521333333333338,1678,0,False,False,False,False,False,False
KLRG2,0.6517666666666668,1679,0,False,False,False,False,False,False
THSD1,0.6516,1680,0,False,False,False,False,False,False
PLEKHN1,0.6515000000000001,1681,0,False,False,False,False,False,False
TEDC2,0.6512666666666663,1682,0,False,False,False,False,False,False
EFHD1,0.6510333333333337,1683,0,False,False,False,False,False,False
TMEM45B,0.6508666666666666,1684,0,False,True,False,False,False,False
ZNF750,0.6506666666666664,1685,0,False,False,False,False,False,False
TAGLN,0.6505999999999998,1686,0,False,False,False,False,False,False
CAV2,0.6503999999999999,1687,0,False,False,False,False,False,False
ICAM1,0.6497666666666664,1688,0,False,False,False,False,False,False
IRX1,0.6492666666666663,1689,0,False,False,False,False,False,False
TCL1A,0.6492000000000001,1690,0,False,False,False,False,False,False
GABRE,0.6489999999999996,1691,0,False,False,False,False,False,False
SLC35F3,0.6488333333333336,1692,0,False,False,False,False,False,False
PTCRA,0.6485999999999992,1693,0,False,False,False,False,False,False
DACH1,0.6476999999999994,1694,0,False,False,False,False,False,False
DDX43,0.6476666666666666,1695,0,False,True,False,False,False,False
ERICH5,0.6472999999999999,1696,0,False,True,False,False,False,False
CLEC1A,0.6469999999999997,1697,0,False,False,False,False,False,False
DSG2,0.6468333333333335,1698,0,False,True,False,False,False,False
TM4SF18,0.6467999999999996,1699,0,False,False,False,False,False,False
SIT1,0.6466666666666666,1700,0,False,True,False,False,False,False
GAL3ST4,0.6465999999999997,1701,0,False,False,False,False,False,False
DDIT3,0.6465666666666668,1702,1,True,False,True,False,False,False
GALNT13,0.6465000000000001,1703,0,False,True,False,False,False,False
KRT40,0.6464999999999999,1704,0,False,True,False,False,False,False
PCDHB8,0.6464000000000002,1705,0,False,False,False,False,False,False
AGTR1,0.6463999999999996,1706,0,False,False,False,False,False,False
FRAS1,0.6462666666666661,1707,0,False,True,False,False,False,False
SMKR1,0.6459666666666674,1708,0,False,False,False,False,False,False
S1PR4,0.6458000000000003,1709,0,False,False,False,False,False,False
TYROBP,0.6455000000000002,1710,0,False,False,False,False,False,False
NFE2L3,0.6454,1711,0,False,False,False,False,False,False
SCUBE2,0.6449333333333338,1712,0,False,False,False,False,False,False
HBA1,0.6445333333333332,1713,0,False,False,False,False,False,False
CYP1B1,0.6443666666666661,1714,0,False,False,False,False,False,False
MSC,0.6434666666666657,1715,0,False,False,False,False,False,False
KCNK5,0.6433666666666666,1716,0,False,True,False,False,False,False
KCNK17,0.6430333333333335,1717,0,False,False,False,False,False,False
KIF15,0.6429666666666667,1718,0,False,False,False,False,False,False
KCNF1,0.6428000000000004,1719,0,False,True,False,False,False,False
ACKR4,0.6427333333333328,1720,0,False,False,False,False,False,False
ACADL,0.6426,1721,0,False,False,False,False,False,False
ICAM5,0.6421333333333333,1722,0,False,False,False,False,False,False
PDZD2,0.6417999999999994,1723,0,False,False,False,False,False,False
TMEM132D,0.6415999999999994,1724,0,False,False,False,False,False,False
F2RL2,0.6413999999999999,1725,0,False,False,False,False,False,False
RASSF8,0.6413666666666669,1726,0,False,False,False,False,False,False
CD109,0.6408333333333334,1727,0,False,False,False,False,False,False
KCNJ5,0.640766666666667,1728,0,False,False,False,False,False,False
TAC4,0.6402999999999999,1729,0,False,True,False,False,False,False
KANK3,0.6402666666666667,1730,0,False,False,False,False,False,False
PNMA6A,0.6400333333333329,1731,0,False,False,False,False,False,False
SOCS3,0.6399666666666668,1732,0,False,True,False,False,False,False
NCKAP5,0.6398333333333338,1733,0,False,False,False,False,False,False
C9ORF135,0.6397333333333335,1734,0,False,False,False,False,False,False
LGALSL,0.6396999999999999,1735,0,False,False,False,False,False,False
PDZK1IP1,0.6395999999999998,1736,0,False,True,False,False,False,False
USP9Y,0.6392999999999996,1737,0,False,False,False,False,False,False
KL,0.6392333333333329,1738,1,True,True,False,True,False,False
SNAI1,0.639033333333333,1739,0,False,False,False,False,False,False
ORC6,0.6389666666666666,1740,0,False,False,False,False,False,False
SLC5A9,0.6387333333333332,1741,0,False,False,False,False,False,False
CYP26B1,0.6379666666666663,1742,0,False,False,False,False,False,False
SLC16A4,0.637233333333333,1743,0,False,False,False,False,False,False
SLC16A3,0.6371666666666667,1744,0,False,False,False,False,False,False
MXRA8,0.637066666666667,1745,0,False,False,False,False,False,False
ITIH5,0.6369666666666668,1746,0,False,False,False,False,False,False
RAB15,0.6369333333333334,1747,0,False,False,False,False,False,False
TMEM176A,0.6367999999999999,1748,0,False,True,False,False,False,False
BBOX1,0.6365666666666673,1749,0,False,True,False,False,False,False
TIPARP,0.6364666666666665,1750,0,False,False,False,False,False,False
SIX1,0.6363999999999995,1751,0,False,False,False,False,False,False
JCAD,0.6359000000000006,1752,0,False,False,False,False,False,False
CFAP221,0.6358000000000003,1753,0,False,False,False,False,False,False
SIGLEC14,0.6355000000000002,1754,0,False,False,False,False,False,False
NDRG4,0.6353999999999997,1755,0,False,False,False,False,False,False
IL12RB2,0.6352999999999999,1756,0,False,True,False,False,False,False
RFX2,0.6350666666666666,1757,0,False,False,False,False,False,False
OLFM2,0.6349333333333337,1758,0,False,False,False,False,False,False
TAL1,0.6348,1759,0,False,False,False,False,False,False
PKIA,0.6345000000000005,1760,0,False,False,False,False,False,False
CENPW,0.6342666666666668,1761,0,False,False,False,False,False,False
HPCAL4,0.6341999999999999,1762,0,False,False,False,False,False,False
CD8A,0.6339000000000001,1763,0,False,False,False,False,False,False
ALPP,0.6338000000000003,1764,0,False,False,False,False,False,False
LINGO1,0.6338,1765,0,False,True,False,False,False,False
APBA2,0.6335666666666666,1766,0,False,False,False,False,False,False
LAX1,0.6332666666666666,1767,0,False,False,False,False,False,False
NIM1K,0.6330000000000001,1768,0,False,False,False,False,False,False
APOL4,0.6325333333333337,1769,0,False,False,False,False,False,False
PHGDH,0.6325000000000003,1770,0,False,False,False,False,False,False
PTPRZ1,0.6324666666666667,1771,1,True,True,False,True,False,False
TRIM2,0.6320999999999997,1772,0,False,False,False,False,False,False
HOXB2,0.6320333333333334,1773,0,False,True,False,False,False,False
SRD5A3,0.6318666666666667,1774,0,False,False,False,False,False,False
FAM81B,0.6311333333333335,1775,0,False,False,False,False,False,False
SYCP2,0.6308666666666674,1776,0,False,False,False,False,False,False
EPHB1,0.6301666666666668,1777,0,False,True,False,False,False,False
OAS1,0.6300666666666664,1778,0,False,False,False,False,False,False
ITGAM,0.6300666666666662,1779,0,False,True,False,False,False,False
ABCG2,0.6300333333333332,1780,0,False,False,False,False,False,False
TMEM119,0.6300000000000001,1781,0,False,False,False,False,False,False
IL32,0.6298999999999997,1782,0,False,True,False,False,False,False
LRRC25,0.6297333333333333,1783,0,False,False,False,False,False,False
CCN2,0.6296000000000004,1784,0,False,False,False,False,False,False
PLPPR1,0.6295999999999998,1785,0,False,False,False,False,False,False
NSG1,0.6294333333333335,1786,0,False,False,False,False,False,False
ERG,0.6287333333333336,1787,0,False,True,False,False,False,False
NDRG2,0.6286666666666667,1788,0,False,False,False,False,False,False
THBD,0.6284666666666664,1789,0,False,True,False,False,False,False
TMEM213,0.6281666666666662,1790,0,False,False,False,False,False,False
AEBP1,0.6279333333333338,1791,0,False,False,False,False,False,False
HTRA4,0.6277666666666665,1792,0,False,True,False,False,False,False
ATAD2,0.6275666666666675,1793,0,False,False,False,False,False,False
CNR1,0.6273333333333331,1794,0,False,False,False,False,False,False
VWDE,0.6273000000000003,1795,0,False,True,False,False,False,False
HSPB8,0.6271000000000003,1796,0,False,True,False,False,False,False
PLIN2,0.6270999999999999,1797,0,False,False,False,False,False,False
CD70,0.6268,1798,0,False,True,False,False,False,False
MEOX1,0.6264666666666666,1799,0,False,False,False,False,False,False
VANGL2,0.6260333333333336,1800,0,False,False,False,False,False,False
MDGA1,0.6248666666666668,1801,0,False,False,False,False,False,False
SYNPO2,0.624533333333333,1802,0,False,False,False,False,False,False
OMG,0.6242333333333331,1803,0,False,False,False,False,False,False
PLTP,0.6240666666666667,1804,0,False,False,False,False,False,False
PCLAF,0.6240666666666667,1804,0,False,False,False,False,False,False
TINCR,0.6240666666666664,1806,0,False,False,False,False,False,False
TTLL7,0.624033333333333,1807,0,False,False,False,False,False,False
MYC,0.6239333333333333,1808,0,False,False,False,False,False,False
DUOXA2,0.6239333333333331,1809,0,False,False,False,False,False,False
LEFTY2,0.6238666666666668,1810,0,False,False,False,False,False,False
SYNDIG1L,0.6238666666666668,1810,0,False,False,False,False,False,False
RMI2,0.6235666666666665,1812,0,False,False,False,False,False,False
IFITM1,0.6232666666666661,1813,0,False,True,False,False,False,False
LRRC10B,0.6225666666666663,1814,0,False,True,False,False,False,False
HOXC6,0.6220333333333335,1815,0,False,False,False,False,False,False
ZNF229,0.6218333333333337,1816,0,False,True,False,False,False,False
C2ORF72,0.6214999999999997,1817,0,False,False,False,False,False,False
LAG3,0.6210333333333329,1818,0,False,False,False,False,False,False
ITGB2,0.6209666666666668,1819,0,False,False,False,False,False,False
PARM1,0.6207333333333332,1820,0,False,True,False,False,False,False
HOXD8,0.6204333333333334,1821,0,False,False,False,False,False,False
CABCOCO1,0.6201000000000004,1822,0,False,True,False,False,False,False
BLACAT1,0.6198333333333335,1823,0,False,False,False,False,False,False
DAPL1,0.6197333333333332,1824,0,False,False,False,False,False,False
STX19,0.6196,1825,0,False,True,False,False,False,False
LAMB3,0.6195333333333329,1826,0,False,False,False,False,False,False
HAMP,0.6195,1827,0,False,False,False,False,False,False
SLC44A4,0.6189666666666671,1828,0,False,False,False,False,False,False
ATG9B,0.6183666666666664,1829,0,False,False,False,False,False,False
GADD45A,0.6173666666666662,1830,0,False,False,False,False,False,False
TYRP1,0.617266666666666,1831,0,False,False,False,False,False,False
ADA2,0.6172000000000002,1832,0,False,True,False,False,False,False
HAPLN3,0.6164666666666669,1833,0,False,False,False,False,False,False
RUNX2,0.616433333333333,1834,0,False,False,False,False,False,False
IGFALS,0.6164000000000003,1835,0,False,False,False,False,False,False
SLC40A1,0.6162666666666665,1836,0,False,True,False,False,False,False
PRKY,0.6161333333333334,1837,0,False,True,False,False,False,False
WFDC12,0.6158999999999999,1838,0,False,False,False,False,False,False
RSAD2,0.6152666666666667,1839,0,False,True,False,False,False,False
CRLF2,0.615133333333333,1840,0,False,False,False,False,False,False
ADGRG6,0.6147666666666665,1841,0,False,False,False,False,False,False
TMEM37,0.6145666666666664,1842,0,False,False,False,False,False,False
ASPG,0.6141666666666667,1843,0,False,False,False,False,False,False
S100A14,0.6141666666666665,1844,0,False,True,False,False,False,False
PCDH17,0.6141333333333335,1845,0,False,False,False,False,False,False
SULT1C4,0.6141333333333331,1846,0,False,False,False,False,False,False
PFN2,0.6136666666666666,1847,0,False,False,False,False,False,False
GATA5,0.6134666666666665,1848,0,False,False,False,False,False,False
CMA1,0.6129999999999998,1849,0,False,False,False,False,False,False
BTG2,0.6125666666666668,1850,0,False,False,False,False,False,False
MYRIP,0.6124999999999999,1851,0,False,False,False,False,False,False
UPK2,0.6124333333333335,1852,0,False,False,False,False,False,False
COL9A2,0.6123333333333335,1853,0,False,True,False,False,False,False
CLIC2,0.6121999999999997,1854,0,False,False,False,False,False,False
WFDC1,0.6120333333333331,1855,0,False,False,False,False,False,False
PKDCC,0.6115666666666667,1856,0,False,False,False,False,False,False
UGT2B7,0.6113333333333332,1857,0,False,False,False,False,False,False
CD3D,0.6109666666666667,1858,0,False,True,False,False,False,False
SPATA18,0.6108000000000002,1859,0,False,False,False,False,False,False
PID1,0.6107999999999998,1860,0,False,False,False,False,False,False
KCNH2,0.6102999999999998,1861,0,False,False,False,False,False,False
PHLDA1,0.6100333333333332,1862,0,False,True,False,False,False,False
ECT2,0.6099999999999994,1863,0,False,False,False,False,False,False
NME5,0.6096333333333336,1864,0,False,True,False,False,False,False
CCDC68,0.6092999999999996,1865,0,False,False,False,False,False,False
VAMP5,0.6092000000000002,1866,0,False,False,False,False,False,False
STIL,0.6091666666666669,1867,0,False,False,False,False,False,False
OVOL1,0.6089333333333337,1868,0,False,False,False,False,False,False
ZCCHC12,0.6086666666666666,1869,0,False,False,False,False,False,False
HPSE2,0.6083333333333338,1870,0,False,False,False,False,False,False
ARX,0.6081666666666673,1871,0,False,False,False,False,False,False
SHC3,0.6081666666666661,1872,0,False,False,False,False,False,False
SHROOM4,0.6080333333333336,1873,0,False,True,False,False,False,False
MFAP3L,0.6075333333333334,1874,0,False,False,False,False,False,False
BMPR1B,0.6073000000000001,1875,0,False,False,False,False,False,False
FZD10,0.6072666666666667,1876,0,False,False,False,False,False,False
DNAH11,0.6071666666666673,1877,0,False,False,False,False,False,False
PPP4R4,0.6070333333333331,1878,0,False,False,False,False,False,False
ALAS2,0.6069000000000002,1879,0,False,False,False,False,False,False
UBXN10,0.606733333333334,1880,0,False,False,False,False,False,False
HROB,0.6065666666666665,1881,0,False,True,False,False,False,False
TMIGD3,0.6065333333333336,1882,0,False,False,False,False,False,False
SPAAR,0.6064333333333333,1883,0,False,False,False,False,False,False
F8,0.6063333333333328,1884,0,False,False,False,False,False,False
BMX,0.6063000000000001,1885,0,False,False,False,False,False,False
ERRFI1,0.6057999999999995,1886,0,False,False,False,False,False,False
MYL9,0.6054333333333334,1887,0,False,False,False,False,False,False
SFN,0.6053333333333336,1888,0,False,False,False,False,False,False
MEOX2,0.6052333333333334,1889,0,False,False,False,False,False,False
SNAI2,0.6050333333333335,1890,0,False,False,False,False,False,False
GIMAP1,0.6043000000000004,1891,0,False,False,False,False,False,False
OXTR,0.6041999999999998,1892,0,False,False,False,False,False,False
BIRC3,0.6041333333333334,1893,0,False,False,False,False,False,False
TBX2,0.6040333333333333,1894,0,False,False,False,False,False,False
P3H3,0.6035000000000001,1895,0,False,False,False,False,False,False
F10,0.6034666666666666,1896,0,False,True,False,False,False,False
NKD1,0.6033999999999996,1897,0,False,False,False,False,False,False
NTN4,0.603366666666667,1898,0,False,False,False,False,False,False
FCGR2A,0.603233333333334,1899,0,False,True,False,False,False,False
MYADM,0.6031333333333339,1900,0,False,False,False,False,False,False
RASD2,0.6028333333333333,1901,0,False,False,False,False,False,False
MGP,0.6020333333333331,1902,0,False,False,False,False,False,False
C13ORF46,0.6017333333333332,1903,0,False,False,False,False,False,False
GBP6,0.6016666666666667,1904,0,False,False,False,False,False,False
AOC3,0.6014999999999999,1905,0,False,False,False,False,False,False
JAML,0.6006333333333331,1906,0,False,False,False,False,False,False
C5ORF49,0.5996999999999999,1907,0,False,True,False,False,False,False
FAM216B,0.5993666666666667,1908,0,False,False,False,False,False,False
ZMYND10,0.5992333333333335,1909,1,True,True,False,True,False,False
C4ORF19,0.599233333333333,1910,0,False,False,False,False,False,False
BAMBI,0.5990666666666667,1911,0,False,False,False,False,False,False
LYNX1,0.5987333333333331,1912,0,False,False,False,False,False,False
TIMP4,0.5986333333333332,1913,0,False,False,False,False,False,False
CMTM2,0.5986000000000004,1914,0,False,True,False,False,False,False
CDCP1,0.5981333333333338,1915,0,False,True,False,False,False,False
ALOX15,0.5979666666666662,1916,0,False,False,False,False,False,False
VWA2,0.5979333333333332,1917,0,False,False,False,False,False,False
ADGRG3,0.5978999999999992,1918,0,False,False,False,False,False,False
ESPN,0.5977666666666667,1919,0,False,False,False,False,False,False
CD164L2,0.5977333333333328,1920,0,False,False,False,False,False,False
PTPN21,0.5975666666666665,1921,0,False,False,False,False,False,False
PLCB4,0.5974333333333333,1922,0,False,False,False,False,False,False
LTBP4,0.5963666666666665,1923,0,False,False,False,False,False,False
CYYR1,0.5960333333333336,1924,0,False,True,False,False,False,False
ARNT2,0.5950333333333335,1925,0,False,True,False,False,False,False
NOX4,0.5946333333333341,1926,0,False,False,False,False,False,False
ATP6V0A4,0.5935666666666674,1927,0,False,False,False,False,False,False
PODN,0.5932333333333328,1928,0,False,True,False,False,False,False
CPVL,0.5931999999999997,1929,0,False,False,False,False,False,False
NXPH3,0.5928000000000003,1930,0,False,False,False,False,False,False
ATP2C2,0.5926999999999999,1931,0,False,True,False,False,False,False
JAM2,0.5926333333333333,1932,0,False,False,False,False,False,False
TGFA,0.592133333333333,1933,0,False,True,False,False,False,False
PLBD1,0.5920999999999998,1934,0,False,False,False,False,False,False
OTX1,0.5920666666666665,1935,0,False,True,False,False,False,False
COL5A3,0.5920000000000001,1936,0,False,False,False,False,False,False
GFPT2,0.5918666666666665,1937,0,False,False,False,False,False,False
COL18A1,0.5916999999999997,1938,0,False,False,False,False,False,False
BDKRB1,0.5915999999999996,1939,0,False,False,False,False,False,False
LILRB2,0.5915333333333335,1940,0,False,True,False,False,False,False
WWC2,0.5911333333333334,1941,0,False,False,False,False,False,False
C1ORF194,0.5909666666666668,1942,0,False,False,False,False,False,False
HSD17B14,0.5905333333333336,1943,0,False,True,False,False,False,False
MMP14,0.5903999999999998,1944,0,False,True,False,False,False,False
SLC10A4,0.5902333333333332,1945,0,False,False,False,False,False,False
WDR38,0.590166666666667,1946,0,False,False,False,False,False,False
COL4A5,0.5899333333333333,1947,0,False,False,False,False,False,False
ACVRL1,0.5898333333333334,1948,0,False,False,False,False,False,False
GPR171,0.5897666666666669,1949,0,False,False,False,False,False,False
FAM167B,0.5893666666666668,1950,0,False,True,False,False,False,False
MYCT1,0.5888000000000003,1951,0,False,False,False,False,False,False
COL21A1,0.5888,1952,0,False,False,False,False,False,False
MSLNL,0.588066666666667,1953,0,False,False,False,False,False,False
RGCC,0.5875333333333329,1954,0,False,False,False,False,False,False
EPHA2,0.5874666666666664,1955,0,False,False,False,False,False,False
GPM6B,0.5873333333333332,1956,0,False,False,False,False,False,False
WNT9A,0.5871666666666662,1957,0,False,True,False,False,False,False
LDOC1,0.5870999999999996,1958,0,False,False,False,False,False,False
RTN4RL1,0.586833333333333,1959,0,False,False,False,False,False,False
PDCD1LG2,0.5868333333333325,1960,0,False,False,False,False,False,False
PRKG2,0.5866333333333335,1961,0,False,False,False,False,False,False
PLEKHB1,0.5866333333333331,1962,0,False,False,False,False,False,False
FFAR2,0.5866000000000007,1963,0,False,False,False,False,False,False
NOS3,0.5865999999999997,1964,0,False,True,False,False,False,False
NNAT,0.5861666666666667,1965,1,True,True,False,True,False,False
FAM181A,0.5860666666666665,1966,0,False,False,False,False,False,False
THEM5,0.5858999999999998,1967,0,False,False,False,False,False,False
ITGAX,0.5857333333333334,1968,0,False,False,False,False,False,False
POMC,0.5855333333333335,1969,0,False,False,False,False,False,False
HEG1,0.5852333333333335,1970,0,False,True,False,False,False,False
PGM5,0.5849666666666665,1971,0,False,False,False,False,False,False
PDZD4,0.5848666666666662,1972,0,False,False,False,False,False,False
FCRL2,0.5847999999999999,1973,0,False,False,False,False,False,False
THNSL2,0.5840666666666666,1974,0,False,False,False,False,False,False
CTLA4,0.5838333333333331,1975,0,False,False,False,False,False,False
CDH15,0.5836333333333332,1976,0,False,False,False,False,False,False
IL13RA2,0.582666666666667,1977,0,False,False,False,False,False,False
INKA1,0.5820666666666664,1978,0,False,False,False,False,False,False
TNFAIP2,0.5819666666666662,1979,0,False,False,False,False,False,False
PTAFR,0.5816999999999998,1980,0,False,False,False,False,False,False
THBS1,0.5816666666666668,1981,0,False,True,False,False,False,False
FBLN1,0.5816333333333337,1982,0,False,False,False,False,False,False
CLEC14A,0.5812666666666666,1983,0,False,False,False,False,False,False
MESP1,0.5808,1984,0,False,True,False,False,False,False
RHPN2,0.5805000000000001,1985,0,False,False,False,False,False,False
SPINK14,0.5804666666666665,1986,0,False,True,False,False,False,False
NLGN4X,0.5800999999999991,1987,0,False,True,False,False,False,False
MAPT,0.5799333333333331,1988,0,False,False,False,False,False,False
XIRP1,0.5796333333333339,1989,0,False,False,False,False,False,False
HS3ST1,0.5795666666666669,1990,0,False,False,False,False,False,False
WNT2,0.5788666666666663,1991,0,False,True,False,False,False,False
ISG15,0.5785999999999999,1992,1,True,True,False,True,False,False
CAPN13,0.5780333333333336,1993,0,False,False,False,False,False,False
VAT1L,0.5778666666666664,1994,0,False,False,False,False,False,False
SH2D3C,0.5775333333333333,1995,0,False,False,False,False,False,False
TLR2,0.5774333333333334,1996,0,False,False,False,False,False,False
IRF4,0.5771666666666665,1997,0,False,False,False,False,False,False
IGFBP5,0.5768666666666666,1998,0,False,False,False,False,False,False
CAPSL,0.5766333333333333,1999,0,False,False,False,False,False,False
C16ORF74,0.5763999999999999,2000,0,False,False,False,False,False,False
TTYH3,0.5763666666666667,2001,0,False,False,False,False,False,False
BCAT1,0.5763666666666666,2002,0,False,False,False,False,False,False
ITGB6,0.5759666666666664,2003,0,False,False,False,False,False,False
TENM4,0.5758333333333336,2004,0,False,False,False,False,False,False
DLL1,0.5757999999999999,2005,0,False,True,False,False,False,False
CCDC8,0.5757666666666665,2006,0,False,False,False,False,False,False
BLK,0.5756666666666667,2007,0,False,False,False,False,False,False
SYNJ2,0.5754333333333336,2008,0,False,True,False,False,False,False
FADS2,0.5754333333333329,2009,0,False,False,False,False,False,False
RAD51,0.5753666666666665,2010,0,False,True,False,False,False,False
CLDN11,0.5752333333333333,2011,0,False,False,False,False,False,False
CGNL1,0.5750666666666668,2012,0,False,False,False,False,False,False
MALL,0.575,2013,0,False,False,False,False,False,False
GAMT,0.5748333333333335,2014,0,False,True,False,False,False,False
CRACD,0.5746999999999997,2015,0,False,False,False,False,False,False
EDAR,0.574566666666667,2016,0,False,False,False,False,False,False
AHNAK,0.5742666666666663,2017,0,False,False,False,False,False,False
ODAM,0.5740000000000002,2018,0,False,False,False,False,False,False
CDC25A,0.5740000000000001,2019,0,False,False,False,False,False,False
RGS4,0.5736333333333332,2020,0,False,False,False,False,False,False
CDHR3,0.5728333333333333,2021,0,False,False,False,False,False,False
FREM2,0.5728000000000002,2022,0,False,False,False,False,False,False
HOXA1,0.5727999999999998,2023,0,False,False,False,False,False,False
PPP1R3C,0.5726333333333327,2024,0,False,False,False,False,False,False
SECTM1,0.5723333333333331,2025,0,False,True,False,False,False,False
CLSTN2,0.5721666666666668,2026,0,False,True,False,False,False,False
ITGA6,0.5718999999999995,2027,0,False,False,False,False,False,False
FRMD3,0.5717666666666669,2028,0,False,False,False,False,False,False
CHST1,0.5709000000000005,2029,0,False,True,False,False,False,False
EPOP,0.5708666666666674,2030,0,False,False,False,False,False,False
TNFAIP3,0.5708000000000003,2031,0,False,False,False,False,False,False
SLA,0.5705333333333333,2032,0,False,False,False,False,False,False
C11ORF53,0.5704000000000001,2033,0,False,False,False,False,False,False
LDHC,0.5697999999999999,2034,0,False,False,False,False,False,False
NR3C2,0.5695666666666668,2035,0,False,False,False,False,False,False
DNTTIP1,0.5692999999999998,2036,0,False,False,False,False,False,False
RNF212,0.5690333333333334,2037,0,False,False,False,False,False,False
ESYT3,0.5690000000000003,2038,0,False,True,False,False,False,False
SLC7A8,0.5686666666666663,2039,0,False,True,False,False,False,False
CPNE5,0.5679666666666668,2040,0,False,True,False,False,False,False
CCDC181,0.5678000000000005,2041,0,False,False,False,False,False,False
SMAD9,0.5674666666666667,2042,0,False,False,False,False,False,False
RAC3,0.5673666666666665,2043,0,False,False,False,False,False,False
BGN,0.5669666666666664,2044,0,False,False,False,False,False,False
CREB3L1,0.5666333333333338,2045,0,False,False,False,False,False,False
DOK7,0.5661666666666667,2046,0,False,False,False,False,False,False
BCL6B,0.5659000000000002,2047,0,False,False,False,False,False,False
ODC1,0.5651,2048,0,False,False,False,False,False,False
ZNF114,0.5649333333333331,2049,0,False,False,False,False,False,False
TIMP1,0.5643333333333332,2050,0,False,False,False,False,False,False
H4C8,0.5642999999999998,2051,0,False,False,False,False,False,False
DUSP6,0.5642999999999994,2052,0,False,False,False,False,False,False
TIMP3,0.5639333333333333,2053,0,False,False,False,False,False,False
CDH5,0.5636666666666668,2054,0,False,False,False,False,False,False
P2RY1,0.5629000000000001,2055,0,False,False,False,False,False,False
ADAMTSL3,0.5628666666666667,2056,0,False,False,False,False,False,False
SLC16A6,0.5625666666666667,2057,0,False,False,False,False,False,False
SELL,0.5619333333333333,2058,0,False,False,False,False,False,False
GADD45G,0.5614666666666667,2059,0,False,False,False,False,False,False
CD22,0.5614333333333331,2060,0,False,False,False,False,False,False
CADM4,0.5613666666666672,2061,0,False,True,False,False,False,False
LGR5,0.5610999999999999,2062,0,False,False,False,False,False,False
TMEM176B,0.5607000000000002,2063,0,False,False,False,False,False,False
GPR34,0.5606666666666666,2064,0,False,False,False,False,False,False
GAS6,0.5602666666666667,2065,0,False,False,False,False,False,False
EDA2R,0.5602666666666665,2066,0,False,False,False,False,False,False
NECAB1,0.5602333333333335,2067,0,False,False,False,False,False,False
MTHFD2,0.5601666666666664,2068,0,False,False,False,False,False,False
ISLR2,0.5595000000000002,2069,0,False,False,False,False,False,False
ALDH1L2,0.5594666666666664,2070,0,False,False,False,False,False,False
TMSB4Y,0.5593000000000006,2071,0,False,False,False,False,False,False
HDC,0.5592666666666668,2072,0,False,True,False,False,False,False
CD83,0.5590333333333336,2073,0,False,True,False,False,False,False
CCNA1,0.5589333333333335,2074,0,False,False,False,False,False,False
LY86,0.5587,2075,0,False,False,False,False,False,False
STK32B,0.5586333333333335,2076,0,False,False,False,False,False,False
MORN5,0.5585666666666668,2077,0,False,False,False,False,False,False
PROK2,0.5581666666666666,2078,0,False,False,False,False,False,False
AHCYL2,0.5579999999999998,2079,0,False,True,False,False,False,False
CCDC160,0.5577333333333335,2080,0,False,False,False,False,False,False
A2M,0.5576666666666671,2081,0,False,False,False,False,False,False
KRT13,0.5573666666666668,2082,0,False,False,False,False,False,False
MTMR7,0.5573000000000001,2083,0,False,False,False,False,False,False
NNMT,0.5572333333333332,2084,0,False,False,False,False,False,False
ZNF486,0.5567666666666672,2085,0,False,False,False,False,False,False
DNALI1,0.5562999999999999,2086,0,False,False,False,False,False,False
PPP1R16B,0.5560666666666672,2087,0,False,False,False,False,False,False
NDUFA4L2,0.5560666666666667,2088,0,False,False,False,False,False,False
FBP1,0.5560333333333335,2089,0,False,False,False,False,False,False
CEACAM21,0.5558333333333333,2090,0,False,True,False,False,False,False
CCL3,0.5557000000000001,2091,1,True,True,False,True,False,False
MYBPC2,0.5552999999999999,2092,0,False,False,False,False,False,False
CCNO,0.5552333333333334,2093,0,False,False,False,False,False,False
P2RY13,0.5551999999999998,2094,0,False,False,False,False,False,False
PNOC,0.5551666666666667,2095,0,False,False,False,False,False,False
SMIM6,0.5550999999999998,2096,0,False,False,False,False,False,False
TFAP2C,0.5550666666666663,2097,0,False,True,False,False,False,False
HSPB7,0.5550333333333338,2098,0,False,False,False,False,False,False
GIMAP7,0.5549000000000003,2099,0,False,False,False,False,False,False
SIRPG,0.5546999999999996,2100,0,False,False,False,False,False,False
TNFRSF21,0.5543333333333336,2101,0,False,False,False,False,False,False
NLGN4Y,0.5540999999999998,2102,0,False,False,False,False,False,False
SCX,0.5540333333333336,2103,0,False,False,False,False,False,False
FAM184A,0.5538000000000003,2104,0,False,False,False,False,False,False
NEXN,0.5537000000000002,2105,0,False,False,False,False,False,False
PAX9,0.5537000000000002,2105,0,False,False,False,False,False,False
GLIPR2,0.5536000000000001,2107,0,False,False,False,False,False,False
CLEC6A,0.5535666666666669,2108,0,False,False,False,False,False,False
LRRC52,0.5534000000000001,2109,0,False,False,False,False,False,False
IHH,0.5533666666666668,2110,0,False,False,False,False,False,False
NLRP3,0.5532666666666668,2111,0,False,False,False,False,False,False
SIGLEC6,0.5531,2112,0,False,True,False,False,False,False
ACTA2,0.5530333333333337,2113,0,False,False,False,False,False,False
FPR3,0.5529666666666665,2114,0,False,True,False,False,False,False
LYPD6,0.5527666666666667,2115,0,False,False,False,False,False,False
SCARF2,0.5526333333333334,2116,0,False,False,False,False,False,False
IFNG,0.5526333333333333,2117,0,False,False,False,False,False,False
CDC42EP5,0.5525333333333334,2118,0,False,False,False,False,False,False
SMPD3,0.5523999999999997,2119,0,False,False,False,False,False,False
CYP3A5,0.5522666666666675,2120,0,False,False,False,False,False,False
ROBO2,0.5522666666666669,2121,0,False,False,False,False,False,False
LRRN3,0.5517333333333331,2122,0,False,False,False,False,False,False
PEAR1,0.5514333333333332,2123,0,False,False,False,False,False,False
WNT5B,0.5512,2124,0,False,False,False,False,False,False
MTURN,0.5509666666666668,2125,0,False,False,False,False,False,False
NEDD9,0.5507666666666665,2126,0,False,False,False,False,False,False
PLEK,0.5502000000000001,2127,0,False,True,False,False,False,False
G6PD,0.5501000000000001,2128,0,False,False,False,False,False,False
GSTT2B,0.5500666666666667,2129,0,False,False,False,False,False,False
SLC35F2,0.5500333333333338,2130,0,False,False,False,False,False,False
SAMD5,0.5497666666666667,2131,0,False,True,False,False,False,False
DNA2,0.5490666666666664,2132,0,False,False,False,False,False,False
NCMAP,0.5487333333333339,2133,0,False,True,False,False,False,False
PABPC1L,0.5485000000000003,2134,0,False,False,False,False,False,False
RADIL,0.5484000000000002,2135,0,False,False,False,False,False,False
SRGN,0.5478999999999994,2136,0,False,False,False,False,False,False
FNDC10,0.5476333333333331,2137,0,False,False,False,False,False,False
DOC2B,0.5470333333333329,2138,0,False,False,False,False,False,False
IL17RD,0.5469999999999999,2139,0,False,False,False,False,False,False
DAPK2,0.5467666666666668,2140,0,False,False,False,False,False,False
FGF2,0.5467000000000003,2141,0,False,True,False,False,False,False
CFAP251,0.5464000000000001,2142,0,False,False,False,False,False,False
EIF5AL1,0.546266666666666,2143,0,False,False,False,False,False,False
SEMA3C,0.5460333333333339,2144,0,False,False,False,False,False,False
OTUD1,0.5456666666666663,2145,0,False,True,False,False,False,False
SIX4,0.5456333333333332,2146,0,False,True,False,False,False,False
PKNOX2,0.545566666666667,2147,0,False,True,False,False,False,False
AFAP1L1,0.5455666666666669,2148,0,False,False,False,False,False,False
PPARGC1A,0.5455333333333339,2149,0,False,True,False,False,False,False
SPON1,0.5454999999999999,2150,0,False,False,False,False,False,False
ALDH1L1,0.5453999999999998,2151,0,False,False,False,False,False,False
CSRNP1,0.5452666666666663,2152,0,False,False,False,False,False,False
NCF1,0.5452333333333338,2153,0,False,True,False,False,False,False
PDGFB,0.5450666666666667,2154,1,True,True,False,True,False,False
TRIM55,0.5449666666666666,2155,0,False,False,False,False,False,False
MT3,0.5444666666666667,2156,0,False,False,False,False,False,False
TRIM17,0.5444666666666663,2157,0,False,False,False,False,False,False
WNK2,0.5444333333333333,2158,0,False,False,False,False,False,False
DENND3,0.5444000000000001,2159,0,False,False,False,False,False,False
C2,0.5442000000000001,2160,0,False,False,False,False,False,False
CCM2L,0.5440333333333334,2161,0,False,False,False,False,False,False
TLR10,0.5439666666666665,2162,0,False,False,False,False,False,False
GREM2,0.5437666666666667,2163,0,False,False,False,False,False,False
GRK5,0.5435333333333333,2164,0,False,False,False,False,False,False
RNF182,0.5433999999999999,2165,0,False,True,False,False,False,False
C4B,0.543166666666667,2166,0,False,False,False,False,False,False
DYDC2,0.543133333333333,2167,0,False,True,False,False,False,False
MAPK4,0.5430666666666665,2168,0,False,False,False,False,False,False
PC,0.5430333333333335,2169,0,False,False,False,False,False,False
FCER1G,0.5428000000000003,2170,0,False,True,False,False,False,False
COL8A1,0.5425666666666672,2171,0,False,True,False,False,False,False
KIAA0319,0.5424999999999995,2172,0,False,False,False,False,False,False
RALGPS2,0.5424666666666671,2173,0,False,True,False,False,False,False
CD14,0.5423666666666666,2174,0,False,False,False,False,False,False
UCK2,0.5416333333333331,2175,0,False,False,False,False,False,False
PAMR1,0.5415666666666665,2176,0,False,False,False,False,False,False
DIO1,0.5415333333333333,2177,0,False,False,False,False,False,False
MYO7A,0.5409666666666664,2178,0,False,False,False,False,False,False
PF4V1,0.5408666666666667,2179,0,False,False,False,False,False,False
FBXL16,0.5408666666666666,2180,0,False,False,False,False,False,False
MANEAL,0.5408333333333334,2181,0,False,False,False,False,False,False
SLC39A8,0.5405999999999994,2182,0,False,False,False,False,False,False
SMO,0.5404666666666662,2183,0,False,False,False,False,False,False
ARHGAP11A,0.5403666666666669,2184,0,False,False,False,False,False,False
PAFAH1B3,0.5402666666666671,2185,0,False,False,False,False,False,False
AMZ1,0.5402000000000001,2186,0,False,False,False,False,False,False
IGF2,0.540066666666667,2187,1,True,True,False,True,False,False
PTH1R,0.5398,2188,0,False,True,False,False,False,False
TSPAN18,0.5396333333333333,2189,0,False,False,False,False,False,False
GSTM5,0.5394333333333338,2190,0,False,False,False,False,False,False
CYBRD1,0.5392,2191,0,False,False,False,False,False,False
CIBAR2,0.5392,2191,0,False,False,False,False,False,False
MMP2,0.5390999999999997,2193,0,False,False,False,False,False,False
CCN3,0.5389000000000003,2194,0,False,False,False,False,False,False
PGLYRP1,0.5386,2195,0,False,False,False,False,False,False
JPH1,0.5384000000000001,2196,0,False,False,False,False,False,False
ESAM,0.5380999999999999,2197,0,False,False,False,False,False,False
VPS37D,0.5380999999999997,2198,0,False,True,False,False,False,False
VGLL3,0.5378666666666665,2199,0,False,True,False,False,False,False
HLA-DPA1,0.5378333333333332,2200,0,False,False,False,False,False,False
EFNA4,0.5376333333333333,2201,0,False,False,False,False,False,False
WDR86,0.5374333333333331,2202,0,False,False,False,False,False,False
HAVCR2,0.5373333333333339,2203,0,False,False,False,False,False,False
SESN3,0.5371333333333329,2204,0,False,True,False,False,False,False
BICDL1,0.5369999999999998,2205,0,False,False,False,False,False,False
PLXNA2,0.5369,2206,0,False,False,False,False,False,False
FN1,0.5366333333333333,2207,0,False,True,False,False,False,False
RSPH1,0.5365999999999999,2208,0,False,True,False,False,False,False
C3AR1,0.5365666666666664,2209,0,False,False,False,False,False,False
GPR27,0.5365333333333334,2210,0,False,False,False,False,False,False
PLAAT5,0.5363999999999995,2211,0,False,True,False,False,False,False
TMPRSS13,0.5363000000000002,2212,0,False,False,False,False,False,False
ADAMTSL1,0.5361666666666663,2213,0,False,False,False,False,False,False
KRT19,0.5359999999999997,2214,0,False,False,False,False,False,False
CD180,0.5359333333333334,2215,0,False,True,False,False,False,False
CCDC170,0.5358333333333334,2216,0,False,False,False,False,False,False
LHX9,0.5357333333333332,2217,0,False,False,False,False,False,False
REEP1,0.5356000000000001,2218,0,False,True,False,False,False,False
PLA2G3,0.5355666666666665,2219,0,False,False,False,False,False,False
GALNT15,0.5355,2220,0,False,False,False,False,False,False
NOTCH4,0.5354999999999998,2221,0,False,False,False,False,False,False
APOBEC2,0.5352666666666668,2222,0,False,False,False,False,False,False
DCN,0.5350666666666665,2223,0,False,False,False,False,False,False
KISS1,0.5350666666666665,2223,0,False,True,False,False,False,False
ALPK3,0.5350333333333338,2225,0,False,False,False,False,False,False
CCND2,0.5347333333333333,2226,0,False,False,False,False,False,False
H4C12,0.5346666666666667,2227,0,False,False,False,False,False,False
LSP1,0.5343999999999997,2228,0,False,True,False,False,False,False
EPHB3,0.534333333333333,2229,1,True,True,False,True,False,False
FMO3,0.5342666666666663,2230,0,False,False,False,False,False,False
SLC47A1,0.5342333333333337,2231,0,False,False,False,False,False,False
NKX2-8,0.5341666666666667,2232,0,False,False,False,False,False,False
CHST3,0.5337999999999998,2233,0,False,True,False,False,False,False
CFAP45,0.5337333333333334,2234,0,False,False,False,False,False,False
ADRA2C,0.5337333333333333,2235,0,False,False,False,False,False,False
MMP15,0.533633333333334,2236,0,False,False,False,False,False,False
RASL10B,0.5324333333333329,2237,0,False,False,False,False,False,False
MT1F,0.5323000000000002,2238,0,False,False,False,False,False,False
EIF4EBP1,0.5321666666666665,2239,0,False,False,False,False,False,False
RGS16,0.5319666666666665,2240,0,False,False,False,False,False,False
NFAM1,0.5317666666666668,2241,0,False,False,False,False,False,False
CSTA,0.531533333333333,2242,0,False,False,False,False,False,False
TLCD1,0.5314666666666668,2243,0,False,True,False,False,False,False
NKD2,0.531366666666667,2244,0,False,False,False,False,False,False
KYNU,0.5312333333333331,2245,0,False,False,False,False,False,False
LRRC6,0.5311333333333331,2246,0,False,False,False,False,False,False
ADGRL2,0.5309999999999998,2247,0,False,False,False,False,False,False
GOLGA8B,0.530866666666667,2248,0,False,False,False,False,False,False
SPON2,0.5306666666666667,2249,0,False,True,False,False,False,False
PYCR1,0.5305333333333335,2250,0,False,False,False,False,False,False
KIF3C,0.5304999999999999,2251,0,False,True,False,False,False,False
C1QTNF2,0.5303000000000003,2252,0,False,False,False,False,False,False
TEKT2,0.5301666666666665,2253,0,False,False,False,False,False,False
CHML,0.5301000000000001,2254,0,False,False,False,False,False,False
AVPR2,0.5298666666666669,2255,0,False,True,False,False,False,False
ELANE,0.5297000000000003,2256,0,False,False,False,False,False,False
TOX2,0.5291666666666669,2257,0,False,False,False,False,False,False
METTL7A,0.5291000000000001,2258,0,False,False,False,False,False,False
CYP2A6,0.5290999999999998,2259,0,False,False,False,False,False,False
MMD,0.5287666666666666,2260,0,False,False,False,False,False,False
IPCEF1,0.5286999999999998,2261,0,False,False,False,False,False,False
RGS7BP,0.5286333333333333,2262,0,False,True,False,False,False,False
CENPK,0.5285000000000004,2263,0,False,False,False,False,False,False
CBLN4,0.5284333333333333,2264,0,False,False,False,False,False,False
GIPC2,0.5280000000000002,2265,0,False,False,False,False,False,False
LOXL1,0.5278999999999994,2266,0,False,False,False,False,False,False
FOXC1,0.5276333333333334,2267,0,False,False,False,False,False,False
ATP6V1C2,0.5275666666666667,2268,0,False,False,False,False,False,False
PDE10A,0.5274666666666668,2269,0,False,False,False,False,False,False
ANGPTL1,0.5274,2270,0,False,False,False,False,False,False
IL1RL2,0.5273666666666665,2271,0,False,False,False,False,False,False
SOWAHB,0.527,2272,0,False,False,False,False,False,False
E2F2,0.527,2272,0,False,False,False,False,False,False
VILL,0.5267666666666664,2274,0,False,False,False,False,False,False
PLEKHH2,0.5263333333333332,2275,0,False,False,False,False,False,False
SLAMF8,0.5263333333333331,2276,0,False,False,False,False,False,False
EMP2,0.5263000000000004,2277,0,False,True,False,False,False,False
MSRB3,0.5262000000000001,2278,0,False,True,False,False,False,False
NHS,0.5261000000000003,2279,0,False,False,False,False,False,False
LDHD,0.5260000000000002,2280,0,False,False,False,False,False,False
GIMAP6,0.5258666666666659,2281,0,False,False,False,False,False,False
KCNT2,0.5256000000000001,2282,0,False,False,False,False,False,False
CCR8,0.5254999999999997,2283,0,False,False,False,False,False,False
CCDC78,0.5254666666666666,2284,0,False,False,False,False,False,False
NCAPG2,0.525366666666666,2285,0,False,False,False,False,False,False
CD93,0.5252999999999998,2286,0,False,False,False,False,False,False
DOK4,0.5252000000000001,2287,0,False,False,False,False,False,False
RHCE,0.5248666666666663,2288,0,False,False,False,False,False,False
GPT,0.5246333333333335,2289,0,False,False,False,False,False,False
GJB7,0.5245666666666666,2290,0,False,True,False,False,False,False
USP2,0.5242999999999999,2291,0,False,False,False,False,False,False
LRATD1,0.5242666666666663,2292,0,False,False,False,False,False,False
OCIAD2,0.5240999999999999,2293,0,False,False,False,False,False,False
CNTN6,0.5238666666666669,2294,0,False,False,False,False,False,False
LRRN4CL,0.5238,2295,0,False,False,False,False,False,False
FRZB,0.5236333333333334,2296,0,False,False,False,False,False,False
MT-ND6,0.5236000000000002,2297,0,False,False,False,False,False,False
GPR4,0.5233999999999996,2298,0,False,False,False,False,False,False
MSX2,0.5233333333333335,2299,0,False,False,False,False,False,False
GPR183,0.5232666666666668,2300,0,False,False,False,False,False,False
EPAS1,0.5231333333333335,2301,0,False,False,False,False,False,False
TIGIT,0.5229333333333333,2302,0,False,False,False,False,False,False
PON3,0.5228,2303,0,False,False,False,False,False,False
SCT,0.522733333333333,2304,0,False,True,False,False,False,False
PROX1,0.5227,2305,0,False,False,False,False,False,False
COL6A5,0.5227,2305,0,False,True,False,False,False,False
VSTM1,0.5218666666666665,2307,0,False,False,False,False,False,False
CMKLR1,0.5215666666666668,2308,0,False,False,False,False,False,False
PLEKHA6,0.5215666666666666,2309,0,False,False,False,False,False,False
PTPRR,0.5211666666666669,2310,0,False,False,False,False,False,False
SPATC1L,0.5210666666666668,2311,0,False,False,False,False,False,False
LRP4,0.5210333333333333,2312,0,False,False,False,False,False,False
IKZF3,0.5207666666666664,2313,0,False,False,False,False,False,False
SUCNR1,0.5201666666666666,2314,0,False,False,False,False,False,False
TMEM92,0.5201333333333334,2315,0,False,False,False,False,False,False
ZC3H12A,0.5200666666666661,2316,0,False,False,False,False,False,False
C11ORF16,0.5199666666666665,2317,0,False,False,False,False,False,False
TMEM151A,0.5199000000000001,2318,0,False,False,False,False,False,False
MPEG1,0.5195333333333333,2319,0,False,False,False,False,False,False
IGSF9B,0.5193000000000001,2320,0,False,False,False,False,False,False
NAPRT,0.5191999999999996,2321,0,False,False,False,False,False,False
CDH24,0.5191333333333337,2322,0,False,False,False,False,False,False
ZNF727,0.519066666666666,2323,0,False,False,False,False,False,False
GRIN3B,0.5189333333333334,2324,0,False,False,False,False,False,False
PALM2AKAP2,0.5188999999999997,2325,0,False,False,False,False,False,False
FGF12,0.5186666666666665,2326,0,False,True,False,False,False,False
CIT,0.5184999999999996,2327,0,False,False,False,False,False,False
PTCHD4,0.5184999999999995,2328,0,False,True,False,False,False,False
RIBC2,0.5180666666666667,2329,0,False,False,False,False,False,False
CATSPERB,0.5180666666666663,2330,0,False,False,False,False,False,False
TIE1,0.5179666666666669,2331,0,False,False,False,False,False,False
CD2,0.5179666666666669,2331,0,False,False,False,False,False,False
PVALB,0.5178666666666666,2333,0,False,True,False,False,False,False
SMOX,0.5175000000000002,2334,0,False,True,False,False,False,False
STK31,0.5173333333333336,2335,0,False,True,False,False,False,False
SLC38A4,0.5171333333333333,2336,0,False,False,False,False,False,False
CFAP57,0.5164000000000002,2337,0,False,False,False,False,False,False
PENK,0.5163000000000001,2338,0,False,False,False,False,False,False
DNAH2,0.5161333333333331,2339,0,False,False,False,False,False,False
UGT2B17,0.5159666666666665,2340,0,False,False,False,False,False,False
HOXA5,0.5158666666666671,2341,0,False,False,False,False,False,False
SLC12A2,0.5156666666666668,2342,0,False,False,False,False,False,False
TNFRSF25,0.5156666666666665,2343,0,False,False,False,False,False,False
LAPTM5,0.5155333333333331,2344,0,False,False,False,False,False,False
ERO1A,0.5155000000000004,2345,0,False,False,False,False,False,False
FAM180A,0.5154333333333336,2346,0,False,False,False,False,False,False
FAM166B,0.5151666666666667,2347,0,False,False,False,False,False,False
MMRN2,0.5150999999999999,2348,0,False,False,False,False,False,False
EPHX1,0.5150000000000002,2349,0,False,True,False,False,False,False
CCDC154,0.515,2350,0,False,False,False,False,False,False
AQP7,0.5148666666666667,2351,0,False,False,False,False,False,False
NIPAL1,0.5148666666666664,2352,0,False,False,False,False,False,False
WASF3,0.5148666666666664,2352,0,False,False,False,False,False,False
SERPING1,0.5145000000000002,2354,0,False,True,False,False,False,False
SYTL2,0.5144999999999996,2355,0,False,False,False,False,False,False
WNT11,0.5143000000000002,2356,0,False,True,False,False,False,False
CYP2C18,0.5143000000000001,2357,0,False,False,False,False,False,False
ASPH,0.5141999999999998,2358,0,False,True,False,False,False,False
AMOT,0.5141333333333336,2359,0,False,False,False,False,False,False
GLB1L2,0.5140333333333332,2360,0,False,False,False,False,False,False
XKR9,0.5139666666666668,2361,0,False,False,False,False,False,False
TMOD1,0.5139666666666666,2362,0,False,False,False,False,False,False
RARRES1,0.5138666666666661,2363,0,False,False,False,False,False,False
CD302,0.5138,2364,0,False,False,False,False,False,False
DEPTOR,0.5136666666666669,2365,0,False,False,False,False,False,False
IER5L,0.5134333333333331,2366,0,False,True,False,False,False,False
FGF10,0.5133333333333338,2367,0,False,False,False,False,False,False
RBBP8NL,0.5133333333333332,2368,0,False,False,False,False,False,False
SP6,0.5131333333333331,2369,0,False,False,False,False,False,False
S100A16,0.5128666666666662,2370,0,False,False,False,False,False,False
CD55,0.5124333333333331,2371,0,False,False,False,False,False,False
IQANK1,0.5123666666666663,2372,0,False,False,False,False,False,False
STMN1,0.5121666666666667,2373,0,False,False,False,False,False,False
KIF26A,0.5120000000000001,2374,0,False,False,False,False,False,False
NPY1R,0.5116333333333335,2375,0,False,False,False,False,False,False
H1-2,0.5115999999999996,2376,0,False,True,False,False,False,False
FIBCD1,0.5113000000000001,2377,0,False,False,False,False,False,False
NCF2,0.5112000000000003,2378,0,False,True,False,False,False,False
GRAMD1B,0.5112000000000001,2379,0,False,False,False,False,False,False
IL34,0.5110333333333332,2380,0,False,False,False,False,False,False
HPN,0.511,2381,0,False,False,False,False,False,False
RNF144B,0.5104666666666667,2382,0,False,False,False,False,False,False
RUNDC3B,0.5102999999999999,2383,0,False,False,False,False,False,False
CCR7,0.5102999999999999,2383,0,False,False,False,False,False,False
SULT1E1,0.5102333333333332,2385,0,False,False,False,False,False,False
SPESP1,0.5101666666666665,2386,0,False,False,False,False,False,False
BAIAP3,0.5100666666666666,2387,0,False,False,False,False,False,False
GSDMA,0.5100666666666666,2387,0,False,False,False,False,False,False
NID1,0.5099999999999998,2389,0,False,False,False,False,False,False
GFOD1,0.5096666666666668,2390,0,False,True,False,False,False,False
FCRL1,0.5091666666666668,2391,0,False,True,False,False,False,False
CBR1,0.5090333333333333,2392,0,False,False,False,False,False,False
ARHGEF35,0.5089000000000005,2393,0,False,True,False,False,False,False
BCL11A,0.5086000000000006,2394,0,False,False,False,False,False,False
STAB1,0.5085666666666667,2395,0,False,False,False,False,False,False
HOXC4,0.5083999999999999,2396,0,False,True,False,False,False,False
FAM124B,0.5081666666666668,2397,0,False,False,False,False,False,False
FAM83F,0.5080333333333334,2398,0,False,False,False,False,False,False
IL2RB,0.5078666666666668,2399,0,False,False,False,False,False,False
KIF19,0.5077666666666668,2400,0,False,False,False,False,False,False
PNPLA3,0.5077666666666665,2401,0,False,True,False,False,False,False
AATK,0.5075333333333334,2402,0,False,False,False,False,False,False
ARHGEF37,0.5069000000000006,2403,0,False,False,False,False,False,False
WDR62,0.5068666666666667,2404,0,False,False,False,False,False,False
CAPNS2,0.5067999999999998,2405,0,False,False,False,False,False,False
OLIG1,0.5067000000000003,2406,0,False,False,False,False,False,False
HSD11B1,0.5066,2407,0,False,True,False,False,False,False
CHAF1B,0.5065999999999997,2408,0,False,False,False,False,False,False
IFI6,0.5064666666666667,2409,0,False,False,False,False,False,False
CHRM3,0.5064333333333334,2410,0,False,False,False,False,False,False
PLK4,0.5061999999999999,2411,0,False,True,False,False,False,False
LRG1,0.5061,2412,0,False,False,False,False,False,False
HS3ST5,0.5060000000000006,2413,0,False,False,False,False,False,False
TNFSF10,0.5059666666666666,2414,0,False,False,False,False,False,False
CHAC1,0.5056666666666665,2415,0,False,False,False,False,False,False
DSC2,0.5054666666666663,2416,0,False,False,False,False,False,False
FGF7,0.5054000000000007,2417,0,False,True,False,False,False,False
TGM2,0.5045666666666663,2418,0,False,False,False,False,False,False
C1ORF162,0.5043666666666666,2419,0,False,False,False,False,False,False
DSCC1,0.5037999999999998,2420,0,False,False,False,False,False,False
C9ORF116,0.5035333333333329,2421,0,False,True,False,False,False,False
GABRB3,0.503466666666667,2422,0,False,False,False,False,False,False
CRISP2,0.503166666666667,2423,0,False,True,False,False,False,False
COL4A1,0.5031000000000004,2424,0,False,False,False,False,False,False
VNN3,0.5029999999999998,2425,0,False,False,False,False,False,False
PDGFD,0.5028666666666671,2426,0,False,False,False,False,False,False
GOLGA8A,0.5028333333333332,2427,0,False,False,False,False,False,False
CA8,0.5027666666666667,2428,0,False,False,False,False,False,False
VNN2,0.5025666666666666,2429,0,False,False,False,False,False,False
TNFRSF11B,0.5024666666666667,2430,0,False,True,False,False,False,False
CHRDL2,0.5021999999999998,2431,0,False,True,False,False,False,False
ROPN1L,0.5019333333333333,2432,0,False,False,False,False,False,False
BICC1,0.5019000000000001,2433,0,False,False,False,False,False,False
SNTN,0.5016666666666668,2434,0,False,False,False,False,False,False
PRSS35,0.5016666666666663,2435,0,False,False,False,False,False,False
NME1,0.5015666666666666,2436,0,False,True,False,False,False,False
B4GALNT3,0.5015000000000001,2437,0,False,False,False,False,False,False
TBX21,0.5013,2438,0,False,True,False,False,False,False
PRSS23,0.5012999999999995,2439,0,False,False,False,False,False,False
DUSP26,0.5012333333333335,2440,0,False,True,False,False,False,False
ADAMTS15,0.5007333333333335,2441,0,False,False,False,False,False,False
SOX15,0.5006000000000003,2442,0,False,False,False,False,False,False
GALNT17,0.5006000000000002,2443,0,False,True,False,False,False,False
TMTC1,0.5004333333333338,2444,0,False,False,False,False,False,False
CHST9,0.5002000000000003,2445,0,False,False,False,False,False,False
STX11,0.5000999999999998,2446,0,False,False,False,False,False,False
EEF1AKMT4,0.49943333333333345,2447,0,False,True,False,False,False,False
C4ORF48,0.49910000000000015,2448,0,False,True,False,False,False,False
S1PR5,0.49896666666666667,2449,0,False,False,False,False,False,False
FAIM2,0.49889999999999995,2450,0,False,False,False,False,False,False
CRYBG2,0.4986000000000003,2451,0,False,False,False,False,False,False
ASS1,0.49853333333333344,2452,0,False,False,False,False,False,False
SYNM,0.4983666666666666,2453,0,False,False,False,False,False,False
FERMT3,0.4982333333333333,2454,0,False,False,False,False,False,False
ATP12A,0.49799999999999994,2455,0,False,False,False,False,False,False
CCDC85A,0.49796666666666634,2456,0,False,False,False,False,False,False
FBXL13,0.4973333333333333,2457,0,False,False,False,False,False,False
ECSCR,0.4973000000000001,2458,0,False,False,False,False,False,False
TENM3,0.4971666666666666,2459,0,False,False,False,False,False,False
PRMT8,0.4971333333333332,2460,0,False,False,False,False,False,False
HLA-DRB1,0.4970666666666665,2461,0,False,False,False,False,False,False
SLC16A11,0.49673333333333364,2462,0,False,False,False,False,False,False
CLMP,0.49673333333333347,2463,0,False,False,False,False,False,False
NPAS2,0.49670000000000036,2464,0,False,True,False,False,False,False
RSPH4A,0.49656666666666627,2465,0,False,False,False,False,False,False
C4ORF47,0.49609999999999965,2466,0,False,True,False,False,False,False
FGL2,0.4959000000000001,2467,0,False,False,False,False,False,False
RBP1,0.4959,2468,0,False,False,False,False,False,False
NEURL1,0.4956000000000001,2469,0,False,False,False,False,False,False
ACOT1,0.4954666666666669,2470,0,False,False,False,False,False,False
CPD,0.4953,2471,0,False,True,False,False,False,False
LPCAT1,0.4951666666666672,2472,0,False,True,False,False,False,False
MYH14,0.49443333333333345,2473,0,False,False,False,False,False,False
TMEM52,0.49443333333333345,2473,0,False,False,False,False,False,False
LIMCH1,0.4944333333333334,2475,0,False,False,False,False,False,False
GRIK5,0.4940666666666665,2476,0,False,True,False,False,False,False
NOG,0.49400000000000005,2477,0,False,False,False,False,False,False
DRAM1,0.49380000000000024,2478,0,False,False,False,False,False,False
CSPG5,0.4934666666666667,2479,0,False,False,False,False,False,False
LIN7A,0.49346666666666644,2480,0,False,False,False,False,False,False
SERINC2,0.49336666666666656,2481,0,False,False,False,False,False,False
PCDHB5,0.4928666666666668,2482,0,False,False,False,False,False,False
EPDR1,0.4928000000000003,2483,0,False,False,False,False,False,False
SPARCL1,0.4926666666666668,2484,0,False,False,False,False,False,False
PCDH12,0.4926333333333335,2485,0,False,True,False,False,False,False
TNS1,0.4924000000000001,2486,0,False,False,False,False,False,False
PTK6,0.4922333333333334,2487,0,False,False,False,False,False,False
ARHGAP20,0.49196666666666666,2488,0,False,False,False,False,False,False
ZBTB7C,0.49160000000000026,2489,0,False,False,False,False,False,False
KHDRBS2,0.49119999999999986,2490,0,False,False,False,False,False,False
CIP2A,0.490966666666667,2491,0,False,False,False,False,False,False
CERKL,0.4908333333333338,2492,0,False,False,False,False,False,False
ISYNA1,0.49073333333333286,2493,0,False,False,False,False,False,False
IFI30,0.4906666666666669,2494,0,False,False,False,False,False,False
GGH,0.4906000000000001,2495,0,False,True,False,False,False,False
LMO2,0.49046666666666644,2496,0,False,True,False,False,False,False
PLPP2,0.49043333333333305,2497,0,False,False,False,False,False,False
NPIPA5,0.4903666666666672,2498,0,False,False,False,False,False,False
SERTM2,0.4902333333333335,2499,0,False,True,False,False,False,False
TMEM40,0.4898666666666673,2500,0,False,False,False,False,False,False
ELOVL2,0.4895999999999997,2501,0,False,True,False,False,False,False
LRRC2,0.4893333333333332,2502,0,False,False,False,False,False,False
DRD1,0.48919999999999986,2503,0,False,False,False,False,False,False
ZNF711,0.48859999999999965,2504,0,False,False,False,False,False,False
TNFRSF10D,0.4881333333333334,2505,0,False,False,False,False,False,False
SAMSN1,0.48796666666666655,2506,0,False,False,False,False,False,False
NTNG1,0.4879,2507,0,False,False,False,False,False,False
GLS,0.487733333333333,2508,0,False,False,False,False,False,False
SH2D1B,0.4876333333333335,2509,0,False,False,False,False,False,False
GUCY1A2,0.48760000000000037,2510,0,False,False,False,False,False,False
GADD45B,0.4865666666666666,2511,0,False,False,False,False,False,False
SULT1A1,0.48633333333333334,2512,0,False,False,False,False,False,False
GPC5,0.48603333333333365,2513,0,False,False,False,False,False,False
P2RY12,0.486033333333333,2514,0,False,False,False,False,False,False
ZNF219,0.4860000000000006,2515,0,False,True,False,False,False,False
SUSD4,0.48553333333333304,2516,0,False,False,False,False,False,False
GEM,0.48536666666666617,2517,0,False,False,False,False,False,False
MEGF11,0.48516666666666663,2518,0,False,True,False,False,False,False
PLVAP,0.4851333333333333,2519,0,False,False,False,False,False,False
IRS2,0.4850000000000001,2520,0,False,False,False,False,False,False
FCAR,0.4849666666666665,2521,0,False,False,False,False,False,False
E2F1,0.4849000000000003,2522,0,False,False,False,False,False,False
NR5A2,0.4848333333333332,2523,0,False,False,False,False,False,False
PWP2,0.48419999999999996,2524,0,False,False,False,False,False,False
AK1,0.4841,2525,0,False,False,False,False,False,False
SORBS2,0.48370000000000013,2526,0,False,False,False,False,False,False
GCOM1,0.4834333333333336,2527,0,False,False,False,False,False,False
ROR1,0.4830333333333337,2528,0,False,True,False,False,False,False
PDE2A,0.4830000000000002,2529,0,False,False,False,False,False,False
PNMA2,0.4829333333333335,2530,0,False,False,False,False,False,False
TBC1D2,0.4829333333333333,2531,0,False,False,False,False,False,False
ITGA10,0.4827999999999996,2532,0,False,False,False,False,False,False
LTBP2,0.4824333333333334,2533,0,False,False,False,False,False,False
C2CD4D,0.482433333333333,2534,0,False,False,False,False,False,False
GYPE,0.48233333333333367,2535,0,False,False,False,False,False,False
ADGRV1,0.4821333333333336,2536,0,False,False,False,False,False,False
SEMA6B,0.48203333333333365,2537,0,False,False,False,False,False,False
CDC42EP1,0.48183333333333345,2538,0,False,False,False,False,False,False
MECOM,0.48169999999999996,2539,0,False,False,False,False,False,False
HELLS,0.48169999999999996,2539,0,False,False,False,False,False,False
SPTLC3,0.48169999999999985,2541,0,False,False,False,False,False,False
ARFGEF3,0.48146666666666665,2542,0,False,False,False,False,False,False
PDLIM3,0.48103333333333315,2543,0,False,True,False,False,False,False
SLC16A5,0.4809666666666664,2544,0,False,False,False,False,False,False
ADCY4,0.48093333333333355,2545,0,False,False,False,False,False,False
GJA4,0.48093333333333305,2546,0,False,False,False,False,False,False
PADI2,0.4804000000000002,2547,0,False,False,False,False,False,False
ALDOC,0.48036666666666683,2548,0,False,False,False,False,False,False
SSC5D,0.4802333333333334,2549,0,False,False,False,False,False,False
SLC2A10,0.48023333333333323,2550,0,False,True,False,False,False,False
SOX4,0.4796666666666664,2551,0,False,False,False,False,False,False
HNF1B,0.4795666666666667,2552,0,False,False,False,False,False,False
CLEC4D,0.4794666666666666,2553,0,False,False,False,False,False,False
STARD13,0.479333333333333,2554,0,False,True,False,False,False,False
SIGLEC11,0.4792666666666668,2555,0,False,False,False,False,False,False
SYTL5,0.4791666666666666,2556,0,False,False,False,False,False,False
TPM2,0.47909999999999997,2557,0,False,False,False,False,False,False
TDRD9,0.4790999999999997,2558,0,False,True,False,False,False,False
MAT1A,0.47880000000000006,2559,0,False,False,False,False,False,False
LRRC46,0.47876666666666656,2560,0,False,True,False,False,False,False
CREB5,0.4787000000000001,2561,0,False,False,False,False,False,False
ACBD7,0.47863333333333313,2562,0,False,True,False,False,False,False
CCR4,0.4782333333333338,2563,0,False,False,False,False,False,False
RACGAP1,0.4781000000000002,2564,0,False,False,False,False,False,False
TUBA1A,0.4780999999999999,2565,0,False,False,False,False,False,False
CDH11,0.4780999999999995,2566,0,False,True,False,False,False,False
OLFML2A,0.47796666666666693,2567,0,False,False,False,False,False,False
HLA-DRA,0.4779666666666667,2568,0,False,False,False,False,False,False
SMTNL2,0.4773000000000001,2569,0,False,False,False,False,False,False
NWD1,0.47723333333333356,2570,0,False,False,False,False,False,False
FO681492.1,0.4771666666666666,2571,0,False,True,False,False,False,False
CYB5A,0.47686666666666666,2572,0,False,False,False,False,False,False
CATSPER1,0.47663333333333324,2573,0,False,False,False,False,False,False
PLAUR,0.4762666666666667,2574,0,False,False,False,False,False,False
BRSK1,0.47623333333333345,2575,0,False,False,False,False,False,False
NAALADL2,0.4762333333333332,2576,0,False,False,False,False,False,False
FAM90A1,0.47610000000000013,2577,0,False,False,False,False,False,False
ABCA13,0.476033333333333,2578,0,False,True,False,False,False,False
ESR1,0.4759666666666669,2579,0,False,False,False,False,False,False
TACR1,0.4759333333333337,2580,0,False,False,False,False,False,False
EIF2S3B,0.47590000000000005,2581,0,False,False,False,False,False,False
IQCA1,0.47566666666666674,2582,0,False,False,False,False,False,False
CCDC17,0.47563333333333335,2583,0,False,False,False,False,False,False
PTGER1,0.47543333333333343,2584,0,False,False,False,False,False,False
TMEM35A,0.4752999999999999,2585,0,False,False,False,False,False,False
DKK3,0.4752333333333337,2586,0,False,False,False,False,False,False
ULBP2,0.4752000000000001,2587,0,False,False,False,False,False,False
DYNLRB2,0.4747999999999999,2588,0,False,False,False,False,False,False
RASL12,0.474,2589,0,False,True,False,False,False,False
TMEM270,0.4735666666666669,2590,0,False,False,False,False,False,False
RADX,0.4731,2591,0,False,False,False,False,False,False
TMEM71,0.47299999999999975,2592,0,False,True,False,False,False,False
STOML3,0.4725000000000001,2593,0,False,False,False,False,False,False
PER3,0.4724999999999998,2594,0,False,False,False,False,False,False
NYAP2,0.4723666666666665,2595,0,False,False,False,False,False,False
FKBP11,0.4723333333333334,2596,0,False,False,False,False,False,False
CYTIP,0.47233333333333327,2597,0,False,False,False,False,False,False
LGR6,0.4722666666666665,2598,0,False,True,False,False,False,False
HMCN1,0.47196666666666703,2599,0,False,False,False,False,False,False
KRTAP5-1,0.4714666666666666,2600,0,False,True,False,False,False,False
FGD5,0.47120000000000006,2601,0,False,False,False,False,False,False
C1ORF189,0.47109999999999996,2602,0,False,False,False,False,False,False
ADAMTS9,0.47106666666666674,2603,0,False,False,False,False,False,False
AMPH,0.47093333333333304,2604,1,True,True,False,True,False,False
HLA-DPB1,0.47083333333333305,2605,0,False,False,False,False,False,False
TEKT1,0.47073333333333345,2606,0,False,False,False,False,False,False
CCDC153,0.47053333333333325,2607,0,False,False,False,False,False,False
HEY1,0.4701666666666665,2608,0,False,False,False,False,False,False
HCAR3,0.46996666666666687,2609,0,False,True,False,False,False,False
PILRB,0.4697999999999995,2610,0,False,True,False,False,False,False
H2AC20,0.4697666666666668,2611,0,False,False,False,False,False,False
ARHGEF19,0.46953333333333336,2612,0,False,False,False,False,False,False
ADARB1,0.4695333333333329,2613,0,False,False,False,False,False,False
SNX30,0.4693999999999997,2614,0,False,True,False,False,False,False
ANKFN1,0.4692666666666665,2615,0,False,False,False,False,False,False
PIR,0.46876666666666644,2616,0,False,False,False,False,False,False
AKAP14,0.46849999999999986,2617,0,False,False,False,False,False,False
TEX26,0.4684000000000005,2618,0,False,False,False,False,False,False
GASK1B,0.4684000000000002,2619,0,False,True,False,False,False,False
REC8,0.4682333333333332,2620,0,False,False,False,False,False,False
DACT1,0.4680666666666668,2621,0,False,False,False,False,False,False
PPP1R15A,0.4675000000000001,2622,0,False,True,False,False,False,False
FAM166C,0.4671999999999996,2623,0,False,False,False,False,False,False
ADD2,0.4670999999999999,2624,0,False,False,False,False,False,False
GPR35,0.46700000000000036,2625,0,False,False,False,False,False,False
KIF12,0.466433333333333,2626,0,False,False,False,False,False,False
SPEF1,0.4663666666666664,2627,0,False,False,False,False,False,False
ITGAL,0.4660333333333335,2628,0,False,False,False,False,False,False
FANCI,0.46573333333333344,2629,0,False,True,False,False,False,False
TIMELESS,0.4651,2630,0,False,False,False,False,False,False
HEY2,0.465033333333333,2631,0,False,True,False,False,False,False
LRRC43,0.4649666666666667,2632,0,False,False,False,False,False,False
ADGRB1,0.4649333333333332,2633,0,False,False,False,False,False,False
PGBD5,0.4648666666666667,2634,0,False,False,False,False,False,False
ENKUR,0.4647333333333334,2635,0,False,False,False,False,False,False
RANBP3L,0.4646333333333334,2636,0,False,False,False,False,False,False
POLE2,0.46430000000000027,2637,0,False,False,False,False,False,False
BRINP3,0.46369999999999983,2638,0,False,False,False,False,False,False
KANK4,0.4636666666666667,2639,0,False,True,False,False,False,False
NOVA1,0.46350000000000013,2640,0,False,False,False,False,False,False
KRTCAP3,0.4631,2641,0,False,False,False,False,False,False
KCNS1,0.4630000000000003,2642,0,False,False,False,False,False,False
RENBP,0.4629999999999999,2643,0,False,False,False,False,False,False
CBR3,0.46290000000000003,2644,0,False,False,False,False,False,False
TMEM139,0.4626999999999999,2645,0,False,False,False,False,False,False
GALNT7,0.4625666666666665,2646,0,False,False,False,False,False,False
KNTC1,0.4625333333333336,2647,0,False,False,False,False,False,False
RAB36,0.4624333333333332,2648,0,False,False,False,False,False,False
PLAAT3,0.4622999999999998,2649,0,False,False,False,False,False,False
IFI16,0.4622666666666667,2650,0,False,False,False,False,False,False
VTN,0.4620999999999996,2651,0,False,False,False,False,False,False
AIF1,0.46206666666666685,2652,0,False,True,False,False,False,False
SASH1,0.4619999999999997,2653,0,False,False,False,False,False,False
ENG,0.4619000000000001,2654,0,False,False,False,False,False,False
CACNG6,0.4616666666666665,2655,0,False,True,False,False,False,False
MAP6,0.46143333333333336,2656,0,False,False,False,False,False,False
FZD4,0.4612333333333333,2657,0,False,True,False,False,False,False
C16ORF54,0.46106666666666646,2658,0,False,False,False,False,False,False
PHOSPHO1,0.461,2659,0,False,False,False,False,False,False
ANK3,0.46086666666666626,2660,0,False,False,False,False,False,False
EPHB6,0.4608333333333333,2661,0,False,False,False,False,False,False
GSTA3,0.4607999999999998,2662,0,False,False,False,False,False,False
MGAM,0.4607000000000002,2663,0,False,False,False,False,False,False
OLFM1,0.46066666666666684,2664,0,False,False,False,False,False,False
ECHDC3,0.4605666666666671,2665,0,False,False,False,False,False,False
NHSL1,0.4599666666666666,2666,0,False,False,False,False,False,False
AK7,0.4598000000000002,2667,0,False,False,False,False,False,False
TNFSF4,0.4596000000000003,2668,0,False,True,False,False,False,False
C2CD4C,0.45939999999999986,2669,0,False,False,False,False,False,False
PLCXD3,0.45936666666666676,2670,0,False,False,False,False,False,False
KLHDC7B,0.4587666666666668,2671,0,False,True,False,False,False,False
GAS2L2,0.45860000000000023,2672,0,False,True,False,False,False,False
CADM3,0.45856666666666657,2673,0,False,False,False,False,False,False
ADAMTSL2,0.45849999999999946,2674,0,False,False,False,False,False,False
DLGAP1,0.45836666666666653,2675,0,False,False,False,False,False,False
ABCA1,0.4580333333333334,2676,0,False,False,False,False,False,False
PROS1,0.45803333333333335,2677,0,False,True,False,False,False,False
KIR2DL4,0.45793333333333314,2678,0,False,False,False,False,False,False
TNFSF15,0.4578000000000004,2679,0,False,False,False,False,False,False
NEBL,0.457633333333333,2680,0,False,False,False,False,False,False
FAT1,0.4576000000000002,2681,0,False,False,False,False,False,False
TUBA4B,0.4571666666666665,2682,0,False,True,False,False,False,False
ZNF300,0.45713333333333356,2683,0,False,False,False,False,False,False
TMEM200A,0.4569333333333331,2684,0,False,False,False,False,False,False
HASPIN,0.45676666666666665,2685,0,False,True,False,False,False,False
DEPP1,0.4567666666666664,2686,0,False,False,False,False,False,False
KLF9,0.4560666666666666,2687,0,False,False,False,False,False,False
ETV1,0.4548666666666666,2688,0,False,False,False,False,False,False
PRR29,0.4546666666666664,2689,0,False,False,False,False,False,False
CD84,0.4545333333333337,2690,0,False,False,False,False,False,False
CIB2,0.4545333333333329,2691,0,False,False,False,False,False,False
TUSC3,0.45443333333333347,2692,0,False,False,False,False,False,False
COL6A2,0.4538333333333334,2693,0,False,False,False,False,False,False
DDR2,0.45379999999999987,2694,0,False,False,False,False,False,False
WFS1,0.45369999999999966,2695,0,False,False,False,False,False,False
CTF1,0.45363333333333333,2696,0,False,True,False,False,False,False
TSHZ2,0.4533333333333334,2697,0,False,False,False,False,False,False
AMN,0.45316666666666655,2698,0,False,True,False,False,False,False
HK2,0.45313333333333333,2699,0,False,False,False,False,False,False
ASPA,0.4530000000000003,2700,0,False,False,False,False,False,False
PON1,0.4529333333333335,2701,0,False,False,False,False,False,False
MCIDAS,0.45283333333333287,2702,0,False,False,False,False,False,False
PKD2L1,0.4527999999999997,2703,0,False,False,False,False,False,False
CD40LG,0.4526999999999998,2704,0,False,False,False,False,False,False
NGFR,0.45260000000000056,2705,0,False,False,False,False,False,False
LAMA4,0.45186666666666647,2706,0,False,False,False,False,False,False
CEACAM4,0.4517666666666669,2707,0,False,False,False,False,False,False
LAIR1,0.45176666666666676,2708,0,False,False,False,False,False,False
NLRC4,0.45166666666666677,2709,0,False,False,False,False,False,False
GZMK,0.4514333333333328,2710,0,False,True,False,False,False,False
CABLES1,0.4513333333333334,2711,0,False,False,False,False,False,False
FAM89A,0.4513,2712,0,False,True,False,False,False,False
MYBL1,0.4512000000000002,2713,0,False,True,False,False,False,False
LTC4S,0.45120000000000016,2714,0,False,True,False,False,False,False
GPRC5D,0.4510000000000001,2715,0,False,False,False,False,False,False
SAMD9L,0.45093333333333335,2716,0,False,False,False,False,False,False
TNFRSF13B,0.4507666666666669,2717,0,False,False,False,False,False,False
TCEA3,0.45076666666666665,2718,0,False,False,False,False,False,False
COLCA2,0.4506000000000004,2719,0,False,False,False,False,False,False
CDH26,0.4497666666666671,2720,0,False,True,False,False,False,False
ADH6,0.4497666666666667,2721,0,False,False,False,False,False,False
SNAP25,0.4491999999999999,2722,0,False,False,False,False,False,False
DDX11,0.44880000000000014,2723,0,False,False,False,False,False,False
NAP1L2,0.44866666666666644,2724,0,False,True,False,False,False,False
SLC7A4,0.44836666666666664,2725,0,False,True,False,False,False,False
RP1,0.44833333333333314,2726,0,False,False,False,False,False,False
CYP2D6,0.44806666666666656,2727,0,False,False,False,False,False,False
RASGEF1A,0.44789999999999963,2728,0,False,False,False,False,False,False
DMTN,0.447266666666667,2729,0,False,True,False,False,False,False
PLEKHG7,0.4470666666666665,2730,0,False,False,False,False,False,False
GPR1,0.44700000000000006,2731,0,False,False,False,False,False,False
PLCE1,0.4469333333333333,2732,0,False,False,False,False,False,False
CRISPLD2,0.4465666666666668,2733,0,False,False,False,False,False,False
PAQR5,0.44650000000000006,2734,0,False,False,False,False,False,False
GGT2,0.44636666666666697,2735,0,False,True,False,False,False,False
CKS2,0.4463666666666666,2736,0,False,False,False,False,False,False
SMIM10L2A,0.4459333333333335,2737,0,False,False,False,False,False,False
MILR1,0.44589999999999985,2738,0,False,False,False,False,False,False
GPRC5C,0.4458000000000004,2739,0,False,False,False,False,False,False
SIGLEC7,0.4452333333333333,2740,0,False,False,False,False,False,False
TCTEX1D4,0.4449666666666666,2741,0,False,False,False,False,False,False
NEURL3,0.44486666666666697,2742,0,False,False,False,False,False,False
KCNJ11,0.4444666666666668,2743,0,False,False,False,False,False,False
GPR17,0.4435666666666664,2744,0,False,False,False,False,False,False
C4A,0.44219999999999987,2745,0,False,False,False,False,False,False
DRC1,0.4421333333333335,2746,0,False,False,False,False,False,False
CCNF,0.4421,2747,0,False,False,False,False,False,False
LILRB5,0.442,2748,0,False,False,False,False,False,False
GRIP1,0.44196666666666695,2749,0,False,False,False,False,False,False
C1QTNF1,0.4418999999999999,2750,0,False,False,False,False,False,False
CA11,0.44160000000000005,2751,0,False,False,False,False,False,False
WNT7B,0.44140000000000035,2752,0,False,False,False,False,False,False
PRKCQ,0.44129999999999997,2753,0,False,False,False,False,False,False
BLM,0.44126666666666686,2754,0,False,True,False,False,False,False
ALS2CL,0.44106666666666694,2755,0,False,False,False,False,False,False
RAI2,0.4407333333333336,2756,0,False,False,False,False,False,False
GXYLT2,0.4406666666666667,2757,0,False,False,False,False,False,False
CLEC2B,0.4404666666666669,2758,0,False,False,False,False,False,False
CCDC74A,0.4402666666666664,2759,0,False,False,False,False,False,False
FOXS1,0.4402333333333334,2760,0,False,False,False,False,False,False
THSD7B,0.44016666666666643,2761,0,False,False,False,False,False,False
RASSF6,0.4398666666666666,2762,0,False,False,False,False,False,False
TM4SF1,0.43956666666666666,2763,0,False,True,False,False,False,False
P2RX5,0.4394333333333334,2764,0,False,False,False,False,False,False
CTSL,0.43936666666666657,2765,0,False,False,False,False,False,False
OSR2,0.4392999999999997,2766,0,False,False,False,False,False,False
CD3E,0.43919999999999987,2767,0,False,False,False,False,False,False
GOLT1A,0.43913333333333326,2768,0,False,True,False,False,False,False
CASKIN2,0.43913333333333315,2769,0,False,True,False,False,False,False
RHOD,0.4390999999999999,2770,0,False,True,False,False,False,False
PTPRC,0.43896666666666734,2771,0,False,False,False,False,False,False
INPP4B,0.43889999999999957,2772,0,False,False,False,False,False,False
LILRA2,0.43873333333333336,2773,0,False,False,False,False,False,False
COL13A1,0.43856666666666666,2774,0,False,True,False,False,False,False
SRMS,0.43846666666666645,2775,0,False,True,False,False,False,False
UNC13B,0.4382999999999999,2776,0,False,True,False,False,False,False
DNAJC5B,0.4381666666666668,2777,0,False,False,False,False,False,False
ZNF703,0.43813333333333354,2778,0,False,False,False,False,False,False
SEMA4B,0.4380000000000001,2779,0,False,True,False,False,False,False
PTPN20,0.4375000000000001,2780,0,False,False,False,False,False,False
B3GALT2,0.4374333333333333,2781,0,False,False,False,False,False,False
HOXA3,0.4374333333333331,2782,0,False,False,False,False,False,False
TACC1,0.4370666666666666,2783,0,False,True,False,False,False,False
PTGFR,0.43696666666666656,2784,0,False,False,False,False,False,False
LTA,0.43669999999999976,2785,0,False,False,False,False,False,False
HES2,0.43636666666666657,2786,0,False,False,False,False,False,False
TEF,0.43603333333333344,2787,0,False,False,False,False,False,False
SLC25A10,0.43599999999999994,2788,0,False,False,False,False,False,False
ELFN2,0.43583333333333324,2789,0,False,False,False,False,False,False
CSF1R,0.4356666666666668,2790,0,False,False,False,False,False,False
C6,0.43559999999999993,2791,0,False,True,False,False,False,False
ARL4D,0.43543333333333323,2792,0,False,False,False,False,False,False
GRHL1,0.43509999999999993,2793,0,False,False,False,False,False,False
CD74,0.4350666666666666,2794,0,False,True,False,False,False,False
CES3,0.4349666666666668,2795,0,False,False,False,False,False,False
DIPK2B,0.4346666666666665,2796,0,False,False,False,False,False,False
EMP3,0.4346000000000001,2797,0,False,False,False,False,False,False
ZDHHC11,0.4344000000000002,2798,0,False,False,False,False,False,False
CD244,0.4340999999999999,2799,0,False,False,False,False,False,False
CYP4Z1,0.43400000000000016,2800,0,False,True,False,False,False,False
PSMB9,0.4339666666666668,2801,0,False,False,False,False,False,False
NMB,0.43383333333333346,2802,0,False,False,False,False,False,False
TACC3,0.4338333333333332,2803,0,False,True,False,False,False,False
TMEM273,0.43373333333333364,2804,0,False,True,False,False,False,False
CCN1,0.43370000000000003,2805,0,False,False,False,False,False,False
CECR2,0.4336333333333334,2806,0,False,False,False,False,False,False
FEZ1,0.4335999999999999,2807,0,False,True,False,False,False,False
CCDC151,0.43353333333333344,2808,0,False,True,False,False,False,False
ABLIM3,0.43346666666666683,2809,0,False,False,False,False,False,False
GSTM3,0.4331666666666668,2810,0,False,False,False,False,False,False
SLC2A12,0.43316666666666664,2811,0,False,False,False,False,False,False
NINJ2,0.4325,2812,0,False,False,False,False,False,False
HS3ST3A1,0.4323333333333332,2813,0,False,False,False,False,False,False
ADGRA2,0.4322333333333336,2814,0,False,False,False,False,False,False
RND3,0.43193333333333317,2815,0,False,False,False,False,False,False
RBP5,0.43156666666666704,2816,0,False,False,False,False,False,False
CXXC4,0.43149999999999994,2817,0,False,False,False,False,False,False
OSBPL6,0.4314333333333336,2818,0,False,False,False,False,False,False
GMPR,0.4313333333333336,2819,0,False,False,False,False,False,False
LRRC17,0.43133333333333335,2820,0,False,False,False,False,False,False
ARMC4,0.43130000000000024,2821,0,False,False,False,False,False,False
DST,0.43123333333333336,2822,0,False,False,False,False,False,False
MTMR11,0.43116666666666686,2823,0,False,True,False,False,False,False
STUM,0.43113333333333353,2824,0,False,False,False,False,False,False
SERTAD4,0.4311000000000002,2825,0,False,False,False,False,False,False
SLC2A6,0.43106666666666626,2826,0,False,False,False,False,False,False
SAXO2,0.4307666666666665,2827,0,False,False,False,False,False,False
CFAP53,0.4305999999999998,2828,0,False,False,False,False,False,False
ACKR2,0.4304333333333331,2829,0,False,False,False,False,False,False
FAM43A,0.4301333333333335,2830,0,False,False,False,False,False,False
OAS3,0.4299000000000004,2831,0,False,False,False,False,False,False
BST2,0.4298333333333335,2832,0,False,False,False,False,False,False
TMEM204,0.4298333333333333,2833,0,False,False,False,False,False,False
SIGLEC8,0.4297000000000001,2834,0,False,False,False,False,False,False
CDH4,0.4295333333333334,2835,0,False,False,False,False,False,False
C5ORF34,0.4292333333333336,2836,0,False,True,False,False,False,False
SLC9A3R2,0.4289666666666665,2837,0,False,False,False,False,False,False
CYP4F12,0.42886666666666645,2838,0,False,False,False,False,False,False
STMND1,0.42833333333333334,2839,0,False,False,False,False,False,False
ARHGAP31,0.42816666666666664,2840,0,False,False,False,False,False,False
HOXB3,0.4281333333333334,2841,0,False,False,False,False,False,False
TBX1,0.4281333333333334,2841,0,False,False,False,False,False,False
PAPSS2,0.4281333333333333,2843,0,False,True,False,False,False,False
ARHGAP39,0.4280666666666667,2844,0,False,True,False,False,False,False
TSPYL5,0.42803333333333315,2845,0,False,True,False,False,False,False
UPP1,0.4278333333333334,2846,0,False,False,False,False,False,False
GJC2,0.4275000000000001,2847,0,False,True,False,False,False,False
ENO2,0.4271333333333331,2848,0,False,True,False,False,False,False
TM4SF19,0.427,2849,0,False,True,False,False,False,False
NHLRC4,0.42660000000000003,2850,0,False,False,False,False,False,False
ADGRB2,0.4263333333333332,2851,0,False,False,False,False,False,False
MS4A6A,0.42590000000000017,2852,0,False,True,False,False,False,False
P2RY14,0.4256000000000003,2853,0,False,False,False,False,False,False
SLC25A25,0.42546666666666644,2854,0,False,False,False,False,False,False
STAB2,0.42529999999999984,2855,0,False,False,False,False,False,False
XPNPEP2,0.42476666666666685,2856,0,False,False,False,False,False,False
PDGFRA,0.42450000000000015,2857,0,False,False,False,False,False,False
FANK1,0.4245000000000001,2858,0,False,False,False,False,False,False
SH3RF2,0.42440000000000033,2859,0,False,False,False,False,False,False
SESN1,0.4241333333333336,2860,0,False,False,False,False,False,False
SULT1B1,0.42410000000000037,2861,0,False,False,False,False,False,False
ELFN1,0.4236333333333338,2862,0,False,False,False,False,False,False
IL3RA,0.4234000000000003,2863,0,False,False,False,False,False,False
OSGIN1,0.42310000000000036,2864,0,False,False,False,False,False,False
RASGRP4,0.4230333333333334,2865,0,False,False,False,False,False,False
COL6A1,0.42266666666666663,2866,0,False,False,False,False,False,False
MGAT5B,0.4226333333333332,2867,0,False,False,False,False,False,False
ASRGL1,0.42256666666666676,2868,0,False,False,False,False,False,False
TMEM150C,0.4215666666666668,2869,0,False,False,False,False,False,False
MMP24,0.4214333333333334,2870,0,False,True,False,False,False,False
LPAR6,0.4211,2871,0,False,True,False,False,False,False
ANO3,0.4208,2872,0,False,False,False,False,False,False
WNT3,0.4207333333333333,2873,0,False,False,False,False,False,False
MAP1A,0.420633333333333,2874,0,False,False,False,False,False,False
ZNF117,0.42020000000000013,2875,0,False,False,False,False,False,False
NDUFV2,0.42013333333333347,2876,0,False,False,False,False,False,False
RTN1,0.41966666666666685,2877,0,False,True,False,False,False,False
ITIH2,0.4196000000000002,2878,0,False,False,False,False,False,False
NPIPB2,0.4193333333333333,2879,0,False,False,False,False,False,False
CCRL2,0.41923333333333335,2880,0,False,False,False,False,False,False
MCOLN3,0.41906666666666664,2881,0,False,False,False,False,False,False
ITPRIP,0.41903333333333326,2882,0,False,True,False,False,False,False
TMEM231,0.4186666666666666,2883,0,False,False,False,False,False,False
ARHGAP44,0.4183666666666668,2884,0,False,False,False,False,False,False
XG,0.4182999999999999,2885,0,False,False,False,False,False,False
ST6GAL2,0.4182333333333333,2886,0,False,False,False,False,False,False
MDH1B,0.41813333333333325,2887,0,False,False,False,False,False,False
WASF1,0.418,2888,0,False,False,False,False,False,False
AMIGO2,0.41796666666666693,2889,0,False,False,False,False,False,False
SIGLEC10,0.4179666666666666,2890,0,False,False,False,False,False,False
C11ORF21,0.41769999999999996,2891,0,False,False,False,False,False,False
DPEP2,0.4176666666666668,2892,0,False,False,False,False,False,False
IFI44,0.4175333333333335,2893,0,False,False,False,False,False,False
SLC37A2,0.4174999999999998,2894,0,False,True,False,False,False,False
DNAH3,0.41693333333333343,2895,0,False,True,False,False,False,False
ADORA3,0.41686666666666666,2896,0,False,False,False,False,False,False
IGDCC4,0.41679999999999995,2897,0,False,False,False,False,False,False
NOS2,0.4166999999999996,2898,0,False,True,False,False,False,False
PTGER4,0.41660000000000014,2899,0,False,False,False,False,False,False
CAT,0.41659999999999997,2900,0,False,False,False,False,False,False
HLA-DMB,0.4165333333333335,2901,0,False,True,False,False,False,False
NIBAN3,0.41646666666666665,2902,0,False,False,False,False,False,False
SLC38A5,0.41633333333333356,2903,0,False,False,False,False,False,False
PSPH,0.4163333333333333,2904,0,False,True,False,False,False,False
PDE3A,0.4160666666666663,2905,0,False,False,False,False,False,False
ARRDC4,0.41603333333333326,2906,0,False,False,False,False,False,False
FGF1,0.41600000000000004,2907,1,True,True,False,True,False,False
LCN12,0.4158666666666667,2908,0,False,False,False,False,False,False
KLK1,0.41496666666666676,2909,0,False,False,False,False,False,False
PSORS1C2,0.4147999999999998,2910,0,False,False,False,False,False,False
FAM227A,0.4144666666666667,2911,0,False,False,False,False,False,False
SRCIN1,0.4143666666666666,2912,0,False,False,False,False,False,False
CAMK1D,0.41426666666666684,2913,0,False,False,False,False,False,False
DTHD1,0.4140000000000002,2914,0,False,False,False,False,False,False
PREX2,0.4139000000000002,2915,0,False,False,False,False,False,False
NRCAM,0.41383333333333333,2916,0,False,False,False,False,False,False
NUGGC,0.41373333333333356,2917,0,False,True,False,False,False,False
FANCA,0.4135333333333333,2918,0,False,True,False,False,False,False
ADRA1B,0.4134999999999999,2919,0,False,False,False,False,False,False
ARHGAP6,0.41349999999999987,2920,0,False,True,False,False,False,False
ALDH2,0.41323333333333345,2921,0,False,False,False,False,False,False
PRR18,0.4131333333333335,2922,0,False,True,False,False,False,False
LY6E,0.4130333333333335,2923,0,False,False,False,False,False,False
LUM,0.41303333333333325,2924,0,False,True,False,False,False,False
CLDN16,0.4128999999999999,2925,0,False,True,False,False,False,False
PRUNE2,0.4128333333333334,2926,0,False,False,False,False,False,False
EXOC3L2,0.41273333333333345,2927,0,False,False,False,False,False,False
CIITA,0.4127000000000001,2928,0,False,False,False,False,False,False
TP73,0.4125,2929,0,False,False,False,False,False,False
PLD4,0.4120666666666666,2930,0,False,True,False,False,False,False
RAB42,0.41133333333333344,2931,0,False,False,False,False,False,False
ST6GALNAC2,0.4111666666666667,2932,0,False,False,False,False,False,False
FGF18,0.41113333333333324,2933,0,False,False,False,False,False,False
PPIL6,0.41106666666666636,2934,0,False,True,False,False,False,False
AKT3,0.4110000000000002,2935,0,False,False,False,False,False,False
HTRA1,0.41100000000000014,2936,0,False,True,False,False,False,False
NIBAN1,0.4109,2937,0,False,False,False,False,False,False
RAB7B,0.4108999999999997,2938,0,False,False,False,False,False,False
PIK3R3,0.41063333333333335,2939,0,False,True,False,False,False,False
HBQ1,0.4105999999999999,2940,0,False,False,False,False,False,False
SLC23A1,0.4104999999999998,2941,0,False,False,False,False,False,False
TRIM46,0.4103666666666667,2942,0,False,False,False,False,False,False
PECAM1,0.4103666666666666,2943,0,False,False,False,False,False,False
TMEM47,0.4102999999999996,2944,0,False,False,False,False,False,False
CD209,0.4102666666666667,2945,0,False,False,False,False,False,False
LRP2BP,0.4102333333333334,2946,0,False,True,False,False,False,False
KRT8,0.41016666666666657,2947,0,False,False,False,False,False,False
DNM3,0.41000000000000003,2948,0,False,False,False,False,False,False
HECW2,0.40993333333333337,2949,0,False,False,False,False,False,False
KCNG3,0.40990000000000015,2950,0,False,False,False,False,False,False
TONSL,0.40976666666666695,2951,0,False,True,False,False,False,False
MYO15B,0.4096000000000001,2952,0,False,False,False,False,False,False
RHPN1,0.40956666666666647,2953,0,False,True,False,False,False,False
MNS1,0.40933333333333355,2954,0,False,False,False,False,False,False
TRPV2,0.40889999999999993,2955,0,False,False,False,False,False,False
MRGPRF,0.40876666666666683,2956,0,False,False,False,False,False,False
PTPRU,0.40866666666666646,2957,0,False,False,False,False,False,False
BCL3,0.4085333333333333,2958,0,False,False,False,False,False,False
EFS,0.4079333333333332,2959,0,False,False,False,False,False,False
COL4A2,0.40763333333333307,2960,0,False,False,False,False,False,False
LGALS1,0.40756666666666713,2961,0,False,True,False,False,False,False
CDHR4,0.40756666666666674,2962,0,False,False,False,False,False,False
GPR82,0.40756666666666663,2963,0,False,False,False,False,False,False
RAPGEF4,0.40753333333333314,2964,0,False,False,False,False,False,False
ZEB2,0.40713333333333346,2965,0,False,False,False,False,False,False
SLC22A4,0.4068333333333336,2966,0,False,False,False,False,False,False
TUBB6,0.4068000000000001,2967,0,False,False,False,False,False,False
DEPDC7,0.40663333333333324,2968,0,False,False,False,False,False,False
SMPDL3A,0.4063333333333334,2969,0,False,False,False,False,False,False
CLEC17A,0.4062999999999999,2970,0,False,True,False,False,False,False
MTFR2,0.4061666666666668,2971,0,False,False,False,False,False,False
CCR5,0.40583333333333343,2972,0,False,False,False,False,False,False
DUSP5,0.4056333333333334,2973,0,False,False,False,False,False,False
TMEM233,0.4056333333333334,2973,0,False,False,False,False,False,False
RSPH9,0.40480000000000016,2975,0,False,True,False,False,False,False
PRIMA1,0.40413333333333334,2976,0,False,False,False,False,False,False
ADPRHL1,0.40393333333333314,2977,0,False,True,False,False,False,False
ERBB4,0.4038999999999998,2978,0,False,False,False,False,False,False
COLGALT2,0.40373333333333317,2979,0,False,False,False,False,False,False
ACOXL,0.4036666666666667,2980,0,False,True,False,False,False,False
AMOTL1,0.4036666666666664,2981,0,False,False,False,False,False,False
FRMD6,0.4036000000000002,2982,0,False,False,False,False,False,False
FCRL3,0.4035333333333334,2983,0,False,False,False,False,False,False
C11ORF97,0.40339999999999987,2984,0,False,True,False,False,False,False
EFCAB1,0.40330000000000044,2985,0,False,False,False,False,False,False
IQCD,0.40306666666666674,2986,0,False,False,False,False,False,False
CNR2,0.4029666666666666,2987,0,False,False,False,False,False,False
UNC5A,0.40260000000000007,2988,0,False,False,False,False,False,False
MT-ND5,0.40226666666666683,2989,0,False,False,False,False,False,False
PHEX,0.40226666666666666,2990,0,False,False,False,False,False,False
DENND2A,0.4019999999999999,2991,0,False,True,False,False,False,False
PDE5A,0.40196666666666664,2992,0,False,True,False,False,False,False
XCL1,0.4016666666666664,2993,0,False,False,False,False,False,False
CARMIL2,0.40156666666666674,2994,0,False,False,False,False,False,False
CFAP300,0.40110000000000023,2995,0,False,False,False,False,False,False
SORBS1,0.40093333333333336,2996,0,False,False,False,False,False,False
OAS2,0.4005666666666664,2997,0,False,False,False,False,False,False
CFAP73,0.4004000000000002,2998,0,False,False,False,False,False,False
SLC18A2,0.4003666666666668,2999,0,False,False,False,False,False,False
MX1,0.40036666666666626,3000,0,False,False,False,False,False,False
PCDHGB5,0.4000999999999998,3001,0,False,False,False,False,False,False
SGK1,0.39990000000000003,3002,0,False,False,False,False,False,False
NBL1,0.3997999999999996,3003,0,False,False,False,False,False,False
ANO4,0.39966666666666656,3004,0,False,False,False,False,False,False
CFAP77,0.3994333333333332,3005,0,False,False,False,False,False,False
ENPP2,0.3993999999999998,3006,0,False,True,False,False,False,False
ASGR2,0.39900000000000024,3007,0,False,True,False,False,False,False
TNFSF14,0.39900000000000013,3008,0,False,True,False,False,False,False
PARP15,0.3987666666666668,3009,0,False,False,False,False,False,False
SLC4A5,0.3986000000000002,3010,0,False,True,False,False,False,False
IQGAP2,0.39859999999999973,3011,0,False,False,False,False,False,False
SCN2B,0.39856666666666685,3012,0,False,False,False,False,False,False
RGN,0.3985000000000002,3013,0,False,False,False,False,False,False
PDLIM2,0.39843333333333336,3014,0,False,False,False,False,False,False
AASS,0.3984,3015,0,False,True,False,False,False,False
PPP1R1A,0.39839999999999975,3016,0,False,True,False,False,False,False
PTPN22,0.3982666666666666,3017,0,False,False,False,False,False,False
ICOS,0.39826666666666655,3018,0,False,False,False,False,False,False
PLEKHA4,0.39820000000000005,3019,0,False,False,False,False,False,False
TSPAN19,0.3978333333333331,3020,0,False,False,False,False,False,False
IL18RAP,0.3976333333333332,3021,0,False,False,False,False,False,False
SELPLG,0.39753333333333335,3022,0,False,False,False,False,False,False
SIGLEC9,0.3974,3023,0,False,True,False,False,False,False
ASCL5,0.39713333333333334,3024,0,False,False,False,False,False,False
CAVIN1,0.3970666666666664,3025,0,False,False,False,False,False,False
CAPN12,0.3968000000000002,3026,0,False,False,False,False,False,False
PKHD1L1,0.39673333333333327,3027,0,False,False,False,False,False,False
EPHX2,0.3965666666666666,3028,0,False,False,False,False,False,False
CFAP52,0.39620000000000016,3029,0,False,False,False,False,False,False
GDF7,0.3959333333333332,3030,0,False,True,False,False,False,False
TUBA4A,0.3958666666666668,3031,0,False,False,False,False,False,False
PRTFDC1,0.39579999999999993,3032,0,False,False,False,False,False,False
COBL,0.3956333333333331,3033,0,False,True,False,False,False,False
FILIP1,0.39539999999999975,3034,0,False,False,False,False,False,False
CCDC173,0.39533333333333354,3035,0,False,False,False,False,False,False
TENM1,0.39506666666666684,3036,0,False,False,False,False,False,False
PDE3B,0.39496666666666636,3037,0,False,False,False,False,False,False
STAC2,0.3949333333333336,3038,0,False,False,False,False,False,False
NPFFR1,0.3949333333333335,3039,0,False,True,False,False,False,False
TRIM16L,0.3947333333333332,3040,0,False,True,False,False,False,False
CCR2,0.39466666666666683,3041,0,False,False,False,False,False,False
ANKRD36C,0.3946000000000002,3042,0,False,False,False,False,False,False
CLTRN,0.3945333333333334,3043,0,False,False,False,False,False,False
RIPOR2,0.39443333333333336,3044,0,False,False,False,False,False,False
C17ORF50,0.39426666666666654,3045,0,False,False,False,False,False,False
AKR1B1,0.3939999999999999,3046,0,False,True,False,False,False,False
SCAMP5,0.3939999999999998,3047,0,False,False,False,False,False,False
TENT5C,0.39389999999999986,3048,0,False,False,False,False,False,False
DNAJB13,0.3936666666666668,3049,0,False,False,False,False,False,False
SECISBP2L,0.3935999999999998,3050,0,False,True,False,False,False,False
LMCD1,0.3935666666666664,3051,0,False,False,False,False,False,False
CXCR6,0.39343333333333336,3052,0,False,False,False,False,False,False
GSDMB,0.39306666666666656,3053,0,False,False,False,False,False,False
JUNB,0.3928333333333334,3054,0,False,False,False,False,False,False
CCDC114,0.3928000000000002,3055,0,False,False,False,False,False,False
DUSP8,0.3926999999999999,3056,0,False,False,False,False,False,False
AFAP1L2,0.3926333333333332,3057,0,False,False,False,False,False,False
CD28,0.39229999999999987,3058,0,False,True,False,False,False,False
DMKN,0.39189999999999997,3059,0,False,False,False,False,False,False
NCR3LG1,0.39173333333333343,3060,0,False,False,False,False,False,False
C1GALT1C1L,0.3916333333333335,3061,0,False,True,False,False,False,False
FAM81A,0.3916333333333329,3062,0,False,False,False,False,False,False
CLDN4,0.3915333333333336,3063,0,False,False,False,False,False,False
CSDC2,0.3913666666666666,3064,0,False,False,False,False,False,False
GSTA4,0.39136666666666653,3065,0,False,True,False,False,False,False
GJC3,0.3911,3066,0,False,False,False,False,False,False
STOX1,0.3905666666666665,3067,0,False,False,False,False,False,False
AZU1,0.39050000000000007,3068,0,False,False,False,False,False,False
ZMAT1,0.39040000000000025,3069,0,False,True,False,False,False,False
TTLL6,0.3904,3070,0,False,False,False,False,False,False
GPR174,0.3899666666666665,3071,0,False,False,False,False,False,False
NTNG2,0.3897333333333332,3072,0,False,False,False,False,False,False
RPP40,0.38970000000000005,3073,0,False,True,False,False,False,False
CDON,0.38970000000000005,3073,0,False,False,False,False,False,False
ELF3,0.3895,3075,0,False,False,False,False,False,False
ZNF704,0.38949999999999996,3076,0,False,True,False,False,False,False
RAB39A,0.3894666666666665,3077,0,False,False,False,False,False,False
ADCY1,0.3894666666666664,3078,0,False,True,False,False,False,False
WDFY4,0.3891333333333335,3079,0,False,False,False,False,False,False
UBASH3B,0.38873333333333343,3080,0,False,False,False,False,False,False
ANXA1,0.38846666666666624,3081,0,False,False,False,False,False,False
TTC25,0.3883000000000001,3082,0,False,False,False,False,False,False
EFR3B,0.3881333333333333,3083,0,False,True,False,False,False,False
SLC4A3,0.38750000000000007,3084,0,False,True,False,False,False,False
FOXF2,0.38713333333333344,3085,0,False,True,False,False,False,False
GAPDH,0.3869666666666666,3086,0,False,False,False,False,False,False
LRRC18,0.38689999999999997,3087,0,False,True,False,False,False,False
DYSF,0.3868000000000002,3088,0,False,False,False,False,False,False
RHD,0.38670000000000015,3089,0,False,False,False,False,False,False
SH3BGRL2,0.3861999999999999,3090,0,False,True,False,False,False,False
GDF5,0.38596666666666635,3091,0,False,False,False,False,False,False
DCHS1,0.3857999999999997,3092,0,False,False,False,False,False,False
KLHL6,0.3856666666666669,3093,0,False,True,False,False,False,False
MRC2,0.3855666666666667,3094,0,False,False,False,False,False,False
LRRIQ1,0.38546666666666657,3095,0,False,True,False,False,False,False
MRGPRE,0.38520000000000026,3096,0,False,True,False,False,False,False
WNT5A,0.38520000000000004,3097,0,False,False,False,False,False,False
FCGR2B,0.38493333333333335,3098,0,False,False,False,False,False,False
ATP1B2,0.3844999999999999,3099,0,False,False,False,False,False,False
PCDHB11,0.38433333333333325,3100,0,False,False,False,False,False,False
MYOCD,0.38426666666666665,3101,0,False,False,False,False,False,False
PTPRM,0.3842666666666666,3102,0,False,True,False,False,False,False
GPR3,0.3838666666666666,3103,0,False,False,False,False,False,False
GPR18,0.3837000000000002,3104,0,False,True,False,False,False,False
SLC7A7,0.3836333333333333,3105,0,False,False,False,False,False,False
NRARP,0.3835666666666666,3106,0,False,False,False,False,False,False
REM1,0.3835666666666663,3107,0,False,False,False,False,False,False
TAS1R3,0.3835333333333332,3108,0,False,False,False,False,False,False
WARS1,0.38346666666666646,3109,0,False,True,False,False,False,False
APOL3,0.38343333333333346,3110,0,False,True,False,False,False,False
SNX25,0.3833000000000002,3111,0,False,False,False,False,False,False
A4GALT,0.38319999999999993,3112,0,False,True,False,False,False,False
SEMA3D,0.38316666666666666,3113,0,False,False,False,False,False,False
ADAM33,0.3831666666666666,3114,0,False,False,False,False,False,False
ACTA1,0.3827,3115,0,False,True,False,False,False,False
RGS2,0.3824666666666666,3116,0,False,False,False,False,False,False
NANOS1,0.3823666666666669,3117,0,False,True,False,False,False,False
HSPG2,0.38226666666666664,3118,0,False,False,False,False,False,False
RAB38,0.3822333333333333,3119,0,False,False,False,False,False,False
ADAM19,0.3822333333333332,3120,0,False,False,False,False,False,False
UGT2B4,0.3819999999999997,3121,0,False,False,False,False,False,False
BOP1,0.38180000000000014,3122,0,False,False,False,False,False,False
PHYHIP,0.38163333333333344,3123,0,False,False,False,False,False,False
TFEC,0.3815999999999997,3124,0,False,False,False,False,False,False
MDM2,0.38133333333333347,3125,0,False,False,False,False,False,False
PDE1C,0.3812666666666668,3126,0,False,True,False,False,False,False
PLCD3,0.3812333333333333,3127,0,False,True,False,False,False,False
GPR162,0.38123333333333326,3128,0,False,False,False,False,False,False
SLFN13,0.3809999999999999,3129,0,False,False,False,False,False,False
SGMS2,0.38066666666666676,3130,0,False,False,False,False,False,False
TIGD3,0.3805000000000003,3131,0,False,False,False,False,False,False
CFAP43,0.3802333333333333,3132,0,False,False,False,False,False,False
TMEM238,0.38010000000000005,3133,0,False,False,False,False,False,False
POU5F1,0.37999999999999984,3134,0,False,False,False,False,False,False
TEPP,0.37996666666666656,3135,0,False,False,False,False,False,False
SCIMP,0.3797333333333334,3136,0,False,False,False,False,False,False
GPR25,0.37933333333333313,3137,0,False,False,False,False,False,False
KLHL32,0.37910000000000027,3138,0,False,False,False,False,False,False
AC013470.2,0.37906666666666666,3139,0,False,False,False,False,False,False
SYNE3,0.37840000000000007,3140,0,False,False,False,False,False,False
SCO2,0.3782333333333332,3141,0,False,True,False,False,False,False
ASIC1,0.37816666666666665,3142,0,False,False,False,False,False,False
ARG2,0.37816666666666665,3142,0,False,False,False,False,False,False
STARD9,0.37806666666666655,3144,0,False,False,False,False,False,False
PTGER2,0.3780333333333334,3145,0,False,False,False,False,False,False
SPARC,0.3777333333333331,3146,0,False,False,False,False,False,False
FAM83E,0.3775333333333333,3147,0,False,False,False,False,False,False
RBMS3,0.3775333333333331,3148,0,False,False,False,False,False,False
ITGA1,0.3773666666666666,3149,0,False,False,False,False,False,False
ANKRD45,0.3770666666666665,3150,0,False,False,False,False,False,False
PACRG,0.3769666666666669,3151,0,False,False,False,False,False,False
GNPNAT1,0.37656666666666666,3152,0,False,False,False,False,False,False
LILRB3,0.37650000000000006,3153,0,False,False,False,False,False,False
RORC,0.3762,3154,0,False,False,False,False,False,False
C1ORF21,0.3761000000000002,3155,0,False,False,False,False,False,False
TFRC,0.3760333333333334,3156,0,False,False,False,False,False,False
SAMD14,0.3758333333333333,3157,0,False,True,False,False,False,False
CHST13,0.37570000000000003,3158,0,False,False,False,False,False,False
HOATZ,0.3756333333333334,3159,0,False,False,False,False,False,False
FLI1,0.375566666666667,3160,0,False,False,False,False,False,False
RPS26,0.37556666666666655,3161,0,False,False,False,False,False,False
HUNK,0.37546666666666667,3162,0,False,True,False,False,False,False
MOXD1,0.37519999999999987,3163,0,False,False,False,False,False,False
SPATA17,0.37506666666666677,3164,0,False,False,False,False,False,False
SAMD4A,0.37489999999999984,3165,0,False,False,False,False,False,False
TMEM255A,0.37470000000000003,3166,0,False,False,False,False,False,False
ADRA2B,0.3746999999999999,3167,0,False,False,False,False,False,False
NFIX,0.37469999999999976,3168,0,False,True,False,False,False,False
SLC22A17,0.37436666666666657,3169,0,False,False,False,False,False,False
ITGAD,0.37433333333333324,3170,0,False,False,False,False,False,False
AMPD1,0.37423333333333325,3171,0,False,False,False,False,False,False
PARD6B,0.37416666666666654,3172,0,False,True,False,False,False,False
LAMB1,0.37406666666666666,3173,0,False,False,False,False,False,False
ARHGEF4,0.3736999999999998,3174,0,False,False,False,False,False,False
C6ORF118,0.3736000000000001,3175,0,False,False,False,False,False,False
MFNG,0.3732999999999999,3176,0,False,False,False,False,False,False
AC055839.2,0.3730999999999999,3177,0,False,False,False,False,False,False
KLF6,0.37306666666666677,3178,0,False,False,False,False,False,False
ID3,0.37306666666666627,3179,0,False,True,False,False,False,False
ARHGAP29,0.3727333333333333,3180,0,False,False,False,False,False,False
OIT3,0.37250000000000016,3181,0,False,False,False,False,False,False
KLRC1,0.37226666666666675,3182,0,False,False,False,False,False,False
MVB12B,0.3721999999999999,3183,0,False,True,False,False,False,False
TACSTD2,0.37206666666666666,3184,0,False,True,False,False,False,False
LHFPL6,0.3715000000000001,3185,0,False,False,False,False,False,False
PPP1R32,0.37143333333333295,3186,0,False,False,False,False,False,False
CORO1A,0.3711333333333333,3187,0,False,False,False,False,False,False
MEST,0.3711333333333331,3188,0,False,False,False,False,False,False
CARD16,0.3710333333333336,3189,0,False,True,False,False,False,False
ANKRD33B,0.3708333333333333,3190,0,False,False,False,False,False,False
GPR143,0.37079999999999985,3191,0,False,False,False,False,False,False
LRRC55,0.37076666666666647,3192,0,False,False,False,False,False,False
LRRC23,0.3706333333333335,3193,0,False,True,False,False,False,False
PAICS,0.3702999999999998,3194,0,False,False,False,False,False,False
VSIG10L,0.37026666666666697,3195,0,False,True,False,False,False,False
RELN,0.3701666666666668,3196,0,False,False,False,False,False,False
RFC4,0.3696999999999996,3197,0,False,False,False,False,False,False
FCGR1A,0.3696000000000001,3198,0,False,False,False,False,False,False
TNFRSF10C,0.36936666666666634,3199,0,False,False,False,False,False,False
HACD1,0.36926666666666663,3200,0,False,True,False,False,False,False
TBX5,0.36886666666666656,3201,0,False,True,False,False,False,False
HS3ST6,0.36883333333333346,3202,0,False,False,False,False,False,False
TNFSF18,0.36876666666666663,3203,0,False,False,False,False,False,False
CD163L1,0.3684333333333335,3204,0,False,False,False,False,False,False
SLC15A3,0.36833333333333357,3205,0,False,False,False,False,False,False
ZNF366,0.3683333333333333,3206,0,False,False,False,False,False,False
PEAK1,0.36820000000000014,3207,0,False,False,False,False,False,False
SCNN1A,0.36779999999999985,3208,0,False,False,False,False,False,False
TLR4,0.3676666666666663,3209,0,False,False,False,False,False,False
ANTXR1,0.3675666666666669,3210,0,False,False,False,False,False,False
MAK,0.36743333333333333,3211,0,False,True,False,False,False,False
ADGRE5,0.3672999999999997,3212,0,False,False,False,False,False,False
BDKRB2,0.36673333333333313,3213,0,False,True,False,False,False,False
CCDC69,0.3666666666666664,3214,0,False,False,False,False,False,False
KCNJ8,0.3661999999999998,3215,0,False,True,False,False,False,False
DNAI1,0.3652666666666668,3216,0,False,False,False,False,False,False
DNAAF3,0.3652666666666665,3217,0,False,False,False,False,False,False
HACD4,0.36509999999999976,3218,0,False,True,False,False,False,False
DDO,0.36483333333333334,3219,0,False,False,False,False,False,False
HOXD1,0.36476666666666685,3220,0,False,False,False,False,False,False
LRRC71,0.36469999999999975,3221,0,False,False,False,False,False,False
SLC27A3,0.3645666666666668,3222,0,False,False,False,False,False,False
EMP1,0.3640666666666666,3223,0,False,False,False,False,False,False
ADAMTS5,0.36386666666666656,3224,0,False,False,False,False,False,False
VAX2,0.3637666666666669,3225,0,False,True,False,False,False,False
CSF2RB,0.36370000000000013,3226,0,False,False,False,False,False,False
CCNE2,0.3636333333333331,3227,1,True,True,False,True,False,False
TSC22D3,0.3635333333333336,3228,0,False,True,False,False,False,False
FXYD6,0.3634333333333333,3229,0,False,False,False,False,False,False
ASAP2,0.3631666666666665,3230,0,False,False,False,False,False,False
ATP2A3,0.3629000000000002,3231,0,False,False,False,False,False,False
OSR1,0.36289999999999994,3232,0,False,True,False,False,False,False
GPRIN3,0.3628333333333332,3233,0,False,False,False,False,False,False
STAG3,0.36266666666666686,3234,0,False,True,False,False,False,False
EYA1,0.36266666666666664,3235,0,False,True,False,False,False,False
EBI3,0.3626333333333334,3236,0,False,False,False,False,False,False
TMEM177,0.36230000000000007,3237,0,False,False,False,False,False,False
RGS5,0.36226666666666685,3238,0,False,False,False,False,False,False
SH3PXD2B,0.36196666666666694,3239,0,False,False,False,False,False,False
PHACTR1,0.3619000000000001,3240,0,False,False,False,False,False,False
TNFAIP8L2,0.36186666666666667,3241,0,False,False,False,False,False,False
CCDC89,0.3617000000000002,3242,0,False,False,False,False,False,False
PTPRT,0.3616666666666667,3243,0,False,False,False,False,False,False
OPLAH,0.3614666666666668,3244,0,False,False,False,False,False,False
LRRC4B,0.36143333333333333,3245,0,False,False,False,False,False,False
ATP1B1,0.3613666666666668,3246,0,False,True,False,False,False,False
ZFP69B,0.3611999999999997,3247,0,False,False,False,False,False,False
ACACB,0.3611333333333329,3248,0,False,False,False,False,False,False
STAP1,0.36100000000000004,3249,0,False,False,False,False,False,False
ANKDD1B,0.3608999999999999,3250,0,False,False,False,False,False,False
GPBAR1,0.3606,3251,0,False,False,False,False,False,False
ACSL5,0.36049999999999993,3252,0,False,False,False,False,False,False
RIBC1,0.36040000000000005,3253,0,False,False,False,False,False,False
PCDHB2,0.3603999999999999,3254,0,False,False,False,False,False,False
DOC2A,0.3600333333333332,3255,0,False,False,False,False,False,False
PLIN4,0.3599333333333334,3256,0,False,False,False,False,False,False
H2BC21,0.35993333333333316,3257,0,False,False,False,False,False,False
ZNF257,0.3598666666666667,3258,0,False,True,False,False,False,False
DNAI2,0.35986666666666633,3259,0,False,False,False,False,False,False
PRR7,0.3598333333333334,3260,0,False,False,False,False,False,False
LRRC73,0.35960000000000014,3261,0,False,True,False,False,False,False
TCTEX1D1,0.3595333333333335,3262,0,False,False,False,False,False,False
MALRD1,0.35940000000000005,3263,0,False,True,False,False,False,False
VWA3B,0.35939999999999994,3264,0,False,False,False,False,False,False
CCDC146,0.35919999999999985,3265,0,False,False,False,False,False,False
RORB,0.3590666666666668,3266,0,False,False,False,False,False,False
SOWAHD,0.35879999999999995,3267,0,False,False,False,False,False,False
NRROS,0.35850000000000015,3268,0,False,False,False,False,False,False
SSTR2,0.35783333333333367,3269,0,False,False,False,False,False,False
ALDH1A3,0.3578333333333334,3270,0,False,False,False,False,False,False
FAM86B1,0.35749999999999993,3271,0,False,False,False,False,False,False
DOCK11,0.35746666666666616,3272,0,False,True,False,False,False,False
DOCK4,0.3573999999999997,3273,0,False,False,False,False,False,False
ERVMER34-1,0.3573000000000002,3274,0,False,False,False,False,False,False
CCDC85B,0.3571000000000001,3275,0,False,False,False,False,False,False
FLT4,0.35696666666666677,3276,0,False,False,False,False,False,False
MYH10,0.3568333333333331,3277,0,False,False,False,False,False,False
ZNF853,0.3567333333333335,3278,0,False,True,False,False,False,False
ERICH3,0.35669999999999974,3279,0,False,False,False,False,False,False
IL6R,0.35663333333333336,3280,0,False,False,False,False,False,False
MMP25,0.3565333333333332,3281,0,False,False,False,False,False,False
NPDC1,0.3563333333333332,3282,0,False,False,False,False,False,False
TMEM190,0.3560333333333332,3283,0,False,False,False,False,False,False
EVI2A,0.3554666666666668,3284,0,False,False,False,False,False,False
GRB14,0.35536666666666666,3285,0,False,False,False,False,False,False
EIF3CL,0.35536666666666655,3286,0,False,False,False,False,False,False
PLP2,0.35529999999999995,3287,0,False,False,False,False,False,False
CBX7,0.3552000000000001,3288,0,False,False,False,False,False,False
SEC11C,0.35513333333333325,3289,0,False,False,False,False,False,False
S100A6,0.3548999999999998,3290,0,False,False,False,False,False,False
ZNF90,0.35483333333333344,3291,0,False,False,False,False,False,False
RIMS4,0.35449999999999976,3292,0,False,False,False,False,False,False
USP44,0.35436666666666666,3293,0,False,False,False,False,False,False
WDR49,0.35413333333333324,3294,0,False,False,False,False,False,False
ATF5,0.3541000000000001,3295,0,False,False,False,False,False,False
SLFN11,0.35396666666666643,3296,0,False,False,False,False,False,False
BTLA,0.35393333333333327,3297,0,False,False,False,False,False,False
GATM,0.3539333333333332,3298,0,False,False,False,False,False,False
DEFB131B,0.3539333333333331,3299,0,False,False,False,False,False,False
ST8SIA4,0.3539,3300,0,False,False,False,False,False,False
IRS1,0.35386666666666655,3301,0,False,False,False,False,False,False
C1QL3,0.3535000000000002,3302,0,False,False,False,False,False,False
TRAT1,0.35336666666666705,3303,0,False,False,False,False,False,False
PDK1,0.35336666666666694,3304,0,False,False,False,False,False,False
KIAA1549,0.35323333333333345,3305,0,False,False,False,False,False,False
ENPEP,0.35306666666666664,3306,0,False,False,False,False,False,False
FIGNL1,0.3528666666666668,3307,0,False,False,False,False,False,False
TTC29,0.3525666666666665,3308,0,False,False,False,False,False,False
SLC1A3,0.3524666666666666,3309,0,False,False,False,False,False,False
IER2,0.35243333333333315,3310,0,False,False,False,False,False,False
RHOJ,0.3523000000000001,3311,0,False,True,False,False,False,False
KCNE1,0.35229999999999956,3312,0,False,True,False,False,False,False
PWWP3B,0.35206666666666653,3313,0,False,True,False,False,False,False
CGN,0.35170000000000007,3314,0,False,False,False,False,False,False
NEO1,0.35150000000000003,3315,0,False,False,False,False,False,False
SMN2,0.3513666666666666,3316,0,False,False,False,False,False,False
KIF17,0.3509999999999999,3317,0,False,False,False,False,False,False
CD7,0.35080000000000017,3318,0,False,False,False,False,False,False
LMO7,0.35079999999999995,3319,0,False,False,False,False,False,False
FAM155A,0.3506666666666666,3320,0,False,False,False,False,False,False
DEUP1,0.35059999999999997,3321,0,False,False,False,False,False,False
ADGRG2,0.35043333333333315,3322,0,False,False,False,False,False,False
NPTXR,0.35043333333333304,3323,0,False,False,False,False,False,False
C17ORF97,0.3502000000000001,3324,0,False,False,False,False,False,False
GABBR1,0.3501666666666667,3325,0,False,True,False,False,False,False
MAFF,0.3501000000000001,3326,0,False,False,False,False,False,False
MYH15,0.35006666666666664,3327,0,False,False,False,False,False,False
ITGA9,0.3497666666666669,3328,0,False,False,False,False,False,False
MSX1,0.3497333333333332,3329,0,False,False,False,False,False,False
HLA-DMA,0.3497000000000002,3330,0,False,False,False,False,False,False
DAPK1,0.3494333333333334,3331,0,False,False,False,False,False,False
ENPP5,0.34933333333333316,3332,0,False,False,False,False,False,False
SUSD5,0.3492333333333333,3333,0,False,False,False,False,False,False
RSRP1,0.34893333333333354,3334,0,False,True,False,False,False,False
FAT4,0.3487666666666668,3335,0,False,False,False,False,False,False
HCST,0.3486666666666668,3336,0,False,False,False,False,False,False
JPT1,0.34856666666666664,3337,0,False,False,False,False,False,False
CERS4,0.3483999999999998,3338,0,False,False,False,False,False,False
AR,0.3483666666666668,3339,0,False,False,False,False,False,False
CRACDL,0.3483333333333334,3340,0,False,False,False,False,False,False
ASB4,0.3483333333333332,3341,0,False,False,False,False,False,False
LRFN4,0.3482000000000001,3342,0,False,False,False,False,False,False
DYRK3,0.34819999999999995,3343,0,False,False,False,False,False,False
PAX8,0.34799999999999986,3344,0,False,False,False,False,False,False
MYCBPAP,0.3476666666666668,3345,0,False,False,False,False,False,False
KCNJ2,0.34749999999999986,3346,0,False,False,False,False,False,False
LRP8,0.34710000000000013,3347,0,False,False,False,False,False,False
CYP2J2,0.3470666666666668,3348,0,False,False,False,False,False,False
H2BC12,0.34659999999999985,3349,0,False,True,False,False,False,False
GLIPR1,0.3464333333333334,3350,0,False,False,False,False,False,False
JUND,0.346366666666667,3351,0,False,False,False,False,False,False
RAB37,0.3461999999999997,3352,0,False,False,False,False,False,False
ADSS1,0.3461666666666667,3353,0,False,False,False,False,False,False
RIMKLA,0.3459999999999999,3354,0,False,False,False,False,False,False
APBB1,0.3459666666666669,3355,0,False,False,False,False,False,False
HMCN2,0.3459333333333334,3356,0,False,False,False,False,False,False
NLN,0.3458666666666669,3357,0,False,False,False,False,False,False
PPP1R14B,0.34566666666666657,3358,0,False,False,False,False,False,False
VSNL1,0.3455666666666665,3359,0,False,False,False,False,False,False
PLXDC2,0.3445999999999998,3360,0,False,True,False,False,False,False
ABCA9,0.34453333333333314,3361,0,False,True,False,False,False,False
RBM24,0.3442666666666668,3362,0,False,False,False,False,False,False
POU2F2,0.3442333333333334,3363,0,False,True,False,False,False,False
RYR1,0.3439666666666664,3364,0,False,False,False,False,False,False
NUAK1,0.3438333333333334,3365,0,False,True,False,False,False,False
CD53,0.34356666666666674,3366,0,False,False,False,False,False,False
DMD,0.3434666666666667,3367,0,False,False,False,False,False,False
NME2,0.3434333333333334,3368,0,False,False,False,False,False,False
UTRN,0.3434333333333331,3369,0,False,True,False,False,False,False
MT-ATP8,0.34316666666666673,3370,0,False,False,False,False,False,False
AK8,0.3430666666666666,3371,0,False,False,False,False,False,False
MATK,0.3430333333333335,3372,0,False,False,False,False,False,False
CCDC96,0.3429333333333333,3373,0,False,True,False,False,False,False
CLCNKB,0.3428666666666666,3374,0,False,True,False,False,False,False
CLEC4F,0.34283333333333355,3375,0,False,False,False,False,False,False
RCAN1,0.34259999999999996,3376,0,False,False,False,False,False,False
IL24,0.3425999999999999,3377,0,False,True,False,False,False,False
TNFSF9,0.34236666666666654,3378,0,False,True,False,False,False,False
KLRB1,0.34236666666666654,3378,0,False,False,False,False,False,False
LSAMP,0.3423666666666665,3380,0,False,True,False,False,False,False
CCDC60,0.3421333333333331,3381,0,False,False,False,False,False,False
SLC9A7,0.34210000000000007,3382,0,False,False,False,False,False,False
LAMA2,0.3417666666666668,3383,0,False,True,False,False,False,False
PCDHGC3,0.34163333333333323,3384,0,False,False,False,False,False,False
GYPC,0.3415000000000001,3385,0,False,False,False,False,False,False
TUB,0.34123333333333355,3386,0,False,False,False,False,False,False
B3GNT5,0.3412000000000001,3387,0,False,False,False,False,False,False
SPACA9,0.3411666666666667,3388,0,False,False,False,False,False,False
LYPD5,0.3407999999999999,3389,0,False,True,False,False,False,False
NLRP12,0.34059999999999985,3390,0,False,True,False,False,False,False
XK,0.3403000000000003,3391,0,False,True,False,False,False,False
CD34,0.34026666666666655,3392,0,False,False,False,False,False,False
TRPM2,0.3401333333333335,3393,0,False,False,False,False,False,False
TLL1,0.34009999999999996,3394,0,False,False,False,False,False,False
SV2B,0.3397333333333335,3395,0,False,False,False,False,False,False
GPC1,0.33973333333333333,3396,0,False,False,False,False,False,False
CCL28,0.33969999999999995,3397,0,False,False,False,False,False,False
CARNS1,0.33926666666666655,3398,0,False,False,False,False,False,False
RAB11FIP1,0.33910000000000023,3399,0,False,True,False,False,False,False
CEBPD,0.33846666666666647,3400,0,False,False,False,False,False,False
GPR156,0.33840000000000015,3401,0,False,False,False,False,False,False
SYN3,0.3382666666666666,3402,0,False,False,False,False,False,False
C6ORF52,0.3379333333333332,3403,0,False,False,False,False,False,False
SRPK1,0.3376000000000002,3404,0,False,True,False,False,False,False
EHD2,0.3374333333333333,3405,0,False,False,False,False,False,False
DNAI4,0.33730000000000004,3406,0,False,False,False,False,False,False
CLEC2D,0.3371333333333335,3407,0,False,True,False,False,False,False
GLT1D1,0.33680000000000004,3408,0,False,False,False,False,False,False
ZBBX,0.33666666666666684,3409,0,False,False,False,False,False,False
DNAAF1,0.3366333333333333,3410,0,False,False,False,False,False,False
PSRC1,0.33659999999999995,3411,0,False,True,False,False,False,False
ARHGEF16,0.3364999999999998,3412,0,False,False,False,False,False,False
JAM3,0.33636666666666676,3413,0,False,False,False,False,False,False
RGS13,0.33636666666666654,3414,0,False,False,False,False,False,False
ECT2L,0.3360666666666665,3415,0,False,False,False,False,False,False
AXL,0.33593333333333336,3416,0,False,True,False,False,False,False
CD37,0.3359333333333333,3417,0,False,False,False,False,False,False
SPAG17,0.33580000000000004,3418,0,False,False,False,False,False,False
CDC20B,0.33570000000000005,3419,0,False,False,False,False,False,False
SLC5A3,0.3356333333333335,3420,0,False,True,False,False,False,False
PPL,0.3352333333333334,3421,0,False,True,False,False,False,False
ZNF454,0.33519999999999994,3422,0,False,False,False,False,False,False
DMRT2,0.3350666666666664,3423,0,False,False,False,False,False,False
GPRC5B,0.335033333333333,3424,0,False,False,False,False,False,False
VWA3A,0.33473333333333327,3425,0,False,False,False,False,False,False
DYNC1I1,0.33469999999999994,3426,0,False,True,False,False,False,False
PYGL,0.33453333333333346,3427,0,False,False,False,False,False,False
OCA2,0.3343333333333333,3428,0,False,False,False,False,False,False
MTARC2,0.3339666666666666,3429,0,False,False,False,False,False,False
NEXMIF,0.3338333333333333,3430,0,False,False,False,False,False,False
ST6GALNAC4,0.3336333333333333,3431,0,False,True,False,False,False,False
ZMYND15,0.33343333333333347,3432,0,False,False,False,False,False,False
RERG,0.33343333333333336,3433,0,False,True,False,False,False,False
OLFML1,0.33286666666666676,3434,0,False,True,False,False,False,False
OR2A7,0.3327999999999997,3435,0,False,False,False,False,False,False
GAL3ST1,0.3321333333333332,3436,0,False,True,False,False,False,False
SLC52A1,0.33210000000000006,3437,0,False,False,False,False,False,False
CFAP157,0.3319333333333333,3438,0,False,True,False,False,False,False
MYLK,0.33183333333333326,3439,0,False,False,False,False,False,False
SPTBN1,0.3317000000000003,3440,0,False,False,False,False,False,False
BTK,0.33110000000000006,3441,0,False,False,False,False,False,False
APOBEC4,0.3310666666666666,3442,0,False,True,False,False,False,False
DCLK1,0.3308666666666668,3443,0,False,False,False,False,False,False
TNFAIP8L3,0.33083333333333337,3444,0,False,True,False,False,False,False
FTL,0.3308333333333333,3445,0,False,False,False,False,False,False
RAET1G,0.33059999999999995,3446,0,False,False,False,False,False,False
TGFBR2,0.330533333333333,3447,0,False,True,False,False,False,False
ITGA2B,0.3304000000000003,3448,0,False,False,False,False,False,False
TNS2,0.33036666666666653,3449,0,False,True,False,False,False,False
AXIN2,0.33033333333333315,3450,0,False,True,False,False,False,False
SDK1,0.33026666666666643,3451,0,False,False,False,False,False,False
SDSL,0.3301333333333333,3452,0,False,False,False,False,False,False
CNGA4,0.330066666666667,3453,0,False,True,False,False,False,False
ILDR2,0.33003333333333335,3454,0,False,False,False,False,False,False
SCN1A,0.3298999999999999,3455,0,False,False,False,False,False,False
P2RX1,0.32980000000000004,3456,0,False,False,False,False,False,False
CAB39L,0.3297000000000001,3457,0,False,True,False,False,False,False
FEN1,0.32919999999999994,3458,0,False,False,False,False,False,False
FZD2,0.32913333333333356,3459,0,False,False,False,False,False,False
CSF2RA,0.3290333333333332,3460,0,False,False,False,False,False,False
AOAH,0.3289333333333335,3461,0,False,False,False,False,False,False
EML1,0.3289333333333333,3462,0,False,False,False,False,False,False
S100A10,0.32876666666666665,3463,0,False,False,False,False,False,False
RASGRP2,0.32863333333333355,3464,0,False,False,False,False,False,False
MKRN2OS,0.3284666666666665,3465,0,False,False,False,False,False,False
ST6GALNAC3,0.32836666666666675,3466,0,False,False,False,False,False,False
RCAN2,0.32816666666666666,3467,0,False,True,False,False,False,False
ECM2,0.3280666666666668,3468,0,False,True,False,False,False,False
PBX1,0.3279666666666664,3469,0,False,False,False,False,False,False
NOTCH3,0.3278333333333334,3470,0,False,False,False,False,False,False
ZNF474,0.32769999999999994,3471,0,False,False,False,False,False,False
GCAT,0.32750000000000007,3472,0,False,False,False,False,False,False
TRIM6,0.32736666666666653,3473,0,False,False,False,False,False,False
DIPK1B,0.3273000000000001,3474,0,False,False,False,False,False,False
PPM1H,0.327,3475,0,False,False,False,False,False,False
ITK,0.32696666666666646,3476,0,False,False,False,False,False,False
RSPH14,0.32693333333333335,3477,0,False,False,False,False,False,False
C1ORF87,0.3265666666666663,3478,0,False,True,False,False,False,False
TJP3,0.32643333333333335,3479,0,False,False,False,False,False,False
PTGS1,0.3261333333333335,3480,0,False,False,False,False,False,False
GGCT,0.32606666666666667,3481,0,False,False,False,False,False,False
GCNA,0.3257666666666666,3482,0,False,False,False,False,False,False
EVPL,0.3252666666666666,3483,0,False,False,False,False,False,False
GALNT18,0.3252000000000001,3484,0,False,False,False,False,False,False
ANKRD61,0.32436666666666664,3485,0,False,False,False,False,False,False
LAIR2,0.3242333333333332,3486,0,False,False,False,False,False,False
EFNB2,0.32420000000000004,3487,0,False,False,False,False,False,False
DNAH9,0.3238666666666663,3488,0,False,False,False,False,False,False
CDK6,0.3235999999999998,3489,0,False,False,False,False,False,False
P2RY10,0.32349999999999984,3490,0,False,False,False,False,False,False
EPS8L1,0.3230333333333334,3491,0,False,False,False,False,False,False
MPV17L,0.32296666666666685,3492,0,False,True,False,False,False,False
PPM1E,0.3229666666666666,3493,0,False,False,False,False,False,False
PNPLA6,0.3229000000000006,3494,0,False,False,False,False,False,False
LAYN,0.3228999999999999,3495,0,False,False,False,False,False,False
POC1A,0.32286666666666675,3496,0,False,True,False,False,False,False
DSCAML1,0.32273333333333354,3497,0,False,False,False,False,False,False
EGFR,0.32256666666666667,3498,0,False,False,False,False,False,False
DHDH,0.3224333333333332,3499,0,False,False,False,False,False,False
SERTAD1,0.32239999999999996,3500,0,False,False,False,False,False,False
C16ORF71,0.32223333333333337,3501,0,False,False,False,False,False,False
CSPG4,0.32223333333333315,3502,0,False,False,False,False,False,False
WIPF3,0.32223333333333304,3503,0,False,True,False,False,False,False
GHR,0.32216666666666643,3504,0,False,False,False,False,False,False
ZNF331,0.32213333333333344,3505,0,False,False,False,False,False,False
SLC39A4,0.3220999999999999,3506,0,False,False,False,False,False,False
SLC38A1,0.3220000000000004,3507,0,False,False,False,False,False,False
ZNF285,0.32186666666666675,3508,0,False,False,False,False,False,False
MARCHF10,0.32186666666666663,3509,0,False,True,False,False,False,False
NPC2,0.32179999999999986,3510,0,False,True,False,False,False,False
SYCP2L,0.32153333333333306,3511,0,False,False,False,False,False,False
BRCA1,0.3213333333333334,3512,0,False,False,False,False,False,False
KCNK15,0.3212000000000001,3513,0,False,False,False,False,False,False
TMEM155,0.3208000000000002,3514,0,False,False,False,False,False,False
TTPA,0.32066666666666666,3515,0,False,True,False,False,False,False
NRG4,0.3205666666666667,3516,0,False,False,False,False,False,False
FYB1,0.3205666666666663,3517,0,False,True,False,False,False,False
CCDC113,0.320433333333333,3518,0,False,False,False,False,False,False
CCDC65,0.32039999999999985,3519,0,False,True,False,False,False,False
SLC25A27,0.3203333333333331,3520,0,False,False,False,False,False,False
VEGFA,0.3200333333333333,3521,0,False,False,False,False,False,False
H2BU1,0.3197000000000001,3522,0,False,False,False,False,False,False
GGT5,0.31956666666666667,3523,0,False,False,False,False,False,False
IRAK2,0.31946666666666657,3524,0,False,False,False,False,False,False
REEP2,0.31939999999999996,3525,0,False,False,False,False,False,False
NEDD4L,0.3193666666666664,3526,0,False,False,False,False,False,False
SH3BP5,0.31930000000000014,3527,0,False,False,False,False,False,False
HCN4,0.31926666666666664,3528,0,False,True,False,False,False,False
ETNK2,0.3192000000000002,3529,0,False,False,False,False,False,False
MAP3K8,0.3189333333333333,3530,0,False,False,False,False,False,False
TRIM59,0.3189333333333332,3531,0,False,False,False,False,False,False
FAM13C,0.3188333333333335,3532,0,False,False,False,False,False,False
DLEC1,0.3188333333333333,3533,1,True,True,False,True,False,False
ACSS3,0.3185666666666669,3534,0,False,False,False,False,False,False
DNAAF6,0.31823333333333326,3535,0,False,False,False,False,False,False
LCK,0.31810000000000016,3536,0,False,True,False,False,False,False
CELF4,0.3180333333333331,3537,0,False,False,False,False,False,False
KLHL13,0.3178333333333335,3538,0,False,False,False,False,False,False
COL16A1,0.31749999999999984,3539,0,False,True,False,False,False,False
PPM1N,0.3173333333333334,3540,0,False,False,False,False,False,False
ITGA3,0.3168666666666666,3541,0,False,False,False,False,False,False
SFXN1,0.31683333333333336,3542,0,False,False,False,False,False,False
CD6,0.31663333333333343,3543,0,False,False,False,False,False,False
CFAP70,0.31660000000000027,3544,0,False,True,False,False,False,False
SAMD11,0.3160666666666667,3545,0,False,False,False,False,False,False
DYNC2H1,0.3160333333333336,3546,0,False,False,False,False,False,False
PIM2,0.3158666666666665,3547,0,False,False,False,False,False,False
PZP,0.3157,3548,0,False,False,False,False,False,False
TNIK,0.3153,3549,0,False,False,False,False,False,False
NEGR1,0.3152666666666667,3550,0,False,False,False,False,False,False
ESPNL,0.3151999999999998,3551,0,False,False,False,False,False,False
MSMO1,0.31513333333333315,3552,0,False,False,False,False,False,False
ITPKC,0.31506666666666683,3553,0,False,False,False,False,False,False
C1QTNF12,0.31490000000000007,3554,0,False,True,False,False,False,False
WDR88,0.31446666666666667,3555,0,False,False,False,False,False,False
KRT18,0.3144666666666666,3556,0,False,False,False,False,False,False
ATAD5,0.3143333333333331,3557,0,False,False,False,False,False,False
PKP3,0.3142333333333335,3558,0,False,False,False,False,False,False
CDK4,0.3142333333333333,3559,0,False,False,False,False,False,False
POU2F3,0.31416666666666676,3560,0,False,False,False,False,False,False
MKX,0.3139,3561,0,False,False,False,False,False,False
PXMP4,0.31353333333333333,3562,0,False,True,False,False,False,False
RGS18,0.31313333333333315,3563,0,False,False,False,False,False,False
NPM3,0.31250000000000006,3564,0,False,False,False,False,False,False
TAFA5,0.31233333333333324,3565,0,False,True,False,False,False,False
MT-ND2,0.31233333333333313,3566,0,False,False,False,False,False,False
ZNF367,0.3122333333333333,3567,0,False,True,False,False,False,False
MT-ND1,0.3122000000000004,3568,0,False,False,False,False,False,False
OPN3,0.3122000000000003,3569,0,False,False,False,False,False,False
ERO1B,0.3121666666666666,3570,0,False,True,False,False,False,False
FLRT2,0.31213333333333326,3571,0,False,True,False,False,False,False
CFL2,0.3119666666666667,3572,0,False,True,False,False,False,False
DOCK8,0.3119666666666665,3573,0,False,False,False,False,False,False
SYNE2,0.3118999999999999,3574,0,False,False,False,False,False,False
CFAP94,0.3118000000000003,3575,0,False,False,False,False,False,False
KLC3,0.3118000000000002,3576,0,False,False,False,False,False,False
SLC39A14,0.31179999999999997,3577,0,False,False,False,False,False,False
GPR132,0.3117333333333333,3578,0,False,False,False,False,False,False
MXD1,0.3117000000000001,3579,0,False,False,False,False,False,False
FOXL1,0.31160000000000027,3580,0,False,False,False,False,False,False
AQP11,0.31153333333333333,3581,0,False,False,False,False,False,False
DBH,0.3114333333333336,3582,0,False,True,False,False,False,False
REPS2,0.3113333333333332,3583,0,False,True,False,False,False,False
SORL1,0.3111666666666664,3584,0,False,False,False,False,False,False
GAS7,0.3109,3585,0,False,True,False,False,False,False
SEC14L2,0.31036666666666696,3586,0,False,False,False,False,False,False
ANKK1,0.3103333333333334,3587,0,False,True,False,False,False,False
TRPS1,0.31006666666666655,3588,0,False,False,False,False,False,False
ZNF385D,0.30999999999999983,3589,0,False,True,False,False,False,False
LILRB1,0.3099333333333335,3590,0,False,False,False,False,False,False
DOCK2,0.3099000000000003,3591,0,False,False,False,False,False,False
CLDN20,0.30966666666666676,3592,0,False,False,False,False,False,False
GPR68,0.30966666666666665,3593,0,False,False,False,False,False,False
LGI4,0.30953333333333344,3594,0,False,False,False,False,False,False
FREM1,0.30953333333333327,3595,0,False,False,False,False,False,False
BEND5,0.30950000000000016,3596,0,False,False,False,False,False,False
LILRA4,0.3094333333333332,3597,0,False,False,False,False,False,False
PCDHAC1,0.3093333333333334,3598,0,False,True,False,False,False,False
WDR54,0.3093,3599,0,False,False,False,False,False,False
KCTD12,0.3092666666666667,3600,0,False,False,False,False,False,False
SYNPO,0.3092666666666667,3600,0,False,False,False,False,False,False
ADAMTSL5,0.3091666666666667,3602,0,False,False,False,False,False,False
CD48,0.30899999999999994,3603,0,False,False,False,False,False,False
PCDHGA4,0.3087999999999999,3604,0,False,False,False,False,False,False
CORIN,0.3085999999999997,3605,0,False,False,False,False,False,False
GCNT4,0.30823333333333336,3606,0,False,False,False,False,False,False
TC2N,0.3081000000000003,3607,0,False,False,False,False,False,False
PYCARD,0.3079999999999997,3608,0,False,False,False,False,False,False
ZNF626,0.3075000000000003,3609,0,False,True,False,False,False,False
DPYD,0.30720000000000003,3610,0,False,False,False,False,False,False
IL5RA,0.30693333333333345,3611,0,False,True,False,False,False,False
PDIA4,0.30686666666666695,3612,0,False,False,False,False,False,False
SCML2,0.3068666666666667,3613,0,False,False,False,False,False,False
PTCH1,0.3068000000000001,3614,0,False,False,False,False,False,False
GAA,0.3067999999999998,3615,0,False,False,False,False,False,False
RIIAD1,0.30666666666666664,3616,0,False,False,False,False,False,False
IL1RAP,0.3066333333333335,3617,0,False,False,False,False,False,False
IFIT2,0.30656666666666665,3618,0,False,False,False,False,False,False
GAPT,0.3065333333333331,3619,0,False,False,False,False,False,False
DCDC2B,0.3063666666666667,3620,0,False,False,False,False,False,False
TNFRSF4,0.3063666666666664,3621,0,False,False,False,False,False,False
SLC9A3R1,0.3060000000000003,3622,0,False,False,False,False,False,False
MMEL1,0.3059666666666665,3623,0,False,False,False,False,False,False
BCL2,0.3058999999999999,3624,0,False,True,False,False,False,False
DCST2,0.3058333333333333,3625,0,False,False,False,False,False,False
FHDC1,0.30569999999999997,3626,0,False,False,False,False,False,False
P2RY8,0.30546666666666655,3627,0,False,False,False,False,False,False
WSCD1,0.3052000000000001,3628,0,False,True,False,False,False,False
NFE2,0.3051,3629,0,False,False,False,False,False,False
TNFSF13,0.30503333333333316,3630,0,False,False,False,False,False,False
ZBTB12,0.30486666666666656,3631,0,False,False,False,False,False,False
NCOA7,0.30473333333333336,3632,0,False,False,False,False,False,False
ICAM2,0.30450000000000005,3633,0,False,False,False,False,False,False
MCM6,0.30443333333333344,3634,0,False,False,False,False,False,False
NUP210,0.3044,3635,0,False,False,False,False,False,False
PEX6,0.3043,3636,0,False,True,False,False,False,False
LILRA1,0.3038666666666667,3637,0,False,False,False,False,False,False
C21ORF58,0.3038000000000001,3638,0,False,False,False,False,False,False
KIF20B,0.3037000000000001,3639,0,False,False,False,False,False,False
SPAG8,0.3036333333333332,3640,0,False,False,False,False,False,False
KCNN3,0.3034333333333332,3641,0,False,False,False,False,False,False
RHOBTB3,0.30319999999999986,3642,0,False,False,False,False,False,False
ARRB1,0.3031666666666666,3643,0,False,False,False,False,False,False
RRAS,0.3031333333333334,3644,0,False,False,False,False,False,False
INKA2,0.3029333333333334,3645,0,False,True,False,False,False,False
FRY,0.3029333333333331,3646,0,False,False,False,False,False,False
CD3G,0.3027666666666665,3647,0,False,False,False,False,False,False
CITED2,0.30273333333333324,3648,0,False,False,False,False,False,False
IL18,0.30246666666666683,3649,0,False,False,False,False,False,False
PLAG1,0.3020333333333334,3650,0,False,False,False,False,False,False
DSE,0.3018999999999998,3651,0,False,True,False,False,False,False
ST3GAL5,0.3018333333333331,3652,0,False,False,False,False,False,False
TM7SF2,0.30176666666666674,3653,0,False,False,False,False,False,False
BLVRB,0.30153333333333343,3654,0,False,False,False,False,False,False
TSLP,0.3014333333333335,3655,0,False,False,False,False,False,False
SLAMF6,0.3013000000000003,3656,0,False,False,False,False,False,False
ARHGEF6,0.30123333333333346,3657,0,False,False,False,False,False,False
NUP62CL,0.30109999999999976,3658,0,False,False,False,False,False,False
PALM,0.3009333333333334,3659,0,False,False,False,False,False,False
DNAJB4,0.3007666666666666,3660,0,False,True,False,False,False,False
PACSIN3,0.30069999999999997,3661,0,False,False,False,False,False,False
SCARF1,0.3004333333333334,3662,0,False,True,False,False,False,False
ALDH18A1,0.30023333333333324,3663,0,False,False,False,False,False,False
FAR2,0.30009999999999987,3664,0,False,True,False,False,False,False
RAB19,0.3000333333333334,3665,0,False,False,False,False,False,False
PLCB2,0.2999666666666667,3666,0,False,False,False,False,False,False
SALL2,0.2998666666666667,3667,0,False,True,False,False,False,False
SLC16A7,0.2997666666666666,3668,0,False,False,False,False,False,False
VSIR,0.29969999999999997,3669,0,False,True,False,False,False,False
ARMH4,0.29956666666666654,3670,0,False,False,False,False,False,False
B3GALNT1,0.2994,3671,0,False,True,False,False,False,False
XCL2,0.29906666666666687,3672,0,False,True,False,False,False,False
ZSCAN31,0.29900000000000004,3673,0,False,True,False,False,False,False
CREB3L4,0.2988000000000002,3674,0,False,False,False,False,False,False
MTBP,0.2985666666666667,3675,0,False,False,False,False,False,False
CYP2C8,0.29823333333333335,3676,0,False,False,False,False,False,False
GCLM,0.2981666666666667,3677,0,False,False,False,False,False,False
TSPAN32,0.2979666666666669,3678,0,False,False,False,False,False,False
TSPAN2,0.2979000000000001,3679,0,False,True,False,False,False,False
THEMIS,0.2978999999999999,3680,0,False,True,False,False,False,False
TOX,0.29763333333333347,3681,0,False,False,False,False,False,False
ZC3HAV1L,0.29743333333333327,3682,0,False,False,False,False,False,False
FAM171B,0.29743333333333327,3682,0,False,False,False,False,False,False
FCRL6,0.29733333333333345,3684,0,False,False,False,False,False,False
SIGLEC15,0.29730000000000023,3685,0,False,False,False,False,False,False
MEFV,0.29730000000000006,3686,0,False,False,False,False,False,False
DNAJA4,0.29696666666666666,3687,0,False,False,False,False,False,False
HLA-E,0.2968999999999999,3688,0,False,False,False,False,False,False
PRDM1,0.2967666666666668,3689,0,False,True,False,False,False,False
CABP4,0.29666666666666647,3690,0,False,False,False,False,False,False
GPR160,0.2966333333333334,3691,0,False,False,False,False,False,False
CCDC74B,0.2963,3692,0,False,False,False,False,False,False
TRAIP,0.29616666666666647,3693,0,False,False,False,False,False,False
TDRD6,0.29613333333333325,3694,0,False,True,False,False,False,False
RIC3,0.29600000000000004,3695,0,False,False,False,False,False,False
RBPMS2,0.2959666666666665,3696,0,False,True,False,False,False,False
RHOB,0.29576666666666657,3697,0,False,False,False,False,False,False
PCDHGB7,0.29573333333333324,3698,0,False,False,False,False,False,False
CMTM1,0.29563333333333347,3699,0,False,True,False,False,False,False
ABCG1,0.29553333333333337,3700,0,False,False,False,False,False,False
TRPV4,0.29549999999999976,3701,0,False,False,False,False,False,False
GABRD,0.2954666666666666,3702,0,False,True,False,False,False,False
PDE1B,0.2951666666666664,3703,0,False,False,False,False,False,False
FCMR,0.2951000000000001,3704,0,False,False,False,False,False,False
C2ORF50,0.2950666666666664,3705,0,False,False,False,False,False,False
EFHB,0.29469999999999996,3706,0,False,False,False,False,False,False
ULBP1,0.29469999999999996,3706,0,False,False,False,False,False,False
DOCK5,0.29469999999999996,3706,0,False,False,False,False,False,False
FHAD1,0.29469999999999985,3709,0,False,False,False,False,False,False
EPCAM,0.29469999999999985,3709,0,False,True,False,False,False,False
TCF7L1,0.2945666666666666,3711,0,False,False,False,False,False,False
RND2,0.2943333333333332,3712,0,False,False,False,False,False,False
EDNRA,0.29403333333333315,3713,0,False,False,False,False,False,False
ADGRL3,0.2938666666666666,3714,0,False,False,False,False,False,False
C22ORF15,0.29376666666666684,3715,0,False,True,False,False,False,False
TLR7,0.2937666666666667,3716,0,False,True,False,False,False,False
DNM1,0.2937333333333335,3717,0,False,True,False,False,False,False
TYW1B,0.29369999999999963,3718,0,False,False,False,False,False,False
RFX3,0.29366666666666685,3719,0,False,False,False,False,False,False
AC011005.1,0.29333333333333333,3720,0,False,False,False,False,False,False
KIF13B,0.2933000000000002,3721,0,False,False,False,False,False,False
N4BP2L1,0.29326666666666673,3722,0,False,False,False,False,False,False
EPPK1,0.2932000000000001,3723,0,False,True,False,False,False,False
KIFC2,0.29293333333333327,3724,0,False,False,False,False,False,False
NCS1,0.29283333333333333,3725,0,False,False,False,False,False,False
LTBP1,0.2926666666666666,3726,0,False,False,False,False,False,False
DRC3,0.29226666666666695,3727,0,False,True,False,False,False,False
PAQR4,0.29200000000000015,3728,0,False,False,False,False,False,False
NDRG1,0.2916666666666669,3729,0,False,True,False,False,False,False
SLC4A8,0.2916000000000002,3730,0,False,True,False,False,False,False
PLEKHG4,0.2915000000000004,3731,0,False,False,False,False,False,False
ZNF714,0.29146666666666643,3732,0,False,False,False,False,False,False
WNT4,0.29069999999999996,3733,0,False,False,False,False,False,False
PPP1R36,0.29053333333333325,3734,0,False,False,False,False,False,False
MAGI3,0.29013333333333324,3735,0,False,False,False,False,False,False
GLT8D2,0.28993333333333354,3736,0,False,False,False,False,False,False
DIO3,0.2897999999999999,3737,0,False,False,False,False,False,False
MT-ATP6,0.2895666666666667,3738,0,False,True,False,False,False,False
NACA2,0.2894999999999999,3739,0,False,False,False,False,False,False
SMTNL1,0.28943333333333315,3740,0,False,False,False,False,False,False
EXOC3L1,0.28900000000000003,3741,0,False,False,False,False,False,False
CFAP161,0.28886666666666677,3742,0,False,False,False,False,False,False
CCDC33,0.28866666666666657,3743,0,False,True,False,False,False,False
CCDC3,0.2884333333333334,3744,0,False,False,False,False,False,False
GP1BA,0.28833333333333344,3745,0,False,False,False,False,False,False
CD72,0.28833333333333333,3746,0,False,True,False,False,False,False
SLITRK4,0.2882333333333334,3747,0,False,False,False,False,False,False
AC072022.2,0.28823333333333334,3748,0,False,True,False,False,False,False
RIMKLB,0.2882,3749,0,False,False,False,False,False,False
EPB41L2,0.28819999999999985,3750,0,False,False,False,False,False,False
KLHL38,0.28816666666666657,3751,0,False,False,False,False,False,False
CCDC40,0.2881666666666665,3752,0,False,False,False,False,False,False
RNF148,0.2878999999999999,3753,0,False,True,False,False,False,False
CENPH,0.28786666666666666,3754,0,False,False,False,False,False,False
ST14,0.28763333333333346,3755,0,False,False,False,False,False,False
TCTE1,0.28756666666666647,3756,0,False,True,False,False,False,False
CRYBB3,0.2874,3757,0,False,False,False,False,False,False
CTNNAL1,0.28713333333333346,3758,0,False,True,False,False,False,False
PIGA,0.2870999999999999,3759,0,False,False,False,False,False,False
OXCT1,0.2870333333333332,3760,0,False,False,False,False,False,False
CD300A,0.2868999999999999,3761,0,False,True,False,False,False,False
CRYBB1,0.28669999999999995,3762,0,False,False,False,False,False,False
SLC26A5,0.2865333333333334,3763,0,False,False,False,False,False,False
FBXO41,0.2861666666666665,3764,0,False,False,False,False,False,False
NCR3,0.28613333333333335,3765,0,False,True,False,False,False,False
FGD3,0.28590000000000015,3766,0,False,False,False,False,False,False
NFASC,0.2858666666666668,3767,0,False,False,False,False,False,False
H2AC6,0.2858666666666664,3768,0,False,False,False,False,False,False
PHLDA3,0.28579999999999994,3769,0,False,False,False,False,False,False
IL17RE,0.2857,3770,0,False,True,False,False,False,False
PABPC4L,0.28546666666666665,3771,0,False,False,False,False,False,False
CDC7,0.28519999999999984,3772,0,False,False,False,False,False,False
FNDC11,0.285,3773,0,False,False,False,False,False,False
RNF165,0.2846666666666665,3774,0,False,False,False,False,False,False
CAPN3,0.28463333333333324,3775,0,False,False,False,False,False,False
PCDHGB3,0.284033333333333,3776,0,False,True,False,False,False,False
PCDHGB4,0.2838999999999998,3777,0,False,True,False,False,False,False
GMFG,0.2838333333333336,3778,0,False,False,False,False,False,False
SRD5A1,0.2838333333333335,3779,0,False,False,False,False,False,False
FBXO15,0.28376666666666694,3780,0,False,True,False,False,False,False
GNG8,0.2836666666666662,3781,0,False,False,False,False,False,False
FASLG,0.2834666666666667,3782,0,False,True,False,False,False,False
AVPR1A,0.2834333333333333,3783,0,False,False,False,False,False,False
AMDHD1,0.2832666666666665,3784,0,False,False,False,False,False,False
GUCY1A1,0.2832333333333333,3785,0,False,True,False,False,False,False
BTBD19,0.28316666666666684,3786,0,False,True,False,False,False,False
GPC4,0.2830666666666664,3787,0,False,True,False,False,False,False
SGCD,0.2829999999999998,3788,0,False,False,False,False,False,False
SH2D2A,0.28273333333333356,3789,0,False,False,False,False,False,False
NCKAP1L,0.28263333333333335,3790,0,False,False,False,False,False,False
DBF4,0.2826000000000001,3791,0,False,False,False,False,False,False
UBTD1,0.28253333333333336,3792,0,False,False,False,False,False,False
FGF13,0.28253333333333336,3792,0,False,True,False,False,False,False
TEX9,0.28246666666666664,3794,0,False,False,False,False,False,False
GIPR,0.2823666666666668,3795,0,False,False,False,False,False,False
SGO2,0.2822,3796,0,False,False,False,False,False,False
C1ORF158,0.28206666666666647,3797,0,False,False,False,False,False,False
CCDC184,0.2819666666666667,3798,0,False,False,False,False,False,False
ENPP1,0.28190000000000004,3799,0,False,True,False,False,False,False
TAS2R20,0.2817666666666669,3800,0,False,False,False,False,False,False
DPYSL3,0.2817666666666668,3801,0,False,True,False,False,False,False
HSPB1,0.2817000000000001,3802,0,False,False,False,False,False,False
TAP1,0.2816999999999999,3803,0,False,False,False,False,False,False
TMEM220,0.28150000000000003,3804,0,False,False,False,False,False,False
HSPA2,0.2814000000000002,3805,0,False,False,False,False,False,False
SLC22A18AS,0.28130000000000016,3806,0,False,False,False,False,False,False
FBXO27,0.2811333333333335,3807,0,False,True,False,False,False,False
HSPA4L,0.2810333333333334,3808,0,False,True,False,False,False,False
PPARGC1B,0.2809333333333331,3809,0,False,False,False,False,False,False
TMEM98,0.28083333333333316,3810,0,False,False,False,False,False,False
KLHL31,0.28056666666666685,3811,0,False,False,False,False,False,False
ZNF239,0.2803333333333334,3812,0,False,False,False,False,False,False
SHANK3,0.2801000000000001,3813,0,False,False,False,False,False,False
CASQ1,0.28010000000000007,3814,0,False,False,False,False,False,False
ANKRD66,0.27996666666666686,3815,0,False,False,False,False,False,False
RAB6B,0.27989999999999987,3816,0,False,False,False,False,False,False
PCP2,0.2798666666666668,3817,0,False,False,False,False,False,False
FATE1,0.27969999999999984,3818,0,False,False,False,False,False,False
PIANP,0.2793333333333335,3819,0,False,False,False,False,False,False
IL12A,0.27906666666666674,3820,0,False,False,False,False,False,False
SIDT1,0.2790000000000001,3821,0,False,False,False,False,False,False
IKZF1,0.2789000000000003,3822,0,False,False,False,False,False,False
XYLT1,0.2788666666666668,3823,0,False,True,False,False,False,False
NFKBID,0.2786333333333333,3824,0,False,False,False,False,False,False
CFAP54,0.2782666666666666,3825,0,False,True,False,False,False,False
PLEKHG6,0.2781333333333335,3826,0,False,False,False,False,False,False
SIRPA,0.27773333333333344,3827,0,False,False,False,False,False,False
LIPA,0.27726666666666655,3828,0,False,False,False,False,False,False
PFKFB3,0.27726666666666644,3829,0,False,False,False,False,False,False
CD86,0.2771666666666665,3830,0,False,True,False,False,False,False
METTL1,0.2770000000000002,3831,0,False,False,False,False,False,False
FAM222A,0.2769666666666664,3832,0,False,False,False,False,False,False
ASGR1,0.2769333333333333,3833,0,False,True,False,False,False,False
IL21R,0.27693333333333303,3834,0,False,False,False,False,False,False
MT-ND4,0.27690000000000015,3835,0,False,False,False,False,False,False
CLEC4C,0.2765999999999999,3836,0,False,True,False,False,False,False
UCP2,0.2764666666666668,3837,0,False,False,False,False,False,False
EFCAB13,0.27643333333333336,3838,0,False,False,False,False,False,False
CD200R1,0.27636666666666687,3839,0,False,False,False,False,False,False
MPZL2,0.27636666666666676,3840,0,False,False,False,False,False,False
COLEC11,0.27623333333333333,3841,0,False,True,False,False,False,False
FAM110C,0.27599999999999986,3842,0,False,False,False,False,False,False
IFT57,0.2759000000000001,3843,0,False,False,False,False,False,False
SH2D1A,0.2758666666666667,3844,0,False,False,False,False,False,False
WNT10B,0.2758000000000001,3845,0,False,True,False,False,False,False
KMO,0.2757,3846,0,False,False,False,False,False,False
PHKA1,0.2756333333333333,3847,0,False,False,False,False,False,False
SMIM5,0.27556666666666657,3848,0,False,False,False,False,False,False
HES4,0.2754999999999999,3849,0,False,False,False,False,False,False
CTH,0.27523333333333333,3850,0,False,False,False,False,False,False
NBEA,0.2749666666666667,3851,0,False,False,False,False,False,False
GLI1,0.2746666666666667,3852,0,False,False,False,False,False,False
NCF4,0.27439999999999987,3853,0,False,False,False,False,False,False
KLHL4,0.27436666666666654,3854,0,False,False,False,False,False,False
AGRN,0.27403333333333335,3855,0,False,False,False,False,False,False
CLMN,0.27396666666666647,3856,0,False,False,False,False,False,False
PTGER3,0.2738999999999999,3857,0,False,False,False,False,False,False
VASH1,0.2737000000000002,3858,0,False,False,False,False,False,False
CELF2,0.27320000000000005,3859,0,False,False,False,False,False,False
ADORA2B,0.27283333333333337,3860,0,False,False,False,False,False,False
IRAG2,0.2725333333333332,3861,0,False,False,False,False,False,False
CDCA7L,0.2721666666666667,3862,0,False,True,False,False,False,False
TXNDC17,0.2721333333333335,3863,0,False,False,False,False,False,False
XCR1,0.2720333333333334,3864,0,False,False,False,False,False,False
ABLIM1,0.2717333333333334,3865,0,False,False,False,False,False,False
SYT3,0.27156666666666673,3866,0,False,False,False,False,False,False
NCR1,0.2711999999999999,3867,0,False,False,False,False,False,False
SLC22A23,0.2711666666666667,3868,0,False,False,False,False,False,False
ESRRG,0.27113333333333306,3869,0,False,False,False,False,False,False
PTP4A3,0.27083333333333315,3870,0,False,False,False,False,False,False
KIF18A,0.27079999999999993,3871,0,False,False,False,False,False,False
AGBL2,0.2705666666666665,3872,0,False,False,False,False,False,False
KIF24,0.27036666666666676,3873,0,False,False,False,False,False,False
FAXC,0.2698666666666668,3874,0,False,False,False,False,False,False
SIPA1L2,0.2695333333333334,3875,0,False,True,False,False,False,False
PEAK3,0.2694666666666667,3876,0,False,False,False,False,False,False
MPP7,0.2694333333333334,3877,0,False,False,False,False,False,False
NTF3,0.26933333333333354,3878,0,False,True,False,False,False,False
CFAP65,0.26923333333333355,3879,0,False,True,False,False,False,False
CD96,0.2692,3880,0,False,False,False,False,False,False
DUSP2,0.2691666666666665,3881,0,False,False,False,False,False,False
MT-ND3,0.26906666666666645,3882,0,False,False,False,False,False,False
HSPB9,0.26903333333333335,3883,0,False,False,False,False,False,False
DNAI3,0.2689333333333334,3884,0,False,False,False,False,False,False
SCPEP1,0.268933333333333,3885,0,False,False,False,False,False,False
PIK3AP1,0.2688,3886,0,False,False,False,False,False,False
CEP126,0.2683999999999999,3887,0,False,False,False,False,False,False
ZNF521,0.26826666666666693,3888,0,False,True,False,False,False,False
MFSD3,0.2682666666666668,3889,0,False,False,False,False,False,False
LONRF2,0.2681,3890,0,False,False,False,False,False,False
FURIN,0.26793333333333325,3891,0,False,False,False,False,False,False
PMM1,0.26783333333333315,3892,0,False,True,False,False,False,False
GSDME,0.26780000000000004,3893,0,False,True,False,False,False,False
NRP2,0.26736666666666675,3894,0,False,True,False,False,False,False
ALDH3A2,0.26703333333333334,3895,0,False,False,False,False,False,False
SOX12,0.2668333333333334,3896,0,False,False,False,False,False,False
NUDT10,0.2667999999999999,3897,0,False,True,False,False,False,False
DNAH12,0.2666333333333333,3898,0,False,True,False,False,False,False
AC119396.1,0.26663333333333306,3899,0,False,False,False,False,False,False
NPM2,0.26659999999999995,3900,0,False,False,False,False,False,False
FOXA1,0.2664333333333335,3901,0,False,False,False,False,False,False
IL11RA,0.2663,3902,0,False,False,False,False,False,False
GIMAP5,0.26613333333333333,3903,0,False,True,False,False,False,False
JPH2,0.26606666666666673,3904,0,False,False,False,False,False,False
PTGIR,0.2660333333333334,3905,0,False,False,False,False,False,False
TTC39C,0.2659333333333335,3906,0,False,True,False,False,False,False
LCP1,0.2658333333333334,3907,0,False,False,False,False,False,False
SYDE2,0.26583333333333337,3908,0,False,True,False,False,False,False
FILIP1L,0.2658,3909,0,False,False,False,False,False,False
TMEM108,0.2655666666666668,3910,0,False,False,False,False,False,False
ABHD17C,0.26550000000000007,3911,0,False,False,False,False,False,False
GLIPR1L1,0.26539999999999997,3912,0,False,False,False,False,False,False
CORO6,0.2651666666666666,3913,0,False,False,False,False,False,False
FOXC2,0.26506666666666695,3914,0,False,False,False,False,False,False
FGD1,0.2650333333333334,3915,0,False,False,False,False,False,False
EHF,0.26496666666666663,3916,0,False,False,False,False,False,False
TRIM22,0.26486666666666664,3917,0,False,False,False,False,False,False
DCBLD1,0.26483333333333303,3918,0,False,False,False,False,False,False
TST,0.26460000000000006,3919,0,False,False,False,False,False,False
CFAP126,0.2645333333333335,3920,0,False,False,False,False,False,False
EPHA3,0.26446666666666685,3921,0,False,False,False,False,False,False
KNSTRN,0.26426666666666654,3922,0,False,False,False,False,False,False
JDP2,0.26423333333333343,3923,0,False,False,False,False,False,False
PDCD2L,0.2642333333333334,3924,0,False,False,False,False,False,False
DNAH1,0.2642,3925,0,False,False,False,False,False,False
KANK2,0.2639000000000002,3926,0,False,False,False,False,False,False
EVA1C,0.2637000000000002,3927,0,False,True,False,False,False,False
IGSF21,0.26360000000000006,3928,0,False,False,False,False,False,False
BCL11B,0.2636,3929,0,False,False,False,False,False,False
ZNF334,0.2634666666666666,3930,0,False,True,False,False,False,False
PTMS,0.2634666666666665,3931,0,False,False,False,False,False,False
ABCC4,0.2633666666666665,3932,0,False,False,False,False,False,False
MOCS1,0.2632333333333333,3933,0,False,False,False,False,False,False
DRC7,0.26303333333333345,3934,0,False,False,False,False,False,False
KCNAB1,0.2627999999999999,3935,0,False,False,False,False,False,False
SKAP1,0.2625999999999999,3936,0,False,False,False,False,False,False
MLXIPL,0.2622999999999999,3937,0,False,True,False,False,False,False
AFF2,0.26203333333333345,3938,0,False,False,False,False,False,False
BHLHE40,0.2620333333333333,3939,0,False,True,False,False,False,False
KLHL30,0.2620333333333331,3940,0,False,False,False,False,False,False
CRIM1,0.26170000000000004,3941,0,False,True,False,False,False,False
ASPHD2,0.2614999999999998,3942,0,False,True,False,False,False,False
FAM126A,0.2614000000000001,3943,0,False,False,False,False,False,False
PIK3R5,0.26120000000000004,3944,0,False,True,False,False,False,False
TMEM212,0.2608666666666668,3945,0,False,False,False,False,False,False
TSNAXIP1,0.2606333333333334,3946,0,False,False,False,False,False,False
EXPH5,0.26046666666666657,3947,0,False,False,False,False,False,False
CRYBG1,0.2601333333333334,3948,0,False,False,False,False,False,False
JUN,0.25996666666666673,3949,0,False,False,False,False,False,False
FAM20C,0.2597333333333335,3950,0,False,True,False,False,False,False
SASH3,0.25970000000000004,3951,0,False,False,False,False,False,False
SLC41A2,0.2596000000000001,3952,0,False,False,False,False,False,False
NUDT11,0.2595999999999998,3953,0,False,True,False,False,False,False
LGALS12,0.2595333333333331,3954,0,False,False,False,False,False,False
ADGRL4,0.2594,3955,0,False,False,False,False,False,False
SEMA5B,0.2593333333333333,3956,0,False,False,False,False,False,False
GLCCI1,0.25930000000000003,3957,0,False,False,False,False,False,False
TCF4,0.25913333333333327,3958,0,False,False,False,False,False,False
PRICKLE2,0.25903333333333345,3959,0,False,True,False,False,False,False
CRIP1,0.2588999999999999,3960,0,False,False,False,False,False,False
PRR4,0.25863333333333355,3961,0,False,False,False,False,False,False
UGDH,0.2586,3962,0,False,False,False,False,False,False
WLS,0.2584000000000001,3963,0,False,False,False,False,False,False
NRIP1,0.2582666666666668,3964,0,False,False,False,False,False,False
SCML4,0.25803333333333345,3965,0,False,False,False,False,False,False
DNAH6,0.25793333333333335,3966,0,False,False,False,False,False,False
DZIP1L,0.2579,3967,0,False,True,False,False,False,False
ELOVL3,0.2578666666666668,3968,0,False,False,False,False,False,False
TRIM7,0.2578666666666668,3968,0,False,False,False,False,False,False
H4-16,0.25776666666666664,3970,0,False,False,False,False,False,False
IL10,0.2577,3971,0,False,False,False,False,False,False
GIMAP4,0.2576999999999998,3972,0,False,False,False,False,False,False
MS4A4E,0.2576,3973,0,False,False,False,False,False,False
ANG,0.2575,3974,0,False,True,False,False,False,False
LAPTM4B,0.2574666666666667,3975,0,False,True,False,False,False,False
HSF4,0.2573666666666666,3976,0,False,False,False,False,False,False
HDAC9,0.2573666666666666,3976,0,False,True,False,False,False,False
FAM171A1,0.25733333333333325,3978,0,False,False,False,False,False,False
PLXNA4,0.25703333333333356,3979,0,False,True,False,False,False,False
ACOT11,0.2570333333333333,3980,0,False,False,False,False,False,False
KIF21A,0.2568333333333332,3981,0,False,True,False,False,False,False
TDRP,0.2562333333333332,3982,0,False,False,False,False,False,False
PRSS8,0.25589999999999985,3983,0,False,False,False,False,False,False
TYMP,0.25586666666666674,3984,0,False,False,False,False,False,False
EDARADD,0.2558666666666667,3985,0,False,False,False,False,False,False
SLC50A1,0.2558666666666667,3985,0,False,False,False,False,False,False
LZTS3,0.2557666666666664,3987,0,False,False,False,False,False,False
XPR1,0.25550000000000006,3988,0,False,True,False,False,False,False
ZNF460,0.2554333333333336,3989,0,False,False,False,False,False,False
CMTM3,0.25539999999999996,3990,0,False,True,False,False,False,False
MYOM2,0.25523333333333326,3991,0,False,True,False,False,False,False
ADGRB3,0.2551,3992,0,False,False,False,False,False,False
TCEAL7,0.2549000000000003,3993,0,False,False,False,False,False,False
STARD4,0.2547666666666668,3994,0,False,True,False,False,False,False
FLVCR2,0.2547333333333333,3995,0,False,False,False,False,False,False
SPATA20,0.2545666666666667,3996,0,False,False,False,False,False,False
ELMO3,0.2545333333333332,3997,0,False,False,False,False,False,False
MAFK,0.2544000000000002,3998,0,False,False,False,False,False,False
HLX,0.25433333333333347,3999,0,False,False,False,False,False,False
C1S,0.25426666666666653,4000,0,False,True,False,False,False,False
RNF152,0.25423333333333337,4001,0,False,True,False,False,False,False
CCDC188,0.2541666666666668,4002,0,False,False,False,False,False,False
DOK6,0.2541666666666665,4003,0,False,False,False,False,False,False
CCND1,0.25383333333333336,4004,0,False,False,False,False,False,False
MX2,0.25343333333333323,4005,0,False,False,False,False,False,False
CHPF,0.25333333333333335,4006,0,False,False,False,False,False,False
RNF43,0.25326666666666686,4007,0,False,True,False,False,False,False
RGS22,0.2530666666666666,4008,0,False,False,False,False,False,False
NRG1,0.25296666666666673,4009,0,False,False,False,False,False,False
NABP1,0.2529666666666666,4010,0,False,False,False,False,False,False
CNIH2,0.2528333333333333,4011,0,False,True,False,False,False,False
GMNN,0.25283333333333324,4012,0,False,False,False,False,False,False
SAMD15,0.25239999999999985,4013,0,False,False,False,False,False,False
NEK5,0.2523333333333334,4014,0,False,False,False,False,False,False
PCDHB13,0.2522666666666667,4015,0,False,False,False,False,False,False
ZAP70,0.25206666666666666,4016,0,False,False,False,False,False,False
ADPRH,0.25206666666666655,4017,0,False,True,False,False,False,False
EBF2,0.25203333333333316,4018,0,False,False,False,False,False,False
FNIP2,0.2519666666666666,4019,0,False,False,False,False,False,False
IQCG,0.2517333333333333,4020,0,False,False,False,False,False,False
SLC44A3,0.2516000000000003,4021,0,False,False,False,False,False,False
PAG1,0.25160000000000005,4022,0,False,True,False,False,False,False
ZNF423,0.25156666666666677,4023,0,False,True,False,False,False,False
ZSCAN23,0.25136666666666674,4024,0,False,False,False,False,False,False
CD247,0.2512999999999999,4025,0,False,False,False,False,False,False
PLSCR4,0.2512666666666665,4026,0,False,True,False,False,False,False
SLC6A12,0.25123333333333336,4027,0,False,False,False,False,False,False
GJC1,0.2512,4028,0,False,False,False,False,False,False
LONRF3,0.2511333333333333,4029,0,False,True,False,False,False,False
RASGEF1B,0.25110000000000016,4030,0,False,False,False,False,False,False
GNA14,0.2510666666666667,4031,0,False,False,False,False,False,False
POMK,0.25086666666666635,4032,0,False,True,False,False,False,False
PLPPR4,0.25066666666666665,4033,0,False,False,False,False,False,False
BATF2,0.25066666666666654,4034,0,False,False,False,False,False,False
EFCAB10,0.25063333333333354,4035,0,False,False,False,False,False,False
ATP8B4,0.2505000000000001,4036,0,False,False,False,False,False,False
CEACAM19,0.25043333333333345,4037,0,False,False,False,False,False,False
DPY19L2,0.2502000000000001,4038,0,False,False,False,False,False,False
TREML1,0.25,4039,0,False,False,False,False,False,False
GPAT3,0.24976666666666678,4040,0,False,False,False,False,False,False
ABCA6,0.24966666666666654,4041,0,False,False,False,False,False,False
ZEB1,0.24953333333333327,4042,0,False,False,False,False,False,False
TXNIP,0.24943333333333334,4043,0,False,False,False,False,False,False
ADGRG5,0.2493333333333334,4044,0,False,False,False,False,False,False
CLECL1,0.24930000000000008,4045,0,False,False,False,False,False,False
WAS,0.24893333333333312,4046,0,False,False,False,False,False,False
TTC21A,0.2488666666666666,4047,0,False,False,False,False,False,False
SEPTIN4,0.24836666666666662,4048,0,False,False,False,False,False,False
RAB3IL1,0.2482000000000001,4049,0,False,False,False,False,False,False
TBC1D3L,0.24816666666666662,4050,0,False,False,False,False,False,False
GPR176,0.2481333333333333,4051,0,False,False,False,False,False,False
TOGARAM2,0.24806666666666669,4052,0,False,False,False,False,False,False
RFLNB,0.24790000000000015,4053,0,False,True,False,False,False,False
SIRPB2,0.24760000000000004,4054,0,False,True,False,False,False,False
RPS10,0.24739999999999995,4055,0,False,False,False,False,False,False
DDX60L,0.24733333333333354,4056,0,False,False,False,False,False,False
NLRP6,0.24710000000000013,4057,0,False,False,False,False,False,False
BEST4,0.2470999999999998,4058,0,False,False,False,False,False,False
TBC1D10C,0.24706666666666674,4059,0,False,False,False,False,False,False
PTGFRN,0.24689999999999987,4060,0,False,False,False,False,False,False
HOXB5,0.24686666666666682,4061,0,False,False,False,False,False,False
NUAK2,0.24686666666666668,4062,0,False,False,False,False,False,False
FBXO16,0.24686666666666657,4063,0,False,False,False,False,False,False
FJX1,0.24666666666666667,4064,0,False,False,False,False,False,False
PHACTR2,0.24663333333333323,4065,0,False,False,False,False,False,False
MAP3K19,0.24636666666666665,4066,0,False,False,False,False,False,False
ADAM23,0.2462333333333333,4067,0,False,False,False,False,False,False
ARAP2,0.2461999999999999,4068,0,False,False,False,False,False,False
PLCL1,0.24593333333333342,4069,0,False,False,False,False,False,False
SLC45A3,0.24563333333333348,4070,0,False,False,False,False,False,False
MTUS1,0.24549999999999983,4071,0,False,False,False,False,False,False
CR1,0.24539999999999987,4072,0,False,False,False,False,False,False
HLTF,0.2453666666666667,4073,0,False,True,False,False,False,False
CENPV,0.24516666666666662,4074,0,False,False,False,False,False,False
CBFA2T3,0.2450333333333333,4075,0,False,False,False,False,False,False
HES1,0.24490000000000015,4076,0,False,True,False,False,False,False
JAKMIP2,0.24489999999999987,4077,0,False,False,False,False,False,False
DOCK10,0.24476666666666688,4078,0,False,False,False,False,False,False
KCNK13,0.24476666666666677,4079,0,False,False,False,False,False,False
SPEG,0.24466666666666673,4080,0,False,False,False,False,False,False
GLTPD2,0.24453333333333324,4081,0,False,True,False,False,False,False
MYCL,0.24416666666666667,4082,0,False,False,False,False,False,False
PER2,0.24393333333333325,4083,0,False,True,False,False,False,False
EPHA4,0.24383333333333349,4084,0,False,False,False,False,False,False
APOBEC3H,0.24366666666666675,4085,0,False,False,False,False,False,False
CCDC34,0.24356666666666668,4086,0,False,False,False,False,False,False
TMEM182,0.2433666666666666,4087,0,False,False,False,False,False,False
CDH6,0.24333333333333323,4088,0,False,False,False,False,False,False
SNX10,0.2432666666666667,4089,0,False,True,False,False,False,False
SLC22A15,0.2432000000000001,4090,0,False,True,False,False,False,False
PCDHGA12,0.2428666666666667,4091,0,False,False,False,False,False,False
C8ORF34,0.2426333333333332,4092,0,False,False,False,False,False,False
SLAIN1,0.2424000000000002,4093,0,False,False,False,False,False,False
SDK2,0.24223333333333344,4094,0,False,False,False,False,False,False
HSD17B8,0.24216666666666678,4095,0,False,False,False,False,False,False
ALDH4A1,0.24170000000000003,4096,0,False,True,False,False,False,False
IRF8,0.24166666666666695,4097,0,False,False,False,False,False,False
SERPINB9,0.2415666666666667,4098,0,False,True,False,False,False,False
LIPG,0.2411666666666667,4099,0,False,True,False,False,False,False
SPSB2,0.2409333333333334,4100,0,False,False,False,False,False,False
PREX1,0.24093333333333306,4101,0,False,False,False,False,False,False
PRDM6,0.24086666666666667,4102,0,False,False,False,False,False,False
ADGRE2,0.24080000000000004,4103,0,False,False,False,False,False,False
FAM3C,0.24076666666666663,4104,0,False,False,False,False,False,False
SOD2,0.24056666666666682,4105,0,False,False,False,False,False,False
HYAL2,0.2404666666666668,4106,0,False,True,False,False,False,False
IL27,0.24043333333333336,4107,0,False,True,False,False,False,False
RAPGEF5,0.24029999999999982,4108,0,False,False,False,False,False,False
CFH,0.23963333333333328,4109,0,False,False,False,False,False,False
CFAP58,0.2395666666666666,4110,0,False,False,False,False,False,False
SYN1,0.23953333333333343,4111,0,False,True,False,False,False,False
SPRY4,0.23953333333333338,4112,0,False,False,False,False,False,False
TRIB1,0.23936666666666667,4113,0,False,True,False,False,False,False
HEYL,0.23929999999999998,4114,0,False,False,False,False,False,False
CNTN3,0.2392666666666667,4115,0,False,False,False,False,False,False
LCP2,0.23919999999999997,4116,0,False,False,False,False,False,False
PDE6G,0.2387333333333333,4117,0,False,False,False,False,False,False
FUT8,0.2386333333333334,4118,0,False,False,False,False,False,False
QRFP,0.2385666666666667,4119,0,False,False,False,False,False,False
GALNT12,0.23853333333333349,4120,0,False,False,False,False,False,False
TMEM61,0.2385,4121,0,False,False,False,False,False,False
PRKCZ,0.2382333333333331,4122,0,False,False,False,False,False,False
NDST1,0.23816666666666658,4123,0,False,False,False,False,False,False
EFEMP2,0.23813333333333328,4124,0,False,False,False,False,False,False
SLC19A2,0.23806666666666687,4125,0,False,False,False,False,False,False
PLIN5,0.23769999999999977,4126,0,False,False,False,False,False,False
LSR,0.2376666666666667,4127,0,False,True,False,False,False,False
GPRASP1,0.23759999999999995,4128,0,False,False,False,False,False,False
HMSD,0.23753333333333335,4129,0,False,False,False,False,False,False
PRICKLE1,0.23753333333333315,4130,0,False,False,False,False,False,False
TAGAP,0.23729999999999998,4131,0,False,True,False,False,False,False
RRAGD,0.23720000000000005,4132,0,False,False,False,False,False,False
HELB,0.2370999999999999,4133,0,False,False,False,False,False,False
SLC24A3,0.23706666666666693,4134,0,False,False,False,False,False,False
USP27X,0.23700000000000018,4135,0,False,False,False,False,False,False
CYP39A1,0.23686666666666653,4136,0,False,True,False,False,False,False
MYMX,0.23680000000000015,4137,0,False,False,False,False,False,False
CETP,0.23673333333333313,4138,0,False,True,False,False,False,False
PGD,0.2366333333333333,4139,0,False,False,False,False,False,False
LANCL3,0.23656666666666656,4140,0,False,False,False,False,False,False
ANKRD13B,0.2362666666666666,4141,0,False,False,False,False,False,False
C19ORF38,0.2361333333333335,4142,0,False,False,False,False,False,False
ROPN1B,0.2360333333333333,4143,0,False,False,False,False,False,False
RGMA,0.23599999999999977,4144,0,False,True,False,False,False,False
PCDHAC2,0.23596666666666663,4145,0,False,True,False,False,False,False
HMGCLL1,0.23593333333333333,4146,0,False,True,False,False,False,False
NPL,0.23576666666666668,4147,0,False,False,False,False,False,False
RORA,0.23569999999999994,4148,0,False,False,False,False,False,False
TTLL12,0.23559999999999992,4149,0,False,True,False,False,False,False
CFAP91,0.23486666666666664,4150,0,False,False,False,False,False,False
RCSD1,0.23469999999999985,4151,0,False,False,False,False,False,False
NUDT8,0.2345333333333333,4152,0,False,False,False,False,False,False
MAGI1,0.2344666666666667,4153,0,False,True,False,False,False,False
PSORS1C1,0.2342333333333334,4154,0,False,False,False,False,False,False
ATP8A2,0.23423333333333338,4155,0,False,True,False,False,False,False
SLC12A8,0.23423333333333324,4156,0,False,True,False,False,False,False
CCNJL,0.23413333333333314,4157,0,False,False,False,False,False,False
HOXA6,0.23396666666666652,4158,0,False,False,False,False,False,False
ETV5,0.2337666666666668,4159,0,False,False,False,False,False,False
HENMT1,0.23366666666666683,4160,0,False,False,False,False,False,False
APCDD1,0.2335999999999999,4161,0,False,True,False,False,False,False
RNF122,0.23343333333333333,4162,0,False,False,False,False,False,False
ZNF737,0.23316666666666658,4163,0,False,False,False,False,False,False
VASN,0.2328999999999999,4164,0,False,False,False,False,False,False
CYP11A1,0.23273333333333346,4165,0,False,False,False,False,False,False
PRR33,0.23273333333333346,4165,0,False,False,False,False,False,False
NBEAL1,0.23273333333333313,4167,0,False,False,False,False,False,False
SLC22A18,0.23223333333333315,4168,0,False,False,False,False,False,False
LIMD2,0.23216666666666677,4169,0,False,False,False,False,False,False
TMEM236,0.2320333333333335,4170,0,False,False,False,False,False,False
RECK,0.23183333333333356,4171,0,False,False,False,False,False,False
TM6SF1,0.2317666666666667,4172,0,False,False,False,False,False,False
SMIM1,0.23166666666666677,4173,0,False,False,False,False,False,False
MCC,0.2316,4174,0,False,False,False,False,False,False
GSR,0.23156666666666675,4175,0,False,True,False,False,False,False
XAF1,0.23149999999999996,4176,0,False,False,False,False,False,False
IFI27L2,0.23130000000000014,4177,0,False,False,False,False,False,False
SLAMF1,0.2313000000000001,4178,0,False,False,False,False,False,False
SPA17,0.2312333333333334,4179,0,False,False,False,False,False,False
CACNA1D,0.23123333333333326,4180,0,False,False,False,False,False,False
KCNE3,0.2308666666666667,4181,0,False,True,False,False,False,False
LRRC56,0.23070000000000002,4182,0,False,False,False,False,False,False
GCNT1,0.23050000000000012,4183,0,False,False,False,False,False,False
GK,0.2303999999999999,4184,0,False,False,False,False,False,False
SHANK2,0.23026666666666665,4185,0,False,False,False,False,False,False
ALDH1B1,0.2300333333333333,4186,0,False,True,False,False,False,False
PIH1D2,0.2297666666666667,4187,0,False,False,False,False,False,False
NECTIN3,0.22973333333333334,4188,0,False,False,False,False,False,False
SLC13A3,0.22926666666666654,4189,0,False,True,False,False,False,False
LHFPL2,0.22923333333333337,4190,0,False,False,False,False,False,False
GIMAP2,0.22909999999999997,4191,0,False,False,False,False,False,False
PRRT3,0.22896666666666662,4192,0,False,False,False,False,False,False
NFKBIA,0.22876666666666656,4193,0,False,False,False,False,False,False
SYNC,0.22869999999999985,4194,0,False,False,False,False,False,False
CCDC9B,0.22866666666666655,4195,0,False,False,False,False,False,False
CLEC9A,0.22850000000000004,4196,0,False,False,False,False,False,False
GGTA1,0.22843333333333352,4197,0,False,False,False,False,False,False
NKTR,0.22826666666666667,4198,0,False,False,False,False,False,False
LRCH2,0.2282666666666666,4199,0,False,False,False,False,False,False
CFAP100,0.2282,4200,0,False,False,False,False,False,False
TYMS,0.22806666666666678,4201,0,False,False,False,False,False,False
DPYSL2,0.22796666666666662,4202,0,False,False,False,False,False,False
THSD7A,0.22786666666666686,4203,0,False,False,False,False,False,False
IL10RA,0.22786666666666644,4204,0,False,False,False,False,False,False
GLIPR1L2,0.22783333333333308,4205,0,False,True,False,False,False,False
PRDX4,0.22749999999999995,4206,0,False,False,False,False,False,False
XKR6,0.2273666666666667,4207,0,False,False,False,False,False,False
VEGFC,0.2271999999999998,4208,0,False,True,False,False,False,False
CDKN1A,0.22713333333333333,4209,0,False,False,False,False,False,False
PPP1R12B,0.2271333333333333,4210,0,False,False,False,False,False,False
MISP3,0.2269999999999999,4211,0,False,False,False,False,False,False
ASPDH,0.22689999999999994,4212,0,False,False,False,False,False,False
MCM7,0.22683333333333328,4213,0,False,False,False,False,False,False
LURAP1,0.22660000000000005,4214,0,False,False,False,False,False,False
KIF6,0.22659999999999977,4215,0,False,False,False,False,False,False
FCRLB,0.22649999999999962,4216,0,False,False,False,False,False,False
NEURL1B,0.22646666666666662,4217,0,False,False,False,False,False,False
ARID5A,0.22616666666666665,4218,0,False,True,False,False,False,False
LPAR5,0.2260000000000001,4219,0,False,False,False,False,False,False
ZNF578,0.2257333333333335,4220,0,False,True,False,False,False,False
CHRNE,0.22569999999999993,4221,0,False,False,False,False,False,False
CD33,0.22563333333333327,4222,0,False,False,False,False,False,False
PDZRN3,0.22556666666666667,4223,0,False,False,False,False,False,False
AL121753.1,0.22523333333333345,4224,0,False,False,False,False,False,False
PLK3,0.2252333333333332,4225,0,False,False,False,False,False,False
LRRC75A,0.22510000000000005,4226,0,False,False,False,False,False,False
ELOVL7,0.22509999999999997,4227,0,False,False,False,False,False,False
BRCA2,0.2248333333333332,4228,0,False,False,False,False,False,False
TTC28,0.2246333333333333,4229,0,False,True,False,False,False,False
IGF1,0.22453333333333328,4230,1,True,True,False,True,False,False
KIAA1755,0.22429999999999997,4231,0,False,False,False,False,False,False
CRACR2A,0.22396666666666665,4232,0,False,False,False,False,False,False
BST1,0.22390000000000002,4233,0,False,False,False,False,False,False
TOM1L2,0.2238666666666668,4234,0,False,False,False,False,False,False
RASEF,0.22379999999999994,4235,0,False,False,False,False,False,False
GDPD3,0.22346666666666679,4236,0,False,False,False,False,False,False
ITIH3,0.22346666666666667,4237,0,False,True,False,False,False,False
ARSJ,0.22330000000000017,4238,0,False,False,False,False,False,False
ZNF662,0.22323333333333314,4239,0,False,False,False,False,False,False
ART5,0.22306666666666697,4240,0,False,False,False,False,False,False
ADA,0.22299999999999992,4241,0,False,False,False,False,False,False
GPR153,0.22299999999999992,4241,0,False,False,False,False,False,False
TGFB3,0.22269999999999987,4243,0,False,False,False,False,False,False
PERP,0.22266666666666676,4244,0,False,False,False,False,False,False
MACF1,0.22266666666666665,4245,0,False,True,False,False,False,False
RUNX1T1,0.2225999999999999,4246,0,False,False,False,False,False,False
ACSS1,0.22250000000000006,4247,0,False,True,False,False,False,False
TSPAN4,0.22236666666666668,4248,0,False,True,False,False,False,False
ABTB2,0.22226666666666658,4249,0,False,False,False,False,False,False
CDK5RAP3,0.22223333333333326,4250,0,False,False,False,False,False,False
GFUS,0.22203333333333328,4251,0,False,False,False,False,False,False
CLUL1,0.22196666666666662,4252,0,False,False,False,False,False,False
CYRIA,0.2219666666666666,4253,0,False,True,False,False,False,False
TCN2,0.22193333333333348,4254,0,False,False,False,False,False,False
EGFLAM,0.22190000000000032,4255,0,False,False,False,False,False,False
PLXNC1,0.22179999999999997,4256,0,False,False,False,False,False,False
ATP10A,0.2217,4257,0,False,False,False,False,False,False
ZNF793,0.22139999999999982,4258,0,False,False,False,False,False,False
TWIST2,0.2211999999999999,4259,0,False,False,False,False,False,False
DAB2,0.22103333333333344,4260,0,False,False,False,False,False,False
PALD1,0.221,4261,0,False,False,False,False,False,False
MAP10,0.2208999999999999,4262,0,False,False,False,False,False,False
PRR16,0.2208666666666666,4263,0,False,False,False,False,False,False
BCAR3,0.22080000000000014,4264,0,False,False,False,False,False,False
HRH2,0.22080000000000008,4265,0,False,True,False,False,False,False
ABCC6,0.22076666666666667,4266,0,False,False,False,False,False,False
EPHA1,0.22060000000000002,4267,0,False,False,False,False,False,False
RAB25,0.2203666666666667,4268,0,False,True,False,False,False,False
MRPL12,0.22036666666666666,4269,0,False,False,False,False,False,False
DLL4,0.2201666666666665,4270,0,False,False,False,False,False,False
SLC4A7,0.2201666666666665,4270,0,False,False,False,False,False,False
ZBTB32,0.21953333333333325,4272,0,False,True,False,False,False,False
HPX,0.2191333333333334,4273,0,False,True,False,False,False,False
NKX3-1,0.2190333333333334,4274,0,False,False,False,False,False,False
CNTD1,0.21900000000000006,4275,0,False,False,False,False,False,False
CHST11,0.21876666666666647,4276,0,False,False,False,False,False,False
MT-CYB,0.21853333333333333,4277,0,False,True,False,False,False,False
LRP3,0.21840000000000004,4278,0,False,False,False,False,False,False
OTUB2,0.2183999999999999,4279,0,False,False,False,False,False,False
ACADSB,0.2183,4280,0,False,False,False,False,False,False
ZNF233,0.21823333333333342,4281,0,False,False,False,False,False,False
CTSB,0.21819999999999998,4282,0,False,False,False,False,False,False
APOL1,0.21800000000000003,4283,0,False,False,False,False,False,False
SEMA4G,0.2177999999999999,4284,0,False,False,False,False,False,False
TENT5A,0.2177,4285,0,False,False,False,False,False,False
FAM50B,0.21769999999999987,4286,0,False,False,False,False,False,False
RAB5IF,0.2176333333333334,4287,0,False,False,False,False,False,False
CRTAM,0.21759999999999996,4288,0,False,False,False,False,False,False
NUPR1,0.21753333333333338,4289,0,False,False,False,False,False,False
CLEC4A,0.2173333333333333,4290,0,False,False,False,False,False,False
EXOC3L4,0.21716666666666665,4291,0,False,False,False,False,False,False
NREP,0.2171666666666666,4292,0,False,False,False,False,False,False
SOX6,0.21713333333333348,4293,0,False,True,False,False,False,False
ERFL,0.21710000000000007,4294,0,False,False,False,False,False,False
CALD1,0.2170000000000001,4295,0,False,False,False,False,False,False
HCN3,0.21673333333333342,4296,0,False,False,False,False,False,False
PCDHA12,0.21673333333333342,4296,0,False,False,False,False,False,False
HMGCS1,0.21673333333333328,4298,0,False,True,False,False,False,False
TPRG1,0.21669999999999998,4299,0,False,False,False,False,False,False
CRYBG3,0.21660000000000007,4300,0,False,False,False,False,False,False
CD200,0.2162000000000001,4301,0,False,False,False,False,False,False
SPSB1,0.21603333333333316,4302,0,False,True,False,False,False,False
MTCL1,0.21596666666666658,4303,0,False,False,False,False,False,False
ADD3,0.2158666666666668,4304,0,False,False,False,False,False,False
FANCD2,0.2158666666666666,4305,0,False,False,False,False,False,False
GIPC3,0.21580000000000008,4306,0,False,False,False,False,False,False
PDLIM7,0.21573333333333322,4307,0,False,False,False,False,False,False
FKBP1B,0.21566666666666648,4308,0,False,False,False,False,False,False
UST,0.2154999999999999,4309,0,False,False,False,False,False,False
TIAM1,0.21536666666666648,4310,0,False,False,False,False,False,False
SLC52A2,0.21526666666666672,4311,0,False,True,False,False,False,False
SSPN,0.2148999999999999,4312,0,False,False,False,False,False,False
TMEM200B,0.21439999999999992,4313,0,False,False,False,False,False,False
GNMT,0.21433333333333318,4314,0,False,True,False,False,False,False
ZDHHC9,0.21423333333333328,4315,0,False,True,False,False,False,False
SDC1,0.21413333333333323,4316,0,False,False,False,False,False,False
GRB7,0.21396666666666667,4317,0,False,False,False,False,False,False
TTC9,0.2139666666666666,4318,0,False,False,False,False,False,False
CISH,0.21380000000000016,4319,0,False,False,False,False,False,False
RPP25,0.21360000000000004,4320,0,False,False,False,False,False,False
CAVIN3,0.2134333333333334,4321,0,False,False,False,False,False,False
DUSP23,0.21339999999999998,4322,0,False,False,False,False,False,False
ITM2C,0.2133999999999999,4323,0,False,False,False,False,False,False
SPIN4,0.21320000000000008,4324,0,False,True,False,False,False,False
FZD8,0.2130333333333333,4325,0,False,False,False,False,False,False
ENC1,0.21300000000000005,4326,0,False,False,False,False,False,False
CCDC163,0.21203333333333332,4327,0,False,True,False,False,False,False
TSPAN33,0.21196666666666653,4328,0,False,False,False,False,False,False
IMPA2,0.2118333333333334,4329,0,False,False,False,False,False,False
ACOT7,0.21183333333333326,4330,0,False,False,False,False,False,False
BATF3,0.21180000000000002,4331,0,False,False,False,False,False,False
ZBP1,0.2115999999999999,4332,0,False,False,False,False,False,False
CD8B,0.21153333333333324,4333,0,False,False,False,False,False,False
NPIPB4,0.21143333333333322,4334,0,False,False,False,False,False,False
PIEZO2,0.21140000000000006,4335,0,False,True,False,False,False,False
ICAM3,0.2113666666666667,4336,0,False,False,False,False,False,False
SOCS1,0.2112666666666665,4337,0,False,False,False,False,False,False
MAML2,0.21113333333333337,4338,0,False,False,False,False,False,False
CPT1C,0.21106666666666676,4339,0,False,False,False,False,False,False
RPS27AP5,0.2109999999999999,4340,0,False,False,False,False,False,False
IFITM3,0.2109333333333333,4341,0,False,False,False,False,False,False
FOXRED2,0.2108000000000001,4342,0,False,True,False,False,False,False
SAMD10,0.21073333333333333,4343,0,False,False,False,False,False,False
MTSS1,0.21070000000000016,4344,0,False,False,False,False,False,False
RPGR,0.21063333333333334,4345,0,False,False,False,False,False,False
RILP,0.21063333333333326,4346,0,False,True,False,False,False,False
MYO1F,0.21053333333333338,4347,0,False,True,False,False,False,False
PXDNL,0.2104333333333333,4348,0,False,False,False,False,False,False
ADAMTS7,0.21019999999999997,4349,0,False,False,False,False,False,False
CTSD,0.2101,4350,0,False,False,False,False,False,False
KCNN2,0.21003333333333332,4351,0,False,False,False,False,False,False
SYP,0.20996666666666666,4352,0,False,False,False,False,False,False
LDHA,0.20979999999999985,4353,0,False,False,False,False,False,False
FOSL2,0.20973333333333316,4354,0,False,False,False,False,False,False
MOCOS,0.20953333333333332,4355,0,False,False,False,False,False,False
CDCA4,0.2094999999999999,4356,0,False,False,False,False,False,False
CDKN1C,0.2094333333333334,4357,0,False,False,False,False,False,False
UNC5B,0.20936666666666648,4358,0,False,False,False,False,False,False
SOX13,0.20933333333333345,4359,0,False,False,False,False,False,False
HLA-DOB,0.20926666666666655,4360,0,False,False,False,False,False,False
PROCR,0.20903333333333343,4361,0,False,True,False,False,False,False
PCDHGA2,0.20899999999999985,4362,0,False,False,False,False,False,False
ZNF462,0.20876666666666654,4363,0,False,True,False,False,False,False
PLD3,0.20873333333333324,4364,0,False,True,False,False,False,False
CCDC102B,0.20856666666666668,4365,0,False,False,False,False,False,False
PCDHB3,0.20850000000000002,4366,0,False,False,False,False,False,False
NALCN,0.20806666666666662,4367,0,False,True,False,False,False,False
ARHGEF28,0.2074999999999997,4368,0,False,False,False,False,False,False
SNCAIP,0.20739999999999986,4369,0,False,True,False,False,False,False
TRAF5,0.20683333333333323,4370,0,False,False,False,False,False,False
ETS1,0.2068333333333332,4371,0,False,False,False,False,False,False
PLCH2,0.20680000000000007,4372,0,False,False,False,False,False,False
SPACA4,0.20670000000000008,4373,0,False,False,False,False,False,False
ZNF469,0.20669999999999983,4374,0,False,True,False,False,False,False
IFITM2,0.20653333333333335,4375,0,False,False,False,False,False,False
RAB3A,0.2064666666666666,4376,0,False,False,False,False,False,False
ITGAV,0.2063666666666667,4377,0,False,False,False,False,False,False
ITGB7,0.206,4378,0,False,False,False,False,False,False
SCAI,0.20599999999999996,4379,0,False,False,False,False,False,False
DDIAS,0.2059666666666666,4380,0,False,False,False,False,False,False
MN1,0.20559999999999998,4381,0,False,False,False,False,False,False
STRADA,0.20556666666666676,4382,0,False,False,False,False,False,False
AMIGO1,0.20553333333333326,4383,0,False,False,False,False,False,False
DPM3,0.20546666666666666,4384,0,False,False,False,False,False,False
RALGAPA2,0.2052999999999999,4385,0,False,False,False,False,False,False
LRP1,0.2052333333333333,4386,0,False,False,False,False,False,False
GALNT16,0.20513333333333336,4387,0,False,False,False,False,False,False
ENDOD1,0.2051000000000001,4388,0,False,False,False,False,False,False
PRKAA2,0.20506666666666662,4389,0,False,False,False,False,False,False
MT-CO2,0.20493333333333336,4390,0,False,False,False,False,False,False
FAM20A,0.20476666666666649,4391,0,False,False,False,False,False,False
C1ORF210,0.20466666666666655,4392,0,False,True,False,False,False,False
MARVELD3,0.2042999999999998,4393,0,False,False,False,False,False,False
PCDHB6,0.20413333333333322,4394,0,False,False,False,False,False,False
FZD3,0.20409999999999986,4395,0,False,True,False,False,False,False
SPRYD7,0.2040000000000002,4396,0,False,False,False,False,False,False
NEK11,0.20393333333333338,4397,0,False,False,False,False,False,False
IL18BP,0.20373333333333327,4398,0,False,False,False,False,False,False
UACA,0.20369999999999996,4399,0,False,True,False,False,False,False
LRRC20,0.2036666666666667,4400,0,False,False,False,False,False,False
DLG5,0.2036666666666664,4401,0,False,False,False,False,False,False
MAFB,0.20350000000000007,4402,0,False,False,False,False,False,False
REL,0.2031999999999999,4403,0,False,False,False,False,False,False
NPIPB3,0.20303333333333343,4404,0,False,False,False,False,False,False
IL2RG,0.20286666666666656,4405,0,False,False,False,False,False,False
ARMH1,0.20283333333333328,4406,0,False,True,False,False,False,False
RAG1,0.20279999999999998,4407,0,False,True,False,False,False,False
DPY19L1,0.20279999999999995,4408,0,False,False,False,False,False,False
VSIG10,0.20273333333333338,4409,0,False,True,False,False,False,False
ARHGAP30,0.20266666666666663,4410,0,False,False,False,False,False,False
FGF14,0.20266666666666658,4411,0,False,False,False,False,False,False
IL27RA,0.2026333333333331,4412,0,False,False,False,False,False,False
RGS9,0.20253333333333315,4413,0,False,False,False,False,False,False
FP565260.3,0.2024666666666667,4414,0,False,False,False,False,False,False
MT-ND4L,0.20229999999999992,4415,0,False,True,False,False,False,False
WDR76,0.2022666666666667,4416,0,False,False,False,False,False,False
JAK3,0.20213333333333328,4417,0,False,False,False,False,False,False
ZNF850,0.20199999999999993,4418,0,False,False,False,False,False,False
PPP1R3G,0.20183333333333328,4419,0,False,False,False,False,False,False
EPSTI1,0.20146666666666668,4420,0,False,False,False,False,False,False
IRF1,0.20109999999999997,4421,0,False,False,False,False,False,False
MICB,0.2010000000000001,4422,0,False,False,False,False,False,False
THSD4,0.2008999999999999,4423,0,False,False,False,False,False,False
PYHIN1,0.2008333333333334,4424,0,False,True,False,False,False,False
SHISAL2A,0.2008333333333334,4424,0,False,True,False,False,False,False
ZNF322,0.20073333333333343,4426,0,False,False,False,False,False,False
TNFSF12,0.20063333333333339,4427,0,False,False,False,False,False,False
ADM5,0.20046666666666665,4428,0,False,False,False,False,False,False
PTPN7,0.2004333333333332,4429,0,False,False,False,False,False,False
LOXL4,0.20033333333333334,4430,0,False,False,False,False,False,False
ZBTB18,0.2002333333333333,4431,0,False,True,False,False,False,False
GFRA2,0.20016666666666658,4432,0,False,False,False,False,False,False
RNASE6,0.2001333333333334,4433,0,False,False,False,False,False,False
N4BP3,0.20009999999999994,4434,0,False,False,False,False,False,False
SP140,0.2,4435,0,False,False,False,False,False,False
GSTP1,0.19993333333333335,4436,0,False,True,False,False,False,False
RHOU,0.19989999999999994,4437,0,False,True,False,False,False,False
ENO1,0.1998666666666666,4438,0,False,False,False,False,False,False
MOK,0.19966666666666663,4439,0,False,False,False,False,False,False
ANP32E,0.19956666666666675,4440,0,False,False,False,False,False,False
LRRC4C,0.19943333333333313,4441,0,False,False,False,False,False,False
PLCXD1,0.19936666666666655,4442,0,False,False,False,False,False,False
PCDHGA7,0.19933333333333308,4443,0,False,False,False,False,False,False
PRRT2,0.19920000000000002,4444,0,False,True,False,False,False,False
SPEF2,0.19886666666666653,4445,0,False,False,False,False,False,False
KIF1C,0.1988333333333333,4446,0,False,False,False,False,False,False
AGPAT2,0.19880000000000014,4447,0,False,True,False,False,False,False
MYO1E,0.19880000000000006,4448,0,False,False,False,False,False,False
RIPOR3,0.19869999999999993,4449,0,False,False,False,False,False,False
CALCOCO1,0.19846666666666685,4450,0,False,False,False,False,False,False
SLC12A7,0.19846666666666662,4451,0,False,False,False,False,False,False
PMM2,0.19843333333333332,4452,0,False,True,False,False,False,False
C20ORF194,0.19839999999999997,4453,0,False,False,False,False,False,False
WNT2B,0.19833333333333325,4454,0,False,False,False,False,False,False
PTPRG,0.19823333333333337,4455,0,False,True,False,False,False,False
TMIE,0.19816666666666669,4456,0,False,False,False,False,False,False
PCDH18,0.19779999999999998,4457,0,False,False,False,False,False,False
HLA-B,0.19753333333333317,4458,0,False,False,False,False,False,False
SERPINH1,0.19749999999999998,4459,0,False,False,False,False,False,False
TOB1,0.1974666666666666,4460,0,False,False,False,False,False,False
GNB4,0.19716666666666666,4461,0,False,False,False,False,False,False
ITGA4,0.19696666666666673,4462,0,False,False,False,False,False,False
FNDC5,0.1960666666666669,4463,0,False,False,False,False,False,False
GRAP2,0.19603333333333342,4464,0,False,True,False,False,False,False
TAS2R14,0.1959666666666666,4465,0,False,False,False,False,False,False
EVI2B,0.1958666666666665,4466,0,False,False,False,False,False,False
BIN2,0.19583333333333325,4467,0,False,False,False,False,False,False
NFIA,0.19569999999999993,4468,0,False,True,False,False,False,False
CRY2,0.19526666666666653,4469,0,False,False,False,False,False,False
MEGF9,0.1952666666666665,4470,0,False,True,False,False,False,False
PTPRD,0.19516666666666652,4471,0,False,True,False,False,False,False
DACT3,0.1950666666666665,4472,0,False,False,False,False,False,False
SPTBN5,0.19483333333333325,4473,0,False,True,False,False,False,False
TXLNB,0.19476666666666667,4474,0,False,False,False,False,False,False
PCDHB14,0.19476666666666656,4475,0,False,True,False,False,False,False
TMOD2,0.19476666666666656,4475,0,False,False,False,False,False,False
ZNF106,0.19473333333333334,4477,0,False,False,False,False,False,False
ACOX2,0.1946,4478,0,False,False,False,False,False,False
EXOSC5,0.19453333333333336,4479,0,False,True,False,False,False,False
LYL1,0.19443333333333332,4480,0,False,False,False,False,False,False
PCDHB9,0.19423333333333345,4481,0,False,False,False,False,False,False
CERS6,0.19416666666666674,4482,0,False,True,False,False,False,False
ADAMTS17,0.19413333333333332,4483,0,False,False,False,False,False,False
VAV3,0.19393333333333332,4484,0,False,True,False,False,False,False
KLRD1,0.19359999999999988,4485,0,False,False,False,False,False,False
TNFSF8,0.19299999999999995,4486,0,False,True,False,False,False,False
IFIT3,0.1929,4487,0,False,False,False,False,False,False
RASSF2,0.1928666666666668,4488,0,False,False,False,False,False,False
SUV39H2,0.1928333333333333,4489,0,False,False,False,False,False,False
TEAD4,0.19276666666666661,4490,0,False,False,False,False,False,False
GAB1,0.19273333333333345,4491,0,False,True,False,False,False,False
GPCPD1,0.19273333333333326,4492,0,False,False,False,False,False,False
TPBGL,0.19259999999999988,4493,0,False,False,False,False,False,False
ARSI,0.19206666666666664,4494,0,False,False,False,False,False,False
RHOF,0.1920333333333333,4495,0,False,True,False,False,False,False
PSTPIP2,0.19196666666666656,4496,0,False,False,False,False,False,False
PKIG,0.19173333333333345,4497,0,False,False,False,False,False,False
MEIS1,0.19136666666666655,4498,0,False,False,False,False,False,False
PCDHGA5,0.19109999999999996,4499,0,False,False,False,False,False,False
FADS1,0.19099999999999995,4500,0,False,True,False,False,False,False
KLF13,0.19099999999999986,4501,0,False,False,False,False,False,False
IL12RB1,0.1909666666666667,4502,0,False,False,False,False,False,False
SLC35G2,0.1906666666666667,4503,0,False,False,False,False,False,False
RNF180,0.1905333333333334,4504,0,False,False,False,False,False,False
DONSON,0.19019999999999998,4505,0,False,True,False,False,False,False
LMNB2,0.19016666666666657,4506,0,False,False,False,False,False,False
OAF,0.19009999999999985,4507,0,False,False,False,False,False,False
PCDHB4,0.19003333333333322,4508,0,False,False,False,False,False,False
FAS,0.18989999999999999,4509,0,False,False,False,False,False,False
CRACR2B,0.18986666666666668,4510,0,False,False,False,False,False,False
PNPLA7,0.1898666666666666,4511,0,False,False,False,False,False,False
CKMT2,0.18983333333333335,4512,0,False,False,False,False,False,False
HOXB6,0.1898,4513,0,False,False,False,False,False,False
TNFRSF8,0.18976666666666667,4514,0,False,False,False,False,False,False
LZTS1,0.18946666666666662,4515,0,False,False,False,False,False,False
P2RX7,0.18923333333333348,4516,0,False,True,False,False,False,False
PLA2G5,0.18920000000000015,4517,0,False,False,False,False,False,False
STAC3,0.18913333333333335,4518,0,False,False,False,False,False,False
RASGRF2,0.18899999999999997,4519,0,False,False,False,False,False,False
LYG1,0.1887666666666668,4520,0,False,False,False,False,False,False
CEMIP2,0.18873333333333328,4521,0,False,False,False,False,False,False
UBE2V1,0.1885666666666667,4522,0,False,False,False,False,False,False
RESF1,0.18836666666666665,4523,0,False,False,False,False,False,False
FAM209B,0.18833333333333338,4524,0,False,True,False,False,False,False
MACROH2A2,0.18800000000000008,4525,0,False,False,False,False,False,False
HLA-A,0.18786666666666663,4526,0,False,False,False,False,False,False
FMOD,0.18786666666666652,4527,0,False,True,False,False,False,False
CD4,0.18779999999999997,4528,0,False,True,False,False,False,False
MOB3B,0.18766666666666673,4529,0,False,True,False,False,False,False
ZNF713,0.18763333333333332,4530,0,False,False,False,False,False,False
PDGFA,0.18729999999999974,4531,0,False,False,False,False,False,False
CD40,0.18716666666666676,4532,0,False,False,False,False,False,False
OSMR,0.18713333333333335,4533,0,False,False,False,False,False,False
CD320,0.18713333333333335,4533,0,False,False,False,False,False,False
TRIM47,0.1870666666666668,4535,0,False,False,False,False,False,False
NOX1,0.18689999999999993,4536,0,False,False,False,False,False,False
BMPR2,0.18686666666666665,4537,0,False,False,False,False,False,False
YJEFN3,0.18676666666666672,4538,0,False,False,False,False,False,False
ZNF682,0.1867333333333333,4539,0,False,False,False,False,False,False
ZMYND12,0.18670000000000014,4540,0,False,False,False,False,False,False
PRKAR2B,0.1867,4541,0,False,True,False,False,False,False
CPLX1,0.18666666666666681,4542,0,False,False,False,False,False,False
ASIC3,0.18653333333333347,4543,0,False,False,False,False,False,False
MPDZ,0.1864666666666665,4544,0,False,False,False,False,False,False
PUS7,0.1863666666666666,4545,0,False,False,False,False,False,False
ACP6,0.1863666666666666,4545,0,False,False,False,False,False,False
ZNF880,0.18603333333333336,4547,0,False,False,False,False,False,False
GPD1L,0.18573333333333347,4548,0,False,False,False,False,False,False
IFNLR1,0.18569999999999995,4549,0,False,True,False,False,False,False
BDH1,0.18563333333333315,4550,0,False,False,False,False,False,False
CCNL1,0.18563333333333312,4551,0,False,True,False,False,False,False
PPP1R1C,0.18553333333333324,4552,0,False,True,False,False,False,False
GRID2IP,0.1852666666666667,4553,0,False,False,False,False,False,False
ZNF667,0.1851999999999999,4554,0,False,True,False,False,False,False
LCAT,0.18499999999999994,4555,0,False,False,False,False,False,False
GSAP,0.18493333333333342,4556,0,False,False,False,False,False,False
GLIS2,0.18493333333333337,4557,0,False,False,False,False,False,False
QSOX1,0.18490000000000004,4558,0,False,False,False,False,False,False
DOK3,0.18483333333333332,4559,0,False,False,False,False,False,False
HSD11B2,0.18476666666666666,4560,0,False,False,False,False,False,False
FUOM,0.18469999999999986,4561,0,False,True,False,False,False,False
COL26A1,0.1846333333333334,4562,0,False,False,False,False,False,False
MARK1,0.18456666666666674,4563,0,False,False,False,False,False,False
METRN,0.1843000000000001,4564,0,False,False,False,False,False,False
ABHD6,0.1841333333333333,4565,0,False,False,False,False,False,False
NFAT5,0.1841000000000001,4566,0,False,False,False,False,False,False
HOMER3,0.18409999999999999,4567,0,False,True,False,False,False,False
NAP1L3,0.18403333333333324,4568,0,False,False,False,False,False,False
CCDC110,0.1839666666666668,4569,0,False,False,False,False,False,False
C1ORF53,0.18393333333333323,4570,0,False,False,False,False,False,False
HPCAL1,0.18389999999999987,4571,0,False,True,False,False,False,False
FUT7,0.18383333333333324,4572,0,False,False,False,False,False,False
NHSL2,0.1838000000000001,4573,0,False,False,False,False,False,False
PRKDC,0.18363333333333343,4574,0,False,True,False,False,False,False
CXCR4,0.1835666666666667,4575,0,False,False,False,False,False,False
RAB3IP,0.1834999999999999,4576,0,False,False,False,False,False,False
FLT1,0.18346666666666642,4577,0,False,False,False,False,False,False
PRKAR1B,0.18343333333333328,4578,0,False,False,False,False,False,False
PLIN3,0.18336666666666665,4579,0,False,False,False,False,False,False
ARAP3,0.18330000000000005,4580,0,False,False,False,False,False,False
ZNF831,0.1832666666666667,4581,0,False,False,False,False,False,False
TXN,0.18316666666666662,4582,0,False,False,False,False,False,False
SLFN12L,0.18280000000000005,4583,0,False,False,False,False,False,False
SPATA12,0.18273333333333341,4584,0,False,False,False,False,False,False
C8ORF48,0.1826666666666667,4585,0,False,False,False,False,False,False
SNAI3,0.1826333333333334,4586,0,False,False,False,False,False,False
CHPT1,0.18256666666666663,4587,0,False,False,False,False,False,False
DTX2,0.18246666666666664,4588,0,False,False,False,False,False,False
SPRING1,0.18246666666666655,4589,0,False,False,False,False,False,False
DARS2,0.18239999999999992,4590,0,False,False,False,False,False,False
GRK3,0.18226666666666677,4591,0,False,False,False,False,False,False
IGFBP7,0.18186666666666668,4592,0,False,False,False,False,False,False
ADCY9,0.1818666666666666,4593,0,False,False,False,False,False,False
PCDHGA11,0.18179999999999996,4594,0,False,False,False,False,False,False
HR,0.1815666666666667,4595,0,False,True,False,False,False,False
TRABD2A,0.18139999999999998,4596,0,False,False,False,False,False,False
PDE7B,0.18106666666666668,4597,0,False,False,False,False,False,False
TIGD4,0.18103333333333316,4598,0,False,False,False,False,False,False
ADCY5,0.1808999999999999,4599,0,False,False,False,False,False,False
ERBB3,0.18073333333333344,4600,0,False,False,False,False,False,False
RYR2,0.1805333333333334,4601,0,False,False,False,False,False,False
MEX3B,0.18033333333333332,4602,0,False,False,False,False,False,False
USP34,0.18033333333333323,4603,0,False,False,False,False,False,False
LMNA,0.1802666666666666,4604,0,False,False,False,False,False,False
DGKH,0.18019999999999997,4605,0,False,False,False,False,False,False
CSRNP3,0.1801666666666666,4606,0,False,False,False,False,False,False
CKAP2,0.17986666666666656,4607,0,False,False,False,False,False,False
CASZ1,0.17966666666666675,4608,0,False,False,False,False,False,False
TMBIM4,0.1796333333333333,4609,0,False,False,False,False,False,False
SQLE,0.1791333333333335,4610,0,False,False,False,False,False,False
AKR1E2,0.17896666666666664,4611,0,False,False,False,False,False,False
BEND7,0.17886666666666665,4612,0,False,True,False,False,False,False
STARD10,0.17880000000000004,4613,0,False,False,False,False,False,False
SLC35E4,0.1787666666666666,4614,0,False,False,False,False,False,False
ENTPD3,0.17873333333333333,4615,0,False,False,False,False,False,False
FERMT2,0.1785333333333333,4616,0,False,True,False,False,False,False
PLAGL1,0.1781333333333334,4617,0,False,False,False,False,False,False
ACSL1,0.17809999999999998,4618,0,False,False,False,False,False,False
KDM6B,0.1780666666666666,4619,0,False,False,False,False,False,False
TMC4,0.17799999999999983,4620,0,False,True,False,False,False,False
CACNA2D1,0.17789999999999975,4621,0,False,True,False,False,False,False
IRF9,0.17766666666666656,4622,0,False,False,False,False,False,False
MSRB1,0.17759999999999992,4623,0,False,True,False,False,False,False
CASP1,0.17750000000000013,4624,0,False,False,False,False,False,False
KLF10,0.17743333333333328,4625,0,False,False,False,False,False,False
MC1R,0.17740000000000003,4626,0,False,False,False,False,False,False
SDC3,0.17726666666666646,4627,0,False,False,False,False,False,False
KIAA1109,0.17703333333333335,4628,0,False,False,False,False,False,False
PSD,0.17699999999999996,4629,0,False,False,False,False,False,False
UBQLNL,0.17683333333333318,4630,0,False,False,False,False,False,False
PTGDR,0.17653333333333324,4631,0,False,False,False,False,False,False
ANO5,0.17640000000000003,4632,0,False,False,False,False,False,False
BHLHE22,0.17633333333333315,4633,0,False,False,False,False,False,False
GPR65,0.17626666666666663,4634,0,False,False,False,False,False,False
NOCT,0.17626666666666654,4635,0,False,False,False,False,False,False
SAMD13,0.1761,4636,0,False,False,False,False,False,False
SMARCD3,0.17606666666666665,4637,0,False,False,False,False,False,False
GAS2,0.17603333333333337,4638,0,False,False,False,False,False,False
SCAND1,0.17603333333333335,4639,0,False,False,False,False,False,False
SNTB1,0.17599999999999985,4640,0,False,False,False,False,False,False
PRKG1,0.17599999999999985,4640,0,False,False,False,False,False,False
EGFL6,0.17596666666666694,4642,0,False,False,False,False,False,False
PLPP3,0.17596666666666674,4643,0,False,False,False,False,False,False
CXADR,0.17586666666666653,4644,0,False,False,False,False,False,False
VSTM4,0.1757666666666667,4645,0,False,False,False,False,False,False
GSN,0.17546666666666655,4646,0,False,False,False,False,False,False
TMEM217,0.17516666666666675,4647,0,False,False,False,False,False,False
ZNF124,0.1750666666666666,4648,0,False,False,False,False,False,False
RMDN2,0.1749333333333335,4649,0,False,False,False,False,False,False
PARD6A,0.1749333333333332,4650,0,False,False,False,False,False,False
CCDC148,0.17476666666666665,4651,0,False,False,False,False,False,False
FOXD2,0.17473333333333335,4652,0,False,False,False,False,False,False
DHCR24,0.1746666666666665,4653,0,False,False,False,False,False,False
ARHGEF38,0.17436666666666661,4654,0,False,False,False,False,False,False
GPR141,0.17436666666666656,4655,0,False,True,False,False,False,False
HAGHL,0.17426666666666682,4656,0,False,True,False,False,False,False
CENPN,0.1742333333333334,4657,0,False,False,False,False,False,False
CFAP44,0.17416666666666653,4658,0,False,False,False,False,False,False
STOM,0.1741000000000001,4659,0,False,False,False,False,False,False
SFMBT2,0.17399999999999993,4660,0,False,True,False,False,False,False
SLC7A1,0.1738333333333335,4661,0,False,False,False,False,False,False
RAC2,0.1735666666666666,4662,0,False,False,False,False,False,False
NYNRIN,0.1735333333333333,4663,0,False,False,False,False,False,False
TMEM121,0.17339999999999992,4664,0,False,False,False,False,False,False
QKI,0.17329999999999993,4665,0,False,False,False,False,False,False
ITPRID2,0.17303333333333343,4666,0,False,True,False,False,False,False
REN,0.17299999999999996,4667,0,False,False,False,False,False,False
MCTP1,0.17283333333333312,4668,0,False,False,False,False,False,False
MANSC1,0.17279999999999995,4669,0,False,True,False,False,False,False
REV3L,0.1726999999999999,4670,0,False,True,False,False,False,False
PLEKHH1,0.17246666666666674,4671,0,False,False,False,False,False,False
GPSM1,0.17239999999999997,4672,0,False,False,False,False,False,False
EOMES,0.1722666666666666,4673,0,False,False,False,False,False,False
SAMHD1,0.17213333333333328,4674,0,False,True,False,False,False,False
ARHGAP24,0.17203333333333334,4675,0,False,False,False,False,False,False
MGST1,0.17196666666666652,4676,0,False,False,False,False,False,False
ZC3H12D,0.17193333333333333,4677,0,False,False,False,False,False,False
GSTO2,0.1719333333333332,4678,0,False,False,False,False,False,False
DTX1,0.17183333333333328,4679,0,False,False,False,False,False,False
C11ORF80,0.1714999999999999,4680,0,False,False,False,False,False,False
SLC39A11,0.1713333333333333,4681,0,False,False,False,False,False,False
MFGE8,0.17123333333333357,4682,0,False,False,False,False,False,False
LIMK1,0.1712333333333334,4683,0,False,False,False,False,False,False
SYPL2,0.17120000000000005,4684,0,False,False,False,False,False,False
SASS6,0.17119999999999994,4685,0,False,False,False,False,False,False
TP53INP1,0.17113333333333333,4686,0,False,False,False,False,False,False
BOK,0.17110000000000003,4687,0,False,False,False,False,False,False
ALDOA,0.17103333333333326,4688,0,False,False,False,False,False,False
ZNF66,0.17083333333333336,4689,0,False,False,False,False,False,False
COPZ2,0.17073333333333315,4690,0,False,False,False,False,False,False
CNRIP1,0.17066666666666666,4691,0,False,False,False,False,False,False
IGIP,0.17066666666666655,4692,0,False,False,False,False,False,False
C1ORF226,0.1705666666666667,4693,0,False,True,False,False,False,False
TRABD2B,0.17056666666666645,4694,0,False,False,False,False,False,False
ST20,0.17026666666666665,4695,0,False,False,False,False,False,False
ADHFE1,0.17013333333333322,4696,0,False,True,False,False,False,False
LEF1,0.1700666666666667,4697,0,False,False,False,False,False,False
DNAJC6,0.16993333333333316,4698,0,False,False,False,False,False,False
LIMD1,0.16989999999999997,4699,0,False,False,False,False,False,False
WSB1,0.16980000000000015,4700,0,False,False,False,False,False,False
TSPAN5,0.1696666666666666,4701,0,False,True,False,False,False,False
LDLRAD2,0.16956666666666667,4702,0,False,False,False,False,False,False
SOX5,0.16946666666666674,4703,0,False,False,False,False,False,False
ZNF154,0.16940000000000005,4704,0,False,False,False,False,False,False
XRRA1,0.16913333333333325,4705,0,False,False,False,False,False,False
TEX52,0.1690666666666667,4706,0,False,False,False,False,False,False
LY9,0.16896666666666663,4707,0,False,False,False,False,False,False
MARVELD1,0.1689333333333334,4708,0,False,False,False,False,False,False
AC090004.1,0.16863333333333336,4709,0,False,True,False,False,False,False
MAP1LC3A,0.16863333333333336,4709,0,False,False,False,False,False,False
TDRKH,0.16853333333333337,4711,0,False,False,False,False,False,False
PCDH1,0.1684666666666667,4712,0,False,True,False,False,False,False
SPATA25,0.16843333333333327,4713,0,False,False,False,False,False,False
SATB1,0.16833333333333325,4714,0,False,False,False,False,False,False
PLEKHA8,0.16829999999999995,4715,0,False,True,False,False,False,False
ZNF165,0.16829999999999995,4715,0,False,False,False,False,False,False
ARHGAP26,0.16813333333333338,4717,0,False,False,False,False,False,False
PCDHB16,0.1681333333333333,4718,0,False,False,False,False,False,False
CYTH4,0.16806666666666664,4719,0,False,False,False,False,False,False
LRTOMT,0.16799999999999998,4720,0,False,False,False,False,False,False
LDLRAD3,0.16796666666666663,4721,0,False,False,False,False,False,False
PRKCA,0.16786666666666664,4722,0,False,False,False,False,False,False
CLDN15,0.16786666666666664,4722,0,False,False,False,False,False,False
AJUBA,0.16786666666666658,4724,0,False,False,False,False,False,False
STAP2,0.1677666666666665,4725,0,False,False,False,False,False,False
ARRDC5,0.16773333333333323,4726,0,False,False,False,False,False,False
RTP4,0.16766666666666674,4727,0,False,False,False,False,False,False
PLA2G4C,0.1676666666666666,4728,0,False,False,False,False,False,False
EID3,0.16766666666666658,4729,0,False,False,False,False,False,False
KBTBD11,0.1676,4730,0,False,False,False,False,False,False
SOBP,0.16726666666666665,4731,0,False,False,False,False,False,False
FAM229B,0.16723333333333323,4732,0,False,True,False,False,False,False
PARD3B,0.16710000000000005,4733,0,False,False,False,False,False,False
PCDHGA6,0.16689999999999988,4734,0,False,True,False,False,False,False
TTC39A,0.16680000000000006,4735,0,False,False,False,False,False,False
CDKL1,0.1665666666666667,4736,0,False,False,False,False,False,False
NCEH1,0.16653333333333314,4737,0,False,False,False,False,False,False
PDE4B,0.1664666666666667,4738,0,False,True,False,False,False,False
SUSD3,0.16616666666666666,4739,0,False,False,False,False,False,False
ARHGAP5,0.1657333333333334,4740,0,False,False,False,False,False,False
MXRA7,0.16560000000000005,4741,0,False,True,False,False,False,False
DMXL2,0.1655666666666666,4742,0,False,False,False,False,False,False
EFHC1,0.1655333333333335,4743,0,False,False,False,False,False,False
BOC,0.16549999999999984,4744,0,False,False,False,False,False,False
TNFAIP8L1,0.1651666666666667,4745,0,False,False,False,False,False,False
TLE2,0.1650666666666668,4746,0,False,False,False,False,False,False
TCF19,0.16506666666666667,4747,0,False,True,False,False,False,False
PABPN1,0.1649666666666667,4748,0,False,False,False,False,False,False
NME4,0.16496666666666657,4749,0,False,False,False,False,False,False
CDH23,0.16486666666666674,4750,0,False,False,False,False,False,False
TRAF1,0.16479999999999992,4751,0,False,False,False,False,False,False
FAM78A,0.16476666666666662,4752,0,False,False,False,False,False,False
CHST2,0.1647666666666666,4753,0,False,False,False,False,False,False
FSTL1,0.16470000000000012,4754,0,False,False,False,False,False,False
ZNF93,0.16466666666666657,4755,0,False,False,False,False,False,False
AKAP9,0.1646666666666665,4756,0,False,False,False,False,False,False
PCDHGB2,0.16453333333333325,4757,0,False,False,False,False,False,False
CCDC167,0.16413333333333338,4758,0,False,False,False,False,False,False
HSD3B7,0.16410000000000002,4759,0,False,False,False,False,False,False
KHDRBS3,0.16406666666666664,4760,0,False,False,False,False,False,False
RIPOR1,0.16406666666666664,4760,0,False,False,False,False,False,False
MGLL,0.16396666666666662,4762,0,False,False,False,False,False,False
SLC16A10,0.16383333333333325,4763,0,False,False,False,False,False,False
SPDL1,0.16366666666666654,4764,0,False,False,False,False,False,False
NR2F2,0.16359999999999997,4765,0,False,False,False,False,False,False
LAT2,0.16349999999999984,4766,0,False,False,False,False,False,False
PCSK6,0.1633666666666667,4767,0,False,True,False,False,False,False
TVP23A,0.16336666666666666,4768,0,False,False,False,False,False,False
HIC1,0.16333333333333344,4769,0,False,True,False,False,False,False
FGD4,0.1632333333333332,4770,0,False,False,False,False,False,False
RNASE4,0.16300000000000012,4771,0,False,False,False,False,False,False
GNAO1,0.16300000000000006,4772,0,False,False,False,False,False,False
RASSF7,0.16299999999999998,4773,0,False,False,False,False,False,False
FBXO5,0.16299999999999998,4773,0,False,False,False,False,False,False
CBX8,0.1629333333333334,4775,0,False,False,False,False,False,False
TUBA1B,0.1629333333333332,4776,0,False,False,False,False,False,False
SLC10A5,0.16276666666666664,4777,0,False,True,False,False,False,False
EFNA1,0.16273333333333334,4778,0,False,False,False,False,False,False
GULP1,0.16266666666666663,4779,0,False,False,False,False,False,False
HOXA2,0.16249999999999992,4780,0,False,False,False,False,False,False
CYSLTR1,0.16203333333333322,4781,0,False,True,False,False,False,False
CTSF,0.16196666666666668,4782,0,False,False,False,False,False,False
GCH1,0.16170000000000007,4783,0,False,False,False,False,False,False
CAVIN4,0.1616666666666666,4784,0,False,False,False,False,False,False
PPFIBP1,0.16156666666666655,4785,0,False,False,False,False,False,False
THOC3,0.16150000000000003,4786,0,False,True,False,False,False,False
SAMD9,0.16143333333333343,4787,0,False,False,False,False,False,False
SPINT1,0.16096666666666679,4788,0,False,False,False,False,False,False
HLA-F,0.16089999999999993,4789,0,False,False,False,False,False,False
UBASH3A,0.16083333333333333,4790,0,False,True,False,False,False,False
PCDHGA10,0.1608333333333332,4791,0,False,True,False,False,False,False
GNG2,0.16079999999999997,4792,0,False,False,False,False,False,False
MARCHF1,0.16079999999999994,4793,0,False,True,False,False,False,False
TWNK,0.16063333333333332,4794,0,False,False,False,False,False,False
MYLK4,0.1605333333333334,4795,0,False,False,False,False,False,False
FOXO1,0.16053333333333333,4796,0,False,False,False,False,False,False
TUBA1C,0.1604000000000001,4797,0,False,False,False,False,False,False
DRD4,0.16033333333333338,4798,0,False,False,False,False,False,False
PRMT6,0.16019999999999995,4799,0,False,False,False,False,False,False
TPI1,0.1601666666666666,4800,0,False,False,False,False,False,False
TSPOAP1,0.1601,4801,0,False,True,False,False,False,False
LAMA5,0.16009999999999994,4802,0,False,False,False,False,False,False
HEATR4,0.16003333333333333,4803,0,False,False,False,False,False,False
FAM24B,0.15990000000000007,4804,0,False,False,False,False,False,False
CEACAM3,0.15986666666666666,4805,0,False,False,False,False,False,False
CYP7B1,0.15976666666666672,4806,0,False,False,False,False,False,False
ID2,0.15976666666666664,4807,0,False,False,False,False,False,False
ZNF217,0.15940000000000012,4808,0,False,False,False,False,False,False
LYST,0.15939999999999976,4809,0,False,False,False,False,False,False
C19ORF71,0.15923333333333334,4810,0,False,False,False,False,False,False
INSIG1,0.15870000000000004,4811,0,False,False,False,False,False,False
AMY2B,0.1586666666666666,4812,0,False,False,False,False,False,False
TTLL3,0.15846666666666667,4813,0,False,True,False,False,False,False
DKKL1,0.15839999999999996,4814,0,False,False,False,False,False,False
ARHGAP8,0.15813333333333335,4815,0,False,False,False,False,False,False
TRMT9B,0.15800000000000003,4816,0,False,False,False,False,False,False
LRRC8C,0.1578,4817,0,False,False,False,False,False,False
FLNA,0.15753333333333328,4818,0,False,False,False,False,False,False
TMED6,0.1574333333333333,4819,0,False,True,False,False,False,False
DLX4,0.15730000000000008,4820,0,False,False,False,False,False,False
NRXN3,0.15730000000000005,4821,0,False,False,False,False,False,False
DIXDC1,0.15730000000000005,4821,0,False,False,False,False,False,False
CALU,0.15729999999999997,4823,0,False,False,False,False,False,False
PPM1F,0.15723333333333336,4824,0,False,False,False,False,False,False
SCART1,0.15716666666666673,4825,0,False,False,False,False,False,False
ALKBH6,0.15689999999999987,4826,0,False,False,False,False,False,False
MID1IP1,0.1567333333333333,4827,0,False,False,False,False,False,False
PYCR3,0.15669999999999998,4828,0,False,False,False,False,False,False
PRTG,0.15666666666666673,4829,0,False,False,False,False,False,False
PSMA6,0.15666666666666662,4830,0,False,True,False,False,False,False
TLDC2,0.15663333333333335,4831,0,False,False,False,False,False,False
CDC25B,0.15656666666666666,4832,0,False,True,False,False,False,False
PAQR8,0.1565666666666666,4833,0,False,False,False,False,False,False
VWA7,0.15650000000000003,4834,0,False,False,False,False,False,False
TMEM255B,0.15633333333333338,4835,0,False,False,False,False,False,False
MYO19,0.15626666666666664,4836,0,False,False,False,False,False,False
ATG16L2,0.15623333333333336,4837,0,False,False,False,False,False,False
TMCC3,0.15623333333333336,4837,0,False,False,False,False,False,False
CACNB3,0.15613333333333335,4839,0,False,True,False,False,False,False
NFIL3,0.15606666666666671,4840,0,False,False,False,False,False,False
PFN4,0.15603333333333347,4841,0,False,True,False,False,False,False
SORBS3,0.1560333333333333,4842,0,False,True,False,False,False,False
SLC16A2,0.15600000000000022,4843,0,False,False,False,False,False,False
NLRC3,0.1559333333333332,4844,0,False,False,False,False,False,False
FXYD5,0.15536666666666676,4845,0,False,False,False,False,False,False
TFAP4,0.1552999999999999,4846,0,False,False,False,False,False,False
CLCN2,0.1551666666666667,4847,0,False,True,False,False,False,False
KCNJ12,0.15513333333333348,4848,0,False,False,False,False,False,False
TRAF3IP3,0.1550333333333333,4849,0,False,False,False,False,False,False
MITF,0.1550333333333332,4850,0,False,False,False,False,False,False
ABCC9,0.1549333333333333,4851,0,False,False,False,False,False,False
NAV2,0.1549333333333333,4851,0,False,True,False,False,False,False
LGALS3BP,0.15480000000000008,4853,0,False,False,False,False,False,False
IRAG1,0.15476666666666672,4854,0,False,False,False,False,False,False
MRPL24,0.15473333333333328,4855,0,False,True,False,False,False,False
ARGLU1,0.1547,4856,0,False,True,False,False,False,False
KMT2D,0.15463333333333337,4857,0,False,False,False,False,False,False
GPR137C,0.1546333333333332,4858,0,False,False,False,False,False,False
BZW2,0.1545666666666666,4859,0,False,False,False,False,False,False
HYOU1,0.15450000000000005,4860,0,False,False,False,False,False,False
HMGB2,0.15439999999999993,4861,0,False,False,False,False,False,False
LEKR1,0.15433333333333332,4862,0,False,False,False,False,False,False
SEC31B,0.15426666666666664,4863,0,False,False,False,False,False,False
ZGRF1,0.1542,4864,0,False,True,False,False,False,False
BORA,0.1541666666666667,4865,0,False,True,False,False,False,False
STON1,0.15413333333333323,4866,0,False,False,False,False,False,False
EBLN2,0.15396666666666659,4867,0,False,False,False,False,False,False
TSGA10,0.15366666666666665,4868,0,False,True,False,False,False,False
ZNF485,0.15363333333333334,4869,0,False,False,False,False,False,False
RPS18,0.15346666666666653,4870,0,False,False,False,False,False,False
PODXL,0.15336666666666673,4871,0,False,True,False,False,False,False
FAM174B,0.1532,4872,0,False,False,False,False,False,False
DTNA,0.15280000000000005,4873,0,False,False,False,False,False,False
ZNF891,0.15279999999999994,4874,0,False,False,False,False,False,False
CLDN23,0.1527666666666667,4875,0,False,False,False,False,False,False
ZNF677,0.15270000000000009,4876,0,False,False,False,False,False,False
MPP3,0.1526666666666668,4877,0,False,False,False,False,False,False
TNNI1,0.15260000000000004,4878,0,False,False,False,False,False,False
SETBP1,0.15256666666666666,4879,0,False,False,False,False,False,False
NRTN,0.15233333333333346,4880,0,False,False,False,False,False,False
SMIM3,0.15226666666666674,4881,0,False,False,False,False,False,False
ZBTB42,0.15219999999999995,4882,0,False,False,False,False,False,False
CHTF18,0.15219999999999992,4883,0,False,False,False,False,False,False
GRB10,0.1521666666666667,4884,0,False,False,False,False,False,False
TOMM20L,0.152,4885,0,False,False,False,False,False,False
MPP6,0.15170000000000006,4886,0,False,False,False,False,False,False
VMP1,0.15153333333333321,4887,0,False,False,False,False,False,False
ODF3B,0.15146666666666672,4888,0,False,True,False,False,False,False
CES4A,0.15133333333333326,4889,0,False,False,False,False,False,False
TALDO1,0.15116666666666664,4890,0,False,False,False,False,False,False
FMN1,0.1511666666666666,4891,0,False,False,False,False,False,False
ZNF503,0.15109999999999996,4892,0,False,True,False,False,False,False
MANF,0.1510333333333333,4893,0,False,False,False,False,False,False
CA14,0.15096666666666658,4894,0,False,False,False,False,False,False
FRK,0.15093333333333334,4895,0,False,True,False,False,False,False
POLR1G,0.1508,4896,0,False,False,False,False,False,False
CA13,0.15076666666666663,4897,0,False,False,False,False,False,False
ZNF835,0.1507333333333333,4898,0,False,False,False,False,False,False
NOTCH1,0.1506333333333333,4899,0,False,False,False,False,False,False
DAPP1,0.1506333333333333,4899,0,False,False,False,False,False,False
AP1S1,0.15049999999999997,4901,0,False,False,False,False,False,False
STX16-NPEPL1,0.15046666666666678,4902,0,False,False,False,False,False,False
IKBKE,0.15036666666666668,4903,0,False,True,False,False,False,False
MICU3,0.15036666666666668,4903,0,False,False,False,False,False,False
KRTCAP2,0.1502666666666667,4905,0,False,False,False,False,False,False
CDC14A,0.1502666666666667,4905,0,False,False,False,False,False,False
ZNF365,0.15020000000000008,4907,0,False,True,False,False,False,False
CROCC,0.14993333333333334,4908,0,False,False,False,False,False,False
MYOM1,0.14990000000000006,4909,0,False,True,False,False,False,False
AHR,0.14989999999999987,4910,0,False,False,False,False,False,False
HCFC1R1,0.1497999999999999,4911,0,False,False,False,False,False,False
PSMG3,0.14973333333333344,4912,0,False,False,False,False,False,False
VIM,0.14956666666666674,4913,0,False,False,False,False,False,False
INPP5J,0.14956666666666665,4914,0,False,False,False,False,False,False
MAPK10,0.14950000000000002,4915,0,False,True,False,False,False,False
ACSM3,0.14943333333333325,4916,0,False,False,False,False,False,False
NET1,0.1492,4917,0,False,False,False,False,False,False
SMAD7,0.14910000000000004,4918,0,False,False,False,False,False,False
PIP5KL1,0.14906666666666674,4919,0,False,False,False,False,False,False
CXORF21,0.14899999999999985,4920,0,False,False,False,False,False,False
PPP1R18,0.14896666666666672,4921,0,False,True,False,False,False,False
CDKL5,0.1489000000000001,4922,0,False,False,False,False,False,False
KHDC1,0.14889999999999992,4923,0,False,False,False,False,False,False
H2AX,0.1488000000000001,4924,0,False,True,False,False,False,False
MEIS3,0.14879999999999993,4925,0,False,False,False,False,False,False
ST3GAL6,0.14873333333333316,4926,0,False,False,False,False,False,False
BBOF1,0.14866666666666667,4927,0,False,False,False,False,False,False
TSPO,0.14850000000000005,4928,0,False,False,False,False,False,False
HSH2D,0.1481,4929,0,False,False,False,False,False,False
CYFIP2,0.14803333333333335,4930,0,False,False,False,False,False,False
KCTD3,0.14793333333333333,4931,0,False,False,False,False,False,False
SCRIB,0.14783333333333332,4932,0,False,False,False,False,False,False
OVGP1,0.14763333333333328,4933,0,False,True,False,False,False,False
RNF207,0.14759999999999998,4934,0,False,True,False,False,False,False
VWA1,0.14759999999999993,4935,0,False,False,False,False,False,False
SLC6A16,0.14743333333333325,4936,0,False,False,False,False,False,False
TBXA2R,0.14720000000000005,4937,0,False,False,False,False,False,False
MASP2,0.14713333333333337,4938,0,False,True,False,False,False,False
ARMC2,0.14693333333333322,4939,0,False,False,False,False,False,False
APBB1IP,0.14666666666666656,4940,0,False,False,False,False,False,False
WDR17,0.14663333333333334,4941,0,False,False,False,False,False,False
LPAR1,0.1466,4942,0,False,False,False,False,False,False
PRKCB,0.1465000000000001,4943,0,False,False,False,False,False,False
CCT2,0.14633333333333332,4944,0,False,False,False,False,False,False
BPHL,0.1457666666666667,4945,0,False,True,False,False,False,False
LIME1,0.1456333333333333,4946,0,False,False,False,False,False,False
MTRNR2L12,0.1454666666666667,4947,0,False,False,False,False,False,False
GLI3,0.1454333333333335,4948,0,False,False,False,False,False,False
REM2,0.1454333333333333,4949,0,False,False,False,False,False,False
SBNO2,0.14533333333333323,4950,0,False,False,False,False,False,False
CAMK1G,0.14526666666666674,4951,0,False,False,False,False,False,False
NATD1,0.1452666666666667,4952,0,False,False,False,False,False,False
SLC30A4,0.14513333333333328,4953,0,False,True,False,False,False,False
SLC52A3,0.14506666666666673,4954,0,False,False,False,False,False,False
FZD5,0.14503333333333343,4955,0,False,False,False,False,False,False
RNF208,0.1450333333333334,4956,0,False,False,False,False,False,False
ACTR3C,0.14489999999999983,4957,0,False,False,False,False,False,False
ADAM15,0.14486666666666673,4958,0,False,False,False,False,False,False
INCENP,0.14473333333333335,4959,0,False,False,False,False,False,False
ITGB1BP2,0.14470000000000002,4960,0,False,False,False,False,False,False
TNFSF13B,0.14446666666666666,4961,0,False,False,False,False,False,False
KCNIP3,0.14443333333333339,4962,0,False,False,False,False,False,False
CFAP69,0.14443333333333325,4963,0,False,False,False,False,False,False
SYCE2,0.14440000000000003,4964,0,False,False,False,False,False,False
EPB41L5,0.14436666666666675,4965,0,False,False,False,False,False,False
GSPT2,0.1442666666666667,4966,0,False,False,False,False,False,False
HRC,0.14423333333333327,4967,0,False,False,False,False,False,False
TCTEX1D2,0.14403333333333337,4968,0,False,True,False,False,False,False
ARHGAP23,0.14393333333333336,4969,0,False,False,False,False,False,False
TSPAN6,0.14386666666666684,4970,0,False,False,False,False,False,False
PMEPA1,0.14386666666666675,4971,0,False,False,False,False,False,False
CCDC152,0.14369999999999994,4972,0,False,False,False,False,False,False
ITPR2,0.1436333333333334,4973,0,False,False,False,False,False,False
LRRN2,0.14356666666666668,4974,0,False,False,False,False,False,False
AGTPBP1,0.14346666666666666,4975,0,False,False,False,False,False,False
SERP2,0.1433666666666668,4976,0,False,False,False,False,False,False
ACCS,0.14336666666666667,4977,0,False,False,False,False,False,False
ENO3,0.14333333333333326,4978,0,False,False,False,False,False,False
KCTD14,0.14323333333333335,4979,0,False,False,False,False,False,False
CACNA1H,0.14319999999999997,4980,0,False,True,False,False,False,False
KCNAB2,0.14296666666666674,4981,0,False,False,False,False,False,False
INPP5D,0.14286666666666664,4982,0,False,False,False,False,False,False
ARHGAP18,0.14283333333333334,4983,0,False,False,False,False,False,False
CHADL,0.14276666666666674,4984,0,False,True,False,False,False,False
EMID1,0.1427666666666666,4985,0,False,False,False,False,False,False
TLCD2,0.14273333333333324,4986,0,False,True,False,False,False,False
SSR4,0.14266666666666672,4987,0,False,False,False,False,False,False
SLC19A1,0.14263333333333336,4988,0,False,False,False,False,False,False
PDP1,0.14250000000000015,4989,0,False,True,False,False,False,False
ARHGAP4,0.14246666666666663,4990,0,False,False,False,False,False,False
PLCH1,0.14236666666666664,4991,0,False,False,False,False,False,False
GATA3,0.14226666666666665,4992,0,False,False,False,False,False,False
NAV3,0.14226666666666657,4993,0,False,False,False,False,False,False
ZNF404,0.14213333333333344,4994,0,False,True,False,False,False,False
CYGB,0.14213333333333325,4995,0,False,True,False,False,False,False
YPEL4,0.14209999999999992,4996,0,False,False,False,False,False,False
TMEM54,0.14206666666666667,4997,0,False,True,False,False,False,False
NAP1L5,0.14206666666666665,4998,0,False,False,False,False,False,False
SLC46A3,0.14203333333333337,4999,0,False,False,False,False,False,False
GPSM2,0.1419,5000,0,False,False,False,False,False,False
F2R,0.14186666666666656,5001,0,False,False,False,False,False,False
MTMR10,0.14160000000000003,5002,0,False,False,False,False,False,False
THEMIS2,0.1415333333333334,5003,0,False,False,False,False,False,False
PSD3,0.14153333333333332,5004,0,False,False,False,False,False,False
TCP11L2,0.1412000000000001,5005,0,False,False,False,False,False,False
FBLIM1,0.14116666666666663,5006,0,False,False,False,False,False,False
NACAD,0.14109999999999995,5007,0,False,False,False,False,False,False
AMPD3,0.1410666666666668,5008,0,False,False,False,False,False,False
B4GALT6,0.1409333333333333,5009,0,False,True,False,False,False,False
RGS11,0.14056666666666665,5010,0,False,False,False,False,False,False
MTARC1,0.14049999999999996,5011,0,False,False,False,False,False,False
MERTK,0.14033333333333342,5012,0,False,False,False,False,False,False
AMACR,0.14033333333333334,5013,0,False,False,False,False,False,False
TTC6,0.1402333333333333,5014,0,False,False,False,False,False,False
COL23A1,0.14006666666666662,5015,0,False,False,False,False,False,False
KAZN,0.1399666666666667,5016,0,False,True,False,False,False,False
FAM83H,0.1399,5017,0,False,False,False,False,False,False
ASAH1,0.1398666666666665,5018,0,False,True,False,False,False,False
AOC2,0.13970000000000005,5019,0,False,True,False,False,False,False
FOLH1,0.13966666666666674,5020,0,False,True,False,False,False,False
SLC45A1,0.13956666666666664,5021,0,False,False,False,False,False,False
OSCP1,0.1394666666666667,5022,0,False,False,False,False,False,False
TSHZ3,0.13946666666666666,5023,0,False,False,False,False,False,False
CASP5,0.13946666666666666,5023,0,False,True,False,False,False,False
WEE1,0.13943333333333335,5025,0,False,False,False,False,False,False
GFI1,0.1394,5026,0,False,False,False,False,False,False
FGD2,0.13936666666666656,5027,0,False,False,False,False,False,False
MYO5B,0.13903333333333331,5028,0,False,False,False,False,False,False
C5AR2,0.1389999999999999,5029,0,False,False,False,False,False,False
PFKFB2,0.13879999999999995,5030,0,False,False,False,False,False,False
EBF1,0.1387666666666667,5031,0,False,False,False,False,False,False
IQCH,0.13876666666666665,5032,0,False,False,False,False,False,False
FOXP2,0.13873333333333338,5033,0,False,False,False,False,False,False
STEAP3,0.13873333333333335,5034,0,False,False,False,False,False,False
FCGR1B,0.1387,5035,0,False,False,False,False,False,False
CEP295,0.13863333333333333,5036,0,False,False,False,False,False,False
ANK2,0.13856666666666675,5037,0,False,False,False,False,False,False
CMPK2,0.13853333333333334,5038,0,False,True,False,False,False,False
CTIF,0.13849999999999993,5039,0,False,False,False,False,False,False
TNFRSF11A,0.13843333333333324,5040,0,False,False,False,False,False,False
ADAMTS3,0.1383666666666668,5041,0,False,False,False,False,False,False
RAB17,0.1383333333333334,5042,0,False,False,False,False,False,False
ANKRD44,0.13833333333333336,5043,0,False,False,False,False,False,False
ABCD2,0.1383000000000001,5044,0,False,False,False,False,False,False
KCNAB3,0.13823333333333332,5045,0,False,True,False,False,False,False
PLEKHG2,0.13810000000000014,5046,0,False,False,False,False,False,False
C16ORF86,0.13786666666666667,5047,0,False,False,False,False,False,False
CRLS1,0.13779999999999995,5048,0,False,False,False,False,False,False
TSPAN10,0.13776666666666668,5049,0,False,False,False,False,False,False
ZNF439,0.13760000000000006,5050,0,False,False,False,False,False,False
ADAM9,0.13749999999999998,5051,0,False,True,False,False,False,False
KAT2B,0.13746666666666665,5052,0,False,False,False,False,False,False
RIN1,0.13746666666666663,5053,0,False,False,False,False,False,False
SHPRH,0.13746666666666663,5053,0,False,False,False,False,False,False
PLK2,0.13740000000000005,5055,0,False,False,False,False,False,False
UBAP1L,0.13733333333333322,5056,0,False,False,False,False,False,False
DDX60,0.13720000000000007,5057,0,False,False,False,False,False,False
ZNF471,0.13703333333333342,5058,0,False,False,False,False,False,False
ST8SIA1,0.1370333333333332,5059,0,False,False,False,False,False,False
PDE1A,0.1370333333333332,5059,0,False,False,False,False,False,False
ZFPM2,0.1367999999999999,5061,0,False,False,False,False,False,False
SRGAP3,0.13653333333333328,5062,0,False,False,False,False,False,False
FAAP24,0.13630000000000012,5063,0,False,False,False,False,False,False
PCBP3,0.1362333333333333,5064,0,False,False,False,False,False,False
PDLIM1,0.1361333333333335,5065,0,False,False,False,False,False,False
FAM83G,0.13603333333333326,5066,0,False,False,False,False,False,False
PTPRO,0.13589999999999988,5067,0,False,False,False,False,False,False
INPP5K,0.13586666666666672,5068,0,False,False,False,False,False,False
IL16,0.13560000000000003,5069,0,False,True,False,False,False,False
FAM124A,0.13556666666666672,5070,0,False,False,False,False,False,False
ZC3H12C,0.1355666666666665,5071,0,False,False,False,False,False,False
PAK6,0.1355000000000001,5072,0,False,False,False,False,False,False
IZUMO4,0.1355,5073,0,False,True,False,False,False,False
SHMT2,0.13530000000000006,5074,0,False,True,False,False,False,False
LRP12,0.13519999999999982,5075,0,False,False,False,False,False,False
ME1,0.13503333333333326,5076,0,False,False,False,False,False,False
DCAF13,0.13496666666666673,5077,0,False,False,False,False,False,False
COL27A1,0.13476666666666687,5078,0,False,False,False,False,False,False
ERMN,0.13476666666666676,5079,0,False,True,False,False,False,False
TIMM8A,0.1346666666666666,5080,0,False,False,False,False,False,False
ARHGAP33,0.13459999999999991,5081,0,False,False,False,False,False,False
FBXL7,0.13450000000000006,5082,0,False,False,False,False,False,False
MEI1,0.1344,5083,0,False,False,False,False,False,False
CAPG,0.13429999999999997,5084,0,False,False,False,False,False,False
ASPRV1,0.1341666666666668,5085,0,False,False,False,False,False,False
C2ORF88,0.13396666666666676,5086,0,False,False,False,False,False,False
TPM1,0.1338666666666666,5087,0,False,False,False,False,False,False
MICAL2,0.13380000000000009,5088,0,False,False,False,False,False,False
RARG,0.13370000000000007,5089,0,False,False,False,False,False,False
ZNF710,0.13369999999999987,5090,0,False,True,False,False,False,False
RUNX3,0.13356666666666664,5091,0,False,False,False,False,False,False
OTUD3,0.13336666666666663,5092,0,False,False,False,False,False,False
TBC1D31,0.13333333333333341,5093,0,False,False,False,False,False,False
C8ORF88,0.13329999999999986,5094,0,False,False,False,False,False,False
PLEKHG1,0.13323333333333337,5095,0,False,False,False,False,False,False
STS,0.13323333333333331,5096,0,False,False,False,False,False,False
TGFB1,0.13313333333333338,5097,0,False,False,False,False,False,False
CNTN4,0.13306666666666664,5098,0,False,False,False,False,False,False
RHOH,0.13303333333333342,5099,0,False,False,False,False,False,False
C20ORF96,0.13303333333333336,5100,0,False,True,False,False,False,False
CCDC136,0.13296666666666654,5101,0,False,False,False,False,False,False
NOS1AP,0.13273333333333323,5102,0,False,False,False,False,False,False
CD9,0.13266666666666674,5103,0,False,False,False,False,False,False
H3-5,0.13256666666666675,5104,0,False,False,False,False,False,False
SHMT1,0.13253333333333334,5105,0,False,True,False,False,False,False
MLF1,0.13246666666666682,5106,0,False,False,False,False,False,False
NLRC5,0.13236666666666666,5107,0,False,False,False,False,False,False
EIF4A1,0.13236666666666663,5108,0,False,False,False,False,False,False
ACSM1,0.1320666666666667,5109,0,False,False,False,False,False,False
PCED1B,0.13206666666666667,5110,0,False,False,False,False,False,False
PRR5L,0.1318666666666667,5111,0,False,True,False,False,False,False
FADS3,0.13166666666666665,5112,0,False,False,False,False,False,False
RHEBL1,0.1316000000000001,5113,0,False,True,False,False,False,False
AKAP13,0.13160000000000005,5114,0,False,False,False,False,False,False
VN1R1,0.1316,5115,0,False,True,False,False,False,False
GNGT2,0.1315,5116,0,False,False,False,False,False,False
RAB39B,0.1314666666666667,5117,0,False,False,False,False,False,False
ZC3H12B,0.13146666666666657,5118,0,False,False,False,False,False,False
PON2,0.13133333333333333,5119,0,False,True,False,False,False,False
DMRTA1,0.13123333333333334,5120,0,False,True,False,False,False,False
LDHB,0.1309333333333335,5121,0,False,False,False,False,False,False
PRDM8,0.13080000000000003,5122,0,False,True,False,False,False,False
GTF2H2,0.1307666666666667,5123,0,False,False,False,False,False,False
NME3,0.13069999999999998,5124,0,False,False,False,False,False,False
NFATC2,0.1306333333333335,5125,0,False,False,False,False,False,False
ABAT,0.13063333333333335,5126,0,False,True,False,False,False,False
ARRDC3,0.1305000000000001,5127,0,False,False,False,False,False,False
KLF5,0.1305,5128,0,False,False,False,False,False,False
THRB,0.13036666666666663,5129,0,False,False,False,False,False,False
RMDN3,0.13026666666666653,5130,0,False,False,False,False,False,False
EMILIN2,0.1302000000000001,5131,0,False,False,False,False,False,False
SLC36A1,0.13013333333333332,5132,0,False,True,False,False,False,False
DENND5B,0.1301,5133,0,False,False,False,False,False,False
RASAL3,0.1300999999999999,5134,0,False,False,False,False,False,False
KLHL29,0.12993333333333326,5135,0,False,False,False,False,False,False
SLC20A1,0.12989999999999996,5136,0,False,False,False,False,False,False
PPP2R3A,0.12963333333333332,5137,0,False,False,False,False,False,False
AUTS2,0.1296333333333333,5138,0,False,True,False,False,False,False
STAT1,0.12949999999999995,5139,0,False,False,False,False,False,False
KIRREL1,0.1292999999999999,5140,0,False,False,False,False,False,False
ROBO1,0.1292666666666666,5141,0,False,True,False,False,False,False
RHBDF2,0.12920000000000006,5142,0,False,False,False,False,False,False
PKD1,0.12919999999999998,5143,0,False,True,False,False,False,False
CHAC2,0.12913333333333335,5144,0,False,False,False,False,False,False
SAMD3,0.12909999999999996,5145,0,False,False,False,False,False,False
ETV7,0.12906666666666664,5146,0,False,False,False,False,False,False
MORN2,0.12893333333333334,5147,0,False,False,False,False,False,False
HOMER1,0.1288999999999999,5148,0,False,False,False,False,False,False
MPP2,0.12866666666666657,5149,0,False,False,False,False,False,False
HEPH,0.12866666666666654,5150,0,False,False,False,False,False,False
SHC2,0.1286333333333333,5151,0,False,False,False,False,False,False
NAV1,0.12860000000000008,5152,0,False,False,False,False,False,False
RGL1,0.12843333333333334,5153,0,False,False,False,False,False,False
TRAPPC6A,0.12840000000000013,5154,0,False,False,False,False,False,False
RAPGEF3,0.12840000000000004,5155,0,False,False,False,False,False,False
ZFHX2,0.12839999999999993,5156,0,False,True,False,False,False,False
PRDM5,0.1283333333333333,5157,0,False,False,False,False,False,False
GLIS3,0.12816666666666665,5158,0,False,True,False,False,False,False
ZNF493,0.128,5159,0,False,True,False,False,False,False
ZNF107,0.12796666666666667,5160,0,False,False,False,False,False,False
CENPO,0.1278666666666666,5161,0,False,False,False,False,False,False
SPTSSA,0.12783333333333347,5162,0,False,False,False,False,False,False
MYORG,0.1278333333333333,5163,0,False,True,False,False,False,False
TLE6,0.1277666666666667,5164,0,False,False,False,False,False,False
PDGFRB,0.12773333333333328,5165,0,False,False,False,False,False,False
DBF4B,0.12760000000000005,5166,0,False,False,False,False,False,False
CHAF1A,0.1275999999999999,5167,0,False,False,False,False,False,False
PNP,0.12749999999999997,5168,0,False,False,False,False,False,False
SFXN4,0.1274666666666666,5169,0,False,False,False,False,False,False
ALKBH7,0.12730000000000014,5170,0,False,False,False,False,False,False
TMIGD2,0.12726666666666667,5171,0,False,False,False,False,False,False
AC233723.1,0.12723333333333336,5172,0,False,True,False,False,False,False
ADCY7,0.1272,5173,0,False,False,False,False,False,False
CARD9,0.1270333333333333,5174,0,False,False,False,False,False,False
TOR4A,0.1269666666666667,5175,0,False,False,False,False,False,False
SYDE1,0.1269,5176,0,False,False,False,False,False,False
AJM1,0.12676666666666672,5177,0,False,False,False,False,False,False
PARVG,0.12649999999999997,5178,0,False,False,False,False,False,False
CCT5,0.1264666666666667,5179,0,False,False,False,False,False,False
SGCE,0.12643333333333323,5180,0,False,False,False,False,False,False
MAPK11,0.12639999999999996,5181,0,False,False,False,False,False,False
SLC38A2,0.1263666666666666,5182,0,False,False,False,False,False,False
SKP2,0.12613333333333326,5183,0,False,False,False,False,False,False
RAP1GAP2,0.1259,5184,0,False,True,False,False,False,False
OGFRL1,0.12589999999999993,5185,0,False,False,False,False,False,False
TSC22D1,0.1257666666666667,5186,0,False,True,False,False,False,False
TMEM170B,0.12566666666666676,5187,0,False,True,False,False,False,False
MAMSTR,0.12560000000000002,5188,0,False,False,False,False,False,False
COMTD1,0.12553333333333325,5189,0,False,False,False,False,False,False
GRN,0.1254999999999999,5190,0,False,False,False,False,False,False
BMF,0.12546666666666667,5191,0,False,True,False,False,False,False
HVCN1,0.12536666666666665,5192,0,False,False,False,False,False,False
GEN1,0.12529999999999997,5193,0,False,False,False,False,False,False
CHSY3,0.12523333333333328,5194,0,False,True,False,False,False,False
PABPC5,0.12519999999999992,5195,0,False,False,False,False,False,False
ASB9,0.12490000000000007,5196,0,False,False,False,False,False,False
PLEKHG5,0.12486666666666656,5197,0,False,False,False,False,False,False
MAL2,0.12483333333333327,5198,0,False,False,False,False,False,False
TLR3,0.1248,5199,0,False,False,False,False,False,False
HSPBP1,0.1247333333333333,5200,0,False,False,False,False,False,False
AURKAIP1,0.1246333333333334,5201,0,False,False,False,False,False,False
KCTD17,0.12453333333333338,5202,0,False,True,False,False,False,False
PDCD6,0.12449999999999999,5203,0,False,False,False,False,False,False
MCF2L,0.1244333333333334,5204,0,False,False,False,False,False,False
ABI3,0.12436666666666665,5205,0,False,False,False,False,False,False
PXDC1,0.12433333333333337,5206,0,False,False,False,False,False,False
TLCD4,0.12433333333333335,5207,0,False,False,False,False,False,False
ACSL4,0.12433333333333328,5208,0,False,True,False,False,False,False
CNIH3,0.12430000000000005,5209,0,False,False,False,False,False,False
DNASE1,0.12423333333333329,5210,0,False,True,False,False,False,False
ZNF385A,0.12413333333333332,5211,0,False,False,False,False,False,False
BANK1,0.12403333333333334,5212,0,False,False,False,False,False,False
SPRY1,0.12399999999999994,5213,0,False,True,False,False,False,False
RBM38,0.12396666666666656,5214,0,False,False,False,False,False,False
VARS1,0.12393333333333331,5215,0,False,True,False,False,False,False
RAPH1,0.12393333333333328,5216,0,False,False,False,False,False,False
GATD3B,0.12386666666666671,5217,0,False,True,False,False,False,False
NUP155,0.12380000000000005,5218,0,False,False,False,False,False,False
IGFBP4,0.12376666666666665,5219,0,False,False,False,False,False,False
TBC1D4,0.12376666666666661,5220,0,False,True,False,False,False,False
SDF2L1,0.12356666666666684,5221,0,False,True,False,False,False,False
GLRB,0.12349999999999992,5222,0,False,False,False,False,False,False
LDLRAD4,0.12343333333333344,5223,0,False,False,False,False,False,False
ANKRD37,0.12336666666666671,5224,0,False,False,False,False,False,False
HIPK2,0.12336666666666667,5225,0,False,False,False,False,False,False
ATAD3A,0.12333333333333327,5226,0,False,False,False,False,False,False
TRERF1,0.1233,5227,0,False,False,False,False,False,False
C1ORF54,0.12313333333333333,5228,0,False,False,False,False,False,False
OVOL2,0.12313333333333333,5228,0,False,True,False,False,False,False
SELENOM,0.1231333333333332,5230,0,False,False,False,False,False,False
CCDC18,0.12309999999999995,5231,0,False,False,False,False,False,False
PBXIP1,0.12309999999999993,5232,0,False,False,False,False,False,False
LGALS3,0.1229999999999999,5233,0,False,False,False,False,False,False
KNOP1,0.12283333333333339,5234,0,False,False,False,False,False,False
CYSRT1,0.12283333333333334,5235,0,False,False,False,False,False,False
RNF175,0.1228,5236,0,False,False,False,False,False,False
ZNF738,0.12276666666666661,5237,0,False,True,False,False,False,False
DDX39B,0.1227333333333333,5238,0,False,False,False,False,False,False
NPR2,0.1224666666666667,5239,0,False,False,False,False,False,False
TMEM26,0.12236666666666672,5240,0,False,False,False,False,False,False
JAG1,0.12230000000000016,5241,0,False,False,False,False,False,False
PAK1,0.12220000000000006,5242,0,False,False,False,False,False,False
JMJD7-PLA2G4B,0.12216666666666673,5243,0,False,True,False,False,False,False
SC5D,0.12216666666666662,5244,0,False,False,False,False,False,False
CSAD,0.12213333333333333,5245,0,False,True,False,False,False,False
MDM4,0.12203333333333333,5246,0,False,False,False,False,False,False
JAG2,0.12193333333333335,5247,0,False,True,False,False,False,False
C1ORF198,0.12173333333333328,5248,0,False,False,False,False,False,False
ATP2B1,0.12170000000000004,5249,0,False,False,False,False,False,False
MARCKS,0.12170000000000004,5249,0,False,False,False,False,False,False
LBH,0.12159999999999989,5251,0,False,False,False,False,False,False
LENG8,0.12150000000000004,5252,0,False,False,False,False,False,False
PPDPF,0.12146666666666665,5253,0,False,False,False,False,False,False
ITPR3,0.12143333333333328,5254,0,False,True,False,False,False,False
MMACHC,0.1212333333333333,5255,0,False,False,False,False,False,False
DHCR7,0.12113333333333334,5256,0,False,False,False,False,False,False
IGFLR1,0.1211333333333333,5257,0,False,False,False,False,False,False
AFAP1,0.12109999999999994,5258,0,False,False,False,False,False,False
KCNMA1,0.121,5259,0,False,False,False,False,False,False
GNG7,0.12073333333333337,5260,0,False,False,False,False,False,False
RASGRP1,0.12070000000000003,5261,0,False,False,False,False,False,False
RUBCNL,0.12069999999999997,5262,0,False,False,False,False,False,False
CRMP1,0.1206666666666667,5263,0,False,False,False,False,False,False
CENATAC,0.1206,5264,0,False,True,False,False,False,False
FKBP4,0.1204999999999999,5265,0,False,False,False,False,False,False
CLIP3,0.12043333333333334,5266,0,False,False,False,False,False,False
ZDHHC21,0.12016666666666673,5267,0,False,False,False,False,False,False
CHN1,0.12006666666666665,5268,0,False,False,False,False,False,False
VWA5A,0.11999999999999998,5269,0,False,False,False,False,False,False
KCTD15,0.11989999999999995,5270,0,False,False,False,False,False,False
HIF1A,0.11986666666666669,5271,0,False,False,False,False,False,False
IRF7,0.11983333333333332,5272,0,False,False,False,False,False,False
MPP1,0.11976666666666666,5273,0,False,False,False,False,False,False
MYO5C,0.11969999999999992,5274,0,False,False,False,False,False,False
PTGR1,0.11953333333333326,5275,0,False,False,False,False,False,False
PGAP1,0.11949999999999998,5276,0,False,False,False,False,False,False
CALHM5,0.11930000000000004,5277,0,False,False,False,False,False,False
PLEKHF1,0.11929999999999995,5278,0,False,False,False,False,False,False
PFDN2,0.11926666666666662,5279,0,False,False,False,False,False,False
ACAP1,0.11919999999999997,5280,0,False,False,False,False,False,False
MXD3,0.11919999999999997,5280,0,False,False,False,False,False,False
SSC4D,0.11910000000000011,5282,0,False,False,False,False,False,False
DGAT2,0.11909999999999998,5283,0,False,False,False,False,False,False
C1R,0.11893333333333338,5284,0,False,False,False,False,False,False
FRMD4A,0.1188666666666667,5285,0,False,False,False,False,False,False
BYSL,0.11883333333333326,5286,0,False,False,False,False,False,False
DHRS3,0.11863333333333334,5287,0,False,False,False,False,False,False
FAM118A,0.1186333333333331,5288,0,False,False,False,False,False,False
C19ORF18,0.11850000000000004,5289,0,False,False,False,False,False,False
ABCA5,0.1185,5290,0,False,False,False,False,False,False
CDK2AP2,0.11849999999999994,5291,0,False,False,False,False,False,False
NAXE,0.1184,5292,0,False,False,False,False,False,False
LHPP,0.11833333333333326,5293,0,False,False,False,False,False,False
CHD7,0.11823333333333347,5294,0,False,False,False,False,False,False
TMEM52B,0.1182333333333333,5295,0,False,False,False,False,False,False
SELENOI,0.11796666666666665,5296,0,False,False,False,False,False,False
HMBOX1,0.11779999999999996,5297,0,False,False,False,False,False,False
AVL9,0.11779999999999995,5298,0,False,False,False,False,False,False
HID1,0.11776666666666656,5299,0,False,False,False,False,False,False
LPP,0.11776666666666656,5299,0,False,False,False,False,False,False
SCNN1D,0.11753333333333325,5301,0,False,False,False,False,False,False
MAP3K14,0.11733333333333335,5302,0,False,False,False,False,False,False
KIAA0040,0.11709999999999998,5303,0,False,False,False,False,False,False
TAS2R5,0.11696666666666668,5304,0,False,False,False,False,False,False
DENND2C,0.11693333333333325,5305,0,False,False,False,False,False,False
ZNF572,0.11693333333333325,5305,0,False,False,False,False,False,False
IGF1R,0.1167333333333333,5307,0,False,False,False,False,False,False
ARMCX1,0.1167333333333333,5307,0,False,False,False,False,False,False
BMP1,0.11663333333333327,5309,0,False,False,False,False,False,False
MBIP,0.11660000000000001,5310,0,False,False,False,False,False,False
ARNTL,0.11643333333333324,5311,0,False,False,False,False,False,False
MCM8,0.11633333333333327,5312,0,False,False,False,False,False,False
NCALD,0.11623333333333323,5313,0,False,False,False,False,False,False
CSGALNACT1,0.11616666666666667,5314,0,False,False,False,False,False,False
GNRH1,0.1161333333333334,5315,0,False,False,False,False,False,False
SLFN5,0.11613333333333334,5316,0,False,False,False,False,False,False
CLCN4,0.11603333333333332,5317,0,False,False,False,False,False,False
ATIC,0.11593333333333336,5318,0,False,False,False,False,False,False
VAV1,0.11583333333333326,5319,0,False,True,False,False,False,False
VPS13C,0.1157333333333333,5320,0,False,False,False,False,False,False
FRAT2,0.1157333333333333,5320,0,False,True,False,False,False,False
SYCE1L,0.11559999999999991,5322,0,False,False,False,False,False,False
AKAP7,0.11536666666666662,5323,0,False,False,False,False,False,False
VASH2,0.11533333333333336,5324,0,False,False,False,False,False,False
RHOC,0.11533333333333322,5325,0,False,False,False,False,False,False
RIPK2,0.11529999999999994,5326,0,False,False,False,False,False,False
AP1S2,0.11519999999999998,5327,0,False,False,False,False,False,False
VAMP1,0.11516666666666671,5328,0,False,False,False,False,False,False
TESPA1,0.11516666666666668,5329,0,False,False,False,False,False,False
NCAM2,0.11516666666666664,5330,0,False,False,False,False,False,False
DTX4,0.11510000000000001,5331,0,False,False,False,False,False,False
TGFB1I1,0.115,5332,0,False,True,False,False,False,False
IKZF2,0.11490000000000004,5333,0,False,False,False,False,False,False
PIK3R6,0.11486666666666664,5334,0,False,False,False,False,False,False
NEMP1,0.1148333333333333,5335,0,False,True,False,False,False,False
ELL2,0.11466666666666664,5336,0,False,False,False,False,False,False
MCOLN2,0.11460000000000001,5337,0,False,True,False,False,False,False
ZBTB37,0.1145999999999999,5338,0,False,False,False,False,False,False
PRDX5,0.1144666666666666,5339,0,False,False,False,False,False,False
BTC,0.11443333333333333,5340,0,False,False,False,False,False,False
EDA,0.11429999999999987,5341,0,False,False,False,False,False,False
STAMBPL1,0.11426666666666663,5342,0,False,False,False,False,False,False
CRYGS,0.11413333333333327,5343,0,False,False,False,False,False,False
L3MBTL4,0.11403333333333346,5344,0,False,False,False,False,False,False
ROMO1,0.11390000000000003,5345,0,False,False,False,False,False,False
CMYA5,0.1138333333333333,5346,0,False,False,False,False,False,False
RBM11,0.11376666666666667,5347,0,False,False,False,False,False,False
LTB4R2,0.11376666666666663,5348,0,False,False,False,False,False,False
HYLS1,0.11346666666666669,5349,0,False,False,False,False,False,False
OSGIN2,0.11346666666666662,5350,0,False,False,False,False,False,False
TMEM154,0.11343333333333341,5351,0,False,False,False,False,False,False
GOLGA6L9,0.11340000000000001,5352,0,False,False,False,False,False,False
RPS6KL1,0.11333333333333333,5353,0,False,False,False,False,False,False
CCDC124,0.11320000000000008,5354,0,False,False,False,False,False,False
MCM5,0.11319999999999991,5355,0,False,False,False,False,False,False
POP1,0.11310000000000005,5356,0,False,True,False,False,False,False
EPS8,0.11303333333333339,5357,0,False,False,False,False,False,False
RSKR,0.11303333333333325,5358,0,False,False,False,False,False,False
PLEC,0.11299999999999999,5359,0,False,False,False,False,False,False
SYNGR1,0.11296666666666662,5360,0,False,False,False,False,False,False
IL1R1,0.1129666666666666,5361,0,False,False,False,False,False,False
NDUFB7,0.11276666666666664,5362,0,False,False,False,False,False,False
VAMP2,0.11266666666666673,5363,0,False,False,False,False,False,False
NR2F1,0.11259999999999994,5364,0,False,False,False,False,False,False
TCF7,0.11243333333333334,5365,0,False,False,False,False,False,False
ASAH2B,0.11243333333333323,5366,0,False,True,False,False,False,False
DTYMK,0.11239999999999993,5367,0,False,False,False,False,False,False
RPL8,0.11233333333333327,5368,0,False,False,False,False,False,False
ZFYVE9,0.11219999999999997,5369,0,False,False,False,False,False,False
PIK3IP1,0.1121666666666667,5370,0,False,False,False,False,False,False
OAT,0.11196666666666667,5371,0,False,False,False,False,False,False
SLC9A9,0.11173333333333323,5372,0,False,False,False,False,False,False
ELMO1,0.11156666666666663,5373,0,False,False,False,False,False,False
ZNF135,0.11156666666666655,5374,0,False,False,False,False,False,False
CTSC,0.11153333333333326,5375,0,False,True,False,False,False,False
KLHDC9,0.11149999999999999,5376,0,False,False,False,False,False,False
TBC1D8,0.11146666666666655,5377,0,False,False,False,False,False,False
ZNF718,0.11136666666666666,5378,0,False,False,False,False,False,False
NSD3,0.11119999999999998,5379,0,False,True,False,False,False,False
ARRDC2,0.11113333333333332,5380,0,False,False,False,False,False,False
FUT1,0.11109999999999992,5381,0,False,True,False,False,False,False
MMS22L,0.11099999999999997,5382,0,False,False,False,False,False,False
CDYL2,0.11086666666666654,5383,0,False,False,False,False,False,False
TMEM169,0.11073333333333334,5384,0,False,False,False,False,False,False
IGSF8,0.11066666666666668,5385,0,False,True,False,False,False,False
ZNF774,0.11053333333333332,5386,0,False,False,False,False,False,False
DOCK9,0.1105333333333333,5387,0,False,False,False,False,False,False
HCLS1,0.11046666666666667,5388,0,False,True,False,False,False,False
RBMS2,0.11046666666666664,5389,0,False,False,False,False,False,False
PAQR6,0.11043333333333334,5390,0,False,False,False,False,False,False
FDFT1,0.11043333333333327,5391,0,False,False,False,False,False,False
CHST10,0.1103999999999999,5392,0,False,False,False,False,False,False
GRAP,0.11026666666666661,5393,0,False,False,False,False,False,False
CCDC138,0.11023333333333336,5394,0,False,False,False,False,False,False
MAN2A1,0.1102,5395,0,False,False,False,False,False,False
SPATA6L,0.11019999999999991,5396,0,False,False,False,False,False,False
HSPA1B,0.11016666666666658,5397,0,False,True,False,False,False,False
AZIN2,0.1098666666666666,5398,0,False,False,False,False,False,False
LTBR,0.1097666666666666,5399,0,False,False,False,False,False,False
BCL9,0.10959999999999989,5400,0,False,True,False,False,False,False
CCDC200,0.1093666666666666,5401,0,False,False,False,False,False,False
SAC3D1,0.10933333333333325,5402,0,False,True,False,False,False,False
CD300LB,0.10929999999999995,5403,0,False,False,False,False,False,False
PRKD1,0.10926666666666665,5404,0,False,False,False,False,False,False
FOXO3B,0.10919999999999996,5405,0,False,False,False,False,False,False
SNRPB,0.10896666666666671,5406,0,False,False,False,False,False,False
E2F5,0.10893333333333335,5407,0,False,False,False,False,False,False
DAAM2,0.10886666666666661,5408,0,False,False,False,False,False,False
RBIS,0.10869999999999988,5409,0,False,False,False,False,False,False
MAGI2,0.10860000000000002,5410,0,False,False,False,False,False,False
KATNAL2,0.10859999999999999,5411,0,False,False,False,False,False,False
ACAD8,0.10849999999999992,5412,0,False,False,False,False,False,False
DDHD2,0.10846666666666657,5413,0,False,False,False,False,False,False
RPL22L1,0.10843333333333327,5414,0,False,False,False,False,False,False
MAMDC4,0.10839999999999991,5415,0,False,True,False,False,False,False
PELI1,0.10836666666666668,5416,0,False,True,False,False,False,False
CLK1,0.10816666666666656,5417,0,False,False,False,False,False,False
RTL5,0.10813333333333333,5418,0,False,False,False,False,False,False
ARL5B,0.1080666666666666,5419,0,False,False,False,False,False,False
GPX7,0.10796666666666664,5420,0,False,False,False,False,False,False
NTF4,0.1079333333333332,5421,0,False,False,False,False,False,False
GCSAM,0.1078666666666666,5422,0,False,False,False,False,False,False
PLXNB1,0.10783333333333336,5423,0,False,True,False,False,False,False
TRIO,0.10779999999999999,5424,0,False,False,False,False,False,False
RNF223,0.10779999999999994,5425,0,False,False,False,False,False,False
RAB31,0.10766666666666654,5426,0,False,False,False,False,False,False
SLC26A2,0.10763333333333333,5427,0,False,True,False,False,False,False
FAM174C,0.10763333333333329,5428,0,False,False,False,False,False,False
PYROXD2,0.1074333333333333,5429,0,False,False,False,False,False,False
NEIL1,0.10743333333333326,5430,0,False,False,False,False,False,False
TAPT1,0.10739999999999997,5431,0,False,False,False,False,False,False
ZNHIT2,0.10736666666666667,5432,0,False,False,False,False,False,False
BEST1,0.10723333333333333,5433,0,False,False,False,False,False,False
COBLL1,0.10723333333333332,5434,0,False,True,False,False,False,False
TMEM97,0.10703333333333333,5435,0,False,True,False,False,False,False
CLDN7,0.10699999999999989,5436,0,False,False,False,False,False,False
FAAH,0.10693333333333332,5437,0,False,False,False,False,False,False
N4BP2L2,0.10689999999999988,5438,0,False,False,False,False,False,False
CTTNBP2,0.10683333333333332,5439,0,False,True,False,False,False,False
IFFO1,0.10683333333333328,5440,0,False,False,False,False,False,False
KLHL35,0.10676666666666662,5441,0,False,False,False,False,False,False
MAP2K6,0.10666666666666667,5442,0,False,False,False,False,False,False
TNFRSF10B,0.10653333333333323,5443,0,False,False,False,False,False,False
FP565260.1,0.1065,5444,0,False,True,False,False,False,False
EHD3,0.10636666666666658,5445,0,False,True,False,False,False,False
SMIM10L2B,0.10633333333333322,5446,0,False,False,False,False,False,False
CHCHD2,0.10630000000000003,5447,0,False,False,False,False,False,False
PTK7,0.10626666666666658,5448,0,False,False,False,False,False,False
LRRC34,0.10606666666666664,5449,0,False,False,False,False,False,False
IL17RB,0.10603333333333338,5450,0,False,False,False,False,False,False
LRRC39,0.10596666666666675,5451,0,False,False,False,False,False,False
PLEKHO2,0.10589999999999998,5452,0,False,False,False,False,False,False
ZNF138,0.10576666666666662,5453,0,False,False,False,False,False,False
NCAPD3,0.10563333333333332,5454,0,False,False,False,False,False,False
KCNQ4,0.10549999999999997,5455,0,False,False,False,False,False,False
MCTP2,0.10549999999999994,5456,0,False,True,False,False,False,False
HHEX,0.10536666666666662,5457,0,False,False,False,False,False,False
BARD1,0.1053,5458,0,False,False,False,False,False,False
LONRF1,0.10529999999999988,5459,0,False,False,False,False,False,False
LMNTD2,0.10523333333333326,5460,0,False,True,False,False,False,False
SCN9A,0.10523333333333325,5461,0,False,True,False,False,False,False
MAP4K1,0.10509999999999999,5462,0,False,True,False,False,False,False
HLA-C,0.10509999999999993,5463,0,False,False,False,False,False,False
KAZALD1,0.10503333333333334,5464,0,False,False,False,False,False,False
FSBP,0.10463333333333329,5465,0,False,False,False,False,False,False
HHIPL1,0.10459999999999997,5466,0,False,True,False,False,False,False
ZNF692,0.10449999999999991,5467,0,False,False,False,False,False,False
CHEK2,0.10446666666666662,5468,0,False,True,False,False,False,False
CLN8,0.10443333333333324,5469,0,False,True,False,False,False,False
MCOLN1,0.1044,5470,0,False,False,False,False,False,False
RFTN2,0.10436666666666662,5471,0,False,False,False,False,False,False
CENPX,0.10426666666666663,5472,0,False,False,False,False,False,False
KIAA1614,0.10426666666666659,5473,0,False,False,False,False,False,False
ANXA2,0.10426666666666656,5474,0,False,False,False,False,False,False
CC2D2A,0.10413333333333329,5475,0,False,False,False,False,False,False
CNKSR3,0.10409999999999998,5476,0,False,False,False,False,False,False
NOMO3,0.10409999999999994,5477,0,False,False,False,False,False,False
TMEM67,0.10409999999999986,5478,0,False,False,False,False,False,False
TRO,0.10396666666666661,5479,0,False,False,False,False,False,False
RELB,0.10386666666666654,5480,0,False,False,False,False,False,False
HRH1,0.10376666666666665,5481,0,False,True,False,False,False,False
FAM241A,0.10359999999999997,5482,0,False,True,False,False,False,False
CEP72,0.10359999999999996,5483,0,False,False,False,False,False,False
LAGE3,0.10359999999999993,5484,0,False,False,False,False,False,False
PALLD,0.10356666666666658,5485,0,False,True,False,False,False,False
DECR2,0.10353333333333327,5486,0,False,False,False,False,False,False
TLE4,0.10329999999999995,5487,0,False,False,False,False,False,False
FMC1,0.10326666666666662,5488,0,False,False,False,False,False,False
FLVCR1,0.1031999999999999,5489,0,False,False,False,False,False,False
SLC29A2,0.10316666666666667,5490,0,False,False,False,False,False,False
SEPTIN11,0.1031333333333333,5491,0,False,False,False,False,False,False
DOCK6,0.1030333333333333,5492,0,False,False,False,False,False,False
FANCF,0.10299999999999998,5493,0,False,False,False,False,False,False
CGAS,0.10293333333333327,5494,0,False,False,False,False,False,False
AVIL,0.10286666666666668,5495,0,False,False,False,False,False,False
SLA2,0.10286666666666654,5496,0,False,False,False,False,False,False
RPS5,0.1027666666666667,5497,0,False,False,False,False,False,False
MSI2,0.1027666666666667,5497,0,False,False,False,False,False,False
PDE6B,0.10276666666666662,5499,0,False,False,False,False,False,False
ZNF681,0.10270000000000001,5500,0,False,False,False,False,False,False
SH2B2,0.10269999999999993,5501,0,False,False,False,False,False,False
FAM229A,0.10266666666666663,5502,0,False,False,False,False,False,False
TCTE3,0.10263333333333335,5503,0,False,False,False,False,False,False
NPEPL1,0.10243333333333332,5504,0,False,True,False,False,False,False
MRPL38,0.10236666666666655,5505,0,False,False,False,False,False,False
ENOX1,0.10230000000000002,5506,0,False,False,False,False,False,False
GPSM3,0.10229999999999997,5507,0,False,False,False,False,False,False
GANC,0.10223333333333327,5508,0,False,False,False,False,False,False
MFSD4B,0.10209999999999994,5509,0,False,True,False,False,False,False
JOSD2,0.10199999999999995,5510,0,False,True,False,False,False,False
CCNL2,0.10186666666666663,5511,0,False,False,False,False,False,False
DAB2IP,0.10183333333333332,5512,0,False,False,False,False,False,False
OBSCN,0.10183333333333323,5513,0,False,True,False,False,False,False
CCDC191,0.10180000000000002,5514,0,False,False,False,False,False,False
ZNF91,0.10150000000000003,5515,0,False,False,False,False,False,False
IRAK1,0.10149999999999997,5516,0,False,True,False,False,False,False
EFCAB2,0.10149999999999995,5517,0,False,False,False,False,False,False
TFB2M,0.10129999999999986,5518,0,False,False,False,False,False,False
SPTY2D1OS,0.10126666666666664,5519,0,False,False,False,False,False,False
LRRC49,0.10123333333333329,5520,0,False,False,False,False,False,False
GAB3,0.10119999999999997,5521,0,False,False,False,False,False,False
DUS4L-BCAP29,0.10103333333333327,5522,0,False,False,False,False,False,False
PCSK5,0.10100000000000002,5523,0,False,False,False,False,False,False
CALHM2,0.10099999999999994,5524,0,False,False,False,False,False,False
DZANK1,0.10086666666666666,5525,0,False,True,False,False,False,False
NRM,0.10083333333333325,5526,0,False,False,False,False,False,False
RPL36A,0.10076666666666657,5527,0,False,False,False,False,False,False
ROBO3,0.1007,5528,0,False,False,False,False,False,False
FHL3,0.10069999999999998,5529,0,False,False,False,False,False,False
CLDN12,0.10069999999999996,5530,0,False,False,False,False,False,False
BTN3A2,0.10066666666666661,5531,0,False,False,False,False,False,False
ADCK5,0.10049999999999987,5532,0,False,True,False,False,False,False
BACH2,0.10036666666666666,5533,0,False,False,False,False,False,False
MYL6B,0.10029999999999996,5534,0,False,False,False,False,False,False
B4GAT1,0.1002333333333332,5535,0,False,False,False,False,False,False
ZWILCH,0.09999999999999998,5536,0,False,False,False,False,False,False
CYP4V2,0.09996666666666666,5537,0,False,False,False,False,False,False
MRPS12,0.09983333333333325,5538,0,False,False,False,False,False,False
FZD1,0.09976666666666661,5539,0,False,False,False,False,False,False
C22ORF23,0.09963333333333324,5540,0,False,False,False,False,False,False
SEC61G,0.0996,5541,0,False,False,False,False,False,False
ZFP36L2,0.0995666666666666,5542,0,False,False,False,False,False,False
GRTP1,0.09946666666666658,5543,0,False,False,False,False,False,False
ASB16,0.09943333333333329,5544,0,False,False,False,False,False,False
DHFR,0.09939999999999995,5545,0,False,False,False,False,False,False
LCA5,0.0993999999999999,5546,0,False,False,False,False,False,False
HIVEP2,0.09929999999999983,5547,0,False,False,False,False,False,False
RIPK4,0.09919999999999993,5548,0,False,False,False,False,False,False
MB21D2,0.09910000000000001,5549,0,False,False,False,False,False,False
PIPOX,0.09909999999999992,5550,0,False,False,False,False,False,False
GUCA1B,0.09899999999999995,5551,0,False,False,False,False,False,False
CD151,0.09889999999999995,5552,0,False,True,False,False,False,False
PKM,0.09879999999999992,5553,0,False,False,False,False,False,False
IRF6,0.0987666666666666,5554,0,False,False,False,False,False,False
KLHL5,0.09870000000000004,5555,0,False,False,False,False,False,False
ZSWIM9,0.09869999999999998,5556,0,False,False,False,False,False,False
NOL12,0.09863333333333342,5557,0,False,False,False,False,False,False
TRIM45,0.09859999999999997,5558,0,False,False,False,False,False,False
NR1D2,0.09856666666666665,5559,0,False,False,False,False,False,False
SMC4,0.09853333333333322,5560,0,False,False,False,False,False,False
ANXA2R,0.09843333333333336,5561,0,False,False,False,False,False,False
DGCR6L,0.09843333333333333,5562,0,False,False,False,False,False,False
ZNF581,0.09839999999999999,5563,0,False,False,False,False,False,False
SEC14L1,0.09836666666666657,5564,0,False,False,False,False,False,False
BOLA3,0.09833333333333327,5565,0,False,False,False,False,False,False
PCSK4,0.09829999999999993,5566,0,False,True,False,False,False,False
ADCY3,0.0982999999999999,5567,0,False,False,False,False,False,False
LNX2,0.09823333333333323,5568,0,False,False,False,False,False,False
ETNK1,0.09816666666666662,5569,0,False,False,False,False,False,False
DHPS,0.09813333333333325,5570,0,False,False,False,False,False,False
ZNF888,0.09806666666666669,5571,0,False,False,False,False,False,False
MACROD1,0.09806666666666668,5572,0,False,False,False,False,False,False
TSTD1,0.09799999999999998,5573,0,False,True,False,False,False,False
LYRM9,0.09799999999999995,5574,0,False,False,False,False,False,False
VPS13A,0.09786666666666667,5575,0,False,False,False,False,False,False
CELSR2,0.0978666666666666,5576,0,False,False,False,False,False,False
WDR18,0.09783333333333333,5577,0,False,True,False,False,False,False
TTC26,0.09773333333333324,5578,0,False,False,False,False,False,False
FLT3,0.09769999999999998,5579,0,False,True,False,False,False,False
AGAP9,0.09760000000000002,5580,0,False,False,False,False,False,False
CLIP4,0.09756666666666662,5581,0,False,False,False,False,False,False
NFATC1,0.09753333333333333,5582,0,False,False,False,False,False,False
POLR2L,0.09739999999999993,5583,0,False,True,False,False,False,False
SERINC1,0.09736666666666662,5584,0,False,False,False,False,False,False
PIM3,0.09733333333333327,5585,0,False,False,False,False,False,False
CD80,0.09729999999999991,5586,0,False,False,False,False,False,False
USP18,0.09723333333333323,5587,0,False,True,False,False,False,False
EZR,0.0971666666666665,5588,0,False,False,False,False,False,False
KLF12,0.09703333333333332,5589,0,False,False,False,False,False,False
SEMA3F,0.09696666666666658,5590,0,False,True,False,False,False,False
PCDHB10,0.09693333333333327,5591,0,False,False,False,False,False,False
TYRO3,0.0968666666666666,5592,0,False,False,False,False,False,False
TNFAIP8,0.09686666666666659,5593,0,False,False,False,False,False,False
SLC25A39,0.09669999999999997,5594,0,False,False,False,False,False,False
SNRK,0.0965666666666666,5595,0,False,False,False,False,False,False
THNSL1,0.0965666666666666,5595,0,False,False,False,False,False,False
C9ORF72,0.09653333333333322,5597,0,False,False,False,False,False,False
BNC2,0.09626666666666654,5598,0,False,True,False,False,False,False
HOOK1,0.09623333333333332,5599,0,False,False,False,False,False,False
EVC,0.09616666666666661,5600,0,False,False,False,False,False,False
RGS10,0.09613333333333328,5601,0,False,True,False,False,False,False
PARS2,0.09606666666666666,5602,0,False,False,False,False,False,False
USP53,0.09593333333333325,5603,0,False,False,False,False,False,False
HOMER2,0.0959,5604,0,False,False,False,False,False,False
HEATR1,0.09583333333333334,5605,0,False,False,False,False,False,False
CYSTM1,0.09583333333333327,5606,0,False,False,False,False,False,False
TTC12,0.09580000000000002,5607,0,False,False,False,False,False,False
ANTXR2,0.09576666666666664,5608,0,False,False,False,False,False,False
ZNF540,0.09569999999999994,5609,0,False,False,False,False,False,False
CYSLTR2,0.09569999999999994,5609,0,False,False,False,False,False,False
CABLES2,0.09566666666666666,5611,0,False,False,False,False,False,False
ZNF273,0.09563333333333324,5612,0,False,False,False,False,False,False
TRAF4,0.09563333333333324,5612,0,False,False,False,False,False,False
LANCL2,0.09559999999999996,5614,0,False,True,False,False,False,False
CTDSPL,0.09556666666666659,5615,0,False,False,False,False,False,False
FAM241B,0.09556666666666656,5616,0,False,False,False,False,False,False
ZNF467,0.09543333333333338,5617,0,False,True,False,False,False,False
ZBTB4,0.09543333333333331,5618,0,False,False,False,False,False,False
RLN2,0.09543333333333327,5619,0,False,False,False,False,False,False
MST1,0.09533333333333334,5620,0,False,True,False,False,False,False
SMAGP,0.09533333333333333,5621,0,False,False,False,False,False,False
TUBB4B,0.0952666666666666,5622,0,False,False,False,False,False,False
PPIF,0.09526666666666657,5623,0,False,False,False,False,False,False
KITLG,0.09513333333333333,5624,0,False,True,False,False,False,False
BRICD5,0.09513333333333329,5625,0,False,False,False,False,False,False
ETS2,0.09509999999999992,5626,0,False,False,False,False,False,False
MICOS13,0.09499999999999995,5627,0,False,False,False,False,False,False
DCXR,0.09493333333333337,5628,0,False,False,False,False,False,False
PMP22,0.09493333333333331,5629,0,False,False,False,False,False,False
CST3,0.0948666666666666,5630,0,False,False,False,False,False,False
ZNF597,0.09476666666666658,5631,0,False,False,False,False,False,False
AMOTL2,0.09473333333333328,5632,0,False,True,False,False,False,False
BCL2L2,0.09469999999999991,5633,0,False,False,False,False,False,False
TRIM61,0.09466666666666666,5634,0,False,False,False,False,False,False
GPX1,0.0946333333333333,5635,0,False,False,False,False,False,False
SLC20A2,0.09459999999999989,5636,0,False,True,False,False,False,False
MYSM1,0.0945333333333333,5637,0,False,True,False,False,False,False
ARHGAP42,0.09446666666666659,5638,0,False,False,False,False,False,False
TLR6,0.09443333333333323,5639,0,False,False,False,False,False,False
TXK,0.0943666666666666,5640,0,False,False,False,False,False,False
ACAT2,0.09433333333333326,5641,0,False,False,False,False,False,False
DIPK2A,0.0943,5642,0,False,True,False,False,False,False
DLG2,0.09423333333333332,5643,0,False,False,False,False,False,False
BVES,0.09416666666666662,5644,0,False,False,False,False,False,False
CKAP4,0.09416666666666654,5645,0,False,False,False,False,False,False
KLRG1,0.09406666666666665,5646,0,False,False,False,False,False,False
GOT1,0.09403333333333333,5647,0,False,False,False,False,False,False
GABARAPL1,0.09403333333333326,5648,0,False,True,False,False,False,False
PGM2,0.09399999999999997,5649,0,False,False,False,False,False,False
MVP,0.09373333333333321,5650,0,False,False,False,False,False,False
CREM,0.09369999999999999,5651,0,False,False,False,False,False,False
MTFR1,0.09369999999999988,5652,0,False,False,False,False,False,False
MAP3K6,0.09366666666666651,5653,0,False,False,False,False,False,False
PLCB1,0.09353333333333325,5654,0,False,False,False,False,False,False
RAB8B,0.09353333333333323,5655,0,False,False,False,False,False,False
RPS4X,0.09329999999999997,5656,0,False,True,False,False,False,False
TMSB10,0.0931666666666666,5657,0,False,False,False,False,False,False
PFKFB4,0.09316666666666658,5658,0,False,False,False,False,False,False
MTLN,0.09313333333333332,5659,0,False,False,False,False,False,False
ZNF589,0.09309999999999992,5660,0,False,False,False,False,False,False
TEDC1,0.0930333333333333,5661,0,False,False,False,False,False,False
WTIP,0.09303333333333327,5662,0,False,False,False,False,False,False
PLXNB2,0.09296666666666657,5663,0,False,False,False,False,False,False
FAM149A,0.09293333333333331,5664,0,False,False,False,False,False,False
C18ORF54,0.09283333333333328,5665,0,False,False,False,False,False,False
TNFRSF10A,0.09279999999999991,5666,0,False,False,False,False,False,False
DHRS13,0.09276666666666661,5667,0,False,False,False,False,False,False
PTPN14,0.09273333333333322,5668,0,False,False,False,False,False,False
NSUN7,0.09269999999999996,5669,0,False,False,False,False,False,False
LACTB2,0.09259999999999993,5670,0,False,False,False,False,False,False
HOXB4,0.09253333333333333,5671,0,False,False,False,False,False,False
NT5DC3,0.0924333333333333,5672,0,False,False,False,False,False,False
WDR27,0.09236666666666665,5673,0,False,False,False,False,False,False
ETV2,0.0923333333333333,5674,0,False,True,False,False,False,False
MSH2,0.0922666666666666,5675,0,False,True,False,False,False,False
PNMA8B,0.092,5676,0,False,False,False,False,False,False
FCHO1,0.09196666666666653,5677,0,False,False,False,False,False,False
RPGRIP1L,0.09193333333333328,5678,0,False,False,False,False,False,False
GALM,0.0916333333333333,5679,0,False,False,False,False,False,False
CHRNB1,0.09146666666666657,5680,0,False,False,False,False,False,False
SEPTIN1,0.09143333333333331,5681,0,False,False,False,False,False,False
LAMB2,0.09143333333333327,5682,0,False,False,False,False,False,False
ZC2HC1C,0.09139999999999997,5683,0,False,False,False,False,False,False
LINC00672,0.09136666666666667,5684,0,False,False,False,False,False,False
ITGAE,0.09130000000000006,5685,0,False,False,False,False,False,False
CETN2,0.09123333333333333,5686,0,False,False,False,False,False,False
HDGFL3,0.09099999999999994,5687,0,False,False,False,False,False,False
PINLYP,0.09099999999999991,5688,0,False,True,False,False,False,False
ENTPD7,0.09083333333333324,5689,0,False,False,False,False,False,False
SLC43A2,0.09076666666666666,5690,0,False,False,False,False,False,False
B4GALT2,0.09076666666666659,5691,0,False,True,False,False,False,False
FUCA1,0.09076666666666655,5692,0,False,False,False,False,False,False
ZBTB10,0.09073333333333329,5693,0,False,False,False,False,False,False
ITPR1,0.09073333333333325,5694,0,False,False,False,False,False,False
DIAPH3,0.0906666666666666,5695,0,False,False,False,False,False,False
ZBED6CL,0.09066666666666658,5696,0,False,False,False,False,False,False
CDR2L,0.09043333333333328,5697,0,False,True,False,False,False,False
LRRC75B,0.09023333333333336,5698,0,False,False,False,False,False,False
PET117,0.09003333333333334,5699,0,False,False,False,False,False,False
ZNF185,0.08999999999999998,5700,0,False,True,False,False,False,False
CCDC71L,0.08986666666666658,5701,0,False,True,False,False,False,False
ZNF221,0.08963333333333323,5702,0,False,True,False,False,False,False
GINS3,0.08946666666666661,5703,0,False,False,False,False,False,False
RPH3AL,0.08943333333333327,5704,0,False,False,False,False,False,False
TSC22D2,0.08936666666666662,5705,0,False,False,False,False,False,False
MYOF,0.08933333333333326,5706,0,False,False,False,False,False,False
LRRC61,0.08929999999999996,5707,0,False,False,False,False,False,False
C3ORF70,0.0891999999999999,5708,0,False,False,False,False,False,False
CAPS2,0.08899999999999997,5709,0,False,False,False,False,False,False
RNF213,0.08899999999999993,5710,0,False,False,False,False,False,False
CD82,0.08889999999999997,5711,0,False,True,False,False,False,False
HPS5,0.08873333333333332,5712,0,False,False,False,False,False,False
PCLO,0.0887333333333333,5713,0,False,False,False,False,False,False
FRMD4B,0.08869999999999995,5714,0,False,False,False,False,False,False
ARL4C,0.08849999999999994,5715,0,False,False,False,False,False,False
GASK1A,0.08843333333333325,5716,0,False,False,False,False,False,False
MINDY2,0.08839999999999991,5717,0,False,False,False,False,False,False
EBF4,0.08833333333333336,5718,0,False,False,False,False,False,False
MACIR,0.08833333333333332,5719,0,False,False,False,False,False,False
FAH,0.08816666666666659,5720,0,False,False,False,False,False,False
CHORDC1,0.08813333333333333,5721,0,False,False,False,False,False,False
ZNF780B,0.08813333333333329,5722,0,False,False,False,False,False,False
ACTN1,0.08809999999999994,5723,0,False,False,False,False,False,False
STK17A,0.08803333333333327,5724,0,False,False,False,False,False,False
C8ORF76,0.08800000000000004,5725,0,False,False,False,False,False,False
ATAD3C,0.08783333333333325,5726,0,False,False,False,False,False,False
STAT4,0.08773333333333323,5727,0,False,False,False,False,False,False
ARHGDIB,0.08756666666666664,5728,0,False,False,False,False,False,False
MAPK8IP3,0.0874333333333333,5729,0,False,False,False,False,False,False
BMP8B,0.08736666666666663,5730,0,False,True,False,False,False,False
FAM136A,0.08730000000000003,5731,0,False,False,False,False,False,False
ABHD2,0.08729999999999988,5732,0,False,False,False,False,False,False
SPATS2L,0.08716666666666659,5733,0,False,False,False,False,False,False
ZBED9,0.08713333333333331,5734,0,False,False,False,False,False,False
SLC44A2,0.08706666666666668,5735,0,False,True,False,False,False,False
KLHL23,0.08703333333333317,5736,0,False,False,False,False,False,False
SBF2,0.08699999999999992,5737,0,False,False,False,False,False,False
NAT14,0.08686666666666665,5738,0,False,False,False,False,False,False
PLS3,0.08649999999999988,5739,0,False,False,False,False,False,False
EPHB4,0.08646666666666665,5740,0,False,False,False,False,False,False
SRGAP2C,0.0863999999999999,5741,0,False,True,False,False,False,False
BDP1,0.08629999999999997,5742,0,False,False,False,False,False,False
SPIRE2,0.08629999999999996,5743,0,False,False,False,False,False,False
PIK3CG,0.0861666666666666,5744,0,False,False,False,False,False,False
SPATS2,0.08613333333333334,5745,0,False,False,False,False,False,False
ZNF860,0.08609999999999994,5746,0,False,False,False,False,False,False
KIAA0825,0.0860999999999999,5747,0,False,False,False,False,False,False
PFDN5,0.08603333333333324,5748,0,False,False,False,False,False,False
KANTR,0.08599999999999994,5749,0,False,False,False,False,False,False
FAM13A,0.08599999999999991,5750,0,False,False,False,False,False,False
SIDT2,0.08596666666666655,5751,0,False,False,False,False,False,False
TAF4B,0.08576666666666662,5752,0,False,False,False,False,False,False
UQCC2,0.08559999999999997,5753,0,False,False,False,False,False,False
MPHOSPH9,0.08559999999999991,5754,0,False,False,False,False,False,False
AGBL3,0.08553333333333335,5755,0,False,True,False,False,False,False
SSH2,0.08543333333333329,5756,0,False,False,False,False,False,False
C8G,0.08543333333333329,5756,0,False,True,False,False,False,False
NUDT14,0.08539999999999988,5758,0,False,False,False,False,False,False
SLC5A6,0.08536666666666656,5759,0,False,False,False,False,False,False
ZKSCAN1,0.08529999999999996,5760,0,False,False,False,False,False,False
NANOS3,0.0852666666666667,5761,0,False,True,False,False,False,False
GPR39,0.08523333333333327,5762,0,False,False,False,False,False,False
IDH2,0.08523333333333326,5763,0,False,False,False,False,False,False
PPIL1,0.08523333333333326,5763,0,False,False,False,False,False,False
PLPP7,0.08519999999999997,5765,0,False,True,False,False,False,False
LCA5L,0.08519999999999986,5766,0,False,False,False,False,False,False
MAD2L2,0.08513333333333335,5767,0,False,False,False,False,False,False
B3GNT10,0.08503333333333331,5768,0,False,False,False,False,False,False
GGA2,0.08496666666666668,5769,0,False,False,False,False,False,False
VENTX,0.08496666666666662,5770,0,False,False,False,False,False,False
NPAS1,0.08489999999999992,5771,0,False,True,False,False,False,False
YDJC,0.08489999999999992,5771,0,False,False,False,False,False,False
LEAP2,0.08486666666666659,5773,0,False,False,False,False,False,False
PRXL2B,0.0847333333333333,5774,0,False,False,False,False,False,False
EFHD2,0.0846999999999999,5775,0,False,False,False,False,False,False
SSX2IP,0.08466666666666658,5776,0,False,False,False,False,False,False
HMBS,0.0845666666666667,5777,0,False,True,False,False,False,False
SNX1,0.08443333333333326,5778,0,False,False,False,False,False,False
MRPL54,0.08443333333333324,5779,0,False,False,False,False,False,False
SAP30,0.08423333333333331,5780,0,False,False,False,False,False,False
BICDL2,0.08419999999999991,5781,0,False,True,False,False,False,False
STXBP1,0.0841666666666666,5782,0,False,True,False,False,False,False
SLC38A6,0.08416666666666654,5783,0,False,False,False,False,False,False
ATP11A,0.08413333333333327,5784,0,False,False,False,False,False,False
SDC2,0.08406666666666662,5785,0,False,False,False,False,False,False
LGALS9,0.08406666666666661,5786,0,False,False,False,False,False,False
UBXN11,0.08403333333333325,5787,0,False,False,False,False,False,False
RPP21,0.08399999999999995,5788,0,False,False,False,False,False,False
TSSK4,0.08396666666666665,5789,0,False,False,False,False,False,False
SDC4,0.08386666666666659,5790,0,False,False,False,False,False,False
JUP,0.08379999999999989,5791,0,False,True,False,False,False,False
CMTM4,0.08366666666666657,5792,0,False,False,False,False,False,False
CAP2,0.08356666666666666,5793,0,False,False,False,False,False,False
ITGB5,0.0833333333333332,5794,0,False,False,False,False,False,False
UCP3,0.08326666666666657,5795,0,False,False,False,False,False,False
PCDHB7,0.08313333333333323,5796,0,False,False,False,False,False,False
AGO2,0.08309999999999997,5797,0,False,True,False,False,False,False
ELOB,0.08309999999999991,5798,0,False,True,False,False,False,False
PCDHGA9,0.08306666666666652,5799,0,False,False,False,False,False,False
SPR,0.08296666666666662,5800,0,False,False,False,False,False,False
GAS2L3,0.08293333333333328,5801,0,False,False,False,False,False,False
RPS16,0.08289999999999996,5802,0,False,False,False,False,False,False
LTBP3,0.08279999999999992,5803,0,False,False,False,False,False,False
CHSY1,0.08276666666666666,5804,0,False,True,False,False,False,False
B3GNTL1,0.0827666666666666,5805,0,False,False,False,False,False,False
SMG1,0.08273333333333324,5806,0,False,False,False,False,False,False
ARHGAP32,0.08269999999999991,5807,0,False,False,False,False,False,False
SACS,0.08266666666666658,5808,0,False,False,False,False,False,False
TRIM36,0.0825666666666666,5809,0,False,True,False,False,False,False
TMCC2,0.08246666666666655,5810,0,False,True,False,False,False,False
EPB41L4A,0.08243333333333325,5811,0,False,False,False,False,False,False
SERPINB1,0.08239999999999997,5812,0,False,False,False,False,False,False
TLR1,0.08239999999999997,5812,0,False,False,False,False,False,False
PITPNM2,0.08239999999999989,5814,0,False,False,False,False,False,False
USP37,0.08236666666666656,5815,0,False,False,False,False,False,False
TIGD7,0.08189999999999989,5816,0,False,False,False,False,False,False
SLC25A6,0.08183333333333329,5817,0,False,False,False,False,False,False
CFI,0.08183333333333324,5818,0,False,True,False,False,False,False
UBL3,0.0817999999999999,5819,0,False,True,False,False,False,False
ZDHHC15,0.08173333333333332,5820,0,False,False,False,False,False,False
MED13L,0.08173333333333327,5821,0,False,False,False,False,False,False
APH1B,0.08163333333333327,5822,0,False,False,False,False,False,False
SCML1,0.08146666666666656,5823,0,False,True,False,False,False,False
SYNE4,0.08143333333333337,5824,0,False,True,False,False,False,False
TKT,0.0813666666666666,5825,0,False,False,False,False,False,False
IBA57,0.0813333333333333,5826,0,False,False,False,False,False,False
SMIM10,0.08133333333333323,5827,0,False,False,False,False,False,False
EGLN2,0.08116666666666665,5828,0,False,False,False,False,False,False
CHRD,0.08106666666666665,5829,0,False,False,False,False,False,False
PLPP5,0.08103333333333328,5830,0,False,True,False,False,False,False
RAB9B,0.08096666666666666,5831,0,False,False,False,False,False,False
KIF21B,0.08093333333333329,5832,0,False,False,False,False,False,False
CACNA2D3,0.08093333333333323,5833,0,False,False,False,False,False,False
RAB33A,0.08089999999999996,5834,0,False,False,False,False,False,False
MORN1,0.08086666666666666,5835,0,False,False,False,False,False,False
ARHGAP28,0.08079999999999998,5836,0,False,False,False,False,False,False
FBXL6,0.08079999999999989,5837,0,False,False,False,False,False,False
ZSCAN2,0.08076666666666664,5838,0,False,False,False,False,False,False
PRIM1,0.08076666666666664,5838,0,False,False,False,False,False,False
ASH1L,0.08073333333333331,5840,0,False,False,False,False,False,False
NFKBIE,0.08069999999999994,5841,0,False,False,False,False,False,False
CD44,0.08056666666666659,5842,0,False,True,False,False,False,False
BRI3BP,0.08056666666666658,5843,0,False,True,False,False,False,False
ZFP92,0.08046666666666663,5844,0,False,False,False,False,False,False
MIDN,0.08026666666666658,5845,0,False,False,False,False,False,False
MYO1C,0.08023333333333334,5846,0,False,False,False,False,False,False
CHST7,0.08023333333333332,5847,0,False,False,False,False,False,False
NBPF12,0.08023333333333327,5848,0,False,True,False,False,False,False
HS3ST3B1,0.08013333333333321,5849,0,False,True,False,False,False,False
ADAMTS13,0.08009999999999996,5850,0,False,False,False,False,False,False
TMEM64,0.08003333333333329,5851,0,False,False,False,False,False,False
MTMR8,0.07996666666666659,5852,0,False,False,False,False,False,False
IL6ST,0.07986666666666659,5853,0,False,False,False,False,False,False
ZNF552,0.07983333333333335,5854,0,False,True,False,False,False,False
ASTN2,0.07976666666666662,5855,0,False,False,False,False,False,False
TMEM243,0.0796666666666666,5856,0,False,False,False,False,False,False
KAT2A,0.07963333333333333,5857,0,False,False,False,False,False,False
ITGA7,0.07956666666666655,5858,0,False,False,False,False,False,False
PITPNM3,0.07949999999999999,5859,0,False,False,False,False,False,False
CD81,0.07943333333333331,5860,0,False,False,False,False,False,False
LPCAT3,0.07943333333333329,5861,0,False,False,False,False,False,False
STOX2,0.07939999999999996,5862,0,False,False,False,False,False,False
SHISA4,0.07923333333333328,5863,0,False,False,False,False,False,False
SLC25A29,0.07919999999999998,5864,0,False,False,False,False,False,False
ZNF84,0.0791999999999999,5865,0,False,False,False,False,False,False
TUFT1,0.07913333333333328,5866,0,False,False,False,False,False,False
NAB2,0.07913333333333322,5867,0,False,False,False,False,False,False
AIMP2,0.07909999999999995,5868,0,False,True,False,False,False,False
NPHP1,0.07909999999999989,5869,0,False,True,False,False,False,False
MEX3D,0.0790666666666666,5870,0,False,True,False,False,False,False
CTSS,0.07903333333333325,5871,0,False,False,False,False,False,False
MT-CO1,0.07899999999999992,5872,0,False,False,False,False,False,False
C9ORF16,0.07893333333333324,5873,0,False,False,False,False,False,False
KLHL3,0.07889999999999996,5874,0,False,True,False,False,False,False
ITPRIPL1,0.07876666666666664,5875,0,False,False,False,False,False,False
SH3BGRL,0.07873333333333327,5876,0,False,False,False,False,False,False
LRRC59,0.07869999999999991,5877,0,False,False,False,False,False,False
PNISR,0.07863333333333326,5878,0,False,False,False,False,False,False
GNA15,0.07856666666666663,5879,0,False,False,False,False,False,False
JHY,0.07856666666666663,5879,0,False,False,False,False,False,False
C3ORF14,0.0785666666666666,5881,0,False,False,False,False,False,False
SLC35A1,0.0785333333333333,5882,0,False,True,False,False,False,False
ZNF385C,0.07849999999999994,5883,0,False,True,False,False,False,False
SNAPC2,0.07849999999999989,5884,0,False,False,False,False,False,False
DBP,0.07843333333333333,5885,0,False,False,False,False,False,False
ATP5F1D,0.07836666666666661,5886,0,False,False,False,False,False,False
DNAJC27,0.07826666666666666,5887,0,False,False,False,False,False,False
YOD1,0.07819999999999995,5888,0,False,False,False,False,False,False
SQSTM1,0.07816666666666652,5889,0,False,False,False,False,False,False
CAMK4,0.07813333333333326,5890,0,False,True,False,False,False,False
STX12,0.07806666666666663,5891,0,False,False,False,False,False,False
ZNF442,0.07803333333333323,5892,0,False,True,False,False,False,False
GPI,0.07803333333333319,5893,0,False,False,False,False,False,False
LATS2,0.07799999999999997,5894,0,False,False,False,False,False,False
IDI1,0.07796666666666666,5895,0,False,False,False,False,False,False
DDOST,0.07796666666666656,5896,0,False,False,False,False,False,False
MIS18A,0.07779999999999991,5897,0,False,False,False,False,False,False
SH3RF3,0.07773333333333331,5898,0,False,False,False,False,False,False
SHF,0.07766666666666666,5899,0,False,False,False,False,False,False
MICAL3,0.07763333333333333,5900,0,False,False,False,False,False,False
NAGS,0.07763333333333328,5901,0,False,False,False,False,False,False
SGSM1,0.07763333333333325,5902,0,False,False,False,False,False,False
ZYX,0.07759999999999989,5903,0,False,True,False,False,False,False
NCAPD2,0.07753333333333327,5904,0,False,True,False,False,False,False
CDC42BPA,0.07753333333333326,5905,0,False,False,False,False,False,False
PIWIL4,0.07743333333333326,5906,0,False,False,False,False,False,False
SNX21,0.0773333333333333,5907,0,False,True,False,False,False,False
C15ORF65,0.0773333333333333,5907,0,False,False,False,False,False,False
SNX20,0.07729999999999997,5909,0,False,False,False,False,False,False
SHC1,0.07726666666666664,5910,0,False,False,False,False,False,False
ARRB2,0.07726666666666661,5911,0,False,False,False,False,False,False
APBB2,0.07723333333333329,5912,0,False,False,False,False,False,False
GJD3,0.07723333333333322,5913,0,False,False,False,False,False,False
DDX58,0.07719999999999999,5914,0,False,False,False,False,False,False
CDIN1,0.07719999999999991,5915,0,False,False,False,False,False,False
ADAM22,0.07716666666666656,5916,0,False,True,False,False,False,False
VAT1,0.07709999999999993,5917,0,False,False,False,False,False,False
NDUFS6,0.07703333333333323,5918,0,False,True,False,False,False,False
USP54,0.07703333333333323,5918,0,False,False,False,False,False,False
TRIP6,0.07693333333333331,5920,0,False,False,False,False,False,False
CCDC171,0.0769333333333333,5921,0,False,False,False,False,False,False
FBXO17,0.07683333333333334,5922,0,False,True,False,False,False,False
DDTL,0.07683333333333331,5923,0,False,False,False,False,False,False
SIK2,0.07676666666666655,5924,0,False,False,False,False,False,False
IDH1,0.07670000000000005,5925,0,False,False,False,False,False,False
PLEKHM3,0.07659999999999992,5926,0,False,True,False,False,False,False
NSD2,0.07636666666666661,5927,0,False,True,False,False,False,False
CAMK2D,0.07636666666666657,5928,0,False,False,False,False,False,False
PLOD1,0.07623333333333321,5929,0,False,False,False,False,False,False
SGIP1,0.07616666666666662,5930,0,False,False,False,False,False,False
DUSP14,0.07609999999999995,5931,0,False,True,False,False,False,False
PAPLN,0.07603333333333336,5932,0,False,False,False,False,False,False
C15ORF62,0.07599999999999994,5933,0,False,True,False,False,False,False
ARHGAP25,0.07593333333333328,5934,0,False,True,False,False,False,False
TMEM79,0.07593333333333328,5934,0,False,True,False,False,False,False
AKAP6,0.07593333333333327,5936,0,False,False,False,False,False,False
CNTRL,0.07586666666666667,5937,0,False,False,False,False,False,False
RNF150,0.07586666666666664,5938,0,False,False,False,False,False,False
GLOD5,0.07586666666666658,5939,0,False,False,False,False,False,False
LYSMD1,0.07586666666666657,5940,0,False,False,False,False,False,False
OSBPL3,0.07573333333333326,5941,0,False,False,False,False,False,False
THRA,0.07546666666666661,5942,0,False,False,False,False,False,False
CARD10,0.07543333333333327,5943,0,False,True,False,False,False,False
SLC48A1,0.07539999999999998,5944,0,False,True,False,False,False,False
PEX11G,0.07526666666666659,5945,0,False,False,False,False,False,False
C2ORF92,0.07523333333333324,5946,0,False,False,False,False,False,False
CD226,0.07513333333333322,5947,0,False,False,False,False,False,False
UBN2,0.07496666666666658,5948,0,False,False,False,False,False,False
ZFP36L1,0.07496666666666657,5949,0,False,False,False,False,False,False
RPS6KA6,0.07476666666666666,5950,0,False,False,False,False,False,False
NLGN3,0.07476666666666663,5951,0,False,False,False,False,False,False
PRDX1,0.07469999999999986,5952,0,False,False,False,False,False,False
PTPN1,0.07466666666666666,5953,0,False,True,False,False,False,False
TJP1,0.07463333333333325,5954,0,False,False,False,False,False,False
ZNF483,0.07460000000000001,5955,0,False,True,False,False,False,False
ZIK1,0.0745333333333332,5956,0,False,True,False,False,False,False
DGKE,0.07449999999999991,5957,0,False,False,False,False,False,False
IFT140,0.07436666666666665,5958,0,False,False,False,False,False,False
CAND2,0.07436666666666655,5959,0,False,True,False,False,False,False
CDK14,0.07433333333333318,5960,0,False,False,False,False,False,False
PYGO1,0.07429999999999991,5961,0,False,False,False,False,False,False
APRT,0.07423333333333333,5962,0,False,False,False,False,False,False
AADAT,0.0742,5963,0,False,False,False,False,False,False
GSTM2,0.07419999999999999,5964,0,False,False,False,False,False,False
SPRY2,0.0741666666666666,5965,0,False,False,False,False,False,False
PSTPIP1,0.07416666666666659,5966,0,False,False,False,False,False,False
GADD45GIP1,0.07413333333333327,5967,0,False,True,False,False,False,False
KMT2C,0.07399999999999994,5968,0,False,False,False,False,False,False
C6ORF132,0.07396666666666665,5969,0,False,False,False,False,False,False
NOC4L,0.07396666666666663,5970,0,False,False,False,False,False,False
EXOSC4,0.07386666666666662,5971,0,False,False,False,False,False,False
CYP51A1,0.07373333333333326,5972,0,False,True,False,False,False,False
SRPRB,0.07369999999999995,5973,0,False,True,False,False,False,False
CLSTN3,0.07363333333333323,5974,0,False,False,False,False,False,False
F8A1,0.07359999999999994,5975,0,False,False,False,False,False,False
RAVER2,0.07349999999999994,5976,0,False,False,False,False,False,False
SEC23A,0.07346666666666664,5977,0,False,False,False,False,False,False
PBX4,0.07333333333333329,5978,0,False,True,False,False,False,False
PIM1,0.0732666666666666,5979,0,False,False,False,False,False,False
PARVB,0.07319999999999996,5980,0,False,False,False,False,False,False
ZNF418,0.07316666666666662,5981,0,False,False,False,False,False,False
ALG10,0.0731666666666666,5982,0,False,False,False,False,False,False
OSTC,0.07306666666666657,5983,0,False,False,False,False,False,False
FKBP8,0.07303333333333326,5984,0,False,True,False,False,False,False
ANKRD53,0.07296666666666658,5985,0,False,False,False,False,False,False
MT-CO3,0.0728666666666666,5986,0,False,False,False,False,False,False
PELI2,0.07273333333333325,5987,0,False,False,False,False,False,False
CCDC15,0.07269999999999993,5988,0,False,False,False,False,False,False
ZFP2,0.07266666666666659,5989,0,False,False,False,False,False,False
C1GALT1,0.07263333333333336,5990,0,False,False,False,False,False,False
TRPV1,0.07263333333333331,5991,0,False,False,False,False,False,False
METTL21A,0.07263333333333329,5992,0,False,False,False,False,False,False
C20ORF27,0.07263333333333327,5993,0,False,False,False,False,False,False
RPL18A,0.07253333333333327,5994,0,False,True,False,False,False,False
MEAK7,0.07249999999999991,5995,0,False,False,False,False,False,False
DUSP7,0.07249999999999991,5995,0,False,False,False,False,False,False
GGT7,0.0724666666666666,5997,0,False,True,False,False,False,False
AKAP5,0.07206666666666664,5998,0,False,False,False,False,False,False
SEC24D,0.07196666666666666,5999,0,False,True,False,False,False,False
SQOR,0.07176666666666653,6000,0,False,False,False,False,False,False
TMED3,0.07163333333333323,6001,0,False,False,False,False,False,False
RARB,0.07153333333333332,6002,0,False,False,False,False,False,False
PCYOX1,0.07149999999999994,6003,0,False,False,False,False,False,False
RNF217,0.07139999999999998,6004,0,False,False,False,False,False,False
PROSER2,0.07139999999999994,6005,0,False,False,False,False,False,False
MEIS2,0.07139999999999992,6006,0,False,False,False,False,False,False
CNTLN,0.07133333333333326,6007,0,False,False,False,False,False,False
ZNF547,0.07129999999999993,6008,0,False,False,False,False,False,False
C3ORF52,0.07126666666666658,6009,0,False,True,False,False,False,False
REXO5,0.07123333333333334,6010,0,False,False,False,False,False,False
PDIA6,0.07123333333333327,6011,0,False,False,False,False,False,False
TMEM161A,0.0712,6012,0,False,True,False,False,False,False
FAM193B,0.07119999999999997,6013,0,False,False,False,False,False,False
CCDC88C,0.0710333333333333,6014,0,False,False,False,False,False,False
NARF,0.07103333333333328,6015,0,False,False,False,False,False,False
MZT2A,0.07089999999999999,6016,0,False,False,False,False,False,False
CCND3,0.07083333333333332,6017,0,False,False,False,False,False,False
RAP2B,0.07079999999999995,6018,0,False,False,False,False,False,False
ZNF573,0.07079999999999993,6019,0,False,False,False,False,False,False
MRPL23,0.07076666666666663,6020,0,False,False,False,False,False,False
BAIAP2,0.07073333333333327,6021,0,False,False,False,False,False,False
PRPH2,0.07073333333333325,6022,0,False,False,False,False,False,False
KAT6A,0.07066666666666667,6023,0,False,False,False,False,False,False
PLCL2,0.0706666666666666,6024,0,False,False,False,False,False,False
NIPSNAP1,0.07059999999999995,6025,0,False,False,False,False,False,False
FKBP1C,0.07053333333333328,6026,0,False,False,False,False,False,False
ZNF92,0.07049999999999991,6027,0,False,False,False,False,False,False
MAP3K9,0.07043333333333326,6028,0,False,False,False,False,False,False
AGPAT4,0.07039999999999995,6029,0,False,False,False,False,False,False
SEMA4F,0.0703666666666666,6030,0,False,False,False,False,False,False
LY6G5B,0.07029999999999996,6031,0,False,False,False,False,False,False
B9D1,0.07029999999999996,6031,0,False,False,False,False,False,False
SLFN12,0.07029999999999988,6033,0,False,True,False,False,False,False
ARL11,0.07023333333333326,6034,0,False,False,False,False,False,False
CPLANE1,0.07016666666666665,6035,0,False,False,False,False,False,False
TICAM1,0.0701333333333332,6036,0,False,False,False,False,False,False
QDPR,0.0701,6037,0,False,False,False,False,False,False
B2M,0.07006666666666661,6038,0,False,False,False,False,False,False
ADAMTS10,0.06979999999999988,6039,0,False,True,False,False,False,False
EIF4E3,0.06976666666666663,6040,0,False,False,False,False,False,False
PBLD,0.06973333333333327,6041,0,False,True,False,False,False,False
ZNF256,0.0696666666666666,6042,0,False,False,False,False,False,False
ANKS1A,0.06953333333333324,6043,0,False,True,False,False,False,False
PIK3R1,0.06946666666666665,6044,0,False,False,False,False,False,False
CCDC88A,0.06946666666666658,6045,0,False,False,False,False,False,False
FIG4,0.06943333333333324,6046,0,False,True,False,False,False,False
BAG3,0.0693666666666666,6047,0,False,True,False,False,False,False
SPIRE1,0.06936666666666659,6048,0,False,False,False,False,False,False
MBOAT2,0.0693,6049,0,False,False,False,False,False,False
MGAT4A,0.06929999999999992,6050,0,False,True,False,False,False,False
RPL17,0.06923333333333331,6051,0,False,False,False,False,False,False
CCDC102A,0.06923333333333324,6052,0,False,False,False,False,False,False
ASB2,0.06916666666666661,6053,0,False,False,False,False,False,False
H2AJ,0.06896666666666666,6054,0,False,True,False,False,False,False
PATL2,0.0689666666666666,6055,0,False,False,False,False,False,False
TMTC2,0.0689666666666666,6055,0,False,False,False,False,False,False
BAIAP2L1,0.06889999999999998,6057,0,False,True,False,False,False,False
ATP11C,0.06889999999999998,6057,0,False,False,False,False,False,False
GBP2,0.06886666666666666,6059,0,False,False,False,False,False,False
CRB3,0.06886666666666662,6060,0,False,False,False,False,False,False
NLRP1,0.0688666666666666,6061,0,False,False,False,False,False,False
UTP25,0.06883333333333327,6062,0,False,True,False,False,False,False
DLK2,0.0687666666666666,6063,0,False,False,False,False,False,False
GNAQ,0.06873333333333327,6064,0,False,False,False,False,False,False
LUZP1,0.06873333333333326,6065,0,False,False,False,False,False,False
PUSL1,0.06859999999999994,6066,0,False,False,False,False,False,False
KIAA1328,0.06856666666666665,6067,0,False,False,False,False,False,False
POLB,0.06846666666666666,6068,0,False,False,False,False,False,False
SPINT2,0.06843333333333329,6069,0,False,True,False,False,False,False
BTN3A3,0.0683666666666666,6070,0,False,True,False,False,False,False
LBHD1,0.06836666666666659,6071,0,False,False,False,False,False,False
VLDLR,0.06836666666666655,6072,0,False,False,False,False,False,False
ZNF763,0.06816666666666658,6073,0,False,True,False,False,False,False
ZFAND2A,0.06809999999999998,6074,0,False,True,False,False,False,False
MAPK8IP1,0.0680333333333333,6075,0,False,False,False,False,False,False
KIF22,0.06803333333333329,6076,0,False,False,False,False,False,False
C3ORF80,0.06803333333333329,6076,0,False,False,False,False,False,False
KCTD1,0.06796666666666663,6078,0,False,False,False,False,False,False
SERPINI1,0.06793333333333328,6079,0,False,True,False,False,False,False
KIF2A,0.06786666666666658,6080,0,False,False,False,False,False,False
SPATA6,0.06779999999999997,6081,0,False,False,False,False,False,False
ZNF708,0.06776666666666664,6082,0,False,True,False,False,False,False
CNOT11,0.06776666666666656,6083,0,False,False,False,False,False,False
ZBTB47,0.06773333333333328,6084,0,False,True,False,False,False,False
PPM1M,0.0676999999999999,6085,0,False,True,False,False,False,False
PPP1R35,0.06766666666666662,6086,0,False,False,False,False,False,False
NHLRC1,0.06766666666666661,6087,0,False,False,False,False,False,False
HSPE1,0.06759999999999985,6088,0,False,False,False,False,False,False
CEBPB,0.06756666666666662,6089,0,False,False,False,False,False,False
ATAD3B,0.0675,6090,0,False,False,False,False,False,False
SLC25A13,0.0674666666666666,6091,0,False,False,False,False,False,False
UNC5C,0.06746666666666655,6092,0,False,False,False,False,False,False
MCL1,0.0674333333333333,6093,0,False,False,False,False,False,False
KIAA1522,0.0674333333333333,6093,0,False,False,False,False,False,False
PCNX2,0.06703333333333328,6095,0,False,False,False,False,False,False
KHDC4,0.06696666666666665,6096,0,False,False,False,False,False,False
PSIP1,0.06693333333333332,6097,0,False,False,False,False,False,False
POGLUT2,0.06686666666666666,6098,0,False,False,False,False,False,False
MEGF6,0.06686666666666659,6099,0,False,False,False,False,False,False
RTN2,0.0668,6100,0,False,False,False,False,False,False
FKBP14,0.0667999999999999,6101,0,False,False,False,False,False,False
ENAH,0.0667333333333333,6102,0,False,False,False,False,False,False
CSTF2,0.0667333333333333,6102,0,False,False,False,False,False,False
TMUB1,0.06636666666666657,6104,0,False,False,False,False,False,False
DCP2,0.06633333333333326,6105,0,False,False,False,False,False,False
SRF,0.06629999999999996,6106,0,False,False,False,False,False,False
KCND3,0.0662333333333333,6107,0,False,False,False,False,False,False
C21ORF91,0.06623333333333328,6108,0,False,False,False,False,False,False
KCNC4,0.06616666666666665,6109,0,False,False,False,False,False,False
CDKN2D,0.06606666666666658,6110,0,False,False,False,False,False,False
LCOR,0.0658999999999999,6111,0,False,False,False,False,False,False
WIPF1,0.06586666666666663,6112,0,False,True,False,False,False,False
KLHL17,0.06573333333333332,6113,0,False,False,False,False,False,False
HSP90B1,0.06573333333333324,6114,0,False,True,False,False,False,False
PCNA,0.06566666666666662,6115,0,False,False,False,False,False,False
RPS9,0.06563333333333332,6116,0,False,False,False,False,False,False
FLNB,0.0656333333333333,6117,0,False,False,False,False,False,False
GLI2,0.06559999999999999,6118,0,False,False,False,False,False,False
UFSP1,0.06559999999999994,6119,0,False,False,False,False,False,False
RABL2A,0.0654666666666666,6120,0,False,False,False,False,False,False
TAF1A,0.06546666666666658,6121,0,False,False,False,False,False,False
FTH1,0.06529999999999998,6122,0,False,True,False,False,False,False
MYO9A,0.06529999999999997,6123,0,False,False,False,False,False,False
HSDL2,0.0652,6124,0,False,False,False,False,False,False
NRP1,0.06519999999999988,6125,0,False,False,False,False,False,False
NXPE3,0.06509999999999992,6126,0,False,False,False,False,False,False
MYH9,0.06509999999999992,6126,0,False,False,False,False,False,False
TCAF2,0.06503333333333328,6128,0,False,False,False,False,False,False
FAM216A,0.06489999999999994,6129,0,False,False,False,False,False,False
MEGF8,0.06486666666666661,6130,0,False,False,False,False,False,False
SMAD1,0.0648333333333333,6131,0,False,False,False,False,False,False
SRRM2,0.06479999999999994,6132,0,False,False,False,False,False,False
SPNS3,0.06479999999999993,6133,0,False,False,False,False,False,False
TSPAN13,0.06469999999999992,6134,0,False,False,False,False,False,False
NFIB,0.0646999999999999,6135,0,False,False,False,False,False,False
TAGLN2,0.06459999999999994,6136,0,False,False,False,False,False,False
TDP1,0.06459999999999994,6136,0,False,False,False,False,False,False
APOBEC3G,0.06453333333333329,6138,0,False,False,False,False,False,False
PLGRKT,0.06449999999999997,6139,0,False,True,False,False,False,False
ZNF397,0.0643666666666666,6140,0,False,False,False,False,False,False
ALOX12,0.06416666666666662,6141,0,False,False,False,False,False,False
HELZ2,0.06413333333333326,6142,0,False,False,False,False,False,False
S100A11,0.06406666666666658,6143,0,False,False,False,False,False,False
CXCL16,0.0640333333333333,6144,0,False,False,False,False,False,False
SLC38A9,0.06399999999999997,6145,0,False,False,False,False,False,False
GPR173,0.0639333333333333,6146,0,False,True,False,False,False,False
METTL26,0.06383333333333328,6147,0,False,False,False,False,False,False
CRYZ,0.0637333333333333,6148,0,False,False,False,False,False,False
ZNF214,0.06373333333333328,6149,0,False,False,False,False,False,False
FGD6,0.06356666666666666,6150,0,False,False,False,False,False,False
ZNF296,0.06356666666666659,6151,0,False,False,False,False,False,False
RRS1,0.06353333333333332,6152,0,False,False,False,False,False,False
KDM5B,0.06353333333333328,6153,0,False,False,False,False,False,False
SERHL2,0.0634999999999999,6154,0,False,False,False,False,False,False
TIMP2,0.0634999999999999,6154,0,False,False,False,False,False,False
TRIM66,0.06346666666666657,6156,0,False,False,False,False,False,False
ZC4H2,0.06339999999999996,6157,0,False,False,False,False,False,False
SYT11,0.0633666666666666,6158,0,False,False,False,False,False,False
PCDHGB6,0.06319999999999994,6159,0,False,False,False,False,False,False
SCARB1,0.06319999999999994,6159,0,False,False,False,False,False,False
MRM1,0.06313333333333325,6161,0,False,True,False,False,False,False
ATP1A1,0.06293333333333334,6162,0,False,False,False,False,False,False
UAP1,0.06293333333333329,6163,0,False,False,False,False,False,False
LPXN,0.06293333333333327,6164,0,False,True,False,False,False,False
IER5,0.06289999999999998,6165,0,False,True,False,False,False,False
BLNK,0.06286666666666657,6166,0,False,False,False,False,False,False
SRGAP1,0.06286666666666656,6167,0,False,False,False,False,False,False
PRR12,0.06279999999999998,6168,0,False,False,False,False,False,False
RPS23,0.06279999999999991,6169,0,False,False,False,False,False,False
CYC1,0.06273333333333331,6170,0,False,False,False,False,False,False
NUP107,0.06269999999999998,6171,0,False,False,False,False,False,False
HERC1,0.06246666666666653,6172,0,False,False,False,False,False,False
P2RY11,0.06239999999999996,6173,0,False,False,False,False,False,False
ARHGAP15,0.062299999999999946,6174,0,False,True,False,False,False,False
FUT4,0.06226666666666663,6175,0,False,False,False,False,False,False
IFT172,0.0621666666666666,6176,0,False,False,False,False,False,False
QPCTL,0.06213333333333328,6177,0,False,False,False,False,False,False
CLIP2,0.06209999999999996,6178,0,False,False,False,False,False,False
SEMA4A,0.06209999999999995,6179,0,False,False,False,False,False,False
RALGAPA1,0.062066666666666624,6180,0,False,True,False,False,False,False
TPRN,0.06203333333333333,6181,0,False,False,False,False,False,False
RAPGEFL1,0.06203333333333331,6182,0,False,False,False,False,False,False
EHD1,0.061999999999999895,6183,0,False,False,False,False,False,False
KCNMB1,0.06196666666666656,6184,0,False,False,False,False,False,False
CHMP4A,0.06189999999999993,6185,0,False,True,False,False,False,False
CBX5,0.061899999999999906,6186,0,False,False,False,False,False,False
CCNG2,0.06186666666666662,6187,0,False,True,False,False,False,False
CCDC14,0.06183333333333329,6188,0,False,False,False,False,False,False
AURKC,0.06179999999999997,6189,0,False,False,False,False,False,False
SIAE,0.06176666666666662,6190,0,False,False,False,False,False,False
SOCS7,0.061733333333333335,6191,0,False,False,False,False,False,False
SPRED1,0.061666666666666634,6192,0,False,False,False,False,False,False
NAALADL1,0.06159999999999994,6193,0,False,False,False,False,False,False
ACER2,0.06156666666666665,6194,0,False,False,False,False,False,False
PECR,0.06149999999999993,6195,0,False,False,False,False,False,False
USP51,0.0614666666666666,6196,0,False,True,False,False,False,False
TAP2,0.0614,6197,0,False,False,False,False,False,False
JAZF1,0.06139999999999992,6198,0,False,False,False,False,False,False
FGFR1,0.06136666666666667,6199,0,False,False,False,False,False,False
C4ORF46,0.061366666666666646,6200,0,False,False,False,False,False,False
PGK1,0.06129999999999995,6201,0,False,False,False,False,False,False
CSTB,0.06129999999999992,6202,0,False,False,False,False,False,False
GLMP,0.061266666666666615,6203,0,False,False,False,False,False,False
INTS8,0.061266666666666594,6204,0,False,False,False,False,False,False
RNF145,0.061233333333333265,6205,0,False,True,False,False,False,False
GAB2,0.06116666666666665,6206,0,False,False,False,False,False,False
BDH2,0.061066666666666644,6207,0,False,False,False,False,False,False
FZD7,0.06106666666666663,6208,0,False,False,False,False,False,False
TMPO,0.060966666666666613,6209,0,False,False,False,False,False,False
PINX1,0.060866666666666604,6210,0,False,False,False,False,False,False
CDH1,0.060766666666666636,6211,0,False,False,False,False,False,False
SGPL1,0.06073333333333324,6212,0,False,False,False,False,False,False
ANKRD50,0.060700000000000025,6213,0,False,False,False,False,False,False
ECE1,0.060666666666666605,6214,0,False,False,False,False,False,False
HGH1,0.060666666666666605,6214,0,False,False,False,False,False,False
BSPRY,0.06056666666666654,6216,0,False,True,False,False,False,False
MFSD13A,0.06053333333333327,6217,0,False,True,False,False,False,False
ZNF579,0.06049999999999997,6218,0,False,False,False,False,False,False
ZNF546,0.06043333333333327,6219,0,False,False,False,False,False,False
PTRH2,0.06036666666666665,6220,0,False,False,False,False,False,False
SEPTIN10,0.060299999999999965,6221,0,False,False,False,False,False,False
H1-0,0.06026666666666667,6222,0,False,False,False,False,False,False
LY75,0.06023333333333333,6223,0,False,False,False,False,False,False
PAIP2B,0.060233333333333285,6224,0,False,False,False,False,False,False
FYN,0.060233333333333285,6224,0,False,False,False,False,False,False
MAMLD1,0.06019999999999995,6226,0,False,False,False,False,False,False
SPTAN1,0.06019999999999993,6227,0,False,True,False,False,False,False
ALMS1,0.06016666666666662,6228,0,False,False,False,False,False,False
GALE,0.0601666666666666,6229,0,False,False,False,False,False,False
ZNF608,0.06013333333333327,6230,0,False,True,False,False,False,False
ZDHHC3,0.06009999999999996,6231,0,False,True,False,False,False,False
LRRC37A2,0.060099999999999945,6232,0,False,False,False,False,False,False
MST1R,0.060066666666666574,6233,0,False,False,False,False,False,False
LY96,0.060033333333333265,6234,0,False,False,False,False,False,False
PLEKHO1,0.060033333333333244,6235,0,False,False,False,False,False,False
EIF4EBP3,0.06003333333333323,6236,0,False,False,False,False,False,False
RELL2,0.05993333333333329,6237,0,False,False,False,False,False,False
RBL1,0.059899999999999926,6238,0,False,False,False,False,False,False
DHRS12,0.05973333333333327,6239,0,False,False,False,False,False,False
CYBA,0.05953333333333327,6240,0,False,False,False,False,False,False
LMTK2,0.05953333333333326,6241,0,False,False,False,False,False,False
RTN4R,0.05943333333333329,6242,0,False,False,False,False,False,False
LRFN1,0.059333333333333266,6243,0,False,False,False,False,False,False
KLF8,0.05926666666666662,6244,0,False,False,False,False,False,False
GM2A,0.059033333333333264,6245,0,False,False,False,False,False,False
ARMCX4,0.05893333333333325,6246,0,False,False,False,False,False,False
CAMSAP3,0.05893333333333325,6246,0,False,False,False,False,False,False
ZNF587,0.05889999999999996,6248,0,False,False,False,False,False,False
DISP1,0.05889999999999993,6249,0,False,False,False,False,False,False
ABHD5,0.05883333333333327,6250,0,False,False,False,False,False,False
IFNAR2,0.05883333333333327,6250,0,False,False,False,False,False,False
ERBB2,0.05866666666666659,6252,0,False,False,False,False,False,False
MAF,0.05856666666666659,6253,0,False,False,False,False,False,False
TRPC1,0.058499999999999976,6254,0,False,True,False,False,False,False
FBXO6,0.058499999999999955,6255,0,False,False,False,False,False,False
PCDHB15,0.05849999999999994,6256,0,False,False,False,False,False,False
DHRS7,0.05846666666666659,6257,0,False,True,False,False,False,False
PRDX2,0.05839999999999988,6258,0,False,False,False,False,False,False
KCNS3,0.058366666666666636,6259,0,False,False,False,False,False,False
SERPINB8,0.05833333333333323,6260,0,False,False,False,False,False,False
GNL3,0.058299999999999866,6261,0,False,False,False,False,False,False
LARP6,0.05819999999999998,6262,0,False,False,False,False,False,False
TMTC4,0.05816666666666663,6263,0,False,False,False,False,False,False
SLC9A5,0.058066666666666614,6264,0,False,False,False,False,False,False
SLC8A1,0.05799999999999998,6265,0,False,True,False,False,False,False
PPP1R10,0.05799999999999996,6266,0,False,True,False,False,False,False
DPP7,0.0579666666666666,6267,0,False,False,False,False,False,False
CEP85,0.05796666666666658,6268,0,False,False,False,False,False,False
USP12,0.05776666666666664,6269,0,False,False,False,False,False,False
RASA1,0.05776666666666658,6270,0,False,False,False,False,False,False
RBPMS,0.05773333333333329,6271,0,False,False,False,False,False,False
RAN,0.05769999999999996,6272,0,False,False,False,False,False,False
EEF1AKMT3,0.05759999999999998,6273,0,False,False,False,False,False,False
PLCD1,0.05753333333333327,6274,0,False,True,False,False,False,False
EFCAB11,0.05753333333333324,6275,0,False,True,False,False,False,False
VDR,0.057466666666666576,6276,0,False,True,False,False,False,False
XBP1,0.05739999999999996,6277,0,False,False,False,False,False,False
ALDH6A1,0.05739999999999995,6278,0,False,False,False,False,False,False
SHROOM3,0.05736666666666659,6279,0,False,True,False,False,False,False
DENND6B,0.05736666666666657,6280,0,False,False,False,False,False,False
ZBTB21,0.057333333333333236,6281,0,False,False,False,False,False,False
MRPL28,0.05733333333333322,6282,0,False,False,False,False,False,False
NTHL1,0.05729999999999997,6283,0,False,False,False,False,False,False
SRM,0.0572666666666666,6284,0,False,True,False,False,False,False
ABCC5,0.05723333333333329,6285,0,False,False,False,False,False,False
TSSK6,0.057133333333333335,6286,0,False,False,False,False,False,False
PRR22,0.0571333333333333,6287,0,False,True,False,False,False,False
PHLDB1,0.05713333333333328,6288,0,False,False,False,False,False,False
FRAT1,0.05713333333333325,6289,0,False,False,False,False,False,False
SLC1A4,0.05709999999999996,6290,0,False,True,False,False,False,False
IFNGR1,0.05706666666666662,6291,0,False,False,False,False,False,False
RMI1,0.05706666666666661,6292,0,False,False,False,False,False,False
GAREM1,0.05699999999999996,6293,0,False,True,False,False,False,False
CDC42BPG,0.05699999999999993,6294,0,False,False,False,False,False,False
LETM2,0.05696666666666662,6295,0,False,True,False,False,False,False
HIVEP1,0.056899999999999964,6296,0,False,False,False,False,False,False
MAGED1,0.0568666666666666,6297,0,False,False,False,False,False,False
AGAP4,0.05683333333333331,6298,0,False,False,False,False,False,False
MPZL3,0.05679999999999993,6299,0,False,True,False,False,False,False
GDPD1,0.056766666666666625,6300,0,False,True,False,False,False,False
ICA1L,0.056733333333333295,6301,0,False,False,False,False,False,False
UCN,0.05663333333333323,6302,0,False,False,False,False,False,False
RPS14,0.05659999999999989,6303,0,False,False,False,False,False,False
ANTKMT,0.056533333333333304,6304,0,False,False,False,False,False,False
WHRN,0.05653333333333329,6305,0,False,False,False,False,False,False
PLA2G6,0.05653333333333326,6306,0,False,False,False,False,False,False
ZBTB3,0.05649999999999996,6307,0,False,True,False,False,False,False
DZIP3,0.05646666666666662,6308,0,False,True,False,False,False,False
SPACA6,0.056399999999999936,6309,0,False,False,False,False,False,False
RALGDS,0.05636666666666662,6310,0,False,False,False,False,False,False
MICALL2,0.056266666666666604,6311,0,False,False,False,False,False,False
DDR1,0.0560999999999999,6312,0,False,False,False,False,False,False
OSBPL5,0.05606666666666662,6313,0,False,True,False,False,False,False
PAPSS1,0.05603333333333328,6314,0,False,False,False,False,False,False
WASH6P,0.0559333333333333,6315,0,False,True,False,False,False,False
BOD1L1,0.055899999999999915,6316,0,False,False,False,False,False,False
CHMP4C,0.05586666666666661,6317,0,False,False,False,False,False,False
ACADS,0.0558666666666666,6318,0,False,False,False,False,False,False
PPAN,0.055833333333333277,6319,0,False,False,False,False,False,False
IFI35,0.05579999999999991,6320,0,False,False,False,False,False,False
RPUSD1,0.055633333333333326,6321,0,False,False,False,False,False,False
SYTL4,0.05563333333333324,6322,0,False,True,False,False,False,False
THAP2,0.055599999999999955,6323,0,False,False,False,False,False,False
TOMM40L,0.055599999999999955,6323,0,False,True,False,False,False,False
CEP170,0.05559999999999994,6325,0,False,False,False,False,False,False
BAG2,0.05549999999999996,6326,0,False,True,False,False,False,False
CORO1C,0.05549999999999994,6327,0,False,False,False,False,False,False
FSCN2,0.055466666666666595,6328,0,False,False,False,False,False,False
RNF125,0.055399999999999935,6329,0,False,False,False,False,False,False
CHST15,0.055299999999999974,6330,0,False,False,False,False,False,False
TPD52L1,0.05523333333333324,6331,0,False,False,False,False,False,False
PTPRJ,0.05516666666666657,6332,0,False,False,False,False,False,False
ZNF582,0.055133333333333256,6333,0,False,False,False,False,False,False
NFKB2,0.055099999999999885,6334,0,False,False,False,False,False,False
NIPSNAP2,0.05506666666666662,6335,0,False,False,False,False,False,False
PMF1,0.0550666666666666,6336,0,False,False,False,False,False,False
C2ORF15,0.05499999999999992,6337,0,False,False,False,False,False,False
LTA4H,0.05486666666666662,6338,0,False,False,False,False,False,False
LIN9,0.05486666666666662,6338,0,False,True,False,False,False,False
NUMBL,0.0548666666666666,6340,0,False,True,False,False,False,False
TRAP1,0.05483333333333326,6341,0,False,False,False,False,False,False
RUSC2,0.054799999999999946,6342,0,False,False,False,False,False,False
TMEM160,0.054766666666666616,6343,0,False,False,False,False,False,False
IGSF3,0.054733333333333266,6344,0,False,False,False,False,False,False
KBTBD8,0.05473333333333326,6345,0,False,False,False,False,False,False
MASTL,0.05466666666666659,6346,0,False,False,False,False,False,False
PDIK1L,0.05463333333333329,6347,0,False,True,False,False,False,False
RASGRP3,0.05449999999999996,6348,0,False,False,False,False,False,False
TRIM56,0.054499999999999896,6349,0,False,False,False,False,False,False
MID1,0.054466666666666594,6350,0,False,False,False,False,False,False
RPS17,0.05443333333333322,6351,0,False,False,False,False,False,False
SLC9B2,0.054366666666666626,6352,0,False,False,False,False,False,False
POLR3G,0.05433333333333326,6353,0,False,False,False,False,False,False
PRKX,0.05433333333333323,6354,0,False,False,False,False,False,False
WASHC1,0.05429999999999995,6355,0,False,True,False,False,False,False
ATF7IP2,0.054199999999999936,6356,0,False,False,False,False,False,False
LXN,0.05413333333333325,6357,0,False,True,False,False,False,False
PUS7L,0.054099999999999954,6358,0,False,False,False,False,False,False
DGKG,0.05399999999999995,6359,0,False,False,False,False,False,False
ZNRF3,0.053966666666666635,6360,0,False,False,False,False,False,False
ZNF680,0.0539333333333333,6361,0,False,False,False,False,False,False
SH2B3,0.05393333333333323,6362,0,False,False,False,False,False,False
SNRNP25,0.05389999999999997,6363,0,False,False,False,False,False,False
NDE1,0.053866666666666584,6364,0,False,False,False,False,False,False
PDE9A,0.053766666666666615,6365,0,False,True,False,False,False,False
NABP2,0.05369999999999996,6366,0,False,False,False,False,False,False
ITGB1,0.0536666666666666,6367,0,False,True,False,False,False,False
ERAP1,0.05366666666666655,6368,0,False,True,False,False,False,False
DNHD1,0.05356666666666658,6369,0,False,True,False,False,False,False
ARVCF,0.05346666666666659,6370,0,False,False,False,False,False,False
POMZP3,0.05343333333333326,6371,0,False,False,False,False,False,False
RIMS3,0.05336666666666659,6372,0,False,False,False,False,False,False
OTUD6B,0.05329999999999994,6373,0,False,False,False,False,False,False
SH2D4A,0.05329999999999993,6374,0,False,False,False,False,False,False
GPR75,0.0532999999999999,6375,0,False,False,False,False,False,False
PAM,0.05323333333333324,6376,0,False,False,False,False,False,False
TANC2,0.05323333333333323,6377,0,False,False,False,False,False,False
LNP1,0.053199999999999935,6378,0,False,False,False,False,False,False
SSBP2,0.05319999999999993,6379,0,False,False,False,False,False,False
NSUN5,0.0531666666666666,6380,0,False,False,False,False,False,False
ATP7B,0.05313333333333324,6381,0,False,False,False,False,False,False
POLR2H,0.05313333333333323,6382,0,False,False,False,False,False,False
ADAP2,0.05309999999999997,6383,0,False,False,False,False,False,False
GDF11,0.05309999999999993,6384,0,False,False,False,False,False,False
MAPK12,0.05306666666666661,6385,0,False,False,False,False,False,False
MTHFD1L,0.05306666666666658,6386,0,False,False,False,False,False,False
ACSS2,0.052866666666666624,6387,0,False,False,False,False,False,False
FADD,0.05286666666666661,6388,0,False,False,False,False,False,False
ARPC1B,0.0528666666666666,6389,0,False,False,False,False,False,False
SIRT4,0.052866666666666555,6390,0,False,False,False,False,False,False
PRRG1,0.05283333333333326,6391,0,False,False,False,False,False,False
JMJD1C,0.05283333333333323,6392,0,False,False,False,False,False,False
WBP1,0.05279999999999993,6393,0,False,False,False,False,False,False
C11ORF24,0.0527999999999999,6394,0,False,False,False,False,False,False
URB1,0.052766666666666615,6395,0,False,False,False,False,False,False
PRSS36,0.05269999999999993,6396,0,False,False,False,False,False,False
UBR5,0.05269999999999993,6396,0,False,False,False,False,False,False
INO80D,0.05269999999999992,6398,0,False,False,False,False,False,False
SRGAP2B,0.0526666666666666,6399,0,False,False,False,False,False,False
EIF2AK1,0.05256666666666661,6400,0,False,True,False,False,False,False
HOOK3,0.052533333333333244,6401,0,False,False,False,False,False,False
DUSP19,0.052499999999999894,6402,0,False,False,False,False,False,False
LRRC37A3,0.05243333333333327,6403,0,False,False,False,False,False,False
DRAP1,0.052433333333333255,6404,0,False,False,False,False,False,False
MREG,0.052433333333333235,6405,0,False,False,False,False,False,False
SLF1,0.0523999999999999,6406,0,False,False,False,False,False,False
MMAB,0.05233333333333328,6407,0,False,False,False,False,False,False
TMC7,0.05226666666666662,6408,0,False,False,False,False,False,False
ZNF85,0.05226666666666662,6408,0,False,True,False,False,False,False
CEP250,0.05223333333333324,6410,0,False,False,False,False,False,False
BRWD3,0.052199999999999955,6411,0,False,False,False,False,False,False
BORCS7,0.05216666666666661,6412,0,False,False,False,False,False,False
MAP3K3,0.05216666666666657,6413,0,False,False,False,False,False,False
ZNF250,0.05213333333333327,6414,0,False,True,False,False,False,False
TIAM2,0.05206666666666659,6415,0,False,False,False,False,False,False
RASSF4,0.052033333333333286,6416,0,False,False,False,False,False,False
HSPA8,0.052033333333333244,6417,0,False,False,False,False,False,False
FSD1L,0.05199999999999992,6418,0,False,False,False,False,False,False
ZCCHC24,0.05196666666666653,6419,0,False,False,False,False,False,False
SGTB,0.05189999999999993,6420,0,False,False,False,False,False,False
NHEJ1,0.051866666666666596,6421,0,False,False,False,False,False,False
CCDC86,0.05183333333333328,6422,0,False,False,False,False,False,False
WDR19,0.05183333333333324,6423,0,False,False,False,False,False,False
TSPAN9,0.05179999999999991,6424,0,False,False,False,False,False,False
RBKS,0.0517999999999999,6425,0,False,False,False,False,False,False
SARDH,0.051699999999999934,6426,0,False,True,False,False,False,False
BCAS4,0.051666666666666604,6427,0,False,True,False,False,False,False
CCZ1,0.051666666666666604,6427,0,False,False,False,False,False,False
PROB1,0.051633333333333274,6429,0,False,False,False,False,False,False
ANAPC11,0.05163333333333327,6430,0,False,False,False,False,False,False
EME2,0.05163333333333324,6431,0,False,False,False,False,False,False
ZNF665,0.051533333333333285,6432,0,False,False,False,False,False,False
JADE1,0.05153333333333328,6433,0,False,False,False,False,False,False
STX2,0.05149999999999994,6434,0,False,False,False,False,False,False
EVC2,0.05146666666666661,6435,0,False,False,False,False,False,False
LRRC45,0.05139999999999994,6436,0,False,False,False,False,False,False
ATP2B4,0.05133333333333322,6437,0,False,True,False,False,False,False
BNIP3,0.051333333333333196,6438,0,False,False,False,False,False,False
LURAP1L,0.05129999999999995,6439,0,False,False,False,False,False,False
IRAK1BP1,0.05129999999999992,6440,0,False,False,False,False,False,False
GALK1,0.05126666666666663,6441,0,False,False,False,False,False,False
ZNF658,0.05126666666666657,6442,0,False,False,False,False,False,False
GNAL,0.0511666666666666,6443,0,False,False,False,False,False,False
CHPF2,0.05116666666666658,6444,0,False,True,False,False,False,False
ZDHHC12,0.05116666666666656,6445,0,False,False,False,False,False,False
SYTL1,0.05109999999999991,6446,0,False,False,False,False,False,False
COTL1,0.051099999999999896,6447,0,False,False,False,False,False,False
ZNF502,0.0510666666666666,6448,0,False,False,False,False,False,False
FER,0.05099999999999993,6449,0,False,False,False,False,False,False
FAAH2,0.0509666666666666,6450,0,False,True,False,False,False,False
RPS19,0.05096666666666657,6451,0,False,False,False,False,False,False
GPR85,0.0509333333333332,6452,0,False,False,False,False,False,False
ZNF337,0.05083333333333327,6453,0,False,False,False,False,False,False
SPAG16,0.05066666666666659,6454,0,False,False,False,False,False,False
CFLAR,0.050666666666666554,6455,0,False,False,False,False,False,False
MDN1,0.050599999999999916,6456,0,False,True,False,False,False,False
UQCRHL,0.05059999999999991,6457,0,False,False,False,False,False,False
PIAS1,0.05056666666666655,6458,0,False,False,False,False,False,False
CSRP1,0.05053333333333321,6459,0,False,False,False,False,False,False
SNX9,0.050499999999999885,6460,0,False,False,False,False,False,False
DAP,0.05046666666666658,6461,0,False,False,False,False,False,False
B3GNT2,0.05039999999999996,6462,0,False,False,False,False,False,False
LYPLA1,0.05036666666666657,6463,0,False,False,False,False,False,False
BPTF,0.050199999999999946,6464,0,False,True,False,False,False,False
STK17B,0.0501999999999999,6465,0,False,False,False,False,False,False
RNF19A,0.050066666666666586,6466,0,False,True,False,False,False,False
TRIM25,0.04993333333333324,6467,0,False,False,False,False,False,False
NEK3,0.049899999999999924,6468,0,False,False,False,False,False,False
P3H1,0.049833333333333237,6469,0,False,False,False,False,False,False
ZNF610,0.049799999999999914,6470,0,False,False,False,False,False,False
SOGA1,0.049766666666666584,6471,0,False,False,False,False,False,False
GPAM,0.049699999999999946,6472,0,False,False,False,False,False,False
TMEM266,0.0496999999999999,6473,0,False,True,False,False,False,False
NUDT17,0.049599999999999915,6474,0,False,False,False,False,False,False
PTPRS,0.04959999999999991,6475,0,False,False,False,False,False,False
ZFP37,0.04949999999999992,6476,0,False,False,False,False,False,False
DMTF1,0.04949999999999992,6476,0,False,False,False,False,False,False
OGT,0.04949999999999985,6478,0,False,False,False,False,False,False
PRKCH,0.049466666666666596,6479,0,False,False,False,False,False,False
DDAH1,0.04943333333333321,6480,0,False,True,False,False,False,False
BICD1,0.04939999999999995,6481,0,False,False,False,False,False,False
TDRD3,0.049399999999999944,6482,0,False,False,False,False,False,False
TOPBP1,0.049399999999999875,6483,0,False,False,False,False,False,False
DIPK1A,0.0493666666666666,6484,0,False,False,False,False,False,False
SLC2A13,0.049366666666666566,6485,0,False,False,False,False,False,False
ZNRD2,0.04933333333333329,6486,0,False,False,False,False,False,False
LRRC3,0.04933333333333325,6487,0,False,False,False,False,False,False
EARS2,0.04923333333333321,6488,0,False,False,False,False,False,False
AK9,0.04919999999999995,6489,0,False,False,False,False,False,False
WDR31,0.049133333333333244,6490,0,False,False,False,False,False,False
TTYH2,0.049099999999999915,6491,0,False,False,False,False,False,False
EAF2,0.04906666666666653,6492,0,False,False,False,False,False,False
ZNF829,0.04903333333333332,6493,0,False,False,False,False,False,False
C6ORF226,0.04903333333333324,6494,0,False,False,False,False,False,False
METTL24,0.04899999999999992,6495,0,False,False,False,False,False,False
FES,0.04893333333333326,6496,0,False,False,False,False,False,False
HAAO,0.04893333333333325,6497,0,False,False,False,False,False,False
PLEKHA1,0.04893333333333322,6498,0,False,False,False,False,False,False
SAT1,0.04889999999999992,6499,0,False,False,False,False,False,False
ZNF550,0.04883333333333327,6500,0,False,False,False,False,False,False
ATM,0.048799999999999934,6501,0,False,True,False,False,False,False
SLC30A1,0.048766666666666604,6502,0,False,True,False,False,False,False
LRATD2,0.04876666666666658,6503,0,False,False,False,False,False,False
C19ORF73,0.048766666666666576,6504,0,False,False,False,False,False,False
AOPEP,0.048699999999999924,6505,0,False,False,False,False,False,False
GIGYF1,0.04866666666666657,6506,0,False,False,False,False,False,False
GOLGA7,0.04863333333333329,6507,0,False,False,False,False,False,False
VCL,0.048633333333333265,6508,0,False,False,False,False,False,False
C11ORF45,0.048633333333333265,6508,0,False,False,False,False,False,False
GFPT1,0.04859999999999992,6510,0,False,False,False,False,False,False
TFAP2E,0.04856666666666661,6511,0,False,False,False,False,False,False
LGMN,0.04856666666666658,6512,0,False,False,False,False,False,False
TMEM187,0.048399999999999915,6513,0,False,False,False,False,False,False
TDP2,0.04839999999999991,6514,0,False,True,False,False,False,False
DOT1L,0.04836666666666659,6515,0,False,False,False,False,False,False
CEP85L,0.048366666666666586,6516,0,False,False,False,False,False,False
POLG2,0.04836666666666658,6517,0,False,True,False,False,False,False
KALRN,0.048333333333333235,6518,0,False,True,False,False,False,False
RAB41,0.04833333333333323,6519,0,False,True,False,False,False,False
PKN3,0.04829999999999994,6520,0,False,False,False,False,False,False
GPATCH4,0.048299999999999926,6521,0,False,False,False,False,False,False
RGS14,0.04829999999999988,6522,0,False,False,False,False,False,False
RC3H1,0.048266666666666624,6523,0,False,False,False,False,False,False
DGKA,0.04823333333333325,6524,0,False,False,False,False,False,False
HESX1,0.04823333333333325,6524,0,False,True,False,False,False,False
GLUL,0.04816666666666662,6526,0,False,False,False,False,False,False
NBPF3,0.04816666666666657,6527,0,False,False,False,False,False,False
SREBF1,0.048166666666666566,6528,0,False,False,False,False,False,False
LIPE,0.04813333333333325,6529,0,False,False,False,False,False,False
MAP3K7CL,0.04806666666666657,6530,0,False,True,False,False,False,False
AHCY,0.04803333333333326,6531,0,False,False,False,False,False,False
PSMC3IP,0.047999999999999925,6532,0,False,False,False,False,False,False
ZDBF2,0.04793333333333328,6533,0,False,True,False,False,False,False
BCL6,0.04793333333333326,6534,0,False,False,False,False,False,False
PRAG1,0.04786666666666663,6535,0,False,False,False,False,False,False
SLC43A1,0.04783333333333327,6536,0,False,True,False,False,False,False
PPM1L,0.04776666666666658,6537,0,False,True,False,False,False,False
KLF16,0.047733333333333246,6538,0,False,True,False,False,False,False
FCGRT,0.04769999999999994,6539,0,False,False,False,False,False,False
FAM161A,0.04766666666666658,6540,0,False,False,False,False,False,False
MCUB,0.04759999999999995,6541,0,False,False,False,False,False,False
BEND3,0.047599999999999885,6542,0,False,True,False,False,False,False
C11ORF71,0.047599999999999865,6543,0,False,False,False,False,False,False
TOMM40,0.04753333333333329,6544,0,False,False,False,False,False,False
C11ORF54,0.04749999999999993,6545,0,False,False,False,False,False,False
MFSD14A,0.047366666666666585,6546,0,False,False,False,False,False,False
MXD4,0.04726666666666657,6547,0,False,False,False,False,False,False
ZNF440,0.04726666666666657,6547,0,False,False,False,False,False,False
RBM6,0.04719999999999992,6549,0,False,False,False,False,False,False
RRP12,0.04716666666666656,6550,0,False,False,False,False,False,False
DNPH1,0.04713333333333326,6551,0,False,True,False,False,False,False
PHETA1,0.04709999999999993,6552,0,False,False,False,False,False,False
KATNBL1,0.04709999999999991,6553,0,False,True,False,False,False,False
LSS,0.047099999999999906,6554,0,False,False,False,False,False,False
SLC29A3,0.0469999999999999,6555,0,False,True,False,False,False,False
CACNA1C,0.0468333333333333,6556,0,False,False,False,False,False,False
SYTL3,0.046799999999999904,6557,0,False,False,False,False,False,False
PCM1,0.046733333333333266,6558,0,False,True,False,False,False,False
CYB5R3,0.04673333333333325,6559,0,False,False,False,False,False,False
MAP3K21,0.04673333333333325,6559,0,False,False,False,False,False,False
ULK4,0.046733333333333245,6561,0,False,True,False,False,False,False
ZNF814,0.046699999999999936,6562,0,False,False,False,False,False,False
LRMDA,0.04663333333333325,6563,0,False,False,False,False,False,False
SLC2A9,0.04659999999999995,6564,0,False,False,False,False,False,False
ZNF614,0.04656666666666657,6565,0,False,False,False,False,False,False
TNRC6B,0.04643333333333325,6566,0,False,True,False,False,False,False
PPRC1,0.04636666666666661,6567,0,False,False,False,False,False,False
EIF6,0.04626666666666655,6568,0,False,False,False,False,False,False
CREG1,0.046166666666666585,6569,0,False,False,False,False,False,False
FOXO4,0.046099999999999884,6570,0,False,False,False,False,False,False
HIP1,0.04606666666666658,6571,0,False,True,False,False,False,False
MIPOL1,0.04606666666666657,6572,0,False,False,False,False,False,False
TP53I3,0.046066666666666554,6573,0,False,False,False,False,False,False
PTTG1IP,0.046033333333333225,6574,0,False,False,False,False,False,False
TFPT,0.04596666666666658,6575,0,False,False,False,False,False,False
EPRS1,0.045933333333333264,6576,0,False,False,False,False,False,False
JPT2,0.045899999999999934,6577,0,False,False,False,False,False,False
MRTO4,0.04589999999999992,6578,0,False,True,False,False,False,False
LUC7L3,0.04589999999999991,6579,0,False,False,False,False,False,False
ZSCAN18,0.04586666666666662,6580,0,False,False,False,False,False,False
NIPSNAP3B,0.045833333333333254,6581,0,False,False,False,False,False,False
ZNF532,0.045799999999999924,6582,0,False,False,False,False,False,False
FOXO3,0.04579999999999992,6583,0,False,False,False,False,False,False
GLRX,0.045799999999999896,6584,0,False,False,False,False,False,False
ZNF518B,0.04576666666666658,6585,0,False,False,False,False,False,False
CPNE8,0.04569999999999994,6586,0,False,False,False,False,False,False
TUSC1,0.04569999999999992,6587,0,False,True,False,False,False,False
TRAM1,0.045699999999999893,6588,0,False,False,False,False,False,False
MAN1C1,0.045666666666666626,6589,0,False,False,False,False,False,False
OLA1,0.04566666666666653,6590,0,False,False,False,False,False,False
MOB3C,0.04559999999999987,6591,0,False,False,False,False,False,False
DNAJC15,0.04556666666666659,6592,0,False,False,False,False,False,False
DYNC2I2,0.04556666666666655,6593,0,False,False,False,False,False,False
VPS13D,0.045533333333333266,6594,0,False,False,False,False,False,False
CLHC1,0.04553333333333323,6595,0,False,False,False,False,False,False
ASAP1,0.04553333333333321,6596,0,False,False,False,False,False,False
ANXA6,0.04549999999999991,6597,0,False,False,False,False,False,False
STYXL1,0.0454999999999999,6598,0,False,True,False,False,False,False
GPR161,0.04546666666666657,6599,0,False,False,False,False,False,False
CDKN2C,0.04546666666666657,6599,0,False,False,False,False,False,False
TP53INP2,0.045433333333333256,6601,0,False,False,False,False,False,False
ZNF43,0.0453666666666666,6602,0,False,False,False,False,False,False
CEP70,0.045333333333333246,6603,0,False,False,False,False,False,False
PLXND1,0.04523333333333324,6604,0,False,False,False,False,False,False
ZNF19,0.04519999999999996,6605,0,False,False,False,False,False,False
PAQR3,0.04519999999999992,6606,0,False,True,False,False,False,False
SEC61A2,0.045133333333333255,6607,0,False,True,False,False,False,False
TMED1,0.04513333333333325,6608,0,False,False,False,False,False,False
TRIM16,0.04513333333333324,6609,0,False,False,False,False,False,False
YIPF2,0.04506666666666657,6610,0,False,False,False,False,False,False
TNS3,0.04503333333333326,6611,0,False,False,False,False,False,False
FBLN7,0.04499999999999995,6612,0,False,False,False,False,False,False
FDXR,0.04499999999999987,6613,0,False,False,False,False,False,False
ZBTB41,0.04496666666666661,6614,0,False,False,False,False,False,False
PIEZO1,0.044966666666666565,6615,0,False,False,False,False,False,False
ZDHHC14,0.044899999999999926,6616,0,False,False,False,False,False,False
PPP1R9A,0.044899999999999905,6617,0,False,False,False,False,False,False
ITGB3BP,0.0448999999999999,6618,0,False,True,False,False,False,False
MZF1,0.04489999999999988,6619,0,False,False,False,False,False,False
AFDN,0.04486666666666658,6620,0,False,False,False,False,False,False
BLVRA,0.04486666666666656,6621,0,False,False,False,False,False,False
APP,0.044833333333333246,6622,0,False,False,False,False,False,False
PRRC2B,0.044833333333333225,6623,0,False,True,False,False,False,False
GTF2IRD1,0.04483333333333322,6624,0,False,False,False,False,False,False
TRDMT1,0.04479999999999992,6625,0,False,False,False,False,False,False
LOXL3,0.044733333333333264,6626,0,False,False,False,False,False,False
NBEAL2,0.04463333333333326,6627,0,False,False,False,False,False,False
RFWD3,0.044633333333333226,6628,0,False,False,False,False,False,False
TMC8,0.04456666666666657,6629,0,False,False,False,False,False,False
PURA,0.04453333333333322,6630,0,False,False,False,False,False,False
HSD17B11,0.0444999999999999,6631,0,False,False,False,False,False,False
TUBB,0.04446666666666658,6632,0,False,False,False,False,False,False
IL15,0.04446666666666655,6633,0,False,False,False,False,False,False
UVSSA,0.04443333333333324,6634,0,False,False,False,False,False,False
OXER1,0.044433333333333234,6635,0,False,False,False,False,False,False
ZSCAN16,0.04439999999999993,6636,0,False,False,False,False,False,False
PLB1,0.04439999999999991,6637,0,False,False,False,False,False,False
CCDC24,0.04433333333333327,6638,0,False,False,False,False,False,False
ZNF775,0.044299999999999944,6639,0,False,True,False,False,False,False
R3HDM1,0.044299999999999895,6640,0,False,False,False,False,False,False
CAD,0.04426666666666662,6641,0,False,False,False,False,False,False
NTAQ1,0.04426666666666655,6642,0,False,False,False,False,False,False
TIAF1,0.04419999999999991,6643,0,False,False,False,False,False,False
BBC3,0.044199999999999885,6644,0,False,True,False,False,False,False
ANKMY1,0.0441666666666666,6645,0,False,True,False,False,False,False
HERC5,0.04413333333333326,6646,0,False,False,False,False,False,False
ZBED3,0.044133333333333254,6647,0,False,False,False,False,False,False
TMEM164,0.044133333333333205,6648,0,False,False,False,False,False,False
RAB30,0.04406666666666661,6649,0,False,False,False,False,False,False
RPLP1,0.04403333333333325,6650,0,False,True,False,False,False,False
ANKRD12,0.04393333333333324,6651,0,False,False,False,False,False,False
LIPT2,0.043866666666666575,6652,0,False,False,False,False,False,False
PPP1R15B,0.043833333333333224,6653,0,False,False,False,False,False,False
ARHGAP9,0.043799999999999915,6654,0,False,False,False,False,False,False
WWTR1,0.04369999999999988,6655,0,False,False,False,False,False,False
BMP2K,0.043633333333333205,6656,0,False,True,False,False,False,False
N4BP2,0.04359999999999993,6657,0,False,False,False,False,False,False
ZNF253,0.04356666666666658,6658,0,False,False,False,False,False,False
INSR,0.04349999999999989,6659,0,False,False,False,False,False,False
RPS15,0.04346666666666655,6660,0,False,True,False,False,False,False
ZNF841,0.043399999999999925,6661,0,False,True,False,False,False,False
ZNF428,0.043399999999999925,6661,0,False,False,False,False,False,False
PHLDB3,0.0433999999999999,6663,0,False,True,False,False,False,False
FBXL19,0.043399999999999855,6664,0,False,True,False,False,False,False
KRBA2,0.04336666666666659,6665,0,False,False,False,False,False,False
CTNND1,0.04336666666666658,6666,0,False,False,False,False,False,False
PITPNM1,0.043366666666666574,6667,0,False,False,False,False,False,False
FOXP1,0.043366666666666574,6667,0,False,False,False,False,False,False
C18ORF32,0.04333333333333326,6669,0,False,True,False,False,False,False
CSRP2,0.04323333333333323,6670,0,False,False,False,False,False,False
FAM102B,0.04323333333333322,6671,0,False,False,False,False,False,False
RNH1,0.04319999999999991,6672,0,False,False,False,False,False,False
GPR180,0.043133333333333246,6673,0,False,True,False,False,False,False
TRAM1L1,0.043099999999999895,6674,0,False,False,False,False,False,False
TBX6,0.04306666666666658,6675,0,False,False,False,False,False,False
NOXA1,0.04306666666666655,6676,0,False,False,False,False,False,False
ZNF484,0.04303333333333323,6677,0,False,False,False,False,False,False
NRIP2,0.0429999999999999,6678,0,False,False,False,False,False,False
PPP1R13L,0.04286666666666657,6679,0,False,False,False,False,False,False
MYLIP,0.04286666666666657,6679,0,False,False,False,False,False,False
CHDH,0.04283333333333324,6681,0,False,False,False,False,False,False
PANX1,0.04273333333333327,6682,0,False,False,False,False,False,False
IQCC,0.04269999999999991,6683,0,False,False,False,False,False,False
GPLD1,0.04266666666666657,6684,0,False,False,False,False,False,False
RPL18,0.04266666666666657,6684,0,False,False,False,False,False,False
C12ORF73,0.04259999999999993,6686,0,False,False,False,False,False,False
GAN,0.04256666666666654,6687,0,False,False,False,False,False,False
CLPTM1L,0.04253333333333324,6688,0,False,False,False,False,False,False
SLC26A1,0.042533333333333236,6689,0,False,True,False,False,False,False
CENPS,0.042533333333333215,6690,0,False,False,False,False,False,False
TRIB2,0.04249999999999992,6691,0,False,False,False,False,False,False
ATP6AP1L,0.04249999999999989,6692,0,False,True,False,False,False,False
POLA2,0.04249999999999987,6693,0,False,False,False,False,False,False
BAG4,0.04246666666666657,6694,0,False,False,False,False,False,False
POLR2A,0.04246666666666655,6695,0,False,True,False,False,False,False
CYB5R4,0.042399999999999896,6696,0,False,True,False,False,False,False
CCDC88B,0.04236666666666659,6697,0,False,False,False,False,False,False
JRK,0.042366666666666546,6698,0,False,True,False,False,False,False
RFTN1,0.0423333333333332,6699,0,False,False,False,False,False,False
BTN3A1,0.04229999999999991,6700,0,False,False,False,False,False,False
ANKRD35,0.04229999999999991,6700,0,False,False,False,False,False,False
RPE,0.04223333333333322,6702,0,False,False,False,False,False,False
BNIP2,0.0422333333333332,6703,0,False,False,False,False,False,False
TRAM2,0.042199999999999925,6704,0,False,False,False,False,False,False
ANO9,0.04219999999999986,6705,0,False,False,False,False,False,False
MRNIP,0.04216666666666659,6706,0,False,False,False,False,False,False
DOHH,0.04216666666666655,6707,0,False,False,False,False,False,False
IFT81,0.04216666666666654,6708,0,False,False,False,False,False,False
HIVEP3,0.04216666666666653,6709,0,False,False,False,False,False,False
HNRNPA1P48,0.04213333333333326,6710,0,False,False,False,False,False,False
CALM1,0.04206666666666658,6711,0,False,False,False,False,False,False
SLC6A6,0.04199999999999995,6712,0,False,False,False,False,False,False
ATR,0.041966666666666576,6713,0,False,False,False,False,False,False
MVD,0.04186666666666659,6714,0,False,False,False,False,False,False
ZNF844,0.041833333333333174,6715,0,False,True,False,False,False,False
IL7,0.04179999999999993,6716,0,False,False,False,False,False,False
ARL10,0.04173333333333322,6717,0,False,True,False,False,False,False
RNPC3,0.041666666666666574,6718,0,False,False,False,False,False,False
TBC1D30,0.04166666666666655,6719,0,False,False,False,False,False,False
PGAP3,0.041566666666666564,6720,0,False,False,False,False,False,False
STUB1,0.04153333333333329,6721,0,False,False,False,False,False,False
CHIC2,0.04149999999999993,6722,0,False,False,False,False,False,False
MIDEAS,0.04149999999999988,6723,0,False,False,False,False,False,False
ADCY6,0.04146666666666658,6724,0,False,False,False,False,False,False
JAK2,0.04143333333333325,6725,0,False,False,False,False,False,False
RNASEK,0.04143333333333323,6726,0,False,False,False,False,False,False
PHC3,0.04139999999999989,6727,0,False,True,False,False,False,False
TPD52,0.04133333333333324,6728,0,False,True,False,False,False,False
POPDC2,0.04133333333333322,6729,0,False,True,False,False,False,False
URB2,0.041333333333333215,6730,0,False,False,False,False,False,False
AP1M2,0.04129999999999991,6731,0,False,False,False,False,False,False
ZNF525,0.0412666666666666,6732,0,False,False,False,False,False,False
AGAP2,0.04123333333333328,6733,0,False,False,False,False,False,False
MICA,0.04123333333333324,6734,0,False,False,False,False,False,False
SNTA1,0.041199999999999855,6735,0,False,False,False,False,False,False
ZNF77,0.04113333333333324,6736,0,False,False,False,False,False,False
KIF7,0.04113333333333324,6736,0,False,False,False,False,False,False
HDHD3,0.04113333333333321,6738,0,False,False,False,False,False,False
SLC25A37,0.04103333333333324,6739,0,False,False,False,False,False,False
ZNF749,0.040999999999999905,6740,0,False,False,False,False,False,False
TTC22,0.040999999999999884,6741,0,False,False,False,False,False,False
RANBP17,0.04096666666666655,6742,0,False,False,False,False,False,False
MARCHF3,0.040933333333333245,6743,0,False,False,False,False,False,False
TMLHE,0.04086666666666658,6744,0,False,False,False,False,False,False
RAP1A,0.04086666666666656,6745,0,False,False,False,False,False,False
ENPP4,0.04079999999999988,6746,0,False,False,False,False,False,False
IFRD1,0.040766666666666576,6747,0,False,False,False,False,False,False
DSEL,0.040766666666666555,6748,0,False,False,False,False,False,False
ITM2B,0.040733333333333226,6749,0,False,False,False,False,False,False
TRANK1,0.040699999999999896,6750,0,False,False,False,False,False,False
MEF2C,0.04063333333333324,6751,0,False,False,False,False,False,False
TNRC18,0.040633333333333216,6752,0,False,False,False,False,False,False
ZNF286A,0.04056666666666656,6753,0,False,False,False,False,False,False
UNC119B,0.04053333333333322,6754,0,False,False,False,False,False,False
LRP5L,0.040499999999999925,6755,0,False,False,False,False,False,False
ZNF595,0.040433333333333266,6756,0,False,False,False,False,False,False
TBC1D7,0.04043333333333325,6757,0,False,True,False,False,False,False
LMTK3,0.040399999999999936,6758,0,False,False,False,False,False,False
TIGD1,0.04036666666666658,6759,0,False,False,False,False,False,False
ZDHHC23,0.040333333333333235,6760,0,False,False,False,False,False,False
TTC7B,0.04033333333333323,6761,0,False,False,False,False,False,False
ATAD2B,0.04023333333333326,6762,0,False,False,False,False,False,False
THEM6,0.04023333333333324,6763,0,False,False,False,False,False,False
CPOX,0.040233333333333225,6764,0,False,False,False,False,False,False
PNKD,0.040233333333333225,6764,0,False,True,False,False,False,False
BOLA1,0.04019999999999994,6766,0,False,False,False,False,False,False
TMEM229B,0.04013333333333327,6767,0,False,False,False,False,False,False
BCL9L,0.04013333333333324,6768,0,False,True,False,False,False,False
CLTCL1,0.040099999999999934,6769,0,False,False,False,False,False,False
CPLANE2,0.040099999999999913,6770,0,False,True,False,False,False,False
PASK,0.04009999999999989,6771,0,False,False,False,False,False,False
METTL8,0.04003333333333319,6772,0,False,True,False,False,False,False
PPP2R5A,0.0399999999999999,6773,0,False,False,False,False,False,False
MYO10,0.03999999999999989,6774,0,False,True,False,False,False,False
TTC39B,0.03996666666666658,6775,0,False,False,False,False,False,False
KIF27,0.03996666666666657,6776,0,False,False,False,False,False,False
RFC3,0.03989999999999992,6777,0,False,False,False,False,False,False
MOAP1,0.03989999999999989,6778,0,False,False,False,False,False,False
RAB32,0.03986666666666656,6779,0,False,False,False,False,False,False
NINL,0.03986666666666654,6780,0,False,False,False,False,False,False
TMEM116,0.03983333333333324,6781,0,False,False,False,False,False,False
FUNDC1,0.03979999999999991,6782,0,False,False,False,False,False,False
ARL13B,0.039699999999999944,6783,0,False,False,False,False,False,False
CARD6,0.03963333333333321,6784,0,False,False,False,False,False,False
DAPK3,0.03959999999999992,6785,0,False,False,False,False,False,False
GAS2L1,0.03956666666666655,6786,0,False,True,False,False,False,False
SPATA2L,0.03953333333333326,6787,0,False,True,False,False,False,False
BAZ1A,0.03953333333333324,6788,0,False,False,False,False,False,False
CWF19L1,0.039499999999999924,6789,0,False,True,False,False,False,False
RPS6KA5,0.03946666666666657,6790,0,False,False,False,False,False,False
ZKSCAN8,0.03939999999999988,6791,0,False,False,False,False,False,False
PCDHB12,0.03933333333333326,6792,0,False,False,False,False,False,False
PRPF40B,0.03933333333333324,6793,0,False,False,False,False,False,False
ZNF292,0.03929999999999995,6794,0,False,False,False,False,False,False
OTUD7B,0.03919999999999993,6795,0,False,False,False,False,False,False
ACP3,0.0391999999999999,6796,0,False,False,False,False,False,False
SIX5,0.03913333333333327,6797,0,False,False,False,False,False,False
UNC93B1,0.039099999999999926,6798,0,False,True,False,False,False,False
SAMD12,0.039099999999999906,6799,0,False,False,False,False,False,False
AVEN,0.03909999999999989,6800,0,False,True,False,False,False,False
CCSAP,0.03909999999999989,6800,0,False,True,False,False,False,False
SUPT3H,0.03903333333333322,6802,0,False,True,False,False,False,False
STON2,0.03896666666666657,6803,0,False,False,False,False,False,False
FAM221A,0.03896666666666657,6803,0,False,False,False,False,False,False
TMEM198,0.03893333333333323,6805,0,False,False,False,False,False,False
DNAJC13,0.03889999999999988,6806,0,False,False,False,False,False,False
TMEM159,0.03886666666666655,6807,0,False,True,False,False,False,False
SLC35A3,0.03876666666666657,6808,0,False,False,False,False,False,False
ACOT4,0.03876666666666654,6809,0,False,False,False,False,False,False
NOP16,0.03873333333333321,6810,0,False,False,False,False,False,False
DPCD,0.03869999999999991,6811,0,False,True,False,False,False,False
MSS51,0.038666666666666606,6812,0,False,False,False,False,False,False
FMNL3,0.038666666666666544,6813,0,False,False,False,False,False,False
SINHCAF,0.03863333333333324,6814,0,False,False,False,False,False,False
WWC3,0.03863333333333324,6814,0,False,False,False,False,False,False
TRAF2,0.038633333333333214,6816,0,False,True,False,False,False,False
SKI,0.038633333333333214,6816,0,False,False,False,False,False,False
S100A13,0.038566666666666576,6818,0,False,False,False,False,False,False
ZNF660,0.03853333333333324,6819,0,False,False,False,False,False,False
PSTK,0.038499999999999916,6820,0,False,False,False,False,False,False
HECTD4,0.038466666666666566,6821,0,False,True,False,False,False,False
RELL1,0.03846666666666656,6822,0,False,False,False,False,False,False
USP45,0.03846666666666655,6823,0,False,True,False,False,False,False
ZNF146,0.03839999999999989,6824,0,False,False,False,False,False,False
NECAB3,0.03833333333333323,6825,0,False,False,False,False,False,False
ISOC2,0.038333333333333226,6826,0,False,False,False,False,False,False
MARS2,0.03833333333333322,6827,0,False,False,False,False,False,False
NT5DC2,0.03833333333333321,6828,0,False,False,False,False,False,False
RWDD3,0.03829999999999988,6829,0,False,False,False,False,False,False
ZNF594,0.03826666666666655,6830,0,False,False,False,False,False,False
ZNF267,0.03823333333333324,6831,0,False,False,False,False,False,False
APBA1,0.03816666666666658,6832,0,False,False,False,False,False,False
CRELD1,0.03816666666666655,6833,0,False,False,False,False,False,False
LCLAT1,0.038166666666666536,6834,0,False,True,False,False,False,False
TMEM63B,0.038133333333333214,6835,0,False,True,False,False,False,False
CYB561D1,0.03809999999999989,6836,0,False,False,False,False,False,False
SLC43A3,0.03809999999999988,6837,0,False,False,False,False,False,False
OSER1,0.03809999999999987,6838,0,False,True,False,False,False,False
MVK,0.03809999999999987,6838,0,False,False,False,False,False,False
SYNGAP1,0.038066666666666575,6840,0,False,False,False,False,False,False
ANXA5,0.03806666666666656,6841,0,False,False,False,False,False,False
CREBRF,0.03803333333333325,6842,0,False,False,False,False,False,False
WWOX,0.03803333333333324,6843,0,False,False,False,False,False,False
SLC36A4,0.038033333333333225,6844,0,False,True,False,False,False,False
PRKCI,0.038033333333333204,6845,0,False,False,False,False,False,False
CRPPA,0.03799999999999989,6846,0,False,False,False,False,False,False
C12ORF57,0.03796666666666659,6847,0,False,True,False,False,False,False
C17ORF113,0.03796666666666655,6848,0,False,False,False,False,False,False
EIF4A3,0.037966666666666544,6849,0,False,False,False,False,False,False
ABLIM2,0.037899999999999906,6850,0,False,True,False,False,False,False
ZNF283,0.037866666666666576,6851,0,False,False,False,False,False,False
ZNF596,0.03786666666666657,6852,0,False,False,False,False,False,False
PCF11,0.037733333333333244,6853,0,False,False,False,False,False,False
NT5M,0.03769999999999991,6854,0,False,False,False,False,False,False
CEP290,0.0376999999999999,6855,0,False,True,False,False,False,False
CYP2U1,0.0376999999999999,6855,0,False,False,False,False,False,False
ST6GAL1,0.03766666666666656,6857,0,False,True,False,False,False,False
TMEM81,0.037666666666666536,6858,0,False,False,False,False,False,False
PLCG1,0.03763333333333327,6859,0,False,False,False,False,False,False
CEP41,0.03759999999999987,6860,0,False,False,False,False,False,False
PPP1R16A,0.0374666666666666,6861,0,False,False,False,False,False,False
EEPD1,0.03746666666666658,6862,0,False,False,False,False,False,False
SHPK,0.03746666666666657,6863,0,False,False,False,False,False,False
SLC35E2B,0.03746666666666655,6864,0,False,False,False,False,False,False
RXRA,0.0373999999999999,6865,0,False,True,False,False,False,False
ARSD,0.03736666666666659,6866,0,False,True,False,False,False,False
MDM1,0.037366666666666555,6867,0,False,False,False,False,False,False
SAT2,0.03729999999999989,6868,0,False,True,False,False,False,False
MAP2K3,0.03726666666666657,6869,0,False,True,False,False,False,False
ST7,0.03726666666666651,6870,0,False,False,False,False,False,False
FBXO36,0.0371999999999999,6871,0,False,False,False,False,False,False
CACFD1,0.0371999999999999,6871,0,False,True,False,False,False,False
NUDT13,0.03719999999999988,6873,0,False,False,False,False,False,False
CALR,0.03716666666666656,6874,0,False,False,False,False,False,False
TMEM102,0.03709999999999989,6875,0,False,False,False,False,False,False
FANCE,0.037066666666666595,6876,0,False,False,False,False,False,False
SNX16,0.03706666666666658,6877,0,False,False,False,False,False,False
BAZ2B,0.03706666666666654,6878,0,False,True,False,False,False,False
KLHDC1,0.03703333333333324,6879,0,False,False,False,False,False,False
CEP128,0.03703333333333323,6880,0,False,False,False,False,False,False
FBXW9,0.0369999999999999,6881,0,False,False,False,False,False,False
ZNF69,0.03699999999999989,6882,0,False,False,False,False,False,False
CHD2,0.036966666666666564,6883,0,False,False,False,False,False,False
STXBP2,0.03696666666666655,6884,0,False,False,False,False,False,False
ZNF697,0.03693333333333325,6885,0,False,False,False,False,False,False
PPP1R3D,0.03693333333333324,6886,0,False,False,False,False,False,False
SNPH,0.03689999999999988,6887,0,False,False,False,False,False,False
TARS1,0.036799999999999854,6888,0,False,False,False,False,False,False
TRPM4,0.03666666666666657,6889,0,False,False,False,False,False,False
ACOT2,0.03659999999999991,6890,0,False,False,False,False,False,False
FAM71E1,0.036566666666666546,6891,0,False,True,False,False,False,False
ZKSCAN4,0.0364999999999999,6892,0,False,False,False,False,False,False
TBC1D24,0.0364666666666666,6893,0,False,False,False,False,False,False
ACTR3B,0.036466666666666585,6894,0,False,False,False,False,False,False
RINL,0.036466666666666564,6895,0,False,False,False,False,False,False
FAM207A,0.0363999999999999,6896,0,False,False,False,False,False,False
IARS2,0.036399999999999884,6897,0,False,False,False,False,False,False
SACM1L,0.03636666666666658,6898,0,False,False,False,False,False,False
MPZ,0.036366666666666575,6899,0,False,True,False,False,False,False
GLA,0.036366666666666575,6899,0,False,False,False,False,False,False
METAP1D,0.036366666666666554,6901,0,False,True,False,False,False,False
PDZD8,0.03629999999999988,6902,0,False,False,False,False,False,False
ZNF524,0.03626666666666658,6903,0,False,False,False,False,False,False
NUDCD1,0.03626666666666657,6904,0,False,False,False,False,False,False
PPP3CC,0.03626666666666651,6905,0,False,False,False,False,False,False
OSBPL11,0.03619999999999989,6906,0,False,True,False,False,False,False
CAND1,0.03619999999999987,6907,0,False,True,False,False,False,False
AGO3,0.0361666666666666,6908,0,False,False,False,False,False,False
MPRIP,0.03613333333333325,6909,0,False,False,False,False,False,False
ZNF618,0.03613333333333325,6909,0,False,False,False,False,False,False
PALB2,0.03609999999999987,6911,0,False,False,False,False,False,False
FIGN,0.03606666666666658,6912,0,False,False,False,False,False,False
ARL4A,0.036033333333333244,6913,0,False,True,False,False,False,False
CPQ,0.035999999999999914,6914,0,False,False,False,False,False,False
RPS21,0.03596666666666656,6915,0,False,False,False,False,False,False
SUGP2,0.03596666666666654,6916,0,False,False,False,False,False,False
LPIN2,0.03596666666666654,6916,0,False,False,False,False,False,False
DNAJB1,0.03589999999999994,6918,0,False,False,False,False,False,False
ATP13A3,0.035899999999999925,6919,0,False,False,False,False,False,False
IMMP2L,0.035866666666666595,6920,0,False,True,False,False,False,False
RASA3,0.03586666666666654,6921,0,False,False,False,False,False,False
CMTM7,0.03586666666666653,6922,0,False,False,False,False,False,False
RANBP10,0.03583333333333324,6923,0,False,True,False,False,False,False
PACC1,0.035833333333333196,6924,0,False,False,False,False,False,False
TNFRSF1B,0.03579999999999992,6925,0,False,False,False,False,False,False
CCZ1B,0.035799999999999894,6926,0,False,False,False,False,False,False
TMEM38A,0.03579999999999989,6927,0,False,False,False,False,False,False
KLF7,0.03576666666666657,6928,0,False,True,False,False,False,False
RBM12B,0.035733333333333235,6929,0,False,True,False,False,False,False
TUBG1,0.03569999999999989,6930,0,False,False,False,False,False,False
HSPA1A,0.035666666666666576,6931,0,False,False,False,False,False,False
MSN,0.03566666666666656,6932,0,False,False,False,False,False,False
EMC6,0.035633333333333246,6933,0,False,False,False,False,False,False
KMT2A,0.03563333333333323,6934,0,False,False,False,False,False,False
YEATS4,0.03563333333333323,6934,0,False,False,False,False,False,False
CCDC28B,0.03563333333333321,6936,0,False,False,False,False,False,False
RPL29,0.0355999999999999,6937,0,False,False,False,False,False,False
NIFK,0.03559999999999989,6938,0,False,True,False,False,False,False
ARHGEF25,0.035566666666666566,6939,0,False,False,False,False,False,False
STBD1,0.03556666666666653,6940,0,False,False,False,False,False,False
ABRACL,0.03556666666666652,6941,0,False,True,False,False,False,False
ZBED8,0.03553333333333328,6942,0,False,False,False,False,False,False
ZSCAN20,0.03546666666666658,6943,0,False,True,False,False,False,False
GDPD5,0.035433333333333226,6944,0,False,True,False,False,False,False
ZNF583,0.035433333333333206,6945,0,False,False,False,False,False,False
KIAA1841,0.03539999999999994,6946,0,False,False,False,False,False,False
PDGFC,0.035399999999999876,6947,0,False,False,False,False,False,False
ZNF205,0.03529999999999991,6948,0,False,True,False,False,False,False
PLPP1,0.03529999999999989,6949,0,False,False,False,False,False,False
NOB1,0.03529999999999987,6950,0,False,False,False,False,False,False
ENDOG,0.03526666666666656,6951,0,False,False,False,False,False,False
CACNB1,0.03523333333333325,6952,0,False,False,False,False,False,False
NTMT1,0.03523333333333321,6953,0,False,False,False,False,False,False
WDR90,0.03519999999999991,6954,0,False,False,False,False,False,False
S1PR3,0.035166666666666596,6955,0,False,False,False,False,False,False
LRCH1,0.03516666666666655,6956,0,False,False,False,False,False,False
ROCK2,0.035133333333333225,6957,0,False,True,False,False,False,False
ECHDC2,0.035099999999999895,6958,0,False,True,False,False,False,False
GBGT1,0.03506666666666657,6959,0,False,False,False,False,False,False
PRRC2C,0.03506666666666653,6960,0,False,False,False,False,False,False
RPS3A,0.03496666666666657,6961,0,False,False,False,False,False,False
PIGB,0.03496666666666657,6961,0,False,False,False,False,False,False
OSGEP,0.03496666666666656,6963,0,False,False,False,False,False,False
DTNB,0.03493333333333325,6964,0,False,False,False,False,False,False
UQCC3,0.03486666666666658,6965,0,False,True,False,False,False,False
ARL6IP5,0.03486666666666657,6966,0,False,False,False,False,False,False
RNASET2,0.03483333333333323,6967,0,False,False,False,False,False,False
ATF4,0.03483333333333322,6968,0,False,False,False,False,False,False
CLTB,0.034799999999999914,6969,0,False,False,False,False,False,False
DAGLA,0.0347999999999999,6970,0,False,False,False,False,False,False
C5ORF63,0.03473333333333323,6971,0,False,False,False,False,False,False
ZSCAN30,0.03469999999999993,6972,0,False,True,False,False,False,False
EIF3C,0.03469999999999991,6973,0,False,False,False,False,False,False
ZFC3H1,0.034699999999999905,6974,0,False,False,False,False,False,False
D2HGDH,0.0346999999999999,6975,0,False,False,False,False,False,False
SH3BGRL3,0.03463333333333324,6976,0,False,False,False,False,False,False
FAM110B,0.03463333333333323,6977,0,False,False,False,False,False,False
DCUN1D3,0.03463333333333322,6978,0,False,False,False,False,False,False
DDX21,0.034599999999999916,6979,0,False,False,False,False,False,False
SPINDOC,0.03459999999999988,6980,0,False,False,False,False,False,False
CCT6B,0.03456666666666657,6981,0,False,False,False,False,False,False
LPCAT4,0.034533333333333215,6982,0,False,True,False,False,False,False
BRF2,0.0345333333333332,6983,0,False,False,False,False,False,False
LPGAT1,0.034499999999999906,6984,0,False,False,False,False,False,False
ZNF518A,0.03443333333333324,6985,0,False,False,False,False,False,False
KPTN,0.03439999999999989,6986,0,False,False,False,False,False,False
EIF5A2,0.034399999999999875,6987,0,False,True,False,False,False,False
TTC32,0.0343666666666666,6988,0,False,False,False,False,False,False
CEP131,0.034366666666666566,6989,0,False,False,False,False,False,False
SLC51A,0.034333333333333216,6990,0,False,False,False,False,False,False
PPM1D,0.034299999999999935,6991,0,False,False,False,False,False,False
PARP9,0.03419999999999985,6992,0,False,False,False,False,False,False
POLE,0.034166666666666574,6993,0,False,False,False,False,False,False
TMEM140,0.03416666666666657,6994,0,False,True,False,False,False,False
SLC33A1,0.03416666666666654,6995,0,False,True,False,False,False,False
KIAA1586,0.03413333333333323,6996,0,False,False,False,False,False,False
ZNF613,0.03413333333333322,6997,0,False,False,False,False,False,False
ADAT2,0.034066666666666544,6998,0,False,False,False,False,False,False
NXN,0.034033333333333235,6999,0,False,False,False,False,False,False
KSR1,0.033999999999999884,7000,0,False,False,False,False,False,False
RICTOR,0.033966666666666555,7001,0,False,False,False,False,False,False
CRELD2,0.03393333333333325,7002,0,False,False,False,False,False,False
ECH1,0.033933333333333225,7003,0,False,False,False,False,False,False
RRP9,0.03389999999999993,7004,0,False,False,False,False,False,False
KLHL25,0.03389999999999991,7005,0,False,False,False,False,False,False
ERI1,0.03383333333333324,7006,0,False,False,False,False,False,False
RPLP0,0.03383333333333324,7006,0,False,True,False,False,False,False
ANKEF1,0.03383333333333323,7008,0,False,True,False,False,False,False
FTO,0.033799999999999934,7009,0,False,False,False,False,False,False
PROCA1,0.033766666666666556,7010,0,False,False,False,False,False,False
DSTN,0.03376666666666654,7011,0,False,False,False,False,False,False
FGGY,0.033733333333333254,7012,0,False,False,False,False,False,False
THEM4,0.03373333333333324,7013,0,False,False,False,False,False,False
HHAT,0.033733333333333226,7014,0,False,False,False,False,False,False
ADAP1,0.03366666666666656,7015,0,False,False,False,False,False,False
C17ORF58,0.03363333333333321,7016,0,False,True,False,False,False,False
INTU,0.033566666666666606,7017,0,False,True,False,False,False,False
ENKD1,0.03353333333333325,7018,0,False,False,False,False,False,False
ATP23,0.033533333333333235,7019,0,False,False,False,False,False,False
SMARCA1,0.033499999999999905,7020,0,False,False,False,False,False,False
FLCN,0.03349999999999988,7021,0,False,False,False,False,False,False
RAPGEF2,0.033466666666666596,7022,0,False,True,False,False,False,False
GET3,0.033433333333333246,7023,0,False,False,False,False,False,False
PRELID3A,0.0333999999999999,7024,0,False,False,False,False,False,False
SESTD1,0.033399999999999895,7025,0,False,False,False,False,False,False
IRF2BP1,0.03339999999999987,7026,0,False,True,False,False,False,False
RPL27,0.03336666666666657,7027,0,False,False,False,False,False,False
SNRPN,0.033333333333333236,7028,0,False,False,False,False,False,False
TTF2,0.033333333333333215,7029,0,False,False,False,False,False,False
MBNL3,0.033299999999999906,7030,0,False,False,False,False,False,False
TATDN1,0.0332999999999999,7031,0,False,False,False,False,False,False
NEK7,0.03329999999999987,7032,0,False,False,False,False,False,False
DNAJA1,0.033233333333333254,7033,0,False,True,False,False,False,False
L3HYPDH,0.033233333333333254,7033,0,False,False,False,False,False,False
ARHGAP22,0.03323333333333323,7035,0,False,True,False,False,False,False
GOLPH3L,0.03319999999999991,7036,0,False,False,False,False,False,False
LCORL,0.033133333333333244,7037,0,False,False,False,False,False,False
PDSS1,0.03313333333333324,7038,0,False,False,False,False,False,False
FNBP4,0.0330999999999999,7039,0,False,False,False,False,False,False
ZNF587B,0.03303333333333327,7040,0,False,False,False,False,False,False
TOP1,0.03303333333333325,7041,0,False,False,False,False,False,False
MICOS10,0.03303333333333325,7041,0,False,False,False,False,False,False
BORCS6,0.033033333333333234,7043,0,False,False,False,False,False,False
ZNF311,0.03303333333333321,7044,0,False,True,False,False,False,False
TMEM263,0.03296666666666657,7045,0,False,True,False,False,False,False
ZBTB46,0.03293333333333324,7046,0,False,False,False,False,False,False
AKNA,0.03289999999999988,7047,0,False,False,False,False,False,False
CHD9,0.03289999999999988,7047,0,False,False,False,False,False,False
NQO2,0.03286666666666657,7049,0,False,False,False,False,False,False
ZNF254,0.03286666666666657,7049,0,False,False,False,False,False,False
PLEKHA5,0.03283333333333325,7051,0,False,False,False,False,False,False
ERN1,0.03283333333333323,7052,0,False,False,False,False,False,False
SMIM8,0.03283333333333323,7052,0,False,True,False,False,False,False
BET1,0.03279999999999988,7054,0,False,False,False,False,False,False
ADGRL1,0.03279999999999988,7054,0,False,False,False,False,False,False
MDFIC,0.03276666666666657,7056,0,False,False,False,False,False,False
ZNF630,0.03273333333333322,7057,0,False,False,False,False,False,False
FMO4,0.03269999999999993,7058,0,False,False,False,False,False,False
MED18,0.032699999999999896,7059,0,False,False,False,False,False,False
PNRC1,0.03269999999999989,7060,0,False,False,False,False,False,False
ZFP3,0.03269999999999988,7061,0,False,False,False,False,False,False
LAMC1,0.032599999999999914,7062,0,False,False,False,False,False,False
CPT1A,0.03256666666666657,7063,0,False,False,False,False,False,False
SLC25A16,0.03253333333333323,7064,0,False,False,False,False,False,False
MRPL36,0.03249999999999987,7065,0,False,False,False,False,False,False
ST3GAL1,0.03243333333333326,7066,0,False,False,False,False,False,False
TRPT1,0.03243333333333325,7067,0,False,False,False,False,False,False
PLD6,0.03243333333333323,7068,0,False,False,False,False,False,False
CCDC122,0.03236666666666657,7069,0,False,False,False,False,False,False
RTL10,0.03236666666666656,7070,0,False,False,False,False,False,False
MLLT3,0.03236666666666656,7070,0,False,True,False,False,False,False
SCRN2,0.032299999999999926,7072,0,False,False,False,False,False,False
TTC14,0.03226666666666659,7073,0,False,False,False,False,False,False
ZHX3,0.03226666666666654,7074,0,False,False,False,False,False,False
TARBP1,0.03223333333333324,7075,0,False,False,False,False,False,False
GRAMD1C,0.03223333333333323,7076,0,False,False,False,False,False,False
ZBTB8A,0.032233333333333225,7077,0,False,False,False,False,False,False
CAMK1,0.03223333333333321,7078,0,False,False,False,False,False,False
TMEM51,0.032199999999999895,7079,0,False,True,False,False,False,False
RPL39,0.03213333333333324,7080,0,False,False,False,False,False,False
MAPK6,0.032099999999999906,7081,0,False,False,False,False,False,False
TLN1,0.03209999999999989,7082,0,False,True,False,False,False,False
DENND11,0.032066666666666604,7083,0,False,False,False,False,False,False
KLHL11,0.03203333333333323,7084,0,False,False,False,False,False,False
MIER2,0.032033333333333226,7085,0,False,False,False,False,False,False
MYEF2,0.0319999999999999,7086,0,False,False,False,False,False,False
PELI3,0.03196666666666658,7087,0,False,False,False,False,False,False
IRF5,0.03196666666666658,7087,0,False,False,False,False,False,False
SKIL,0.031933333333333244,7089,0,False,True,False,False,False,False
CD2AP,0.03193333333333323,7090,0,False,False,False,False,False,False
RHBDD3,0.0319333333333332,7091,0,False,True,False,False,False,False
PUS1,0.03189999999999991,7092,0,False,False,False,False,False,False
DUSP18,0.0318999999999999,7093,0,False,False,False,False,False,False
KANK1,0.031899999999999894,7094,0,False,False,False,False,False,False
PHF19,0.031866666666666606,7095,0,False,True,False,False,False,False
IL15RA,0.031866666666666564,7096,0,False,False,False,False,False,False
SPIN3,0.03176666666666659,7097,0,False,False,False,False,False,False
TEX30,0.03176666666666656,7098,0,False,False,False,False,False,False
MYO5A,0.03176666666666655,7099,0,False,False,False,False,False,False
BMERB1,0.03173333333333321,7100,0,False,False,False,False,False,False
ARL6,0.03169999999999993,7101,0,False,False,False,False,False,False
VPS13B,0.0316999999999999,7102,0,False,True,False,False,False,False
RFC5,0.0316999999999999,7102,0,False,False,False,False,False,False
INSIG2,0.03169999999999989,7104,0,False,False,False,False,False,False
TEC,0.03166666666666656,7105,0,False,False,False,False,False,False
TIFA,0.03163333333333321,7106,0,False,True,False,False,False,False
RDX,0.03156666666666658,7107,0,False,False,False,False,False,False
ZNF155,0.03156666666666657,7108,0,False,False,False,False,False,False
FANCM,0.03153333333333323,7109,0,False,False,False,False,False,False
ZMAT3,0.03146666666666657,7110,0,False,False,False,False,False,False
APOBEC3C,0.03146666666666656,7111,0,False,True,False,False,False,False
PUDP,0.03143333333333325,7112,0,False,False,False,False,False,False
PNPLA4,0.03139999999999991,7113,0,False,False,False,False,False,False
SEMA4C,0.03139999999999987,7114,0,False,False,False,False,False,False
ACVR1B,0.031333333333333255,7115,0,False,False,False,False,False,False
FUT10,0.03133333333333325,7116,0,False,True,False,False,False,False
MTX1,0.031333333333333234,7117,0,False,False,False,False,False,False
STX3,0.03129999999999989,7118,0,False,False,False,False,False,False
PDPR,0.03126666666666658,7119,0,False,True,False,False,False,False
CNKSR1,0.031266666666666554,7120,0,False,True,False,False,False,False
CAMKMT,0.031199999999999915,7121,0,False,False,False,False,False,False
ZNF736,0.031166666666666613,7122,0,False,False,False,False,False,False
MYO1B,0.031166666666666582,7123,0,False,True,False,False,False,False
SLC26A6,0.03113333333333324,7124,0,False,False,False,False,False,False
C3ORF33,0.031066666666666562,7125,0,False,False,False,False,False,False
TBC1D32,0.031033333333333253,7126,0,False,False,False,False,False,False
ZNF586,0.03096666666666658,7127,0,False,False,False,False,False,False
ISG20,0.03096666666666657,7128,0,False,False,False,False,False,False
NUDT2,0.030966666666666563,7129,0,False,False,False,False,False,False
TCF7L2,0.03093333333333326,7130,0,False,True,False,False,False,False
DENND4A,0.030899999999999896,7131,0,False,True,False,False,False,False
ENGASE,0.030899999999999893,7132,0,False,False,False,False,False,False
TSPYL2,0.030899999999999893,7132,0,False,False,False,False,False,False
NRSN2,0.030866666666666584,7134,0,False,False,False,False,False,False
NOP53,0.03083333333333325,7135,0,False,False,False,False,False,False
BIRC6,0.030833333333333244,7136,0,False,True,False,False,False,False
RO60,0.0307999999999999,7137,0,False,False,False,False,False,False
RPS28,0.030766666666666585,7138,0,False,False,False,False,False,False
ACTRT3,0.030766666666666574,7139,0,False,False,False,False,False,False
DZIP1,0.030766666666666574,7139,0,False,False,False,False,False,False
ALAS1,0.030766666666666574,7139,0,False,True,False,False,False,False
MAP3K12,0.03073333333333324,7142,0,False,False,False,False,False,False
PKD2,0.030699999999999908,7143,0,False,False,False,False,False,False
APLP2,0.03066666666666658,7144,0,False,False,False,False,False,False
BTG1,0.030666666666666557,7145,0,False,False,False,False,False,False
ZNF514,0.03066666666666655,7146,0,False,False,False,False,False,False
MPHOSPH6,0.030633333333333256,7147,0,False,False,False,False,False,False
STING1,0.030633333333333256,7147,0,False,False,False,False,False,False
BCL2L1,0.03063333333333325,7149,0,False,False,False,False,False,False
DCLK2,0.03053333333333323,7150,0,False,True,False,False,False,False
ZNF431,0.03049999999999988,7151,0,False,False,False,False,False,False
EBPL,0.030466666666666586,7152,0,False,False,False,False,False,False
SLC12A4,0.030466666666666562,7153,0,False,True,False,False,False,False
TMEM91,0.030466666666666562,7153,0,False,False,False,False,False,False
ZC3H8,0.030433333333333236,7155,0,False,False,False,False,False,False
PCBP1,0.030399999999999913,7156,0,False,False,False,False,False,False
TIGD2,0.030399999999999903,7157,0,False,True,False,False,False,False
RPS27,0.030366666666666577,7158,0,False,False,False,False,False,False
APOL2,0.030366666666666552,7159,0,False,True,False,False,False,False
EVL,0.030299999999999893,7160,0,False,False,False,False,False,False
SDCBP,0.030266666666666574,7161,0,False,True,False,False,False,False
BRWD1,0.030266666666666543,7162,0,False,False,False,False,False,False
RPS6KA2,0.030233333333333244,7163,0,False,False,False,False,False,False
ODF2L,0.030233333333333244,7163,0,False,True,False,False,False,False
SF3B5,0.030199999999999932,7165,0,False,False,False,False,False,False
PLEKHA2,0.030199999999999925,7166,0,False,False,False,False,False,False
CLIC4,0.030199999999999918,7167,0,False,False,False,False,False,False
UNG,0.030166666666666585,7168,0,False,False,False,False,False,False
IQCK,0.03016666666666658,7169,0,False,False,False,False,False,False
STRBP,0.030166666666666557,7170,0,False,False,False,False,False,False
DISC1,0.030133333333333255,7171,0,False,False,False,False,False,False
TTC30B,0.03013333333333324,7172,0,False,False,False,False,False,False
LINS1,0.030099999999999905,7173,0,False,False,False,False,False,False
ARHGEF40,0.030099999999999905,7173,0,False,False,False,False,False,False
RPL10A,0.030066666666666582,7175,0,False,False,False,False,False,False
RAB40B,0.030066666666666575,7176,0,False,True,False,False,False,False
ZNF14,0.030033333333333245,7177,0,False,True,False,False,False,False
FBXW5,0.03003333333333324,7178,0,False,True,False,False,False,False
ZNF565,0.03003333333333322,7179,0,False,False,False,False,False,False
ARMC5,0.029999999999999912,7180,0,False,False,False,False,False,False
NDUFAF8,0.0299999999999999,7181,0,False,False,False,False,False,False
SOWAHC,0.029966666666666572,7182,0,False,False,False,False,False,False
TMPPE,0.029966666666666565,7183,0,False,False,False,False,False,False
CELSR1,0.029933333333333235,7184,0,False,False,False,False,False,False
MCCC1,0.02993333333333322,7185,0,False,True,False,False,False,False
HMGN5,0.02993333333333322,7185,0,False,False,False,False,False,False
ZNF429,0.029899999999999927,7187,0,False,False,False,False,False,False
GON7,0.029866666666666555,7188,0,False,False,False,False,False,False
ARL3,0.029833333333333288,7189,0,False,False,False,False,False,False
TMEM80,0.029833333333333253,7190,0,False,False,False,False,False,False
ZNF280C,0.029799999999999896,7191,0,False,False,False,False,False,False
ZNF782,0.029799999999999875,7192,0,False,False,False,False,False,False
HDX,0.029766666666666584,7193,0,False,False,False,False,False,False
LUC7L,0.029766666666666552,7194,0,False,False,False,False,False,False
CTBS,0.029733333333333233,7195,0,False,False,False,False,False,False
PRRG4,0.029699999999999935,7196,0,False,False,False,False,False,False
ADAL,0.029699999999999907,7197,0,False,True,False,False,False,False
PRKCD,0.029666666666666598,7198,0,False,False,False,False,False,False
ANKRD9,0.029633333333333248,7199,0,False,False,False,False,False,False
OPHN1,0.02963333333333321,7200,0,False,False,False,False,False,False
KIF9,0.0295999999999999,7201,0,False,False,False,False,False,False
ITPA,0.02956666666666657,7202,0,False,True,False,False,False,False
ZNF772,0.029566666666666564,7203,0,False,False,False,False,False,False
PARP1,0.029533333333333255,7204,0,False,False,False,False,False,False
ARHGEF3,0.029533333333333255,7204,0,False,False,False,False,False,False
RGMB,0.029433333333333256,7206,0,False,False,False,False,False,False
WDR75,0.029433333333333252,7207,0,False,False,False,False,False,False
SH3BP1,0.029433333333333228,7208,0,False,True,False,False,False,False
TMEM106C,0.029399999999999902,7209,0,False,False,False,False,False,False
CCP110,0.029399999999999902,7209,0,False,False,False,False,False,False
ZNF879,0.02936666666666658,7211,0,False,True,False,False,False,False
TIGAR,0.029366666666666572,7212,0,False,False,False,False,False,False
NCOR2,0.02933333333333321,7213,0,False,True,False,False,False,False
PATJ,0.02929999999999992,7214,0,False,False,False,False,False,False
ARID5B,0.02929999999999991,7215,0,False,True,False,False,False,False
ILDR1,0.029199999999999917,7216,0,False,False,False,False,False,False
ANKRD26,0.029199999999999903,7217,0,False,False,False,False,False,False
ZNF141,0.0291999999999999,7218,0,False,False,False,False,False,False
SERAC1,0.029166666666666584,7219,0,False,False,False,False,False,False
TMEM8B,0.029166666666666577,7220,0,False,False,False,False,False,False
RPL13A,0.029133333333333268,7221,0,False,False,False,False,False,False
NLGN2,0.02913333333333325,7222,0,False,True,False,False,False,False
ANKZF1,0.02913333333333324,7223,0,False,False,False,False,False,False
RCBTB2,0.02906666666666659,7224,0,False,False,False,False,False,False
CNEP1R1,0.02906666666666658,7225,0,False,False,False,False,False,False
PHPT1,0.029033333333333248,7226,0,False,False,False,False,False,False
SPAG1,0.02903333333333324,7227,0,False,False,False,False,False,False
ZNF281,0.029033333333333234,7228,0,False,False,False,False,False,False
ZFP69,0.028999999999999904,7229,0,False,False,False,False,False,False
CPNE1,0.0289666666666666,7230,0,False,True,False,False,False,False
RABL2B,0.028966666666666575,7231,0,False,False,False,False,False,False
EIF3I,0.02896666666666657,7232,0,False,True,False,False,False,False
INF2,0.028933333333333262,7233,0,False,False,False,False,False,False
ATN1,0.028933333333333255,7234,0,False,True,False,False,False,False
CTPS1,0.028933333333333255,7234,0,False,False,False,False,False,False
IKBKG,0.02893333333333325,7236,0,False,False,False,False,False,False
ZNF100,0.02893333333333325,7236,0,False,False,False,False,False,False
ZNF837,0.028933333333333238,7238,0,False,True,False,False,False,False
KCND1,0.028899999999999922,7239,0,False,False,False,False,False,False
CTSZ,0.028899999999999912,7240,0,False,False,False,False,False,False
ATAT1,0.028866666666666603,7241,0,False,False,False,False,False,False
PTER,0.02886666666666659,7242,0,False,False,False,False,False,False
TARS2,0.02883333333333324,7243,0,False,False,False,False,False,False
STRADB,0.028833333333333235,7244,0,False,True,False,False,False,False
KIAA0895L,0.028799999999999912,7245,0,False,False,False,False,False,False
CEP170B,0.028799999999999912,7245,0,False,False,False,False,False,False
ZNF487,0.028766666666666586,7247,0,False,False,False,False,False,False
AP1S3,0.028766666666666576,7248,0,False,False,False,False,False,False
CDC42EP3,0.028766666666666576,7248,0,False,False,False,False,False,False
PPP2CB,0.028766666666666545,7250,0,False,False,False,False,False,False
PDCL,0.028699999999999917,7251,0,False,False,False,False,False,False
ARHGAP10,0.028666666666666587,7252,0,False,True,False,False,False,False
ZFAND5,0.028633333333333285,7253,0,False,False,False,False,False,False
EP400,0.028633333333333268,7254,0,False,False,False,False,False,False
MRPL15,0.028633333333333236,7255,0,False,False,False,False,False,False
LRRFIP1,0.028599999999999924,7256,0,False,False,False,False,False,False
OTULIN,0.028599999999999924,7256,0,False,False,False,False,False,False
NR1H3,0.02859999999999991,7258,0,False,False,False,False,False,False
ALG3,0.028599999999999907,7259,0,False,True,False,False,False,False
TUBD1,0.02853333333333325,7260,0,False,False,False,False,False,False
ACYP1,0.02849999999999994,7261,0,False,False,False,False,False,False
CCDC107,0.028499999999999897,7262,0,False,True,False,False,False,False
SDR42E1,0.028466666666666588,7263,0,False,False,False,False,False,False
PHC1,0.028466666666666564,7264,0,False,False,False,False,False,False
CD1D,0.02839999999999989,7265,0,False,False,False,False,False,False
IMMP1L,0.02836666666666659,7266,0,False,False,False,False,False,False
SELENOW,0.028366666666666582,7267,0,False,False,False,False,False,False
ZNF696,0.028333333333333256,7268,0,False,False,False,False,False,False
POLR2I,0.028333333333333238,7269,0,False,True,False,False,False,False
ALDH5A1,0.028266666666666586,7270,0,False,False,False,False,False,False
RNLS,0.028266666666666586,7270,0,False,False,False,False,False,False
TRAK2,0.028266666666666572,7272,0,False,False,False,False,False,False
RPL9,0.028233333333333263,7273,0,False,True,False,False,False,False
PLA2R1,0.02823333333333326,7274,0,False,False,False,False,False,False
PM20D2,0.028233333333333253,7275,0,False,False,False,False,False,False
KLHL15,0.028233333333333246,7276,0,False,False,False,False,False,False
LPIN3,0.028233333333333242,7277,0,False,False,False,False,False,False
NDUFA11,0.028166666666666604,7278,0,False,True,False,False,False,False
DUSP10,0.028133333333333243,7279,0,False,False,False,False,False,False
ALCAM,0.028099999999999927,7280,0,False,True,False,False,False,False
DUSP12,0.028099999999999924,7281,0,False,False,False,False,False,False
TGIF2,0.028099999999999924,7281,0,False,False,False,False,False,False
RPS6,0.028099999999999903,7283,0,False,False,False,False,False,False
GORAB,0.028099999999999892,7284,0,False,False,False,False,False,False
COPG2,0.028066666666666584,7285,0,False,False,False,False,False,False
ST7L,0.028033333333333257,7286,0,False,False,False,False,False,False
FNDC3B,0.02799999999999993,7287,0,False,True,False,False,False,False
FAM214A,0.027966666666666615,7288,0,False,False,False,False,False,False
SPATA13,0.027966666666666605,7289,0,False,False,False,False,False,False
SMTN,0.027966666666666584,7290,0,False,False,False,False,False,False
DNMT3A,0.027966666666666567,7291,0,False,True,False,False,False,False
CEP152,0.02789999999999995,7292,0,False,False,False,False,False,False
PSMB10,0.02786666666666658,7293,0,False,False,False,False,False,False
TMEM131L,0.027866666666666564,7294,0,False,False,False,False,False,False
GOLGA4,0.027866666666666557,7295,0,False,False,False,False,False,False
RRM2B,0.027833333333333262,7296,0,False,False,False,False,False,False
FAM135A,0.027833333333333255,7297,0,False,False,False,False,False,False
ZNF559,0.027833333333333255,7297,0,False,False,False,False,False,False
LRIF1,0.02783333333333322,7299,0,False,False,False,False,False,False
ARL15,0.02779999999999993,7300,0,False,False,False,False,False,False
SNRPD2,0.027799999999999905,7301,0,False,False,False,False,False,False
FBF1,0.027766666666666613,7302,0,False,False,False,False,False,False
SMIM29,0.027766666666666596,7303,0,False,False,False,False,False,False
TSSC4,0.02776666666666659,7304,0,False,False,False,False,False,False
TMCO3,0.02776666666666657,7305,0,False,False,False,False,False,False
ULK2,0.027766666666666565,7306,0,False,False,False,False,False,False
MAN1A1,0.027733333333333277,7307,0,False,True,False,False,False,False
PLXNA1,0.027733333333333256,7308,0,False,False,False,False,False,False
GCNT2,0.027733333333333256,7308,0,False,False,False,False,False,False
EHD4,0.027733333333333252,7310,0,False,False,False,False,False,False
PHIP,0.027733333333333235,7311,0,False,True,False,False,False,False
CCNJ,0.027699999999999905,7312,0,False,False,False,False,False,False
CBLN3,0.027666666666666576,7313,0,False,False,False,False,False,False
HMGCR,0.02763333333333326,7314,0,False,False,False,False,False,False
HMGN3,0.027599999999999916,7315,0,False,True,False,False,False,False
FBXL15,0.027566666666666583,7316,0,False,False,False,False,False,False
ZFAND1,0.027566666666666583,7316,0,False,False,False,False,False,False
ZBTB22,0.027566666666666552,7318,0,False,True,False,False,False,False
C4ORF33,0.027533333333333278,7319,0,False,False,False,False,False,False
BCAR1,0.02753333333333326,7320,0,False,True,False,False,False,False
CKAP5,0.027533333333333233,7321,0,False,True,False,False,False,False
PEMT,0.027466666666666584,7322,0,False,False,False,False,False,False
GPATCH2,0.02739999999999994,7323,0,False,True,False,False,False,False
C7ORF31,0.027399999999999907,7324,0,False,False,False,False,False,False
LRRC8A,0.027366666666666588,7325,0,False,True,False,False,False,False
NEK6,0.02736666666666658,7326,0,False,False,False,False,False,False
RPL32,0.027333333333333272,7327,0,False,False,False,False,False,False
N4BP1,0.02733333333333326,7328,0,False,True,False,False,False,False
U2AF1L4,0.02729999999999993,7329,0,False,False,False,False,False,False
PRDM15,0.02729999999999991,7330,0,False,False,False,False,False,False
ZNF284,0.02726666666666659,7331,0,False,False,False,False,False,False
TP53BP2,0.027233333333333245,7332,0,False,False,False,False,False,False
BFAR,0.027199999999999922,7333,0,False,False,False,False,False,False
TNFAIP1,0.027199999999999905,7334,0,False,False,False,False,False,False
ACRBP,0.027166666666666613,7335,0,False,False,False,False,False,False
FGFBP3,0.02713333333333327,7336,0,False,False,False,False,False,False
C9ORF40,0.027133333333333263,7337,0,False,True,False,False,False,False
ICA1,0.027099999999999933,7338,0,False,False,False,False,False,False
ASB13,0.027066666666666593,7339,0,False,False,False,False,False,False
CHD3,0.027066666666666586,7340,0,False,False,False,False,False,False
WASHC2A,0.027066666666666576,7341,0,False,False,False,False,False,False
TMEM38B,0.027033333333333267,7342,0,False,False,False,False,False,False
MFSD10,0.02699999999999994,7343,0,False,False,False,False,False,False
DBI,0.026999999999999927,7344,0,False,False,False,False,False,False
HPS3,0.026999999999999916,7345,0,False,False,False,False,False,False
LYPLA2,0.026966666666666594,7346,0,False,True,False,False,False,False
STK11,0.026966666666666594,7346,0,False,False,False,False,False,False
INPP1,0.026933333333333257,7348,0,False,False,False,False,False,False
OSBPL7,0.026933333333333233,7349,0,False,False,False,False,False,False
POM121,0.02689999999999993,7350,0,False,False,False,False,False,False
DIAPH2,0.02686666666666659,7351,0,False,True,False,False,False,False
DNAAF5,0.02686666666666658,7352,0,False,False,False,False,False,False
NBPF11,0.02683333333333327,7353,0,False,False,False,False,False,False
SLC7A6OS,0.026833333333333258,7354,0,False,True,False,False,False,False
MRPL17,0.026766666666666595,7355,0,False,True,False,False,False,False
ABCA2,0.026766666666666588,7356,0,False,False,False,False,False,False
MYL12A,0.02676666666666658,7357,0,False,True,False,False,False,False
ZNF823,0.026733333333333265,7358,0,False,False,False,False,False,False
UBA6,0.026733333333333262,7359,0,False,True,False,False,False,False
TACO1,0.026733333333333262,7359,0,False,False,False,False,False,False
PDE7A,0.026699999999999904,7361,0,False,False,False,False,False,False
ZNF506,0.026666666666666578,7362,0,False,True,False,False,False,False
CCDC58,0.02663333333333325,7363,0,False,False,False,False,False,False
RALGPS1,0.026599999999999936,7364,0,False,False,False,False,False,False
TIMM10,0.02659999999999993,7365,0,False,True,False,False,False,False
DTWD2,0.02656666666666661,7366,0,False,True,False,False,False,False
PLD1,0.026566666666666596,7367,0,False,False,False,False,False,False
TPT1,0.026566666666666593,7368,0,False,False,False,False,False,False
RALA,0.026566666666666572,7369,0,False,True,False,False,False,False
PEA15,0.026533333333333263,7370,0,False,False,False,False,False,False
TEAD1,0.026533333333333263,7370,0,False,False,False,False,False,False
PYROXD1,0.02649999999999993,7372,0,False,False,False,False,False,False
BSG,0.02649999999999993,7372,0,False,False,False,False,False,False
RPLP2,0.02643333333333328,7374,0,False,False,False,False,False,False
GARRE1,0.026433333333333264,7375,0,False,False,False,False,False,False
NFXL1,0.026433333333333257,7376,0,False,False,False,False,False,False
GRAMD2B,0.026433333333333243,7377,0,False,False,False,False,False,False
INTS6L,0.026399999999999934,7378,0,False,False,False,False,False,False
CDIP1,0.02639999999999993,7379,0,False,False,False,False,False,False
CAPRIN2,0.02639999999999991,7380,0,False,False,False,False,False,False
HIPK1,0.02636666666666661,7381,0,False,False,False,False,False,False
THAP10,0.026366666666666597,7382,0,False,True,False,False,False,False
SLX4IP,0.026333333333333268,7383,0,False,False,False,False,False,False
ERCC2,0.026333333333333268,7383,0,False,False,False,False,False,False
NF1,0.026299999999999938,7385,0,False,False,False,False,False,False
SLC25A44,0.02629999999999992,7386,0,False,False,False,False,False,False
BANF1,0.026266666666666598,7387,0,False,False,False,False,False,False
L2HGDH,0.026199999999999918,7388,0,False,False,False,False,False,False
PIDD1,0.026133333333333272,7389,0,False,False,False,False,False,False
RBFA,0.026099999999999936,7390,0,False,False,False,False,False,False
SMCHD1,0.02609999999999993,7391,0,False,False,False,False,False,False
ARHGAP45,0.026066666666666585,7392,0,False,False,False,False,False,False
SMAP2,0.026033333333333276,7393,0,False,True,False,False,False,False
TNRC6C,0.02603333333333326,7394,0,False,False,False,False,False,False
ZNF491,0.026033333333333256,7395,0,False,False,False,False,False,False
TNKS1BP1,0.02603333333333324,7396,0,False,True,False,False,False,False
NKIRAS1,0.02599999999999993,7397,0,False,False,False,False,False,False
PGAM5,0.025999999999999926,7398,0,False,True,False,False,False,False
RNF149,0.025999999999999916,7399,0,False,False,False,False,False,False
LNX1,0.025966666666666607,7400,0,False,False,False,False,False,False
KCTD11,0.025966666666666596,7401,0,False,True,False,False,False,False
ZNF169,0.02593333333333327,7402,0,False,False,False,False,False,False
GLUD2,0.025933333333333263,7403,0,False,True,False,False,False,False
HSPH1,0.025933333333333263,7403,0,False,False,False,False,False,False
YIF1A,0.025899999999999944,7405,0,False,False,False,False,False,False
SENP8,0.025866666666666593,7406,0,False,True,False,False,False,False
ZNF358,0.02586666666666658,7407,0,False,False,False,False,False,False
MICAL1,0.025866666666666573,7408,0,False,True,False,False,False,False
STK32C,0.02583333333333327,7409,0,False,False,False,False,False,False
EID1,0.025833333333333264,7410,0,False,False,False,False,False,False
MLXIP,0.02579999999999991,7411,0,False,False,False,False,False,False
FAM53B,0.025733333333333257,7412,0,False,True,False,False,False,False
B4GALT5,0.025733333333333254,7413,0,False,False,False,False,False,False
MCUR1,0.025699999999999924,7414,0,False,False,False,False,False,False
RPL35,0.025699999999999924,7414,0,False,False,False,False,False,False
SLC18B1,0.02569999999999991,7416,0,False,True,False,False,False,False
SPATA33,0.025666666666666595,7417,0,False,False,False,False,False,False
PAXX,0.025666666666666595,7417,0,False,False,False,False,False,False
BTAF1,0.02566666666666659,7419,0,False,False,False,False,False,False
NACC1,0.025633333333333265,7420,0,False,False,False,False,False,False
ANAPC1,0.02563333333333326,7421,0,False,False,False,False,False,False
NARS2,0.025633333333333248,7422,0,False,False,False,False,False,False
TTBK2,0.02563333333333324,7423,0,False,False,False,False,False,False
DNAJC28,0.025599999999999942,7424,0,False,False,False,False,False,False
ADK,0.025599999999999935,7425,0,False,False,False,False,False,False
CCDC106,0.025599999999999918,7426,0,False,False,False,False,False,False
EHHADH,0.025533333333333255,7427,0,False,True,False,False,False,False
TMEM53,0.025499999999999936,7428,0,False,False,False,False,False,False
RASSF5,0.025499999999999905,7429,0,False,False,False,False,False,False
CAMKK1,0.02546666666666658,7430,0,False,False,False,False,False,False
ZSWIM3,0.025433333333333263,7431,0,False,True,False,False,False,False
CRY1,0.025399999999999933,7432,0,False,False,False,False,False,False
FAM13B,0.025399999999999933,7432,0,False,False,False,False,False,False
HSPA12A,0.025366666666666607,7434,0,False,False,False,False,False,False
BRCC3,0.025366666666666596,7435,0,False,False,False,False,False,False
TLN2,0.025333333333333267,7436,0,False,False,False,False,False,False
TMEM144,0.025333333333333263,7437,0,False,False,False,False,False,False
DNAJB6,0.025333333333333253,7438,0,False,False,False,False,False,False
ANKRD6,0.025299999999999937,7439,0,False,False,False,False,False,False
BPGM,0.02529999999999993,7440,0,False,False,False,False,False,False
ZNF354C,0.025299999999999927,7441,0,False,False,False,False,False,False
CD58,0.02526666666666659,7442,0,False,False,False,False,False,False
DGKD,0.02526666666666658,7443,0,False,True,False,False,False,False
CARD8,0.02523333333333326,7444,0,False,False,False,False,False,False
IFT80,0.025199999999999938,7445,0,False,True,False,False,False,False
PTMA,0.02516666666666661,7446,0,False,False,False,False,False,False
CEP19,0.02516666666666661,7446,0,False,False,False,False,False,False
PHOSPHO2,0.0251666666666666,7448,0,False,False,False,False,False,False
SLC46A1,0.02516666666666659,7449,0,False,False,False,False,False,False
ZNF230,0.02513333333333326,7450,0,False,False,False,False,False,False
HYAL3,0.025133333333333247,7451,0,False,False,False,False,False,False
TMEM258,0.025099999999999942,7452,0,False,False,False,False,False,False
ELK3,0.02506666666666658,7453,0,False,True,False,False,False,False
ANKDD1A,0.025033333333333258,7454,0,False,False,False,False,False,False
MRPS26,0.024999999999999908,7455,0,False,False,False,False,False,False
SLC16A13,0.024999999999999894,7456,0,False,True,False,False,False,False
ABHD14A,0.02496666666666661,7457,0,False,False,False,False,False,False
GLYCTK,0.024966666666666606,7458,0,False,False,False,False,False,False
YWHAQ,0.0249666666666666,7459,0,False,True,False,False,False,False
ZDHHC13,0.024933333333333262,7460,0,False,False,False,False,False,False
CNN3,0.024933333333333255,7461,0,False,False,False,False,False,False
ATP1B3,0.02486666666666661,7462,0,False,False,False,False,False,False
CDK5,0.024866666666666603,7463,0,False,False,False,False,False,False
SPEN,0.0248666666666666,7464,0,False,False,False,False,False,False
LLGL2,0.024866666666666575,7465,0,False,False,False,False,False,False
CHP1,0.024833333333333252,7466,0,False,True,False,False,False,False
PARP11,0.024799999999999926,7467,0,False,True,False,False,False,False
PTAR1,0.024799999999999923,7468,0,False,False,False,False,False,False
PSMB3,0.024733333333333267,7469,0,False,True,False,False,False,False
PITPNC1,0.024733333333333257,7470,0,False,True,False,False,False,False
MTERF2,0.024733333333333257,7470,0,False,False,False,False,False,False
GALC,0.02469999999999993,7472,0,False,False,False,False,False,False
MAT2A,0.024666666666666604,7473,0,False,False,False,False,False,False
ARID4A,0.02463333333333327,7474,0,False,True,False,False,False,False
SEC22C,0.02463333333333325,7475,0,False,True,False,False,False,False
DDAH2,0.024566666666666608,7476,0,False,False,False,False,False,False
TLNRD1,0.02453333333333328,7477,0,False,False,False,False,False,False
PLEKHG3,0.024533333333333265,7478,0,False,True,False,False,False,False
VDAC3,0.024533333333333258,7479,0,False,False,False,False,False,False
TRRAP,0.024499999999999928,7480,0,False,True,False,False,False,False
TBRG4,0.024499999999999925,7481,0,False,False,False,False,False,False
SHROOM2,0.024499999999999914,7482,0,False,False,False,False,False,False
FDPS,0.024433333333333265,7483,0,False,True,False,False,False,False
CASP3,0.02443333333333325,7484,0,False,True,False,False,False,False
TMEM86B,0.02439999999999994,7485,0,False,False,False,False,False,False
HPSE,0.024399999999999925,7486,0,False,False,False,False,False,False
NFATC4,0.024366666666666616,7487,0,False,False,False,False,False,False
CD59,0.024366666666666602,7488,0,False,True,False,False,False,False
KLHL24,0.024333333333333276,7489,0,False,True,False,False,False,False
OSBPL10,0.02433333333333327,7490,0,False,False,False,False,False,False
SHLD3,0.024333333333333262,7491,0,False,True,False,False,False,False
LACC1,0.024333333333333262,7491,0,False,False,False,False,False,False
ZNF865,0.02429999999999993,7493,0,False,True,False,False,False,False
CPEB3,0.024299999999999926,7494,0,False,False,False,False,False,False
SH2D3A,0.024299999999999922,7495,0,False,False,False,False,False,False
GSTZ1,0.02429999999999992,7496,0,False,False,False,False,False,False
SARM1,0.02429999999999992,7496,0,False,False,False,False,False,False
G2E3,0.02426666666666659,7498,0,False,False,False,False,False,False
PAK4,0.024266666666666582,7499,0,False,False,False,False,False,False
H1-10,0.024266666666666572,7500,0,False,False,False,False,False,False
PUF60,0.024233333333333277,7501,0,False,False,False,False,False,False
PPP1R3B,0.024233333333333267,7502,0,False,False,False,False,False,False
ZNF501,0.024233333333333267,7502,0,False,False,False,False,False,False
CHD6,0.024199999999999933,7504,0,False,False,False,False,False,False
EEF1AKMT2,0.024199999999999923,7505,0,False,False,False,False,False,False
ARMC9,0.02419999999999992,7506,0,False,True,False,False,False,False
SERP1,0.024199999999999916,7507,0,False,False,False,False,False,False
MTRF1L,0.0241666666666666,7508,0,False,False,False,False,False,False
PPFIA3,0.024166666666666593,7509,0,False,False,False,False,False,False
TBC1D2B,0.024133333333333267,7510,0,False,False,False,False,False,False
TDG,0.024133333333333253,7511,0,False,True,False,False,False,False
GALNT2,0.024099999999999927,7512,0,False,False,False,False,False,False
ZNF101,0.024099999999999913,7513,0,False,False,False,False,False,False
XRCC3,0.024033333333333268,7514,0,False,False,False,False,False,False
SDHAF3,0.023999999999999935,7515,0,False,False,False,False,False,False
DCTPP1,0.02399999999999993,7516,0,False,False,False,False,False,False
MCM3,0.023933333333333248,7517,0,False,False,False,False,False,False
RELT,0.023833333333333265,7518,0,False,False,False,False,False,False
ATP6V0E2,0.023833333333333262,7519,0,False,True,False,False,False,False
ZNF415,0.023833333333333262,7519,0,False,False,False,False,False,False
ANKRD28,0.023833333333333245,7521,0,False,False,False,False,False,False
ZNF607,0.02383333333333324,7522,0,False,False,False,False,False,False
HEXIM2,0.023799999999999932,7523,0,False,False,False,False,False,False
ATG10,0.023799999999999932,7523,0,False,False,False,False,False,False
CIRBP,0.023799999999999922,7525,0,False,True,False,False,False,False
NINJ1,0.02376666666666661,7526,0,False,False,False,False,False,False
SGMS1,0.0237666666666666,7527,0,False,False,False,False,False,False
TMEM9,0.023766666666666592,7528,0,False,False,False,False,False,False
RPL7A,0.023699999999999926,7529,0,False,False,False,False,False,False
ARL16,0.023666666666666596,7530,0,False,False,False,False,False,False
CEP112,0.023633333333333267,7531,0,False,False,False,False,False,False
SRSF7,0.02359999999999992,7532,0,False,False,False,False,False,False
ZKSCAN3,0.023499999999999934,7533,0,False,False,False,False,False,False
PCYOX1L,0.02349999999999993,7534,0,False,True,False,False,False,False
PYGB,0.023499999999999927,7535,0,False,False,False,False,False,False
NOTCH2,0.02349999999999991,7536,0,False,False,False,False,False,False
UNKL,0.023466666666666594,7537,0,False,False,False,False,False,False
CYBC1,0.023466666666666573,7538,0,False,False,False,False,False,False
KDM6A,0.023433333333333264,7539,0,False,False,False,False,False,False
FTCDNL1,0.023399999999999956,7540,0,False,False,False,False,False,False
SHTN1,0.02339999999999992,7541,0,False,False,False,False,False,False
LPCAT2,0.023399999999999917,7542,0,False,False,False,False,False,False
KPNA5,0.023366666666666595,7543,0,False,False,False,False,False,False
BAHCC1,0.02336666666666659,7544,0,False,False,False,False,False,False
SMARCA2,0.023366666666666588,7545,0,False,False,False,False,False,False
KMT5C,0.023366666666666588,7545,0,False,True,False,False,False,False
CPPED1,0.02336666666666658,7547,0,False,False,False,False,False,False
B3GALT4,0.02336666666666658,7547,0,False,False,False,False,False,False
GNB2,0.02333333333333327,7549,0,False,False,False,False,False,False
ZNF37A,0.023333333333333258,7550,0,False,False,False,False,False,False
SRSF5,0.023299999999999935,7551,0,False,True,False,False,False,False
NUDT16,0.02329999999999993,7552,0,False,False,False,False,False,False
SLC25A22,0.02329999999999992,7553,0,False,False,False,False,False,False
DOP1B,0.023299999999999904,7554,0,False,False,False,False,False,False
CHCHD7,0.02326666666666659,7555,0,False,False,False,False,False,False
PPCDC,0.02323333333333327,7556,0,False,False,False,False,False,False
PDCD5,0.023233333333333245,7557,0,False,False,False,False,False,False
NECTIN2,0.02319999999999992,7558,0,False,False,False,False,False,False
ZFHX3,0.02319999999999992,7558,0,False,True,False,False,False,False
NCOA4,0.023166666666666606,7560,0,False,False,False,False,False,False
CCDC137,0.02316666666666659,7561,0,False,False,False,False,False,False
POP7,0.023099999999999943,7562,0,False,False,False,False,False,False
CLCN6,0.023066666666666607,7563,0,False,False,False,False,False,False
POC1B,0.0230666666666666,7564,0,False,False,False,False,False,False
C12ORF76,0.0230666666666666,7564,0,False,False,False,False,False,False
FAM200B,0.023066666666666596,7566,0,False,False,False,False,False,False
PAXBP1,0.02306666666666659,7567,0,False,False,False,False,False,False
PSENEN,0.023066666666666586,7568,0,False,False,False,False,False,False
ITPK1,0.022999999999999923,7569,0,False,True,False,False,False,False
DNAJC10,0.022999999999999916,7570,0,False,True,False,False,False,False
CIBAR1,0.022966666666666594,7571,0,False,True,False,False,False,False
DENND1A,0.022933333333333257,7572,0,False,False,False,False,False,False
DENND1B,0.022933333333333247,7573,0,False,False,False,False,False,False
MEF2A,0.02289999999999995,7574,0,False,False,False,False,False,False
PIK3C2B,0.022899999999999913,7575,0,False,False,False,False,False,False
SLC35C1,0.022866666666666594,7576,0,False,False,False,False,False,False
ENOSF1,0.02283333333333327,7577,0,False,False,False,False,False,False
GEMIN4,0.022833333333333244,7578,0,False,True,False,False,False,False
FAM228B,0.022799999999999935,7579,0,False,False,False,False,False,False
CHFR,0.02279999999999992,7580,0,False,False,False,False,False,False
H3-3A,0.022799999999999918,7581,0,False,False,False,False,False,False
GSDMD,0.02273333333333326,7582,0,False,False,False,False,False,False
ZNF419,0.02269999999999994,7583,0,False,True,False,False,False,False
ZNF577,0.02269999999999993,7584,0,False,False,False,False,False,False
AP3M2,0.02269999999999992,7585,0,False,False,False,False,False,False
SNAPC4,0.022699999999999915,7586,0,False,False,False,False,False,False
CEP76,0.02269999999999991,7587,0,False,True,False,False,False,False
SCN1B,0.022666666666666602,7588,0,False,False,False,False,False,False
SGPP1,0.022666666666666595,7589,0,False,False,False,False,False,False
LENG9,0.022666666666666592,7590,0,False,False,False,False,False,False
ZMYND19,0.022666666666666585,7591,0,False,False,False,False,False,False
INAFM1,0.02263333333333327,7592,0,False,False,False,False,False,False
MCPH1,0.022633333333333252,7593,0,False,False,False,False,False,False
ASAP3,0.02263333333333325,7594,0,False,False,False,False,False,False
RPS2,0.022599999999999947,7595,0,False,False,False,False,False,False
MGMT,0.022599999999999936,7596,0,False,False,False,False,False,False
NUMA1,0.022599999999999933,7597,0,False,True,False,False,False,False
CYRIB,0.022599999999999933,7597,0,False,False,False,False,False,False
CCDC59,0.022566666666666613,7599,0,False,False,False,False,False,False
RTTN,0.0225666666666666,7600,0,False,False,False,False,False,False
MED30,0.022566666666666596,7601,0,False,False,False,False,False,False
COA6,0.022566666666666593,7602,0,False,False,False,False,False,False
ARID2,0.02256666666666659,7603,0,False,True,False,False,False,False
TADA1,0.022566666666666582,7604,0,False,True,False,False,False,False
LRRC29,0.022533333333333253,7605,0,False,True,False,False,False,False
RACK1,0.02249999999999993,7606,0,False,False,False,False,False,False
TRIM68,0.022499999999999923,7607,0,False,False,False,False,False,False
INPP5A,0.022499999999999912,7608,0,False,False,False,False,False,False
CBX6,0.022499999999999912,7608,0,False,False,False,False,False,False
ELK4,0.02243333333333326,7610,0,False,False,False,False,False,False
BCORL1,0.022433333333333246,7611,0,False,False,False,False,False,False
ZNF671,0.022399999999999927,7612,0,False,True,False,False,False,False
GFOD2,0.022399999999999927,7612,0,False,False,False,False,False,False
SCAF1,0.022399999999999923,7614,0,False,False,False,False,False,False
GOLGB1,0.022366666666666594,7615,0,False,False,False,False,False,False
ZNF212,0.022366666666666587,7616,0,False,False,False,False,False,False
ERF,0.02233333333333327,7617,0,False,False,False,False,False,False
POM121C,0.02233333333333326,7618,0,False,False,False,False,False,False
PLXDC1,0.022299999999999952,7619,0,False,False,False,False,False,False
HSP90AB1,0.02229999999999993,7620,0,False,False,False,False,False,False
PLA2G15,0.0222666666666666,7621,0,False,False,False,False,False,False
TMEM165,0.02226666666666657,7622,0,False,True,False,False,False,False
SETD9,0.022233333333333258,7623,0,False,False,False,False,False,False
EPS8L2,0.022233333333333254,7624,0,False,False,False,False,False,False
TGFBR1,0.02219999999999994,7625,0,False,False,False,False,False,False
ZNF551,0.022199999999999928,7626,0,False,False,False,False,False,False
CSKMT,0.02219999999999991,7627,0,False,True,False,False,False,False
PPM1K,0.02216666666666661,7628,0,False,False,False,False,False,False
ULBP3,0.022166666666666605,7629,0,False,False,False,False,False,False
PGM1,0.022166666666666605,7629,0,False,False,False,False,False,False
RAB11FIP2,0.022166666666666602,7631,0,False,False,False,False,False,False
NDUFS5,0.022133333333333272,7632,0,False,False,False,False,False,False
FBXO45,0.02213333333333327,7633,0,False,False,False,False,False,False
ZNF33B,0.022099999999999925,7634,0,False,True,False,False,False,False
THTPA,0.022066666666666592,7635,0,False,True,False,False,False,False
LMF1,0.02203333333333326,7636,0,False,False,False,False,False,False
CALM2,0.02203333333333324,7637,0,False,False,False,False,False,False
MORN4,0.02199999999999993,7638,0,False,False,False,False,False,False
CLSTN1,0.021966666666666596,7639,0,False,True,False,False,False,False
RPL28,0.021966666666666593,7640,0,False,False,False,False,False,False
CMTM8,0.021966666666666582,7641,0,False,False,False,False,False,False
APOM,0.021933333333333287,7642,0,False,False,False,False,False,False
ENTPD1,0.021933333333333273,7643,0,False,False,False,False,False,False
COPA,0.02193333333333325,7644,0,False,False,False,False,False,False
GLB1,0.021899999999999933,7645,0,False,False,False,False,False,False
ATP6V0A2,0.021866666666666597,7646,0,False,False,False,False,False,False
PDK3,0.021866666666666593,7647,0,False,False,False,False,False,False
PEX11A,0.021833333333333257,7648,0,False,False,False,False,False,False
MRTFB,0.021799999999999937,7649,0,False,False,False,False,False,False
RTL8A,0.02179999999999993,7650,0,False,False,False,False,False,False
P2RY2,0.021799999999999924,7651,0,False,False,False,False,False,False
NIBAN2,0.021733333333333254,7652,0,False,False,False,False,False,False
BBS9,0.02173333333333325,7653,0,False,False,False,False,False,False
ZNF112,0.021733333333333247,7654,0,False,False,False,False,False,False
BAK1,0.02169999999999993,7655,0,False,False,False,False,False,False
CIB1,0.02169999999999993,7655,0,False,False,False,False,False,False
SPECC1,0.021699999999999928,7657,0,False,False,False,False,False,False
GUCY1B1,0.021699999999999928,7657,0,False,False,False,False,False,False
C17ORF67,0.021666666666666595,7659,0,False,False,False,False,False,False
SEC24A,0.021666666666666595,7659,0,False,False,False,False,False,False
MYL5,0.02166666666666659,7661,0,False,False,False,False,False,False
OCLN,0.021666666666666588,7662,0,False,False,False,False,False,False
SLC26A11,0.021666666666666584,7663,0,False,False,False,False,False,False
MTPN,0.021666666666666577,7664,0,False,False,False,False,False,False
RGS12,0.021633333333333265,7665,0,False,False,False,False,False,False
ZFP41,0.021633333333333258,7666,0,False,False,False,False,False,False
TIMM17A,0.021599999999999942,7667,0,False,True,False,False,False,False
TFDP1,0.021599999999999925,7668,0,False,True,False,False,False,False
IFT27,0.02159999999999992,7669,0,False,False,False,False,False,False
NBN,0.02159999999999992,7669,0,False,True,False,False,False,False
PIBF1,0.021599999999999918,7671,0,False,False,False,False,False,False
CREBZF,0.021566666666666606,7672,0,False,False,False,False,False,False
PDE4DIP,0.0215666666666666,7673,0,False,False,False,False,False,False
SPATA5,0.021566666666666588,7674,0,False,False,False,False,False,False
NAT1,0.021566666666666585,7675,0,False,False,False,False,False,False
PXMP2,0.021533333333333276,7676,0,False,False,False,False,False,False
SH3BP4,0.02153333333333326,7677,0,False,False,False,False,False,False
RUNX1,0.021533333333333248,7678,0,False,False,False,False,False,False
RPS8,0.021499999999999932,7679,0,False,False,False,False,False,False
LRRC42,0.021499999999999922,7680,0,False,False,False,False,False,False
FRYL,0.021466666666666606,7681,0,False,True,False,False,False,False
MBOAT1,0.02143333333333326,7682,0,False,False,False,False,False,False
BFSP1,0.02139999999999994,7683,0,False,False,False,False,False,False
UBB,0.02139999999999994,7683,0,False,False,False,False,False,False
TMEM14B,0.021366666666666607,7685,0,False,False,False,False,False,False
SH3D19,0.021366666666666603,7686,0,False,False,False,False,False,False
GARNL3,0.0213666666666666,7687,0,False,False,False,False,False,False
CCNI,0.021366666666666596,7688,0,False,False,False,False,False,False
ZNF792,0.02136666666666659,7689,0,False,False,False,False,False,False
RUVBL1,0.021333333333333263,7690,0,False,True,False,False,False,False
RDH14,0.02129999999999993,7691,0,False,False,False,False,False,False
EMC9,0.021266666666666604,7692,0,False,False,False,False,False,False
GDAP2,0.021266666666666597,7693,0,False,False,False,False,False,False
LTB4R,0.021199999999999945,7694,0,False,False,False,False,False,False
LRRK1,0.02119999999999993,7695,0,False,False,False,False,False,False
CCNH,0.02116666666666661,7696,0,False,False,False,False,False,False
ZNF628,0.02116666666666659,7697,0,False,False,False,False,False,False
GTF2H3,0.02116666666666659,7697,0,False,False,False,False,False,False
DDX55,0.02113333333333326,7699,0,False,False,False,False,False,False
TRAF3IP1,0.02113333333333325,7700,0,False,False,False,False,False,False
VPS37B,0.0210666666666666,7701,0,False,True,False,False,False,False
RARA,0.02106666666666659,7702,0,False,True,False,False,False,False
PGAP6,0.02103333333333327,7703,0,False,True,False,False,False,False
GRHL2,0.021033333333333265,7704,0,False,False,False,False,False,False
SRP19,0.021033333333333258,7705,0,False,False,False,False,False,False
GPX4,0.020999999999999935,7706,0,False,True,False,False,False,False
ARFGEF1,0.0209666666666666,7707,0,False,False,False,False,False,False
CD63,0.0209666666666666,7707,0,False,False,False,False,False,False
FKBPL,0.020966666666666592,7709,0,False,False,False,False,False,False
ZNF852,0.020966666666666592,7709,0,False,True,False,False,False,False
ESRP1,0.02096666666666659,7711,0,False,False,False,False,False,False
PTK2B,0.02096666666666658,7712,0,False,True,False,False,False,False
RUSC1,0.020933333333333266,7713,0,False,False,False,False,False,False
GNAI2,0.020933333333333262,7714,0,False,False,False,False,False,False
ZNF470,0.020899999999999936,7715,0,False,False,False,False,False,False
PAM16,0.020899999999999933,7716,0,False,True,False,False,False,False
PPIB,0.02086666666666661,7717,0,False,False,False,False,False,False
PRSS16,0.020866666666666606,7718,0,False,False,False,False,False,False
RAPGEF6,0.020866666666666603,7719,0,False,False,False,False,False,False
PFDN4,0.0208666666666666,7720,0,False,False,False,False,False,False
SOCS6,0.0208666666666666,7720,0,False,False,False,False,False,False
BLOC1S3,0.020833333333333266,7722,0,False,False,False,False,False,False
COMMD3,0.02079999999999994,7723,0,False,False,False,False,False,False
ZNF778,0.02079999999999993,7724,0,False,False,False,False,False,False
HSP90AA1,0.02079999999999993,7724,0,False,False,False,False,False,False
MTHFD2L,0.020799999999999923,7726,0,False,True,False,False,False,False
INTS1,0.020766666666666607,7727,0,False,False,False,False,False,False
ZNF799,0.020766666666666603,7728,0,False,True,False,False,False,False
WASHC2C,0.020766666666666597,7729,0,False,True,False,False,False,False
JMY,0.020733333333333274,7730,0,False,True,False,False,False,False
PUS10,0.020699999999999937,7731,0,False,False,False,False,False,False
ZDHHC1,0.020699999999999923,7732,0,False,False,False,False,False,False
CD99,0.0206666666666666,7733,0,False,False,False,False,False,False
CCDC50,0.020666666666666597,7734,0,False,False,False,False,False,False
BACH1,0.02066666666666658,7735,0,False,False,False,False,False,False
ARHGEF17,0.020633333333333257,7736,0,False,False,False,False,False,False
FRRS1,0.020599999999999938,7737,0,False,False,False,False,False,False
LIG4,0.02056666666666661,7738,0,False,False,False,False,False,False
BRD3,0.02056666666666659,7739,0,False,False,False,False,False,False
GEMIN8,0.02053333333333326,7740,0,False,False,False,False,False,False
TTC38,0.020533333333333258,7741,0,False,True,False,False,False,False
EBP,0.020466666666666605,7742,0,False,False,False,False,False,False
FAM89B,0.020466666666666602,7743,0,False,False,False,False,False,False
NR6A1,0.020466666666666578,7744,0,False,True,False,False,False,False
PDLIM5,0.020433333333333272,7745,0,False,False,False,False,False,False
ZNF396,0.02043333333333327,7746,0,False,False,False,False,False,False
ZNF624,0.020399999999999942,7747,0,False,False,False,False,False,False
PNPLA2,0.02039999999999992,7748,0,False,False,False,False,False,False
EGLN1,0.020366666666666606,7749,0,False,False,False,False,False,False
SRSF3,0.020366666666666602,7750,0,False,True,False,False,False,False
NAA25,0.020366666666666602,7750,0,False,False,False,False,False,False
IDUA,0.0203666666666666,7752,0,False,False,False,False,False,False
ARHGAP35,0.020366666666666592,7753,0,False,False,False,False,False,False
RPL24,0.020366666666666592,7753,0,False,False,False,False,False,False
PAXIP1,0.020333333333333276,7755,0,False,False,False,False,False,False
SFXN2,0.020333333333333262,7756,0,False,False,False,False,False,False
RPS3,0.020266666666666596,7757,0,False,True,False,False,False,False
ZNF623,0.020266666666666586,7758,0,False,False,False,False,False,False
MSRA,0.02023333333333326,7759,0,False,False,False,False,False,False
XRN1,0.020233333333333256,7760,0,False,True,False,False,False,False
LRRC8D,0.020233333333333256,7760,0,False,False,False,False,False,False
TMEM268,0.020233333333333253,7762,0,False,True,False,False,False,False
RNF13,0.020199999999999944,7763,0,False,False,False,False,False,False
UTP4,0.020199999999999912,7764,0,False,False,False,False,False,False
SBDS,0.020166666666666614,7765,0,False,False,False,False,False,False
RPL36,0.0201666666666666,7766,0,False,False,False,False,False,False
UGCG,0.020133333333333277,7767,0,False,False,False,False,False,False
LY6G5C,0.020133333333333267,7768,0,False,True,False,False,False,False
B4GALT1,0.020133333333333267,7768,0,False,False,False,False,False,False
SLC25A42,0.020099999999999934,7770,0,False,False,False,False,False,False
HUWE1,0.02009999999999993,7771,0,False,True,False,False,False,False
HEMK1,0.020099999999999917,7772,0,False,True,False,False,False,False
FAM220A,0.020099999999999913,7773,0,False,False,False,False,False,False
TBXAS1,0.020066666666666604,7774,0,False,False,False,False,False,False
RABIF,0.020066666666666604,7774,0,False,False,False,False,False,False
TWF1,0.020066666666666587,7776,0,False,False,False,False,False,False
TTL,0.020033333333333275,7777,0,False,False,False,False,False,False
XPO5,0.019999999999999945,7778,0,False,False,False,False,False,False
ZNF235,0.019999999999999917,7779,0,False,True,False,False,False,False
CD276,0.01993333333333328,7780,0,False,True,False,False,False,False
DMXL1,0.019933333333333265,7781,0,False,False,False,False,False,False
SLX4,0.01993333333333326,7782,0,False,False,False,False,False,False
ATP8B2,0.019933333333333247,7783,0,False,True,False,False,False,False
ARHGDIA,0.01989999999999994,7784,0,False,False,False,False,False,False
KANSL1L,0.019866666666666616,7785,0,False,False,False,False,False,False
ZNF567,0.01986666666666661,7786,0,False,False,False,False,False,False
RPS11,0.019866666666666605,7787,0,False,False,False,False,False,False
SYT17,0.019866666666666605,7787,0,False,False,False,False,False,False
SLC35A2,0.0198666666666666,7789,0,False,True,False,False,False,False
CENPBD1,0.019833333333333262,7790,0,False,True,False,False,False,False
MGME1,0.019833333333333255,7791,0,False,False,False,False,False,False
RIN3,0.01979999999999993,7792,0,False,False,False,False,False,False
SH3YL1,0.019799999999999915,7793,0,False,True,False,False,False,False
ZNF227,0.0197666666666666,7794,0,False,False,False,False,False,False
ABCD1,0.0197666666666666,7794,0,False,False,False,False,False,False
NT5C3A,0.019766666666666592,7796,0,False,False,False,False,False,False
PROSER3,0.019766666666666585,7797,0,False,False,False,False,False,False
BCL7A,0.01973333333333327,7798,0,False,True,False,False,False,False
ARID3A,0.01969999999999994,7799,0,False,True,False,False,False,False
GLMN,0.019699999999999926,7800,0,False,False,False,False,False,False
CCHCR1,0.01969999999999992,7801,0,False,False,False,False,False,False
PRXL2C,0.019699999999999915,7802,0,False,False,False,False,False,False
RNF169,0.019666666666666593,7803,0,False,False,False,False,False,False
PLSCR1,0.019633333333333263,7804,0,False,False,False,False,False,False
FAM110A,0.019599999999999947,7805,0,False,False,False,False,False,False
ACOT13,0.019566666666666604,7806,0,False,False,False,False,False,False
SZT2,0.0195666666666666,7807,0,False,False,False,False,False,False
AHI1,0.0195666666666666,7807,0,False,False,False,False,False,False
TMEM86A,0.019566666666666593,7809,0,False,False,False,False,False,False
MRPL58,0.01953333333333329,7810,0,False,False,False,False,False,False
LNPEP,0.01953333333333327,7811,0,False,False,False,False,False,False
INTS7,0.019533333333333267,7812,0,False,False,False,False,False,False
RHOBTB1,0.019533333333333257,7813,0,False,False,False,False,False,False
PPP1R3F,0.019499999999999948,7814,0,False,False,False,False,False,False
MED31,0.01949999999999994,7815,0,False,True,False,False,False,False
RRM1,0.019499999999999938,7816,0,False,False,False,False,False,False
ZNF787,0.019499999999999924,7817,0,False,False,False,False,False,False
RFXAP,0.01946666666666661,7818,0,False,False,False,False,False,False
ABHD4,0.019433333333333268,7819,0,False,False,False,False,False,False
ZNF234,0.01943333333333326,7820,0,False,False,False,False,False,False
L3MBTL3,0.019433333333333257,7821,0,False,False,False,False,False,False
POLD2,0.019366666666666615,7822,0,False,False,False,False,False,False
ORMDL3,0.0193666666666666,7823,0,False,False,False,False,False,False
ZNF563,0.019333333333333265,7824,0,False,False,False,False,False,False
CEBPG,0.01929999999999995,7825,0,False,False,False,False,False,False
TCTN2,0.01929999999999995,7825,0,False,False,False,False,False,False
MTHFD1,0.019299999999999935,7827,0,False,False,False,False,False,False
HELZ,0.019299999999999925,7828,0,False,False,False,False,False,False
NEIL2,0.019266666666666613,7829,0,False,True,False,False,False,False
USP15,0.01926666666666661,7830,0,False,True,False,False,False,False
RNF135,0.019266666666666606,7831,0,False,False,False,False,False,False
PLCG2,0.0192666666666666,7832,0,False,True,False,False,False,False
TAF5,0.019233333333333283,7833,0,False,False,False,False,False,False
JMJD4,0.019233333333333272,7834,0,False,True,False,False,False,False
DUS3L,0.01923333333333327,7835,0,False,False,False,False,False,False
DCK,0.019233333333333266,7836,0,False,True,False,False,False,False
GLRX3,0.019233333333333255,7837,0,False,False,False,False,False,False
PIKFYVE,0.019199999999999936,7838,0,False,False,False,False,False,False
TAF11,0.019199999999999936,7838,0,False,True,False,False,False,False
AMDHD2,0.019199999999999936,7838,0,False,False,False,False,False,False
CCM2,0.019199999999999915,7841,0,False,False,False,False,False,False
ZNF816,0.019166666666666603,7842,0,False,False,False,False,False,False
ZNF669,0.019166666666666596,7843,0,False,False,False,False,False,False
MAGEE1,0.019166666666666596,7843,0,False,False,False,False,False,False
PHTF2,0.019166666666666596,7843,0,False,True,False,False,False,False
CEP95,0.01916666666666659,7846,0,False,False,False,False,False,False
MIEF2,0.01913333333333328,7847,0,False,False,False,False,False,False
STX7,0.019133333333333277,7848,0,False,True,False,False,False,False
LIN7B,0.019133333333333256,7849,0,False,True,False,False,False,False
ASPSCR1,0.019099999999999943,7850,0,False,False,False,False,False,False
TLCD5,0.01909999999999994,7851,0,False,False,False,False,False,False
ZKSCAN7,0.01909999999999993,7852,0,False,False,False,False,False,False
TIMM8B,0.01909999999999993,7852,0,False,True,False,False,False,False
ZZEF1,0.01903333333333326,7854,0,False,False,False,False,False,False
WDR4,0.01903333333333326,7854,0,False,False,False,False,False,False
SFR1,0.01899999999999995,7856,0,False,False,False,False,False,False
MAP4K2,0.018999999999999934,7857,0,False,False,False,False,False,False
PARP12,0.018933333333333274,7858,0,False,False,False,False,False,False
USF3,0.018933333333333264,7859,0,False,False,False,False,False,False
RBM25,0.018899999999999948,7860,0,False,False,False,False,False,False
NUP58,0.01889999999999994,7861,0,False,False,False,False,False,False
ZNF81,0.018899999999999938,7862,0,False,False,False,False,False,False
GBE1,0.01886666666666661,7863,0,False,False,False,False,False,False
SFI1,0.0188666666666666,7864,0,False,False,False,False,False,False
ZNF140,0.0188666666666666,7864,0,False,True,False,False,False,False
UBR4,0.018866666666666594,7866,0,False,False,False,False,False,False
LRWD1,0.018866666666666584,7867,0,False,False,False,False,False,False
VRK1,0.018833333333333275,7868,0,False,True,False,False,False,False
PTPN6,0.01883333333333326,7869,0,False,False,False,False,False,False
ZNF10,0.018833333333333258,7870,0,False,False,False,False,False,False
LIAS,0.018833333333333258,7870,0,False,False,False,False,False,False
SNX18,0.01879999999999995,7872,0,False,True,False,False,False,False
CRLF3,0.01879999999999994,7873,0,False,True,False,False,False,False
TRIT1,0.018799999999999935,7874,0,False,True,False,False,False,False
RILPL1,0.01879999999999993,7875,0,False,False,False,False,False,False
STK26,0.01879999999999993,7875,0,False,False,False,False,False,False
RPS7,0.018766666666666616,7877,0,False,False,False,False,False,False
ARSG,0.01876666666666661,7878,0,False,True,False,False,False,False
SEL1L3,0.0187666666666666,7879,0,False,False,False,False,False,False
ZDHHC2,0.0187666666666666,7879,0,False,False,False,False,False,False
AGA,0.018766666666666598,7881,0,False,True,False,False,False,False
ATP6V1E2,0.018766666666666588,7882,0,False,False,False,False,False,False
ZNF181,0.01873333333333326,7883,0,False,False,False,False,False,False
NUDT4,0.018733333333333258,7884,0,False,True,False,False,False,False
MED24,0.018699999999999946,7885,0,False,False,False,False,False,False
CHCHD4,0.018699999999999932,7886,0,False,False,False,False,False,False
NGRN,0.01869999999999993,7887,0,False,False,False,False,False,False
KIAA1671,0.018666666666666613,7888,0,False,False,False,False,False,False
TOR1B,0.01866666666666661,7889,0,False,False,False,False,False,False
CPEB2,0.01863333333333327,7890,0,False,False,False,False,False,False
CBLB,0.01863333333333327,7890,0,False,True,False,False,False,False
ZNF407,0.018633333333333266,7892,0,False,False,False,False,False,False
MTHFR,0.018633333333333266,7892,0,False,False,False,False,False,False
GNS,0.01859999999999994,7894,0,False,False,False,False,False,False
FN3K,0.018599999999999936,7895,0,False,False,False,False,False,False
ENTR1,0.018599999999999933,7896,0,False,True,False,False,False,False
WDR43,0.018599999999999926,7897,0,False,False,False,False,False,False
SREK1,0.018566666666666613,7898,0,False,True,False,False,False,False
NT5C,0.01856666666666661,7899,0,False,False,False,False,False,False
ZNF569,0.01856666666666661,7899,0,False,False,False,False,False,False
KIAA1958,0.018566666666666606,7901,0,False,False,False,False,False,False
NAGK,0.0185666666666666,7902,0,False,True,False,False,False,False
RBBP8,0.018533333333333252,7903,0,False,True,False,False,False,False
RUFY3,0.018499999999999944,7904,0,False,False,False,False,False,False
AC073111.3,0.018499999999999933,7905,0,False,False,False,False,False,False
PIK3CD,0.01849999999999993,7906,0,False,False,False,False,False,False
MTA1,0.01849999999999993,7906,0,False,False,False,False,False,False
IP6K2,0.0184666666666666,7908,0,False,False,False,False,False,False
NIPBL,0.0184666666666666,7908,0,False,False,False,False,False,False
ACER3,0.0184666666666666,7908,0,False,True,False,False,False,False
NEU3,0.018466666666666597,7911,0,False,False,False,False,False,False
CTU2,0.018433333333333277,7912,0,False,False,False,False,False,False
MPHOSPH8,0.018433333333333274,7913,0,False,False,False,False,False,False
LPAR2,0.018399999999999944,7914,0,False,False,False,False,False,False
DNASE1L1,0.01839999999999993,7915,0,False,True,False,False,False,False
ZNF420,0.018399999999999927,7916,0,False,False,False,False,False,False
ZNF195,0.01833333333333328,7917,0,False,True,False,False,False,False
RAB23,0.01829999999999993,7918,0,False,False,False,False,False,False
DNAJB5,0.018299999999999924,7919,0,False,False,False,False,False,False
HDHD5,0.018299999999999924,7919,0,False,False,False,False,False,False
CDC34,0.0182666666666666,7921,0,False,False,False,False,False,False
FBXO25,0.0182666666666666,7921,0,False,False,False,False,False,False
MAGIX,0.0182666666666666,7921,0,False,False,False,False,False,False
UBFD1,0.018266666666666598,7924,0,False,True,False,False,False,False
SENP7,0.01823333333333327,7925,0,False,False,False,False,False,False
ZFP82,0.01823333333333327,7925,0,False,False,False,False,False,False
DMPK,0.01819999999999994,7927,0,False,False,False,False,False,False
ZNF512B,0.01819999999999992,7928,0,False,True,False,False,False,False
NEDD4,0.018166666666666605,7929,0,False,True,False,False,False,False
NDUFB8,0.018166666666666605,7929,0,False,False,False,False,False,False
ABL2,0.018166666666666602,7931,0,False,False,False,False,False,False
CDNF,0.018166666666666602,7931,0,False,False,False,False,False,False
AFF1,0.018133333333333283,7933,0,False,True,False,False,False,False
H3-3B,0.018133333333333265,7934,0,False,True,False,False,False,False
PPP2R3B,0.018133333333333265,7934,0,False,False,False,False,False,False
ATP6V1F,0.018099999999999953,7936,0,False,False,False,False,False,False
RPS12,0.01809999999999994,7937,0,False,True,False,False,False,False
MTAP,0.01809999999999994,7937,0,False,False,False,False,False,False
NDUFA4,0.018099999999999936,7939,0,False,False,False,False,False,False
PRKD3,0.018099999999999936,7939,0,False,True,False,False,False,False
DYNC1H1,0.018099999999999936,7939,0,False,False,False,False,False,False
ZMIZ1,0.018099999999999932,7942,0,False,False,False,False,False,False
NUP42,0.01806666666666661,7943,0,False,False,False,False,False,False
MAP7D3,0.018066666666666602,7944,0,False,False,False,False,False,False
ZNF605,0.018066666666666596,7945,0,False,False,False,False,False,False
POU6F1,0.018033333333333262,7946,0,False,False,False,False,False,False
CNTNAP1,0.01799999999999994,7947,0,False,False,False,False,False,False
KIAA0513,0.017999999999999933,7948,0,False,False,False,False,False,False
CBX1,0.017999999999999926,7949,0,False,False,False,False,False,False
LBR,0.017999999999999926,7949,0,False,True,False,False,False,False
ACO1,0.017999999999999926,7949,0,False,True,False,False,False,False
ZNF780A,0.01796666666666661,7952,0,False,False,False,False,False,False
SLC30A7,0.0179666666666666,7953,0,False,False,False,False,False,False
ZNF8,0.0179666666666666,7953,0,False,False,False,False,False,False
HEBP1,0.0179666666666666,7953,0,False,False,False,False,False,False
PLXNA3,0.017966666666666596,7956,0,False,False,False,False,False,False
EEF2,0.01793333333333328,7957,0,False,False,False,False,False,False
ZNF530,0.01793333333333327,7958,0,False,False,False,False,False,False
WDR6,0.01793333333333327,7958,0,False,False,False,False,False,False
PLEKHH3,0.01793333333333327,7958,0,False,False,False,False,False,False
ZNF516,0.01786666666666661,7961,0,False,False,False,False,False,False
SYNGR2,0.017866666666666586,7962,0,False,False,False,False,False,False
GRPEL2,0.01783333333333328,7963,0,False,False,False,False,False,False
CEP350,0.017833333333333274,7964,0,False,False,False,False,False,False
MAST2,0.017833333333333264,7965,0,False,True,False,False,False,False
C14ORF28,0.017833333333333257,7966,0,False,False,False,False,False,False
STOML1,0.01779999999999995,7967,0,False,False,False,False,False,False
RFFL,0.017799999999999944,7968,0,False,True,False,False,False,False
MYL6,0.017799999999999937,7969,0,False,False,False,False,False,False
SMYD4,0.01779999999999993,7970,0,False,False,False,False,False,False
ARHGEF10L,0.017766666666666604,7971,0,False,True,False,False,False,False
HERC2,0.01773333333333329,7972,0,False,False,False,False,False,False
UMAD1,0.017733333333333268,7973,0,False,True,False,False,False,False
UXS1,0.017733333333333268,7973,0,False,False,False,False,False,False
TIPIN,0.017699999999999938,7975,0,False,False,False,False,False,False
C3ORF62,0.017699999999999938,7975,0,False,False,False,False,False,False
C1RL,0.017666666666666612,7977,0,False,False,False,False,False,False
SCRN1,0.01766666666666661,7978,0,False,True,False,False,False,False
ATP9A,0.01766666666666661,7978,0,False,True,False,False,False,False
ZNF70,0.017666666666666594,7980,0,False,False,False,False,False,False
EZH1,0.017633333333333258,7981,0,False,False,False,False,False,False
RAB13,0.017599999999999946,7982,0,False,False,False,False,False,False
PSAP,0.017599999999999942,7983,0,False,False,False,False,False,False
NACC2,0.017566666666666612,7984,0,False,False,False,False,False,False
BTG3,0.017566666666666612,7984,0,False,False,False,False,False,False
SUSD1,0.017566666666666602,7986,0,False,False,False,False,False,False
SH3D21,0.017566666666666602,7986,0,False,False,False,False,False,False
PELO,0.0175666666666666,7988,0,False,False,False,False,False,False
PACS2,0.0175666666666666,7988,0,False,False,False,False,False,False
TSPAN17,0.01753333333333328,7990,0,False,False,False,False,False,False
EXOSC6,0.017533333333333272,7991,0,False,False,False,False,False,False
CDC42BPB,0.017533333333333272,7991,0,False,False,False,False,False,False
PES1,0.01753333333333327,7993,0,False,False,False,False,False,False
ZNF805,0.017499999999999943,7994,0,False,False,False,False,False,False
MRPL14,0.01749999999999994,7995,0,False,False,False,False,False,False
GOLPH3,0.017499999999999936,7996,0,False,True,False,False,False,False
MARCHF9,0.017499999999999936,7996,0,False,False,False,False,False,False
GOT2,0.017499999999999932,7998,0,False,False,False,False,False,False
ACVR2B,0.017433333333333283,7999,0,False,True,False,False,False,False
ZNF649,0.017433333333333276,8000,0,False,False,False,False,False,False
C17ORF100,0.017433333333333266,8001,0,False,False,False,False,False,False
C12ORF29,0.017433333333333256,8002,0,False,False,False,False,False,False
ETFB,0.017399999999999954,8003,0,False,True,False,False,False,False
FBXL8,0.017399999999999947,8004,0,False,True,False,False,False,False
MYCBP2,0.01739999999999994,8005,0,False,False,False,False,False,False
RPL27A,0.01739999999999993,8006,0,False,False,False,False,False,False
NFATC3,0.01736666666666662,8007,0,False,True,False,False,False,False
RNF215,0.017366666666666614,8008,0,False,False,False,False,False,False
TOR3A,0.01736666666666661,8009,0,False,False,False,False,False,False
POGLUT1,0.017366666666666603,8010,0,False,False,False,False,False,False
NAA38,0.017366666666666596,8011,0,False,False,False,False,False,False
USP19,0.01733333333333327,8012,0,False,False,False,False,False,False
CEP89,0.017299999999999947,8013,0,False,False,False,False,False,False
SMC2,0.017299999999999944,8014,0,False,True,False,False,False,False
ZNF121,0.01729999999999994,8015,0,False,False,False,False,False,False
ZFX,0.01729999999999994,8015,0,False,False,False,False,False,False
DROSHA,0.017299999999999933,8017,0,False,False,False,False,False,False
HSD17B7,0.01726666666666661,8018,0,False,False,False,False,False,False
RRP7A,0.017266666666666607,8019,0,False,False,False,False,False,False
PRNP,0.017266666666666607,8019,0,False,False,False,False,False,False
DTX3,0.017266666666666604,8021,0,False,False,False,False,False,False
ARAP1,0.017266666666666593,8022,0,False,True,False,False,False,False
ZNF827,0.01723333333333328,8023,0,False,False,False,False,False,False
RIPK3,0.01723333333333328,8023,0,False,True,False,False,False,False
CEP162,0.017233333333333267,8025,0,False,False,False,False,False,False
XPO4,0.01719999999999994,8026,0,False,False,False,False,False,False
SP4,0.017199999999999934,8027,0,False,True,False,False,False,False
ZSWIM4,0.01719999999999993,8028,0,False,False,False,False,False,False
NLE1,0.017199999999999917,8029,0,False,False,False,False,False,False
PRCP,0.017166666666666615,8030,0,False,False,False,False,False,False
IKBKB,0.017166666666666604,8031,0,False,False,False,False,False,False
MTERF1,0.017133333333333278,8032,0,False,False,False,False,False,False
ZNF570,0.017133333333333275,8033,0,False,True,False,False,False,False
WNK1,0.01713333333333327,8034,0,False,False,False,False,False,False
SERTAD3,0.017099999999999945,8035,0,False,False,False,False,False,False
CERS2,0.01709999999999994,8036,0,False,False,False,False,False,False
LMO4,0.017099999999999938,8037,0,False,False,False,False,False,False
BTBD9,0.017066666666666615,8038,0,False,False,False,False,False,False
INTS6,0.017066666666666612,8039,0,False,False,False,False,False,False
KIAA0930,0.01706666666666661,8040,0,False,False,False,False,False,False
ZNF391,0.01703333333333328,8041,0,False,True,False,False,False,False
ZNF7,0.01703333333333328,8041,0,False,False,False,False,False,False
TMBIM1,0.016999999999999946,8043,0,False,False,False,False,False,False
RBM42,0.016999999999999946,8043,0,False,False,False,False,False,False
ZNF226,0.01699999999999994,8045,0,False,True,False,False,False,False
CCDC85C,0.016999999999999935,8046,0,False,False,False,False,False,False
FMNL1,0.016999999999999925,8047,0,False,False,False,False,False,False
SSBP4,0.01696666666666662,8048,0,False,False,False,False,False,False
ZSCAN21,0.016966666666666616,8049,0,False,True,False,False,False,False
ZNRF2,0.016966666666666613,8050,0,False,False,False,False,False,False
NUP37,0.016966666666666606,8051,0,False,False,False,False,False,False
SLC25A33,0.016966666666666606,8051,0,False,True,False,False,False,False
ARHGAP21,0.016966666666666606,8051,0,False,False,False,False,False,False
MAPKAPK3,0.016933333333333286,8054,0,False,True,False,False,False,False
KCNK6,0.016933333333333283,8055,0,False,True,False,False,False,False
HERPUD1,0.016933333333333283,8055,0,False,False,False,False,False,False
RPSA,0.01693333333333328,8057,0,False,False,False,False,False,False
USP49,0.016933333333333276,8058,0,False,True,False,False,False,False
EIF2S3,0.016933333333333276,8058,0,False,True,False,False,False,False
FAM234B,0.016933333333333276,8058,0,False,False,False,False,False,False
TRIM21,0.016933333333333276,8058,0,False,False,False,False,False,False
GON4L,0.01693333333333327,8062,0,False,False,False,False,False,False
CACYBP,0.01693333333333326,8063,0,False,True,False,False,False,False
TAF1D,0.01689999999999995,8064,0,False,False,False,False,False,False
ATXN7L2,0.016899999999999943,8065,0,False,False,False,False,False,False
IQSEC1,0.016899999999999936,8066,0,False,False,False,False,False,False
SLC66A3,0.01686666666666661,8067,0,False,True,False,False,False,False
LRP10,0.016866666666666606,8068,0,False,True,False,False,False,False
ATG2B,0.016866666666666603,8069,0,False,False,False,False,False,False
PRKACB,0.01683333333333328,8070,0,False,False,False,False,False,False
MTMR3,0.016833333333333277,8071,0,False,False,False,False,False,False
AKAP11,0.01683333333333327,8072,0,False,True,False,False,False,False
AGPAT5,0.016833333333333266,8073,0,False,False,False,False,False,False
LAMTOR2,0.016766666666666607,8074,0,False,True,False,False,False,False
TBX19,0.016766666666666607,8074,0,False,True,False,False,False,False
PTPRF,0.0167666666666666,8076,0,False,False,False,False,False,False
PPT1,0.016733333333333284,8077,0,False,False,False,False,False,False
BCL10,0.016733333333333274,8078,0,False,False,False,False,False,False
BTBD8,0.01669999999999995,8079,0,False,False,False,False,False,False
SLC29A1,0.016699999999999944,8080,0,False,True,False,False,False,False
CASP4,0.01669999999999993,8081,0,False,True,False,False,False,False
MRPS28,0.016666666666666618,8082,0,False,False,False,False,False,False
DDX10,0.01666666666666661,8083,0,False,False,False,False,False,False
DDHD1,0.016633333333333288,8084,0,False,False,False,False,False,False
CCDC66,0.016633333333333278,8085,0,False,False,False,False,False,False
DNAJC18,0.016633333333333274,8086,0,False,True,False,False,False,False
RIF1,0.01663333333333327,8087,0,False,False,False,False,False,False
LPIN1,0.016633333333333267,8088,0,False,True,False,False,False,False
ADCK1,0.016599999999999945,8089,0,False,False,False,False,False,False
MIS18BP1,0.01659999999999994,8090,0,False,False,False,False,False,False
DRAM2,0.016599999999999938,8091,0,False,False,False,False,False,False
ARL2,0.016566666666666622,8092,0,False,False,False,False,False,False
UHRF1BP1L,0.016566666666666605,8093,0,False,False,False,False,False,False
MINK1,0.016566666666666605,8093,0,False,False,False,False,False,False
FAM122A,0.01653333333333327,8095,0,False,False,False,False,False,False
NFIC,0.01653333333333327,8095,0,False,False,False,False,False,False
ALG9,0.01649999999999994,8097,0,False,False,False,False,False,False
RPL35A,0.01646666666666662,8098,0,False,False,False,False,False,False
METRNL,0.016466666666666616,8099,0,False,False,False,False,False,False
FKTN,0.01646666666666661,8100,0,False,True,False,False,False,False
SSH1,0.016466666666666605,8101,0,False,True,False,False,False,False
ZNF132,0.01643333333333328,8102,0,False,False,False,False,False,False
ATP6V0E1,0.016433333333333276,8103,0,False,False,False,False,False,False
ARMCX2,0.016433333333333276,8103,0,False,True,False,False,False,False
ZNF26,0.016433333333333272,8105,0,False,False,False,False,False,False
ZNF511,0.01643333333333327,8106,0,False,False,False,False,False,False
GLO1,0.01643333333333326,8107,0,False,False,False,False,False,False
ARSA,0.016433333333333255,8108,0,False,True,False,False,False,False
DHRS4L2,0.01639999999999996,8109,0,False,False,False,False,False,False
FKBP7,0.016399999999999956,8110,0,False,False,False,False,False,False
GNG5,0.01639999999999995,8111,0,False,False,False,False,False,False
GDPGP1,0.01639999999999994,8112,0,False,False,False,False,False,False
KHK,0.01639999999999994,8112,0,False,True,False,False,False,False
EPOR,0.016399999999999935,8114,0,False,False,False,False,False,False
RIDA,0.016399999999999932,8115,0,False,False,False,False,False,False
MAP7,0.016366666666666606,8116,0,False,False,False,False,False,False
HMGN1,0.016333333333333283,8117,0,False,True,False,False,False,False
NUP205,0.016299999999999953,8118,0,False,False,False,False,False,False
ZNF222,0.01629999999999995,8119,0,False,False,False,False,False,False
NUDT7,0.01629999999999994,8120,0,False,False,False,False,False,False
SLCO3A1,0.01629999999999994,8120,0,False,False,False,False,False,False
TNFRSF1A,0.01626666666666662,8122,0,False,False,False,False,False,False
DEXI,0.016266666666666617,8123,0,False,False,False,False,False,False
IDS,0.016266666666666606,8124,0,False,False,False,False,False,False
OSGEPL1,0.016266666666666603,8125,0,False,False,False,False,False,False
PANK1,0.016233333333333287,8126,0,False,True,False,False,False,False
C15ORF40,0.016233333333333284,8127,0,False,False,False,False,False,False
DESI2,0.016233333333333277,8128,0,False,False,False,False,False,False
HAUS6,0.016233333333333273,8129,0,False,True,False,False,False,False
ZNF182,0.01623333333333327,8130,0,False,False,False,False,False,False
NSUN2,0.01623333333333327,8130,0,False,True,False,False,False,False
IQCB1,0.016199999999999947,8132,0,False,False,False,False,False,False
TMEM256,0.016199999999999944,8133,0,False,True,False,False,False,False
PPOX,0.016199999999999944,8133,0,False,False,False,False,False,False
ZNF678,0.01619999999999994,8135,0,False,False,False,False,False,False
MARCHF2,0.01619999999999994,8135,0,False,False,False,False,False,False
ZNF784,0.016199999999999937,8137,0,False,False,False,False,False,False
HSD11B1L,0.016199999999999933,8138,0,False,False,False,False,False,False
STAM,0.01616666666666662,8139,0,False,False,False,False,False,False
ARMCX6,0.016166666666666607,8140,0,False,True,False,False,False,False
RPL37A,0.016166666666666607,8140,0,False,False,False,False,False,False
NDUFB11,0.016099999999999948,8142,0,False,False,False,False,False,False
FBXL18,0.016099999999999948,8142,0,False,False,False,False,False,False
MTREX,0.016099999999999944,8144,0,False,True,False,False,False,False
DDX17,0.016066666666666604,8145,0,False,True,False,False,False,False
CMSS1,0.016066666666666604,8145,0,False,True,False,False,False,False
RERE,0.0160666666666666,8147,0,False,False,False,False,False,False
SYNJ2BP,0.016033333333333285,8148,0,False,False,False,False,False,False
DTX3L,0.016033333333333285,8148,0,False,False,False,False,False,False
CTU1,0.016033333333333278,8150,0,False,False,False,False,False,False
LMAN2,0.016033333333333274,8151,0,False,False,False,False,False,False
C11ORF1,0.016033333333333274,8151,0,False,False,False,False,False,False
TESK2,0.016033333333333268,8153,0,False,True,False,False,False,False
EIF2D,0.01599999999999996,8154,0,False,False,False,False,False,False
THBS3,0.015999999999999945,8155,0,False,False,False,False,False,False
THAP9,0.015966666666666615,8156,0,False,False,False,False,False,False
UGGT2,0.015933333333333285,8157,0,False,False,False,False,False,False
ZNF670,0.015933333333333282,8158,0,False,False,False,False,False,False
PTBP2,0.015933333333333282,8158,0,False,False,False,False,False,False
ZNF276,0.015899999999999956,8160,0,False,False,False,False,False,False
ZNF316,0.015899999999999956,8160,0,False,False,False,False,False,False
KCNC3,0.015899999999999945,8162,0,False,False,False,False,False,False
SLC49A3,0.015899999999999945,8162,0,False,False,False,False,False,False
KLHDC8B,0.015866666666666605,8164,0,False,False,False,False,False,False
IFRD2,0.01583333333333328,8165,0,False,False,False,False,False,False
ZNF490,0.01583333333333327,8166,0,False,False,False,False,False,False
GUCD1,0.01579999999999996,8167,0,False,False,False,False,False,False
PPP5C,0.01579999999999995,8168,0,False,False,False,False,False,False
CORO2A,0.015799999999999946,8169,0,False,False,False,False,False,False
MBLAC2,0.015799999999999946,8169,0,False,False,False,False,False,False
FAM107B,0.015799999999999946,8169,0,False,False,False,False,False,False
KRAS,0.015799999999999946,8169,0,False,False,False,False,False,False
UBE2L6,0.015799999999999943,8173,0,False,False,False,False,False,False
EIF1AX,0.015799999999999936,8174,0,False,False,False,False,False,False
RRBP1,0.01579999999999993,8175,0,False,False,False,False,False,False
YEATS2,0.015766666666666616,8176,0,False,True,False,False,False,False
RCN1,0.015766666666666613,8177,0,False,False,False,False,False,False
RAD52,0.01576666666666661,8178,0,False,True,False,False,False,False
FAM76A,0.015766666666666596,8179,0,False,False,False,False,False,False
TRIM13,0.015733333333333287,8180,0,False,False,False,False,False,False
KIAA0895,0.015733333333333283,8181,0,False,True,False,False,False,False
ALDH9A1,0.015733333333333283,8181,0,False,False,False,False,False,False
ZNF425,0.01573333333333327,8183,0,False,False,False,False,False,False
GPATCH2L,0.015699999999999954,8184,0,False,False,False,False,False,False
SLC1A5,0.015699999999999947,8185,0,False,False,False,False,False,False
AHDC1,0.015699999999999943,8186,0,False,False,False,False,False,False
EIF5A,0.015666666666666614,8187,0,False,True,False,False,False,False
SVIP,0.01566666666666661,8188,0,False,False,False,False,False,False
APOL6,0.015666666666666607,8189,0,False,True,False,False,False,False
NEURL4,0.015633333333333277,8190,0,False,False,False,False,False,False
ERMP1,0.015633333333333277,8190,0,False,False,False,False,False,False
TNRC6A,0.015633333333333277,8190,0,False,False,False,False,False,False
RBM3,0.015599999999999954,8193,0,False,False,False,False,False,False
ROM1,0.015599999999999946,8194,0,False,False,False,False,False,False
PLS1,0.015599999999999946,8194,0,False,True,False,False,False,False
FRS3,0.015599999999999946,8194,0,False,False,False,False,False,False
ZFYVE28,0.01559999999999994,8197,0,False,True,False,False,False,False
PTS,0.01559999999999994,8197,0,False,True,False,False,False,False
TLR5,0.015566666666666623,8199,0,False,False,False,False,False,False
TCOF1,0.015566666666666623,8199,0,False,False,False,False,False,False
NOD2,0.015566666666666616,8201,0,False,True,False,False,False,False
SLC2A11,0.015566666666666612,8202,0,False,False,False,False,False,False
SGF29,0.015566666666666612,8202,0,False,False,False,False,False,False
HSD17B10,0.015533333333333293,8204,0,False,False,False,False,False,False
HDAC11,0.01553333333333329,8205,0,False,False,False,False,False,False
ZSCAN12,0.015533333333333281,8206,0,False,False,False,False,False,False
TUBGCP6,0.015533333333333274,8207,0,False,False,False,False,False,False
GRINA,0.015499999999999953,8208,0,False,False,False,False,False,False
SNRPG,0.015499999999999948,8209,0,False,False,False,False,False,False
STARD3NL,0.015499999999999944,8210,0,False,False,False,False,False,False
SLC25A51,0.015499999999999943,8211,0,False,False,False,False,False,False
LRP5,0.015499999999999943,8211,0,False,False,False,False,False,False
HIC2,0.015466666666666623,8213,0,False,False,False,False,False,False
CLIC1,0.015466666666666622,8214,0,False,False,False,False,False,False
CYTH3,0.015466666666666622,8214,0,False,False,False,False,False,False
TOM1L1,0.0154666666666666,8216,0,False,False,False,False,False,False
TMEM65,0.015433333333333283,8217,0,False,False,False,False,False,False
PHLPP2,0.015399999999999955,8218,0,False,True,False,False,False,False
HPF1,0.015399999999999947,8219,0,False,False,False,False,False,False
TMEM106B,0.015399999999999943,8220,0,False,False,False,False,False,False
ARL6IP1,0.015366666666666624,8221,0,False,False,False,False,False,False
KATNIP,0.015366666666666617,8222,0,False,False,False,False,False,False
GABPB2,0.015366666666666617,8222,0,False,False,False,False,False,False
LAMP1,0.015366666666666614,8224,0,False,False,False,False,False,False
EEF1E1,0.015366666666666603,8225,0,False,False,False,False,False,False
EIF4B,0.01533333333333329,8226,0,False,False,False,False,False,False
TBL3,0.01533333333333329,8226,0,False,False,False,False,False,False
ZNF675,0.015299999999999953,8228,0,False,False,False,False,False,False
INPP5B,0.015299999999999946,8229,0,False,False,False,False,False,False
RIT1,0.015299999999999937,8230,0,False,True,False,False,False,False
BRI3,0.015266666666666635,8231,0,False,True,False,False,False,False
HNRNPH3,0.015266666666666623,8232,0,False,False,False,False,False,False
PHETA2,0.015266666666666616,8233,0,False,False,False,False,False,False
ERI2,0.015266666666666614,8234,0,False,False,False,False,False,False
UAP1L1,0.015266666666666614,8234,0,False,True,False,False,False,False
YES1,0.01526666666666661,8236,0,False,False,False,False,False,False
TMEM14C,0.01523333333333329,8237,0,False,False,False,False,False,False
TBL1XR1,0.015233333333333286,8238,0,False,False,False,False,False,False
PWWP2B,0.015233333333333286,8238,0,False,False,False,False,False,False
DOP1A,0.015233333333333278,8240,0,False,False,False,False,False,False
ZNF600,0.015233333333333269,8241,0,False,False,False,False,False,False
EIF3L,0.015199999999999964,8242,0,False,False,False,False,False,False
TTLL11,0.015199999999999955,8243,0,False,False,False,False,False,False
C5ORF22,0.015199999999999951,8244,0,False,False,False,False,False,False
KAT6B,0.01519999999999994,8245,0,False,False,False,False,False,False
ACTN4,0.015166666666666622,8246,0,False,True,False,False,False,False
GSTO1,0.015166666666666618,8247,0,False,False,False,False,False,False
MRPS6,0.015166666666666618,8247,0,False,False,False,False,False,False
CYB5R2,0.015166666666666618,8247,0,False,False,False,False,False,False
LARGE1,0.015166666666666617,8250,0,False,False,False,False,False,False
DHX29,0.015166666666666617,8250,0,False,False,False,False,False,False
MFN2,0.015166666666666617,8250,0,False,False,False,False,False,False
TIGD5,0.015133333333333275,8253,0,False,False,False,False,False,False
ZNF461,0.015099999999999954,8254,0,False,True,False,False,False,False
ABHD3,0.015099999999999954,8254,0,False,False,False,False,False,False
STOML2,0.01506666666666662,8256,0,False,False,False,False,False,False
CIR1,0.01506666666666662,8256,0,False,False,False,False,False,False
SLC25A15,0.01506666666666662,8256,0,False,False,False,False,False,False
YWHAG,0.015066666666666617,8259,0,False,False,False,False,False,False
ATP5MC1,0.015033333333333294,8260,0,False,False,False,False,False,False
VPS29,0.015033333333333287,8261,0,False,False,False,False,False,False
TRIM69,0.015033333333333267,8262,0,False,False,False,False,False,False
SLC25A4,0.01499999999999995,8263,0,False,False,False,False,False,False
IPPK,0.01499999999999995,8263,0,False,False,False,False,False,False
ZNF568,0.014999999999999944,8265,0,False,False,False,False,False,False
ZNF16,0.014966666666666626,8266,0,False,False,False,False,False,False
ACSF2,0.01496666666666662,8267,0,False,False,False,False,False,False
ZNF786,0.014966666666666607,8268,0,False,False,False,False,False,False
RIOK1,0.014933333333333288,8269,0,False,False,False,False,False,False
SUN2,0.014933333333333281,8270,0,False,False,False,False,False,False
CXORF38,0.014933333333333278,8271,0,False,True,False,False,False,False
ZNF585A,0.01489999999999996,8272,0,False,False,False,False,False,False
FOXK1,0.014899999999999958,8273,0,False,False,False,False,False,False
PRKAB2,0.014899999999999951,8274,0,False,True,False,False,False,False
TMEM181,0.014899999999999948,8275,0,False,True,False,False,False,False
PRDM4,0.014899999999999948,8275,0,False,False,False,False,False,False
TEFM,0.01486666666666663,8277,0,False,False,False,False,False,False
ACD,0.014866666666666622,8278,0,False,False,False,False,False,False
RBM5,0.014866666666666622,8278,0,False,False,False,False,False,False
KIF3A,0.014866666666666618,8280,0,False,False,False,False,False,False
ZNF674,0.014833333333333299,8281,0,False,False,False,False,False,False
RABGAP1L,0.014833333333333287,8282,0,False,True,False,False,False,False
VAMP8,0.014799999999999957,8283,0,False,False,False,False,False,False
XRCC4,0.014799999999999954,8284,0,False,False,False,False,False,False
SEMA6C,0.014766666666666633,8285,0,False,False,False,False,False,False
FBXO44,0.014766666666666619,8286,0,False,True,False,False,False,False
ANKLE2,0.014766666666666619,8286,0,False,False,False,False,False,False
DIMT1,0.014766666666666619,8286,0,False,False,False,False,False,False
TP53I11,0.014766666666666615,8289,0,False,False,False,False,False,False
TENT4A,0.014766666666666615,8289,0,False,False,False,False,False,False
MAPKBP1,0.014733333333333294,8291,0,False,False,False,False,False,False
BIVM,0.01473333333333329,8292,0,False,False,False,False,False,False
THOC7,0.01473333333333329,8292,0,False,True,False,False,False,False
SETD1B,0.014733333333333286,8294,0,False,False,False,False,False,False
GSE1,0.014733333333333282,8295,0,False,False,False,False,False,False
UBC,0.014699999999999956,8296,0,False,False,False,False,False,False
MRPL41,0.014699999999999956,8296,0,False,False,False,False,False,False
ZFP28,0.01466666666666663,8298,0,False,False,False,False,False,False
SRP9,0.014666666666666614,8299,0,False,False,False,False,False,False
ZNF75A,0.014666666666666614,8299,0,False,False,False,False,False,False
POLR3B,0.014666666666666606,8301,0,False,False,False,False,False,False
FAU,0.014633333333333297,8302,0,False,False,False,False,False,False
MKLN1,0.014633333333333288,8303,0,False,False,False,False,False,False
NOLC1,0.01463333333333328,8304,0,False,True,False,False,False,False
SLC35G1,0.01463333333333328,8304,0,False,True,False,False,False,False
BAZ2A,0.01463333333333328,8304,0,False,False,False,False,False,False
ZNF441,0.014599999999999964,8307,0,False,True,False,False,False,False
LSM3,0.014599999999999952,8308,0,False,False,False,False,False,False
PPFIBP2,0.014566666666666617,8309,0,False,False,False,False,False,False
CDK2,0.014566666666666617,8309,0,False,False,False,False,False,False
HSPA1L,0.014566666666666617,8309,0,False,False,False,False,False,False
LIN7C,0.014566666666666613,8312,0,False,False,False,False,False,False
ETFBKMT,0.014533333333333296,8313,0,False,True,False,False,False,False
TRAF7,0.014533333333333287,8314,0,False,False,False,False,False,False
KLF11,0.014533333333333287,8314,0,False,False,False,False,False,False
TCAF1,0.014533333333333284,8316,0,False,False,False,False,False,False
DNAL1,0.014533333333333284,8316,0,False,False,False,False,False,False
LSM11,0.014499999999999966,8318,0,False,True,False,False,False,False
RAB27A,0.01449999999999996,8319,0,False,False,False,False,False,False
OBSL1,0.014499999999999949,8320,0,False,False,False,False,False,False
RPL6,0.014466666666666623,8321,0,False,False,False,False,False,False
RPL3,0.014466666666666623,8321,0,False,False,False,False,False,False
SREBF2,0.014466666666666616,8323,0,False,False,False,False,False,False
TTC7A,0.014466666666666616,8323,0,False,True,False,False,False,False
TMEM161B,0.014433333333333295,8325,0,False,False,False,False,False,False
ZNF653,0.014433333333333293,8326,0,False,True,False,False,False,False
GALNS,0.014433333333333286,8327,0,False,False,False,False,False,False
POGZ,0.014433333333333286,8327,0,False,False,False,False,False,False
ZNF268,0.014433333333333282,8329,0,False,True,False,False,False,False
C1ORF109,0.014433333333333282,8329,0,False,False,False,False,False,False
PIGL,0.014399999999999956,8331,0,False,True,False,False,False,False
SLC25A20,0.014399999999999951,8332,0,False,False,False,False,False,False
APEX1,0.01436666666666663,8333,0,False,False,False,False,False,False
VAV2,0.014366666666666627,8334,0,False,False,False,False,False,False
MKNK2,0.014366666666666623,8335,0,False,False,False,False,False,False
ZSWIM6,0.014366666666666618,8336,0,False,False,False,False,False,False
CHMP7,0.014366666666666618,8336,0,False,False,False,False,False,False
MRPS34,0.014366666666666618,8336,0,False,True,False,False,False,False
FAM217B,0.014366666666666606,8339,0,False,False,False,False,False,False
SP110,0.014333333333333292,8340,0,False,False,False,False,False,False
RAI1,0.014333333333333288,8341,0,False,False,False,False,False,False
CASK,0.014333333333333283,8342,0,False,False,False,False,False,False
IFT88,0.014333333333333274,8343,0,False,False,False,False,False,False
ZBTB40,0.01429999999999995,8344,0,False,False,False,False,False,False
RPL12,0.014266666666666629,8345,0,False,False,False,False,False,False
SNAPC1,0.014266666666666625,8346,0,False,False,False,False,False,False
PIP4P2,0.014266666666666625,8346,0,False,False,False,False,False,False
ZNF543,0.01426666666666662,8348,0,False,True,False,False,False,False
CBX4,0.014266666666666615,8349,0,False,False,False,False,False,False
HGSNAT,0.014233333333333296,8350,0,False,False,False,False,False,False
FBXL2,0.014233333333333296,8350,0,False,True,False,False,False,False
UBAP1,0.014233333333333285,8352,0,False,False,False,False,False,False
RCC2,0.014233333333333285,8352,0,False,False,False,False,False,False
HSPBAP1,0.014199999999999957,8354,0,False,False,False,False,False,False
SFXN3,0.014199999999999957,8354,0,False,False,False,False,False,False
LYAR,0.014199999999999952,8356,0,False,False,False,False,False,False
TAF15,0.014166666666666626,8357,0,False,False,False,False,False,False
ZNF585B,0.014166666666666623,8358,0,False,False,False,False,False,False
ACOT8,0.014166666666666619,8359,0,False,False,False,False,False,False
CYB5D2,0.014133333333333298,8360,0,False,False,False,False,False,False
PI4KB,0.014133333333333296,8361,0,False,False,False,False,False,False
CDKN2AIP,0.014133333333333293,8362,0,False,False,False,False,False,False
POLD4,0.014099999999999967,8363,0,False,False,False,False,False,False
PEF1,0.014099999999999956,8364,0,False,False,False,False,False,False
ZNF451,0.014099999999999956,8364,0,False,True,False,False,False,False
TMEM44,0.014099999999999948,8366,0,False,True,False,False,False,False
HNRNPH1,0.014099999999999946,8367,0,False,False,False,False,False,False
MRPL42,0.014099999999999946,8367,0,False,True,False,False,False,False
THOP1,0.014066666666666627,8369,0,False,True,False,False,False,False
YPEL1,0.014066666666666621,8370,0,False,True,False,False,False,False
ZDHHC16,0.014066666666666621,8370,0,False,False,False,False,False,False
C19ORF54,0.014066666666666621,8370,0,False,False,False,False,False,False
TRAF3IP2,0.0140333333333333,8373,0,False,False,False,False,False,False
ZNF473,0.0140333333333333,8373,0,False,False,False,False,False,False
MAML3,0.014033333333333297,8375,0,False,False,False,False,False,False
TBCK,0.014033333333333295,8376,0,False,False,False,False,False,False
COA7,0.014033333333333288,8377,0,False,False,False,False,False,False
APBB3,0.014033333333333288,8377,0,False,True,False,False,False,False
SLC6A9,0.014033333333333287,8379,0,False,True,False,False,False,False
ATP11B,0.014033333333333283,8380,0,False,True,False,False,False,False
SMURF2,0.014033333333333283,8380,0,False,False,False,False,False,False
B3GNT9,0.013999999999999966,8382,0,False,False,False,False,False,False
PCGF2,0.013999999999999966,8382,0,False,False,False,False,False,False
PIAS3,0.013999999999999947,8384,0,False,False,False,False,False,False
ZNF3,0.013999999999999941,8385,0,False,False,False,False,False,False
SHLD1,0.013966666666666629,8386,0,False,False,False,False,False,False
FNBP1,0.013966666666666627,8387,0,False,True,False,False,False,False
APOBEC3F,0.013966666666666624,8388,0,False,True,False,False,False,False
RPL31,0.013966666666666624,8388,0,False,True,False,False,False,False
CDC26,0.013966666666666617,8390,0,False,True,False,False,False,False
ACTR2,0.013966666666666617,8390,0,False,False,False,False,False,False
PRAF2,0.013933333333333298,8392,0,False,False,False,False,False,False
KBTBD3,0.013933333333333294,8393,0,False,False,False,False,False,False
TMEM147,0.013933333333333294,8393,0,False,True,False,False,False,False
FAM160A1,0.013899999999999964,8395,0,False,False,False,False,False,False
MLKL,0.013899999999999956,8396,0,False,False,False,False,False,False
FBL,0.013899999999999952,8397,0,False,False,False,False,False,False
YAP1,0.013899999999999952,8397,0,False,False,False,False,False,False
APC,0.013833333333333296,8399,0,False,False,False,False,False,False
DYRK1B,0.013833333333333293,8400,0,False,True,False,False,False,False
TANGO2,0.013833333333333293,8400,0,False,False,False,False,False,False
RNF19B,0.013833333333333288,8402,0,False,True,False,False,False,False
SLC25A36,0.013799999999999967,8403,0,False,False,False,False,False,False
RPS24,0.01379999999999996,8404,0,False,False,False,False,False,False
LRP6,0.01379999999999996,8404,0,False,False,False,False,False,False
GTF2IRD2B,0.013766666666666628,8406,0,False,False,False,False,False,False
DEGS1,0.013733333333333307,8407,0,False,False,False,False,False,False
RASAL2,0.013733333333333292,8408,0,False,False,False,False,False,False
BBX,0.013733333333333292,8408,0,False,False,False,False,False,False
NOD1,0.013733333333333292,8408,0,False,False,False,False,False,False
IFT22,0.013733333333333292,8408,0,False,False,False,False,False,False
PDK2,0.013733333333333292,8408,0,False,False,False,False,False,False
BTBD3,0.01373333333333329,8413,0,False,False,False,False,False,False
SLC66A2,0.013733333333333287,8414,0,False,False,False,False,False,False
CLK4,0.013699999999999966,8415,0,False,False,False,False,False,False
RBM15,0.013699999999999962,8416,0,False,False,False,False,False,False
ZNF180,0.01369999999999996,8417,0,False,False,False,False,False,False
KLC1,0.01369999999999996,8417,0,False,False,False,False,False,False
PGAM1,0.013699999999999957,8419,0,False,False,False,False,False,False
WWC1,0.013699999999999957,8419,0,False,True,False,False,False,False
RPL4,0.013699999999999948,8421,0,False,False,False,False,False,False
PAK1IP1,0.01366666666666662,8422,0,False,False,False,False,False,False
CD47,0.013633333333333301,8423,0,False,False,False,False,False,False
ATXN1,0.013633333333333294,8424,0,False,True,False,False,False,False
EID2B,0.013633333333333294,8424,0,False,False,False,False,False,False
SHROOM1,0.01363333333333329,8426,0,False,False,False,False,False,False
PLBD2,0.01363333333333329,8426,0,False,False,False,False,False,False
GSTM4,0.013633333333333289,8428,0,False,False,False,False,False,False
ZNF789,0.013599999999999968,8429,0,False,False,False,False,False,False
SH3PXD2A,0.013599999999999965,8430,0,False,False,False,False,False,False
CCDC121,0.013599999999999965,8430,0,False,False,False,False,False,False
SDR39U1,0.013599999999999961,8432,0,False,False,False,False,False,False
ERG28,0.01359999999999996,8433,0,False,False,False,False,False,False
PIGZ,0.013599999999999956,8434,0,False,True,False,False,False,False
KRT10,0.01356666666666663,8435,0,False,True,False,False,False,False
MBP,0.01356666666666663,8435,0,False,False,False,False,False,False
ZNF232,0.013566666666666626,8437,0,False,False,False,False,False,False
RPL21,0.013533333333333297,8438,0,False,False,False,False,False,False
SIPA1L3,0.013533333333333297,8438,0,False,False,False,False,False,False
SHLD2,0.013533333333333293,8440,0,False,False,False,False,False,False
NSMF,0.013533333333333293,8440,0,False,True,False,False,False,False
FOXN3,0.013533333333333291,8442,0,False,False,False,False,False,False
STXBP4,0.013533333333333288,8443,0,False,False,False,False,False,False
SLC10A7,0.013499999999999963,8444,0,False,False,False,False,False,False
C1ORF122,0.013499999999999958,8445,0,False,False,False,False,False,False
TBPL1,0.013499999999999958,8445,0,False,False,False,False,False,False
PNMA1,0.013499999999999955,8447,0,False,True,False,False,False,False
DENND2D,0.013466666666666632,8448,0,False,False,False,False,False,False
RNFT1,0.013466666666666625,8449,0,False,False,False,False,False,False
MYO18A,0.013466666666666625,8449,0,False,True,False,False,False,False
SEMA4D,0.013433333333333295,8451,0,False,False,False,False,False,False
RPL10,0.013433333333333292,8452,0,False,False,False,False,False,False
ZNF836,0.01343333333333329,8453,0,False,False,False,False,False,False
HDAC4,0.013433333333333287,8454,0,False,False,False,False,False,False
AKAP17A,0.01339999999999997,8455,0,False,False,False,False,False,False
RUBCN,0.01339999999999997,8455,0,False,False,False,False,False,False
EIF1B,0.013399999999999966,8457,0,False,True,False,False,False,False
TEP1,0.01339999999999996,8458,0,False,False,False,False,False,False
XPC,0.01339999999999996,8458,0,False,False,False,False,False,False
HDAC1,0.01339999999999996,8458,0,False,False,False,False,False,False
HEATR3,0.013399999999999954,8461,0,False,False,False,False,False,False
ATXN7L1,0.013399999999999954,8461,0,False,False,False,False,False,False
RABGGTB,0.013399999999999954,8461,0,False,False,False,False,False,False
MCMBP,0.013399999999999952,8464,0,False,True,False,False,False,False
ZNF528,0.013366666666666633,8465,0,False,False,False,False,False,False
UPF3B,0.013366666666666631,8466,0,False,False,False,False,False,False
ZNF443,0.013366666666666627,8467,0,False,False,False,False,False,False
IRF2BP2,0.013366666666666624,8468,0,False,True,False,False,False,False
ITGB1BP1,0.013366666666666622,8469,0,False,False,False,False,False,False
RAB20,0.013366666666666622,8469,0,False,False,False,False,False,False
HCFC2,0.013333333333333303,8471,0,False,False,False,False,False,False
TM7SF3,0.0133333333333333,8472,0,False,False,False,False,False,False
COX7B,0.013333333333333294,8473,0,False,False,False,False,False,False
RBM28,0.013333333333333293,8474,0,False,True,False,False,False,False
TMEM17,0.013333333333333293,8474,0,False,False,False,False,False,False
STK38L,0.013333333333333293,8474,0,False,False,False,False,False,False
FBXO10,0.013333333333333293,8474,0,False,False,False,False,False,False
ACIN1,0.013333333333333289,8478,0,False,False,False,False,False,False
DDX3X,0.013299999999999966,8479,0,False,True,False,False,False,False
GCC2,0.01329999999999996,8480,0,False,False,False,False,False,False
RPP25L,0.01329999999999996,8480,0,False,True,False,False,False,False
ZMYM1,0.01329999999999996,8480,0,False,False,False,False,False,False
KLHL9,0.013299999999999956,8483,0,False,False,False,False,False,False
WDR61,0.013266666666666637,8484,0,False,False,False,False,False,False
ARMT1,0.013266666666666628,8485,0,False,False,False,False,False,False
TRMT10A,0.013266666666666628,8485,0,False,False,False,False,False,False
VANGL1,0.013266666666666626,8487,0,False,False,False,False,False,False
WIPI1,0.013266666666666623,8488,0,False,False,False,False,False,False
DICER1,0.013266666666666623,8488,0,False,False,False,False,False,False
SNX8,0.013266666666666616,8490,0,False,False,False,False,False,False
TUBGCP4,0.013233333333333298,8491,0,False,False,False,False,False,False
ZNF436,0.013233333333333293,8492,0,False,False,False,False,False,False
SLC7A6,0.013233333333333293,8492,0,False,False,False,False,False,False
CUTA,0.013233333333333293,8492,0,False,False,False,False,False,False
RPL34,0.013233333333333293,8492,0,False,False,False,False,False,False
PPP1R9B,0.013199999999999963,8496,0,False,False,False,False,False,False
NDUFAF6,0.013166666666666632,8497,0,False,False,False,False,False,False
PARP10,0.013166666666666632,8497,0,False,False,False,False,False,False
NBPF1,0.013166666666666632,8497,0,False,False,False,False,False,False
RALB,0.013166666666666629,8500,0,False,False,False,False,False,False
TMEM109,0.013166666666666625,8501,0,False,False,False,False,False,False
APOO,0.013166666666666625,8501,0,False,False,False,False,False,False
RAB14,0.013133333333333302,8503,0,False,False,False,False,False,False
TCFL5,0.0131333333333333,8504,0,False,False,False,False,False,False
DOK1,0.013133333333333297,8505,0,False,False,False,False,False,False
SHARPIN,0.013133333333333296,8506,0,False,False,False,False,False,False
PSMB5,0.013099999999999975,8507,0,False,False,False,False,False,False
LRRC37B,0.01309999999999997,8508,0,False,True,False,False,False,False
ACADVL,0.01306666666666664,8509,0,False,False,False,False,False,False
VPS28,0.01306666666666663,8510,0,False,False,False,False,False,False
PIP5K1A,0.013066666666666628,8511,0,False,False,False,False,False,False
MED9,0.013066666666666624,8512,0,False,False,False,False,False,False
SESN2,0.013066666666666619,8513,0,False,False,False,False,False,False
C12ORF43,0.013033333333333303,8514,0,False,False,False,False,False,False
ZNF615,0.013033333333333303,8514,0,False,False,False,False,False,False
GTDC1,0.012999999999999972,8516,0,False,False,False,False,False,False
ABHD8,0.01299999999999997,8517,0,False,True,False,False,False,False
ZFP62,0.012999999999999966,8518,0,False,False,False,False,False,False
WDSUB1,0.012999999999999965,8519,0,False,True,False,False,False,False
DVL1,0.012966666666666635,8520,0,False,False,False,False,False,False
UBE2D1,0.01296666666666663,8521,0,False,False,False,False,False,False
ESRRA,0.01296666666666663,8521,0,False,True,False,False,False,False
ITPKB,0.012966666666666626,8523,0,False,False,False,False,False,False
PPM1B,0.012966666666666625,8524,0,False,False,False,False,False,False
PSMB8,0.012966666666666623,8525,0,False,False,False,False,False,False
RETSAT,0.0129333333333333,8526,0,False,False,False,False,False,False
CARF,0.012933333333333298,8527,0,False,False,False,False,False,False
RBBP5,0.012933333333333292,8528,0,False,True,False,False,False,False
MAP3K10,0.012899999999999974,8529,0,False,True,False,False,False,False
IVNS1ABP,0.01289999999999997,8530,0,False,False,False,False,False,False
LSM14A,0.012899999999999967,8531,0,False,False,False,False,False,False
NR1H2,0.01289999999999996,8532,0,False,True,False,False,False,False
IL4R,0.012866666666666634,8533,0,False,False,False,False,False,False
ATP9B,0.012866666666666634,8533,0,False,False,False,False,False,False
SEC61A1,0.01286666666666663,8535,0,False,False,False,False,False,False
ZFP64,0.01286666666666663,8535,0,False,False,False,False,False,False
ADIPOR2,0.012866666666666629,8537,0,False,True,False,False,False,False
CHD1,0.012866666666666627,8538,0,False,True,False,False,False,False
PEPD,0.012866666666666625,8539,0,False,False,False,False,False,False
GNAS,0.01286666666666662,8540,0,False,False,False,False,False,False
GAR1,0.012866666666666617,8541,0,False,False,False,False,False,False
DUSP16,0.0128333333333333,8542,0,False,False,False,False,False,False
TOP1MT,0.012833333333333297,8543,0,False,False,False,False,False,False
ASB3,0.012833333333333287,8544,0,False,True,False,False,False,False
ZNF71,0.012799999999999966,8545,0,False,False,False,False,False,False
CPSF1,0.012799999999999966,8545,0,False,False,False,False,False,False
KMT2B,0.01279999999999996,8547,0,False,False,False,False,False,False
FBXO30,0.012766666666666633,8548,0,False,False,False,False,False,False
SNED1,0.012766666666666633,8548,0,False,False,False,False,False,False
RAB10,0.012766666666666631,8550,0,False,True,False,False,False,False
SVIL,0.01276666666666663,8551,0,False,False,False,False,False,False
STK36,0.012766666666666628,8552,0,False,False,False,False,False,False
ANKRD52,0.012766666666666628,8552,0,False,False,False,False,False,False
TAPBP,0.012766666666666628,8552,0,False,False,False,False,False,False
TPMT,0.012766666666666626,8555,0,False,False,False,False,False,False
ANO10,0.0127333333333333,8556,0,False,False,False,False,False,False
UQCRC1,0.012733333333333294,8557,0,False,False,False,False,False,False
WBP1L,0.012733333333333291,8558,0,False,False,False,False,False,False
ANKRD10,0.01269999999999996,8559,0,False,False,False,False,False,False
EEF1A1,0.012666666666666635,8560,0,False,False,False,False,False,False
OST4,0.012666666666666635,8560,0,False,False,False,False,False,False
TFEB,0.012666666666666633,8562,0,False,False,False,False,False,False
PTGES3,0.012666666666666632,8563,0,False,False,False,False,False,False
ATG7,0.012666666666666632,8563,0,False,False,False,False,False,False
MAVS,0.01266666666666663,8565,0,False,True,False,False,False,False
ACP2,0.012633333333333302,8566,0,False,True,False,False,False,False
RPS13,0.012633333333333299,8567,0,False,False,False,False,False,False
GPR137B,0.012633333333333297,8568,0,False,False,False,False,False,False
PHF2,0.012633333333333297,8568,0,False,False,False,False,False,False
KBTBD7,0.012633333333333293,8570,0,False,True,False,False,False,False
ZNF74,0.012599999999999969,8571,0,False,False,False,False,False,False
SIMC1,0.012599999999999967,8572,0,False,False,False,False,False,False
SRSF6,0.012599999999999962,8573,0,False,False,False,False,False,False
DTD2,0.01259999999999996,8574,0,False,False,False,False,False,False
ARMC6,0.012599999999999955,8575,0,False,True,False,False,False,False
CNOT8,0.012566666666666637,8576,0,False,True,False,False,False,False
CARD19,0.012566666666666636,8577,0,False,False,False,False,False,False
ZNF609,0.01256666666666663,8578,0,False,False,False,False,False,False
ALDH16A1,0.01256666666666663,8578,0,False,True,False,False,False,False
WDR35,0.012566666666666629,8580,0,False,False,False,False,False,False
TRIM35,0.012566666666666627,8581,0,False,True,False,False,False,False
CASP10,0.012566666666666622,8582,0,False,False,False,False,False,False
PGRMC1,0.012566666666666618,8583,0,False,False,False,False,False,False
MRPS33,0.012533333333333304,8584,0,False,False,False,False,False,False
ZNF571,0.0125333333333333,8585,0,False,False,False,False,False,False
TRAPPC4,0.0125333333333333,8585,0,False,False,False,False,False,False
CMTR2,0.012533333333333296,8587,0,False,True,False,False,False,False
USP43,0.012499999999999968,8588,0,False,False,False,False,False,False
SUCLG2,0.012499999999999966,8589,0,False,False,False,False,False,False
PHC2,0.012499999999999963,8590,0,False,False,False,False,False,False
PEX7,0.012466666666666633,8591,0,False,True,False,False,False,False
SLC25A38,0.012466666666666631,8592,0,False,False,False,False,False,False
NIT2,0.01246666666666663,8593,0,False,True,False,False,False,False
PATZ1,0.012466666666666628,8594,0,False,True,False,False,False,False
PAQR7,0.01246666666666662,8595,0,False,False,False,False,False,False
RPL7,0.012433333333333303,8596,0,False,False,False,False,False,False
MAST3,0.012433333333333301,8597,0,False,False,False,False,False,False
FASTKD5,0.012433333333333295,8598,0,False,False,False,False,False,False
MALT1,0.012433333333333291,8599,0,False,False,False,False,False,False
NFKB1,0.012399999999999972,8600,0,False,False,False,False,False,False
PPARD,0.012399999999999967,8601,0,False,False,False,False,False,False
ZNF619,0.01239999999999996,8602,0,False,False,False,False,False,False
DDX39A,0.012366666666666632,8603,0,False,False,False,False,False,False
MPG,0.012366666666666632,8603,0,False,False,False,False,False,False
EEF1B2,0.012366666666666632,8603,0,False,False,False,False,False,False
CEP57L1,0.01236666666666663,8606,0,False,True,False,False,False,False
EXTL2,0.012366666666666628,8607,0,False,False,False,False,False,False
TEAD2,0.012366666666666623,8608,0,False,True,False,False,False,False
RPAP2,0.0123333333333333,8609,0,False,False,False,False,False,False
GLB1L,0.012333333333333297,8610,0,False,False,False,False,False,False
SLC39A6,0.012333333333333292,8611,0,False,False,False,False,False,False
COG2,0.012299999999999965,8612,0,False,False,False,False,False,False
NAAA,0.012299999999999962,8613,0,False,False,False,False,False,False
PPT2,0.012299999999999957,8614,0,False,False,False,False,False,False
ITPRIPL2,0.012266666666666634,8615,0,False,False,False,False,False,False
FAM114A1,0.012266666666666632,8616,0,False,True,False,False,False,False
PLAGL2,0.01226666666666663,8617,0,False,False,False,False,False,False
NXT1,0.01226666666666663,8617,0,False,True,False,False,False,False
FASTKD3,0.01226666666666663,8617,0,False,True,False,False,False,False
METTL25,0.012266666666666624,8620,0,False,False,False,False,False,False
CDK17,0.012233333333333308,8621,0,False,True,False,False,False,False
AEN,0.012233333333333301,8622,0,False,False,False,False,False,False
POMGNT2,0.0122333333333333,8623,0,False,False,False,False,False,False
SNN,0.0122333333333333,8623,0,False,False,False,False,False,False
PVR,0.012233333333333294,8625,0,False,True,False,False,False,False
FGFRL1,0.012233333333333294,8625,0,False,True,False,False,False,False
CENPB,0.012199999999999971,8627,0,False,True,False,False,False,False
FAM76B,0.012199999999999963,8628,0,False,False,False,False,False,False
VKORC1,0.012166666666666638,8629,0,False,False,False,False,False,False
ZRSR2,0.012166666666666635,8630,0,False,False,False,False,False,False
SERPINB6,0.01216666666666663,8631,0,False,False,False,False,False,False
RGS19,0.012133333333333305,8632,0,False,True,False,False,False,False
SEPSECS,0.012133333333333303,8633,0,False,False,False,False,False,False
ME3,0.012133333333333298,8634,0,False,False,False,False,False,False
SETD4,0.012133333333333298,8634,0,False,True,False,False,False,False
THAP8,0.012133333333333296,8636,0,False,False,False,False,False,False
ATXN1L,0.012133333333333295,8637,0,False,False,False,False,False,False
TSEN2,0.012099999999999974,8638,0,False,False,False,False,False,False
IL17RA,0.012099999999999961,8639,0,False,False,False,False,False,False
PDP2,0.01209999999999996,8640,0,False,True,False,False,False,False
ZNF701,0.012099999999999958,8641,0,False,False,False,False,False,False
SETD6,0.012099999999999955,8642,0,False,False,False,False,False,False
UBA52,0.01206666666666663,8643,0,False,False,False,False,False,False
SPART,0.012066666666666625,8644,0,False,True,False,False,False,False
CCDC92,0.012066666666666625,8644,0,False,False,False,False,False,False
PDE8A,0.012033333333333306,8646,0,False,False,False,False,False,False
NUDT18,0.012033333333333306,8646,0,False,False,False,False,False,False
RPL37,0.012033333333333304,8648,0,False,True,False,False,False,False
TRIM28,0.0120333333333333,8649,0,False,False,False,False,False,False
CAPZA1,0.012033333333333293,8650,0,False,False,False,False,False,False
PPP1R26,0.012033333333333293,8650,0,False,False,False,False,False,False
SLC25A19,0.011999999999999974,8652,0,False,False,False,False,False,False
SPATA24,0.011999999999999969,8653,0,False,False,False,False,False,False
PGAP2,0.011999999999999967,8654,0,False,True,False,False,False,False
MRI1,0.011999999999999964,8655,0,False,False,False,False,False,False
REEP4,0.01199999999999996,8656,0,False,False,False,False,False,False
HECTD2,0.011966666666666636,8657,0,False,False,False,False,False,False
ATXN7,0.011966666666666632,8658,0,False,False,False,False,False,False
CEP192,0.01196666666666663,8659,0,False,False,False,False,False,False
C3ORF18,0.011966666666666627,8660,0,False,False,False,False,False,False
DCAF4,0.011966666666666625,8661,0,False,False,False,False,False,False
NT5C3B,0.011933333333333301,8662,0,False,False,False,False,False,False
CTSA,0.011933333333333301,8662,0,False,False,False,False,False,False
CSTF3,0.011933333333333294,8664,0,False,False,False,False,False,False
TPR,0.011899999999999968,8665,0,False,False,False,False,False,False
ZNF599,0.011899999999999966,8666,0,False,False,False,False,False,False
CENPJ,0.011866666666666642,8667,0,False,False,False,False,False,False
KANSL1,0.011866666666666636,8668,0,False,True,False,False,False,False
ELOC,0.011866666666666636,8668,0,False,False,False,False,False,False
MAST4,0.011866666666666636,8668,0,False,False,False,False,False,False
EIF2B2,0.011866666666666626,8671,0,False,False,False,False,False,False
NRDE2,0.011833333333333305,8672,0,False,False,False,False,False,False
MED21,0.011833333333333302,8673,0,False,False,False,False,False,False
MCRIP1,0.0118333333333333,8674,0,False,False,False,False,False,False
ZNF433,0.0118333333333333,8674,0,False,True,False,False,False,False
IMPA1,0.011833333333333296,8676,0,False,False,False,False,False,False
KATNAL1,0.011799999999999975,8677,0,False,False,False,False,False,False
PCK2,0.011799999999999972,8678,0,False,False,False,False,False,False
RAP1B,0.011799999999999972,8678,0,False,True,False,False,False,False
BZW1,0.01179999999999997,8680,0,False,False,False,False,False,False
ATRX,0.011799999999999967,8681,0,False,False,False,False,False,False
NHP2,0.011799999999999963,8682,0,False,True,False,False,False,False
USP13,0.011799999999999963,8682,0,False,False,False,False,False,False
MRPS25,0.01179999999999996,8684,0,False,False,False,False,False,False
RPL5,0.011766666666666642,8685,0,False,False,False,False,False,False
ZNF566,0.01176666666666664,8686,0,False,True,False,False,False,False
ABCD3,0.011766666666666634,8687,0,False,False,False,False,False,False
CNTROB,0.011766666666666632,8688,0,False,False,False,False,False,False
DDX18,0.011766666666666628,8689,0,False,True,False,False,False,False
ZNF785,0.01173333333333331,8690,0,False,False,False,False,False,False
C1ORF159,0.011733333333333306,8691,0,False,False,False,False,False,False
ZNF555,0.0117333333333333,8692,0,False,False,False,False,False,False
PAN2,0.011733333333333294,8693,0,False,False,False,False,False,False
PARD6G,0.011733333333333292,8694,0,False,True,False,False,False,False
TMEM245,0.01169999999999997,8695,0,False,False,False,False,False,False
S1PR2,0.011699999999999969,8696,0,False,False,False,False,False,False
RGL3,0.011699999999999967,8697,0,False,True,False,False,False,False
ZFP30,0.011699999999999967,8697,0,False,False,False,False,False,False
STT3A,0.011699999999999967,8697,0,False,False,False,False,False,False
METTL15,0.011699999999999966,8700,0,False,True,False,False,False,False
ERMAP,0.011699999999999964,8701,0,False,False,False,False,False,False
SCAPER,0.011699999999999964,8701,0,False,False,False,False,False,False
USP38,0.01169999999999996,8703,0,False,False,False,False,False,False
ZNF175,0.01166666666666664,8704,0,False,True,False,False,False,False
N6AMT1,0.011666666666666636,8705,0,False,False,False,False,False,False
ATP6V1B2,0.011666666666666634,8706,0,False,False,False,False,False,False
ATP5MF,0.01166666666666663,8707,0,False,False,False,False,False,False
TSPAN3,0.011633333333333306,8708,0,False,False,False,False,False,False
ANKRD49,0.011633333333333305,8709,0,False,False,False,False,False,False
DHX32,0.011633333333333301,8710,0,False,False,False,False,False,False
SNRPA1,0.011633333333333301,8710,0,False,True,False,False,False,False
ZC2HC1A,0.011633333333333301,8710,0,False,False,False,False,False,False
RGS3,0.0116333333333333,8713,0,False,False,False,False,False,False
CROT,0.0116333333333333,8713,0,False,False,False,False,False,False
PCNT,0.011633333333333298,8715,0,False,False,False,False,False,False
NPEPPS,0.011633333333333296,8716,0,False,False,False,False,False,False
PCSK7,0.011599999999999978,8717,0,False,True,False,False,False,False
ADSS2,0.011599999999999977,8718,0,False,False,False,False,False,False
FBXL5,0.011599999999999968,8719,0,False,False,False,False,False,False
NUMB,0.01156666666666664,8720,0,False,False,False,False,False,False
SEPTIN6,0.011566666666666638,8721,0,False,False,False,False,False,False
WDR89,0.011566666666666637,8722,0,False,True,False,False,False,False
RPS27A,0.011566666666666635,8723,0,False,False,False,False,False,False
MON2,0.01153333333333331,8724,0,False,True,False,False,False,False
SLC25A30,0.011533333333333303,8725,0,False,False,False,False,False,False
TSR3,0.011533333333333303,8725,0,False,False,False,False,False,False
LAP3,0.01149999999999997,8727,0,False,False,False,False,False,False
MAPRE2,0.01149999999999997,8727,0,False,True,False,False,False,False
RPL22,0.01149999999999997,8727,0,False,False,False,False,False,False
CIC,0.011499999999999967,8730,0,False,False,False,False,False,False
TBCC,0.011499999999999967,8730,0,False,True,False,False,False,False
ZW10,0.011499999999999965,8732,0,False,False,False,False,False,False
DAAM1,0.011499999999999958,8733,0,False,False,False,False,False,False
GNA11,0.011466666666666635,8734,0,False,True,False,False,False,False
PGM3,0.011466666666666632,8735,0,False,True,False,False,False,False
ING2,0.011433333333333306,8736,0,False,True,False,False,False,False
SETD5,0.011433333333333306,8736,0,False,False,False,False,False,False
AAMDC,0.011433333333333306,8736,0,False,True,False,False,False,False
RASA2,0.011433333333333304,8739,0,False,False,False,False,False,False
SPATA5L1,0.011399999999999971,8740,0,False,False,False,False,False,False
CPNE2,0.011399999999999966,8741,0,False,True,False,False,False,False
ZNF189,0.011399999999999964,8742,0,False,True,False,False,False,False
NFKBIL1,0.011366666666666638,8743,0,False,True,False,False,False,False
TSPAN15,0.011366666666666633,8744,0,False,False,False,False,False,False
AAK1,0.01136666666666663,8745,0,False,True,False,False,False,False
ZNF347,0.011333333333333305,8746,0,False,False,False,False,False,False
OMA1,0.011333333333333301,8747,0,False,False,False,False,False,False
RAB11FIP4,0.011333333333333301,8747,0,False,True,False,False,False,False
TCF3,0.011333333333333301,8747,0,False,False,False,False,False,False
DCLRE1B,0.0113333333333333,8750,0,False,True,False,False,False,False
WRAP53,0.011333333333333296,8751,0,False,False,False,False,False,False
CRBN,0.01129999999999997,8752,0,False,False,False,False,False,False
ZNF558,0.011299999999999968,8753,0,False,False,False,False,False,False
RPUSD2,0.011299999999999958,8754,0,False,False,False,False,False,False
ZSWIM5,0.011266666666666642,8755,0,False,True,False,False,False,False
ZNF761,0.011266666666666642,8755,0,False,False,False,False,False,False
ZCWPW1,0.011266666666666638,8757,0,False,False,False,False,False,False
METTL18,0.011266666666666631,8758,0,False,False,False,False,False,False
ORAI2,0.011233333333333312,8759,0,False,True,False,False,False,False
RPS25,0.01123333333333331,8760,0,False,False,False,False,False,False
WARS2,0.011233333333333309,8761,0,False,True,False,False,False,False
RNF5,0.011233333333333307,8762,0,False,False,False,False,False,False
SCLT1,0.011233333333333305,8763,0,False,True,False,False,False,False
ERLIN2,0.011233333333333304,8764,0,False,False,False,False,False,False
TPST2,0.011233333333333293,8765,0,False,True,False,False,False,False
MRPS2,0.011199999999999979,8766,0,False,False,False,False,False,False
PIAS2,0.011199999999999974,8767,0,False,True,False,False,False,False
LRIG2,0.011199999999999972,8768,0,False,False,False,False,False,False
TBL1X,0.011199999999999969,8769,0,False,False,False,False,False,False
FAM189B,0.01116666666666664,8770,0,False,False,False,False,False,False
CRAMP1,0.011166666666666637,8771,0,False,False,False,False,False,False
MAGEF1,0.011166666666666632,8772,0,False,False,False,False,False,False
TBC1D17,0.01116666666666663,8773,0,False,False,False,False,False,False
DLG4,0.011166666666666629,8774,0,False,False,False,False,False,False
HIBADH,0.011133333333333311,8775,0,False,False,False,False,False,False
CPTP,0.011133333333333308,8776,0,False,False,False,False,False,False
KLHL21,0.011133333333333306,8777,0,False,False,False,False,False,False
C7ORF50,0.011133333333333304,8778,0,False,False,False,False,False,False
TP53BP1,0.011133333333333299,8779,0,False,False,False,False,False,False
XPOT,0.011133333333333299,8779,0,False,False,False,False,False,False
TMEM14A,0.011133333333333297,8781,0,False,False,False,False,False,False
PPP1R13B,0.011133333333333295,8782,0,False,True,False,False,False,False
PLEKHA7,0.011099999999999983,8783,0,False,True,False,False,False,False
FARSA,0.011099999999999976,8784,0,False,True,False,False,False,False
CAMSAP1,0.011099999999999976,8784,0,False,False,False,False,False,False
MRM3,0.011099999999999973,8786,0,False,False,False,False,False,False
ZNF302,0.011099999999999971,8787,0,False,False,False,False,False,False
TNK2,0.01109999999999997,8788,0,False,True,False,False,False,False
MTSS2,0.011066666666666641,8789,0,False,False,False,False,False,False
ANO6,0.011066666666666638,8790,0,False,False,False,False,False,False
RAB34,0.011066666666666634,8791,0,False,False,False,False,False,False
IFIH1,0.011066666666666634,8791,0,False,True,False,False,False,False
RPL13,0.011033333333333319,8793,0,False,False,False,False,False,False
SLC31A1,0.011033333333333313,8794,0,False,False,False,False,False,False
VKORC1L1,0.011033333333333313,8794,0,False,False,False,False,False,False
TMEM123,0.011033333333333305,8796,0,False,True,False,False,False,False
DHRS1,0.011033333333333305,8796,0,False,False,False,False,False,False
ZCCHC2,0.011033333333333303,8798,0,False,True,False,False,False,False
NIP7,0.0110333333333333,8799,0,False,False,False,False,False,False
POLR3K,0.011033333333333294,8800,0,False,False,False,False,False,False
AKT2,0.010999999999999975,8801,0,False,False,False,False,False,False
PGBD1,0.010999999999999973,8802,0,False,True,False,False,False,False
ZGPAT,0.01099999999999997,8803,0,False,False,False,False,False,False
WDFY3,0.010999999999999968,8804,0,False,False,False,False,False,False
EMC10,0.010999999999999966,8805,0,False,True,False,False,False,False
ZNF287,0.010999999999999966,8805,0,False,False,False,False,False,False
FAM219B,0.010966666666666642,8807,0,False,True,False,False,False,False
ZNF35,0.010966666666666635,8808,0,False,False,False,False,False,False
PHACTR4,0.010966666666666635,8808,0,False,False,False,False,False,False
TMEM126B,0.010966666666666635,8808,0,False,False,False,False,False,False
SFMBT1,0.010933333333333316,8811,0,False,False,False,False,False,False
FAM98C,0.01093333333333331,8812,0,False,True,False,False,False,False
LMF2,0.010933333333333307,8813,0,False,False,False,False,False,False
ITSN1,0.010933333333333307,8813,0,False,True,False,False,False,False
FAM117B,0.010933333333333307,8813,0,False,False,False,False,False,False
STPG1,0.010933333333333305,8816,0,False,True,False,False,False,False
ZBTB6,0.010933333333333305,8816,0,False,True,False,False,False,False
PIGM,0.010899999999999974,8818,0,False,False,False,False,False,False
DCUN1D2,0.010899999999999972,8819,0,False,False,False,False,False,False
VASP,0.010899999999999972,8819,0,False,False,False,False,False,False
FYCO1,0.010899999999999969,8821,0,False,False,False,False,False,False
AGTRAP,0.010866666666666646,8822,0,False,False,False,False,False,False
FIS1,0.01086666666666664,8823,0,False,False,False,False,False,False
SUV39H1,0.010866666666666637,8824,0,False,False,False,False,False,False
KIAA0586,0.010833333333333308,8825,0,False,True,False,False,False,False
CASP7,0.010833333333333306,8826,0,False,True,False,False,False,False
C8ORF82,0.010833333333333302,8827,0,False,False,False,False,False,False
ZFP1,0.010833333333333302,8827,0,False,False,False,False,False,False
TOB2,0.010833333333333302,8827,0,False,False,False,False,False,False
AZIN1,0.0108333333333333,8830,0,False,False,False,False,False,False
ATP5MC2,0.010833333333333299,8831,0,False,False,False,False,False,False
RNF144A,0.010799999999999976,8832,0,False,False,False,False,False,False
UBE2W,0.010799999999999976,8832,0,False,True,False,False,False,False
UBA7,0.010799999999999971,8834,0,False,False,False,False,False,False
SURF6,0.010766666666666647,8835,0,False,False,False,False,False,False
NXF1,0.010766666666666643,8836,0,False,True,False,False,False,False
SERINC5,0.01076666666666664,8837,0,False,False,False,False,False,False
ATG101,0.010766666666666638,8838,0,False,False,False,False,False,False
PHYH,0.010766666666666636,8839,0,False,False,False,False,False,False
HBP1,0.010766666666666636,8839,0,False,True,False,False,False,False
BCL2L11,0.010733333333333312,8841,0,False,False,False,False,False,False
C1ORF35,0.010733333333333308,8842,0,False,False,False,False,False,False
TRIM65,0.010733333333333296,8843,0,False,False,False,False,False,False
KIAA1217,0.010699999999999977,8844,0,False,False,False,False,False,False
RBPJ,0.010699999999999977,8844,0,False,False,False,False,False,False
PNO1,0.010699999999999975,8846,0,False,False,False,False,False,False
FITM2,0.010699999999999973,8847,0,False,False,False,False,False,False
ZNF527,0.010699999999999973,8847,0,False,False,False,False,False,False
CBR4,0.010699999999999968,8849,0,False,False,False,False,False,False
DCLRE1C,0.010666666666666645,8850,0,False,True,False,False,False,False
EVI5,0.010666666666666644,8851,0,False,False,False,False,False,False
RNF103,0.010666666666666639,8852,0,False,False,False,False,False,False
MGAT1,0.010666666666666639,8852,0,False,False,False,False,False,False
TAF1C,0.010666666666666637,8854,0,False,False,False,False,False,False
TTC33,0.010633333333333316,8855,0,False,False,False,False,False,False
PIK3C2A,0.010633333333333307,8856,0,False,False,False,False,False,False
CYB5RL,0.010633333333333307,8856,0,False,False,False,False,False,False
CC2D1B,0.010633333333333307,8856,0,False,False,False,False,False,False
ORAI1,0.010633333333333305,8859,0,False,False,False,False,False,False
CEP68,0.010633333333333305,8859,0,False,False,False,False,False,False
RPL19,0.01059999999999998,8861,0,False,True,False,False,False,False
MCU,0.010599999999999977,8862,0,False,False,False,False,False,False
TMEM41A,0.010599999999999976,8863,0,False,False,False,False,False,False
PRPSAP2,0.010599999999999976,8863,0,False,False,False,False,False,False
EIF5,0.010599999999999974,8865,0,False,False,False,False,False,False
MAP4,0.010599999999999974,8865,0,False,False,False,False,False,False
GALNT10,0.01059999999999997,8867,0,False,True,False,False,False,False
INAFM2,0.010566666666666644,8868,0,False,False,False,False,False,False
SLC3A2,0.010566666666666643,8869,0,False,True,False,False,False,False
CEP83,0.010566666666666641,8870,0,False,True,False,False,False,False
FUZ,0.010566666666666641,8870,0,False,False,False,False,False,False
KIAA2026,0.010566666666666641,8870,0,False,False,False,False,False,False
ABCA7,0.01056666666666664,8873,0,False,False,False,False,False,False
ATG4D,0.010566666666666637,8874,0,False,False,False,False,False,False
CNN2,0.010533333333333315,8875,0,False,False,False,False,False,False
TMEM106A,0.010533333333333306,8876,0,False,False,False,False,False,False
HACD2,0.010533333333333303,8877,0,False,False,False,False,False,False
SMUG1,0.010533333333333303,8877,0,False,False,False,False,False,False
RPL36AL,0.010499999999999982,8879,0,False,False,False,False,False,False
PIP4K2A,0.010499999999999968,8880,0,False,False,False,False,False,False
HNRNPF,0.010499999999999968,8880,0,False,False,False,False,False,False
RPL14,0.01046666666666664,8882,0,False,False,False,False,False,False
PNPT1,0.010466666666666633,8883,0,False,False,False,False,False,False
CD46,0.01043333333333331,8884,0,False,False,False,False,False,False
ANKS3,0.01043333333333331,8884,0,False,False,False,False,False,False
CLN6,0.010433333333333308,8886,0,False,True,False,False,False,False
MRPS21,0.010433333333333305,8887,0,False,True,False,False,False,False
ADAT1,0.010433333333333301,8888,0,False,False,False,False,False,False
KPNB1,0.0104333333333333,8889,0,False,True,False,False,False,False
SHB,0.010399999999999979,8890,0,False,False,False,False,False,False
PFAS,0.010399999999999977,8891,0,False,False,False,False,False,False
GEMIN5,0.010399999999999974,8892,0,False,False,False,False,False,False
SLC25A5,0.01039999999999997,8893,0,False,False,False,False,False,False
RECQL,0.01039999999999997,8893,0,False,True,False,False,False,False
PYGO2,0.010366666666666642,8895,0,False,False,False,False,False,False
PSMG1,0.01036666666666664,8896,0,False,False,False,False,False,False
FBXW4,0.010366666666666639,8897,0,False,False,False,False,False,False
TPST1,0.010366666666666635,8898,0,False,False,False,False,False,False
PHF20L1,0.010333333333333316,8899,0,False,False,False,False,False,False
RPS6KA3,0.01033333333333331,8900,0,False,True,False,False,False,False
TUBE1,0.010333333333333307,8901,0,False,False,False,False,False,False
FRG1,0.010333333333333307,8901,0,False,False,False,False,False,False
THOC6,0.010333333333333302,8903,0,False,False,False,False,False,False
CORO7,0.0103333333333333,8904,0,False,False,False,False,False,False
PRPF3,0.010333333333333299,8905,0,False,True,False,False,False,False
RHBDD2,0.010299999999999981,8906,0,False,False,False,False,False,False
DEF6,0.010299999999999981,8906,0,False,True,False,False,False,False
AMER1,0.010299999999999978,8908,0,False,False,False,False,False,False
ARMC1,0.010299999999999972,8909,0,False,False,False,False,False,False
MRPL19,0.01029999999999997,8910,0,False,False,False,False,False,False
SMIM19,0.010299999999999969,8911,0,False,False,False,False,False,False
MAP3K1,0.010266666666666646,8912,0,False,False,False,False,False,False
PTPN12,0.010266666666666644,8913,0,False,False,False,False,False,False
ARPC3,0.010266666666666644,8913,0,False,False,False,False,False,False
C6ORF120,0.010266666666666643,8915,0,False,False,False,False,False,False
GNAI1,0.010266666666666643,8915,0,False,True,False,False,False,False
PKN1,0.010266666666666641,8917,0,False,False,False,False,False,False
ZNF445,0.01026666666666664,8918,0,False,False,False,False,False,False
CAMTA2,0.01026666666666664,8918,0,False,True,False,False,False,False
ARF5,0.010233333333333315,8920,0,False,False,False,False,False,False
SLC24A1,0.010233333333333313,8921,0,False,False,False,False,False,False
NME7,0.01023333333333331,8922,0,False,True,False,False,False,False
PARP8,0.01023333333333331,8922,0,False,True,False,False,False,False
CWF19L2,0.010233333333333301,8924,0,False,False,False,False,False,False
FICD,0.010199999999999976,8925,0,False,True,False,False,False,False
PHRF1,0.010199999999999973,8926,0,False,True,False,False,False,False
PPIP5K2,0.010199999999999971,8927,0,False,False,False,False,False,False
EMSY,0.010166666666666649,8928,0,False,True,False,False,False,False
PFN1,0.010166666666666649,8928,0,False,True,False,False,False,False
GNPDA1,0.010166666666666645,8930,0,False,False,False,False,False,False
IVD,0.010166666666666645,8930,0,False,True,False,False,False,False
TMA7,0.010166666666666642,8932,0,False,True,False,False,False,False
ERCC6L2,0.010166666666666642,8932,0,False,False,False,False,False,False
ZNF134,0.01016666666666664,8934,0,False,False,False,False,False,False
PDXDC1,0.010133333333333312,8935,0,False,False,False,False,False,False
TMEM216,0.010133333333333308,8936,0,False,False,False,False,False,False
TMEM241,0.010133333333333303,8937,0,False,False,False,False,False,False
GK5,0.010099999999999982,8938,0,False,False,False,False,False,False
ZNF549,0.010099999999999982,8938,0,False,False,False,False,False,False
TM2D2,0.010099999999999982,8938,0,False,False,False,False,False,False
THAP7,0.01009999999999998,8941,0,False,True,False,False,False,False
SNX13,0.010099999999999977,8942,0,False,False,False,False,False,False
SLC25A43,0.010099999999999977,8942,0,False,False,False,False,False,False
RNF38,0.010099999999999972,8944,0,False,True,False,False,False,False
ISG20L2,0.010099999999999967,8945,0,False,False,False,False,False,False
CENPC,0.010066666666666649,8946,0,False,True,False,False,False,False
HEXIM1,0.010066666666666647,8947,0,False,True,False,False,False,False
TCEA2,0.010066666666666647,8947,0,False,True,False,False,False,False
MPV17L2,0.010066666666666642,8949,0,False,False,False,False,False,False
DHRSX,0.01006666666666664,8950,0,False,False,False,False,False,False
FRS2,0.010033333333333313,8951,0,False,False,False,False,False,False
MAGEH1,0.010033333333333313,8951,0,False,False,False,False,False,False
ZNF620,0.010033333333333313,8951,0,False,True,False,False,False,False
CARNMT1,0.010033333333333307,8954,0,False,False,False,False,False,False
SMG8,0.010033333333333306,8955,0,False,False,False,False,False,False
SOD1,0.010033333333333304,8956,0,False,True,False,False,False,False
POC5,0.00999999999999998,8957,0,False,False,False,False,False,False
UQCRH,0.009999999999999978,8958,0,False,True,False,False,False,False
SLC45A4,0.009999999999999974,8959,0,False,False,False,False,False,False
RPL41,0.009966666666666651,8960,0,False,False,False,False,False,False
BABAM2,0.009966666666666648,8961,0,False,False,False,False,False,False
ARSB,0.009966666666666646,8962,0,False,False,False,False,False,False
KRBA1,0.009966666666666646,8962,0,False,False,False,False,False,False
RSF1,0.009966666666666645,8964,0,False,False,False,False,False,False
NPAT,0.009966666666666645,8964,0,False,True,False,False,False,False
TSHZ1,0.009966666666666645,8964,0,False,False,False,False,False,False
SPAG9,0.009966666666666643,8967,0,False,True,False,False,False,False
SH3TC1,0.00996666666666664,8968,0,False,False,False,False,False,False
CNOT2,0.00996666666666664,8968,0,False,False,False,False,False,False
RSRC1,0.009966666666666634,8970,0,False,False,False,False,False,False
ASCC3,0.009933333333333317,8971,0,False,False,False,False,False,False
YBX1,0.009933333333333313,8972,0,False,False,False,False,False,False
TULP4,0.009933333333333308,8973,0,False,False,False,False,False,False
ZBTB34,0.009933333333333308,8973,0,False,False,False,False,False,False
FLOT1,0.009933333333333304,8975,0,False,False,False,False,False,False
CAPZA2,0.009899999999999978,8976,0,False,False,False,False,False,False
GALK2,0.009899999999999975,8977,0,False,False,False,False,False,False
ARNT,0.009899999999999975,8977,0,False,False,False,False,False,False
ZNF48,0.009866666666666652,8979,0,False,False,False,False,False,False
NBPF15,0.009866666666666647,8980,0,False,False,False,False,False,False
PACRGL,0.009866666666666647,8980,0,False,False,False,False,False,False
RAB40C,0.009866666666666645,8982,0,False,False,False,False,False,False
COQ5,0.009866666666666643,8983,0,False,False,False,False,False,False
NMT2,0.009866666666666642,8984,0,False,False,False,False,False,False
PGBD2,0.009866666666666638,8985,0,False,True,False,False,False,False
ZNF790,0.009833333333333317,8986,0,False,False,False,False,False,False
ARID1B,0.009833333333333317,8986,0,False,False,False,False,False,False
NBPF9,0.009833333333333314,8988,0,False,False,False,False,False,False
ERLIN1,0.009833333333333314,8988,0,False,False,False,False,False,False
SLC39A10,0.009833333333333312,8990,0,False,False,False,False,False,False
SCCPDH,0.00983333333333331,8991,0,False,False,False,False,False,False
RBM18,0.009833333333333309,8992,0,False,False,False,False,False,False
CDK7,0.009799999999999979,8993,0,False,False,False,False,False,False
TBC1D1,0.009799999999999977,8994,0,False,False,False,False,False,False
NPM1,0.009799999999999977,8994,0,False,False,False,False,False,False
AC069544.2,0.009799999999999974,8996,0,False,False,False,False,False,False
CHURC1,0.009799999999999972,8997,0,False,False,False,False,False,False
ZBTB26,0.009766666666666647,8998,0,False,False,False,False,False,False
CEP97,0.009766666666666647,8998,0,False,False,False,False,False,False
NENF,0.009766666666666647,8998,0,False,True,False,False,False,False
THAP6,0.009766666666666646,9001,0,False,False,False,False,False,False
MVB12A,0.009766666666666644,9002,0,False,False,False,False,False,False
PLPP6,0.009733333333333316,9003,0,False,False,False,False,False,False
TXNDC11,0.009733333333333314,9004,0,False,False,False,False,False,False
UBE2O,0.009733333333333313,9005,0,False,False,False,False,False,False
SLC41A3,0.009733333333333313,9005,0,False,True,False,False,False,False
ABCB10,0.009733333333333311,9007,0,False,False,False,False,False,False
ABI2,0.009733333333333307,9008,0,False,True,False,False,False,False
RUVBL2,0.009699999999999983,9009,0,False,False,False,False,False,False
TOMM34,0.009699999999999981,9010,0,False,False,False,False,False,False
MRPL47,0.009699999999999981,9010,0,False,True,False,False,False,False
ABHD15,0.00969999999999998,9012,0,False,False,False,False,False,False
TRIP10,0.00969999999999998,9012,0,False,False,False,False,False,False
PAAF1,0.009699999999999974,9014,0,False,False,False,False,False,False
MED12,0.009699999999999974,9014,0,False,False,False,False,False,False
NIPSNAP3A,0.009666666666666652,9016,0,False,False,False,False,False,False
CBL,0.009666666666666646,9017,0,False,False,False,False,False,False
NRBP2,0.009666666666666646,9017,0,False,True,False,False,False,False
COG5,0.009666666666666641,9019,0,False,False,False,False,False,False
ZFP14,0.009633333333333313,9020,0,False,False,False,False,False,False
MPC1,0.009633333333333311,9021,0,False,False,False,False,False,False
FPGT,0.009633333333333311,9021,0,False,True,False,False,False,False
TAF4,0.00963333333333331,9023,0,False,False,False,False,False,False
PSME1,0.00963333333333331,9023,0,False,False,False,False,False,False
NPC1,0.009633333333333306,9025,0,False,False,False,False,False,False
UBXN7,0.009599999999999982,9026,0,False,False,False,False,False,False
RPA3,0.00959999999999998,9027,0,False,False,False,False,False,False
FAM162A,0.009599999999999978,9028,0,False,False,False,False,False,False
IDE,0.009599999999999978,9028,0,False,False,False,False,False,False
KREMEN1,0.009599999999999977,9030,0,False,False,False,False,False,False
HSBP1L1,0.009599999999999977,9030,0,False,True,False,False,False,False
BICRA,0.009599999999999975,9032,0,False,True,False,False,False,False
EIF3K,0.009566666666666652,9033,0,False,False,False,False,False,False
PUM3,0.009566666666666647,9034,0,False,True,False,False,False,False
GIPC1,0.009566666666666647,9034,0,False,True,False,False,False,False
NAA80,0.009566666666666642,9036,0,False,False,False,False,False,False
CHCHD10,0.009566666666666642,9036,0,False,False,False,False,False,False
NSMAF,0.00953333333333332,9038,0,False,False,False,False,False,False
SYK,0.009533333333333317,9039,0,False,True,False,False,False,False
ZNF808,0.009533333333333317,9039,0,False,False,False,False,False,False
BBS10,0.009533333333333316,9041,0,False,False,False,False,False,False
NOP56,0.009533333333333314,9042,0,False,False,False,False,False,False
MORC2,0.009533333333333314,9042,0,False,False,False,False,False,False
ZNF30,0.009533333333333312,9044,0,False,False,False,False,False,False
HNMT,0.009533333333333312,9044,0,False,False,False,False,False,False
PPIC,0.009533333333333312,9044,0,False,False,False,False,False,False
BCAT2,0.009533333333333309,9047,0,False,False,False,False,False,False
DDX28,0.009533333333333305,9048,0,False,False,False,False,False,False
TBC1D8B,0.009499999999999988,9049,0,False,False,False,False,False,False
FAM126B,0.009499999999999986,9050,0,False,False,False,False,False,False
NEK1,0.00949999999999998,9051,0,False,False,False,False,False,False
ATF7IP,0.009499999999999979,9052,0,False,False,False,False,False,False
SNX24,0.009499999999999979,9052,0,False,True,False,False,False,False
FAM161B,0.009499999999999975,9054,0,False,True,False,False,False,False
RBMX2,0.009466666666666653,9055,0,False,True,False,False,False,False
ARPC1A,0.00946666666666665,9056,0,False,False,False,False,False,False
CLASRP,0.00946666666666665,9056,0,False,False,False,False,False,False
GOLT1B,0.009466666666666644,9058,0,False,False,False,False,False,False
TTC30A,0.00943333333333332,9059,0,False,False,False,False,False,False
DHRS4,0.009433333333333316,9060,0,False,False,False,False,False,False
MGA,0.009433333333333313,9061,0,False,False,False,False,False,False
SCNM1,0.009433333333333311,9062,0,False,False,False,False,False,False
RSL24D1,0.009433333333333311,9062,0,False,False,False,False,False,False
TTLL4,0.00943333333333331,9064,0,False,True,False,False,False,False
CDK20,0.009399999999999988,9065,0,False,False,False,False,False,False
ZNF699,0.009399999999999981,9066,0,False,True,False,False,False,False
SMIM4,0.00939999999999998,9067,0,False,False,False,False,False,False
PNRC2,0.009399999999999976,9068,0,False,False,False,False,False,False
MFHAS1,0.009399999999999974,9069,0,False,False,False,False,False,False
NIN,0.009366666666666652,9070,0,False,True,False,False,False,False
DYNC2I1,0.00936666666666665,9071,0,False,False,False,False,False,False
FUS,0.009333333333333315,9072,0,False,False,False,False,False,False
EOGT,0.009333333333333315,9072,0,False,False,False,False,False,False
UTP20,0.009333333333333313,9074,0,False,False,False,False,False,False
GALNT1,0.009333333333333312,9075,0,False,False,False,False,False,False
TPP1,0.00933333333333331,9076,0,False,False,False,False,False,False
LRIG1,0.009299999999999984,9077,0,False,False,False,False,False,False
DNMBP,0.00929999999999998,9078,0,False,False,False,False,False,False
MAP9,0.00929999999999998,9078,0,False,False,False,False,False,False
RANBP6,0.009299999999999977,9080,0,False,False,False,False,False,False
LMLN,0.009266666666666649,9081,0,False,True,False,False,False,False
POR,0.009266666666666647,9082,0,False,False,False,False,False,False
TRAPPC1,0.009266666666666645,9083,0,False,True,False,False,False,False
MAPRE3,0.009266666666666644,9084,0,False,False,False,False,False,False
CDS1,0.00923333333333332,9085,0,False,True,False,False,False,False
TBC1D19,0.00923333333333332,9085,0,False,True,False,False,False,False
RNPEP,0.00923333333333332,9085,0,False,False,False,False,False,False
ADD1,0.009233333333333314,9088,0,False,False,False,False,False,False
CSE1L,0.009233333333333314,9088,0,False,False,False,False,False,False
FAHD1,0.00923333333333331,9090,0,False,False,False,False,False,False
KDF1,0.00923333333333331,9090,0,False,True,False,False,False,False
CRIPT,0.009199999999999982,9092,0,False,False,False,False,False,False
WDFY2,0.00919999999999998,9093,0,False,True,False,False,False,False
DHX58,0.00919999999999998,9093,0,False,False,False,False,False,False
B9D2,0.00919999999999998,9093,0,False,False,False,False,False,False
PPP1CB,0.009199999999999979,9096,0,False,False,False,False,False,False
APIP,0.009199999999999979,9096,0,False,False,False,False,False,False
STK10,0.009199999999999979,9096,0,False,True,False,False,False,False
GOLGA3,0.009199999999999979,9096,0,False,False,False,False,False,False
POLD1,0.009166666666666655,9100,0,False,False,False,False,False,False
EPB41L4B,0.009166666666666653,9101,0,False,True,False,False,False,False
OAZ1,0.009166666666666653,9101,0,False,False,False,False,False,False
ABRAXAS1,0.009166666666666651,9103,0,False,False,False,False,False,False
COPE,0.009166666666666651,9103,0,False,False,False,False,False,False
TXNRD3,0.009166666666666651,9103,0,False,True,False,False,False,False
C1ORF216,0.009166666666666648,9106,0,False,False,False,False,False,False
TMEM87B,0.009166666666666644,9107,0,False,False,False,False,False,False
PCTP,0.00913333333333332,9108,0,False,False,False,False,False,False
ATP2A2,0.009133333333333318,9109,0,False,False,False,False,False,False
ZFYVE16,0.009133333333333318,9109,0,False,False,False,False,False,False
C9ORF78,0.009133333333333316,9111,0,False,False,False,False,False,False
C19ORF53,0.009133333333333316,9111,0,False,False,False,False,False,False
TRAPPC6B,0.009133333333333316,9111,0,False,False,False,False,False,False
ATP6V0D1,0.009133333333333313,9114,0,False,False,False,False,False,False
SLC27A1,0.009133333333333313,9114,0,False,False,False,False,False,False
PRELID3B,0.00913333333333331,9116,0,False,False,False,False,False,False
ZNF83,0.009099999999999988,9117,0,False,False,False,False,False,False
FAM120C,0.009099999999999981,9118,0,False,True,False,False,False,False
ATP5ME,0.00909999999999998,9119,0,False,False,False,False,False,False
DYNLL1,0.009099999999999976,9120,0,False,False,False,False,False,False
TCIRG1,0.009066666666666652,9121,0,False,False,False,False,False,False
KLC4,0.009066666666666652,9121,0,False,False,False,False,False,False
DPY19L3,0.009066666666666652,9121,0,False,True,False,False,False,False
OGG1,0.00906666666666665,9124,0,False,False,False,False,False,False
ZNF507,0.00906666666666665,9124,0,False,False,False,False,False,False
ZNF554,0.009066666666666648,9126,0,False,False,False,False,False,False
PTPDC1,0.009066666666666648,9126,0,False,False,False,False,False,False
ZNF236,0.009033333333333322,9128,0,False,False,False,False,False,False
NOP58,0.00903333333333332,9129,0,False,False,False,False,False,False
IFI27L1,0.009033333333333317,9130,0,False,False,False,False,False,False
SGCB,0.009033333333333315,9131,0,False,True,False,False,False,False
GBA2,0.009033333333333315,9131,0,False,False,False,False,False,False
TAPBPL,0.009033333333333313,9133,0,False,False,False,False,False,False
ZNF184,0.008999999999999987,9134,0,False,False,False,False,False,False
KBTBD4,0.008999999999999985,9135,0,False,False,False,False,False,False
TTC19,0.008999999999999985,9135,0,False,False,False,False,False,False
RPL23,0.008999999999999984,9137,0,False,False,False,False,False,False
PLEKHF2,0.008999999999999984,9137,0,False,False,False,False,False,False
ZNF687,0.008999999999999984,9137,0,False,False,False,False,False,False
SLC9A1,0.008999999999999982,9140,0,False,False,False,False,False,False
GTPBP4,0.008999999999999982,9140,0,False,False,False,False,False,False
MTMR9,0.008933333333333323,9142,0,False,True,False,False,False,False
NCKIPSD,0.008933333333333321,9143,0,False,False,False,False,False,False
KDM7A,0.008933333333333317,9144,0,False,False,False,False,False,False
AK3,0.008933333333333317,9144,0,False,False,False,False,False,False
POLR2C,0.008933333333333317,9144,0,False,False,False,False,False,False
TUT4,0.008933333333333314,9147,0,False,True,False,False,False,False
NUDT12,0.008899999999999984,9148,0,False,False,False,False,False,False
ANKH,0.008899999999999984,9148,0,False,False,False,False,False,False
CNNM2,0.008899999999999984,9148,0,False,True,False,False,False,False
POLR1B,0.008899999999999984,9148,0,False,False,False,False,False,False
MSANTD2,0.008899999999999983,9152,0,False,False,False,False,False,False
RTL8B,0.00889999999999998,9153,0,False,True,False,False,False,False
ZNF25,0.00889999999999998,9153,0,False,True,False,False,False,False
MLLT6,0.008866666666666655,9155,0,False,True,False,False,False,False
WDR5,0.008866666666666653,9156,0,False,True,False,False,False,False
ZRANB2,0.008866666666666653,9156,0,False,False,False,False,False,False
LZTFL1,0.00886666666666665,9158,0,False,False,False,False,False,False
ASMTL,0.008866666666666646,9159,0,False,False,False,False,False,False
POLR1E,0.008833333333333323,9160,0,False,False,False,False,False,False
POLD3,0.008833333333333318,9161,0,False,False,False,False,False,False
NUP43,0.008833333333333316,9162,0,False,False,False,False,False,False
NEU1,0.008833333333333316,9162,0,False,False,False,False,False,False
TAMM41,0.008833333333333316,9162,0,False,True,False,False,False,False
RNF141,0.008833333333333315,9165,0,False,False,False,False,False,False
PNPO,0.008833333333333315,9165,0,False,False,False,False,False,False
ADAR,0.008833333333333315,9165,0,False,False,False,False,False,False
SLC2A4RG,0.008799999999999992,9168,0,False,False,False,False,False,False
MAD2L1BP,0.008799999999999988,9169,0,False,False,False,False,False,False
PRPF18,0.008799999999999987,9170,0,False,False,False,False,False,False
ZNF33A,0.008799999999999987,9170,0,False,False,False,False,False,False
MAN2B2,0.008799999999999985,9172,0,False,False,False,False,False,False
FECH,0.008799999999999985,9172,0,False,False,False,False,False,False
LEPROT,0.008799999999999985,9172,0,False,True,False,False,False,False
RBM47,0.008799999999999983,9175,0,False,False,False,False,False,False
MOSPD3,0.00879999999999998,9176,0,False,False,False,False,False,False
RAPGEF1,0.008766666666666655,9177,0,False,False,False,False,False,False
KLF3,0.008766666666666654,9178,0,False,False,False,False,False,False
ERICH1,0.008766666666666652,9179,0,False,True,False,False,False,False
TAOK1,0.008766666666666645,9180,0,False,False,False,False,False,False
ZNF548,0.008733333333333324,9181,0,False,False,False,False,False,False
SWSAP1,0.008733333333333322,9182,0,False,True,False,False,False,False
YPEL2,0.008733333333333322,9182,0,False,True,False,False,False,False
ZNF862,0.00873333333333332,9184,0,False,False,False,False,False,False
MIIP,0.008733333333333319,9185,0,False,False,False,False,False,False
MFSD1,0.008733333333333315,9186,0,False,False,False,False,False,False
UBALD2,0.008699999999999987,9187,0,False,False,False,False,False,False
UBE2E1,0.008699999999999984,9188,0,False,False,False,False,False,False
TRMT61B,0.008666666666666654,9189,0,False,True,False,False,False,False
RPA1,0.008666666666666649,9190,0,False,False,False,False,False,False
GBA,0.008666666666666645,9191,0,False,False,False,False,False,False
CISD3,0.008633333333333326,9192,0,False,False,False,False,False,False
BLOC1S4,0.008633333333333323,9193,0,False,False,False,False,False,False
CCDC134,0.008633333333333316,9194,0,False,False,False,False,False,False
PDCD4,0.008633333333333316,9194,0,False,True,False,False,False,False
RAB3D,0.008633333333333314,9196,0,False,False,False,False,False,False
COLGALT1,0.008599999999999995,9197,0,False,False,False,False,False,False
TMEM167A,0.008599999999999988,9198,0,False,False,False,False,False,False
RPL26,0.008599999999999988,9198,0,False,False,False,False,False,False
KDM3A,0.008599999999999988,9198,0,False,False,False,False,False,False
NOMO1,0.008599999999999986,9201,0,False,False,False,False,False,False
ADRM1,0.008599999999999986,9201,0,False,False,False,False,False,False
DNMT1,0.008599999999999986,9201,0,False,False,False,False,False,False
LIG1,0.008599999999999983,9204,0,False,False,False,False,False,False
ABCE1,0.008566666666666656,9205,0,False,False,False,False,False,False
NSA2,0.008566666666666655,9206,0,False,False,False,False,False,False
GRK2,0.008566666666666648,9207,0,False,False,False,False,False,False
PHF14,0.008566666666666648,9207,0,False,False,False,False,False,False
M6PR,0.008533333333333327,9209,0,False,False,False,False,False,False
EDEM3,0.008533333333333323,9210,0,False,False,False,False,False,False
ATXN3,0.008533333333333322,9211,0,False,False,False,False,False,False
MTX3,0.008533333333333318,9212,0,False,False,False,False,False,False
ECI2,0.008533333333333316,9213,0,False,False,False,False,False,False
ZNF517,0.00849999999999999,9214,0,False,True,False,False,False,False
SLC25A45,0.00849999999999999,9214,0,False,False,False,False,False,False
RITA1,0.00849999999999999,9214,0,False,False,False,False,False,False
ZSWIM7,0.008499999999999988,9217,0,False,False,False,False,False,False
KIAA0100,0.008499999999999987,9218,0,False,True,False,False,False,False
ASL,0.008499999999999987,9218,0,False,False,False,False,False,False
C10ORF88,0.008499999999999987,9218,0,False,False,False,False,False,False
QSER1,0.00849999999999998,9221,0,False,False,False,False,False,False
CFL1,0.008466666666666659,9222,0,False,True,False,False,False,False
ZNF326,0.008466666666666659,9222,0,False,False,False,False,False,False
TES,0.008466666666666657,9224,0,False,False,False,False,False,False
CCDC142,0.008466666666666654,9225,0,False,False,False,False,False,False
TRPM7,0.008466666666666654,9225,0,False,True,False,False,False,False
ADGRA3,0.008466666666666652,9227,0,False,True,False,False,False,False
NOMO2,0.00846666666666665,9228,0,False,False,False,False,False,False
LASP1,0.008466666666666648,9229,0,False,False,False,False,False,False
SLC23A2,0.008433333333333327,9230,0,False,False,False,False,False,False
WDR24,0.008433333333333324,9231,0,False,False,False,False,False,False
ZNF611,0.008433333333333324,9231,0,False,False,False,False,False,False
IQCE,0.008433333333333322,9233,0,False,True,False,False,False,False
TBC1D9,0.008433333333333322,9233,0,False,False,False,False,False,False
LIG3,0.008433333333333322,9233,0,False,False,False,False,False,False
LDLRAP1,0.008433333333333322,9233,0,False,False,False,False,False,False
CRTAP,0.008433333333333322,9233,0,False,False,False,False,False,False
MCRIP2,0.008399999999999994,9238,0,False,False,False,False,False,False
ADPRS,0.008399999999999989,9239,0,False,False,False,False,False,False
SBNO1,0.008399999999999989,9239,0,False,False,False,False,False,False
TASOR2,0.008399999999999987,9241,0,False,False,False,False,False,False
GID8,0.008399999999999987,9241,0,False,False,False,False,False,False
JTB,0.008399999999999986,9243,0,False,True,False,False,False,False
EXOG,0.008366666666666661,9244,0,False,False,False,False,False,False
NUTF2,0.00836666666666666,9245,0,False,False,False,False,False,False
NAPEPLD,0.008366666666666656,9246,0,False,False,False,False,False,False
GTF2H1,0.008366666666666656,9246,0,False,False,False,False,False,False
HDAC7,0.00836666666666665,9248,0,False,False,False,False,False,False
PRKAB1,0.008333333333333326,9249,0,False,True,False,False,False,False
RPS15A,0.008333333333333325,9250,0,False,False,False,False,False,False
ZNF598,0.008333333333333323,9251,0,False,False,False,False,False,False
UGGT1,0.008333333333333323,9251,0,False,False,False,False,False,False
ANKIB1,0.008333333333333321,9253,0,False,False,False,False,False,False
CCNY,0.00833333333333332,9254,0,False,True,False,False,False,False
TXNDC12,0.00833333333333332,9254,0,False,False,False,False,False,False
BMI1,0.00833333333333332,9254,0,False,False,False,False,False,False
RPAP1,0.008333333333333318,9257,0,False,False,False,False,False,False
BAX,0.008299999999999993,9258,0,False,False,False,False,False,False
RDH13,0.008299999999999993,9258,0,False,True,False,False,False,False
CTSO,0.00829999999999999,9260,0,False,True,False,False,False,False
TET3,0.00829999999999999,9260,0,False,False,False,False,False,False
SMG6,0.008299999999999988,9262,0,False,False,False,False,False,False
REX1BD,0.008266666666666658,9263,0,False,False,False,False,False,False
NANP,0.008266666666666657,9264,0,False,False,False,False,False,False
MFAP3,0.008266666666666657,9264,0,False,False,False,False,False,False
AP5B1,0.008266666666666655,9266,0,False,False,False,False,False,False
FOXP4,0.008266666666666653,9267,0,False,False,False,False,False,False
LYN,0.008266666666666653,9267,0,False,False,False,False,False,False
TMEM25,0.008266666666666653,9267,0,False,False,False,False,False,False
UHMK1,0.008266666666666653,9267,0,False,False,False,False,False,False
NDUFB1,0.008233333333333327,9271,0,False,True,False,False,False,False
TIA1,0.008233333333333323,9272,0,False,False,False,False,False,False
GTPBP6,0.008233333333333322,9273,0,False,False,False,False,False,False
SND1,0.008233333333333322,9273,0,False,False,False,False,False,False
TRIM62,0.00823333333333332,9275,0,False,False,False,False,False,False
PAFAH2,0.008233333333333318,9276,0,False,False,False,False,False,False
FOXRED1,0.008199999999999989,9277,0,False,False,False,False,False,False
WDR77,0.008199999999999987,9278,0,False,False,False,False,False,False
GNA13,0.008199999999999985,9279,0,False,False,False,False,False,False
UBXN2B,0.008199999999999982,9280,0,False,False,False,False,False,False
H6PD,0.008166666666666655,9281,0,False,False,False,False,False,False
TBKBP1,0.008166666666666655,9281,0,False,False,False,False,False,False
DPY19L4,0.008166666666666654,9283,0,False,True,False,False,False,False
PDIA5,0.008133333333333327,9284,0,False,True,False,False,False,False
SKAP2,0.008133333333333327,9284,0,False,True,False,False,False,False
ANAPC5,0.008133333333333326,9286,0,False,False,False,False,False,False
HTRA2,0.008133333333333324,9287,0,False,True,False,False,False,False
GNPTG,0.008133333333333322,9288,0,False,False,False,False,False,False
ATP6V0B,0.00813333333333332,9289,0,False,False,False,False,False,False
NKRF,0.00809999999999999,9290,0,False,False,False,False,False,False
SMARCA5,0.008099999999999987,9291,0,False,True,False,False,False,False
SLC37A1,0.008099999999999987,9291,0,False,True,False,False,False,False
TPRG1L,0.008099999999999984,9293,0,False,False,False,False,False,False
GLI4,0.008066666666666661,9294,0,False,False,False,False,False,False
ARMC7,0.00806666666666666,9295,0,False,False,False,False,False,False
SREK1IP1,0.008066666666666658,9296,0,False,False,False,False,False,False
ST3GAL4,0.008066666666666656,9297,0,False,True,False,False,False,False
ORAI3,0.008066666666666656,9297,0,False,True,False,False,False,False
TYSND1,0.008066666666666654,9299,0,False,False,False,False,False,False
MTRR,0.008066666666666654,9299,0,False,False,False,False,False,False
TNKS,0.008066666666666653,9301,0,False,False,False,False,False,False
CCDC9,0.008033333333333326,9302,0,False,False,False,False,False,False
MBNL1,0.008033333333333325,9303,0,False,False,False,False,False,False
DIP2C,0.008033333333333325,9303,0,False,False,False,False,False,False
SPATA7,0.008033333333333321,9305,0,False,False,False,False,False,False
PHF7,0.008033333333333321,9305,0,False,False,False,False,False,False
STARD3,0.007999999999999993,9307,0,False,False,False,False,False,False
PAIP1,0.007999999999999991,9308,0,False,False,False,False,False,False
RBM43,0.007999999999999991,9308,0,False,False,False,False,False,False
EFCAB7,0.007999999999999991,9308,0,False,False,False,False,False,False
PARP2,0.007999999999999988,9311,0,False,False,False,False,False,False
C9ORF85,0.007966666666666662,9312,0,False,False,False,False,False,False
MRPL45,0.007966666666666662,9312,0,False,True,False,False,False,False
CHCHD5,0.007966666666666662,9312,0,False,False,False,False,False,False
CASTOR2,0.00796666666666666,9315,0,False,False,False,False,False,False
ATP10D,0.007966666666666658,9316,0,False,False,False,False,False,False
PRRC2A,0.007966666666666658,9316,0,False,False,False,False,False,False
NFX1,0.007966666666666658,9316,0,False,False,False,False,False,False
PPIL3,0.007966666666666658,9316,0,False,False,False,False,False,False
ZNF343,0.007966666666666657,9320,0,False,False,False,False,False,False
LSM2,0.007966666666666657,9320,0,False,True,False,False,False,False
NMRK1,0.007966666666666655,9322,0,False,False,False,False,False,False
RAB11FIP5,0.007966666666666653,9323,0,False,False,False,False,False,False
HDDC2,0.00793333333333333,9324,0,False,False,False,False,False,False
METTL4,0.007933333333333327,9325,0,False,False,False,False,False,False
FBXL20,0.007933333333333327,9325,0,False,False,False,False,False,False
MDH2,0.007933333333333327,9325,0,False,False,False,False,False,False
BRAF,0.007933333333333325,9328,0,False,False,False,False,False,False
PRMT5,0.007933333333333325,9328,0,False,False,False,False,False,False
DGLUCY,0.007933333333333323,9330,0,False,True,False,False,False,False
SMARCA4,0.007933333333333323,9330,0,False,False,False,False,False,False
AIDA,0.007933333333333322,9332,0,False,True,False,False,False,False
RNF166,0.007899999999999999,9333,0,False,False,False,False,False,False
TAF13,0.007899999999999996,9334,0,False,False,False,False,False,False
EEF1D,0.007899999999999994,9335,0,False,True,False,False,False,False
DOCK7,0.007899999999999992,9336,0,False,False,False,False,False,False
PGGT1B,0.007866666666666662,9337,0,False,False,False,False,False,False
GANAB,0.00786666666666666,9338,0,False,False,False,False,False,False
ZMYM2,0.00786666666666666,9338,0,False,False,False,False,False,False
ZNF875,0.00786666666666666,9338,0,False,True,False,False,False,False
NR2C2,0.007866666666666659,9341,0,False,False,False,False,False,False
MDC1,0.007866666666666657,9342,0,False,False,False,False,False,False
ETHE1,0.007866666666666657,9342,0,False,False,False,False,False,False
DENND4C,0.007866666666666655,9344,0,False,False,False,False,False,False
RPL15,0.007866666666666654,9345,0,False,True,False,False,False,False
MED13,0.007866666666666654,9345,0,False,False,False,False,False,False
COX7C,0.007833333333333328,9347,0,False,False,False,False,False,False
PIGW,0.007833333333333324,9348,0,False,False,False,False,False,False
TNIP1,0.007833333333333324,9348,0,False,False,False,False,False,False
RPA2,0.007799999999999996,9350,0,False,False,False,False,False,False
TSC1,0.007799999999999995,9351,0,False,False,False,False,False,False
MRPL32,0.007799999999999995,9351,0,False,True,False,False,False,False
RBM41,0.007799999999999994,9353,0,False,False,False,False,False,False
PMS2,0.007799999999999994,9353,0,False,False,False,False,False,False
CBFA2T2,0.007799999999999989,9355,0,False,False,False,False,False,False
SNX7,0.007766666666666662,9356,0,False,False,False,False,False,False
NCBP3,0.007766666666666662,9356,0,False,False,False,False,False,False
OXLD1,0.007733333333333332,9358,0,False,True,False,False,False,False
SYNJ1,0.007733333333333332,9358,0,False,False,False,False,False,False
DDB2,0.00773333333333333,9360,0,False,False,False,False,False,False
CDC42SE1,0.007733333333333328,9361,0,False,False,False,False,False,False
MRPL33,0.007733333333333324,9362,0,False,False,False,False,False,False
SOAT1,0.0076999999999999985,9363,0,False,False,False,False,False,False
REEP3,0.0076999999999999985,9363,0,False,True,False,False,False,False
POLK,0.007699999999999998,9365,0,False,False,False,False,False,False
MTM1,0.007699999999999998,9365,0,False,False,False,False,False,False
SAP30L,0.007699999999999998,9365,0,False,True,False,False,False,False
PHLPP1,0.007699999999999996,9368,0,False,False,False,False,False,False
P4HA2,0.007699999999999994,9369,0,False,False,False,False,False,False
SMYD2,0.007699999999999994,9369,0,False,False,False,False,False,False
DNAJC2,0.007699999999999994,9369,0,False,False,False,False,False,False
DUSP3,0.007699999999999994,9369,0,False,True,False,False,False,False
XPA,0.0076999999999999924,9373,0,False,False,False,False,False,False
NAPG,0.007699999999999992,9374,0,False,False,False,False,False,False
ZMAT5,0.0076666666666666645,9375,0,False,False,False,False,False,False
RAB22A,0.007666666666666662,9376,0,False,False,False,False,False,False
BBS12,0.00766666666666666,9377,0,False,True,False,False,False,False
NEK8,0.00766666666666666,9377,0,False,False,False,False,False,False
DHX30,0.00766666666666666,9377,0,False,False,False,False,False,False
SLC25A24,0.00766666666666666,9377,0,False,True,False,False,False,False
USP31,0.0076666666666666584,9381,0,False,False,False,False,False,False
TSPYL1,0.007666666666666656,9382,0,False,False,False,False,False,False
CFAP20,0.007633333333333329,9383,0,False,True,False,False,False,False
HCFC1,0.007633333333333326,9384,0,False,False,False,False,False,False
PRXL2A,0.007633333333333326,9384,0,False,False,False,False,False,False
ZNF574,0.007599999999999998,9386,0,False,False,False,False,False,False
SMIM13,0.007599999999999998,9386,0,False,False,False,False,False,False
ARID3B,0.007599999999999998,9386,0,False,False,False,False,False,False
COASY,0.0075999999999999965,9389,0,False,False,False,False,False,False
HDLBP,0.0075999999999999965,9389,0,False,True,False,False,False,False
FHOD1,0.007599999999999995,9391,0,False,False,False,False,False,False
NAT9,0.007599999999999993,9392,0,False,False,False,False,False,False
SLC25A1,0.007599999999999993,9392,0,False,False,False,False,False,False
LITAF,0.007599999999999993,9392,0,False,True,False,False,False,False
EDC4,0.007599999999999993,9392,0,False,False,False,False,False,False
TRIM23,0.007599999999999993,9392,0,False,False,False,False,False,False
AGFG2,0.007599999999999992,9397,0,False,False,False,False,False,False
CLCN5,0.007599999999999992,9397,0,False,False,False,False,False,False
MFSD8,0.007566666666666665,9399,0,False,False,False,False,False,False
TLE1,0.007566666666666663,9400,0,False,False,False,False,False,False
CASP8AP2,0.007566666666666663,9400,0,False,False,False,False,False,False
ZNF707,0.007566666666666663,9400,0,False,False,False,False,False,False
ANKRD11,0.007566666666666663,9400,0,False,False,False,False,False,False
FBXL3,0.0075666666666666625,9404,0,False,False,False,False,False,False
SDHAF4,0.0075666666666666625,9404,0,False,False,False,False,False,False
LARP1,0.007566666666666661,9406,0,False,False,False,False,False,False
RP9,0.007566666666666661,9406,0,False,False,False,False,False,False
ZSCAN22,0.007566666666666661,9406,0,False,False,False,False,False,False
DHX37,0.007566666666666659,9409,0,False,False,False,False,False,False
TTPAL,0.007533333333333333,9410,0,False,False,False,False,False,False
PTPN4,0.007533333333333331,9411,0,False,False,False,False,False,False
SUCO,0.007533333333333329,9412,0,False,True,False,False,False,False
ALG10B,0.007533333333333329,9412,0,False,False,False,False,False,False
PGP,0.007533333333333329,9412,0,False,True,False,False,False,False
POLH,0.0075333333333333285,9415,0,False,False,False,False,False,False
EPG5,0.007533333333333327,9416,0,False,True,False,False,False,False
ETF1,0.007499999999999999,9417,0,False,False,False,False,False,False
PLPPR2,0.007499999999999994,9418,0,False,True,False,False,False,False
ZNF319,0.007499999999999994,9418,0,False,False,False,False,False,False
C8ORF37,0.007499999999999991,9420,0,False,False,False,False,False,False
GIT2,0.007466666666666664,9421,0,False,False,False,False,False,False
ERCC4,0.007466666666666664,9421,0,False,False,False,False,False,False
RBBP9,0.007466666666666664,9421,0,False,False,False,False,False,False
MAP3K20,0.007466666666666663,9424,0,False,False,False,False,False,False
MIA2,0.007466666666666663,9424,0,False,False,False,False,False,False
FAIM,0.007466666666666663,9424,0,False,False,False,False,False,False
POLR3D,0.007466666666666661,9427,0,False,True,False,False,False,False
PI4K2B,0.0074333333333333335,9428,0,False,False,False,False,False,False
TAOK2,0.00743333333333333,9429,0,False,False,False,False,False,False
FBXO33,0.00743333333333333,9429,0,False,False,False,False,False,False
SS18L1,0.007433333333333327,9431,0,False,False,False,False,False,False
CHMP1B,0.007433333333333327,9431,0,False,False,False,False,False,False
CRADD,0.007400000000000004,9433,0,False,False,False,False,False,False
RASSF3,0.007399999999999998,9434,0,False,True,False,False,False,False
FASTKD1,0.007399999999999996,9435,0,False,False,False,False,False,False
TET2,0.007399999999999995,9436,0,False,False,False,False,False,False
ATL2,0.007399999999999995,9436,0,False,True,False,False,False,False
SNAP47,0.007399999999999992,9438,0,False,False,False,False,False,False
NOP10,0.007366666666666668,9439,0,False,False,False,False,False,False
TTLL1,0.0073666666666666655,9440,0,False,False,False,False,False,False
RBBP6,0.007366666666666664,9441,0,False,False,False,False,False,False
LCMT2,0.007366666666666664,9441,0,False,False,False,False,False,False
ATP6V1C1,0.007366666666666662,9443,0,False,False,False,False,False,False
CNIH4,0.007366666666666662,9443,0,False,True,False,False,False,False
TBCEL,0.007366666666666662,9443,0,False,True,False,False,False,False
FLII,0.007333333333333334,9446,0,False,True,False,False,False,False
SELENOK,0.007333333333333332,9447,0,False,False,False,False,False,False
CLBA1,0.007333333333333331,9448,0,False,False,False,False,False,False
RPS20,0.007333333333333331,9448,0,False,True,False,False,False,False
GKAP1,0.00733333333333333,9450,0,False,False,False,False,False,False
CDR2,0.00733333333333333,9450,0,False,True,False,False,False,False
NR2C2AP,0.007300000000000001,9452,0,False,False,False,False,False,False
MAZ,0.0073,9453,0,False,True,False,False,False,False
NHLRC3,0.007299999999999998,9454,0,False,False,False,False,False,False
NMNAT1,0.007299999999999997,9455,0,False,False,False,False,False,False
ZNF691,0.007299999999999997,9455,0,False,True,False,False,False,False
ZNF224,0.007266666666666667,9457,0,False,True,False,False,False,False
MEF2D,0.007266666666666666,9458,0,False,False,False,False,False,False
CDYL,0.007266666666666664,9459,0,False,False,False,False,False,False
TMEM222,0.007233333333333335,9460,0,False,False,False,False,False,False
GATC,0.007233333333333335,9460,0,False,False,False,False,False,False
PTRHD1,0.007233333333333333,9462,0,False,False,False,False,False,False
LRRC27,0.007233333333333333,9462,0,False,True,False,False,False,False
CRK,0.007233333333333333,9462,0,False,False,False,False,False,False
ZXDA,0.007233333333333331,9465,0,False,False,False,False,False,False
DMAC2L,0.00723333333333333,9466,0,False,True,False,False,False,False
MAP4K4,0.00723333333333333,9466,0,False,False,False,False,False,False
RELCH,0.007233333333333329,9468,0,False,False,False,False,False,False
B4GALT7,0.007233333333333327,9469,0,False,False,False,False,False,False
SRR,0.007200000000000001,9470,0,False,False,False,False,False,False
SNRNP27,0.007200000000000001,9470,0,False,False,False,False,False,False
GNB1,0.007199999999999999,9472,0,False,False,False,False,False,False
KBTBD6,0.007199999999999997,9473,0,False,False,False,False,False,False
DAGLB,0.007199999999999995,9474,0,False,True,False,False,False,False
MFSD6,0.007166666666666667,9475,0,False,False,False,False,False,False
TCEAL9,0.007166666666666667,9475,0,False,True,False,False,False,False
ZNF354B,0.007166666666666665,9477,0,False,False,False,False,False,False
ACBD4,0.007166666666666665,9477,0,False,False,False,False,False,False
BCLAF3,0.007133333333333337,9479,0,False,True,False,False,False,False
SETDB2,0.007133333333333335,9480,0,False,False,False,False,False,False
SLC10A3,0.0071333333333333335,9481,0,False,False,False,False,False,False
AGO4,0.0071333333333333335,9481,0,False,False,False,False,False,False
DPH3,0.0071333333333333335,9481,0,False,False,False,False,False,False
FARS2,0.007133333333333333,9484,0,False,False,False,False,False,False
SGSH,0.007133333333333333,9484,0,False,False,False,False,False,False
ZNF266,0.007133333333333331,9486,0,False,False,False,False,False,False
BLOC1S2,0.007100000000000001,9487,0,False,False,False,False,False,False
NCOR1,0.007100000000000001,9487,0,False,False,False,False,False,False
STK4,0.007100000000000001,9487,0,False,False,False,False,False,False
TGIF1,0.0070999999999999995,9490,0,False,True,False,False,False,False
ZNF136,0.0070999999999999995,9490,0,False,False,False,False,False,False
STXBP5,0.0070999999999999995,9490,0,False,False,False,False,False,False
ZNF416,0.007099999999999998,9493,0,False,False,False,False,False,False
LEPROTL1,0.007066666666666668,9494,0,False,False,False,False,False,False
KCTD13,0.007066666666666667,9495,0,False,False,False,False,False,False
TXNRD2,0.007066666666666667,9495,0,False,False,False,False,False,False
CCNC,0.0070666666666666655,9497,0,False,False,False,False,False,False
UBQLN4,0.0070666666666666655,9497,0,False,False,False,False,False,False
TMEM30B,0.0070666666666666655,9497,0,False,False,False,False,False,False
PCNX1,0.0070666666666666655,9497,0,False,False,False,False,False,False
UBAC2,0.007033333333333334,9501,0,False,False,False,False,False,False
ROGDI,0.007000000000000002,9502,0,False,False,False,False,False,False
ELOVL5,0.007,9503,0,False,False,False,False,False,False
ZNF510,0.007,9503,0,False,False,False,False,False,False
CDC42EP4,0.007,9503,0,False,False,False,False,False,False
BCKDK,0.006966666666666668,9506,0,False,False,False,False,False,False
FAM117A,0.006966666666666668,9506,0,False,False,False,False,False,False
SPHK2,0.006966666666666668,9506,0,False,False,False,False,False,False
PSMA1,0.006966666666666668,9506,0,False,False,False,False,False,False
COA8,0.006966666666666668,9506,0,False,False,False,False,False,False
ABCF2,0.006966666666666666,9511,0,False,False,False,False,False,False
MCM9,0.0069333333333333365,9512,0,False,True,False,False,False,False
FBXO34,0.0069333333333333365,9512,0,False,False,False,False,False,False
SELENOH,0.0069333333333333365,9512,0,False,False,False,False,False,False
ZNF320,0.006933333333333334,9515,0,False,False,False,False,False,False
SLC25A40,0.0069000000000000025,9516,0,False,False,False,False,False,False
NUDT15,0.006900000000000001,9517,0,False,False,False,False,False,False
TCF20,0.006900000000000001,9517,0,False,False,False,False,False,False
JRKL,0.0069,9519,0,False,False,False,False,False,False
BCDIN3D,0.0069,9519,0,False,True,False,False,False,False
HS6ST1,0.006866666666666671,9521,0,False,True,False,False,False,False
NUFIP2,0.006866666666666671,9521,0,False,False,False,False,False,False
TCTN1,0.00686666666666667,9523,0,False,True,False,False,False,False
ERGIC3,0.00686666666666667,9523,0,False,True,False,False,False,False
CCDC82,0.00686666666666667,9523,0,False,False,False,False,False,False
PARVA,0.00686666666666667,9523,0,False,True,False,False,False,False
ZNF845,0.00686666666666667,9523,0,False,False,False,False,False,False
LRRC1,0.00686666666666667,9523,0,False,False,False,False,False,False
GPAT4,0.0068666666666666685,9529,0,False,False,False,False,False,False
RFX1,0.0068666666666666685,9529,0,False,False,False,False,False,False
ZNF44,0.0068666666666666685,9529,0,False,False,False,False,False,False
FBXL14,0.0068666666666666685,9529,0,False,False,False,False,False,False
PPP2R5B,0.0068666666666666685,9529,0,False,False,False,False,False,False
TAF1B,0.006833333333333337,9534,0,False,False,False,False,False,False
ETAA1,0.006833333333333337,9534,0,False,False,False,False,False,False
EHMT2,0.006833333333333337,9534,0,False,True,False,False,False,False
HIPK3,0.006833333333333335,9537,0,False,False,False,False,False,False
CNP,0.006833333333333335,9537,0,False,False,False,False,False,False
SUSD6,0.006833333333333335,9537,0,False,False,False,False,False,False
DHX34,0.0068333333333333345,9540,0,False,False,False,False,False,False
ZNF225,0.006800000000000005,9541,0,False,True,False,False,False,False
RPP38,0.006800000000000003,9542,0,False,True,False,False,False,False
RPS29,0.006800000000000003,9542,0,False,False,False,False,False,False
ELF1,0.006800000000000003,9542,0,False,False,False,False,False,False
PRKD2,0.006766666666666671,9545,0,False,False,False,False,False,False
E2F4,0.006766666666666671,9545,0,False,True,False,False,False,False
IL13RA1,0.006766666666666671,9545,0,False,True,False,False,False,False
C1ORF52,0.006766666666666671,9545,0,False,False,False,False,False,False
UBE2E3,0.006766666666666671,9545,0,False,False,False,False,False,False
LRR1,0.006766666666666669,9550,0,False,False,False,False,False,False
RTKN,0.006766666666666669,9550,0,False,False,False,False,False,False
NCLN,0.006766666666666669,9550,0,False,True,False,False,False,False
PRPSAP1,0.006766666666666669,9550,0,False,True,False,False,False,False
STAG1,0.006733333333333338,9554,0,False,False,False,False,False,False
KDM4C,0.006733333333333338,9554,0,False,False,False,False,False,False
RAD18,0.006733333333333338,9554,0,False,False,False,False,False,False
NOC2L,0.006733333333333338,9554,0,False,False,False,False,False,False
LYSMD2,0.006733333333333336,9558,0,False,False,False,False,False,False
NDFIP2,0.006733333333333336,9558,0,False,False,False,False,False,False
LMBRD2,0.006733333333333336,9558,0,False,True,False,False,False,False
LZTS2,0.006733333333333336,9558,0,False,False,False,False,False,False
SH3GLB2,0.006733333333333336,9558,0,False,False,False,False,False,False
SUMO3,0.006733333333333336,9558,0,False,False,False,False,False,False
TWF2,0.006733333333333336,9558,0,False,False,False,False,False,False
GNB5,0.006733333333333336,9558,0,False,False,False,False,False,False
NAA10,0.006700000000000005,9566,0,False,False,False,False,False,False
DPY30,0.006700000000000004,9567,0,False,False,False,False,False,False
STX8,0.006700000000000004,9567,0,False,False,False,False,False,False
ANKRD46,0.006666666666666671,9569,0,False,False,False,False,False,False
TMEM42,0.006666666666666671,9569,0,False,False,False,False,False,False
YLPM1,0.006666666666666671,9569,0,False,True,False,False,False,False
HERC6,0.006666666666666671,9569,0,False,False,False,False,False,False
COQ3,0.006666666666666671,9569,0,False,False,False,False,False,False
NEMP2,0.006666666666666671,9569,0,False,False,False,False,False,False
EPN2,0.006633333333333338,9575,0,False,False,False,False,False,False
FEM1C,0.006633333333333338,9575,0,False,True,False,False,False,False
WDR1,0.006633333333333338,9575,0,False,False,False,False,False,False
IFT122,0.006633333333333338,9575,0,False,False,False,False,False,False
PHKA2,0.006633333333333338,9575,0,False,True,False,False,False,False
SPRED2,0.006633333333333337,9580,0,False,True,False,False,False,False
ZNF592,0.006600000000000005,9581,0,False,True,False,False,False,False
ARHGEF5,0.006600000000000005,9581,0,False,False,False,False,False,False
PEX1,0.006600000000000005,9581,0,False,False,False,False,False,False
ZNF75D,0.006600000000000005,9581,0,False,False,False,False,False,False
AP1G2,0.006600000000000005,9581,0,False,True,False,False,False,False
ASF1A,0.006600000000000005,9581,0,False,False,False,False,False,False
EIF4G1,0.006600000000000005,9581,0,False,False,False,False,False,False
ZNF526,0.006600000000000005,9581,0,False,False,False,False,False,False
DCTN1,0.006600000000000005,9581,0,False,True,False,False,False,False
MAPRE1,0.006600000000000005,9581,0,False,False,False,False,False,False
CAB39,0.006600000000000005,9581,0,False,False,False,False,False,False
DDX50,0.006600000000000005,9581,0,False,False,False,False,False,False
PSME4,0.006566666666666672,9593,0,False,False,False,False,False,False
PSMC1,0.006566666666666672,9593,0,False,False,False,False,False,False
CARMIL1,0.006566666666666672,9593,0,False,False,False,False,False,False
STRAP,0.006566666666666672,9593,0,False,False,False,False,False,False
KTN1,0.006566666666666672,9593,0,False,False,False,False,False,False
ZNF444,0.006566666666666672,9593,0,False,False,False,False,False,False
IRF2BPL,0.006566666666666672,9593,0,False,True,False,False,False,False
AGK,0.006566666666666672,9593,0,False,False,False,False,False,False
CREB3L2,0.006566666666666671,9601,0,False,False,False,False,False,False
SMDT1,0.006566666666666671,9601,0,False,False,False,False,False,False
IPMK,0.006566666666666671,9601,0,False,False,False,False,False,False
ELP5,0.006533333333333338,9604,0,False,False,False,False,False,False
KIFBP,0.006533333333333338,9604,0,False,False,False,False,False,False
CTDSP2,0.006533333333333338,9604,0,False,False,False,False,False,False
HABP4,0.006533333333333338,9604,0,False,False,False,False,False,False
ZNF408,0.006533333333333338,9604,0,False,False,False,False,False,False
HOOK2,0.006500000000000005,9609,0,False,False,False,False,False,False
PSMD12,0.006500000000000005,9609,0,False,False,False,False,False,False
MSH6,0.006500000000000004,9611,0,False,False,False,False,False,False
FAM214B,0.006500000000000004,9611,0,False,True,False,False,False,False
RCOR3,0.006500000000000004,9611,0,False,False,False,False,False,False
FARP1,0.006500000000000004,9611,0,False,False,False,False,False,False
NOL3,0.006466666666666672,9615,0,False,False,False,False,False,False
RHOG,0.006466666666666672,9615,0,False,True,False,False,False,False
CHKA,0.006466666666666672,9615,0,False,False,False,False,False,False
RPIA,0.006466666666666672,9615,0,False,False,False,False,False,False
GEMIN6,0.006433333333333339,9619,0,False,False,False,False,False,False
AKR1A1,0.006433333333333339,9619,0,False,False,False,False,False,False
CADPS2,0.006433333333333339,9619,0,False,False,False,False,False,False
OXR1,0.006433333333333339,9619,0,False,True,False,False,False,False
MAN2B1,0.006433333333333338,9623,0,False,False,False,False,False,False
MAP3K2,0.006433333333333338,9623,0,False,False,False,False,False,False
DDX31,0.006433333333333338,9623,0,False,False,False,False,False,False
EIF3A,0.006400000000000005,9626,0,False,False,False,False,False,False
SNAP23,0.006400000000000005,9626,0,False,False,False,False,False,False
SMCO4,0.006400000000000005,9626,0,False,False,False,False,False,False
PHF1,0.006400000000000005,9626,0,False,True,False,False,False,False
SEC61B,0.006400000000000005,9626,0,False,True,False,False,False,False
ZNF341,0.006400000000000005,9626,0,False,False,False,False,False,False
TMEM208,0.006400000000000004,9632,0,False,False,False,False,False,False
CEP44,0.0063666666666666715,9633,0,False,True,False,False,False,False
ZC3H6,0.0063666666666666715,9633,0,False,False,False,False,False,False
LRFN3,0.0063666666666666715,9633,0,False,False,False,False,False,False
OSTM1,0.0063666666666666715,9633,0,False,False,False,False,False,False
PHB,0.0063666666666666715,9633,0,False,False,False,False,False,False
SH3BP2,0.0063666666666666715,9633,0,False,False,False,False,False,False
SMPD2,0.0063666666666666715,9633,0,False,False,False,False,False,False
SBF1,0.0063666666666666715,9633,0,False,False,False,False,False,False
CLK2,0.006366666666666671,9641,0,False,False,False,False,False,False
NAGLU,0.006333333333333338,9642,0,False,True,False,False,False,False
ANXA4,0.006333333333333338,9642,0,False,False,False,False,False,False
TIMM13,0.006333333333333338,9642,0,False,True,False,False,False,False
ZFYVE19,0.006333333333333338,9642,0,False,False,False,False,False,False
TRABD,0.006333333333333338,9642,0,False,False,False,False,False,False
IL17RC,0.0063333333333333375,9647,0,False,False,False,False,False,False
ANKRD16,0.0063333333333333375,9647,0,False,False,False,False,False,False
TBC1D10A,0.0063333333333333375,9647,0,False,True,False,False,False,False
RDH11,0.0063333333333333375,9647,0,False,False,False,False,False,False
NCOA2,0.006300000000000005,9651,0,False,False,False,False,False,False
R3HDM4,0.006300000000000005,9651,0,False,False,False,False,False,False
MAPK13,0.006300000000000005,9651,0,False,False,False,False,False,False
ZNF426,0.006300000000000005,9651,0,False,False,False,False,False,False
CCDC91,0.006300000000000005,9651,0,False,False,False,False,False,False
SDCCAG8,0.006300000000000004,9656,0,False,False,False,False,False,False
EXOSC7,0.006266666666666671,9657,0,False,False,False,False,False,False
MFSD5,0.006266666666666671,9657,0,False,False,False,False,False,False
PDE4A,0.006266666666666671,9657,0,False,True,False,False,False,False
ZNF17,0.006266666666666671,9657,0,False,False,False,False,False,False
ZNF22,0.006266666666666671,9657,0,False,False,False,False,False,False
CDPF1,0.006266666666666671,9657,0,False,False,False,False,False,False
ZKSCAN2,0.006266666666666671,9657,0,False,False,False,False,False,False
USP46,0.006266666666666671,9657,0,False,False,False,False,False,False
MAPKAPK2,0.006266666666666671,9657,0,False,True,False,False,False,False
AP4E1,0.006266666666666671,9657,0,False,False,False,False,False,False
TNK1,0.006266666666666671,9657,0,False,False,False,False,False,False
YPEL5,0.006266666666666671,9657,0,False,False,False,False,False,False
TIMM22,0.00626666666666667,9669,0,False,False,False,False,False,False
GYG1,0.00626666666666667,9669,0,False,True,False,False,False,False
RRP1,0.006233333333333338,9671,0,False,False,False,False,False,False
COMT,0.006233333333333338,9671,0,False,True,False,False,False,False
RBM8A,0.006233333333333338,9671,0,False,False,False,False,False,False
KIAA0753,0.006233333333333338,9671,0,False,False,False,False,False,False
GALNT11,0.006233333333333338,9671,0,False,False,False,False,False,False
KCTD9,0.006233333333333338,9671,0,False,False,False,False,False,False
GPR155,0.006233333333333338,9671,0,False,False,False,False,False,False
RAB29,0.006233333333333338,9671,0,False,False,False,False,False,False
SENP2,0.006233333333333338,9671,0,False,False,False,False,False,False
CRTC1,0.006233333333333338,9671,0,False,True,False,False,False,False
BORCS8,0.006233333333333338,9671,0,False,False,False,False,False,False
PXK,0.006233333333333338,9671,0,False,True,False,False,False,False
ZNF345,0.006233333333333337,9683,0,False,True,False,False,False,False
YIF1B,0.006200000000000005,9684,0,False,False,False,False,False,False
ERC1,0.006200000000000005,9684,0,False,False,False,False,False,False
NIPA2,0.006200000000000005,9684,0,False,False,False,False,False,False
CEP135,0.006200000000000005,9684,0,False,False,False,False,False,False
PHF13,0.006200000000000005,9684,0,False,False,False,False,False,False
TAF2,0.006200000000000005,9684,0,False,False,False,False,False,False
GNPDA2,0.006200000000000005,9684,0,False,False,False,False,False,False
MIB2,0.006200000000000004,9691,0,False,False,False,False,False,False
MLLT1,0.006166666666666671,9692,0,False,False,False,False,False,False
DYNLRB1,0.006166666666666671,9692,0,False,False,False,False,False,False
EFR3A,0.006166666666666671,9692,0,False,False,False,False,False,False
HPS1,0.006166666666666671,9692,0,False,False,False,False,False,False
PRPF8,0.006166666666666671,9692,0,False,False,False,False,False,False
VHL,0.006166666666666671,9692,0,False,False,False,False,False,False
FOXN2,0.006166666666666671,9692,0,False,False,False,False,False,False
ZNF529,0.006133333333333338,9699,0,False,False,False,False,False,False
PRELID1,0.006133333333333338,9699,0,False,False,False,False,False,False
GNG12,0.006133333333333338,9699,0,False,True,False,False,False,False
CEP78,0.006133333333333338,9699,0,False,False,False,False,False,False
SNRNP200,0.006133333333333338,9699,0,False,False,False,False,False,False
PANK3,0.006133333333333338,9699,0,False,False,False,False,False,False
CMTM6,0.006133333333333337,9705,0,False,False,False,False,False,False
HSD17B12,0.006133333333333337,9705,0,False,False,False,False,False,False
RTF1,0.006100000000000005,9707,0,False,False,False,False,False,False
THUMPD2,0.006100000000000005,9707,0,False,False,False,False,False,False
GAS8,0.006100000000000005,9707,0,False,False,False,False,False,False
ZNF688,0.006100000000000005,9707,0,False,False,False,False,False,False
IMPDH1,0.006100000000000005,9707,0,False,True,False,False,False,False
GLCE,0.006100000000000005,9707,0,False,False,False,False,False,False
PDCD11,0.006100000000000005,9707,0,False,False,False,False,False,False
TRADD,0.006100000000000005,9707,0,False,False,False,False,False,False
CLPP,0.006100000000000005,9707,0,False,False,False,False,False,False
CYTH1,0.006100000000000004,9716,0,False,False,False,False,False,False
FKBP9,0.006100000000000004,9716,0,False,False,False,False,False,False
ANXA9,0.006100000000000004,9716,0,False,False,False,False,False,False
LAMTOR4,0.006100000000000004,9716,0,False,True,False,False,False,False
WRN,0.006100000000000004,9716,0,False,False,False,False,False,False
UBTD2,0.006066666666666672,9721,0,False,False,False,False,False,False
HADH,0.006066666666666672,9721,0,False,False,False,False,False,False
TERF1,0.006066666666666672,9721,0,False,False,False,False,False,False
INPP5F,0.006066666666666672,9721,0,False,False,False,False,False,False
RFX5,0.006066666666666672,9721,0,False,False,False,False,False,False
DNTTIP2,0.006066666666666672,9721,0,False,True,False,False,False,False
RBM33,0.006066666666666672,9721,0,False,True,False,False,False,False
ZNF28,0.006066666666666672,9721,0,False,True,False,False,False,False
SNRPD1,0.006066666666666672,9721,0,False,True,False,False,False,False
ERCC6,0.006066666666666672,9721,0,False,False,False,False,False,False
MRPL4,0.006066666666666672,9721,0,False,False,False,False,False,False
PPME1,0.006066666666666671,9732,0,False,False,False,False,False,False
PRR14L,0.006066666666666671,9732,0,False,False,False,False,False,False
FAN1,0.006033333333333338,9734,0,False,False,False,False,False,False
SMIM26,0.006033333333333338,9734,0,False,False,False,False,False,False
CCDC57,0.006033333333333338,9734,0,False,False,False,False,False,False
KEAP1,0.006033333333333338,9734,0,False,False,False,False,False,False
POLRMT,0.006033333333333338,9734,0,False,False,False,False,False,False
CAPN2,0.006033333333333338,9734,0,False,False,False,False,False,False
TRMT112,0.006033333333333338,9734,0,False,False,False,False,False,False
CDK2AP1,0.006033333333333338,9734,0,False,True,False,False,False,False
NSMCE3,0.0060000000000000045,9742,0,False,False,False,False,False,False
EEA1,0.0060000000000000045,9742,0,False,False,False,False,False,False
ZNF606,0.0060000000000000045,9742,0,False,False,False,False,False,False
CLOCK,0.0060000000000000045,9742,0,False,False,False,False,False,False
KDM1A,0.0060000000000000045,9742,0,False,False,False,False,False,False
SPRYD3,0.0060000000000000045,9742,0,False,False,False,False,False,False
PARP14,0.0060000000000000045,9742,0,False,False,False,False,False,False
DCTN3,0.006000000000000004,9749,0,False,False,False,False,False,False
ARPP19,0.006000000000000004,9749,0,False,False,False,False,False,False
IDH3A,0.006000000000000004,9749,0,False,False,False,False,False,False
ZNF557,0.006000000000000004,9749,0,False,False,False,False,False,False
C2CD2L,0.005966666666666671,9753,0,False,False,False,False,False,False
POU2F1,0.005966666666666671,9753,0,False,False,False,False,False,False
COX5B,0.005966666666666671,9753,0,False,False,False,False,False,False
FAM53C,0.005966666666666671,9753,0,False,False,False,False,False,False
PHF3,0.005966666666666671,9753,0,False,False,False,False,False,False
MANBA,0.005966666666666671,9753,0,False,False,False,False,False,False
AP4M1,0.005966666666666671,9753,0,False,True,False,False,False,False
ZNF813,0.005966666666666671,9753,0,False,True,False,False,False,False
PPARA,0.005966666666666671,9753,0,False,False,False,False,False,False
VPS37C,0.005966666666666671,9753,0,False,True,False,False,False,False
ZMYM3,0.005966666666666671,9753,0,False,False,False,False,False,False
POLR1C,0.0059666666666666705,9764,0,False,True,False,False,False,False
ZNF143,0.0059666666666666705,9764,0,False,False,False,False,False,False
CPEB4,0.005933333333333338,9766,0,False,False,False,False,False,False
ZBTB49,0.005933333333333338,9766,0,False,False,False,False,False,False
NTPCR,0.005933333333333338,9766,0,False,True,False,False,False,False
NCOA1,0.005933333333333338,9766,0,False,True,False,False,False,False
CUL9,0.005933333333333338,9766,0,False,False,False,False,False,False
CCNK,0.005933333333333338,9766,0,False,False,False,False,False,False
CENPT,0.005933333333333337,9772,0,False,False,False,False,False,False
HIRIP3,0.005900000000000004,9773,0,False,False,False,False,False,False
EDEM1,0.005900000000000004,9773,0,False,False,False,False,False,False
WDR81,0.005900000000000004,9773,0,False,False,False,False,False,False
ALKBH4,0.005900000000000004,9773,0,False,False,False,False,False,False
POT1,0.005900000000000004,9773,0,False,False,False,False,False,False
NHLRC2,0.005900000000000004,9773,0,False,False,False,False,False,False
GCA,0.005900000000000004,9773,0,False,False,False,False,False,False
FNBP1L,0.005900000000000004,9773,0,False,False,False,False,False,False
MR1,0.005866666666666671,9781,0,False,False,False,False,False,False
MOSPD2,0.005866666666666671,9781,0,False,False,False,False,False,False
MBD3,0.005866666666666671,9781,0,False,False,False,False,False,False
POGLUT3,0.005866666666666671,9781,0,False,False,False,False,False,False
NAA15,0.005866666666666671,9781,0,False,False,False,False,False,False
PRDM10,0.005866666666666671,9781,0,False,False,False,False,False,False
HINT3,0.005866666666666671,9781,0,False,True,False,False,False,False
DCAKD,0.005833333333333338,9788,0,False,False,False,False,False,False
PIN1,0.005833333333333338,9788,0,False,False,False,False,False,False
CEP164,0.005833333333333338,9788,0,False,False,False,False,False,False
MAGT1,0.005833333333333338,9788,0,False,True,False,False,False,False
TRUB1,0.005833333333333338,9788,0,False,False,False,False,False,False
TRIM8,0.005833333333333338,9788,0,False,False,False,False,False,False
KLHL28,0.005833333333333338,9788,0,False,False,False,False,False,False
ALKBH8,0.005833333333333338,9788,0,False,False,False,False,False,False
SEPTIN2,0.005833333333333337,9796,0,False,False,False,False,False,False
ZBTB7B,0.005833333333333337,9796,0,False,False,False,False,False,False
PLEKHJ1,0.005833333333333337,9796,0,False,False,False,False,False,False
GTPBP3,0.005800000000000005,9799,0,False,True,False,False,False,False
ACTR3,0.005800000000000005,9799,0,False,True,False,False,False,False
BROX,0.005800000000000005,9799,0,False,False,False,False,False,False
ST3GAL2,0.005800000000000005,9799,0,False,False,False,False,False,False
LMAN1,0.005800000000000005,9799,0,False,True,False,False,False,False
HECA,0.005800000000000005,9799,0,False,False,False,False,False,False
ORC3,0.005800000000000005,9799,0,False,False,False,False,False,False
EXOC6,0.005800000000000005,9799,0,False,False,False,False,False,False
ZNF721,0.005800000000000005,9799,0,False,False,False,False,False,False
PCCB,0.005800000000000005,9799,0,False,True,False,False,False,False
ZNF79,0.005800000000000004,9809,0,False,False,False,False,False,False
NUDT19,0.005766666666666671,9810,0,False,True,False,False,False,False
TCTN3,0.005766666666666671,9810,0,False,True,False,False,False,False
G6PC3,0.005766666666666671,9810,0,False,False,False,False,False,False
SRFBP1,0.005766666666666671,9810,0,False,False,False,False,False,False
TBC1D16,0.00576666666666667,9814,0,False,False,False,False,False,False
ABCB8,0.00576666666666667,9814,0,False,False,False,False,False,False
FYTTD1,0.005733333333333338,9816,0,False,False,False,False,False,False
WTAP,0.005733333333333338,9816,0,False,True,False,False,False,False
XPNPEP3,0.005733333333333338,9816,0,False,False,False,False,False,False
AFF4,0.005733333333333338,9816,0,False,False,False,False,False,False
ARID1A,0.005733333333333338,9816,0,False,False,False,False,False,False
DR1,0.005733333333333338,9816,0,False,False,False,False,False,False
NAPB,0.005733333333333338,9816,0,False,True,False,False,False,False
NCKAP5L,0.005733333333333338,9816,0,False,False,False,False,False,False
POLI,0.005733333333333338,9816,0,False,False,False,False,False,False
AGAP1,0.005733333333333338,9816,0,False,False,False,False,False,False
SWI5,0.005733333333333338,9816,0,False,False,False,False,False,False
DHFR2,0.005733333333333337,9827,0,False,True,False,False,False,False
BLCAP,0.005733333333333337,9827,0,False,False,False,False,False,False
RNF2,0.005733333333333337,9827,0,False,False,False,False,False,False
NME6,0.005733333333333337,9827,0,False,False,False,False,False,False
TTI1,0.005733333333333337,9827,0,False,True,False,False,False,False
GTPBP8,0.0057000000000000045,9832,0,False,True,False,False,False,False
GHDC,0.0057000000000000045,9832,0,False,False,False,False,False,False
SETX,0.0057000000000000045,9832,0,False,False,False,False,False,False
BTN2A2,0.0057000000000000045,9832,0,False,False,False,False,False,False
CTTN,0.0057000000000000045,9832,0,False,False,False,False,False,False
CHRAC1,0.0057000000000000045,9832,0,False,False,False,False,False,False
CHCHD3,0.0057000000000000045,9832,0,False,False,False,False,False,False
TCEAL4,0.0057000000000000045,9832,0,False,False,False,False,False,False
SNTB2,0.0057000000000000045,9832,0,False,False,False,False,False,False
ZBTB39,0.005700000000000004,9841,0,False,True,False,False,False,False
TRAPPC2,0.0056666666666666705,9842,0,False,True,False,False,False,False
DYNLT1,0.0056666666666666705,9842,0,False,True,False,False,False,False
USP1,0.0056666666666666705,9842,0,False,True,False,False,False,False
SWT1,0.0056666666666666705,9842,0,False,False,False,False,False,False
RAD51D,0.0056666666666666705,9842,0,False,False,False,False,False,False
TBC1D12,0.0056666666666666705,9842,0,False,False,False,False,False,False
IGF2R,0.0056666666666666705,9842,0,False,True,False,False,False,False
HS2ST1,0.005633333333333337,9849,0,False,True,False,False,False,False
GNL3L,0.005633333333333337,9849,0,False,False,False,False,False,False
NEMF,0.005633333333333337,9849,0,False,False,False,False,False,False
POLA1,0.005633333333333337,9849,0,False,False,False,False,False,False
SIPA1,0.005633333333333337,9849,0,False,False,False,False,False,False
SEPTIN9,0.005633333333333337,9849,0,False,True,False,False,False,False
POLR3GL,0.005633333333333337,9849,0,False,False,False,False,False,False
TAF7,0.005633333333333337,9849,0,False,False,False,False,False,False
SECISBP2,0.005633333333333337,9849,0,False,False,False,False,False,False
ATP8B1,0.005600000000000004,9858,0,False,True,False,False,False,False
FAM174A,0.005600000000000004,9858,0,False,False,False,False,False,False
ZBED1,0.005600000000000004,9858,0,False,False,False,False,False,False
NUP153,0.005566666666666671,9861,0,False,False,False,False,False,False
EXD3,0.005566666666666671,9861,0,False,False,False,False,False,False
MSH3,0.005566666666666671,9861,0,False,False,False,False,False,False
CTNNA1,0.00556666666666667,9864,0,False,False,False,False,False,False
RBMXL1,0.005533333333333337,9865,0,False,False,False,False,False,False
FRA10AC1,0.005533333333333337,9865,0,False,False,False,False,False,False
RB1CC1,0.005533333333333337,9865,0,False,False,False,False,False,False
SUB1,0.005533333333333337,9865,0,False,False,False,False,False,False
SFT2D2,0.005533333333333337,9865,0,False,False,False,False,False,False
CLUAP1,0.005533333333333337,9865,0,False,False,False,False,False,False
KIF5B,0.005500000000000004,9871,0,False,False,False,False,False,False
GOLGA5,0.005500000000000004,9871,0,False,False,False,False,False,False
ABHD12,0.005500000000000004,9871,0,False,False,False,False,False,False
STAT5A,0.005500000000000004,9871,0,False,False,False,False,False,False
VCPIP1,0.005500000000000004,9871,0,False,False,False,False,False,False
PEX5,0.005500000000000004,9871,0,False,False,False,False,False,False
MARK2,0.005500000000000004,9871,0,False,False,False,False,False,False
SUOX,0.005500000000000003,9878,0,False,False,False,False,False,False
ZDHHC17,0.005500000000000003,9878,0,False,True,False,False,False,False
SH3GL1,0.005500000000000003,9878,0,False,False,False,False,False,False
CTTNBP2NL,0.005466666666666671,9881,0,False,False,False,False,False,False
ENTPD5,0.005466666666666671,9881,0,False,True,False,False,False,False
CEPT1,0.005466666666666671,9881,0,False,True,False,False,False,False
KCTD10,0.00546666666666667,9884,0,False,False,False,False,False,False
HEXB,0.005433333333333338,9885,0,False,False,False,False,False,False
KCTD6,0.005433333333333338,9885,0,False,False,False,False,False,False
PDRG1,0.005433333333333338,9885,0,False,False,False,False,False,False
ARSK,0.005433333333333338,9885,0,False,False,False,False,False,False
TAF1,0.005433333333333338,9885,0,False,False,False,False,False,False
ZC3H7B,0.005433333333333338,9885,0,False,False,False,False,False,False
ZUP1,0.005433333333333338,9885,0,False,False,False,False,False,False
POLR2F,0.005433333333333338,9885,0,False,True,False,False,False,False
APH1A,0.005433333333333338,9885,0,False,False,False,False,False,False
RPL38,0.005433333333333338,9885,0,False,False,False,False,False,False
LETMD1,0.005433333333333337,9895,0,False,False,False,False,False,False
SNRNP48,0.005400000000000004,9896,0,False,False,False,False,False,False
CLIP1,0.005400000000000004,9896,0,False,False,False,False,False,False
SLC35D1,0.005400000000000004,9896,0,False,False,False,False,False,False
DLAT,0.005400000000000004,9896,0,False,False,False,False,False,False
TSPYL4,0.005400000000000004,9896,0,False,False,False,False,False,False
C14ORF93,0.005366666666666671,9901,0,False,False,False,False,False,False
SIPA1L1,0.005366666666666671,9901,0,False,True,False,False,False,False
GPRASP2,0.005366666666666671,9901,0,False,False,False,False,False,False
LYRM7,0.005366666666666671,9901,0,False,True,False,False,False,False
STX6,0.005366666666666671,9901,0,False,True,False,False,False,False
OSBPL1A,0.005366666666666671,9901,0,False,True,False,False,False,False
ACADM,0.00536666666666667,9907,0,False,False,False,False,False,False
DCLRE1A,0.00536666666666667,9907,0,False,False,False,False,False,False
TGOLN2,0.00536666666666667,9907,0,False,False,False,False,False,False
LMBR1,0.0053333333333333375,9910,0,False,False,False,False,False,False
RFK,0.0053333333333333375,9910,0,False,True,False,False,False,False
TTC13,0.0053333333333333375,9910,0,False,False,False,False,False,False
ANKRD27,0.0053333333333333375,9910,0,False,False,False,False,False,False
SHISA5,0.0053333333333333375,9910,0,False,False,False,False,False,False
IK,0.005333333333333337,9915,0,False,False,False,False,False,False
HIGD1A,0.005300000000000004,9916,0,False,False,False,False,False,False
PIK3CA,0.005300000000000004,9916,0,False,False,False,False,False,False
B3GAT3,0.005300000000000004,9916,0,False,False,False,False,False,False
STAU1,0.005300000000000004,9916,0,False,True,False,False,False,False
GRAMD1A,0.005300000000000004,9916,0,False,False,False,False,False,False
CERK,0.005300000000000004,9916,0,False,False,False,False,False,False
NCK2,0.005300000000000004,9916,0,False,True,False,False,False,False
MPHOSPH10,0.005300000000000004,9916,0,False,False,False,False,False,False
PHF21A,0.005300000000000004,9916,0,False,False,False,False,False,False
DHX57,0.005300000000000004,9916,0,False,False,False,False,False,False
STK40,0.005300000000000004,9916,0,False,False,False,False,False,False
MBD6,0.0053000000000000035,9927,0,False,False,False,False,False,False
PTPRE,0.00526666666666667,9928,0,False,False,False,False,False,False
REXO1,0.00526666666666667,9928,0,False,True,False,False,False,False
NCOA6,0.00526666666666667,9928,0,False,False,False,False,False,False
TCP1,0.00526666666666667,9928,0,False,False,False,False,False,False
WDR92,0.00526666666666667,9928,0,False,False,False,False,False,False
MFSD12,0.00526666666666667,9928,0,False,True,False,False,False,False
GSKIP,0.00526666666666667,9928,0,False,False,False,False,False,False
FOCAD,0.00526666666666667,9928,0,False,False,False,False,False,False
C16ORF91,0.00526666666666667,9928,0,False,False,False,False,False,False
ZNF76,0.0052666666666666695,9937,0,False,False,False,False,False,False
KATNB1,0.0052666666666666695,9937,0,False,False,False,False,False,False
UBL5,0.0052666666666666695,9937,0,False,True,False,False,False,False
MARVELD2,0.005233333333333337,9940,0,False,False,False,False,False,False
ZBTB44,0.005233333333333337,9940,0,False,False,False,False,False,False
IFT74,0.005233333333333337,9940,0,False,False,False,False,False,False
HTATIP2,0.005233333333333337,9940,0,False,True,False,False,False,False
MXI1,0.005233333333333337,9940,0,False,False,False,False,False,False
KCTD7,0.005233333333333337,9940,0,False,False,False,False,False,False
AGL,0.005233333333333337,9940,0,False,False,False,False,False,False
YTHDF3,0.005233333333333337,9940,0,False,False,False,False,False,False
GRWD1,0.005233333333333337,9940,0,False,False,False,False,False,False
COX6B1,0.005233333333333336,9949,0,False,False,False,False,False,False
NTAN1,0.005233333333333336,9949,0,False,False,False,False,False,False
ZBTB5,0.005233333333333336,9949,0,False,False,False,False,False,False
NFYA,0.005233333333333336,9949,0,False,False,False,False,False,False
PRADC1,0.005200000000000004,9953,0,False,True,False,False,False,False
SETDB1,0.005200000000000004,9953,0,False,False,False,False,False,False
LMBRD1,0.005200000000000004,9953,0,False,False,False,False,False,False
ZNF383,0.005200000000000004,9953,0,False,True,False,False,False,False
LRCH3,0.005200000000000004,9953,0,False,False,False,False,False,False
GTF3A,0.005200000000000004,9953,0,False,False,False,False,False,False
LIMA1,0.005200000000000004,9953,0,False,True,False,False,False,False
P2RX4,0.005200000000000004,9953,0,False,False,False,False,False,False
DEDD2,0.005200000000000004,9953,0,False,False,False,False,False,False
ARHGEF12,0.005200000000000004,9953,0,False,False,False,False,False,False
GTPBP10,0.005200000000000004,9953,0,False,False,False,False,False,False
NUP35,0.005200000000000003,9964,0,False,False,False,False,False,False
CCNG1,0.005200000000000003,9964,0,False,False,False,False,False,False
GNE,0.005200000000000003,9964,0,False,False,False,False,False,False
RFX7,0.005200000000000003,9964,0,False,False,False,False,False,False
WDR25,0.00516666666666667,9968,0,False,False,False,False,False,False
ATP2C1,0.00516666666666667,9968,0,False,False,False,False,False,False
LYRM1,0.00516666666666667,9968,0,False,False,False,False,False,False
RUSF1,0.00516666666666667,9968,0,False,False,False,False,False,False
SGSM2,0.00516666666666667,9968,0,False,True,False,False,False,False
BCKDHB,0.00516666666666667,9968,0,False,False,False,False,False,False
SDHD,0.00516666666666667,9968,0,False,False,False,False,False,False
ZNF248,0.00516666666666667,9968,0,False,False,False,False,False,False
CHIC1,0.00516666666666667,9968,0,False,False,False,False,False,False
NDUFB3,0.005133333333333337,9977,0,False,False,False,False,False,False
HDAC6,0.005133333333333337,9977,0,False,False,False,False,False,False
GABPB1,0.005133333333333337,9977,0,False,True,False,False,False,False
C15ORF39,0.005133333333333337,9977,0,False,False,False,False,False,False
REXO2,0.005133333333333337,9977,0,False,False,False,False,False,False
ACVR2A,0.005133333333333337,9977,0,False,True,False,False,False,False
CFDP1,0.005133333333333337,9977,0,False,False,False,False,False,False
U2SURP,0.005133333333333337,9977,0,False,False,False,False,False,False
DENND5A,0.005133333333333336,9985,0,False,False,False,False,False,False
MED14,0.005100000000000004,9986,0,False,True,False,False,False,False
MRPL52,0.005100000000000004,9986,0,False,False,False,False,False,False
RIC1,0.005100000000000004,9986,0,False,True,False,False,False,False
TELO2,0.005100000000000004,9986,0,False,False,False,False,False,False
BACE1,0.005100000000000004,9986,0,False,False,False,False,False,False
NOC3L,0.005100000000000004,9986,0,False,False,False,False,False,False
SYVN1,0.005100000000000004,9986,0,False,False,False,False,False,False
MYO9B,0.005100000000000003,9993,0,False,False,False,False,False,False
C5ORF15,0.005100000000000003,9993,0,False,False,False,False,False,False
BCOR,0.005066666666666671,9995,0,False,False,False,False,False,False
EIF4EBP2,0.005066666666666671,9995,0,False,False,False,False,False,False
PNN,0.005066666666666671,9995,0,False,False,False,False,False,False
SEH1L,0.005066666666666671,9995,0,False,False,False,False,False,False
RBMS1,0.005066666666666671,9995,0,False,False,False,False,False,False
RRP1B,0.005066666666666671,9995,0,False,False,False,False,False,False
CUL7,0.005066666666666671,9995,0,False,False,False,False,False,False
CTDSP1,0.005066666666666671,9995,0,False,False,False,False,False,False
ZNF264,0.005066666666666671,9995,0,False,False,False,False,False,False
PSMC6,0.005066666666666671,9995,0,False,False,False,False,False,False
ZNF329,0.005066666666666671,9995,0,False,False,False,False,False,False
ZSWIM8,0.005066666666666671,9995,0,False,True,False,False,False,False
ZSCAN26,0.00506666666666667,10007,0,False,True,False,False,False,False
ZNF654,0.00506666666666667,10007,0,False,False,False,False,False,False
TAF9,0.005033333333333337,10009,0,False,False,False,False,False,False
PIK3C3,0.005033333333333337,10009,0,False,True,False,False,False,False
RNF11,0.005033333333333337,10009,0,False,False,False,False,False,False
ZNF544,0.005033333333333337,10009,0,False,True,False,False,False,False
CXXC5,0.005033333333333337,10009,0,False,True,False,False,False,False
MCEE,0.005033333333333337,10009,0,False,False,False,False,False,False
LYPLAL1,0.005033333333333337,10009,0,False,False,False,False,False,False
EDRF1,0.005033333333333337,10009,0,False,True,False,False,False,False
NCSTN,0.005000000000000004,10017,0,False,False,False,False,False,False
MTRF1,0.005000000000000004,10017,0,False,False,False,False,False,False
SUPV3L1,0.005000000000000004,10017,0,False,False,False,False,False,False
NSUN3,0.005000000000000004,10017,0,False,False,False,False,False,False
DNAJC1,0.005000000000000004,10017,0,False,True,False,False,False,False
CEP120,0.005000000000000004,10017,0,False,False,False,False,False,False
NOL6,0.005000000000000004,10017,0,False,True,False,False,False,False
TPM4,0.005000000000000004,10017,0,False,False,False,False,False,False
DIAPH1,0.005000000000000004,10017,0,False,False,False,False,False,False
SPG7,0.005000000000000003,10026,0,False,False,False,False,False,False
FNIP1,0.0049666666666666704,10027,0,False,True,False,False,False,False
POLR1F,0.0049666666666666704,10027,0,False,False,False,False,False,False
RAI14,0.0049666666666666704,10027,0,False,True,False,False,False,False
SLC44A1,0.0049666666666666704,10027,0,False,False,False,False,False,False
RPF2,0.0049666666666666704,10027,0,False,True,False,False,False,False
FAM210B,0.0049666666666666704,10027,0,False,False,False,False,False,False
OGA,0.0049666666666666704,10027,0,False,True,False,False,False,False
AKAP1,0.00496666666666667,10034,0,False,False,False,False,False,False
FAM91A1,0.004933333333333337,10035,0,False,False,False,False,False,False
CLASP2,0.004933333333333337,10035,0,False,False,False,False,False,False
UBAP2L,0.004933333333333337,10035,0,False,False,False,False,False,False
VRK2,0.004933333333333337,10035,0,False,False,False,False,False,False
TMC6,0.004933333333333337,10035,0,False,False,False,False,False,False
ALPK1,0.004933333333333337,10035,0,False,False,False,False,False,False
CENPQ,0.004933333333333337,10035,0,False,True,False,False,False,False
SNX6,0.004933333333333337,10035,0,False,True,False,False,False,False
SLC41A1,0.004933333333333337,10035,0,False,False,False,False,False,False
ACAP2,0.004933333333333337,10035,0,False,False,False,False,False,False
NXT2,0.0049333333333333364,10045,0,False,False,False,False,False,False
DFFB,0.0049333333333333364,10045,0,False,False,False,False,False,False
TFDP2,0.004900000000000003,10047,0,False,False,False,False,False,False
ZNF562,0.004900000000000003,10047,0,False,False,False,False,False,False
MAP1S,0.004900000000000003,10047,0,False,False,False,False,False,False
MAP7D1,0.004900000000000003,10047,0,False,False,False,False,False,False
SRGAP2,0.004900000000000003,10047,0,False,False,False,False,False,False
CNOT6L,0.0049000000000000024,10052,0,False,False,False,False,False,False
UFC1,0.0049000000000000024,10052,0,False,True,False,False,False,False
TCEAL3,0.00486666666666667,10054,0,False,False,False,False,False,False
CALCOCO2,0.00486666666666667,10054,0,False,True,False,False,False,False
WDR13,0.00486666666666667,10054,0,False,False,False,False,False,False
NMI,0.00486666666666667,10054,0,False,False,False,False,False,False
ZCCHC4,0.00486666666666667,10054,0,False,False,False,False,False,False
MFSD9,0.00486666666666667,10054,0,False,False,False,False,False,False
SYAP1,0.004866666666666669,10060,0,False,True,False,False,False,False
MID2,0.004833333333333337,10061,0,False,False,False,False,False,False
HRAS,0.004833333333333337,10061,0,False,False,False,False,False,False
ZNF839,0.004833333333333337,10061,0,False,False,False,False,False,False
PPP1R3E,0.004833333333333337,10061,0,False,True,False,False,False,False
ACOT9,0.004833333333333337,10061,0,False,False,False,False,False,False
MOB1B,0.004833333333333337,10061,0,False,False,False,False,False,False
FCHO2,0.004833333333333336,10067,0,False,True,False,False,False,False
SPECC1L,0.004833333333333336,10067,0,False,True,False,False,False,False
HGS,0.004800000000000004,10069,0,False,True,False,False,False,False
SP100,0.004800000000000004,10069,0,False,False,False,False,False,False
TMEM107,0.004800000000000004,10069,0,False,False,False,False,False,False
SSB,0.004800000000000004,10069,0,False,False,False,False,False,False
BRD9,0.004800000000000004,10069,0,False,True,False,False,False,False
ZBTB33,0.004800000000000004,10069,0,False,False,False,False,False,False
TP53,0.004800000000000004,10069,0,False,True,False,False,False,False
ODR4,0.004800000000000003,10076,0,False,False,False,False,False,False
GUK1,0.00476666666666667,10077,0,False,False,False,False,False,False
LYRM2,0.00476666666666667,10077,0,False,False,False,False,False,False
CREBBP,0.00476666666666667,10077,0,False,False,False,False,False,False
LRRCC1,0.00476666666666667,10077,0,False,False,False,False,False,False
TARBP2,0.00476666666666667,10077,0,False,False,False,False,False,False
APAF1,0.00476666666666667,10077,0,False,False,False,False,False,False
SLC22A5,0.00476666666666667,10077,0,False,False,False,False,False,False
AFMID,0.00476666666666667,10077,0,False,True,False,False,False,False
TMEM68,0.00476666666666667,10077,0,False,False,False,False,False,False
KRBOX4,0.004766666666666669,10086,0,False,False,False,False,False,False
ZBTB9,0.004766666666666669,10086,0,False,False,False,False,False,False
LRCH4,0.004733333333333337,10088,0,False,False,False,False,False,False
NR2F6,0.004733333333333337,10088,0,False,False,False,False,False,False
PANK4,0.004733333333333337,10088,0,False,False,False,False,False,False
NFE2L2,0.004733333333333337,10088,0,False,False,False,False,False,False
MINDY1,0.004733333333333337,10088,0,False,False,False,False,False,False
EML4,0.004733333333333337,10088,0,False,False,False,False,False,False
POLR3A,0.004733333333333337,10088,0,False,False,False,False,False,False
WDR45B,0.004733333333333336,10095,0,False,False,False,False,False,False
ZNF213,0.004700000000000004,10096,0,False,False,False,False,False,False
ING4,0.004700000000000004,10096,0,False,False,False,False,False,False
C2CD5,0.004700000000000004,10096,0,False,True,False,False,False,False
TTC27,0.004700000000000004,10096,0,False,False,False,False,False,False
IMPDH2,0.004700000000000004,10096,0,False,False,False,False,False,False
NSRP1,0.004700000000000004,10096,0,False,False,False,False,False,False
NUBP2,0.004700000000000004,10096,0,False,False,False,False,False,False
TMEM170A,0.004700000000000004,10096,0,False,False,False,False,False,False
S100PBP,0.004700000000000004,10096,0,False,True,False,False,False,False
DCAF15,0.004700000000000004,10096,0,False,True,False,False,False,False
MKNK1,0.004700000000000003,10106,0,False,False,False,False,False,False
TFB1M,0.00466666666666667,10107,0,False,False,False,False,False,False
ILVBL,0.00466666666666667,10107,0,False,False,False,False,False,False
BICRAL,0.00466666666666667,10107,0,False,True,False,False,False,False
RNF26,0.00466666666666667,10107,0,False,False,False,False,False,False
TMEM120B,0.00466666666666667,10107,0,False,False,False,False,False,False
ZNF395,0.00466666666666667,10107,0,False,False,False,False,False,False
BLZF1,0.00466666666666667,10107,0,False,False,False,False,False,False
RHBDF1,0.0046333333333333365,10114,0,False,True,False,False,False,False
CLCC1,0.0046333333333333365,10114,0,False,False,False,False,False,False
PRPS1,0.0046333333333333365,10114,0,False,False,False,False,False,False
SMC5,0.0046333333333333365,10114,0,False,False,False,False,False,False
UCHL5,0.0046333333333333365,10114,0,False,False,False,False,False,False
CCNYL1,0.0046333333333333365,10114,0,False,False,False,False,False,False
WASF2,0.0046333333333333365,10114,0,False,True,False,False,False,False
BRMS1L,0.0046333333333333365,10114,0,False,True,False,False,False,False
ERGIC1,0.0046333333333333365,10114,0,False,False,False,False,False,False
SCAP,0.0046333333333333365,10114,0,False,False,False,False,False,False
CAPN15,0.004633333333333336,10124,0,False,False,False,False,False,False
PIGP,0.004600000000000003,10125,0,False,False,False,False,False,False
ZNF629,0.004600000000000003,10125,0,False,True,False,False,False,False
ELP3,0.004600000000000003,10125,0,False,False,False,False,False,False
TRIP11,0.004600000000000003,10125,0,False,True,False,False,False,False
TIMM29,0.004600000000000003,10125,0,False,False,False,False,False,False
GIN1,0.004600000000000003,10125,0,False,False,False,False,False,False
SLC12A6,0.004600000000000003,10125,0,False,False,False,False,False,False
ZNF700,0.0046000000000000025,10132,0,False,False,False,False,False,False
NUS1,0.0046000000000000025,10132,0,False,False,False,False,False,False
FAM118B,0.00456666666666667,10134,0,False,True,False,False,False,False
SFPQ,0.00456666666666667,10134,0,False,False,False,False,False,False
BIN1,0.00456666666666667,10134,0,False,False,False,False,False,False
IMP3,0.00456666666666667,10134,0,False,False,False,False,False,False
MPPE1,0.00456666666666667,10134,0,False,False,False,False,False,False
DIP2A,0.00456666666666667,10134,0,False,False,False,False,False,False
HACD3,0.00456666666666667,10134,0,False,True,False,False,False,False
ZNF846,0.00456666666666667,10134,0,False,True,False,False,False,False
CCDC71,0.00456666666666667,10134,0,False,False,False,False,False,False
CCDC77,0.00456666666666667,10134,0,False,False,False,False,False,False
SOCS4,0.00456666666666667,10134,0,False,True,False,False,False,False
QTRT1,0.004566666666666669,10145,0,False,True,False,False,False,False
ARRDC1,0.004566666666666669,10145,0,False,False,False,False,False,False
DEK,0.004566666666666669,10145,0,False,False,False,False,False,False
POLR1A,0.004533333333333336,10148,0,False,False,False,False,False,False
LACTB,0.004533333333333336,10148,0,False,False,False,False,False,False
GATD1,0.004533333333333336,10148,0,False,False,False,False,False,False
SMIM14,0.004533333333333336,10148,0,False,False,False,False,False,False
ATXN2L,0.004533333333333336,10148,0,False,False,False,False,False,False
NFE2L1,0.004533333333333336,10148,0,False,False,False,False,False,False
SLC37A3,0.004533333333333336,10148,0,False,False,False,False,False,False
USP21,0.004533333333333336,10148,0,False,False,False,False,False,False
SAMD1,0.004533333333333336,10148,0,False,False,False,False,False,False
PDXK,0.004533333333333336,10148,0,False,False,False,False,False,False
PKP4,0.004533333333333336,10148,0,False,True,False,False,False,False
SSBP3,0.004500000000000003,10159,0,False,False,False,False,False,False
RPS6KC1,0.004500000000000003,10159,0,False,True,False,False,False,False
KAT14,0.004500000000000003,10159,0,False,False,False,False,False,False
ZMIZ2,0.004500000000000003,10159,0,False,False,False,False,False,False
VCPKMT,0.004500000000000003,10159,0,False,False,False,False,False,False
ZNF646,0.004500000000000003,10159,0,False,False,False,False,False,False
NCOA3,0.004500000000000003,10159,0,False,False,False,False,False,False
ZNF584,0.004500000000000003,10159,0,False,False,False,False,False,False
DNAJB9,0.004500000000000002,10167,0,False,True,False,False,False,False
TRMT13,0.004500000000000002,10167,0,False,False,False,False,False,False
ACVR1,0.00446666666666667,10169,0,False,True,False,False,False,False
FBRSL1,0.00446666666666667,10169,0,False,False,False,False,False,False
EPB41,0.00446666666666667,10169,0,False,False,False,False,False,False
AMMECR1,0.00446666666666667,10169,0,False,True,False,False,False,False
GLUD1,0.00446666666666667,10169,0,False,False,False,False,False,False
YRDC,0.00446666666666667,10169,0,False,False,False,False,False,False
TRMT61A,0.00446666666666667,10169,0,False,False,False,False,False,False
ZNF333,0.00446666666666667,10169,0,False,False,False,False,False,False
PTBP3,0.00446666666666667,10169,0,False,False,False,False,False,False
CCDC51,0.00446666666666667,10169,0,False,False,False,False,False,False
PNKP,0.00446666666666667,10169,0,False,False,False,False,False,False
SMPD4,0.00446666666666667,10169,0,False,False,False,False,False,False
TRNT1,0.004466666666666669,10181,0,False,False,False,False,False,False
ESYT1,0.004466666666666669,10181,0,False,False,False,False,False,False
IFT46,0.004433333333333337,10183,0,False,False,False,False,False,False
MYD88,0.004433333333333337,10183,0,False,False,False,False,False,False
C11ORF68,0.004433333333333337,10183,0,False,False,False,False,False,False
MGAT5,0.004433333333333337,10183,0,False,False,False,False,False,False
NEPRO,0.004433333333333337,10183,0,False,False,False,False,False,False
MRPS18A,0.004433333333333337,10183,0,False,False,False,False,False,False
MICALL1,0.004433333333333337,10183,0,False,False,False,False,False,False
COQ2,0.004433333333333337,10183,0,False,False,False,False,False,False
TSEN15,0.004433333333333337,10183,0,False,False,False,False,False,False
MIF4GD,0.004433333333333336,10192,0,False,False,False,False,False,False
NIPAL3,0.004400000000000003,10193,0,False,False,False,False,False,False
TCERG1,0.004400000000000003,10193,0,False,False,False,False,False,False
NUDT9,0.004400000000000003,10193,0,False,False,False,False,False,False
SVBP,0.004400000000000003,10193,0,False,False,False,False,False,False
ILRUN,0.004400000000000003,10193,0,False,False,False,False,False,False
C2ORF69,0.004400000000000003,10193,0,False,False,False,False,False,False
ZMYND8,0.004400000000000003,10193,0,False,False,False,False,False,False
RNF14,0.004400000000000003,10193,0,False,False,False,False,False,False
PLAA,0.004400000000000003,10193,0,False,False,False,False,False,False
MPC2,0.004400000000000003,10193,0,False,False,False,False,False,False
COPS9,0.004400000000000002,10203,0,False,False,False,False,False,False
SON,0.00436666666666667,10204,0,False,False,False,False,False,False
GPANK1,0.00436666666666667,10204,0,False,True,False,False,False,False
C17ORF80,0.00436666666666667,10204,0,False,False,False,False,False,False
PRPF19,0.00436666666666667,10204,0,False,True,False,False,False,False
ZSWIM1,0.00436666666666667,10204,0,False,True,False,False,False,False
GET1,0.00436666666666667,10204,0,False,False,False,False,False,False
RPAIN,0.00436666666666667,10204,0,False,False,False,False,False,False
NELFE,0.00436666666666667,10204,0,False,True,False,False,False,False
TTC21B,0.00436666666666667,10204,0,False,False,False,False,False,False
RMND5A,0.00436666666666667,10204,0,False,False,False,False,False,False
TUG1,0.00436666666666667,10204,0,False,False,False,False,False,False
FGFR1OP2,0.004366666666666669,10215,0,False,False,False,False,False,False
ZNF652,0.004333333333333337,10216,0,False,True,False,False,False,False
SCAF11,0.004333333333333337,10216,0,False,False,False,False,False,False
WRNIP1,0.004333333333333337,10216,0,False,False,False,False,False,False
ZNF251,0.004333333333333337,10216,0,False,True,False,False,False,False
TMEM41B,0.004333333333333337,10216,0,False,False,False,False,False,False
PTPRK,0.004333333333333337,10216,0,False,True,False,False,False,False
BRPF3,0.004333333333333337,10216,0,False,True,False,False,False,False
SMAD3,0.004333333333333337,10216,0,False,False,False,False,False,False
FBXW7,0.004333333333333337,10216,0,False,False,False,False,False,False
FAM131A,0.004333333333333337,10216,0,False,False,False,False,False,False
HNRNPA3,0.0043000000000000035,10226,0,False,False,False,False,False,False
SOS1,0.0043000000000000035,10226,0,False,True,False,False,False,False
CMPK1,0.004300000000000003,10228,0,False,False,False,False,False,False
DVL2,0.004300000000000003,10228,0,False,False,False,False,False,False
OSBPL2,0.0042666666666666695,10230,0,False,False,False,False,False,False
TRAK1,0.0042666666666666695,10230,0,False,True,False,False,False,False
GEMIN2,0.0042666666666666695,10230,0,False,False,False,False,False,False
TMCO6,0.0042666666666666695,10230,0,False,False,False,False,False,False
HNRNPLL,0.0042666666666666695,10230,0,False,False,False,False,False,False
FBXO21,0.0042666666666666695,10230,0,False,False,False,False,False,False
SIGMAR1,0.0042666666666666695,10230,0,False,False,False,False,False,False
ZNF142,0.0042666666666666695,10230,0,False,True,False,False,False,False
NDOR1,0.004233333333333336,10238,0,False,False,False,False,False,False
TM9SF3,0.004233333333333336,10238,0,False,False,False,False,False,False
CCDC186,0.004233333333333336,10238,0,False,False,False,False,False,False
MAP2K5,0.004233333333333336,10238,0,False,False,False,False,False,False
GOLM2,0.004233333333333336,10238,0,False,False,False,False,False,False
TVP23B,0.004233333333333336,10238,0,False,False,False,False,False,False
BICD2,0.004233333333333336,10238,0,False,True,False,False,False,False
COX6A1,0.0042333333333333355,10245,0,False,False,False,False,False,False
SKA2,0.0042333333333333355,10245,0,False,False,False,False,False,False
RECQL5,0.0042333333333333355,10245,0,False,False,False,False,False,False
EPC1,0.0042333333333333355,10245,0,False,False,False,False,False,False
LRPAP1,0.004200000000000003,10249,0,False,False,False,False,False,False
UBR2,0.004200000000000003,10249,0,False,False,False,False,False,False
GPATCH11,0.004200000000000003,10249,0,False,False,False,False,False,False
FCSK,0.004200000000000003,10249,0,False,False,False,False,False,False
NAB1,0.004200000000000003,10249,0,False,False,False,False,False,False
DYRK1A,0.004200000000000003,10249,0,False,False,False,False,False,False
CHMP5,0.004200000000000003,10249,0,False,False,False,False,False,False
IKBIP,0.004200000000000003,10249,0,False,False,False,False,False,False
NAA50,0.004200000000000002,10257,0,False,False,False,False,False,False
TRIQK,0.004166666666666669,10258,0,False,False,False,False,False,False
SP2,0.004166666666666669,10258,0,False,False,False,False,False,False
RPAP3,0.004166666666666669,10258,0,False,False,False,False,False,False
SIRT7,0.004166666666666669,10258,0,False,False,False,False,False,False
CTNNBIP1,0.004166666666666669,10258,0,False,False,False,False,False,False
LARP1B,0.004166666666666669,10258,0,False,False,False,False,False,False
PFKL,0.004166666666666669,10258,0,False,True,False,False,False,False
BTF3,0.004166666666666669,10258,0,False,False,False,False,False,False
RIN2,0.004166666666666669,10258,0,False,False,False,False,False,False
FN3KRP,0.004166666666666669,10258,0,False,False,False,False,False,False
CDC42SE2,0.004166666666666669,10258,0,False,False,False,False,False,False
TMEM186,0.004166666666666669,10258,0,False,True,False,False,False,False
TXNDC15,0.004166666666666669,10258,0,False,False,False,False,False,False
MIS12,0.004166666666666669,10258,0,False,False,False,False,False,False
RPL23A,0.004133333333333336,10272,0,False,False,False,False,False,False
C2CD3,0.004133333333333336,10272,0,False,False,False,False,False,False
RANBP9,0.004133333333333336,10272,0,False,False,False,False,False,False
STAT6,0.004133333333333336,10272,0,False,False,False,False,False,False
PTPN3,0.004133333333333336,10272,0,False,False,False,False,False,False
FZD6,0.004133333333333336,10272,0,False,False,False,False,False,False
NAIF1,0.004133333333333336,10272,0,False,False,False,False,False,False
CYCS,0.004133333333333336,10272,0,False,False,False,False,False,False
VMAC,0.004133333333333336,10272,0,False,True,False,False,False,False
NFS1,0.004133333333333336,10272,0,False,False,False,False,False,False
FBXO11,0.004133333333333336,10272,0,False,False,False,False,False,False
ZCCHC7,0.004133333333333336,10272,0,False,False,False,False,False,False
RINT1,0.004133333333333336,10272,0,False,False,False,False,False,False
PHF6,0.004133333333333336,10272,0,False,False,False,False,False,False
PGLS,0.004133333333333336,10272,0,False,False,False,False,False,False
GTF2I,0.004100000000000003,10287,0,False,True,False,False,False,False
ZNF131,0.004100000000000003,10287,0,False,False,False,False,False,False
CHMP3,0.004100000000000003,10287,0,False,False,False,False,False,False
OCEL1,0.004100000000000003,10287,0,False,False,False,False,False,False
ZNF350,0.004100000000000003,10287,0,False,False,False,False,False,False
PIGQ,0.004100000000000003,10287,0,False,False,False,False,False,False
ACAP3,0.004100000000000003,10287,0,False,True,False,False,False,False
ZC3H14,0.004100000000000003,10287,0,False,True,False,False,False,False
BRD4,0.004100000000000003,10287,0,False,True,False,False,False,False
ETFRF1,0.004100000000000003,10287,0,False,True,False,False,False,False
SLC35B4,0.004100000000000003,10287,0,False,True,False,False,False,False
MMS19,0.004100000000000003,10287,0,False,True,False,False,False,False
ZNF160,0.004100000000000002,10299,0,False,True,False,False,False,False
PTEN,0.004100000000000002,10299,0,False,True,False,False,False,False
PRKAR1A,0.004100000000000002,10299,0,False,False,False,False,False,False
INTS5,0.004100000000000002,10299,0,False,False,False,False,False,False
ZSCAN9,0.00406666666666667,10303,0,False,False,False,False,False,False
RNF146,0.00406666666666667,10303,0,False,False,False,False,False,False
ZYG11B,0.00406666666666667,10303,0,False,False,False,False,False,False
ZNF672,0.00406666666666667,10303,0,False,False,False,False,False,False
RIC8B,0.00406666666666667,10303,0,False,False,False,False,False,False
ARFRP1,0.00406666666666667,10303,0,False,False,False,False,False,False
AZI2,0.00406666666666667,10303,0,False,False,False,False,False,False
GUF1,0.00406666666666667,10303,0,False,False,False,False,False,False
ZNHIT3,0.00406666666666667,10303,0,False,False,False,False,False,False
PEX2,0.004066666666666669,10312,0,False,True,False,False,False,False
ATP5IF1,0.004033333333333336,10313,0,False,False,False,False,False,False
TMED5,0.004033333333333336,10313,0,False,False,False,False,False,False
RABAC1,0.004033333333333336,10313,0,False,False,False,False,False,False
FASTK,0.004033333333333336,10313,0,False,False,False,False,False,False
MYPOP,0.004033333333333336,10313,0,False,False,False,False,False,False
LIMS1,0.004033333333333336,10313,0,False,True,False,False,False,False
TBC1D14,0.004033333333333336,10313,0,False,True,False,False,False,False
NASP,0.004033333333333336,10313,0,False,False,False,False,False,False
GPR157,0.004033333333333336,10313,0,False,False,False,False,False,False
C11ORF95,0.004033333333333336,10313,0,False,True,False,False,False,False
THG1L,0.004033333333333336,10313,0,False,True,False,False,False,False
UBN1,0.004000000000000003,10324,0,False,False,False,False,False,False
CGRRF1,0.004000000000000003,10324,0,False,False,False,False,False,False
NR2C1,0.004000000000000003,10324,0,False,False,False,False,False,False
AHSA1,0.004000000000000003,10324,0,False,False,False,False,False,False
COMMD8,0.004000000000000003,10324,0,False,False,False,False,False,False
ANKRA2,0.004000000000000003,10324,0,False,False,False,False,False,False
EML2,0.004000000000000003,10324,0,False,True,False,False,False,False
RTL8C,0.004000000000000003,10324,0,False,False,False,False,False,False
TMED7,0.004000000000000003,10324,0,False,False,False,False,False,False
MRPL11,0.004000000000000003,10324,0,False,False,False,False,False,False
CSK,0.004000000000000003,10324,0,False,False,False,False,False,False
VAPA,0.004000000000000002,10335,0,False,False,False,False,False,False
PCGF6,0.004000000000000002,10335,0,False,False,False,False,False,False
SEPTIN8,0.0039666666666666696,10337,0,False,False,False,False,False,False
PCBP4,0.0039666666666666696,10337,0,False,False,False,False,False,False
TMOD3,0.0039666666666666696,10337,0,False,False,False,False,False,False
MAGED2,0.0039666666666666696,10337,0,False,False,False,False,False,False
RAVER1,0.0039666666666666696,10337,0,False,False,False,False,False,False
SWAP70,0.0039666666666666696,10337,0,False,False,False,False,False,False
TSR1,0.0039666666666666696,10337,0,False,False,False,False,False,False
UPF2,0.0039666666666666696,10337,0,False,False,False,False,False,False
MZT2B,0.0039666666666666696,10337,0,False,False,False,False,False,False
ACBD5,0.0039666666666666696,10337,0,False,False,False,False,False,False
MCFD2,0.0039666666666666696,10337,0,False,False,False,False,False,False
TMEM30A,0.0039666666666666696,10337,0,False,False,False,False,False,False
ZNF211,0.0039666666666666696,10337,0,False,False,False,False,False,False
HAUS4,0.0039666666666666696,10337,0,False,False,False,False,False,False
CCNB1IP1,0.003966666666666669,10351,0,False,True,False,False,False,False
EPM2AIP1,0.003933333333333336,10352,0,False,False,False,False,False,False
SMG9,0.003933333333333336,10352,0,False,False,False,False,False,False
FAAP20,0.003933333333333336,10352,0,False,False,False,False,False,False
NPHP4,0.003933333333333336,10352,0,False,False,False,False,False,False
TAF6,0.003933333333333336,10352,0,False,False,False,False,False,False
CCDC117,0.003933333333333336,10352,0,False,True,False,False,False,False
IFIT5,0.003933333333333336,10352,0,False,True,False,False,False,False
MTG2,0.003933333333333336,10352,0,False,True,False,False,False,False
TPCN2,0.003933333333333336,10352,0,False,False,False,False,False,False
EDEM2,0.003933333333333336,10352,0,False,False,False,False,False,False
RBM39,0.003933333333333336,10352,0,False,False,False,False,False,False
PPP2CA,0.003933333333333336,10352,0,False,False,False,False,False,False
ANO8,0.003933333333333336,10352,0,False,False,False,False,False,False
ICMT,0.003900000000000003,10365,0,False,False,False,False,False,False
ZNF783,0.003900000000000003,10365,0,False,False,False,False,False,False
TTC5,0.003900000000000003,10365,0,False,False,False,False,False,False
SMIM20,0.003900000000000003,10365,0,False,False,False,False,False,False
SF1,0.003900000000000003,10365,0,False,False,False,False,False,False
MBTD1,0.003900000000000003,10365,0,False,False,False,False,False,False
DLG3,0.003900000000000003,10365,0,False,False,False,False,False,False
SUPT6H,0.003900000000000003,10365,0,False,True,False,False,False,False
ZFP90,0.003900000000000003,10365,0,False,False,False,False,False,False
MAN2A2,0.003900000000000002,10374,0,False,False,False,False,False,False
HEXA,0.003900000000000002,10374,0,False,False,False,False,False,False
TYW3,0.0038666666666666693,10376,0,False,False,False,False,False,False
TMX4,0.0038666666666666693,10376,0,False,False,False,False,False,False
SUN1,0.0038666666666666693,10376,0,False,False,False,False,False,False
VPS11,0.0038666666666666693,10376,0,False,False,False,False,False,False
SIRT6,0.0038666666666666693,10376,0,False,False,False,False,False,False
LEO1,0.0038666666666666693,10376,0,False,True,False,False,False,False
CCAR1,0.0038666666666666693,10376,0,False,False,False,False,False,False
PURB,0.0038666666666666693,10376,0,False,False,False,False,False,False
PIP4K2B,0.0038666666666666684,10384,0,False,False,False,False,False,False
CTNNB1,0.0038666666666666684,10384,0,False,False,False,False,False,False
TMEM135,0.003833333333333336,10386,0,False,False,False,False,False,False
GXYLT1,0.003833333333333336,10386,0,False,False,False,False,False,False
TMEM87A,0.003833333333333336,10386,0,False,True,False,False,False,False
ELAC2,0.003833333333333336,10386,0,False,True,False,False,False,False
TKFC,0.003833333333333336,10386,0,False,False,False,False,False,False
ELK1,0.003833333333333336,10386,0,False,False,False,False,False,False
CCDC120,0.003833333333333336,10386,0,False,True,False,False,False,False
TRIM3,0.003833333333333336,10386,0,False,True,False,False,False,False
SRP72,0.003833333333333336,10386,0,False,True,False,False,False,False
POMP,0.003833333333333336,10386,0,False,False,False,False,False,False
PNPLA8,0.003833333333333336,10386,0,False,False,False,False,False,False
PRICKLE3,0.003833333333333336,10386,0,False,False,False,False,False,False
TDRD7,0.003833333333333336,10386,0,False,False,False,False,False,False
XPO1,0.003833333333333336,10386,0,False,True,False,False,False,False
ABCC1,0.0038000000000000026,10400,0,False,False,False,False,False,False
TMEM18,0.0038000000000000026,10400,0,False,False,False,False,False,False
PSMA7,0.0038000000000000026,10400,0,False,False,False,False,False,False
SLC27A4,0.0038000000000000026,10400,0,False,False,False,False,False,False
RNF168,0.0038000000000000026,10400,0,False,False,False,False,False,False
KHDRBS1,0.0038000000000000026,10400,0,False,False,False,False,False,False
ICE1,0.0038000000000000026,10400,0,False,False,False,False,False,False
RAB21,0.0038000000000000026,10400,0,False,False,False,False,False,False
LSM14B,0.0038000000000000026,10400,0,False,False,False,False,False,False
UQCRQ,0.0038000000000000026,10400,0,False,False,False,False,False,False
RAB33B,0.0038000000000000026,10400,0,False,False,False,False,False,False
RPTOR,0.0038000000000000026,10400,0,False,False,False,False,False,False
ZFAND4,0.0038000000000000026,10400,0,False,True,False,False,False,False
RNF126,0.0038000000000000026,10400,0,False,False,False,False,False,False
ZHX2,0.0038000000000000026,10400,0,False,False,False,False,False,False
ZBTB43,0.0038000000000000017,10415,0,False,False,False,False,False,False
LRBA,0.0037666666666666695,10416,0,False,False,False,False,False,False
ATG12,0.0037666666666666695,10416,0,False,False,False,False,False,False
ZNF616,0.0037666666666666695,10416,0,False,True,False,False,False,False
NOL4L,0.0037666666666666695,10416,0,False,False,False,False,False,False
GIT1,0.0037666666666666695,10416,0,False,False,False,False,False,False
CLUH,0.0037666666666666695,10416,0,False,False,False,False,False,False
RNPEPL1,0.0037666666666666695,10416,0,False,False,False,False,False,False
GTPBP2,0.0037666666666666695,10416,0,False,True,False,False,False,False
HERC4,0.0037666666666666695,10416,0,False,False,False,False,False,False
EIF2S1,0.0037666666666666695,10416,0,False,False,False,False,False,False
USP30,0.0037666666666666695,10416,0,False,False,False,False,False,False
PARD3,0.0037666666666666695,10416,0,False,False,False,False,False,False
SMG5,0.0037666666666666695,10416,0,False,False,False,False,False,False
DNAJC19,0.003733333333333336,10429,0,False,False,False,False,False,False
PPIL4,0.003733333333333336,10429,0,False,False,False,False,False,False
PRRC1,0.003733333333333336,10429,0,False,True,False,False,False,False
SETD2,0.003733333333333336,10429,0,False,True,False,False,False,False
UBALD1,0.003733333333333336,10429,0,False,False,False,False,False,False
EIF4A2,0.003733333333333336,10429,0,False,False,False,False,False,False
DGKQ,0.003733333333333336,10429,0,False,False,False,False,False,False
NAA40,0.003733333333333336,10429,0,False,False,False,False,False,False
TRIM11,0.003733333333333336,10429,0,False,True,False,False,False,False
PEX3,0.003733333333333336,10429,0,False,True,False,False,False,False
HAUS5,0.003733333333333336,10429,0,False,False,False,False,False,False
LSM8,0.003733333333333336,10429,0,False,True,False,False,False,False
TRA2B,0.003733333333333335,10441,0,False,False,False,False,False,False
ZBED4,0.003733333333333335,10441,0,False,False,False,False,False,False
SDE2,0.0037000000000000023,10443,0,False,False,False,False,False,False
TOGARAM1,0.0037000000000000023,10443,0,False,False,False,False,False,False
TIMM21,0.0037000000000000023,10443,0,False,False,False,False,False,False
CDC14B,0.0037000000000000023,10443,0,False,False,False,False,False,False
AIMP1,0.0037000000000000023,10443,0,False,False,False,False,False,False
SLK,0.0037000000000000023,10443,0,False,True,False,False,False,False
GGCX,0.0037000000000000023,10443,0,False,False,False,False,False,False
TMEM43,0.0037000000000000023,10443,0,False,True,False,False,False,False
ZDHHC18,0.0037000000000000023,10443,0,False,False,False,False,False,False
ARFGAP1,0.0037000000000000023,10443,0,False,False,False,False,False,False
EP300,0.0037000000000000023,10443,0,False,True,False,False,False,False
USP35,0.0037000000000000023,10443,0,False,False,False,False,False,False
NCBP2AS2,0.0037000000000000023,10443,0,False,True,False,False,False,False
ZNF34,0.0037000000000000023,10443,0,False,False,False,False,False,False
BRPF1,0.003700000000000002,10457,0,False,False,False,False,False,False
YPEL3,0.003700000000000002,10457,0,False,True,False,False,False,False
FKBP15,0.003666666666666669,10459,0,False,False,False,False,False,False
TRAF3,0.003666666666666669,10459,0,False,False,False,False,False,False
DLGAP4,0.003666666666666669,10459,0,False,False,False,False,False,False
MRPL55,0.003666666666666669,10459,0,False,False,False,False,False,False
CDC37L1,0.003666666666666669,10459,0,False,True,False,False,False,False
TEX2,0.003666666666666669,10459,0,False,False,False,False,False,False
SIGIRR,0.003666666666666669,10459,0,False,True,False,False,False,False
CYB561,0.003666666666666669,10459,0,False,False,False,False,False,False
EHBP1L1,0.003666666666666669,10459,0,False,True,False,False,False,False
USF1,0.0036333333333333356,10468,0,False,False,False,False,False,False
VCP,0.0036333333333333356,10468,0,False,True,False,False,False,False
CNOT1,0.0036333333333333356,10468,0,False,True,False,False,False,False
TMEM201,0.0036333333333333356,10468,0,False,True,False,False,False,False
ZBTB24,0.0036333333333333356,10468,0,False,False,False,False,False,False
MNAT1,0.0036333333333333356,10468,0,False,False,False,False,False,False
PRKACA,0.0036333333333333356,10468,0,False,False,False,False,False,False
GRB2,0.0036333333333333356,10468,0,False,False,False,False,False,False
RAD21,0.0036333333333333356,10468,0,False,False,False,False,False,False
NUP85,0.0036333333333333356,10468,0,False,False,False,False,False,False
TRIOBP,0.003633333333333335,10478,0,False,True,False,False,False,False
E2F6,0.0036000000000000025,10479,0,False,False,False,False,False,False
CCDC12,0.0036000000000000025,10479,0,False,False,False,False,False,False
TIMM9,0.0036000000000000025,10479,0,False,False,False,False,False,False
CDS2,0.0036000000000000025,10479,0,False,False,False,False,False,False
RUFY2,0.0036000000000000025,10479,0,False,False,False,False,False,False
NFRKB,0.0036000000000000025,10479,0,False,False,False,False,False,False
TRIM52,0.0036000000000000025,10479,0,False,False,False,False,False,False
DSTYK,0.0036000000000000025,10479,0,False,True,False,False,False,False
MYO6,0.0036000000000000025,10479,0,False,False,False,False,False,False
PHKB,0.0036000000000000025,10479,0,False,False,False,False,False,False
SH2B1,0.0036000000000000025,10479,0,False,False,False,False,False,False
C19ORF25,0.0036000000000000025,10479,0,False,False,False,False,False,False
SSRP1,0.0036000000000000025,10479,0,False,True,False,False,False,False
ACSF3,0.0036000000000000025,10479,0,False,False,False,False,False,False
IPO11,0.0036000000000000016,10493,0,False,False,False,False,False,False
ABHD10,0.003566666666666669,10494,0,False,False,False,False,False,False
MPND,0.003566666666666669,10494,0,False,False,False,False,False,False
GTF3C4,0.003566666666666669,10494,0,False,False,False,False,False,False
SHQ1,0.003566666666666669,10494,0,False,False,False,False,False,False
PIGBOS1,0.003566666666666669,10494,0,False,True,False,False,False,False
MTO1,0.003566666666666669,10494,0,False,False,False,False,False,False
R3HCC1L,0.003566666666666669,10494,0,False,False,False,False,False,False
ATP7A,0.003566666666666669,10494,0,False,False,False,False,False,False
CDK18,0.003566666666666669,10494,0,False,False,False,False,False,False
GPD2,0.003566666666666669,10494,0,False,False,False,False,False,False
CTC1,0.003566666666666669,10494,0,False,False,False,False,False,False
MEPCE,0.003566666666666669,10494,0,False,False,False,False,False,False
NDUFA2,0.0035666666666666685,10506,0,False,False,False,False,False,False
INPP5E,0.0035666666666666685,10506,0,False,False,False,False,False,False
FBRS,0.003533333333333336,10508,0,False,False,False,False,False,False
NAA16,0.003533333333333336,10508,0,False,False,False,False,False,False
LSM7,0.003533333333333336,10508,0,False,False,False,False,False,False
DENND4B,0.003533333333333336,10508,0,False,False,False,False,False,False
PIK3CB,0.003533333333333336,10508,0,False,False,False,False,False,False
PIN4,0.003533333333333336,10508,0,False,False,False,False,False,False
COMMD7,0.003533333333333336,10508,0,False,False,False,False,False,False
ARHGEF2,0.003533333333333336,10508,0,False,True,False,False,False,False
ADPRM,0.003533333333333336,10508,0,False,False,False,False,False,False
GRHPR,0.003533333333333336,10508,0,False,False,False,False,False,False
THAP5,0.003533333333333336,10508,0,False,True,False,False,False,False
ZBTB45,0.003533333333333336,10508,0,False,False,False,False,False,False
C1QBP,0.003533333333333336,10508,0,False,False,False,False,False,False
PPIH,0.003533333333333336,10508,0,False,False,False,False,False,False
EIF4G3,0.003533333333333336,10508,0,False,False,False,False,False,False
YBEY,0.003533333333333335,10523,0,False,False,False,False,False,False
RAB11B,0.0035000000000000022,10524,0,False,False,False,False,False,False
SLC8B1,0.0035000000000000022,10524,0,False,False,False,False,False,False
LMAN2L,0.0035000000000000022,10524,0,False,False,False,False,False,False
RAD54L2,0.0035000000000000022,10524,0,False,False,False,False,False,False
CCDC125,0.0035000000000000022,10524,0,False,False,False,False,False,False
GINM1,0.0035000000000000022,10524,0,False,False,False,False,False,False
RFNG,0.0035000000000000022,10524,0,False,False,False,False,False,False
AHCTF1,0.0035000000000000022,10524,0,False,False,False,False,False,False
KCTD20,0.0035000000000000022,10524,0,False,False,False,False,False,False
TRMT10B,0.0035000000000000022,10524,0,False,False,False,False,False,False
INVS,0.0035000000000000022,10524,0,False,False,False,False,False,False
MAPK3,0.0035000000000000022,10524,0,False,False,False,False,False,False
ZZZ3,0.0035000000000000022,10524,0,False,False,False,False,False,False
WASHC4,0.003500000000000002,10537,0,False,False,False,False,False,False
USP6NL,0.003466666666666669,10538,0,False,False,False,False,False,False
FAM168B,0.003466666666666669,10538,0,False,True,False,False,False,False
KLHL26,0.003466666666666669,10538,0,False,False,False,False,False,False
SOCS5,0.003466666666666669,10538,0,False,False,False,False,False,False
SLTM,0.003466666666666669,10538,0,False,False,False,False,False,False
AP5M1,0.003466666666666669,10538,0,False,True,False,False,False,False
ZNF480,0.003466666666666669,10538,0,False,False,False,False,False,False
NDUFAF3,0.003466666666666669,10538,0,False,True,False,False,False,False
VAMP4,0.003466666666666669,10538,0,False,False,False,False,False,False
PCNX4,0.0034666666666666682,10547,0,False,False,False,False,False,False
HSF2,0.0034333333333333355,10548,0,False,False,False,False,False,False
ARL5A,0.0034333333333333355,10548,0,False,False,False,False,False,False
FBXO9,0.0034333333333333355,10548,0,False,True,False,False,False,False
PAWR,0.0034333333333333355,10548,0,False,False,False,False,False,False
ULK1,0.0034333333333333355,10548,0,False,True,False,False,False,False
ESYT2,0.0034333333333333355,10548,0,False,True,False,False,False,False
RPL30,0.0034333333333333355,10548,0,False,False,False,False,False,False
TANC1,0.003433333333333335,10555,0,False,False,False,False,False,False
ZNF513,0.003433333333333335,10555,0,False,False,False,False,False,False
ITFG1,0.003433333333333335,10555,0,False,False,False,False,False,False
ATXN2,0.003433333333333335,10555,0,False,False,False,False,False,False
MLEC,0.0034000000000000024,10559,0,False,True,False,False,False,False
GMFB,0.0034000000000000024,10559,0,False,False,False,False,False,False
ZNF770,0.0034000000000000024,10559,0,False,False,False,False,False,False
TTLL5,0.0034000000000000024,10559,0,False,False,False,False,False,False
MED15,0.0034000000000000024,10559,0,False,False,False,False,False,False
ZNF766,0.0034000000000000024,10559,0,False,False,False,False,False,False
SIN3A,0.0034000000000000024,10559,0,False,False,False,False,False,False
GPR137,0.0034000000000000024,10559,0,False,True,False,False,False,False
INCA1,0.0034000000000000024,10559,0,False,False,False,False,False,False
NLRX1,0.0034000000000000024,10559,0,False,False,False,False,False,False
PACS1,0.003366666666666669,10569,0,False,False,False,False,False,False
TCEAL1,0.003366666666666669,10569,0,False,True,False,False,False,False
HDAC5,0.003366666666666669,10569,0,False,False,False,False,False,False
UQCR11,0.003366666666666669,10569,0,False,False,False,False,False,False
LRRC40,0.003366666666666669,10569,0,False,False,False,False,False,False
ZCCHC9,0.003366666666666669,10569,0,False,False,False,False,False,False
NUCKS1,0.003366666666666669,10569,0,False,False,False,False,False,False
ZNF621,0.003366666666666669,10569,0,False,True,False,False,False,False
GLG1,0.003366666666666668,10577,0,False,True,False,False,False,False
SMURF1,0.003366666666666668,10577,0,False,False,False,False,False,False
PPM1A,0.0033333333333333357,10579,0,False,False,False,False,False,False
TMEM39B,0.0033333333333333357,10579,0,False,False,False,False,False,False
USP42,0.0033333333333333357,10579,0,False,True,False,False,False,False
SRSF11,0.0033333333333333357,10579,0,False,False,False,False,False,False
HAUS1,0.0033333333333333357,10579,0,False,False,False,False,False,False
FBXW2,0.0033333333333333357,10579,0,False,False,False,False,False,False
CSGALNACT2,0.0033333333333333357,10579,0,False,False,False,False,False,False
NFYB,0.0033333333333333357,10579,0,False,True,False,False,False,False
FOXK2,0.0033333333333333357,10579,0,False,False,False,False,False,False
RNF4,0.0033333333333333357,10579,0,False,False,False,False,False,False
PARL,0.0033333333333333357,10579,0,False,True,False,False,False,False
BNIP3L,0.003333333333333335,10590,0,False,False,False,False,False,False
TP53I13,0.003333333333333335,10590,0,False,False,False,False,False,False
NDUFAF4,0.003300000000000002,10592,0,False,False,False,False,False,False
SF3A2,0.003300000000000002,10592,0,False,False,False,False,False,False
GPS1,0.003300000000000002,10592,0,False,True,False,False,False,False
NSMCE2,0.003300000000000002,10592,0,False,True,False,False,False,False
UBE3C,0.003300000000000002,10592,0,False,False,False,False,False,False
SRSF1,0.003300000000000002,10592,0,False,False,False,False,False,False
CEBPZ,0.003300000000000002,10592,0,False,False,False,False,False,False
COQ10A,0.003300000000000002,10592,0,False,False,False,False,False,False
PGPEP1,0.003300000000000002,10592,0,False,True,False,False,False,False
NELFB,0.003266666666666669,10601,0,False,False,False,False,False,False
ANKRD54,0.003266666666666669,10601,0,False,False,False,False,False,False
SFSWAP,0.003266666666666669,10601,0,False,False,False,False,False,False
C5ORF51,0.003266666666666669,10601,0,False,False,False,False,False,False
CCDC127,0.003266666666666669,10601,0,False,False,False,False,False,False
SENP1,0.003266666666666669,10601,0,False,False,False,False,False,False
SPAST,0.003266666666666669,10601,0,False,False,False,False,False,False
TCP11L1,0.003266666666666669,10601,0,False,False,False,False,False,False
DCP1B,0.003266666666666669,10601,0,False,False,False,False,False,False
NCDN,0.003266666666666669,10601,0,False,False,False,False,False,False
WWP2,0.003266666666666669,10601,0,False,False,False,False,False,False
SYNRG,0.003266666666666669,10601,0,False,True,False,False,False,False
TNFRSF14,0.003266666666666669,10601,0,False,False,False,False,False,False
AP2S1,0.003266666666666669,10601,0,False,False,False,False,False,False
IRGQ,0.003266666666666669,10601,0,False,False,False,False,False,False
ADAM17,0.003266666666666669,10601,0,False,False,False,False,False,False
DCUN1D4,0.003266666666666669,10601,0,False,False,False,False,False,False
RHBDD1,0.003233333333333336,10618,0,False,False,False,False,False,False
UPF1,0.0032333333333333355,10619,0,False,True,False,False,False,False
ANKRD40,0.0032333333333333355,10619,0,False,False,False,False,False,False
TMEM250,0.0032333333333333355,10619,0,False,False,False,False,False,False
RRN3,0.0032333333333333355,10619,0,False,False,False,False,False,False
TPRKB,0.0032333333333333355,10619,0,False,False,False,False,False,False
PRKRA,0.0032333333333333355,10619,0,False,False,False,False,False,False
INTS3,0.0032333333333333355,10619,0,False,False,False,False,False,False
WIPF2,0.003233333333333335,10626,0,False,True,False,False,False,False
AP2A2,0.0032000000000000023,10627,0,False,False,False,False,False,False
UHRF2,0.003200000000000002,10628,0,False,False,False,False,False,False
USP36,0.003200000000000002,10628,0,False,False,False,False,False,False
SEC31A,0.003200000000000002,10628,0,False,False,False,False,False,False
HSCB,0.003200000000000002,10628,0,False,False,False,False,False,False
HNRNPM,0.003200000000000002,10628,0,False,True,False,False,False,False
RPL7L1,0.003200000000000002,10628,0,False,False,False,False,False,False
BX255925.3,0.003200000000000002,10628,0,False,False,False,False,False,False
KPNA4,0.003200000000000002,10628,0,False,False,False,False,False,False
CNNM4,0.003200000000000002,10628,0,False,False,False,False,False,False
DDX52,0.003200000000000002,10628,0,False,False,False,False,False,False
KLC2,0.003200000000000002,10628,0,False,False,False,False,False,False
MBOAT7,0.003200000000000002,10628,0,False,False,False,False,False,False
TCHP,0.003200000000000002,10628,0,False,False,False,False,False,False
SLC25A12,0.003200000000000002,10628,0,False,False,False,False,False,False
MPP5,0.003200000000000002,10628,0,False,True,False,False,False,False
HK1,0.003200000000000002,10628,0,False,False,False,False,False,False
METTL9,0.003200000000000002,10628,0,False,False,False,False,False,False
POFUT1,0.003200000000000002,10628,0,False,False,False,False,False,False
IKZF4,0.003166666666666669,10646,0,False,False,False,False,False,False
EIF5B,0.0031666666666666688,10647,0,False,False,False,False,False,False
TECPR2,0.0031666666666666688,10647,0,False,True,False,False,False,False
ATP5PO,0.0031666666666666688,10647,0,False,True,False,False,False,False
ZADH2,0.0031666666666666688,10647,0,False,False,False,False,False,False
YTHDC2,0.0031666666666666688,10647,0,False,False,False,False,False,False
CAPN1,0.0031666666666666688,10647,0,False,False,False,False,False,False
HMG20B,0.0031666666666666688,10647,0,False,False,False,False,False,False
OBI1,0.0031666666666666688,10647,0,False,True,False,False,False,False
IFT43,0.0031666666666666688,10647,0,False,False,False,False,False,False
PRIMPOL,0.0031666666666666688,10647,0,False,False,False,False,False,False
ULK3,0.0031666666666666688,10647,0,False,False,False,False,False,False
TMEM60,0.0031666666666666688,10647,0,False,False,False,False,False,False
TXLNG,0.0031666666666666688,10647,0,False,False,False,False,False,False
TSC2,0.0031666666666666688,10647,0,False,True,False,False,False,False
NFKBIB,0.0031666666666666683,10661,0,False,False,False,False,False,False
NRF1,0.0031333333333333356,10662,0,False,False,False,False,False,False
NEK9,0.003133333333333335,10663,0,False,True,False,False,False,False
BCL7B,0.003133333333333335,10663,0,False,True,False,False,False,False
LARS2,0.003133333333333335,10663,0,False,False,False,False,False,False
PDE12,0.003133333333333335,10663,0,False,False,False,False,False,False
SNX14,0.003133333333333335,10663,0,False,True,False,False,False,False
UCK1,0.003133333333333335,10663,0,False,True,False,False,False,False
DDX23,0.003133333333333335,10663,0,False,False,False,False,False,False
GALT,0.003133333333333335,10663,0,False,False,False,False,False,False
MLH3,0.003133333333333335,10663,0,False,False,False,False,False,False
PI4K2A,0.003133333333333335,10663,0,False,False,False,False,False,False
SAP130,0.003133333333333335,10663,0,False,True,False,False,False,False
KIFC3,0.003133333333333335,10663,0,False,False,False,False,False,False
PCGF3,0.0031000000000000025,10675,0,False,True,False,False,False,False
MRFAP1L1,0.0031000000000000025,10675,0,False,False,False,False,False,False
NDUFAB1,0.003100000000000002,10677,0,False,False,False,False,False,False
TK2,0.003100000000000002,10677,0,False,False,False,False,False,False
USP16,0.003100000000000002,10677,0,False,False,False,False,False,False
STX10,0.003100000000000002,10677,0,False,True,False,False,False,False
SMARCC1,0.003100000000000002,10677,0,False,False,False,False,False,False
KIZ,0.003100000000000002,10677,0,False,False,False,False,False,False
NUDCD3,0.003100000000000002,10677,0,False,False,False,False,False,False
RAP2A,0.003100000000000002,10677,0,False,True,False,False,False,False
WASHC5,0.003100000000000002,10677,0,False,False,False,False,False,False
HDGFL2,0.003100000000000002,10677,0,False,False,False,False,False,False
ZNF638,0.003100000000000002,10677,0,False,True,False,False,False,False
RPRD1A,0.003100000000000002,10677,0,False,True,False,False,False,False
CACUL1,0.003100000000000002,10677,0,False,False,False,False,False,False
BIRC2,0.003100000000000002,10677,0,False,False,False,False,False,False
ZBTB38,0.003100000000000002,10677,0,False,False,False,False,False,False
ANKRD42,0.003100000000000002,10677,0,False,False,False,False,False,False
POLR2G,0.003100000000000002,10677,0,False,False,False,False,False,False
ZSCAN25,0.003100000000000002,10677,0,False,False,False,False,False,False
TMEM185B,0.0031000000000000016,10695,0,False,False,False,False,False,False
ATP6AP1,0.0031000000000000016,10695,0,False,False,False,False,False,False
RCOR1,0.0030666666666666685,10697,0,False,False,False,False,False,False
DHX38,0.0030666666666666685,10697,0,False,False,False,False,False,False
NVL,0.0030666666666666685,10697,0,False,False,False,False,False,False
VPS39,0.0030666666666666685,10697,0,False,True,False,False,False,False
TRIM5,0.0030666666666666685,10697,0,False,False,False,False,False,False
ZNF417,0.0030666666666666685,10697,0,False,False,False,False,False,False
NSD1,0.0030666666666666685,10697,0,False,False,False,False,False,False
PI4KA,0.0030666666666666685,10697,0,False,False,False,False,False,False
RBM26,0.0030666666666666685,10697,0,False,False,False,False,False,False
BLOC1S1,0.0030666666666666685,10697,0,False,False,False,False,False,False
KCTD21,0.0030666666666666685,10697,0,False,False,False,False,False,False
NIPAL2,0.0030666666666666685,10697,0,False,False,False,False,False,False
PROSER1,0.0030666666666666685,10697,0,False,False,False,False,False,False
TRAPPC2L,0.0030666666666666685,10697,0,False,False,False,False,False,False
RP2,0.0030666666666666685,10697,0,False,False,False,False,False,False
TMEM267,0.0030666666666666685,10697,0,False,False,False,False,False,False
PRMT2,0.0030666666666666685,10697,0,False,False,False,False,False,False
TARS3,0.0030333333333333354,10714,0,False,False,False,False,False,False
CREB1,0.0030333333333333354,10714,0,False,False,False,False,False,False
TRMT10C,0.0030333333333333354,10714,0,False,False,False,False,False,False
BID,0.0030333333333333354,10714,0,False,False,False,False,False,False
UBE2Q2,0.0030333333333333354,10714,0,False,True,False,False,False,False
HEXD,0.0030333333333333354,10714,0,False,False,False,False,False,False
CISD1,0.0030333333333333354,10714,0,False,False,False,False,False,False
HIP1R,0.0030333333333333354,10714,0,False,False,False,False,False,False
ZNF260,0.0030333333333333354,10714,0,False,False,False,False,False,False
SERINC3,0.0030333333333333354,10714,0,False,False,False,False,False,False
YBX3,0.003033333333333335,10724,0,False,False,False,False,False,False
RAB12,0.003033333333333335,10724,0,False,True,False,False,False,False
NAT10,0.003033333333333335,10724,0,False,False,False,False,False,False
HAUS3,0.003000000000000002,10727,0,False,False,False,False,False,False
ZNF24,0.003000000000000002,10727,0,False,False,False,False,False,False
DCAF17,0.003000000000000002,10727,0,False,False,False,False,False,False
MINDY3,0.003000000000000002,10727,0,False,False,False,False,False,False
ZNF330,0.003000000000000002,10727,0,False,False,False,False,False,False
ZNF354A,0.003000000000000002,10727,0,False,False,False,False,False,False
TRMT1L,0.003000000000000002,10727,0,False,True,False,False,False,False
TMEM251,0.003000000000000002,10727,0,False,False,False,False,False,False
RBFOX2,0.003000000000000002,10727,0,False,False,False,False,False,False
YAE1,0.003000000000000002,10727,0,False,False,False,False,False,False
THOC1,0.003000000000000002,10727,0,False,False,False,False,False,False
LIMK2,0.003000000000000002,10727,0,False,False,False,False,False,False
RWDD2B,0.003000000000000002,10727,0,False,False,False,False,False,False
PELP1,0.003000000000000002,10727,0,False,True,False,False,False,False
GTF3C1,0.003000000000000002,10727,0,False,False,False,False,False,False
PEX13,0.003000000000000002,10727,0,False,False,False,False,False,False
USP5,0.003000000000000002,10727,0,False,False,False,False,False,False
FAM177A1,0.0030000000000000014,10744,0,False,True,False,False,False,False
WDR37,0.002966666666666669,10745,0,False,False,False,False,False,False
DOLK,0.002966666666666669,10745,0,False,False,False,False,False,False
TNPO1,0.0029666666666666687,10747,0,False,False,False,False,False,False
TENT2,0.0029666666666666687,10747,0,False,False,False,False,False,False
MITD1,0.0029666666666666687,10747,0,False,False,False,False,False,False
RBM17,0.0029666666666666687,10747,0,False,True,False,False,False,False
NDUFB5,0.0029666666666666687,10747,0,False,False,False,False,False,False
OGDH,0.0029666666666666687,10747,0,False,True,False,False,False,False
VPS36,0.0029666666666666687,10747,0,False,False,False,False,False,False
ARID4B,0.0029666666666666687,10747,0,False,False,False,False,False,False
SETMAR,0.0029666666666666682,10755,0,False,True,False,False,False,False
TRIM14,0.002933333333333335,10756,0,False,False,False,False,False,False
EEF1AKNMT,0.002933333333333335,10756,0,False,False,False,False,False,False
DCPS,0.002933333333333335,10756,0,False,False,False,False,False,False
ATOX1,0.002933333333333335,10756,0,False,False,False,False,False,False
SLF2,0.002933333333333335,10756,0,False,False,False,False,False,False
TMEM260,0.002933333333333335,10756,0,False,False,False,False,False,False
DDX59,0.002933333333333335,10756,0,False,False,False,False,False,False
PFKM,0.002933333333333335,10756,0,False,False,False,False,False,False
APPL2,0.002933333333333335,10756,0,False,False,False,False,False,False
RMND1,0.002933333333333335,10756,0,False,False,False,False,False,False
SPOP,0.002933333333333335,10756,0,False,False,False,False,False,False
CLCN7,0.002933333333333335,10756,0,False,False,False,False,False,False
CYP2R1,0.002933333333333335,10756,0,False,False,False,False,False,False
RBM19,0.002933333333333335,10756,0,False,False,False,False,False,False
KLHDC2,0.002933333333333335,10756,0,False,True,False,False,False,False
LTN1,0.002933333333333335,10756,0,False,False,False,False,False,False
TPCN1,0.0029333333333333347,10772,0,False,True,False,False,False,False
COPRS,0.0029000000000000024,10773,0,False,False,False,False,False,False
MORC4,0.0029000000000000024,10773,0,False,False,False,False,False,False
OSBPL8,0.002900000000000002,10775,0,False,True,False,False,False,False
MRPL21,0.002900000000000002,10775,0,False,False,False,False,False,False
DDB1,0.002900000000000002,10775,0,False,False,False,False,False,False
PCBD2,0.002900000000000002,10775,0,False,False,False,False,False,False
OGFR,0.002900000000000002,10775,0,False,False,False,False,False,False
ORMDL2,0.002900000000000002,10775,0,False,False,False,False,False,False
LRRC14,0.002900000000000002,10775,0,False,False,False,False,False,False
MARF1,0.002900000000000002,10775,0,False,False,False,False,False,False
AKIRIN1,0.002900000000000002,10775,0,False,False,False,False,False,False
STK11IP,0.002900000000000002,10775,0,False,False,False,False,False,False
RC3H2,0.002900000000000002,10775,0,False,False,False,False,False,False
CAPN10,0.002900000000000002,10775,0,False,False,False,False,False,False
POLDIP3,0.002900000000000002,10775,0,False,False,False,False,False,False
KIAA0319L,0.002900000000000002,10775,0,False,True,False,False,False,False
TIMM17B,0.002900000000000002,10775,0,False,False,False,False,False,False
SHKBP1,0.002900000000000002,10775,0,False,False,False,False,False,False
SELENON,0.002900000000000002,10775,0,False,False,False,False,False,False
TEAD3,0.002900000000000002,10775,0,False,True,False,False,False,False
SLC25A23,0.002900000000000002,10775,0,False,True,False,False,False,False
AP1M1,0.0029000000000000015,10794,0,False,False,False,False,False,False
GPATCH1,0.0028666666666666684,10795,0,False,False,False,False,False,False
UIMC1,0.0028666666666666684,10795,0,False,False,False,False,False,False
RAB11A,0.0028666666666666684,10795,0,False,False,False,False,False,False
TRAPPC10,0.0028666666666666684,10795,0,False,True,False,False,False,False
RAB4A,0.0028666666666666684,10795,0,False,True,False,False,False,False
MORF4L1,0.0028666666666666684,10795,0,False,True,False,False,False,False
AKR7A2,0.0028666666666666684,10795,0,False,False,False,False,False,False
MTF1,0.0028666666666666684,10795,0,False,False,False,False,False,False
NUB1,0.0028666666666666684,10795,0,False,False,False,False,False,False
VPS4B,0.0028666666666666684,10795,0,False,True,False,False,False,False
CDK12,0.0028666666666666684,10795,0,False,False,False,False,False,False
SSR2,0.0028666666666666684,10795,0,False,False,False,False,False,False
SNAPC3,0.0028666666666666684,10795,0,False,False,False,False,False,False
SKIV2L,0.0028666666666666684,10795,0,False,True,False,False,False,False
KDM2A,0.0028666666666666684,10795,0,False,False,False,False,False,False
EIF4H,0.0028666666666666684,10795,0,False,False,False,False,False,False
AMD1,0.0028666666666666684,10795,0,False,True,False,False,False,False
KLHDC3,0.0028666666666666684,10795,0,False,False,False,False,False,False
XYLT2,0.0028666666666666684,10795,0,False,False,False,False,False,False
RAB35,0.0028333333333333353,10814,0,False,False,False,False,False,False
ETV6,0.0028333333333333353,10814,0,False,False,False,False,False,False
EEF1AKMT1,0.0028333333333333353,10814,0,False,False,False,False,False,False
NT5C2,0.0028333333333333353,10814,0,False,False,False,False,False,False
KIF13A,0.0028333333333333353,10814,0,False,False,False,False,False,False
BMS1,0.0028333333333333353,10814,0,False,False,False,False,False,False
KHNYN,0.0028333333333333353,10814,0,False,False,False,False,False,False
HSBP1,0.0028333333333333353,10814,0,False,False,False,False,False,False
BMPR1A,0.0028333333333333353,10814,0,False,False,False,False,False,False
RCL1,0.0028333333333333353,10814,0,False,False,False,False,False,False
FMNL2,0.0028333333333333353,10814,0,False,True,False,False,False,False
C16ORF72,0.0028333333333333353,10814,0,False,False,False,False,False,False
FXR2,0.0028333333333333353,10814,0,False,True,False,False,False,False
RBSN,0.0028333333333333353,10814,0,False,False,False,False,False,False
UBE2K,0.0028333333333333353,10814,0,False,False,False,False,False,False
AGGF1,0.0028333333333333353,10814,0,False,False,False,False,False,False
KLHL8,0.0028000000000000017,10830,0,False,True,False,False,False,False
POLR2B,0.0028000000000000017,10830,0,False,False,False,False,False,False
ACBD3,0.0028000000000000017,10830,0,False,False,False,False,False,False
CCDC22,0.0028000000000000017,10830,0,False,False,False,False,False,False
OGFOD3,0.0028000000000000017,10830,0,False,True,False,False,False,False
RPRD2,0.0028000000000000017,10830,0,False,False,False,False,False,False
ABHD18,0.0028000000000000017,10830,0,False,False,False,False,False,False
COMMD6,0.0028000000000000017,10830,0,False,False,False,False,False,False
XXYLT1,0.0028000000000000017,10830,0,False,False,False,False,False,False
MBD1,0.0028000000000000013,10839,0,False,True,False,False,False,False
SMIM7,0.0028000000000000013,10839,0,False,False,False,False,False,False
ARHGAP12,0.0027666666666666686,10841,0,False,False,False,False,False,False
PATL1,0.0027666666666666686,10841,0,False,False,False,False,False,False
AGAP3,0.0027666666666666686,10841,0,False,False,False,False,False,False
HNRNPDL,0.0027666666666666686,10841,0,False,False,False,False,False,False
PCMTD2,0.0027666666666666686,10841,0,False,True,False,False,False,False
TOP3A,0.0027666666666666686,10841,0,False,False,False,False,False,False
LGALS8,0.0027666666666666686,10841,0,False,True,False,False,False,False
RWDD2A,0.0027666666666666686,10841,0,False,False,False,False,False,False
PCBD1,0.0027666666666666686,10841,0,False,False,False,False,False,False
DERA,0.0027666666666666686,10841,0,False,False,False,False,False,False
EXOC6B,0.0027666666666666686,10841,0,False,False,False,False,False,False
ATG16L1,0.0027666666666666686,10841,0,False,False,False,False,False,False
IFFO2,0.0027666666666666686,10841,0,False,False,False,False,False,False
NLK,0.0027666666666666686,10841,0,False,True,False,False,False,False
F11R,0.0027666666666666686,10841,0,False,True,False,False,False,False
CHERP,0.0027333333333333354,10856,0,False,False,False,False,False,False
RNF187,0.002733333333333335,10857,0,False,True,False,False,False,False
MBNL2,0.002733333333333335,10857,0,False,False,False,False,False,False
PAN3,0.002733333333333335,10857,0,False,False,False,False,False,False
USP20,0.002733333333333335,10857,0,False,False,False,False,False,False
BAG6,0.002733333333333335,10857,0,False,False,False,False,False,False
HNRNPA1L2,0.002733333333333335,10857,0,False,False,False,False,False,False
ATP5MG,0.002733333333333335,10857,0,False,False,False,False,False,False
HNRNPA2B1,0.002733333333333335,10857,0,False,False,False,False,False,False
WDFY1,0.002733333333333335,10857,0,False,False,False,False,False,False
UQCC1,0.002733333333333335,10857,0,False,False,False,False,False,False
UBE2A,0.002733333333333335,10857,0,False,False,False,False,False,False
LSM10,0.002733333333333335,10857,0,False,False,False,False,False,False
SS18L2,0.0027000000000000014,10869,0,False,False,False,False,False,False
SPPL2B,0.0027000000000000014,10869,0,False,False,False,False,False,False
NUP54,0.0027000000000000014,10869,0,False,False,False,False,False,False
SLC11A2,0.0027000000000000014,10869,0,False,False,False,False,False,False
SETD7,0.0027000000000000014,10869,0,False,False,False,False,False,False
DUSP11,0.0027000000000000014,10869,0,False,False,False,False,False,False
WDR7,0.0027000000000000014,10869,0,False,False,False,False,False,False
TRIM37,0.0027000000000000014,10869,0,False,False,False,False,False,False
PITPNB,0.0027000000000000014,10869,0,False,False,False,False,False,False
CDV3,0.0027000000000000014,10869,0,False,False,False,False,False,False
VAPB,0.0027000000000000014,10869,0,False,False,False,False,False,False
STRN4,0.0027000000000000014,10869,0,False,False,False,False,False,False
PTPN11,0.0026666666666666687,10881,0,False,False,False,False,False,False
P4HTM,0.0026666666666666683,10882,0,False,False,False,False,False,False
CPSF6,0.0026666666666666683,10882,0,False,False,False,False,False,False
DDX49,0.0026666666666666683,10882,0,False,False,False,False,False,False
SLAIN2,0.0026666666666666683,10882,0,False,False,False,False,False,False
TRIP4,0.0026666666666666683,10882,0,False,False,False,False,False,False
COMMD9,0.0026666666666666683,10882,0,False,False,False,False,False,False
MAP3K13,0.0026666666666666683,10882,0,False,True,False,False,False,False
ZNF432,0.0026666666666666683,10882,0,False,False,False,False,False,False
CYTH2,0.0026666666666666683,10882,0,False,False,False,False,False,False
TMEM141,0.0026666666666666683,10882,0,False,False,False,False,False,False
RETREG3,0.0026666666666666683,10882,0,False,False,False,False,False,False
TMEM104,0.0026666666666666683,10882,0,False,True,False,False,False,False
HNRNPUL2,0.0026666666666666683,10882,0,False,False,False,False,False,False
HSPA14,0.0026666666666666683,10882,0,False,True,False,False,False,False
CDK13,0.0026666666666666683,10882,0,False,True,False,False,False,False
HTATSF1,0.0026666666666666683,10882,0,False,False,False,False,False,False
DOCK1,0.0026666666666666683,10882,0,False,False,False,False,False,False
JADE2,0.0026666666666666683,10882,0,False,False,False,False,False,False
ABHD13,0.002633333333333335,10900,0,False,False,False,False,False,False
ENTPD4,0.002633333333333335,10900,0,False,False,False,False,False,False
SAMD8,0.0026333333333333347,10902,0,False,True,False,False,False,False
ORC4,0.0026333333333333347,10902,0,False,True,False,False,False,False
FCHSD1,0.0026333333333333347,10902,0,False,False,False,False,False,False
AIG1,0.0026333333333333347,10902,0,False,False,False,False,False,False
UBL4A,0.0026333333333333347,10902,0,False,False,False,False,False,False
ELP1,0.0026333333333333347,10902,0,False,True,False,False,False,False
CTPS2,0.0026333333333333347,10902,0,False,False,False,False,False,False
CTBP2,0.0026333333333333347,10902,0,False,False,False,False,False,False
HPS6,0.0026333333333333347,10902,0,False,True,False,False,False,False
DVL3,0.0026333333333333347,10902,0,False,False,False,False,False,False
TRMT2B,0.0026333333333333347,10902,0,False,False,False,False,False,False
SRRD,0.0026333333333333347,10902,0,False,False,False,False,False,False
DCAF7,0.0026333333333333347,10902,0,False,False,False,False,False,False
SF3B3,0.0026000000000000016,10915,0,False,False,False,False,False,False
ZNF318,0.0026000000000000016,10915,0,False,False,False,False,False,False
MPV17,0.0026000000000000016,10915,0,False,False,False,False,False,False
ZNF776,0.0026000000000000016,10915,0,False,False,False,False,False,False
ZNF12,0.0026000000000000016,10915,0,False,False,False,False,False,False
ANKRD13A,0.0026000000000000016,10915,0,False,False,False,False,False,False
ZC3HAV1,0.0026000000000000016,10915,0,False,False,False,False,False,False
TBCB,0.0026000000000000016,10915,0,False,False,False,False,False,False
ETV3,0.0026000000000000016,10915,0,False,False,False,False,False,False
SCAF4,0.0026000000000000016,10915,0,False,True,False,False,False,False
SLIRP,0.0026000000000000016,10915,0,False,True,False,False,False,False
CWC27,0.0026000000000000016,10915,0,False,False,False,False,False,False
MTMR4,0.0026000000000000016,10915,0,False,False,False,False,False,False
ALDH7A1,0.0026000000000000016,10915,0,False,False,False,False,False,False
RRAGB,0.0026000000000000016,10915,0,False,False,False,False,False,False
RLIM,0.0026000000000000016,10915,0,False,False,False,False,False,False
MAP3K11,0.0026000000000000016,10915,0,False,False,False,False,False,False
STAT5B,0.0026000000000000016,10915,0,False,False,False,False,False,False
KDM5C,0.002600000000000001,10933,0,False,False,False,False,False,False
PLD2,0.0025666666666666685,10934,0,False,False,False,False,False,False
RBAK,0.0025666666666666685,10934,0,False,False,False,False,False,False
FKRP,0.002566666666666668,10936,0,False,False,False,False,False,False
UBE2M,0.002566666666666668,10936,0,False,True,False,False,False,False
TMX1,0.002566666666666668,10936,0,False,False,False,False,False,False
VPS50,0.002566666666666668,10936,0,False,False,False,False,False,False
UBAC1,0.002566666666666668,10936,0,False,False,False,False,False,False
KPNA1,0.002566666666666668,10936,0,False,True,False,False,False,False
MOB4,0.002566666666666668,10936,0,False,False,False,False,False,False
RNF170,0.002566666666666668,10936,0,False,False,False,False,False,False
HNRNPUL1,0.002566666666666668,10936,0,False,False,False,False,False,False
MTDH,0.002566666666666668,10936,0,False,False,False,False,False,False
SCOC,0.002566666666666668,10936,0,False,False,False,False,False,False
FAM111A,0.002566666666666668,10936,0,False,False,False,False,False,False
PACSIN2,0.002566666666666668,10936,0,False,False,False,False,False,False
C2ORF76,0.002566666666666668,10936,0,False,False,False,False,False,False
PLCB3,0.002566666666666668,10936,0,False,False,False,False,False,False
FAM160B2,0.002566666666666668,10936,0,False,True,False,False,False,False
MAEA,0.002566666666666668,10936,0,False,False,False,False,False,False
NUDT16L1,0.002566666666666668,10936,0,False,False,False,False,False,False
PHF23,0.0025333333333333354,10954,0,False,False,False,False,False,False
FRMD8,0.002533333333333335,10955,0,False,False,False,False,False,False
KIDINS220,0.002533333333333335,10955,0,False,False,False,False,False,False
TUT1,0.002533333333333335,10955,0,False,True,False,False,False,False
SUZ12,0.002533333333333335,10955,0,False,False,False,False,False,False
REV1,0.002533333333333335,10955,0,False,False,False,False,False,False
NDUFA3,0.002533333333333335,10955,0,False,False,False,False,False,False
CBWD2,0.002533333333333335,10955,0,False,False,False,False,False,False
MRPS15,0.002533333333333335,10955,0,False,False,False,False,False,False
ZNF282,0.002533333333333335,10955,0,False,False,False,False,False,False
THYN1,0.002533333333333335,10955,0,False,False,False,False,False,False
CTDP1,0.002533333333333335,10955,0,False,False,False,False,False,False
JARID2,0.0025000000000000014,10966,0,False,False,False,False,False,False
ERMARD,0.0025000000000000014,10966,0,False,False,False,False,False,False
FAM102A,0.0025000000000000014,10966,0,False,False,False,False,False,False
CBY1,0.0025000000000000014,10966,0,False,False,False,False,False,False
SETD1A,0.0025000000000000014,10966,0,False,False,False,False,False,False
DDX27,0.0025000000000000014,10966,0,False,False,False,False,False,False
IGHMBP2,0.0025000000000000014,10966,0,False,True,False,False,False,False
SDHAF1,0.0025000000000000014,10966,0,False,False,False,False,False,False
UBAP2,0.0025000000000000014,10966,0,False,False,False,False,False,False
ARHGAP1,0.0025000000000000014,10966,0,False,False,False,False,False,False
PHF11,0.0025000000000000014,10966,0,False,False,False,False,False,False
MYO1D,0.0025000000000000014,10966,0,False,False,False,False,False,False
AP2B1,0.0025000000000000014,10966,0,False,False,False,False,False,False
COMMD10,0.0025000000000000014,10966,0,False,False,False,False,False,False
LRRC8B,0.0025000000000000014,10966,0,False,False,False,False,False,False
LYSMD3,0.0024666666666666687,10981,0,False,False,False,False,False,False
DHX9,0.0024666666666666687,10981,0,False,False,False,False,False,False
ACTR6,0.0024666666666666682,10983,0,False,False,False,False,False,False
TPGS2,0.0024666666666666682,10983,0,False,False,False,False,False,False
ZC3H13,0.0024666666666666682,10983,0,False,False,False,False,False,False
TSEN54,0.0024666666666666682,10983,0,False,False,False,False,False,False
ZXDC,0.0024666666666666682,10983,0,False,False,False,False,False,False
NT5DC1,0.0024666666666666682,10983,0,False,False,False,False,False,False
TNPO2,0.0024666666666666682,10983,0,False,False,False,False,False,False
MYNN,0.0024666666666666682,10983,0,False,False,False,False,False,False
CLDND1,0.0024666666666666674,10991,0,False,False,False,False,False,False
CYFIP1,0.002433333333333335,10992,0,False,False,False,False,False,False
TBRG1,0.002433333333333335,10992,0,False,False,False,False,False,False
MZT1,0.002433333333333335,10992,0,False,False,False,False,False,False
HARS2,0.0024333333333333347,10995,0,False,True,False,False,False,False
ILF3,0.0024333333333333347,10995,0,False,False,False,False,False,False
CRTC2,0.0024333333333333347,10995,0,False,False,False,False,False,False
ELP6,0.0024333333333333347,10995,0,False,True,False,False,False,False
KHSRP,0.0024333333333333347,10995,0,False,False,False,False,False,False
PICALM,0.0024333333333333347,10995,0,False,False,False,False,False,False
CNPY4,0.0024333333333333347,10995,0,False,False,False,False,False,False
NAGPA,0.0024333333333333347,10995,0,False,True,False,False,False,False
TMEM242,0.0024333333333333347,10995,0,False,False,False,False,False,False
ARL6IP6,0.0024333333333333347,10995,0,False,False,False,False,False,False
LIX1L,0.0024333333333333347,10995,0,False,False,False,False,False,False
TFE3,0.0024333333333333347,10995,0,False,False,False,False,False,False
ZCCHC3,0.0024333333333333347,10995,0,False,False,False,False,False,False
PCNP,0.0024333333333333347,10995,0,False,False,False,False,False,False
REPIN1,0.0024333333333333347,10995,0,False,True,False,False,False,False
LARS1,0.0024333333333333347,10995,0,False,False,False,False,False,False
PPTC7,0.0024333333333333347,10995,0,False,False,False,False,False,False
KMT2E,0.0024333333333333342,11012,0,False,True,False,False,False,False
PCED1A,0.002400000000000002,11013,0,False,False,False,False,False,False
BRD2,0.0024000000000000015,11014,0,False,False,False,False,False,False
SMARCD2,0.0024000000000000015,11014,0,False,False,False,False,False,False
ZNF644,0.0024000000000000015,11014,0,False,False,False,False,False,False
UBA1,0.0024000000000000015,11014,0,False,False,False,False,False,False
MNT,0.0024000000000000015,11014,0,False,False,False,False,False,False
THADA,0.0024000000000000015,11014,0,False,False,False,False,False,False
ZNF664,0.0024000000000000015,11014,0,False,False,False,False,False,False
MEX3C,0.0024000000000000015,11014,0,False,False,False,False,False,False
BLOC1S6,0.0024000000000000015,11014,0,False,True,False,False,False,False
RNF139,0.0024000000000000015,11014,0,False,False,False,False,False,False
NDUFS4,0.0024000000000000015,11014,0,False,False,False,False,False,False
NECAP2,0.0024000000000000015,11014,0,False,False,False,False,False,False
FBXO28,0.0024000000000000015,11014,0,False,False,False,False,False,False
FBXO31,0.002400000000000001,11027,0,False,False,False,False,False,False
MCAT,0.002366666666666668,11028,0,False,False,False,False,False,False
GATAD2B,0.002366666666666668,11028,0,False,True,False,False,False,False
FBXW8,0.002366666666666668,11028,0,False,False,False,False,False,False
TMEM209,0.002366666666666668,11028,0,False,False,False,False,False,False
IFT52,0.002366666666666668,11028,0,False,True,False,False,False,False
DALRD3,0.002366666666666668,11028,0,False,False,False,False,False,False
SH3GLB1,0.002366666666666668,11028,0,False,False,False,False,False,False
SLC35A4,0.002366666666666668,11028,0,False,False,False,False,False,False
BAZ1B,0.002366666666666668,11028,0,False,False,False,False,False,False
ELOA,0.002366666666666668,11028,0,False,False,False,False,False,False
FAM200A,0.002366666666666668,11028,0,False,False,False,False,False,False
ICE2,0.002366666666666668,11028,0,False,False,False,False,False,False
NSL1,0.002366666666666668,11028,0,False,True,False,False,False,False
CSNK1D,0.002333333333333335,11041,0,False,False,False,False,False,False
RSPH3,0.002333333333333335,11041,0,False,False,False,False,False,False
PHF12,0.002333333333333335,11041,0,False,False,False,False,False,False
AP1B1,0.002333333333333335,11041,0,False,False,False,False,False,False
ZNF580,0.002333333333333335,11041,0,False,True,False,False,False,False
ELMOD2,0.002333333333333335,11041,0,False,False,False,False,False,False
MADD,0.002333333333333335,11041,0,False,False,False,False,False,False
TMEM129,0.002333333333333335,11041,0,False,False,False,False,False,False
CYLD,0.002333333333333335,11041,0,False,False,False,False,False,False
SLMAP,0.002333333333333335,11041,0,False,True,False,False,False,False
PPP1R12A,0.002333333333333335,11041,0,False,False,False,False,False,False
RNF115,0.002333333333333335,11041,0,False,False,False,False,False,False
RXRB,0.002333333333333335,11041,0,False,False,False,False,False,False
CEBPZOS,0.002333333333333335,11041,0,False,True,False,False,False,False
CCAR2,0.002333333333333335,11041,0,False,False,False,False,False,False
TRIM32,0.002333333333333335,11041,0,False,False,False,False,False,False
SEC16A,0.0023333333333333344,11057,0,False,False,False,False,False,False
CYB561D2,0.0023000000000000013,11058,0,False,False,False,False,False,False
CETN3,0.0023000000000000013,11058,0,False,False,False,False,False,False
KIF1B,0.0023000000000000013,11058,0,False,False,False,False,False,False
SMARCC2,0.0023000000000000013,11058,0,False,False,False,False,False,False
UEVLD,0.0023000000000000013,11058,0,False,True,False,False,False,False
ATG14,0.0023000000000000013,11058,0,False,False,False,False,False,False
POLE4,0.0023000000000000013,11058,0,False,False,False,False,False,False
SIVA1,0.0023000000000000013,11058,0,False,False,False,False,False,False
RAB5B,0.0023000000000000013,11058,0,False,False,False,False,False,False
TRAPPC13,0.0023000000000000013,11058,0,False,False,False,False,False,False
OFD1,0.0023000000000000013,11058,0,False,False,False,False,False,False
MEA1,0.0023000000000000013,11058,0,False,False,False,False,False,False
ZCCHC14,0.002266666666666668,11070,0,False,False,False,False,False,False
DMWD,0.002266666666666668,11070,0,False,False,False,False,False,False
SRSF4,0.002266666666666668,11070,0,False,False,False,False,False,False
ZC3H4,0.002266666666666668,11070,0,False,False,False,False,False,False
GBF1,0.002266666666666668,11070,0,False,False,False,False,False,False
MOV10,0.002266666666666668,11070,0,False,False,False,False,False,False
NOA1,0.002266666666666668,11070,0,False,False,False,False,False,False
COX14,0.002266666666666668,11070,0,False,True,False,False,False,False
ZC3H18,0.002266666666666668,11070,0,False,False,False,False,False,False
METTL3,0.002266666666666668,11070,0,False,False,False,False,False,False
PXN,0.002266666666666668,11070,0,False,True,False,False,False,False
MDH1,0.002266666666666668,11070,0,False,False,False,False,False,False
UBXN4,0.002266666666666668,11070,0,False,False,False,False,False,False
RRAS2,0.002266666666666668,11070,0,False,False,False,False,False,False
CCDC159,0.002266666666666668,11070,0,False,False,False,False,False,False
TUT7,0.002266666666666668,11070,0,False,False,False,False,False,False
ROCK1,0.002266666666666668,11070,0,False,True,False,False,False,False
SMPD1,0.002266666666666668,11070,0,False,False,False,False,False,False
AGFG1,0.002266666666666668,11070,0,False,True,False,False,False,False
CHD8,0.002266666666666668,11070,0,False,False,False,False,False,False
MIER3,0.002266666666666668,11070,0,False,False,False,False,False,False
PTBP1,0.002266666666666668,11070,0,False,True,False,False,False,False
JMJD6,0.002233333333333335,11092,0,False,False,False,False,False,False
CDC16,0.002233333333333335,11092,0,False,False,False,False,False,False
MEN1,0.0022333333333333346,11094,0,False,True,False,False,False,False
FIZ1,0.0022333333333333346,11094,0,False,False,False,False,False,False
SERF2,0.0022333333333333346,11094,0,False,False,False,False,False,False
PREPL,0.0022333333333333346,11094,0,False,True,False,False,False,False
GCN1,0.0022333333333333346,11094,0,False,True,False,False,False,False
CARHSP1,0.0022333333333333346,11094,0,False,False,False,False,False,False
COA3,0.0022333333333333346,11094,0,False,False,False,False,False,False
ASB7,0.0022333333333333346,11094,0,False,False,False,False,False,False
CMIP,0.0022333333333333346,11094,0,False,True,False,False,False,False
TMEM223,0.0022333333333333346,11094,0,False,True,False,False,False,False
DCUN1D1,0.0022333333333333346,11094,0,False,False,False,False,False,False
ANGEL1,0.0022333333333333346,11094,0,False,False,False,False,False,False
SMAP1,0.0022333333333333346,11094,0,False,False,False,False,False,False
REST,0.0022000000000000014,11107,0,False,False,False,False,False,False
STK35,0.002200000000000001,11108,0,False,False,False,False,False,False
RANGAP1,0.002200000000000001,11108,0,False,True,False,False,False,False
ZNF627,0.002200000000000001,11108,0,False,False,False,False,False,False
LYRM4,0.002200000000000001,11108,0,False,False,False,False,False,False
STK3,0.002200000000000001,11108,0,False,False,False,False,False,False
LAMTOR1,0.002200000000000001,11108,0,False,False,False,False,False,False
BMT2,0.002200000000000001,11108,0,False,False,False,False,False,False
CASP8,0.002200000000000001,11108,0,False,True,False,False,False,False
RAB6A,0.002200000000000001,11108,0,False,False,False,False,False,False
FOXJ2,0.002200000000000001,11108,0,False,False,False,False,False,False
HSPA13,0.002200000000000001,11108,0,False,False,False,False,False,False
ZDHHC8,0.002200000000000001,11108,0,False,False,False,False,False,False
EXOC2,0.002200000000000001,11108,0,False,False,False,False,False,False
ZNF277,0.002200000000000001,11108,0,False,True,False,False,False,False
EIF3E,0.002200000000000001,11108,0,False,False,False,False,False,False
FARP2,0.0021666666666666683,11123,0,False,False,False,False,False,False
SAMD4B,0.0021666666666666683,11123,0,False,False,False,False,False,False
RNASEL,0.002166666666666668,11125,0,False,False,False,False,False,False
ACTR1B,0.002166666666666668,11125,0,False,False,False,False,False,False
ZNF197,0.002166666666666668,11125,0,False,True,False,False,False,False
USO1,0.002166666666666668,11125,0,False,False,False,False,False,False
PPP1CC,0.002166666666666668,11125,0,False,True,False,False,False,False
ECSIT,0.002166666666666668,11125,0,False,False,False,False,False,False
BCLAF1,0.002166666666666668,11125,0,False,True,False,False,False,False
CHM,0.002166666666666668,11125,0,False,True,False,False,False,False
RCAN3,0.002166666666666668,11125,0,False,False,False,False,False,False
FAM168A,0.002166666666666668,11125,0,False,False,False,False,False,False
SLC35F5,0.002166666666666668,11125,0,False,True,False,False,False,False
TAOK3,0.002166666666666668,11125,0,False,False,False,False,False,False
SUGT1,0.002166666666666668,11125,0,False,False,False,False,False,False
SART1,0.002166666666666668,11125,0,False,False,False,False,False,False
SRRT,0.002166666666666668,11125,0,False,True,False,False,False,False
ARFIP1,0.002166666666666668,11125,0,False,False,False,False,False,False
ANAPC4,0.002166666666666668,11125,0,False,False,False,False,False,False
C1D,0.002166666666666668,11125,0,False,False,False,False,False,False
HIGD2A,0.002166666666666668,11125,0,False,False,False,False,False,False
IGBP1,0.002166666666666668,11125,0,False,False,False,False,False,False
NAE1,0.002166666666666668,11125,0,False,False,False,False,False,False
CASP2,0.002166666666666668,11125,0,False,False,False,False,False,False
PPIP5K1,0.0021333333333333343,11147,0,False,False,False,False,False,False
SLC25A46,0.0021333333333333343,11147,0,False,False,False,False,False,False
ELF2,0.0021333333333333343,11147,0,False,False,False,False,False,False
KBTBD2,0.0021333333333333343,11147,0,False,False,False,False,False,False
IFNAR1,0.0021333333333333343,11147,0,False,False,False,False,False,False
ZNF384,0.0021333333333333343,11147,0,False,False,False,False,False,False
TRMT1,0.0021333333333333343,11147,0,False,True,False,False,False,False
INO80,0.0021333333333333343,11147,0,False,False,False,False,False,False
GPALPP1,0.0021333333333333343,11147,0,False,False,False,False,False,False
RNF20,0.0021333333333333343,11147,0,False,False,False,False,False,False
CASD1,0.0021333333333333343,11147,0,False,True,False,False,False,False
YTHDF1,0.0021333333333333343,11147,0,False,False,False,False,False,False
PIGO,0.0021333333333333343,11147,0,False,False,False,False,False,False
CEP57,0.0021333333333333343,11147,0,False,False,False,False,False,False
CUEDC1,0.0021333333333333343,11147,0,False,True,False,False,False,False
LLGL1,0.0021333333333333343,11147,0,False,False,False,False,False,False
PSKH1,0.0021000000000000016,11163,0,False,False,False,False,False,False
ZER1,0.0021000000000000016,11163,0,False,False,False,False,False,False
TMCO4,0.002100000000000001,11165,0,False,False,False,False,False,False
NUBPL,0.002100000000000001,11165,0,False,False,False,False,False,False
NOSIP,0.002100000000000001,11165,0,False,False,False,False,False,False
MAFG,0.002100000000000001,11165,0,False,False,False,False,False,False
PHYKPL,0.002100000000000001,11165,0,False,True,False,False,False,False
RANBP2,0.002100000000000001,11165,0,False,False,False,False,False,False
HIKESHI,0.002100000000000001,11165,0,False,False,False,False,False,False
TECPR1,0.002100000000000001,11165,0,False,False,False,False,False,False
MARK4,0.002100000000000001,11165,0,False,False,False,False,False,False
GCC1,0.002100000000000001,11165,0,False,False,False,False,False,False
NDFIP1,0.002100000000000001,11165,0,False,False,False,False,False,False
CDAN1,0.002100000000000001,11165,0,False,False,False,False,False,False
C2ORF49,0.002100000000000001,11165,0,False,False,False,False,False,False
CSNK1E,0.002100000000000001,11165,0,False,False,False,False,False,False
SRI,0.002100000000000001,11165,0,False,False,False,False,False,False
SSH3,0.002100000000000001,11165,0,False,False,False,False,False,False
RNF41,0.002100000000000001,11165,0,False,False,False,False,False,False
TMEM94,0.002100000000000001,11165,0,False,False,False,False,False,False
PLOD3,0.0020666666666666676,11183,0,False,True,False,False,False,False
BBS2,0.0020666666666666676,11183,0,False,False,False,False,False,False
HTT,0.0020666666666666676,11183,0,False,True,False,False,False,False
COX5A,0.0020666666666666676,11183,0,False,False,False,False,False,False
GNA12,0.0020666666666666676,11183,0,False,True,False,False,False,False
FAM172A,0.0020666666666666676,11183,0,False,False,False,False,False,False
SURF2,0.0020666666666666676,11183,0,False,False,False,False,False,False
SCMH1,0.0020666666666666676,11183,0,False,True,False,False,False,False
TRIM4,0.0020666666666666676,11183,0,False,False,False,False,False,False
LIN54,0.0020666666666666676,11183,0,False,False,False,False,False,False
PRPF6,0.0020666666666666676,11183,0,False,False,False,False,False,False
TRIAP1,0.0020666666666666676,11183,0,False,False,False,False,False,False
QSOX2,0.0020666666666666676,11183,0,False,False,False,False,False,False
CDC40,0.0020333333333333345,11196,0,False,True,False,False,False,False
SNX17,0.0020333333333333345,11196,0,False,False,False,False,False,False
TYW1,0.0020333333333333345,11196,0,False,False,False,False,False,False
FAM193A,0.0020333333333333345,11196,0,False,False,False,False,False,False
PEDS1,0.0020333333333333345,11196,0,False,False,False,False,False,False
TUBG2,0.0020333333333333345,11196,0,False,False,False,False,False,False
ECI1,0.0020333333333333345,11196,0,False,False,False,False,False,False
POGK,0.0020333333333333345,11196,0,False,False,False,False,False,False
SYMPK,0.0020333333333333345,11196,0,False,False,False,False,False,False
NDUFB10,0.0020333333333333345,11196,0,False,False,False,False,False,False
DDI2,0.0020333333333333345,11196,0,False,False,False,False,False,False
GFM2,0.0020333333333333345,11196,0,False,False,False,False,False,False
PEX10,0.0020333333333333345,11196,0,False,False,False,False,False,False
FBXO8,0.0020333333333333345,11196,0,False,True,False,False,False,False
ARL8A,0.0020333333333333345,11196,0,False,False,False,False,False,False
DDX54,0.0020333333333333345,11196,0,False,False,False,False,False,False
BAD,0.0020333333333333345,11196,0,False,False,False,False,False,False
KDM2B,0.0020333333333333345,11196,0,False,True,False,False,False,False
LARP4,0.0020333333333333345,11196,0,False,True,False,False,False,False
DMAC1,0.0020333333333333345,11196,0,False,False,False,False,False,False
TOR1AIP2,0.0020000000000000013,11216,0,False,False,False,False,False,False
ZNF324,0.002000000000000001,11217,0,False,False,False,False,False,False
TMF1,0.002000000000000001,11217,0,False,False,False,False,False,False
PAFAH1B1,0.002000000000000001,11217,0,False,False,False,False,False,False
RGP1,0.002000000000000001,11217,0,False,False,False,False,False,False
SUGP1,0.002000000000000001,11217,0,False,False,False,False,False,False
RBL2,0.002000000000000001,11217,0,False,False,False,False,False,False
TTC17,0.002000000000000001,11217,0,False,False,False,False,False,False
RPS27L,0.002000000000000001,11217,0,False,False,False,False,False,False
CCDC61,0.002000000000000001,11217,0,False,False,False,False,False,False
DNAJC21,0.002000000000000001,11217,0,False,False,False,False,False,False
SPPL2A,0.002000000000000001,11217,0,False,False,False,False,False,False
ATG2A,0.002000000000000001,11217,0,False,True,False,False,False,False
WIZ,0.002000000000000001,11217,0,False,False,False,False,False,False
MIOS,0.002000000000000001,11217,0,False,True,False,False,False,False
MRPL34,0.002000000000000001,11217,0,False,False,False,False,False,False
DENND1C,0.002000000000000001,11217,0,False,False,False,False,False,False
MTMR6,0.002000000000000001,11217,0,False,False,False,False,False,False
RPS6KA4,0.002000000000000001,11217,0,False,False,False,False,False,False
CCDC90B,0.001966666666666668,11235,0,False,False,False,False,False,False
ARHGAP17,0.0019666666666666678,11236,0,False,True,False,False,False,False
CALM3,0.0019666666666666678,11236,0,False,True,False,False,False,False
VPS9D1,0.0019666666666666678,11236,0,False,False,False,False,False,False
MYCBP,0.0019666666666666678,11236,0,False,False,False,False,False,False
AP3S2,0.0019666666666666678,11236,0,False,False,False,False,False,False
AASDH,0.0019666666666666678,11236,0,False,False,False,False,False,False
OTUD4,0.0019666666666666678,11236,0,False,True,False,False,False,False
GMIP,0.0019666666666666678,11236,0,False,False,False,False,False,False
NSMCE4A,0.0019666666666666678,11236,0,False,True,False,False,False,False
MED7,0.0019666666666666678,11236,0,False,False,False,False,False,False
APPL1,0.0019666666666666678,11236,0,False,False,False,False,False,False
DCAF1,0.0019666666666666678,11236,0,False,True,False,False,False,False
PPP3CA,0.0019666666666666678,11236,0,False,False,False,False,False,False
GAPVD1,0.0019666666666666678,11236,0,False,False,False,False,False,False
R3HCC1,0.0019666666666666678,11236,0,False,False,False,False,False,False
G3BP2,0.0019666666666666678,11236,0,False,False,False,False,False,False
MANEA,0.0019666666666666678,11236,0,False,False,False,False,False,False
NCBP1,0.0019666666666666678,11236,0,False,False,False,False,False,False
PCNX3,0.0019666666666666678,11236,0,False,False,False,False,False,False
TANK,0.0019666666666666678,11236,0,False,False,False,False,False,False
AEBP2,0.0019666666666666678,11236,0,False,True,False,False,False,False
RYK,0.0019666666666666678,11236,0,False,False,False,False,False,False
MOB3A,0.0019666666666666678,11236,0,False,False,False,False,False,False
UVRAG,0.0019666666666666673,11259,0,False,False,False,False,False,False
NUP133,0.0019333333333333346,11260,0,False,False,False,False,False,False
TMEM168,0.0019333333333333346,11260,0,False,False,False,False,False,False
DYNC2LI1,0.0019333333333333346,11260,0,False,False,False,False,False,False
MYBBP1A,0.0019333333333333342,11263,0,False,False,False,False,False,False
AP3D1,0.0019333333333333342,11263,0,False,False,False,False,False,False
MAN1A2,0.0019333333333333342,11263,0,False,False,False,False,False,False
MIPEP,0.0019333333333333342,11263,0,False,True,False,False,False,False
ABL1,0.0019333333333333342,11263,0,False,False,False,False,False,False
POLG,0.0019333333333333342,11263,0,False,False,False,False,False,False
ATP13A2,0.0019333333333333342,11263,0,False,False,False,False,False,False
ZFYVE21,0.0019333333333333342,11263,0,False,False,False,False,False,False
STK24,0.0019333333333333342,11263,0,False,False,False,False,False,False
BCAS3,0.0019333333333333342,11263,0,False,False,False,False,False,False
MECP2,0.0019333333333333342,11263,0,False,False,False,False,False,False
ZNF148,0.0019333333333333342,11263,0,False,False,False,False,False,False
SEPTIN7,0.0019333333333333342,11263,0,False,False,False,False,False,False
INTS2,0.0019333333333333342,11263,0,False,False,False,False,False,False
USP11,0.0019000000000000013,11277,0,False,False,False,False,False,False
DNAJC11,0.0019000000000000013,11277,0,False,False,False,False,False,False
SRC,0.0019000000000000009,11279,0,False,False,False,False,False,False
OPTN,0.0019000000000000009,11279,0,False,False,False,False,False,False
TGFBRAP1,0.0019000000000000009,11279,0,False,False,False,False,False,False
NDUFB2,0.0019000000000000009,11279,0,False,False,False,False,False,False
SF3A1,0.0019000000000000009,11279,0,False,False,False,False,False,False
ATP5F1E,0.0019000000000000009,11279,0,False,False,False,False,False,False
THAP1,0.0019000000000000009,11279,0,False,False,False,False,False,False
MGAT4B,0.0019000000000000009,11279,0,False,False,False,False,False,False
HOMEZ,0.0019000000000000009,11279,0,False,True,False,False,False,False
GFM1,0.0019000000000000009,11279,0,False,False,False,False,False,False
RAD9A,0.0019000000000000009,11279,0,False,False,False,False,False,False
ISCA2,0.0019000000000000009,11279,0,False,True,False,False,False,False
TMEM254,0.0019000000000000009,11279,0,False,True,False,False,False,False
TTC23,0.0019000000000000009,11279,0,False,False,False,False,False,False
CNIH1,0.0019000000000000009,11279,0,False,False,False,False,False,False
FAM3A,0.0019000000000000009,11279,0,False,False,False,False,False,False
AGBL5,0.001866666666666668,11295,0,False,False,False,False,False,False
DIP2B,0.001866666666666668,11295,0,False,False,False,False,False,False
SH3RF1,0.0018666666666666675,11297,0,False,False,False,False,False,False
UBE4A,0.0018666666666666675,11297,0,False,False,False,False,False,False
MTR,0.0018666666666666675,11297,0,False,False,False,False,False,False
KIF16B,0.0018666666666666675,11297,0,False,False,False,False,False,False
C5ORF24,0.0018666666666666675,11297,0,False,False,False,False,False,False
SMCR8,0.0018666666666666675,11297,0,False,False,False,False,False,False
ASXL2,0.0018666666666666675,11297,0,False,False,False,False,False,False
COQ8B,0.0018666666666666675,11297,0,False,False,False,False,False,False
CCSER2,0.0018666666666666675,11297,0,False,False,False,False,False,False
CDK11B,0.0018666666666666675,11297,0,False,False,False,False,False,False
ZNF45,0.0018666666666666675,11297,0,False,False,False,False,False,False
MRPS18B,0.0018666666666666675,11297,0,False,False,False,False,False,False
URI1,0.0018666666666666675,11297,0,False,True,False,False,False,False
HECTD1,0.0018666666666666675,11297,0,False,True,False,False,False,False
MRPL48,0.0018666666666666675,11297,0,False,False,False,False,False,False
SCAMP4,0.0018666666666666673,11312,0,False,False,False,False,False,False
COMMD5,0.0018333333333333346,11313,0,False,False,False,False,False,False
ZFYVE26,0.0018333333333333346,11313,0,False,False,False,False,False,False
PSMD10,0.0018333333333333346,11313,0,False,False,False,False,False,False
SMC1A,0.0018333333333333346,11313,0,False,False,False,False,False,False
HAUS2,0.0018333333333333342,11317,0,False,False,False,False,False,False
DIDO1,0.0018333333333333342,11317,0,False,True,False,False,False,False
RABL3,0.0018333333333333342,11317,0,False,True,False,False,False,False
KANSL3,0.0018333333333333342,11317,0,False,False,False,False,False,False
DMAP1,0.0018333333333333342,11317,0,False,False,False,False,False,False
DCAF8,0.0018333333333333342,11317,0,False,True,False,False,False,False
BCAS2,0.0018333333333333342,11317,0,False,False,False,False,False,False
THAP12,0.0018333333333333342,11317,0,False,False,False,False,False,False
DXO,0.0018333333333333342,11317,0,False,False,False,False,False,False
TAF9B,0.0018333333333333342,11317,0,False,False,False,False,False,False
PJA1,0.0018333333333333342,11317,0,False,False,False,False,False,False
TNIP2,0.0018333333333333342,11317,0,False,False,False,False,False,False
MIB1,0.0018000000000000008,11329,0,False,False,False,False,False,False
UBE2G1,0.0018000000000000008,11329,0,False,True,False,False,False,False
SLC25A11,0.0018000000000000008,11329,0,False,False,False,False,False,False
UBE2B,0.0018000000000000008,11329,0,False,False,False,False,False,False
CD99L2,0.0018000000000000008,11329,0,False,False,False,False,False,False
MED25,0.0018000000000000008,11329,0,False,True,False,False,False,False
TRIM33,0.0018000000000000008,11329,0,False,False,False,False,False,False
NOM1,0.0018000000000000008,11329,0,False,False,False,False,False,False
TAF3,0.0018000000000000008,11329,0,False,False,False,False,False,False
HACE1,0.0018000000000000008,11329,0,False,False,False,False,False,False
JMJD8,0.0018000000000000008,11329,0,False,False,False,False,False,False
POLR2M,0.0018000000000000008,11329,0,False,True,False,False,False,False
POFUT2,0.0018000000000000008,11329,0,False,True,False,False,False,False
NUP188,0.0018000000000000008,11329,0,False,False,False,False,False,False
CRAT,0.0018000000000000008,11329,0,False,False,False,False,False,False
YTHDC1,0.0018000000000000008,11329,0,False,False,False,False,False,False
KRCC1,0.0018000000000000008,11329,0,False,True,False,False,False,False
TUBGCP2,0.0018000000000000008,11329,0,False,False,False,False,False,False
NUP98,0.001766666666666668,11347,0,False,False,False,False,False,False
WDR47,0.0017666666666666675,11348,0,False,False,False,False,False,False
COG1,0.0017666666666666675,11348,0,False,False,False,False,False,False
ZBTB1,0.0017666666666666675,11348,0,False,False,False,False,False,False
WDR91,0.0017666666666666675,11348,0,False,False,False,False,False,False
LEMD3,0.0017666666666666675,11348,0,False,False,False,False,False,False
DDX51,0.0017666666666666675,11348,0,False,False,False,False,False,False
HSPB11,0.0017666666666666675,11348,0,False,False,False,False,False,False
SRPK2,0.0017666666666666675,11348,0,False,False,False,False,False,False
GPATCH8,0.0017666666666666675,11348,0,False,False,False,False,False,False
RREB1,0.0017666666666666675,11348,0,False,False,False,False,False,False
ZNF317,0.001766666666666667,11358,0,False,False,False,False,False,False
DNM1L,0.0017333333333333346,11359,0,False,True,False,False,False,False
PARP4,0.0017333333333333346,11359,0,False,True,False,False,False,False
UBP1,0.0017333333333333341,11361,0,False,False,False,False,False,False
DHX40,0.0017333333333333341,11361,0,False,False,False,False,False,False
TRIM26,0.0017333333333333341,11361,0,False,True,False,False,False,False
RAB9A,0.0017333333333333341,11361,0,False,False,False,False,False,False
PDS5A,0.0017333333333333341,11361,0,False,False,False,False,False,False
WDTC1,0.0017333333333333341,11361,0,False,True,False,False,False,False
MTA2,0.0017333333333333341,11361,0,False,False,False,False,False,False
WIPI2,0.0017333333333333341,11361,0,False,False,False,False,False,False
TMEM185A,0.0017333333333333341,11361,0,False,True,False,False,False,False
ELL,0.0017333333333333341,11361,0,False,False,False,False,False,False
ALKBH5,0.0017333333333333341,11361,0,False,False,False,False,False,False
DYM,0.0017333333333333341,11361,0,False,False,False,False,False,False
TSC22D4,0.0017333333333333341,11361,0,False,False,False,False,False,False
DGCR2,0.0017333333333333341,11361,0,False,True,False,False,False,False
CIAO2A,0.0017333333333333341,11361,0,False,False,False,False,False,False
ECPAS,0.0017333333333333341,11361,0,False,False,False,False,False,False
SENP5,0.0017333333333333341,11361,0,False,False,False,False,False,False
NKAPD1,0.0017333333333333341,11361,0,False,True,False,False,False,False
ATF6,0.0017333333333333341,11361,0,False,False,False,False,False,False
USP10,0.0017000000000000012,11380,0,False,True,False,False,False,False
TIAL1,0.0017000000000000012,11380,0,False,False,False,False,False,False
TYK2,0.0017000000000000008,11382,0,False,False,False,False,False,False
TXN2,0.0017000000000000008,11382,0,False,False,False,False,False,False
PGS1,0.0017000000000000008,11382,0,False,False,False,False,False,False
ZNF768,0.0017000000000000008,11382,0,False,False,False,False,False,False
SIKE1,0.0017000000000000008,11382,0,False,False,False,False,False,False
DNAJC14,0.0017000000000000008,11382,0,False,True,False,False,False,False
ABHD17B,0.0017000000000000008,11382,0,False,False,False,False,False,False
EPS15,0.0017000000000000008,11382,0,False,False,False,False,False,False
MAP3K5,0.0017000000000000008,11382,0,False,False,False,False,False,False
SMG7,0.0017000000000000008,11382,0,False,False,False,False,False,False
TBC1D13,0.0017000000000000008,11382,0,False,True,False,False,False,False
C6ORF47,0.0017000000000000008,11382,0,False,False,False,False,False,False
RNF138,0.0017000000000000008,11382,0,False,False,False,False,False,False
IQGAP1,0.0017000000000000008,11382,0,False,False,False,False,False,False
SH3KBP1,0.0017000000000000008,11382,0,False,False,False,False,False,False
ATP5MPL,0.0017000000000000008,11382,0,False,False,False,False,False,False
B3GALT6,0.0017000000000000008,11382,0,False,True,False,False,False,False
OPA3,0.0017000000000000008,11382,0,False,False,False,False,False,False
PAK2,0.0017000000000000008,11382,0,False,False,False,False,False,False
ZNRF1,0.0017000000000000008,11382,0,False,False,False,False,False,False
ACACA,0.0016666666666666679,11402,0,False,True,False,False,False,False
CLTA,0.0016666666666666674,11403,0,False,False,False,False,False,False
GNPTAB,0.0016666666666666674,11403,0,False,False,False,False,False,False
MED16,0.0016666666666666674,11403,0,False,True,False,False,False,False
CCDC93,0.0016666666666666674,11403,0,False,False,False,False,False,False
C2ORF68,0.0016666666666666674,11403,0,False,True,False,False,False,False
ZBTB17,0.0016666666666666674,11403,0,False,False,False,False,False,False
NUP62,0.0016666666666666674,11403,0,False,True,False,False,False,False
DNAAF2,0.0016666666666666674,11403,0,False,False,False,False,False,False
ZC3H3,0.0016666666666666674,11403,0,False,False,False,False,False,False
FAM8A1,0.0016666666666666674,11403,0,False,False,False,False,False,False
EXOSC8,0.0016666666666666674,11403,0,False,False,False,False,False,False
CTDSPL2,0.0016666666666666674,11403,0,False,False,False,False,False,False
MIER1,0.001666666666666667,11415,0,False,False,False,False,False,False
GATAD1,0.0016333333333333343,11416,0,False,False,False,False,False,False
MORC3,0.0016333333333333343,11416,0,False,True,False,False,False,False
RBM12,0.0016333333333333343,11416,0,False,False,False,False,False,False
MGST2,0.0016333333333333343,11416,0,False,False,False,False,False,False
USP28,0.0016333333333333343,11416,0,False,False,False,False,False,False
PRPF39,0.0016333333333333343,11416,0,False,False,False,False,False,False
VPS35L,0.0016333333333333343,11416,0,False,False,False,False,False,False
SCRN3,0.0016333333333333343,11416,0,False,False,False,False,False,False
CUL5,0.001633333333333334,11424,0,False,True,False,False,False,False
TM9SF4,0.001633333333333334,11424,0,False,False,False,False,False,False
EFCAB14,0.001633333333333334,11424,0,False,False,False,False,False,False
VPS8,0.001633333333333334,11424,0,False,False,False,False,False,False
PPP2R5D,0.001633333333333334,11424,0,False,False,False,False,False,False
ZHX1,0.001600000000000001,11429,0,False,False,False,False,False,False
DDX42,0.001600000000000001,11429,0,False,False,False,False,False,False
PRPF4B,0.001600000000000001,11429,0,False,False,False,False,False,False
TOR1AIP1,0.001600000000000001,11429,0,False,False,False,False,False,False
VPS37A,0.001600000000000001,11429,0,False,False,False,False,False,False
SLC30A5,0.001600000000000001,11429,0,False,False,False,False,False,False
SUPT20H,0.0016000000000000007,11435,0,False,False,False,False,False,False
NUP50,0.0016000000000000007,11435,0,False,False,False,False,False,False
NUDC,0.0016000000000000007,11435,0,False,True,False,False,False,False
MRPL43,0.0016000000000000007,11435,0,False,False,False,False,False,False
PPP2R1B,0.0016000000000000007,11435,0,False,False,False,False,False,False
CCS,0.0016000000000000007,11435,0,False,False,False,False,False,False
ZKSCAN5,0.0016000000000000007,11435,0,False,False,False,False,False,False
ATF6B,0.0016000000000000007,11435,0,False,False,False,False,False,False
BUD13,0.0016000000000000007,11435,0,False,False,False,False,False,False
DHX35,0.0016000000000000007,11435,0,False,False,False,False,False,False
HSDL1,0.0015666666666666676,11445,0,False,False,False,False,False,False
CDC5L,0.0015666666666666676,11445,0,False,True,False,False,False,False
RNF7,0.0015666666666666676,11445,0,False,False,False,False,False,False
PHB2,0.0015666666666666676,11445,0,False,True,False,False,False,False
TUSC2,0.0015666666666666676,11445,0,False,False,False,False,False,False
ZDHHC7,0.0015666666666666676,11445,0,False,True,False,False,False,False
MTOR,0.0015666666666666676,11445,0,False,True,False,False,False,False
EXOSC10,0.0015666666666666676,11445,0,False,False,False,False,False,False
DDX6,0.0015666666666666676,11445,0,False,True,False,False,False,False
ATP6V0A1,0.0015666666666666676,11445,0,False,False,False,False,False,False
CC2D1A,0.0015666666666666676,11445,0,False,False,False,False,False,False
SEPHS1,0.0015666666666666676,11445,0,False,True,False,False,False,False
SPG11,0.0015666666666666676,11445,0,False,False,False,False,False,False
TAB2,0.0015666666666666676,11445,0,False,True,False,False,False,False
RCHY1,0.0015666666666666676,11445,0,False,False,False,False,False,False
MTF2,0.0015666666666666676,11445,0,False,False,False,False,False,False
CHST12,0.0015666666666666676,11445,0,False,False,False,False,False,False
RNASEH2C,0.0015666666666666676,11445,0,False,False,False,False,False,False
DUT,0.0015666666666666676,11445,0,False,True,False,False,False,False
STRN3,0.0015666666666666674,11464,0,False,False,False,False,False,False
GPR107,0.0015666666666666674,11464,0,False,False,False,False,False,False
SERTAD2,0.0015666666666666674,11464,0,False,False,False,False,False,False
SPIDR,0.0015666666666666674,11464,0,False,False,False,False,False,False
CRYZL1,0.0015666666666666674,11464,0,False,True,False,False,False,False
MRRF,0.0015666666666666674,11464,0,False,False,False,False,False,False
UBE3A,0.0015666666666666674,11464,0,False,False,False,False,False,False
UPF3A,0.0015333333333333342,11471,0,False,False,False,False,False,False
GSK3B,0.0015333333333333342,11471,0,False,True,False,False,False,False
FBH1,0.0015333333333333342,11471,0,False,False,False,False,False,False
MSL1,0.0015333333333333342,11471,0,False,True,False,False,False,False
MAML1,0.0015333333333333342,11471,0,False,True,False,False,False,False
SENP6,0.0015333333333333342,11471,0,False,False,False,False,False,False
MFAP1,0.0015333333333333342,11471,0,False,False,False,False,False,False
OARD1,0.0015333333333333342,11471,0,False,False,False,False,False,False
LATS1,0.0015333333333333342,11471,0,False,False,False,False,False,False
EXOC5,0.0015333333333333342,11471,0,False,False,False,False,False,False
EXTL3,0.0015333333333333342,11471,0,False,True,False,False,False,False
PHF8,0.0015333333333333342,11471,0,False,False,False,False,False,False
SMAD2,0.0015333333333333342,11471,0,False,False,False,False,False,False
DDX46,0.001533333333333334,11484,0,False,False,False,False,False,False
CWC22,0.001533333333333334,11484,0,False,False,False,False,False,False
CAPN7,0.001533333333333334,11484,0,False,False,False,False,False,False
KIAA0232,0.001533333333333334,11484,0,False,False,False,False,False,False
BLMH,0.001533333333333334,11484,0,False,False,False,False,False,False
ARIH1,0.001533333333333334,11484,0,False,False,False,False,False,False
CHAMP1,0.001500000000000001,11490,0,False,True,False,False,False,False
PIGK,0.001500000000000001,11490,0,False,False,False,False,False,False
MRPS14,0.0015000000000000007,11492,0,False,True,False,False,False,False
NDUFS1,0.0015000000000000007,11492,0,False,False,False,False,False,False
RSRC2,0.0015000000000000007,11492,0,False,False,False,False,False,False
GMCL1,0.0015000000000000007,11492,0,False,False,False,False,False,False
ADNP2,0.0015000000000000007,11492,0,False,False,False,False,False,False
PTK2,0.0015000000000000007,11492,0,False,True,False,False,False,False
TLK1,0.0015000000000000007,11492,0,False,False,False,False,False,False
EHMT1,0.0015000000000000007,11492,0,False,False,False,False,False,False
SMAD5,0.0015000000000000007,11492,0,False,True,False,False,False,False
MAT2B,0.0015000000000000007,11492,0,False,False,False,False,False,False
DHX8,0.0015000000000000007,11492,0,False,False,False,False,False,False
KDM3B,0.0015000000000000007,11492,0,False,True,False,False,False,False
ANKRD13C,0.0015000000000000007,11492,0,False,False,False,False,False,False
IBTK,0.0015000000000000007,11492,0,False,False,False,False,False,False
FOXJ3,0.0015000000000000007,11492,0,False,False,False,False,False,False
MARCHF7,0.0015000000000000007,11492,0,False,False,False,False,False,False
MAN2C1,0.0015000000000000007,11492,0,False,False,False,False,False,False
FAM122B,0.0015000000000000007,11492,0,False,False,False,False,False,False
CFAP36,0.0015000000000000007,11492,0,False,False,False,False,False,False
C6ORF136,0.0015000000000000007,11492,0,False,True,False,False,False,False
METTL16,0.0014666666666666676,11512,0,False,False,False,False,False,False
NAF1,0.0014666666666666676,11512,0,False,False,False,False,False,False
EVI5L,0.0014666666666666676,11512,0,False,False,False,False,False,False
TXNDC16,0.0014666666666666676,11512,0,False,True,False,False,False,False
ZMYND11,0.0014666666666666673,11516,0,False,False,False,False,False,False
UROD,0.0014666666666666673,11516,0,False,False,False,False,False,False
SUCLA2,0.0014666666666666673,11516,0,False,False,False,False,False,False
WDR55,0.0014666666666666673,11516,0,False,False,False,False,False,False
ZNF32,0.0014666666666666673,11516,0,False,False,False,False,False,False
RPS19BP1,0.0014666666666666673,11516,0,False,False,False,False,False,False
PINK1,0.0014666666666666673,11516,0,False,False,False,False,False,False
HEATR5B,0.0014666666666666673,11516,0,False,True,False,False,False,False
KIF3B,0.0014666666666666673,11516,0,False,False,False,False,False,False
PRKAA1,0.0014666666666666673,11516,0,False,True,False,False,False,False
PPWD1,0.0014666666666666673,11516,0,False,False,False,False,False,False
NPRL3,0.0014666666666666673,11516,0,False,True,False,False,False,False
CUL4A,0.0014666666666666673,11516,0,False,False,False,False,False,False
KAT7,0.0014666666666666673,11516,0,False,False,False,False,False,False
LRRC58,0.0014666666666666673,11516,0,False,True,False,False,False,False
HSF1,0.0014666666666666673,11516,0,False,False,False,False,False,False
UQCR10,0.0014666666666666673,11516,0,False,False,False,False,False,False
ACSL3,0.0014666666666666673,11516,0,False,True,False,False,False,False
AGPAT1,0.0014666666666666673,11516,0,False,False,False,False,False,False
TAB3,0.0014666666666666673,11516,0,False,False,False,False,False,False
BOD1,0.0014666666666666673,11516,0,False,False,False,False,False,False
UHRF1BP1,0.0014666666666666673,11516,0,False,False,False,False,False,False
PARP3,0.0014666666666666671,11538,0,False,False,False,False,False,False
NADK2,0.0014333333333333342,11539,0,False,False,False,False,False,False
SMC3,0.001433333333333334,11540,0,False,False,False,False,False,False
DHX33,0.001433333333333334,11540,0,False,False,False,False,False,False
IPO9,0.001433333333333334,11540,0,False,False,False,False,False,False
ZMYM5,0.001433333333333334,11540,0,False,False,False,False,False,False
MED1,0.001433333333333334,11540,0,False,False,False,False,False,False
FANCL,0.001433333333333334,11540,0,False,False,False,False,False,False
COMMD2,0.001433333333333334,11540,0,False,False,False,False,False,False
ARHGAP19,0.001433333333333334,11540,0,False,False,False,False,False,False
GOLIM4,0.001433333333333334,11540,0,False,False,False,False,False,False
IFT20,0.001433333333333334,11540,0,False,False,False,False,False,False
CLCN3,0.001433333333333334,11540,0,False,False,False,False,False,False
CASC3,0.001433333333333334,11540,0,False,False,False,False,False,False
ZFAND3,0.001433333333333334,11540,0,False,True,False,False,False,False
JAK1,0.001433333333333334,11540,0,False,False,False,False,False,False
CCDC126,0.001433333333333334,11540,0,False,False,False,False,False,False
SCAMP1,0.0014333333333333338,11555,0,False,False,False,False,False,False
ATE1,0.0014333333333333338,11555,0,False,False,False,False,False,False
CXORF56,0.0014333333333333338,11555,0,False,True,False,False,False,False
DCTN6,0.0014333333333333338,11555,0,False,True,False,False,False,False
FUBP1,0.0014000000000000009,11559,0,False,False,False,False,False,False
NOP9,0.0014000000000000009,11559,0,False,True,False,False,False,False
TTC8,0.0014000000000000009,11559,0,False,False,False,False,False,False
REXO4,0.0014000000000000006,11562,0,False,False,False,False,False,False
TENT4B,0.0014000000000000006,11562,0,False,False,False,False,False,False
EAPP,0.0014000000000000006,11562,0,False,False,False,False,False,False
CHST14,0.0014000000000000006,11562,0,False,False,False,False,False,False
CNOT3,0.0014000000000000006,11562,0,False,False,False,False,False,False
SIK3,0.0014000000000000006,11562,0,False,False,False,False,False,False
WDR20,0.0014000000000000006,11562,0,False,True,False,False,False,False
TMEM175,0.0014000000000000006,11562,0,False,False,False,False,False,False
SLC12A9,0.0014000000000000006,11562,0,False,False,False,False,False,False
OXSM,0.0014000000000000006,11562,0,False,False,False,False,False,False
FBXL17,0.0014000000000000006,11562,0,False,True,False,False,False,False
MAPK7,0.0014000000000000006,11562,0,False,False,False,False,False,False
COPS7B,0.0014000000000000006,11562,0,False,False,False,False,False,False
RRP15,0.0014000000000000006,11562,0,False,False,False,False,False,False
ARHGEF11,0.0014000000000000004,11576,0,False,False,False,False,False,False
CDK5RAP2,0.0014000000000000004,11576,0,False,False,False,False,False,False
DYNLL2,0.0014000000000000004,11576,0,False,False,False,False,False,False
KDM4A,0.0014000000000000004,11576,0,False,False,False,False,False,False
MGRN1,0.0014000000000000004,11576,0,False,False,False,False,False,False
RAB28,0.0014000000000000004,11576,0,False,False,False,False,False,False
SART3,0.0013666666666666675,11582,0,False,False,False,False,False,False
TWSG1,0.0013666666666666675,11582,0,False,True,False,False,False,False
SPTLC2,0.0013666666666666673,11584,0,False,False,False,False,False,False
WDR11,0.0013666666666666673,11584,0,False,False,False,False,False,False
KLHL20,0.0013666666666666673,11584,0,False,False,False,False,False,False
MAP3K4,0.0013666666666666673,11584,0,False,True,False,False,False,False
KPNA3,0.0013666666666666673,11584,0,False,False,False,False,False,False
ARIH2,0.0013666666666666673,11584,0,False,False,False,False,False,False
GTF3C3,0.0013666666666666673,11584,0,False,False,False,False,False,False
TAB1,0.0013666666666666673,11584,0,False,False,False,False,False,False
PHTF1,0.0013666666666666673,11584,0,False,False,False,False,False,False
DYNC1I2,0.0013666666666666673,11584,0,False,False,False,False,False,False
UBE2H,0.0013666666666666673,11584,0,False,True,False,False,False,False
QTRT2,0.0013666666666666673,11584,0,False,True,False,False,False,False
GPKOW,0.0013666666666666673,11584,0,False,False,False,False,False,False
CCNQ,0.0013666666666666673,11584,0,False,False,False,False,False,False
ZRANB1,0.001366666666666667,11598,0,False,False,False,False,False,False
PRDM2,0.001366666666666667,11598,0,False,False,False,False,False,False
XIAP,0.001366666666666667,11598,0,False,True,False,False,False,False
ACO2,0.0013333333333333342,11601,0,False,False,False,False,False,False
RBM15B,0.0013333333333333342,11601,0,False,False,False,False,False,False
ANKRD17,0.0013333333333333342,11601,0,False,False,False,False,False,False
BCL7C,0.001333333333333334,11604,0,False,False,False,False,False,False
COPS2,0.001333333333333334,11604,0,False,True,False,False,False,False
CCDC149,0.001333333333333334,11604,0,False,False,False,False,False,False
DNAJC16,0.001333333333333334,11604,0,False,True,False,False,False,False
ZFR,0.001333333333333334,11604,0,False,False,False,False,False,False
KCTD2,0.001333333333333334,11604,0,False,False,False,False,False,False
BRD7,0.001333333333333334,11604,0,False,True,False,False,False,False
MED22,0.001333333333333334,11604,0,False,False,False,False,False,False
SMIM30,0.001333333333333334,11604,0,False,False,False,False,False,False
ZNFX1,0.001333333333333334,11604,0,False,False,False,False,False,False
INTS10,0.001333333333333334,11604,0,False,False,False,False,False,False
DEAF1,0.001333333333333334,11604,0,False,False,False,False,False,False
NRAS,0.001333333333333334,11604,0,False,False,False,False,False,False
APOOL,0.001333333333333334,11604,0,False,False,False,False,False,False
UTP23,0.0013333333333333337,11618,0,False,False,False,False,False,False
ZNF655,0.0013333333333333337,11618,0,False,False,False,False,False,False
CAMSAP2,0.0013333333333333337,11618,0,False,False,False,False,False,False
AFG3L2,0.0013333333333333335,11621,0,False,False,False,False,False,False
AP2A1,0.0013000000000000008,11622,0,False,False,False,False,False,False
DCAF16,0.0013000000000000008,11622,0,False,False,False,False,False,False
SMARCD1,0.0013000000000000008,11622,0,False,False,False,False,False,False
CUL4B,0.0013000000000000006,11625,0,False,False,False,False,False,False
LMBR1L,0.0013000000000000006,11625,0,False,False,False,False,False,False
TASOR,0.0013000000000000006,11625,0,False,True,False,False,False,False
FMR1,0.0013000000000000006,11625,0,False,False,False,False,False,False
ATF1,0.0013000000000000006,11625,0,False,False,False,False,False,False
RAB11FIP3,0.0013000000000000006,11625,0,False,False,False,False,False,False
HIF1AN,0.0013000000000000006,11625,0,False,False,False,False,False,False
RSBN1,0.0013000000000000006,11625,0,False,True,False,False,False,False
CTCF,0.0013000000000000006,11625,0,False,False,False,False,False,False
ATRN,0.0013000000000000006,11625,0,False,True,False,False,False,False
PARP16,0.0013000000000000006,11625,0,False,False,False,False,False,False
PCMTD1,0.0013000000000000006,11625,0,False,False,False,False,False,False
RBM27,0.0013000000000000006,11625,0,False,False,False,False,False,False
SF3B2,0.0013000000000000006,11625,0,False,True,False,False,False,False
MRPL57,0.0013000000000000006,11625,0,False,False,False,False,False,False
ALAD,0.0013000000000000004,11640,0,False,False,False,False,False,False
SRRM1,0.0013000000000000004,11640,0,False,False,False,False,False,False
SIRT5,0.0013000000000000004,11640,0,False,False,False,False,False,False
PWWP2A,0.0013000000000000004,11640,0,False,True,False,False,False,False
HEATR6,0.0013000000000000004,11640,0,False,False,False,False,False,False
FAR1,0.0013000000000000004,11640,0,False,False,False,False,False,False
BCR,0.0013000000000000004,11640,0,False,True,False,False,False,False
ATP5MC3,0.0012666666666666675,11647,0,False,False,False,False,False,False
ZBTB11,0.0012666666666666675,11647,0,False,True,False,False,False,False
EIF2AK4,0.0012666666666666672,11649,0,False,False,False,False,False,False
CNST,0.0012666666666666672,11649,0,False,False,False,False,False,False
ZNF561,0.0012666666666666672,11649,0,False,False,False,False,False,False
FEM1B,0.0012666666666666672,11649,0,False,False,False,False,False,False
TASP1,0.0012666666666666672,11649,0,False,False,False,False,False,False
NPRL2,0.0012666666666666672,11649,0,False,False,False,False,False,False
UCKL1,0.0012666666666666672,11649,0,False,False,False,False,False,False
HEATR5A,0.0012666666666666672,11649,0,False,False,False,False,False,False
MTA3,0.0012666666666666672,11649,0,False,False,False,False,False,False
NFATC2IP,0.0012666666666666672,11649,0,False,False,False,False,False,False
CAMK2G,0.0012666666666666672,11649,0,False,True,False,False,False,False
CAMLG,0.0012666666666666672,11649,0,False,False,False,False,False,False
CSRNP2,0.001266666666666667,11661,0,False,False,False,False,False,False
TMCC1,0.0012333333333333341,11662,0,False,False,False,False,False,False
PBRM1,0.001233333333333334,11663,0,False,False,False,False,False,False
SMC6,0.001233333333333334,11663,0,False,False,False,False,False,False
GABPA,0.001233333333333334,11663,0,False,False,False,False,False,False
IER3IP1,0.001233333333333334,11663,0,False,False,False,False,False,False
PIAS4,0.001233333333333334,11663,0,False,True,False,False,False,False
UBE4B,0.001233333333333334,11663,0,False,False,False,False,False,False
ZNF275,0.001233333333333334,11663,0,False,False,False,False,False,False
FTSJ3,0.001233333333333334,11663,0,False,False,False,False,False,False
FAAP100,0.001233333333333334,11663,0,False,True,False,False,False,False
MTMR1,0.001233333333333334,11663,0,False,False,False,False,False,False
R3HDM2,0.001233333333333334,11663,0,False,False,False,False,False,False
ABCF1,0.001233333333333334,11663,0,False,False,False,False,False,False
MAPK1IP1L,0.001233333333333334,11663,0,False,False,False,False,False,False
NIPA1,0.001233333333333334,11663,0,False,True,False,False,False,False
UBR3,0.001233333333333334,11663,0,False,False,False,False,False,False
VPS52,0.001233333333333334,11663,0,False,True,False,False,False,False
U2AF2,0.001233333333333334,11663,0,False,False,False,False,False,False
GZF1,0.001233333333333334,11663,0,False,False,False,False,False,False
TMEM50B,0.001233333333333334,11663,0,False,False,False,False,False,False
STIM2,0.0012000000000000008,11682,0,False,False,False,False,False,False
RGL2,0.0012000000000000008,11682,0,False,False,False,False,False,False
FAM160B1,0.0012000000000000008,11682,0,False,True,False,False,False,False
KPNA6,0.0012000000000000005,11685,0,False,False,False,False,False,False
ELF4,0.0012000000000000005,11685,0,False,False,False,False,False,False
ATXN7L3,0.0012000000000000005,11685,0,False,False,False,False,False,False
MAP4K5,0.0012000000000000005,11685,0,False,True,False,False,False,False
TPP2,0.0012000000000000005,11685,0,False,False,False,False,False,False
DPH7,0.0012000000000000005,11685,0,False,False,False,False,False,False
SH3BP5L,0.0012000000000000005,11685,0,False,False,False,False,False,False
MRPL40,0.0012000000000000005,11685,0,False,True,False,False,False,False
IKZF5,0.0012000000000000005,11685,0,False,False,False,False,False,False
BBS4,0.0012000000000000005,11685,0,False,True,False,False,False,False
COG3,0.0012000000000000005,11685,0,False,False,False,False,False,False
ESF1,0.0012000000000000005,11685,0,False,False,False,False,False,False
RLF,0.0012000000000000005,11685,0,False,False,False,False,False,False
TSTD2,0.0012000000000000005,11685,0,False,False,False,False,False,False
ZSCAN29,0.0012000000000000005,11685,0,False,True,False,False,False,False
TADA3,0.0012000000000000003,11700,0,False,False,False,False,False,False
PPP6R1,0.0012000000000000003,11700,0,False,False,False,False,False,False
THOC2,0.0012000000000000003,11700,0,False,True,False,False,False,False
PGRMC2,0.0011666666666666674,11703,0,False,False,False,False,False,False
PPP4R1,0.0011666666666666674,11703,0,False,False,False,False,False,False
DNAJB2,0.0011666666666666672,11705,0,False,False,False,False,False,False
UBE3B,0.0011666666666666672,11705,0,False,False,False,False,False,False
ATG9A,0.0011666666666666672,11705,0,False,False,False,False,False,False
FAM104B,0.0011666666666666672,11705,0,False,False,False,False,False,False
EHBP1,0.0011666666666666672,11705,0,False,False,False,False,False,False
TCF12,0.0011666666666666672,11705,0,False,False,False,False,False,False
NELFA,0.0011666666666666672,11705,0,False,False,False,False,False,False
VTA1,0.0011666666666666672,11705,0,False,False,False,False,False,False
SNRNP35,0.0011666666666666672,11705,0,False,False,False,False,False,False
MSL2,0.0011666666666666672,11705,0,False,False,False,False,False,False
BAHD1,0.0011666666666666672,11705,0,False,False,False,False,False,False
EEF2K,0.0011666666666666672,11705,0,False,False,False,False,False,False
CLASP1,0.0011666666666666672,11705,0,False,False,False,False,False,False
JOSD1,0.001166666666666667,11718,0,False,False,False,False,False,False
PPP1R37,0.001166666666666667,11718,0,False,False,False,False,False,False
DEF8,0.001166666666666667,11718,0,False,True,False,False,False,False
FAM199X,0.001133333333333334,11721,0,False,False,False,False,False,False
SHOC2,0.001133333333333334,11721,0,False,False,False,False,False,False
ZNF41,0.0011333333333333338,11723,0,False,False,False,False,False,False
TMEM203,0.0011333333333333338,11723,0,False,False,False,False,False,False
NR3C1,0.0011333333333333338,11723,0,False,False,False,False,False,False
AKAP10,0.0011333333333333338,11723,0,False,False,False,False,False,False
NUDT21,0.0011333333333333338,11723,0,False,True,False,False,False,False
DGKZ,0.0011333333333333338,11723,0,False,False,False,False,False,False
RNF44,0.0011333333333333338,11723,0,False,False,False,False,False,False
ITSN2,0.0011333333333333338,11723,0,False,False,False,False,False,False
ZNHIT1,0.0011333333333333338,11723,0,False,False,False,False,False,False
NUP214,0.0011333333333333338,11723,0,False,False,False,False,False,False
RTL6,0.0011333333333333338,11723,0,False,False,False,False,False,False
MRPL39,0.0011333333333333338,11723,0,False,False,False,False,False,False
SPOPL,0.0011333333333333336,11735,0,False,False,False,False,False,False
NOP14,0.0011333333333333336,11735,0,False,False,False,False,False,False
KDM5A,0.0011333333333333336,11735,0,False,False,False,False,False,False
SCAF8,0.0011333333333333336,11735,0,False,False,False,False,False,False
FBXW11,0.0011333333333333336,11735,0,False,True,False,False,False,False
CCDC112,0.0011000000000000005,11740,0,False,False,False,False,False,False
ABCC10,0.0011000000000000005,11740,0,False,False,False,False,False,False
GTF3C5,0.0011000000000000005,11740,0,False,False,False,False,False,False
MIGA2,0.0011000000000000005,11740,0,False,False,False,False,False,False
MRE11,0.0011000000000000005,11740,0,False,False,False,False,False,False
CDK10,0.0011000000000000005,11740,0,False,False,False,False,False,False
ERBIN,0.0011000000000000005,11740,0,False,False,False,False,False,False
ZNF398,0.0011000000000000005,11740,0,False,False,False,False,False,False
NSUN6,0.0011000000000000005,11740,0,False,False,False,False,False,False
TRIP12,0.0011000000000000005,11740,0,False,True,False,False,False,False
WDR59,0.0011000000000000005,11740,0,False,True,False,False,False,False
SUDS3,0.0011000000000000005,11740,0,False,False,False,False,False,False
SAV1,0.0011000000000000005,11740,0,False,False,False,False,False,False
DLG1,0.0011000000000000005,11740,0,False,False,False,False,False,False
C6ORF89,0.0011000000000000005,11740,0,False,False,False,False,False,False
LAMTOR3,0.0011000000000000003,11755,0,False,False,False,False,False,False
KLHL7,0.0010666666666666672,11756,0,False,True,False,False,False,False
CRTC3,0.0010666666666666672,11756,0,False,False,False,False,False,False
ZXDB,0.0010666666666666672,11756,0,False,False,False,False,False,False
ABCD4,0.0010666666666666672,11756,0,False,False,False,False,False,False
GTF2F1,0.0010666666666666672,11756,0,False,False,False,False,False,False
NMT1,0.0010666666666666672,11756,0,False,False,False,False,False,False
NDUFA8,0.0010666666666666672,11756,0,False,False,False,False,False,False
PIP5K1C,0.0010666666666666672,11756,0,False,False,False,False,False,False
ANKS6,0.0010666666666666672,11756,0,False,False,False,False,False,False
AP5Z1,0.0010666666666666672,11756,0,False,False,False,False,False,False
CDK16,0.0010666666666666672,11756,0,False,False,False,False,False,False
DAG1,0.0010666666666666672,11756,0,False,False,False,False,False,False
CIZ1,0.0010666666666666672,11756,0,False,False,False,False,False,False
TTC3,0.0010666666666666672,11756,0,False,True,False,False,False,False
PPFIA1,0.0010666666666666672,11756,0,False,False,False,False,False,False
L3MBTL2,0.0010666666666666672,11756,0,False,True,False,False,False,False
ARHGEF18,0.0010666666666666672,11756,0,False,False,False,False,False,False
SP3,0.0010666666666666672,11756,0,False,False,False,False,False,False
KLHL2,0.0010666666666666672,11756,0,False,False,False,False,False,False
PPIG,0.0010666666666666672,11756,0,False,False,False,False,False,False
RBM10,0.0010666666666666672,11756,0,False,False,False,False,False,False
TMEM101,0.001066666666666667,11777,0,False,True,False,False,False,False
MIA3,0.001066666666666667,11777,0,False,False,False,False,False,False
USP22,0.001066666666666667,11777,0,False,False,False,False,False,False
ARHGEF1,0.001066666666666667,11777,0,False,False,False,False,False,False
TRAPPC11,0.001066666666666667,11777,0,False,False,False,False,False,False
EXOC8,0.001066666666666667,11777,0,False,False,False,False,False,False
FAM20B,0.0010333333333333338,11783,0,False,False,False,False,False,False
ATF7,0.0010333333333333338,11783,0,False,False,False,False,False,False
CLEC16A,0.0010333333333333338,11783,0,False,False,False,False,False,False
MROH1,0.0010333333333333338,11783,0,False,False,False,False,False,False
SF3B1,0.0010333333333333338,11783,0,False,False,False,False,False,False
SNRPD3,0.0010333333333333338,11783,0,False,False,False,False,False,False
USP24,0.0010333333333333338,11783,0,False,True,False,False,False,False
VWA8,0.0010333333333333338,11783,0,False,False,False,False,False,False
SNW1,0.0010333333333333338,11783,0,False,False,False,False,False,False
USP8,0.0010333333333333338,11783,0,False,True,False,False,False,False
SCYL2,0.0010333333333333338,11783,0,False,False,False,False,False,False
STK16,0.0010333333333333338,11783,0,False,False,False,False,False,False
RNF40,0.0010333333333333338,11783,0,False,True,False,False,False,False
TBC1D5,0.0010333333333333338,11783,0,False,False,False,False,False,False
CCDC6,0.0010333333333333338,11783,0,False,False,False,False,False,False
SP1,0.0010333333333333338,11783,0,False,False,False,False,False,False
TNPO3,0.0010333333333333338,11783,0,False,False,False,False,False,False
CGGBP1,0.0010333333333333338,11783,0,False,False,False,False,False,False
MIGA1,0.0010333333333333338,11783,0,False,False,False,False,False,False
TSNARE1,0.0010333333333333338,11783,0,False,True,False,False,False,False
NMD3,0.0010333333333333338,11783,0,False,False,False,False,False,False
CCDC25,0.0010333333333333338,11783,0,False,True,False,False,False,False
NCK1,0.0010333333333333338,11783,0,False,False,False,False,False,False
HPS4,0.0010333333333333338,11783,0,False,False,False,False,False,False
STAM2,0.0010333333333333338,11783,0,False,False,False,False,False,False
TAF8,0.0010333333333333338,11783,0,False,False,False,False,False,False
PCGF5,0.0010333333333333338,11783,0,False,True,False,False,False,False
FAM219A,0.0010333333333333336,11810,0,False,False,False,False,False,False
KMT5B,0.0010000000000000005,11811,0,False,False,False,False,False,False
GMEB2,0.0010000000000000002,11812,0,False,False,False,False,False,False
INPP4A,0.0010000000000000002,11812,0,False,False,False,False,False,False
IPO8,0.0010000000000000002,11812,0,False,False,False,False,False,False
SLC9A8,0.0010000000000000002,11812,0,False,False,False,False,False,False
FBXL4,0.0010000000000000002,11812,0,False,False,False,False,False,False
EEFSEC,0.0010000000000000002,11812,0,False,False,False,False,False,False
USP47,0.0010000000000000002,11812,0,False,True,False,False,False,False
RAB3GAP1,0.0010000000000000002,11812,0,False,False,False,False,False,False
MAP4K3,0.0010000000000000002,11812,0,False,False,False,False,False,False
PLA2G12A,0.0010000000000000002,11812,0,False,True,False,False,False,False
CHTOP,0.0010000000000000002,11812,0,False,True,False,False,False,False
HNRNPA0,0.0010000000000000002,11812,0,False,False,False,False,False,False
NUCB2,0.0010000000000000002,11812,0,False,False,False,False,False,False
UBR1,0.0009666666666666671,11825,0,False,False,False,False,False,False
OSBPL9,0.0009666666666666671,11825,0,False,False,False,False,False,False
KIN,0.000966666666666667,11827,0,False,False,False,False,False,False
ATP13A1,0.000966666666666667,11827,0,False,True,False,False,False,False
VIRMA,0.000966666666666667,11827,0,False,False,False,False,False,False
EPB41L1,0.000966666666666667,11827,0,False,False,False,False,False,False
NOL9,0.000966666666666667,11827,0,False,False,False,False,False,False
EPC2,0.000966666666666667,11827,0,False,False,False,False,False,False
MAPK8,0.000966666666666667,11827,0,False,False,False,False,False,False
PBX2,0.000966666666666667,11827,0,False,False,False,False,False,False
KLHL42,0.000966666666666667,11827,0,False,False,False,False,False,False
BAP1,0.000966666666666667,11827,0,False,False,False,False,False,False
ZFYVE27,0.000966666666666667,11827,0,False,True,False,False,False,False
CIPC,0.000966666666666667,11827,0,False,False,False,False,False,False
RELA,0.000966666666666667,11827,0,False,False,False,False,False,False
UFL1,0.000966666666666667,11827,0,False,True,False,False,False,False
RMDN1,0.000966666666666667,11827,0,False,False,False,False,False,False
TMEM259,0.000966666666666667,11827,0,False,True,False,False,False,False
ASXL1,0.0009666666666666668,11843,0,False,False,False,False,False,False
CELF1,0.0009333333333333336,11844,0,False,False,False,False,False,False
MAPK1,0.0009333333333333336,11844,0,False,False,False,False,False,False
RMC1,0.0009333333333333336,11844,0,False,False,False,False,False,False
NCOA5,0.0009333333333333336,11844,0,False,False,False,False,False,False
KRR1,0.0009333333333333336,11844,0,False,False,False,False,False,False
UBTF,0.0009333333333333336,11844,0,False,False,False,False,False,False
MRTFA,0.0009333333333333336,11844,0,False,False,False,False,False,False
MKKS,0.0009333333333333336,11844,0,False,True,False,False,False,False
FBXO38,0.0009333333333333336,11844,0,False,True,False,False,False,False
CTR9,0.0009333333333333336,11844,0,False,False,False,False,False,False
BTBD2,0.0009333333333333334,11854,0,False,False,False,False,False,False
NUP160,0.0009000000000000004,11855,0,False,False,False,False,False,False
RNF113A,0.0009000000000000004,11855,0,False,False,False,False,False,False
BRAT1,0.0009000000000000002,11857,0,False,False,False,False,False,False
ODF2,0.0009000000000000002,11857,0,False,False,False,False,False,False
USP48,0.0009000000000000002,11857,0,False,False,False,False,False,False
TMED8,0.0009000000000000002,11857,0,False,False,False,False,False,False
COG6,0.0009000000000000002,11857,0,False,False,False,False,False,False
SMAD4,0.0009000000000000002,11857,0,False,False,False,False,False,False
SNX33,0.0009000000000000002,11857,0,False,False,False,False,False,False
ING5,0.0009000000000000002,11857,0,False,False,False,False,False,False
BTRC,0.0009000000000000002,11857,0,False,True,False,False,False,False
DNAJC5,0.0009000000000000002,11857,0,False,False,False,False,False,False
UBE2V2,0.0009000000000000002,11857,0,False,False,False,False,False,False
TADA2B,0.0009000000000000002,11857,0,False,True,False,False,False,False
DNAL4,0.0009000000000000002,11857,0,False,True,False,False,False,False
GYS1,0.0009000000000000002,11857,0,False,False,False,False,False,False
ASCC1,0.0009000000000000002,11857,0,False,False,False,False,False,False
TBC1D10B,0.0009000000000000002,11857,0,False,False,False,False,False,False
DBT,0.0009000000000000002,11857,0,False,False,False,False,False,False
CARM1,0.0009000000000000002,11857,0,False,False,False,False,False,False
USP9X,0.0009000000000000002,11857,0,False,False,False,False,False,False
KDSR,0.0009000000000000002,11857,0,False,False,False,False,False,False
PJA2,0.0009000000000000002,11857,0,False,False,False,False,False,False
CDC73,0.0009000000000000002,11857,0,False,True,False,False,False,False
TMEM179B,0.0009000000000000002,11857,0,False,False,False,False,False,False
GPBP1,0.0008666666666666668,11880,0,False,True,False,False,False,False
ELP2,0.0008666666666666668,11880,0,False,False,False,False,False,False
ADNP,0.0008666666666666668,11880,0,False,False,False,False,False,False
DHX16,0.0008666666666666668,11880,0,False,False,False,False,False,False
TNKS2,0.0008666666666666668,11880,0,False,True,False,False,False,False
PRR3,0.0008666666666666668,11880,0,False,False,False,False,False,False
TBC1D9B,0.0008666666666666668,11880,0,False,False,False,False,False,False
ZMYM4,0.0008666666666666668,11880,0,False,False,False,False,False,False
ZNF496,0.0008666666666666668,11880,0,False,False,False,False,False,False
SLC4A2,0.0008666666666666668,11880,0,False,False,False,False,False,False
BRF1,0.0008666666666666668,11880,0,False,True,False,False,False,False
RAF1,0.0008666666666666668,11880,0,False,True,False,False,False,False
HP1BP3,0.0008666666666666668,11880,0,False,False,False,False,False,False
DYNC1LI2,0.0008666666666666667,11893,0,False,False,False,False,False,False
TMEM63A,0.0008666666666666667,11893,0,False,False,False,False,False,False
COQ4,0.0008333333333333337,11895,0,False,False,False,False,False,False
PPP4R3B,0.0008333333333333337,11895,0,False,False,False,False,False,False
CRKL,0.0008333333333333337,11895,0,False,False,False,False,False,False
TRMT2A,0.0008333333333333335,11898,0,False,False,False,False,False,False
LANCL1,0.0008333333333333335,11898,0,False,True,False,False,False,False
EXT1,0.0008333333333333335,11898,0,False,False,False,False,False,False
DNAJC3,0.0008333333333333335,11898,0,False,False,False,False,False,False
APPBP2,0.0008333333333333335,11898,0,False,True,False,False,False,False
MOCS2,0.0008333333333333335,11898,0,False,False,False,False,False,False
SLC4A1AP,0.0008333333333333335,11898,0,False,False,False,False,False,False
POLR3F,0.0008333333333333335,11898,0,False,False,False,False,False,False
CSNK1A1,0.0008333333333333335,11898,0,False,False,False,False,False,False
HNRNPU,0.0008333333333333335,11898,0,False,False,False,False,False,False
PUM2,0.0008333333333333335,11898,0,False,True,False,False,False,False
MCM3AP,0.0008333333333333335,11898,0,False,False,False,False,False,False
WAC,0.0008333333333333335,11898,0,False,False,False,False,False,False
XPO7,0.0008333333333333335,11898,0,False,True,False,False,False,False
RBM7,0.0008333333333333335,11898,0,False,False,False,False,False,False
INPPL1,0.0008333333333333335,11898,0,False,False,False,False,False,False
RFC1,0.0008000000000000003,11914,0,False,False,False,False,False,False
COA5,0.0008000000000000003,11914,0,False,False,False,False,False,False
AREL1,0.0008000000000000003,11914,0,False,True,False,False,False,False
SUFU,0.0008000000000000003,11914,0,False,False,False,False,False,False
BRD3OS,0.0008000000000000003,11914,0,False,True,False,False,False,False
DYNLT3,0.0008000000000000003,11914,0,False,False,False,False,False,False
MARCHF6,0.0008000000000000003,11914,0,False,False,False,False,False,False
LARP4B,0.0008000000000000003,11914,0,False,True,False,False,False,False
EYA3,0.0008000000000000003,11914,0,False,True,False,False,False,False
NCKAP1,0.0008000000000000003,11914,0,False,True,False,False,False,False
CSNK1G3,0.0008000000000000003,11914,0,False,False,False,False,False,False
ITCH,0.0008000000000000003,11914,0,False,True,False,False,False,False
PRPF38B,0.0008000000000000003,11914,0,False,False,False,False,False,False
MAP2K4,0.0008000000000000003,11914,0,False,False,False,False,False,False
PIK3R4,0.0008000000000000003,11914,0,False,True,False,False,False,False
KIAA1143,0.0008000000000000001,11929,0,False,True,False,False,False,False
TEX261,0.0008000000000000001,11929,0,False,False,False,False,False,False
TMEM218,0.0008000000000000001,11929,0,False,False,False,False,False,False
CSTF2T,0.0008000000000000001,11929,0,False,False,False,False,False,False
MTHFSD,0.0008000000000000001,11929,0,False,False,False,False,False,False
LONP2,0.0008000000000000001,11929,0,False,False,False,False,False,False
STX17,0.0008000000000000001,11929,0,False,False,False,False,False,False
SNX27,0.0008000000000000001,11929,0,False,False,False,False,False,False
SIRT1,0.0008000000000000001,11929,0,False,False,False,False,False,False
ZNF777,0.0008,11938,0,False,False,False,False,False,False
ZBTB7A,0.0007999999999999999,11939,0,False,False,False,False,False,False
DHX36,0.000766666666666667,11940,0,False,False,False,False,False,False
ACAD10,0.000766666666666667,11940,0,False,False,False,False,False,False
PDS5B,0.000766666666666667,11940,0,False,True,False,False,False,False
CAST,0.000766666666666667,11940,0,False,False,False,False,False,False
COX19,0.0007666666666666669,11944,0,False,False,False,False,False,False
KRI1,0.0007666666666666669,11944,0,False,True,False,False,False,False
GSPT1,0.0007666666666666669,11944,0,False,False,False,False,False,False
THUMPD1,0.0007666666666666669,11944,0,False,False,False,False,False,False
TESK1,0.0007666666666666669,11944,0,False,False,False,False,False,False
USP32,0.0007666666666666669,11944,0,False,False,False,False,False,False
PWWP3A,0.0007666666666666669,11944,0,False,False,False,False,False,False
TUBGCP3,0.0007666666666666669,11944,0,False,False,False,False,False,False
TOP2B,0.0007666666666666669,11944,0,False,True,False,False,False,False
MOGS,0.0007666666666666668,11953,0,False,True,False,False,False,False
FAM234A,0.0007666666666666668,11953,0,False,True,False,False,False,False
DPP8,0.0007666666666666668,11953,0,False,False,False,False,False,False
MTMR2,0.0007666666666666668,11953,0,False,False,False,False,False,False
TMEM131,0.0007666666666666668,11953,0,False,False,False,False,False,False
DCAF6,0.0007333333333333336,11958,0,False,False,False,False,False,False
PRR14,0.0007333333333333336,11958,0,False,False,False,False,False,False
PPP2R2D,0.0007333333333333336,11958,0,False,True,False,False,False,False
ZNF641,0.0007333333333333336,11958,0,False,False,False,False,False,False
E4F1,0.0007333333333333336,11958,0,False,True,False,False,False,False
ZBED5,0.0007333333333333336,11958,0,False,False,False,False,False,False
WBP11,0.0007333333333333336,11958,0,False,False,False,False,False,False
PARP6,0.0007333333333333336,11958,0,False,False,False,False,False,False
GATAD2A,0.0007333333333333336,11958,0,False,False,False,False,False,False
EIF2AK3,0.0007333333333333336,11958,0,False,True,False,False,False,False
ZNF791,0.0007333333333333336,11958,0,False,True,False,False,False,False
FAM149B1,0.0007333333333333336,11958,0,False,False,False,False,False,False
STRN,0.0007333333333333336,11958,0,False,False,False,False,False,False
LONP1,0.0007333333333333336,11958,0,False,True,False,False,False,False
ARHGEF7,0.0007333333333333336,11958,0,False,False,False,False,False,False
KLHL36,0.0007333333333333336,11958,0,False,True,False,False,False,False
SEC63,0.0007333333333333336,11958,0,False,False,False,False,False,False
ABR,0.0007333333333333336,11958,0,False,False,False,False,False,False
ACLY,0.0007333333333333336,11958,0,False,False,False,False,False,False
KLHDC4,0.0007333333333333334,11977,0,False,False,False,False,False,False
SCYL3,0.0007333333333333334,11977,0,False,False,False,False,False,False
C18ORF25,0.0007333333333333334,11977,0,False,False,False,False,False,False
PPP6R3,0.0007000000000000002,11980,0,False,False,False,False,False,False
XRCC1,0.0007000000000000002,11980,0,False,False,False,False,False,False
KMT5A,0.0007000000000000002,11980,0,False,False,False,False,False,False
WWP1,0.0007000000000000002,11980,0,False,True,False,False,False,False
BRAP,0.0007000000000000002,11980,0,False,True,False,False,False,False
AARS2,0.0007000000000000002,11980,0,False,False,False,False,False,False
CYP20A1,0.0007000000000000002,11980,0,False,True,False,False,False,False
ZNF274,0.0007000000000000002,11980,0,False,False,False,False,False,False
BTN2A1,0.0007000000000000002,11980,0,False,False,False,False,False,False
LSG1,0.0007000000000000002,11980,0,False,False,False,False,False,False
NEDD1,0.0007000000000000001,11990,0,False,False,False,False,False,False
DIS3L,0.0007000000000000001,11990,0,False,False,False,False,False,False
PIGG,0.0007000000000000001,11990,0,False,False,False,False,False,False
NOL8,0.0007,11993,0,False,False,False,False,False,False
RALBP1,0.0006666666666666669,11994,0,False,False,False,False,False,False
ESCO1,0.0006666666666666668,11995,0,False,False,False,False,False,False
STAT2,0.0006666666666666668,11995,0,False,False,False,False,False,False
TGS1,0.0006666666666666668,11995,0,False,False,False,False,False,False
TRIM44,0.0006666666666666668,11995,0,False,True,False,False,False,False
GMEB1,0.0006666666666666668,11995,0,False,False,False,False,False,False
ZC3H7A,0.0006666666666666668,11995,0,False,False,False,False,False,False
TTC37,0.0006666666666666668,11995,0,False,False,False,False,False,False
WASL,0.0006666666666666668,11995,0,False,False,False,False,False,False
KIFAP3,0.0006666666666666668,11995,0,False,False,False,False,False,False
SUPT5H,0.0006666666666666668,11995,0,False,False,False,False,False,False
SNX19,0.0006666666666666668,11995,0,False,False,False,False,False,False
RNF111,0.0006666666666666668,11995,0,False,False,False,False,False,False
SOS2,0.0006666666666666668,11995,0,False,False,False,False,False,False
URGCP,0.0006666666666666668,11995,0,False,False,False,False,False,False
FZR1,0.0006666666666666668,11995,0,False,True,False,False,False,False
PRPF40A,0.0006666666666666668,11995,0,False,False,False,False,False,False
C17ORF75,0.0006666666666666668,11995,0,False,True,False,False,False,False
MBTPS1,0.0006666666666666668,11995,0,False,True,False,False,False,False
CBLL1,0.0006666666666666668,11995,0,False,False,False,False,False,False
VPS26B,0.0006666666666666666,12014,0,False,False,False,False,False,False
ASB1,0.0006333333333333335,12015,0,False,True,False,False,False,False
MED23,0.0006333333333333334,12016,0,False,False,False,False,False,False
SS18,0.0006333333333333334,12016,0,False,True,False,False,False,False
TMEM192,0.0006333333333333334,12016,0,False,False,False,False,False,False
ANKFY1,0.0006333333333333334,12016,0,False,False,False,False,False,False
RAB3GAP2,0.0006333333333333334,12016,0,False,False,False,False,False,False
STIM1,0.0006333333333333334,12016,0,False,False,False,False,False,False
SEC24C,0.0006333333333333334,12016,0,False,False,False,False,False,False
AFTPH,0.0006333333333333334,12016,0,False,False,False,False,False,False
CSNK1G2,0.0006333333333333334,12016,0,False,False,False,False,False,False
NAA30,0.0006333333333333333,12025,0,False,False,False,False,False,False
PITRM1,0.0006333333333333333,12025,0,False,True,False,False,False,False
ARHGAP27,0.0006333333333333333,12025,0,False,False,False,False,False,False
RABEP2,0.0006333333333333333,12025,0,False,False,False,False,False,False
ALS2,0.0006000000000000002,12029,0,False,False,False,False,False,False
DCP1A,0.0006000000000000002,12029,0,False,True,False,False,False,False
LDB1,0.0006000000000000002,12029,0,False,False,False,False,False,False
TFCP2,0.0006000000000000001,12032,0,False,False,False,False,False,False
RALGAPB,0.0006000000000000001,12032,0,False,True,False,False,False,False
DCAF5,0.0006000000000000001,12032,0,False,True,False,False,False,False
MLLT10,0.0006000000000000001,12032,0,False,False,False,False,False,False
USP25,0.0006000000000000001,12032,0,False,False,False,False,False,False
PDPK1,0.0006000000000000001,12032,0,False,False,False,False,False,False
EXOC1,0.0006000000000000001,12032,0,False,False,False,False,False,False
CSNK1G1,0.0006000000000000001,12032,0,False,True,False,False,False,False
SEC24B,0.0006000000000000001,12032,0,False,True,False,False,False,False
REPS1,0.0006000000000000001,12032,0,False,False,False,False,False,False
METTL14,0.0006000000000000001,12032,0,False,False,False,False,False,False
LARP7,0.0006000000000000001,12032,0,False,True,False,False,False,False
MARCHF8,0.0006000000000000001,12032,0,False,True,False,False,False,False
FNDC3A,0.0006000000000000001,12032,0,False,False,False,False,False,False
VPS41,0.0006000000000000001,12032,0,False,False,False,False,False,False
KDM1B,0.0006000000000000001,12032,0,False,False,False,False,False,False
SLC35A5,0.0006000000000000001,12032,0,False,False,False,False,False,False
CNOT10,0.0006000000000000001,12032,0,False,False,False,False,False,False
RABEP1,0.0006000000000000001,12032,0,False,False,False,False,False,False
BRD1,0.0006000000000000001,12032,0,False,False,False,False,False,False
PHF20,0.0006000000000000001,12032,0,False,False,False,False,False,False
RSBN1L,0.0006000000000000001,12032,0,False,False,False,False,False,False
STRIP1,0.0006000000000000001,12032,0,False,False,False,False,False,False
NAA60,0.0006,12055,0,False,True,False,False,False,False
CCNT1,0.0006,12055,0,False,False,False,False,False,False
PPP4R2,0.0005666666666666668,12057,0,False,False,False,False,False,False
USP7,0.0005666666666666668,12057,0,False,False,False,False,False,False
DPH5,0.0005666666666666667,12059,0,False,False,False,False,False,False
ATXN7L3B,0.0005666666666666667,12059,0,False,False,False,False,False,False
TLE3,0.0005666666666666667,12059,0,False,False,False,False,False,False
SEL1L,0.0005666666666666667,12059,0,False,False,False,False,False,False
TRAPPC9,0.0005666666666666667,12059,0,False,False,False,False,False,False
IPP,0.0005666666666666667,12059,0,False,False,False,False,False,False
POMT2,0.0005666666666666667,12059,0,False,False,False,False,False,False
ZFYVE1,0.0005666666666666667,12059,0,False,True,False,False,False,False
TRAPPC8,0.0005666666666666667,12059,0,False,False,False,False,False,False
VEZF1,0.0005666666666666667,12059,0,False,False,False,False,False,False
CNNM3,0.0005666666666666667,12059,0,False,False,False,False,False,False
TUBGCP5,0.0005666666666666667,12059,0,False,True,False,False,False,False
CDK19,0.0005666666666666667,12059,0,False,True,False,False,False,False
ARFGEF2,0.0005666666666666666,12072,0,False,False,False,False,False,False
CNOT7,0.0005333333333333335,12073,0,False,False,False,False,False,False
SLU7,0.0005333333333333335,12073,0,False,False,False,False,False,False
FLYWCH1,0.0005333333333333334,12075,0,False,True,False,False,False,False
TRIM41,0.0005333333333333334,12075,0,False,False,False,False,False,False
TTF1,0.0005333333333333334,12075,0,False,False,False,False,False,False
HMG20A,0.0005333333333333334,12075,0,False,False,False,False,False,False
ZNF740,0.0005333333333333334,12075,0,False,False,False,False,False,False
SNX29,0.0005333333333333334,12075,0,False,False,False,False,False,False
PUM1,0.0005333333333333334,12075,0,False,False,False,False,False,False
CRNKL1,0.0005333333333333334,12075,0,False,False,False,False,False,False
ARPIN,0.0005333333333333334,12075,0,False,False,False,False,False,False
CABIN1,0.0005333333333333334,12075,0,False,False,False,False,False,False
KAT8,0.0005333333333333334,12075,0,False,True,False,False,False,False
TMTC3,0.0005333333333333334,12075,0,False,False,False,False,False,False
GIGYF2,0.0005333333333333334,12075,0,False,True,False,False,False,False
TMEM184C,0.0005333333333333334,12075,0,False,False,False,False,False,False
G3BP1,0.0005333333333333334,12075,0,False,False,False,False,False,False
VGLL4,0.0005333333333333334,12075,0,False,False,False,False,False,False
RB1,0.0005333333333333334,12075,0,False,True,False,False,False,False
RABL6,0.0005333333333333334,12075,0,False,False,False,False,False,False
FAM98B,0.0005333333333333333,12093,0,False,True,False,False,False,False
CFAP97,0.0005000000000000001,12094,0,False,False,False,False,False,False
BTBD7,0.0005000000000000001,12094,0,False,False,False,False,False,False
HERPUD2,0.0005,12096,0,False,False,False,False,False,False
HMGXB3,0.0005,12096,0,False,True,False,False,False,False
ZNF202,0.0005,12096,0,False,False,False,False,False,False
CCDC130,0.0005,12096,0,False,False,False,False,False,False
WDR44,0.0005,12096,0,False,False,False,False,False,False
NBAS,0.0005,12096,0,False,True,False,False,False,False
ABCF3,0.0005,12096,0,False,True,False,False,False,False
PPP2R5E,0.0004666666666666667,12103,0,False,False,False,False,False,False
IREB2,0.0004666666666666667,12103,0,False,False,False,False,False,False
FUT11,0.0004666666666666666,12105,0,False,False,False,False,False,False
CILK1,0.0004666666666666666,12105,0,False,False,False,False,False,False
CNOT6,0.0004666666666666666,12105,0,False,True,False,False,False,False
ESRP2,0.0004666666666666666,12105,0,False,False,False,False,False,False
AP1G1,0.0004666666666666666,12105,0,False,False,False,False,False,False
FAM160A2,0.0004666666666666666,12105,0,False,False,False,False,False,False
DIS3,0.0004666666666666666,12105,0,False,False,False,False,False,False
TAZ,0.0004666666666666666,12105,0,False,False,False,False,False,False
TADA2A,0.0004666666666666666,12105,0,False,False,False,False,False,False
TRIM39,0.0004666666666666666,12105,0,False,False,False,False,False,False
MAP2K7,0.0004666666666666666,12105,0,False,False,False,False,False,False
SCARB2,0.0004666666666666666,12105,0,False,False,False,False,False,False
INTS11,0.0004666666666666666,12105,0,False,False,False,False,False,False
PML,0.0004666666666666666,12105,0,False,False,False,False,False,False
GDI1,0.0004666666666666666,12105,0,False,False,False,False,False,False
ZNF512,0.0004666666666666666,12105,0,False,False,False,False,False,False
CYHR1,0.00043333333333333337,12121,0,False,False,False,False,False,False
RNMT,0.00043333333333333326,12122,0,False,False,False,False,False,False
RNF216,0.00043333333333333326,12122,0,False,False,False,False,False,False
NBR1,0.00043333333333333326,12122,0,False,True,False,False,False,False
AXIN1,0.00043333333333333326,12122,0,False,False,False,False,False,False
AMMECR1L,0.00043333333333333326,12122,0,False,True,False,False,False,False
KLHL18,0.00043333333333333326,12122,0,False,True,False,False,False,False
PARG,0.00043333333333333326,12122,0,False,True,False,False,False,False
PPP4R3A,0.00043333333333333326,12122,0,False,False,False,False,False,False
PAF1,0.00043333333333333326,12122,0,False,False,False,False,False,False
LEMD2,0.00043333333333333326,12122,0,False,True,False,False,False,False
LZIC,0.00043333333333333326,12122,0,False,False,False,False,False,False
TULP3,0.00043333333333333326,12122,0,False,False,False,False,False,False
WAPL,0.00043333333333333326,12122,0,False,True,False,False,False,False
SLC38A10,0.00043333333333333326,12122,0,False,False,False,False,False,False
PMS1,0.00043333333333333326,12122,0,False,True,False,False,False,False
PTPRA,0.00043333333333333326,12122,0,False,False,False,False,False,False
TMX3,0.00043333333333333326,12122,0,False,False,False,False,False,False
NEK4,0.00043333333333333326,12122,0,False,False,False,False,False,False
AQR,0.00039999999999999996,12140,0,False,False,False,False,False,False
WDR48,0.00039999999999999996,12140,0,False,True,False,False,False,False
CAMKK2,0.00039999999999999996,12140,0,False,False,False,False,False,False
TFIP11,0.00039999999999999996,12140,0,False,False,False,False,False,False
PLEKHM1,0.00039999999999999996,12140,0,False,False,False,False,False,False
AGPAT3,0.00039999999999999996,12140,0,False,False,False,False,False,False
EXOC7,0.00039999999999999996,12140,0,False,False,False,False,False,False
PTCD3,0.00039999999999999996,12140,0,False,False,False,False,False,False
VPS54,0.00039999999999999996,12140,0,False,True,False,False,False,False
GNL1,0.00039999999999999996,12140,0,False,False,False,False,False,False
TMEM184B,0.00039999999999999996,12140,0,False,False,False,False,False,False
PPP1R21,0.00039999999999999996,12140,0,False,False,False,False,False,False
PHAX,0.0003666666666666666,12152,0,False,False,False,False,False,False
FAM120B,0.0003666666666666666,12152,0,False,False,False,False,False,False
RAD17,0.0003666666666666666,12152,0,False,True,False,False,False,False
PHF10,0.0003666666666666666,12152,0,False,False,False,False,False,False
UBXN2A,0.0003666666666666666,12152,0,False,False,False,False,False,False
SP140L,0.0003666666666666666,12152,0,False,False,False,False,False,False
SPIN1,0.0003666666666666666,12152,0,False,True,False,False,False,False
C2CD2,0.0003666666666666666,12152,0,False,False,False,False,False,False
PRKAR2A,0.0003666666666666666,12152,0,False,False,False,False,False,False
TTC31,0.0003666666666666666,12152,0,False,False,False,False,False,False
RNF214,0.0003333333333333333,12162,0,False,False,False,False,False,False
ZNHIT6,0.0003333333333333333,12162,0,False,False,False,False,False,False
CES2,0.0003333333333333333,12162,0,False,False,False,False,False,False
SIRT3,0.0003333333333333333,12162,0,False,False,False,False,False,False
XAB2,0.0003333333333333333,12162,0,False,False,False,False,False,False
GOPC,0.0003333333333333333,12162,0,False,False,False,False,False,False
OPA1,0.0003333333333333333,12162,0,False,False,False,False,False,False
RPS6KB1,0.0003333333333333333,12162,0,False,True,False,False,False,False
STK25,0.0003333333333333333,12162,0,False,False,False,False,False,False
TOPORS,0.0003333333333333333,12162,0,False,False,False,False,False,False
ZNF362,0.00030000000000000003,12172,0,False,False,False,False,False,False
ANGEL2,0.0003,12173,0,False,True,False,False,False,False
RNASEH1,0.0003,12173,0,False,False,False,False,False,False
UNC45A,0.0003,12173,0,False,False,False,False,False,False
USP33,0.0003,12173,0,False,True,False,False,False,False
CLPX,0.0003,12173,0,False,False,False,False,False,False
GOSR1,0.0003,12173,0,False,False,False,False,False,False
STK38,0.0003,12173,0,False,False,False,False,False,False
EXD2,0.0003,12173,0,False,False,False,False,False,False
HLCS,0.0003,12173,0,False,False,False,False,False,False
DHX15,0.0003,12173,0,False,False,False,False,False,False
RCBTB1,0.0003,12173,0,False,False,False,False,False,False
CUL3,0.0003,12173,0,False,True,False,False,False,False
TEX10,0.0003,12173,0,False,False,False,False,False,False
TLK2,0.0002666666666666667,12186,0,False,False,False,False,False,False
EIF2AK2,0.0002666666666666667,12186,0,False,False,False,False,False,False
DCAF10,0.0002666666666666667,12186,0,False,False,False,False,False,False
WDR26,0.0002666666666666667,12186,0,False,False,False,False,False,False
RHOT2,0.0002666666666666667,12186,0,False,False,False,False,False,False
SYNCRIP,0.0002666666666666667,12186,0,False,False,False,False,False,False
FXR1,0.00023333333333333336,12192,0,False,False,False,False,False,False
TRIM24,0.00023333333333333336,12192,0,False,True,False,False,False,False
JADE3,0.00023333333333333336,12192,0,False,False,False,False,False,False
PKN2,0.00023333333333333336,12192,0,False,True,False,False,False,False
ARMCX3,0.00023333333333333336,12192,0,False,False,False,False,False,False
RABGAP1,0.00023333333333333336,12192,0,False,False,False,False,False,False
BRD8,0.00023333333333333336,12192,0,False,False,False,False,False,False
KLHDC10,0.00023333333333333336,12192,0,False,True,False,False,False,False
DENND2B,0.00023333333333333336,12192,0,False,False,False,False,False,False
RUFY1,0.00023333333333333336,12192,0,False,False,False,False,False,False
MTMR12,0.00023333333333333336,12192,0,False,True,False,False,False,False
PAPOLA,0.0002333333333333333,12203,0,False,False,False,False,False,False
TERF2,0.0002,12204,0,False,True,False,False,False,False
MFN1,0.0002,12204,0,False,True,False,False,False,False
PSD4,0.0002,12204,0,False,False,False,False,False,False
YIPF6,0.0002,12204,0,False,False,False,False,False,False
ZCCHC8,0.0002,12204,0,False,False,False,False,False,False
PRPF38A,0.0001666666666666667,12209,0,False,False,False,False,False,False
HNRNPR,0.0001666666666666667,12209,0,False,False,False,False,False,False
TBCD,0.0001666666666666667,12209,0,False,False,False,False,False,False
STAG2,0.00013333333333333334,12212,0,False,False,False,False,False,False
CDC27,0.00013333333333333334,12212,0,False,False,False,False,False,False
NAA35,0.00013333333333333334,12212,0,False,False,False,False,False,False
BAG5,0.00013333333333333334,12212,0,False,True,False,False,False,False
FBXO46,9.999999999999999e-05,12216,0,False,False,False,False,False,False
ZFP91,9.999999999999999e-05,12216,0,False,True,False,False,False,False
AGO1,9.999999999999999e-05,12216,0,False,False,False,False,False,False
SMARCAD1,9.999999999999999e-05,12216,0,False,False,False,False,False,False
MACO1,9.999999999999999e-05,12216,0,False,False,False,False,False,False
GTF2A1,6.666666666666667e-05,12221,0,False,False,False,False,False,False
RPRD1B,6.666666666666667e-05,12221,0,False,False,False,False,False,False
